seed,phase_index,phase,failed,center,radius,sine,pilot_sine,gradient_norm,linear_mass,linear_rank,linear_condition,linear_support,function_mass,n_eff,manifold_mass,manifold_neighbors,slope_min_singular,slope_rank_zero,h,alpha,linear_relative_residual_max
0,0,init,False,0,2.013105417584776,0.0879382864257262,0.10690290741397018,1.2082318982774403,45.25131891809136,4,1.1798474781985144,79,nan,nan,2.777991978085399,3,nan,0,nan,nan,nan
0,0,init,False,1,1.8393261347459855,0.13684135871705055,0.24144588765146913,1.02054557365162,31.940513081492973,4,1.3217857462609153,65,nan,nan,1.7467855830685557,3,nan,0,nan,nan,nan
0,0,init,False,2,0.8324216477026292,0.3052542160261466,0.08631309360335346,0.42633961418034694,95.70652241506949,4,1.2926125639595911,144,nan,nan,2.9122672770913107,3,nan,0,nan,nan,nan
0,0,init,False,3,1.7671365625020585,0.033688523664663884,0.05278562666083619,0.9275987289059564,57.55429743684587,4,1.4961967445043285,104,nan,nan,2.03672907729928,3,nan,0,nan,nan,nan
0,0,init,False,4,0.189190438782976,0.9173781862069738,0.4148584432933423,0.28438677205814034,86.61455688672773,4,1.2253467761845325,137,nan,nan,2.747628899910756,3,nan,0,nan,nan,nan
0,0,init,False,5,0.9624957231516963,0.5032949103037759,0.19381408199477074,0.6436556018911967,100.66230206714853,4,1.401847941884606,152,nan,nan,2.9087281598389616,3,nan,0,nan,nan,nan
0,0,init,False,6,1.878120422772648,0.050243650372241495,0.10841157534649223,1.170076458679142,56.30447193552446,4,1.227336443590866,96,nan,nan,2.9569600401244847,3,nan,0,nan,nan,nan
0,0,init,False,7,1.1659714895589495,0.38819378584200026,0.10507697372295698,0.7127793246699999,51.99423262134718,4,1.5285894745866542,87,nan,nan,2.7633865927423384,3,nan,0,nan,nan,nan
0,0,init,False,8,1.66032737134484,0.3616771357720273,0.0894926862598072,0.9389377553989154,11.819416878870557,4,2.026586931196822,26,nan,nan,1.1330600765125198,2,nan,0,nan,nan,nan
0,0,init,False,9,1.6461682316146562,0.67540264721532,0.2545545490373319,0.9738572244989234,37.543552928539356,4,1.4412322784247225,65,nan,nan,2.408481234326115,3,nan,0,nan,nan,nan
0,0,init,False,10,2.4714404049555068,0.16768494336027534,0.16768494336027534,1.7253275857301344,10.15448500645655,4,2.4079244265377597,20,nan,nan,1.0,1,nan,0,nan,nan,nan
0,0,init,False,11,0.8931465161478112,0.9998146458976244,0.307911046750844,0.5910489049098231,43.392081459615156,4,1.5331905489234308,83,nan,nan,2.462634550391558,3,nan,0,nan,nan,nan
0,0,init,False,12,0.8277010638072685,0.9613237600860103,0.167711763160992,0.49240734645412415,99.60092708268655,4,1.1788566064618986,158,nan,nan,2.678181110801557,3,nan,0,nan,nan,nan
0,0,init,False,13,1.6770024361296911,0.2657487694401267,0.06651795239039174,1.1040497441218842,47.8807759883679,4,1.3488019381897085,87,nan,nan,2.8315816027113736,3,nan,0,nan,nan,nan
0,0,init,False,14,2.1318195481244704,0.38212791452678513,0.055964765880067734,1.2278878951404717,43.409210194733,4,1.4174425444032683,70,nan,nan,2.9095333312493166,3,nan,0,nan,nan,nan
0,0,init,False,15,0.8702271550814301,0.2809977541517103,0.13161740889607412,0.5504888608426778,96.04184728257837,4,1.263563869945345,147,nan,nan,2.9108021594038442,3,nan,0,nan,nan,nan
0,0,init,False,16,0.7714455089923629,0.4970433688138851,0.39883476748606717,0.5196999475222689,72.69219066972167,4,1.3384043689817446,117,nan,nan,2.9023370079603366,3,nan,0,nan,nan,nan
0,0,init,False,17,0.2875326920240055,0.576473010454557,0.2423152776556495,0.2732558112361853,76.68372379940722,4,1.2368547980033078,133,nan,nan,2.5270842179194606,3,nan,0,nan,nan,nan
0,0,init,False,18,1.2405084321280169,0.37494740365869283,0.37494740365869283,0.743132142336476,6.5091475001375025,4,2.7889278686408487,15,nan,nan,1.0,1,nan,0,nan,nan,nan
0,0,init,False,19,1.7323699323297677,0.12823819820797958,0.12211184342088977,1.043615193750532,68.81193320483357,4,1.28081094247929,111,nan,nan,2.9798009556800134,3,nan,0,nan,nan,nan
0,0,init,False,20,1.2578374095484226,0.1396281854874219,0.1772736606774362,0.833311457521915,76.88178852690064,4,1.4994073035874473,123,nan,nan,2.9254825607351154,3,nan,0,nan,nan,nan
0,0,init,False,21,1.1944097178215622,0.25680428160979324,0.08456492099423943,0.6624887745711098,97.01859239689279,4,1.3516191907056236,147,nan,nan,2.92151388751899,3,nan,0,nan,nan,nan
0,0,init,False,22,1.2865519208297453,0.1726768200892444,0.13373718552482963,0.8923724374919266,57.60596565566867,4,1.1434171490671163,94,nan,nan,2.922017310930408,3,nan,0,nan,nan,nan
0,0,init,False,23,1.5882846153801122,0.15357049070311693,0.1373802910210718,0.973890297775329,67.926146062343,4,1.1695569105909993,108,nan,nan,2.986273677575226,3,nan,0,nan,nan,nan
0,1,step,False,0,2.013105417584776,0.09497613968841248,0.10690290741397018,1.2082318982774403,45.25131891809136,4,1.1798474781985144,79,17.4546104486637,23.961986672685068,2.777991978085399,3,0.22512062172097225,0,1.6633575396573566,1.0,2.873360615441126e-15
0,1,step,False,1,1.8393261347459855,0.14851699248092462,0.24144588765146913,1.02054557365162,31.940513081492973,4,1.3217857462609153,65,7.579997456447989,11.752720477847017,1.7467855830685557,3,0.4061306769663613,0,1.6633575396573566,1.0,2.873360615441126e-15
0,1,step,False,2,0.8324216477026292,0.4312118091706092,0.08631309360335346,0.42633961418034694,95.70652241506949,4,1.2926125639595911,144,39.04149238121993,53.52184722682377,2.9122672770913107,3,0.2884110688915199,0,1.6633575396573566,1.0,2.873360615441126e-15
0,1,step,False,3,1.7671365625020585,0.07339955037151892,0.05278562666083619,0.9275987289059564,57.55429743684587,4,1.4961967445043285,104,15.163882051344746,22.044532642816744,2.03672907729928,3,0.4051979012437625,0,1.6633575396573566,1.0,2.873360615441126e-15
0,1,step,False,4,0.189190438782976,0.9282906134280446,0.4148584432933423,0.28438677205814034,86.61455688672773,4,1.2253467761845325,137,25.554443758003906,36.20749948444799,2.747628899910756,3,0.4389483616917571,0,1.6633575396573566,1.0,2.873360615441126e-15
0,1,step,False,5,0.9624957231516963,0.5921846774106485,0.19381408199477074,0.6436556018911967,100.66230206714853,4,1.401847941884606,152,36.74984926202968,53.28940696474683,2.9087281598389616,3,0.194507669765708,0,1.6633575396573566,1.0,2.873360615441126e-15
0,1,step,False,6,1.878120422772648,0.19601955622976727,0.10841157534649223,1.170076458679142,56.30447193552446,4,1.227336443590866,96,16.30466619306752,24.419020375902583,2.9569600401244847,3,0.3487991539101091,0,1.6633575396573566,1.0,2.873360615441126e-15
0,1,step,False,7,1.1659714895589495,0.3633053543298296,0.10507697372295698,0.7127793246699999,51.99423262134718,4,1.5285894745866542,87,16.326597374167847,24.162443271568044,2.7633865927423384,3,0.22814720225203994,0,1.6633575396573566,1.0,2.873360615441126e-15
0,1,step,False,8,1.66032737134484,0.3619453146814177,0.0894926862598072,0.9389377553989154,11.819416878870557,4,2.026586931196822,26,6.000000000489575,8.925584573627361,1.1330600765125198,2,0.3462248604752021,0,1.6633575396573566,1.0,2.873360615441126e-15
0,1,step,False,9,1.6461682316146562,0.6778047922034464,0.2545545490373319,0.9738572244989234,37.543552928539356,4,1.4412322784247225,65,8.956131186618911,14.270276243278207,2.408481234326115,3,0.254159107856057,0,1.6633575396573566,1.0,2.873360615441126e-15
0,1,step,False,10,2.4714404049555068,0.17796116658273944,0.16768494336027534,1.7253275857301344,10.15448500645655,4,2.4079244265377597,20,6.000000000298861,8.05804491552736,1.0,1,0.8598971756538734,0,1.6633575396573566,1.0,2.873360615441126e-15
0,1,step,False,11,0.8931465161478112,0.988843950965197,0.307911046750844,0.5910489049098231,43.392081459615156,4,1.5331905489234308,83,9.28373646072881,14.054071923001677,2.462634550391558,3,0.3604550715447653,0,1.6633575396573566,1.0,2.873360615441126e-15
0,1,step,False,12,0.8277010638072685,0.9981799205110904,0.167711763160992,0.49240734645412415,99.60092708268655,4,1.1788566064618986,158,32.30047513535959,45.83697318429608,2.678181110801557,3,0.387038211805735,0,1.6633575396573566,1.0,2.873360615441126e-15
0,1,step,False,13,1.6770024361296911,0.4310415005507532,0.06651795239039174,1.1040497441218842,47.8807759883679,4,1.3488019381897085,87,11.445401823981266,18.815252933834888,2.8315816027113736,3,0.3512129701799345,0,1.6633575396573566,1.0,2.873360615441126e-15
0,1,step,False,14,2.1318195481244704,0.2609959128836958,0.055964765880067734,1.2278878951404717,43.409210194733,4,1.4174425444032683,70,15.236600952775309,20.434156746746734,2.9095333312493166,3,0.2710979159127258,0,1.6633575396573566,1.0,2.873360615441126e-15
0,1,step,False,15,0.8702271550814301,0.11374687355812234,0.13161740889607412,0.5504888608426778,96.04184728257837,4,1.263563869945345,147,43.99338190045703,58.48920776596773,2.9108021594038442,3,0.3486480406411435,0,1.6633575396573566,1.0,2.873360615441126e-15
0,1,step,False,16,0.7714455089923629,0.40171994673477296,0.39883476748606717,0.5196999475222689,72.69219066972167,4,1.3384043689817446,117,23.329803068498148,35.481925059749955,2.9023370079603366,3,0.44080020978355733,0,1.6633575396573566,1.0,2.873360615441126e-15
0,1,step,False,17,0.2875326920240055,0.2851192548417295,0.2423152776556495,0.2732558112361853,76.68372379940722,4,1.2368547980033078,133,26.466136655396323,37.70596262011128,2.5270842179194606,3,0.4174284909445753,0,1.6633575396573566,1.0,2.873360615441126e-15
0,1,step,False,18,1.2405084321280169,0.38749316703677,0.37494740365869283,0.743132142336476,6.5091475001375025,4,2.7889278686408487,15,6.000000000188077,8.234439146988501,1.0,1,0.7050425768326,0,1.6633575396573566,1.0,2.873360615441126e-15
0,1,step,False,19,1.7323699323297677,0.08833057141067079,0.12211184342088977,1.043615193750532,68.81193320483357,4,1.28081094247929,111,24.393795253637936,32.912126769974215,2.9798009556800134,3,0.34888223201637664,0,1.6633575396573566,1.0,2.873360615441126e-15
0,1,step,False,20,1.2578374095484226,0.22485120063161498,0.1772736606774362,0.833311457521915,76.88178852690064,4,1.4994073035874473,123,23.194459139978036,34.79255635761158,2.9254825607351154,3,0.1951635710989598,0,1.6633575396573566,1.0,2.873360615441126e-15
0,1,step,False,21,1.1944097178215622,0.1424225549050992,0.08456492099423943,0.6624887745711098,97.01859239689279,4,1.3516191907056236,147,37.18784215673985,49.2169066251834,2.92151388751899,3,0.24916480503797925,0,1.6633575396573566,1.0,2.873360615441126e-15
0,1,step,False,22,1.2865519208297453,0.08690186066913995,0.13373718552482963,0.8923724374919266,57.60596565566867,4,1.1434171490671163,94,18.698269447754594,25.416132723044406,2.922017310930408,3,0.39522638518495395,0,1.6633575396573566,1.0,2.873360615441126e-15
0,1,step,False,23,1.5882846153801122,0.10518145769299547,0.1373802910210718,0.973890297775329,67.926146062343,4,1.1695569105909993,108,23.620896660295074,30.167718623983,2.986273677575226,3,0.39480121880499613,0,1.6633575396573566,1.0,2.873360615441126e-15
0,2,step,False,0,2.013105417584776,0.08259202134196186,0.10690290741397018,1.2082318982774403,45.25131891809136,4,1.1798474781985144,79,14.277944204154752,19.302820196670808,2.777991978085399,3,0.1589185666955468,0,1.1761713958294884,0.6065903604030609,1.2387535944590579e-14
0,2,step,False,1,1.8393261347459855,0.17663525729036397,0.24144588765146913,1.02054557365162,31.940513081492973,4,1.3217857462609153,65,8.019922554414157,11.884746108645666,1.7467855830685557,3,0.12042222000299699,0,1.1761713958294884,0.6065903604030609,1.2387535944590579e-14
0,2,step,False,2,0.8324216477026292,0.42900210093814295,0.08631309360335346,0.42633961418034694,95.70652241506949,4,1.2926125639595911,144,39.672615372933855,53.221432159451815,2.9122672770913107,3,0.2425702194265392,0,1.1761713958294884,0.6065903604030609,1.2387535944590579e-14
0,2,step,False,3,1.7671365625020585,0.09093540834171739,0.05278562666083619,0.9275987289059564,57.55429743684587,4,1.4961967445043285,104,13.795855024139826,18.384465920963713,2.03672907729928,3,0.12751920859600704,0,1.1761713958294884,0.6065903604030609,1.2387535944590579e-14
0,2,step,False,4,0.189190438782976,0.9236074632074922,0.4148584432933423,0.28438677205814034,86.61455688672773,4,1.2253467761845325,137,29.15895152084794,40.983471957702925,2.747628899910756,3,0.19987680886020473,0,1.1761713958294884,0.6065903604030609,1.2387535944590579e-14
0,2,step,False,5,0.9624957231516963,0.5260686296226624,0.19381408199477074,0.6436556018911967,100.66230206714853,4,1.401847941884606,152,39.99038025799838,56.52748998107575,2.9087281598389616,3,0.1902774168065287,0,1.1761713958294884,0.6065903604030609,1.2387535944590579e-14
0,2,step,False,6,1.878120422772648,0.18917184344940172,0.10841157534649223,1.170076458679142,56.30447193552446,4,1.227336443590866,96,14.729800304728949,20.324536993760542,2.9569600401244847,3,0.23686704092387306,0,1.1761713958294884,0.6065903604030609,1.2387535944590579e-14
0,2,step,False,7,1.1659714895589495,0.31587053289512307,0.10507697372295698,0.7127793246699999,51.99423262134718,4,1.5285894745866542,87,17.01220711912715,24.490181460348957,2.7633865927423384,3,0.157866492164379,0,1.1761713958294884,0.6065903604030609,1.2387535944590579e-14
0,2,step,False,8,1.66032737134484,0.30409486506153915,0.0894926862598072,0.9389377553989154,11.819416878870557,4,2.026586931196822,26,6.000000000261936,9.552077095379797,1.1330600765125198,2,0.25653493573112757,0,1.1761713958294884,0.6065903604030609,1.2387535944590579e-14
0,2,step,False,9,1.6461682316146562,0.7061414364761579,0.2545545490373319,0.9738572244989234,37.543552928539356,4,1.4412322784247225,65,11.453147173390484,18.508394771573233,2.408481234326115,3,0.19923177082753474,0,1.1761713958294884,0.6065903604030609,1.2387535944590579e-14
0,2,step,False,10,2.4714404049555068,0.16799147032639417,0.16768494336027534,1.7253275857301344,10.15448500645655,4,2.4079244265377597,20,6.000000000211877,9.273742287550956,1.0,1,0.7154839738023995,0,1.1761713958294884,0.6065903604030609,1.2387535944590579e-14
0,2,step,False,11,0.8931465161478112,0.9919464400510061,0.307911046750844,0.5910489049098231,43.392081459615156,4,1.5331905489234308,83,11.222527625592335,15.703113755151309,2.462634550391558,3,0.22793323685414096,0,1.1761713958294884,0.6065903604030609,1.2387535944590579e-14
0,2,step,False,12,0.8277010638072685,0.9898367287036266,0.167711763160992,0.49240734645412415,99.60092708268655,4,1.1788566064618986,158,34.60955453933628,49.01039892057061,2.678181110801557,3,0.3068774341237938,0,1.1761713958294884,0.6065903604030609,1.2387535944590579e-14
0,2,step,False,13,1.6770024361296911,0.46357182406804176,0.06651795239039174,1.1040497441218842,47.8807759883679,4,1.3488019381897085,87,10.507300459688565,16.28268828184965,2.8315816027113736,3,0.17951860553487098,0,1.1761713958294884,0.6065903604030609,1.2387535944590579e-14
0,2,step,False,14,2.1318195481244704,0.3475234671042706,0.055964765880067734,1.2278878951404717,43.409210194733,4,1.4174425444032683,70,12.135932989955291,15.377385523015935,2.9095333312493166,3,0.2877170163642161,0,1.1761713958294884,0.6065903604030609,1.2387535944590579e-14
0,2,step,False,15,0.8702271550814301,0.1159920012800449,0.13161740889607412,0.5504888608426778,96.04184728257837,4,1.263563869945345,147,40.84620328359229,53.68013532761713,2.9108021594038442,3,0.202390110048138,0,1.1761713958294884,0.6065903604030609,1.2387535944590579e-14
0,2,step,False,16,0.7714455089923629,0.4257899897687277,0.39883476748606717,0.5196999475222689,72.69219066972167,4,1.3384043689817446,117,23.885510942905757,34.298971505803834,2.9023370079603366,3,0.19983328257579672,0,1.1761713958294884,0.6065903604030609,1.2387535944590579e-14
0,2,step,False,17,0.2875326920240055,0.18286201769687893,0.2423152776556495,0.2732558112361853,76.68372379940722,4,1.2368547980033078,133,29.863737212679233,41.86777937451423,2.5270842179194606,3,0.33616324043854523,0,1.1761713958294884,0.6065903604030609,1.2387535944590579e-14
0,2,step,False,18,1.2405084321280169,0.33540764146662616,0.37494740365869283,0.743132142336476,6.5091475001375025,4,2.7889278686408487,15,6.000000000216094,8.203973988732924,1.0,1,0.3206117784514197,0,1.1761713958294884,0.6065903604030609,1.2387535944590579e-14
0,2,step,False,19,1.7323699323297677,0.07498986666021086,0.12211184342088977,1.043615193750532,68.81193320483357,4,1.28081094247929,111,20.268904058250225,27.116737828020153,2.9798009556800134,3,0.23729858848075588,0,1.1761713958294884,0.6065903604030609,1.2387535944590579e-14
0,2,step,False,20,1.2578374095484226,0.11899659037657155,0.1772736606774362,0.833311457521915,76.88178852690064,4,1.4994073035874473,123,23.74591267375678,34.985067728932314,2.9254825607351154,3,0.1909146021433339,0,1.1761713958294884,0.6065903604030609,1.2387535944590579e-14
0,2,step,False,21,1.1944097178215622,0.24093374997660746,0.08456492099423943,0.6624887745711098,97.01859239689279,4,1.3516191907056236,147,36.51114115788192,47.91069383791447,2.92151388751899,3,0.2770838631042958,0,1.1761713958294884,0.6065903604030609,1.2387535944590579e-14
0,2,step,False,22,1.2865519208297453,0.038811537918845125,0.13373718552482963,0.8923724374919266,57.60596565566867,4,1.1434171490671163,94,19.478359291038355,26.536064117787834,2.922017310930408,3,0.27003131559693916,0,1.1761713958294884,0.6065903604030609,1.2387535944590579e-14
0,2,step,False,23,1.5882846153801122,0.05643273191767279,0.1373802910210718,0.973890297775329,67.926146062343,4,1.1695569105909993,108,21.980686235223562,28.979816427110205,2.986273677575226,3,0.2703332261160052,0,1.1761713958294884,0.6065903604030609,1.2387535944590579e-14
0,3,step,False,0,2.013105417584776,0.08072689837955746,0.10690290741397018,1.2082318982774403,45.25131891809136,4,1.1798474781985144,79,10.940368368578998,13.506055220900997,2.777991978085399,3,0.09837104672346852,0,0.8316787698286782,0.3652326762676239,1.9256233303059411e-13
0,3,step,False,1,1.8393261347459855,0.2812408193825163,0.24144588765146913,1.02054557365162,31.940513081492973,4,1.3217857462609153,65,9.427727895894009,12.914990243559732,1.7467855830685557,3,0.11054082523477497,0,0.8316787698286782,0.3652326762676239,1.9256233303059411e-13
0,3,step,False,2,0.8324216477026292,0.387077252986779,0.08631309360335346,0.42633961418034694,95.70652241506949,4,1.2926125639595911,144,40.91419295297402,54.27585019341852,2.9122672770913107,3,0.07912508001480568,0,0.8316787698286782,0.3652326762676239,1.9256233303059411e-13
0,3,step,False,3,1.7671365625020585,0.15237803477833156,0.05278562666083619,0.9275987289059564,57.55429743684587,4,1.4961967445043285,104,13.199870480813876,16.610994083664934,2.03672907729928,3,0.10951818978804805,0,0.8316787698286782,0.3652326762676239,1.9256233303059411e-13
0,3,step,False,4,0.189190438782976,0.9312903185935503,0.4148584432933423,0.28438677205814034,86.61455688672773,4,1.2253467761845325,137,33.25863020522036,48.036818198135876,2.747628899910756,3,0.13264100708844523,0,0.8316787698286782,0.3652326762676239,1.9256233303059411e-13
0,3,step,False,5,0.9624957231516963,0.4907258004120861,0.19381408199477074,0.6436556018911967,100.66230206714853,4,1.401847941884606,152,43.61821852255543,58.50266069376145,2.9087281598389616,3,0.10889793731885111,0,0.8316787698286782,0.3652326762676239,1.9256233303059411e-13
0,3,step,False,6,1.878120422772648,0.15877793724693356,0.10841157534649223,1.170076458679142,56.30447193552446,4,1.227336443590866,96,14.046205338858773,18.606239581417725,2.9569600401244847,3,0.1295456991044242,0,0.8316787698286782,0.3652326762676239,1.9256233303059411e-13
0,3,step,False,7,1.1659714895589495,0.2526063763940987,0.10507697372295698,0.7127793246699999,51.99423262134718,4,1.5285894745866542,87,17.796446811030602,26.07288023193029,2.7633865927423384,3,0.12612584484114517,0,0.8316787698286782,0.3652326762676239,1.9256233303059411e-13
0,3,step,False,8,1.66032737134484,0.2248759125410112,0.0894926862598072,0.9389377553989154,11.819416878870557,4,2.026586931196822,26,6.000000000361882,8.881136303945793,1.1330600765125198,2,0.11928680553574812,0,0.8316787698286782,0.3652326762676239,1.9256233303059411e-13
0,3,step,False,9,1.6461682316146562,0.6303963756829779,0.2545545490373319,0.9738572244989234,37.543552928539356,4,1.4412322784247225,65,13.202899686201814,20.491408093271737,2.408481234326115,3,0.12068452095953891,0,0.8316787698286782,0.3652326762676239,1.9256233303059411e-13
0,3,step,False,10,2.4714404049555068,0.09546335122569498,0.16768494336027534,1.7253275857301344,10.15448500645655,4,2.4079244265377597,20,6.0000000002981,8.801765224746594,1.0,1,0.5170163416736178,0,0.8316787698286782,0.3652326762676239,1.9256233303059411e-13
0,3,step,False,11,0.8931465161478112,0.9927853218713134,0.307911046750844,0.5910489049098231,43.392081459615156,4,1.5331905489234308,83,14.462622118984308,21.56611617725316,2.462634550391558,3,0.17613462212789377,0,0.8316787698286782,0.3652326762676239,1.9256233303059411e-13
0,3,step,False,12,0.8277010638072685,0.976364843749054,0.167711763160992,0.49240734645412415,99.60092708268655,4,1.1788566064618986,158,37.09320156846557,54.18094633470349,2.678181110801557,3,0.15614584054261263,0,0.8316787698286782,0.3652326762676239,1.9256233303059411e-13
0,3,step,False,13,1.6770024361296911,0.39286626993307816,0.06651795239039174,1.1040497441218842,47.8807759883679,4,1.3488019381897085,87,12.116567942802885,17.438586367769126,2.8315816027113736,3,0.14464214298727945,0,0.8316787698286782,0.3652326762676239,1.9256233303059411e-13
0,3,step,False,14,2.1318195481244704,0.42298125944108633,0.055964765880067734,1.2278878951404717,43.409210194733,4,1.4174425444032683,70,10.521734265452174,13.307923809132381,2.9095333312493166,3,0.12278705303147859,0,0.8316787698286782,0.3652326762676239,1.9256233303059411e-13
0,3,step,False,15,0.8702271550814301,0.09467015827759588,0.13161740889607412,0.5504888608426778,96.04184728257837,4,1.263563869945345,147,34.73234263589201,45.31923434522995,2.9108021594038442,3,0.1199860498686283,0,0.8316787698286782,0.3652326762676239,1.9256233303059411e-13
0,3,step,False,16,0.7714455089923629,0.4185459242678335,0.39883476748606717,0.5196999475222689,72.69219066972167,4,1.3384043689817446,117,24.47571048273512,33.83192200380731,2.9023370079603366,3,0.13287953103595374,0,0.8316787698286782,0.3652326762676239,1.9256233303059411e-13
0,3,step,False,17,0.2875326920240055,0.17080024069584177,0.2423152776556495,0.2732558112361853,76.68372379940722,4,1.2368547980033078,133,29.530301317310503,41.56629405877207,2.5270842179194606,3,0.12225378622233589,0,0.8316787698286782,0.3652326762676239,1.9256233303059411e-13
0,3,step,False,18,1.2405084321280169,0.18089576270487837,0.37494740365869283,0.743132142336476,6.5091475001375025,4,2.7889278686408487,15,6.0000000006813305,8.618154904601864,1.0,1,0.12015679907125966,0,0.8316787698286782,0.3652326762676239,1.9256233303059411e-13
0,3,step,False,19,1.7323699323297677,0.0514997002203531,0.12211184342088977,1.043615193750532,68.81193320483357,4,1.28081094247929,111,16.88629012645316,21.022811761148553,2.9798009556800134,3,0.12973566642361137,0,0.8316787698286782,0.3652326762676239,1.9256233303059411e-13
0,3,step,False,20,1.2578374095484226,0.08475323425333421,0.1772736606774362,0.833311457521915,76.88178852690064,4,1.4994073035874473,123,23.53351479124831,34.351846341280044,2.9254825607351154,3,0.11162654634332443,0,0.8316787698286782,0.3652326762676239,1.9256233303059411e-13
0,3,step,False,21,1.1944097178215622,0.25599228529717183,0.08456492099423943,0.6624887745711098,97.01859239689279,4,1.3516191907056236,147,35.543056911056894,47.339219125496776,2.92151388751899,3,0.0844601549277842,0,0.8316787698286782,0.3652326762676239,1.9256233303059411e-13
0,3,step,False,22,1.2865519208297453,0.0300658248759162,0.13373718552482963,0.8923724374919266,57.60596565566867,4,1.1434171490671163,94,17.918725733637686,24.94306466473502,2.922017310930408,3,0.13629922097073802,0,0.8316787698286782,0.3652326762676239,1.9256233303059411e-13
0,3,step,False,23,1.5882846153801122,0.02274699065727291,0.1373802910210718,0.973890297775329,67.926146062343,4,1.1695569105909993,108,18.390029749878693,22.450242267504457,2.986273677575226,3,0.13645345830380648,0,0.8316787698286782,0.3652326762676239,1.9256233303059411e-13
1,0,init,False,0,1.5749285892107503,0.18196509332011232,0.05266626956231886,1.0456497293241727,58.1255192699806,4,1.3359299744479276,100,nan,nan,2.938089376370531,3,nan,0,nan,nan,nan
1,0,init,False,1,1.2597795664531544,0.0626091955467927,0.006743372039069341,0.8630006868235384,73.4203802244768,4,1.3014780187753279,119,nan,nan,2.974958138645761,3,nan,0,nan,nan,nan
1,0,init,False,2,1.321130606706036,0.13653689796458912,0.11543906753709644,0.8806445562429156,64.21333978017283,4,1.3680608408512542,109,nan,nan,2.732694480494643,3,nan,0,nan,nan,nan
1,0,init,False,3,0.7822524636658202,0.22693869520167434,0.44164496573085077,0.5516281588328207,31.65460114810914,4,1.5401210518536577,63,nan,nan,2.624800292994724,3,nan,0,nan,nan,nan
1,0,init,False,4,0.34434947603663596,0.6628956654365477,0.2629529020266202,0.26148535687877,110.76965662245044,4,1.2506721675324675,171,nan,nan,2.723125795720472,3,nan,0,nan,nan,nan
1,0,init,False,5,1.4417495312968414,0.5046934631394284,0.11580421223612355,0.8189884660021316,58.85843969092172,4,1.443776098345645,109,nan,nan,2.630192949029967,3,nan,0,nan,nan,nan
1,0,init,False,6,1.00972397712654,0.2987113968217925,0.17363996065201645,0.5395588078365875,53.26794803322947,4,1.4548996150584552,93,nan,nan,2.8982635931994642,3,nan,0,nan,nan,nan
1,0,init,False,7,1.2185947329704703,0.15129225844964642,0.24195347621371185,0.8414793850028799,59.776321990038106,4,1.5824914426247365,102,nan,nan,2.832566426194336,3,nan,0,nan,nan,nan
1,0,init,False,8,1.0529759994370083,0.33771815717161596,0.22055200303460834,0.6576183775429378,90.63043919268989,4,1.2089503562504371,135,nan,nan,2.923419164615308,3,nan,0,nan,nan,nan
1,0,init,False,9,0.29021406196150945,0.9952595531218908,0.9670807746197337,0.1982428341906109,86.10041172850613,4,1.3027633038404485,140,nan,nan,2.799694472443446,3,nan,0,nan,nan,nan
1,0,init,False,10,1.385073693952201,0.3317660481538602,0.13215962103503467,0.789350777110115,71.91980943756451,4,1.3079830281169158,120,nan,nan,2.990649192924389,3,nan,0,nan,nan,nan
1,0,init,False,11,1.039287979344075,0.13905004676119595,0.23118558247061435,0.5870922888283767,44.593612143074274,4,1.4179461310870287,80,nan,nan,2.6782497318900447,3,nan,0,nan,nan,nan
1,0,init,False,12,1.093621695593289,0.1907965790458442,0.13041988552657197,0.7660395917318017,83.87676452846466,4,1.2362845540544831,127,nan,nan,2.9786389535030398,3,nan,0,nan,nan,nan
1,0,init,False,13,0.9736580260817508,0.6172801407790254,0.3084883333299315,0.5869158572797941,60.767410951634155,4,1.3012547771511178,99,nan,nan,2.8695916778823394,3,nan,0,nan,nan,nan
1,0,init,False,14,1.313802687997899,0.0535487049632263,0.1646470576684292,0.8547961781115798,76.4711253420775,4,1.2740067003456363,123,nan,nan,2.995096912085555,3,nan,0,nan,nan,nan
1,0,init,False,15,2.345362840709062,0.24562355743163694,0.18844460267552837,1.3936670035970806,15.315387151269974,4,1.6743011216639352,34,nan,nan,1.3334986384996432,3,nan,0,nan,nan,nan
1,0,init,False,16,0.720181991764751,0.10912555036982424,0.0724206453001821,0.48166211738700226,73.38432044625401,4,1.3478844172948343,114,nan,nan,2.8897680311434524,3,nan,0,nan,nan,nan
1,0,init,False,17,1.2805013366604237,0.38008837150780383,0.24353558287222207,0.7707768203473779,39.55629964356406,4,1.4893567238615686,75,nan,nan,2.784429442109528,3,nan,0,nan,nan,nan
1,0,init,False,18,0.8160002170453344,0.6651333479107473,0.1885685474603186,0.5495810023567146,80.73122378063826,4,1.2727468403386215,129,nan,nan,2.7349266508441534,3,nan,0,nan,nan,nan
1,0,init,False,19,1.3316689125660606,0.16108280078619303,0.12630496662992002,0.9147970231724395,15.966969068378386,4,1.6890374174626903,37,nan,nan,2.0115552838317177,3,nan,0,nan,nan,nan
1,0,init,False,20,1.542113069582152,0.3041397389419838,0.08537846206211981,0.9928620230514716,50.35094875946201,4,1.2156112198778257,85,nan,nan,2.9406393376138333,3,nan,0,nan,nan,nan
1,0,init,False,21,2.0051335288065353,0.15539849343364148,0.0741215130623265,1.330418673404337,35.97508400818381,4,1.362173227191439,63,nan,nan,2.4994954712342343,3,nan,0,nan,nan,nan
1,0,init,False,22,2.5644615416402696,0.14977112997604028,0.1497711299760425,1.5824513265501605,17.124575495420004,4,1.6590726355233671,30,nan,nan,1.0,1,nan,0,nan,nan,nan
1,0,init,False,23,1.107052378092518,0.13239364138149046,0.19492534343252502,0.6743392677323732,87.14941156343991,4,1.3010299865835984,137,nan,nan,2.9878682344914664,3,nan,0,nan,nan,nan
1,1,step,False,0,1.5749285892107503,0.20097836285116338,0.05266626956231886,1.0456497293241727,58.1255192699806,4,1.3359299744479276,100,20.59852130321884,28.479483566494398,2.938089376370531,3,0.35062902222626946,0,1.6558287014937831,1.0,8.105708403083292e-09
1,1,step,False,1,1.2597795664531544,0.10406056579775166,0.006743372039069341,0.8630006868235384,73.4203802244768,4,1.3014780187753279,119,28.40386179477597,38.63465136606058,2.974958138645761,3,0.35151503417037916,0,1.6558287014937831,1.0,8.105708403083292e-09
1,1,step,False,2,1.321130606706036,0.22467899725177692,0.11543906753709644,0.8806445562429156,64.21333978017283,4,1.3680608408512542,109,17.855639041357886,25.868303825078737,2.732694480494643,3,0.32136849464596995,0,1.6558287014937831,1.0,8.105708403083292e-09
1,1,step,False,3,0.7822524636658202,0.06048332085069707,0.44164496573085077,0.5516281588328207,31.65460114810914,4,1.5401210518536577,63,8.489344067855889,12.618002529473353,2.624800292994724,3,0.34910854567017147,0,1.6558287014937831,1.0,8.105708403083292e-09
1,1,step,False,4,0.34434947603663596,0.7211756194473105,0.2629529020266202,0.26148535687877,110.76965662245044,4,1.2506721675324675,171,43.47201625408509,59.248157521185114,2.723125795720472,3,0.45898425714013125,0,1.6558287014937831,1.0,8.105708403083292e-09
1,1,step,False,5,1.4417495312968414,0.6626466874219114,0.11580421223612355,0.8189884660021316,58.85843969092172,4,1.443776098345645,109,19.740985148939526,26.420632451306382,2.630192949029967,3,0.4528365376358393,0,1.6558287014937831,1.0,8.105708403083292e-09
1,1,step,False,6,1.00972397712654,0.31289490595132935,0.17363996065201645,0.5395588078365875,53.26794803322947,4,1.4548996150584552,93,13.887473030153876,19.684940243892243,2.8982635931994642,3,0.33696625296877697,0,1.6558287014937831,1.0,8.105708403083292e-09
1,1,step,False,7,1.2185947329704703,0.20213913620648233,0.24195347621371185,0.8414793850028799,59.776321990038106,4,1.5824914426247365,102,18.89287660936788,29.191093076605014,2.832566426194336,3,0.4268459383491881,0,1.6558287014937831,1.0,8.105708403083292e-09
1,1,step,False,8,1.0529759994370083,0.2484775568934053,0.22055200303460834,0.6576183775429378,90.63043919268989,4,1.2089503562504371,135,32.77956836697321,48.72410113322512,2.923419164615308,3,0.3099603813604496,0,1.6558287014937831,1.0,8.105708403083292e-09
1,1,step,False,9,0.29021406196150945,0.9957995206896725,0.9670807746197337,0.1982428341906109,86.10041172850613,4,1.3027633038404485,140,27.769282057771342,40.20620643288194,2.799694472443446,3,0.4509279898850103,0,1.6558287014937831,1.0,8.105708403083292e-09
1,1,step,False,10,1.385073693952201,0.34305365125109755,0.13215962103503467,0.789350777110115,71.91980943756451,4,1.3079830281169158,120,20.951430197476885,31.43172029939866,2.990649192924389,3,0.35096877652593467,0,1.6558287014937831,1.0,8.105708403083292e-09
1,1,step,False,11,1.039287979344075,0.37686333113542864,0.23118558247061435,0.5870922888283767,44.593612143074274,4,1.4179461310870287,80,13.294875268863809,18.783504810958583,2.6782497318900447,3,0.37043808140118,0,1.6558287014937831,1.0,8.105708403083292e-09
1,1,step,False,12,1.093621695593289,0.19548681513849275,0.13041988552657197,0.7660395917318017,83.87676452846466,4,1.2362845540544831,127,27.190900311888967,38.4470171310464,2.9786389535030398,3,0.33459030217415864,0,1.6558287014937831,1.0,8.105708403083292e-09
1,1,step,False,13,0.9736580260817508,0.45745209786544005,0.3084883333299315,0.5869158572797941,60.767410951634155,4,1.3012547771511178,99,21.54043517163722,30.648319502897117,2.8695916778823394,3,0.4291731077684784,0,1.6558287014937831,1.0,8.105708403083292e-09
1,1,step,False,14,1.313802687997899,0.05568293962528598,0.1646470576684292,0.8547961781115798,76.4711253420775,4,1.2740067003456363,123,23.89193754753978,34.23326527540986,2.995096912085555,3,0.350984992312739,0,1.6558287014937831,1.0,8.105708403083292e-09
1,1,step,False,15,2.345362840709062,0.3522283098596468,0.18844460267552837,1.3936670035970806,15.315387151269974,4,1.6743011216639352,34,6.000000000090481,8.099955904488485,1.3334986384996432,3,0.3233951745079321,0,1.6558287014937831,1.0,8.105708403083292e-09
1,1,step,False,16,0.720181991764751,0.20443028374912053,0.0724206453001821,0.48166211738700226,73.38432044625401,4,1.3478844172948343,114,23.475585983024153,33.17452902246887,2.8897680311434524,3,0.42500248760776704,0,1.6558287014937831,1.0,8.105708403083292e-09
1,1,step,False,17,1.2805013366604237,0.5639354204169309,0.24353558287222207,0.7707768203473779,39.55629964356406,4,1.4893567238615686,75,10.523665166772878,14.662491689527567,2.784429442109528,3,0.3474901402001766,0,1.6558287014937831,1.0,8.105708403083292e-09
1,1,step,False,18,0.8160002170453344,0.7836054104386185,0.1885685474603186,0.5495810023567146,80.73122378063826,4,1.2727468403386215,129,32.66170119490752,44.752394551646056,2.7349266508441534,3,0.3639569707034004,0,1.6558287014937831,1.0,8.105708403083292e-09
1,1,step,False,19,1.3316689125660606,0.25673163217773004,0.12630496662992002,0.9147970231724395,15.966969068378386,4,1.6890374174626903,37,6.000000000292305,8.313421079909691,2.0115552838317177,3,0.28683020543788623,0,1.6558287014937831,1.0,8.105708403083292e-09
1,1,step,False,20,1.542113069582152,0.31481088431641113,0.08537846206211981,0.9928620230514716,50.35094875946201,4,1.2156112198778257,85,20.03590346947051,26.433112217440037,2.9406393376138333,3,0.3523279107856441,0,1.6558287014937831,1.0,8.105708403083292e-09
1,1,step,False,21,2.0051335288065353,0.008648457944362049,0.0741215130623265,1.330418673404337,35.97508400818381,4,1.362173227191439,63,9.382836345731043,13.858680499475671,2.4994954712342343,3,0.37333322139179453,0,1.6558287014937831,1.0,8.105708403083292e-09
1,1,step,False,22,2.5644615416402696,0.0493739463211341,0.1497711299760425,1.5824513265501605,17.124575495420004,4,1.6590726355233671,30,6.000000000420134,8.619297343314832,1.0,1,0.3492056076308803,0,1.6558287014937831,1.0,8.105708403083292e-09
1,1,step,False,23,1.107052378092518,0.14176548136677405,0.19492534343252502,0.6743392677323732,87.14941156343991,4,1.3010299865835984,137,31.026278731325654,43.39158199341926,2.9878682344914664,3,0.3510137104971626,0,1.6558287014937831,1.0,8.105708403083292e-09
1,2,step,False,0,1.5749285892107503,0.2617964974348874,0.05266626956231886,1.0456497293241727,58.1255192699806,4,1.3359299744479276,100,20.69482212903713,28.162764155766233,2.938089376370531,3,0.22898762013349233,0,1.1708477033095694,0.6061353087425232,2.288840325310562e-15
1,2,step,False,1,1.2597795664531544,0.13904473511131965,0.006743372039069341,0.8630006868235384,73.4203802244768,4,1.3014780187753279,119,29.172162610965835,38.995079478489025,2.974958138645761,3,0.2289673248194568,0,1.1708477033095694,0.6061353087425232,2.288840325310562e-15
1,2,step,False,2,1.321130606706036,0.29596355238406774,0.11543906753709644,0.8806445562429156,64.21333978017283,4,1.3680608408512542,109,18.45749081380354,28.359202474114266,2.732694480494643,3,0.34300923871008876,0,1.1708477033095694,0.6061353087425232,2.288840325310562e-15
1,2,step,False,3,0.7822524636658202,0.22473591877281612,0.44164496573085077,0.5516281588328207,31.65460114810914,4,1.5401210518536577,63,9.57542622005471,14.445195647823063,2.624800292994724,3,0.3405376592931641,0,1.1708477033095694,0.6061353087425232,2.288840325310562e-15
1,2,step,False,4,0.34434947603663596,0.7788140589949665,0.2629529020266202,0.26148535687877,110.76965662245044,4,1.2506721675324675,171,43.38737983990304,56.64552499451586,2.723125795720472,3,0.27040905162768486,0,1.1708477033095694,0.6061353087425232,2.288840325310562e-15
1,2,step,False,5,1.4417495312968414,0.6336868581887952,0.11580421223612355,0.8189884660021316,58.85843969092172,4,1.443776098345645,109,20.7472949250277,28.342777802743765,2.630192949029967,3,0.23274686531846447,0,1.1708477033095694,0.6061353087425232,2.288840325310562e-15
1,2,step,False,6,1.00972397712654,0.4200140748720452,0.17363996065201645,0.5395588078365875,53.26794803322947,4,1.4548996150584552,93,15.8286321601104,21.726450805090078,2.8982635931994642,3,0.12828673750552902,0,1.1708477033095694,0.6061353087425232,2.288840325310562e-15
1,2,step,False,7,1.2185947329704703,0.21268738032261575,0.24195347621371185,0.8414793850028799,59.776321990038106,4,1.5824914426247365,102,17.685937328334788,26.490656520189518,2.832566426194336,3,0.2728388281416586,0,1.1708477033095694,0.6061353087425232,2.288840325310562e-15
1,2,step,False,8,1.0529759994370083,0.10133182456492043,0.22055200303460834,0.6576183775429378,90.63043919268989,4,1.2089503562504371,135,33.11761663251684,47.55610617069419,2.923419164615308,3,0.2513491864396305,0,1.1708477033095694,0.6061353087425232,2.288840325310562e-15
1,2,step,False,9,0.29021406196150945,0.9994218539435841,0.9670807746197337,0.1982428341906109,86.10041172850613,4,1.3027633038404485,140,24.414407728972936,33.420731943015184,2.799694472443446,3,0.26825476669622655,0,1.1708477033095694,0.6061353087425232,2.288840325310562e-15
1,2,step,False,10,1.385073693952201,0.357385625383258,0.13215962103503467,0.789350777110115,71.91980943756451,4,1.3079830281169158,120,21.628436575617172,31.16981310702376,2.990649192924389,3,0.20114764568204732,0,1.1708477033095694,0.6061353087425232,2.288840325310562e-15
1,2,step,False,11,1.039287979344075,0.5768078064249853,0.23118558247061435,0.5870922888283767,44.593612143074274,4,1.4179461310870287,80,13.606275865482807,19.20253680543299,2.6782497318900447,3,0.14364115399783098,0,1.1708477033095694,0.6061353087425232,2.288840325310562e-15
1,2,step,False,12,1.093621695593289,0.3161044469509209,0.13041988552657197,0.7660395917318017,83.87676452846466,4,1.2362845540544831,127,29.027867798724266,39.921961176537245,2.9786389535030398,3,0.13039909772146197,0,1.1708477033095694,0.6061353087425232,2.288840325310562e-15
1,2,step,False,13,0.9736580260817508,0.43707062800603647,0.3084883333299315,0.5869158572797941,60.767410951634155,4,1.3012547771511178,99,21.141963418658847,30.77659283794652,2.8695916778823394,3,0.27488940104538057,0,1.1708477033095694,0.6061353087425232,2.288840325310562e-15
1,2,step,False,14,1.313802687997899,0.08885901069414602,0.1646470576684292,0.8547961781115798,76.4711253420775,4,1.2740067003456363,123,23.99127978344327,34.42143121165097,2.995096912085555,3,0.2011770268253814,0,1.1708477033095694,0.6061353087425232,2.288840325310562e-15
1,2,step,False,15,2.345362840709062,0.4841734877170784,0.18844460267552837,1.3936670035970806,15.315387151269974,4,1.6743011216639352,34,6.000000000284105,7.936967430133279,1.3334986384996432,3,0.2664736892044105,0,1.1708477033095694,0.6061353087425232,2.288840325310562e-15
1,2,step,False,16,0.720181991764751,0.2237340719602689,0.0724206453001821,0.48166211738700226,73.38432044625401,4,1.3478844172948343,114,26.169625783478608,37.45850952222763,2.8897680311434524,3,0.3233001257775707,0,1.1708477033095694,0.6061353087425232,2.288840325310562e-15
1,2,step,False,17,1.2805013366604237,0.6984564707752484,0.24353558287222207,0.7707768203473779,39.55629964356406,4,1.4893567238615686,75,9.965254408991367,14.353342246738622,2.784429442109528,3,0.3400649943270669,0,1.1708477033095694,0.6061353087425232,2.288840325310562e-15
1,2,step,False,18,0.8160002170453344,0.7659039285043616,0.1885685474603186,0.5495810023567146,80.73122378063826,4,1.2727468403386215,129,32.928264359411884,43.61494273593614,2.7349266508441534,3,0.21111971626981632,0,1.1708477033095694,0.6061353087425232,2.288840325310562e-15
1,2,step,False,19,1.3316689125660606,0.15034972179476894,0.12630496662992002,0.9147970231724395,15.966969068378386,4,1.6890374174626903,37,6.0000000003177,9.063918203507798,2.0115552838317177,3,0.23376242025112387,0,1.1708477033095694,0.6061353087425232,2.288840325310562e-15
1,2,step,False,20,1.542113069582152,0.226991849383553,0.08537846206211981,0.9928620230514716,50.35094875946201,4,1.2156112198778257,85,21.69296546876595,29.06841567409229,2.9406393376138333,3,0.2289711693254208,0,1.1708477033095694,0.6061353087425232,2.288840325310562e-15
1,2,step,False,21,2.0051335288065353,0.21893856286993527,0.0741215130623265,1.330418673404337,35.97508400818381,4,1.362173227191439,63,6.000000000580714,8.562866276056683,2.4994954712342343,3,0.13902614487961362,0,1.1708477033095694,0.6061353087425232,2.288840325310562e-15
1,2,step,False,22,2.5644615416402696,0.07963082104089006,0.1497711299760425,1.5824513265501605,17.124575495420004,4,1.6590726355233671,30,6.000000000114069,7.92991826828536,1.0,1,0.16507027707907207,0,1.1708477033095694,0.6061353087425232,2.288840325310562e-15
1,2,step,False,23,1.107052378092518,0.16287835340912257,0.19492534343252502,0.6743392677323732,87.14941156343991,4,1.3010299865835984,137,29.414622493019724,41.344509260868875,2.9878682344914664,3,0.20123914326222408,0,1.1708477033095694,0.6061353087425232,2.288840325310562e-15
1,3,step,False,0,1.5749285892107503,0.3237869565204489,0.05266626956231886,1.0456497293241727,58.1255192699806,4,1.3359299744479276,100,20.148254238372363,26.765900236266763,2.938089376370531,3,0.11569391385442863,0,0.8279143507468913,0.3666573017835617,1.482804009795816e-12
1,3,step,False,1,1.2597795664531544,0.20233991236451904,0.006743372039069341,0.8630006868235384,73.4203802244768,4,1.3014780187753279,119,29.260272509327173,38.86679440696188,2.974958138645761,3,0.11553864427222216,0,0.8279143507468913,0.3666573017835617,1.482804009795816e-12
1,3,step,False,2,1.321130606706036,0.44322096485010415,0.11543906753709644,0.8806445562429156,64.21333978017283,4,1.3680608408512542,109,18.14966016772971,26.143522834880397,2.732694480494643,3,0.22279679886888376,0,0.8279143507468913,0.3666573017835617,1.482804009795816e-12
1,3,step,False,3,0.7822524636658202,0.3913461045134445,0.44164496573085077,0.5516281588328207,31.65460114810914,4,1.5401210518536577,63,9.339594166808821,13.889974206697694,2.624800292994724,3,0.15967880924221736,0,0.8279143507468913,0.3666573017835617,1.482804009795816e-12
1,3,step,False,4,0.34434947603663596,0.7954949684188407,0.2629529020266202,0.26148535687877,110.76965662245044,4,1.2506721675324675,171,46.051638818011476,61.480951085577495,2.723125795720472,3,0.17336968637544922,0,0.8279143507468913,0.3666573017835617,1.482804009795816e-12
1,3,step,False,5,1.4417495312968414,0.5211235041716645,0.11580421223612355,0.8189884660021316,58.85843969092172,4,1.443776098345645,109,20.347535847526252,28.637558150052985,2.630192949029967,3,0.19860700474897003,0,0.8279143507468913,0.3666573017835617,1.482804009795816e-12
1,3,step,False,6,1.00972397712654,0.40334104432457374,0.17363996065201645,0.5395588078365875,53.26794803322947,4,1.4548996150584552,93,19.02585176397221,25.484177901469586,2.8982635931994642,3,0.09506299073637249,0,0.8279143507468913,0.3666573017835617,1.482804009795816e-12
1,3,step,False,7,1.2185947329704703,0.2731225017379783,0.24195347621371185,0.8414793850028799,59.776321990038106,4,1.5824914426247365,102,18.24084851696147,26.56195836895427,2.832566426194336,3,0.14664525865407999,0,0.8279143507468913,0.3666573017835617,1.482804009795816e-12
1,3,step,False,8,1.0529759994370083,0.06871126663594206,0.22055200303460834,0.6576183775429378,90.63043919268989,4,1.2089503562504371,135,31.201700292429944,41.617891000783196,2.923419164615308,3,0.12857356313869522,0,0.8279143507468913,0.3666573017835617,1.482804009795816e-12
1,3,step,False,9,0.29021406196150945,0.9795765700694662,0.9670807746197337,0.1982428341906109,86.10041172850613,4,1.3027633038404485,140,27.98599306099283,40.80437082007083,2.799694472443446,3,0.14382066126710083,0,0.8279143507468913,0.3666573017835617,1.482804009795816e-12
1,3,step,False,10,1.385073693952201,0.33241328650533025,0.13215962103503467,0.789350777110115,71.91980943756451,4,1.3079830281169158,120,21.59211973797519,29.750868447329026,2.990649192924389,3,0.09778066502483987,0,0.8279143507468913,0.3666573017835617,1.482804009795816e-12
1,3,step,False,11,1.039287979344075,0.3002875363099281,0.23118558247061435,0.5870922888283767,44.593612143074274,4,1.4179461310870287,80,12.28613078110158,16.501625148191213,2.6782497318900447,3,0.06067949849940327,0,0.8279143507468913,0.3666573017835617,1.482804009795816e-12
1,3,step,False,12,1.093621695593289,0.31271950481958183,0.13041988552657197,0.7660395917318017,83.87676452846466,4,1.2362845540544831,127,29.722019365113603,38.42322684183116,2.9786389535030398,3,0.09728185619074432,0,0.8279143507468913,0.3666573017835617,1.482804009795816e-12
1,3,step,False,13,0.9736580260817508,0.38204709342928,0.3084883333299315,0.5869158572797941,60.767410951634155,4,1.3012547771511178,99,19.97163983433899,26.951855362787747,2.8695916778823394,3,0.14878220704329745,0,0.8279143507468913,0.3666573017835617,1.482804009795816e-12
1,3,step,False,14,1.313802687997899,0.07264350526417858,0.1646470576684292,0.8547961781115798,76.4711253420775,4,1.2740067003456363,123,23.38219743461408,31.5561802672246,2.995096912085555,3,0.09774313767109728,0,0.8279143507468913,0.3666573017835617,1.482804009795816e-12
1,3,step,False,15,2.345362840709062,0.3736936280058519,0.18844460267552837,1.3936670035970806,15.315387151269974,4,1.6743011216639352,34,6.000000000128574,8.011373143717,1.3334986384996432,3,0.3414172027463071,0,0.8279143507468913,0.3666573017835617,1.482804009795816e-12
1,3,step,False,16,0.720181991764751,0.25388897248125514,0.0724206453001821,0.48166211738700226,73.38432044625401,4,1.3478844172948343,114,26.060561023755675,36.13658006792675,2.8897680311434524,3,0.18364311211666706,0,0.8279143507468913,0.3666573017835617,1.482804009795816e-12
1,3,step,False,17,1.2805013366604237,0.7996835274275547,0.24353558287222207,0.7707768203473779,39.55629964356406,4,1.4893567238615686,75,10.044672190486299,14.257362572683144,2.784429442109528,3,0.16099853228547384,0,0.8279143507468913,0.3666573017835617,1.482804009795816e-12
1,3,step,False,18,0.8160002170453344,0.8176963927918438,0.1885685474603186,0.5495810023567146,80.73122378063826,4,1.2727468403386215,129,32.952303545852565,43.26973427608623,2.7349266508441534,3,0.12146024227296752,0,0.8279143507468913,0.3666573017835617,1.482804009795816e-12
1,3,step,False,19,1.3316689125660606,0.10101860607926705,0.12630496662992002,0.9147970231724395,15.966969068378386,4,1.6890374174626903,37,6.00000000012138,7.749779499057035,2.0115552838317177,3,0.1315636569361349,0,0.8279143507468913,0.3666573017835617,1.482804009795816e-12
1,3,step,False,20,1.542113069582152,0.16372533751579235,0.08537846206211981,0.9928620230514716,50.35094875946201,4,1.2156112198778257,85,20.698785632895852,26.786070792016737,2.9406393376138333,3,0.11541575087340716,0,0.8279143507468913,0.3666573017835617,1.482804009795816e-12
1,3,step,False,21,2.0051335288065353,0.13900547966622256,0.0741215130623265,1.330418673404337,35.97508400818381,4,1.362173227191439,63,6.000000000266374,8.291145400717364,2.4994954712342343,3,0.13170488217967335,0,0.8279143507468913,0.3666573017835617,1.482804009795816e-12
1,3,step,False,22,2.5644615416402696,0.11682509805259841,0.1497711299760425,1.5824513265501605,17.124575495420004,4,1.6590726355233671,30,6.000000000180313,8.143648424471424,1.0,1,0.13720735814370058,0,0.8279143507468913,0.3666573017835617,1.482804009795816e-12
1,3,step,False,23,1.107052378092518,0.13896518382870732,0.19492534343252502,0.6743392677323732,87.14941156343991,4,1.3010299865835984,137,27.515133047900527,37.48761103615647,2.9878682344914664,3,0.09767130183578358,0,0.8279143507468913,0.3666573017835617,1.482804009795816e-12
2,0,init,False,0,1.0467706587360495,0.651227311111316,0.22851500244119818,0.6810330044325779,59.04569452859888,4,1.389966061080823,96,nan,nan,2.761257775140318,3,nan,0,nan,nan,nan
2,0,init,False,1,1.0701418227387929,0.41078599507592006,0.12425900274583421,0.7956896675689481,51.64105542247972,4,1.2390161483685567,93,nan,nan,2.5085434676569545,3,nan,0,nan,nan,nan
2,0,init,False,2,0.7932685761589658,0.6539611392120005,0.21356622863592536,0.5212532946898482,42.34374708505638,4,1.3021521159175078,77,nan,nan,2.8711907380602804,3,nan,0,nan,nan,nan
2,0,init,False,3,0.3205409858769687,0.25566868240180746,0.4651924320744398,0.2196051088941605,84.00726786199591,4,1.300901783066737,130,nan,nan,2.925178848848641,3,nan,0,nan,nan,nan
2,0,init,False,4,1.2844467353127504,0.40143014753110623,0.3230750650443471,1.0882036414207648,7.469383352135623,4,1.6761644872707415,14,nan,nan,1.2331901625011739,2,nan,0,nan,nan,nan
2,0,init,False,5,2.0802561912918844,0.04852464956673022,0.10292378375607898,1.2605784874453647,39.51145944543005,4,1.5192913821130405,72,nan,nan,2.790676308915582,3,nan,0,nan,nan,nan
2,0,init,False,6,1.2190457946602995,0.18613970056417517,0.15879930250394814,0.8107072579918712,72.9073654873682,4,1.2255340651471252,122,nan,nan,2.8859871131925923,3,nan,0,nan,nan,nan
2,0,init,False,7,1.5215077396539407,0.07572963888518468,0.13509832988052758,1.0433858820927175,65.90824151687282,4,1.2594893218466454,114,nan,nan,2.7849350169784572,3,nan,0,nan,nan,nan
2,0,init,False,8,1.0115079638172977,0.49236465029692156,0.1936284024818393,0.5657300662748956,75.22126136979051,4,1.3281580911852546,123,nan,nan,2.8430834607054676,3,nan,0,nan,nan,nan
2,0,init,False,9,0.3423530440072947,0.9257319869036597,0.6418871329045058,0.28585976233832544,35.18788834101062,4,1.3549033565079938,63,nan,nan,2.148099159849063,3,nan,0,nan,nan,nan
2,0,init,False,10,0.3204744605844023,0.1491357795989616,0.481111961024221,0.23494589287688908,87.16048825978412,4,1.2738906059503479,139,nan,nan,2.954811808348115,3,nan,0,nan,nan,nan
2,0,init,False,11,1.348557138294263,0.07120446197262478,0.1931593016470286,0.9865866211262098,54.85926235489409,4,1.2922969011704626,92,nan,nan,2.6903055414407557,3,nan,0,nan,nan,nan
2,0,init,False,12,1.95878432879614,0.07258040435770428,0.09208050280730327,1.1303472927735145,40.08902068095337,4,1.384946821223811,76,nan,nan,2.4100691051181142,3,nan,0,nan,nan,nan
2,0,init,False,13,2.3633895001822,0.31138990829212726,0.09091541469964279,1.4744123258001987,26.59264496145776,4,1.352033392404459,52,nan,nan,2.069115005870652,3,nan,0,nan,nan,nan
2,0,init,False,14,1.7825206800460858,0.10948895644503392,0.052496250411876645,1.0193644068760228,46.172091068059316,4,1.3466985252160468,82,nan,nan,2.8639474691921696,3,nan,0,nan,nan,nan
2,0,init,False,15,1.1478094221068595,0.2541305861426308,0.21946160362443318,0.877361554877913,28.877027391427546,4,1.59673346097239,55,nan,nan,2.771049908874423,3,nan,0,nan,nan,nan
2,0,init,False,16,0.7518156372889109,0.592528372607853,0.3842280276294127,0.420181870454791,106.71190044916905,4,1.1266294635540246,165,nan,nan,2.8651751300972714,3,nan,0,nan,nan,nan
2,0,init,False,17,1.4618158494836173,0.23630665288573932,0.03011138329827395,1.0922074339596302,35.0073398635863,4,1.3254211573746157,63,nan,nan,2.0971220775563917,3,nan,0,nan,nan,nan
2,0,init,False,18,1.7987267463663223,0.26712454542647,0.13713806758589497,0.980701922242823,44.12035323503808,4,1.4784202331339371,84,nan,nan,2.7825603788304996,3,nan,0,nan,nan,nan
2,0,init,False,19,1.6219259550985072,0.15985392398985818,0.2256926250044474,0.8805342626268562,74.42484287557377,4,1.3377405722563598,113,nan,nan,2.7456575200691744,3,nan,0,nan,nan,nan
2,0,init,False,20,0.4967517232200428,0.3184366445397538,0.37977740378019104,0.42772438218880854,75.84888072224115,4,1.410734447486806,127,nan,nan,2.9188427175763536,3,nan,0,nan,nan,nan
2,0,init,False,21,0.2801579968649878,0.17863993053264215,0.52077374176404,0.13843247089108443,106.18932736682225,4,1.31924396631905,161,nan,nan,2.978508884193038,3,nan,0,nan,nan,nan
2,0,init,False,22,0.4284902509478303,0.1970265903706457,0.22716786155304758,0.31533300723622376,88.86975276936352,4,1.2797301308079836,138,nan,nan,2.9165329966154756,3,nan,0,nan,nan,nan
2,0,init,False,23,0.8766018881723402,0.2534307221081893,0.13409260778038312,0.44367666827444185,91.8337035908913,4,1.2317549105593442,153,nan,nan,2.9423376787398174,3,nan,0,nan,nan,nan
2,1,step,False,0,1.0467706587360495,0.7303315037432297,0.22851500244119818,0.6810330044325779,59.04569452859888,4,1.389966061080823,96,19.776593842374545,29.496742830431185,2.761257775140318,3,0.35984357390762156,0,1.6949287368540935,1.0,1.0682219222441822e-15
2,1,step,False,1,1.0701418227387929,0.40999402273919827,0.12425900274583421,0.7956896675689481,51.64105542247972,4,1.2390161483685567,93,16.77943175354453,22.524447990007843,2.5085434676569545,3,0.4364304523511741,0,1.6949287368540935,1.0,1.0682219222441822e-15
2,1,step,False,2,0.7932685761589658,0.3394467394450968,0.21356622863592536,0.5212532946898482,42.34374708505638,4,1.3021521159175078,77,16.354900382347658,22.399713348815585,2.8711907380602804,3,0.4845591345658343,0,1.6949287368540935,1.0,1.0682219222441822e-15
2,1,step,False,3,0.3205409858769687,0.3427232385972036,0.4651924320744398,0.2196051088941605,84.00726786199591,4,1.300901783066737,130,29.176252212002822,42.60630639616182,2.925178848848641,3,0.38628308139290896,0,1.6949287368540935,1.0,1.0682219222441822e-15
2,1,step,False,4,1.2844467353127504,0.39211754836954593,0.3230750650443471,1.0882036414207648,7.469383352135623,4,1.6761644872707415,14,6.000000000401242,7.9424714488303465,1.2331901625011739,2,0.35311089669929596,0,1.6949287368540935,1.0,1.0682219222441822e-15
2,1,step,False,5,2.0802561912918844,0.21370022176950634,0.10292378375607898,1.2605784874453647,39.51145944543005,4,1.5192913821130405,72,11.240977815410172,14.022946368431896,2.790676308915582,3,0.2940050427720852,0,1.6949287368540935,1.0,1.0682219222441822e-15
2,1,step,False,6,1.2190457946602995,0.2558415852187764,0.15879930250394814,0.8107072579918712,72.9073654873682,4,1.2255340651471252,122,22.65144161303686,30.46859474134583,2.8859871131925923,3,0.2982341547709615,0,1.6949287368540935,1.0,1.0682219222441822e-15
2,1,step,False,7,1.5215077396539407,0.14239209038847553,0.13509832988052758,1.0433858820927175,65.90824151687282,4,1.2594893218466454,114,22.219354176951285,32.446071434006505,2.7849350169784572,3,0.30007202079252143,0,1.6949287368540935,1.0,1.0682219222441822e-15
2,1,step,False,8,1.0115079638172977,0.4194713640091636,0.1936284024818393,0.5657300662748956,75.22126136979051,4,1.3281580911852546,123,27.91704293999407,36.44179125757889,2.8430834607054676,3,0.35780108057334487,0,1.6949287368540935,1.0,1.0682219222441822e-15
2,1,step,False,9,0.3423530440072947,0.8629109559960036,0.6418871329045058,0.28585976233832544,35.18788834101062,4,1.3549033565079938,63,8.86183472093312,12.404979820776017,2.148099159849063,3,0.46868122068544893,0,1.6949287368540935,1.0,1.0682219222441822e-15
2,1,step,False,10,0.3204744605844023,0.14519608032317022,0.481111961024221,0.23494589287688908,87.16048825978412,4,1.2738906059503479,139,30.738004960022103,42.2178425158871,2.954811808348115,3,0.46561055124268563,0,1.6949287368540935,1.0,1.0682219222441822e-15
2,1,step,False,11,1.348557138294263,0.1285805427321898,0.1931593016470286,0.9865866211262098,54.85926235489409,4,1.2922969011704626,92,17.05164612994586,24.629664273133443,2.6903055414407557,3,0.3917090966155021,0,1.6949287368540935,1.0,1.0682219222441822e-15
2,1,step,False,12,1.95878432879614,0.18729214676431932,0.09208050280730327,1.1303472927735145,40.08902068095337,4,1.384946821223811,76,13.735461525275536,18.818722520805604,2.4100691051181142,3,0.20361926343074366,0,1.6949287368540935,1.0,1.0682219222441822e-15
2,1,step,False,13,2.3633895001822,0.386860430409285,0.09091541469964279,1.4744123258001987,26.59264496145776,4,1.352033392404459,52,7.475902496093372,10.466105937265866,2.069115005870652,3,0.3658695968066396,0,1.6949287368540935,1.0,1.0682219222441822e-15
2,1,step,False,14,1.7825206800460858,0.1416435312653836,0.052496250411876645,1.0193644068760228,46.172091068059316,4,1.3466985252160468,82,16.11904513790899,21.546685416902598,2.8639474691921696,3,0.2941522833834042,0,1.6949287368540935,1.0,1.0682219222441822e-15
2,1,step,False,15,1.1478094221068595,0.4787704773873449,0.21946160362443318,0.877361554877913,28.877027391427546,4,1.59673346097239,55,7.160966979626291,10.77413941529456,2.771049908874423,3,0.2588223812908385,0,1.6949287368540935,1.0,1.0682219222441822e-15
2,1,step,False,16,0.7518156372889109,0.1587525935802,0.3842280276294127,0.420181870454791,106.71190044916905,4,1.1266294635540246,165,36.22535879486841,49.556704841941325,2.8651751300972714,3,0.3583134203683277,0,1.6949287368540935,1.0,1.0682219222441822e-15
2,1,step,False,17,1.4618158494836173,0.25349143343554986,0.03011138329827395,1.0922074339596302,35.0073398635863,4,1.3254211573746157,63,9.853171079702859,13.593338418183833,2.0971220775563917,3,0.3266462858751069,0,1.6949287368540935,1.0,1.0682219222441822e-15
2,1,step,False,18,1.7987267463663223,0.2509804847788275,0.13713806758589497,0.980701922242823,44.12035323503808,4,1.4784202331339371,84,12.690661207299115,17.41004192114241,2.7825603788304996,3,0.24259824270641597,0,1.6949287368540935,1.0,1.0682219222441822e-15
2,1,step,False,19,1.6219259550985072,0.11087381144618136,0.2256926250044474,0.8805342626268562,74.42484287557377,4,1.3377405722563598,113,30.601027591767718,41.380871693530764,2.7456575200691744,3,0.24443074350199856,0,1.6949287368540935,1.0,1.0682219222441822e-15
2,1,step,False,20,0.4967517232200428,0.5959791737795502,0.37977740378019104,0.42772438218880854,75.84888072224115,4,1.410734447486806,127,18.816311055389633,29.60165141043377,2.9188427175763536,3,0.2375186548090971,0,1.6949287368540935,1.0,1.0682219222441822e-15
2,1,step,False,21,0.2801579968649878,0.1548646700070061,0.52077374176404,0.13843247089108443,106.18932736682225,4,1.31924396631905,161,37.635997295129684,52.91425200546409,2.978508884193038,3,0.4407568785626418,0,1.6949287368540935,1.0,1.0682219222441822e-15
2,1,step,False,22,0.4284902509478303,0.29245709952747256,0.22716786155304758,0.31533300723622376,88.86975276936352,4,1.2797301308079836,138,33.205969876835965,46.86479078669111,2.9165329966154756,3,0.38244557383436717,0,1.6949287368540935,1.0,1.0682219222441822e-15
2,1,step,False,23,0.8766018881723402,0.06991421967298748,0.13409260778038312,0.44367666827444185,91.8337035908913,4,1.2317549105593442,153,31.044857366390332,42.51745364896881,2.9423376787398174,3,0.42057183087415995,0,1.6949287368540935,1.0,1.0682219222441822e-15
2,2,step,False,0,1.0467706587360495,0.3995441973630497,0.22851500244119818,0.6810330044325779,59.04569452859888,4,1.389966061080823,96,20.31557623291819,30.14283655122428,2.761257775140318,3,0.3421552259863489,0,1.1984956034574787,0.610135018825531,9.511661976171444e-15
2,2,step,False,1,1.0701418227387929,0.23972619949021937,0.12425900274583421,0.7956896675689481,51.64105542247972,4,1.2390161483685567,93,15.648790531763124,20.404174347462188,2.5085434676569545,3,0.21603844087252883,0,1.1984956034574787,0.610135018825531,9.511661976171444e-15
2,2,step,False,2,0.7932685761589658,0.37906994157409357,0.21356622863592536,0.5212532946898482,42.34374708505638,4,1.3021521159175078,77,17.038460028312677,23.310592316795898,2.8711907380602804,3,0.27706995130906553,0,1.1984956034574787,0.610135018825531,9.511661976171444e-15
2,2,step,False,3,0.3205409858769687,0.20294642120313486,0.4651924320744398,0.2196051088941605,84.00726786199591,4,1.300901783066737,130,30.209744610356548,42.42320661875688,2.925178848848641,3,0.178421353443074,0,1.1984956034574787,0.610135018825531,9.511661976171444e-15
2,2,step,False,4,1.2844467353127504,0.24783945684943945,0.3230750650443471,1.0882036414207648,7.469383352135623,4,1.6761644872707415,14,6.000000000061755,7.973279200988421,1.2331901625011739,2,0.23258968096843324,0,1.1984956034574787,0.610135018825531,9.511661976171444e-15
2,2,step,False,5,2.0802561912918844,0.3170109426227008,0.10292378375607898,1.2605784874453647,39.51145944543005,4,1.5192913821130405,72,9.63158241994087,11.414600552986823,2.790676308915582,3,0.14429234669695418,0,1.1984956034574787,0.610135018825531,9.511661976171444e-15
2,2,step,False,6,1.2190457946602995,0.2513153389526296,0.15879930250394814,0.8107072579918712,72.9073654873682,4,1.2255340651471252,122,23.105197627779013,32.31865527386018,2.8859871131925923,3,0.20720068006672226,0,1.1984956034574787,0.610135018825531,9.511661976171444e-15
2,2,step,False,7,1.5215077396539407,0.15266534503526538,0.13509832988052758,1.0433858820927175,65.90824151687282,4,1.2594893218466454,114,18.717789678259795,25.569012617867642,2.7849350169784572,3,0.19925983714253429,0,1.1984956034574787,0.610135018825531,9.511661976171444e-15
2,2,step,False,8,1.0115079638172977,0.42902044746263146,0.1936284024818393,0.5657300662748956,75.22126136979051,4,1.3281580911852546,123,29.40804628239417,38.291171162683284,2.8430834607054676,3,0.27266542995977683,0,1.1984956034574787,0.610135018825531,9.511661976171444e-15
2,2,step,False,9,0.3423530440072947,0.7987178089115611,0.6418871329045058,0.28585976233832544,35.18788834101062,4,1.3549033565079938,63,10.45394509726303,15.299969173805913,2.148099159849063,3,0.310001806673546,0,1.1984956034574787,0.610135018825531,9.511661976171444e-15
2,2,step,False,10,0.3204744605844023,0.19129789091925195,0.481111961024221,0.23494589287688908,87.16048825978412,4,1.2738906059503479,139,30.69000414192585,44.59196169444622,2.954811808348115,3,0.292935598167704,0,1.1984956034574787,0.610135018825531,9.511661976171444e-15
2,2,step,False,11,1.348557138294263,0.06393987191964881,0.1931593016470286,0.9865866211262098,54.85926235489409,4,1.2922969011704626,92,15.672064158847842,23.917176649475852,2.6903055414407557,3,0.4130577467422571,0,1.1984956034574787,0.610135018825531,9.511661976171444e-15
2,2,step,False,12,1.95878432879614,0.10559742359533902,0.09208050280730327,1.1303472927735145,40.08902068095337,4,1.384946821223811,76,10.529979394977696,13.754405318868177,2.4100691051181142,3,0.15308475936089078,0,1.1984956034574787,0.610135018825531,9.511661976171444e-15
2,2,step,False,13,2.3633895001822,0.4159694052261584,0.09091541469964279,1.4744123258001987,26.59264496145776,4,1.352033392404459,52,6.405239701136456,7.854057958482569,2.069115005870652,3,0.22784849318415515,0,1.1984956034574787,0.610135018825531,9.511661976171444e-15
2,2,step,False,14,1.7825206800460858,0.252576949629598,0.052496250411876645,1.0193644068760228,46.172091068059316,4,1.3466985252160468,82,14.32076927808003,18.27440874340552,2.8639474691921696,3,0.14454754122079744,0,1.1984956034574787,0.610135018825531,9.511661976171444e-15
2,2,step,False,15,1.1478094221068595,0.5466626475680878,0.21946160362443318,0.877361554877913,28.877027391427546,4,1.59673346097239,55,7.473419510341426,11.95819503197502,2.771049908874423,3,0.25178358321793914,0,1.1984956034574787,0.610135018825531,9.511661976171444e-15
2,2,step,False,16,0.7518156372889109,0.13970511746545214,0.3842280276294127,0.420181870454791,106.71190044916905,4,1.1266294635540246,165,38.47158969371939,51.610125442463726,2.8651751300972714,3,0.23276487268304574,0,1.1984956034574787,0.610135018825531,9.511661976171444e-15
2,2,step,False,17,1.4618158494836173,0.2297218205489876,0.03011138329827395,1.0922074339596302,35.0073398635863,4,1.3254211573746157,63,10.259251506500224,13.617567532428062,2.0971220775563917,3,0.21835492451305896,0,1.1984956034574787,0.610135018825531,9.511661976171444e-15
2,2,step,False,18,1.7987267463663223,0.284529039724161,0.13713806758589497,0.980701922242823,44.12035323503808,4,1.4784202331339371,84,12.883399569190937,17.008275845724572,2.7825603788304996,3,0.15227411598542165,0,1.1984956034574787,0.610135018825531,9.511661976171444e-15
2,2,step,False,19,1.6219259550985072,0.10799720225347648,0.2256926250044474,0.8805342626268562,74.42484287557377,4,1.3377405722563598,113,28.66838648837901,37.59378339662602,2.7456575200691744,3,0.11611428471063344,0,1.1984956034574787,0.610135018825531,9.511661976171444e-15
2,2,step,False,20,0.4967517232200428,0.4748395105478947,0.37977740378019104,0.42772438218880854,75.84888072224115,4,1.410734447486806,127,24.129773023936654,37.789570336358764,2.9188427175763536,3,0.1965828250191954,0,1.1984956034574787,0.610135018825531,9.511661976171444e-15
2,2,step,False,21,0.2801579968649878,0.06060784297807464,0.52077374176404,0.13843247089108443,106.18932736682225,4,1.31924396631905,161,36.29398104036626,49.689136298977985,2.978508884193038,3,0.22624228713307742,0,1.1984956034574787,0.610135018825531,9.511661976171444e-15
2,2,step,False,22,0.4284902509478303,0.1860117247575315,0.22716786155304758,0.31533300723622376,88.86975276936352,4,1.2797301308079836,138,35.1501660200764,50.07544034408612,2.9165329966154756,3,0.17822726212161455,0,1.1984956034574787,0.610135018825531,9.511661976171444e-15
2,2,step,False,23,0.8766018881723402,0.11242200999997125,0.13409260778038312,0.44367666827444185,91.8337035908913,4,1.2317549105593442,153,31.49036329408725,41.854679999641434,2.9423376787398174,3,0.23104530602314707,0,1.1984956034574787,0.610135018825531,9.511661976171444e-15
2,3,step,False,0,1.0467706587360495,0.1633591069656504,0.22851500244119818,0.6810330044325779,59.04569452859888,4,1.389966061080823,96,17.254187412980187,23.95130342424348,2.761257775140318,3,0.17627326013037714,0,0.8474643684270466,0.3682018220424652,3.2290775741196914e-13
2,3,step,False,1,1.0701418227387929,0.2946555493301044,0.12425900274583421,0.7956896675689481,51.64105542247972,4,1.2390161483685567,93,18.553441429504517,25.175347767994413,2.5085434676569545,3,0.18681344140995595,0,0.8474643684270466,0.3682018220424652,3.2290775741196914e-13
2,3,step,False,2,0.7932685761589658,0.1445457171472081,0.21356622863592536,0.5212532946898482,42.34374708505638,4,1.3021521159175078,77,15.3939282871666,20.568653230576516,2.8711907380602804,3,0.11340852696784633,0,0.8474643684270466,0.3682018220424652,3.2290775741196914e-13
2,3,step,False,3,0.3205409858769687,0.702344376931939,0.4651924320744398,0.2196051088941605,84.00726786199591,4,1.300901783066737,130,33.51279937496979,45.70567842297308,2.925178848848641,3,0.13367451893842774,0,0.8474643684270466,0.3682018220424652,3.2290775741196914e-13
2,3,step,False,4,1.2844467353127504,0.18889308856464543,0.3230750650443471,1.0882036414207648,7.469383352135623,4,1.6761644872707415,14,6.0000000001800515,8.843660056739987,1.2331901625011739,2,0.1960275187586047,0,0.8474643684270466,0.3682018220424652,3.2290775741196914e-13
2,3,step,False,5,2.0802561912918844,0.34082244120565774,0.10292378375607898,1.2605784874453647,39.51145944543005,4,1.5192913821130405,72,9.30927855267268,11.641705448290827,2.790676308915582,3,0.13213159346233466,0,0.8474643684270466,0.3682018220424652,3.2290775741196914e-13
2,3,step,False,6,1.2190457946602995,0.25280333852876213,0.15879930250394814,0.8107072579918712,72.9073654873682,4,1.2255340651471252,122,22.536861621652445,31.8646625513632,2.8859871131925923,3,0.22525261298397734,0,0.8474643684270466,0.3682018220424652,3.2290775741196914e-13
2,3,step,False,7,1.5215077396539407,0.18633850613945852,0.13509832988052758,1.0433858820927175,65.90824151687282,4,1.2594893218466454,114,16.38233801369334,21.81452522340325,2.7849350169784572,3,0.23279162457919833,0,0.8474643684270466,0.3682018220424652,3.2290775741196914e-13
2,3,step,False,8,1.0115079638172977,0.6298128164206542,0.1936284024818393,0.5657300662748956,75.22126136979051,4,1.3281580911852546,123,31.138237329640695,40.00523621783955,2.8430834607054676,3,0.13472438543303564,0,0.8474643684270466,0.3682018220424652,3.2290775741196914e-13
2,3,step,False,9,0.3423530440072947,0.5015851205506656,0.6418871329045058,0.28585976233832544,35.18788834101062,4,1.3549033565079938,63,13.217303602827139,19.396313649022762,2.148099159849063,3,0.1374146658982669,0,0.8474643684270466,0.3682018220424652,3.2290775741196914e-13
2,3,step,False,10,0.3204744605844023,0.44831927297878604,0.481111961024221,0.23494589287688908,87.16048825978412,4,1.2738906059503479,139,30.599530713049184,44.59789852046875,2.954811808348115,3,0.12402191538622756,0,0.8474643684270466,0.3682018220424652,3.2290775741196914e-13
2,3,step,False,11,1.348557138294263,0.1545098289165264,0.1931593016470286,0.9865866211262098,54.85926235489409,4,1.2922969011704626,92,13.677345756588165,18.68983130948819,2.6903055414407557,3,0.09682046988321052,0,0.8474643684270466,0.3682018220424652,3.2290775741196914e-13
2,3,step,False,12,1.95878432879614,0.16094214351612726,0.09208050280730327,1.1303472927735145,40.08902068095337,4,1.384946821223811,76,9.376099494916271,11.82016590627768,2.4100691051181142,3,0.12064059944866606,0,0.8474643684270466,0.3682018220424652,3.2290775741196914e-13
2,3,step,False,13,2.3633895001822,0.3603137026197316,0.09091541469964279,1.4744123258001987,26.59264496145776,4,1.352033392404459,52,6.000000000096531,7.9463700372989745,2.069115005870652,3,0.23659965800647734,0,0.8474643684270466,0.3682018220424652,3.2290775741196914e-13
2,3,step,False,14,1.7825206800460858,0.2724563902427926,0.052496250411876645,1.0193644068760228,46.172091068059316,4,1.3466985252160468,82,12.929042509669113,15.563947241785772,2.8639474691921696,3,0.1328660926278707,0,0.8474643684270466,0.3682018220424652,3.2290775741196914e-13
2,3,step,False,15,1.1478094221068595,0.8426359743853373,0.21946160362443318,0.877361554877913,28.877027391427546,4,1.59673346097239,55,7.051447075523092,11.04696561488322,2.771049908874423,3,0.1818305542144604,0,0.8474643684270466,0.3682018220424652,3.2290775741196914e-13
2,3,step,False,16,0.7518156372889109,0.11608840463970709,0.3842280276294127,0.420181870454791,106.71190044916905,4,1.1266294635540246,165,39.678612635039464,52.687192524420176,2.8651751300972714,3,0.16703926438190567,0,0.8474643684270466,0.3682018220424652,3.2290775741196914e-13
2,3,step,False,17,1.4618158494836173,0.09984710203254321,0.03011138329827395,1.0922074339596302,35.0073398635863,4,1.3254211573746157,63,14.303803221256555,19.72232160448887,2.0971220775563917,3,0.16974401540789835,0,0.8474643684270466,0.3682018220424652,3.2290775741196914e-13
2,3,step,False,18,1.7987267463663223,0.12690729950295032,0.13713806758589497,0.980701922242823,44.12035323503808,4,1.4784202331339371,84,14.938570037703139,19.770983954810408,2.7825603788304996,3,0.14198664315733636,0,0.8474643684270466,0.3682018220424652,3.2290775741196914e-13
2,3,step,False,19,1.6219259550985072,0.2094824126334661,0.2256926250044474,0.8805342626268562,74.42484287557377,4,1.3377405722563598,113,26.169919974242625,32.662667048635015,2.7456575200691744,3,0.10357663717205813,0,0.8474643684270466,0.3682018220424652,3.2290775741196914e-13
2,3,step,False,20,0.4967517232200428,0.3952271704487929,0.37977740378019104,0.42772438218880854,75.84888072224115,4,1.410734447486806,127,25.528237070023117,39.8429830033646,2.9188427175763536,3,0.172763088088406,0,0.8474643684270466,0.3682018220424652,3.2290775741196914e-13
2,3,step,False,21,0.2801579968649878,0.06037161351261379,0.52077374176404,0.13843247089108443,106.18932736682225,4,1.31924396631905,161,35.16538407368019,48.65929888714907,2.978508884193038,3,0.1266624822708273,0,0.8474643684270466,0.3682018220424652,3.2290775741196914e-13
2,3,step,False,22,0.4284902509478303,0.6889145475784996,0.22716786155304758,0.31533300723622376,88.86975276936352,4,1.2797301308079836,138,34.012212018818225,49.14622853593076,2.9165329966154756,3,0.13108631430345855,0,0.8474643684270466,0.3682018220424652,3.2290775741196914e-13
2,3,step,False,23,0.8766018881723402,0.09151422032359534,0.13409260778038312,0.44367666827444185,91.8337035908913,4,1.2317549105593442,153,32.59319214304303,41.92334861914144,2.9423376787398174,3,0.1292171083320451,0,0.8474643684270466,0.3682018220424652,3.2290775741196914e-13
3,0,init,False,0,2.012293809437055,0.07223707197436016,0.08380084713341804,1.5402516091339595,37.93057280478205,4,1.3455784074471395,70,nan,nan,2.248086264062102,3,nan,0,nan,nan,nan
3,0,init,False,1,0.7367854000076806,0.4650535594876208,0.3033297504573349,0.6440423118210855,57.99527211735812,4,1.3382596057270464,106,nan,nan,2.5286057564777584,3,nan,0,nan,nan,nan
3,0,init,False,2,0.6609735095724033,0.2718090538521964,0.38623699695226416,0.7646360036319266,63.15955652333682,4,1.3465946908914779,109,nan,nan,2.885785342823825,3,nan,0,nan,nan,nan
3,0,init,False,3,1.5791575861932878,0.3421939956705716,0.24354967217360451,1.115232313634725,50.09814652505192,4,1.4943202051199926,94,nan,nan,2.8659011617639156,3,nan,0,nan,nan,nan
3,0,init,False,4,1.2628620126326964,0.22244046185030358,0.16950896581629626,0.9902355710827684,82.79149624132033,4,1.204873137523886,136,nan,nan,2.7997148528646014,3,nan,0,nan,nan,nan
3,0,init,False,5,2.203884775882906,0.1883971382357383,0.10451028839151918,1.6749614487151394,26.607861162891997,4,1.6151408514682852,50,nan,nan,2.4154520571426357,3,nan,0,nan,nan,nan
3,0,init,False,6,1.3474154075443938,0.2772724972278985,0.21320513794625756,0.9864678493589868,22.494725083016796,4,1.6539183287774182,46,nan,nan,2.442334307569001,3,nan,0,nan,nan,nan
3,0,init,False,7,0.637017188984615,0.3765811174669331,0.3707487381791445,0.6031598226075812,88.99898775563832,4,1.2111449125455207,139,nan,nan,2.9753661979015353,3,nan,0,nan,nan,nan
3,0,init,False,8,1.1241654617540675,0.12579089274062397,0.17177864712806812,0.9203420329676484,88.03765048272967,4,1.257016970154669,145,nan,nan,2.8645622279123377,3,nan,0,nan,nan,nan
3,0,init,False,9,0.3160041946949852,0.7541324117036695,0.4686036486010847,0.23123521902121053,108.0706132519012,4,1.2117144547233307,161,nan,nan,2.963502108542752,3,nan,0,nan,nan,nan
3,0,init,False,10,0.5495978082565923,0.7214778384894207,0.42324479036028734,0.5960798006648088,39.635768704361176,4,1.524224254169316,70,nan,nan,2.393989414479433,3,nan,0,nan,nan,nan
3,0,init,False,11,1.145507073081825,0.3719289158086872,0.33149742431484497,0.8515123938283693,53.50595265384432,4,1.3543931342986377,91,nan,nan,2.895684702279737,3,nan,0,nan,nan,nan
3,0,init,False,12,1.6167986815583852,0.10667822485162676,0.1241686154860682,1.1627560541958475,35.30335441281399,4,1.470880390822856,74,nan,nan,2.1550566831349682,3,nan,0,nan,nan,nan
3,0,init,False,13,1.4957891254472597,0.15195247746727278,0.23475545137318865,1.2212379390800372,37.83702709614994,4,1.514555800642806,63,nan,nan,2.803091225960861,3,nan,0,nan,nan,nan
3,0,init,False,14,1.2928729106443955,0.3306706300698157,0.11101843678701802,1.025695678413242,59.557835607351116,4,1.3574636402010074,100,nan,nan,2.6616106138136857,3,nan,0,nan,nan,nan
3,0,init,False,15,1.0821811863143032,0.11423850835161722,0.077442052285507,0.9211732005257176,80.57983105058655,4,1.2621418675497373,123,nan,nan,2.8980703901886113,3,nan,0,nan,nan,nan
3,0,init,False,16,2.2308898068401075,0.12200632250026887,0.1483887015502241,1.6678017973001766,29.913116794190373,4,1.419443889218377,53,nan,nan,2.7772449603376677,3,nan,0,nan,nan,nan
3,0,init,False,17,0.9897997487825622,0.40762597381320964,0.23025120718122502,0.7823522654289061,81.85760306373517,4,1.2668221508812167,130,nan,nan,2.9035966086519727,3,nan,0,nan,nan,nan
3,0,init,False,18,0.5590769175905304,0.6658559284174295,0.17919368873205777,0.5057778254642993,92.05003247630124,4,1.1697464886624773,143,nan,nan,2.938419086019552,3,nan,0,nan,nan,nan
3,0,init,False,19,0.3614042791791365,0.7885761072571901,0.5443529209573507,0.4283663315382897,94.70932325003324,4,1.2914698356524905,147,nan,nan,2.9163313430575655,3,nan,0,nan,nan,nan
3,0,init,False,20,1.1237436745120502,0.25562889102264735,0.1506943399034853,0.8784531211345564,74.65822521997791,4,1.2522667698187906,126,nan,nan,2.755154227679342,3,nan,0,nan,nan,nan
3,0,init,False,21,0.48646786313588014,0.7188293743900618,0.8470192076832614,0.3288886919527557,78.49371927859829,4,1.2956308258276654,125,nan,nan,2.693227929376703,3,nan,0,nan,nan,nan
3,0,init,False,22,1.1811721758476943,0.7966560606436852,0.13474149447518272,0.7396946074727961,35.3537841656409,4,1.6002462899003156,65,nan,nan,2.340317431032207,3,nan,0,nan,nan,nan
3,0,init,False,23,0.5342055744252718,0.6926528113748045,0.15393891255971237,0.5884220754114263,20.35954427838876,4,1.4853578680848185,45,nan,nan,1.6117748430731833,3,nan,0,nan,nan,nan
3,1,step,False,0,2.012293809437055,0.10141947183224732,0.08380084713341804,1.5402516091339595,37.93057280478205,4,1.3455784074471395,70,10.922416364615072,14.482454994206554,2.248086264062102,3,0.4066792547070592,0,1.5615755036669832,1.0,4.3491863627888214e-16
3,1,step,False,1,0.7367854000076806,0.8146044901577929,0.3033297504573349,0.6440423118210855,57.99527211735812,4,1.3382596057270464,106,15.010092051920687,22.83846301223448,2.5286057564777584,3,0.3063767252619937,0,1.5615755036669832,1.0,4.3491863627888214e-16
3,1,step,False,2,0.6609735095724033,0.4059682103405343,0.38623699695226416,0.7646360036319266,63.15955652333682,4,1.3465946908914779,109,16.773240001704252,26.060001847395142,2.885785342823825,3,0.4297277322022559,0,1.5615755036669832,1.0,4.3491863627888214e-16
3,1,step,False,3,1.5791575861932878,0.5474924683691385,0.24354967217360451,1.115232313634725,50.09814652505192,4,1.4943202051199926,94,14.899836431441516,19.76585011294503,2.8659011617639156,3,0.3784107271971302,0,1.5615755036669832,1.0,4.3491863627888214e-16
3,1,step,False,4,1.2628620126326964,0.4029051978420341,0.16950896581629626,0.9902355710827684,82.79149624132033,4,1.204873137523886,136,30.000734778869607,41.36548508494214,2.7997148528646014,3,0.4712129384604359,0,1.5615755036669832,1.0,4.3491863627888214e-16
3,1,step,False,5,2.203884775882906,0.14694292685205707,0.10451028839151918,1.6749614487151394,26.607861162891997,4,1.6151408514682852,50,6.0000000004595995,9.991526186540185,2.4154520571426357,3,0.3869598119088361,0,1.5615755036669832,1.0,4.3491863627888214e-16
3,1,step,False,6,1.3474154075443938,0.1965073426021324,0.21320513794625756,0.9864678493589868,22.494725083016796,4,1.6539183287774182,46,6.000000000553866,9.549807590621803,2.442334307569001,3,0.14556786932852547,0,1.5615755036669832,1.0,4.3491863627888214e-16
3,1,step,False,7,0.637017188984615,0.19129190809736307,0.3707487381791445,0.6031598226075812,88.99898775563832,4,1.2111449125455207,139,30.448542280750008,41.1574719300779,2.9753661979015353,3,0.42935750448632687,0,1.5615755036669832,1.0,4.3491863627888214e-16
3,1,step,False,8,1.1241654617540675,0.16503448464616113,0.17177864712806812,0.9203420329676484,88.03765048272967,4,1.257016970154669,145,29.053652846562443,41.683052171770576,2.8645622279123377,3,0.4492516446576935,0,1.5615755036669832,1.0,4.3491863627888214e-16
3,1,step,False,9,0.3160041946949852,0.9165435288121746,0.4686036486010847,0.23123521902121053,108.0706132519012,4,1.2117144547233307,161,42.8935622231798,58.530855301915764,2.963502108542752,3,0.30704343793931566,0,1.5615755036669832,1.0,4.3491863627888214e-16
3,1,step,False,10,0.5495978082565923,0.9682216721403513,0.42324479036028734,0.5960798006648088,39.635768704361176,4,1.524224254169316,70,10.636952920369222,14.250463305950456,2.393989414479433,3,0.25062973952194034,0,1.5615755036669832,1.0,4.3491863627888214e-16
3,1,step,False,11,1.145507073081825,0.3649009624336765,0.33149742431484497,0.8515123938283693,53.50595265384432,4,1.3543931342986377,91,16.987319016572748,22.422380618220046,2.895684702279737,3,0.17295241725955837,0,1.5615755036669832,1.0,4.3491863627888214e-16
3,1,step,False,12,1.6167986815583852,0.3803376401918171,0.1241686154860682,1.1627560541958475,35.30335441281399,4,1.470880390822856,74,8.27525075068241,10.276580991030693,2.1550566831349682,3,0.25790328285699704,0,1.5615755036669832,1.0,4.3491863627888214e-16
3,1,step,False,13,1.4957891254472597,0.04704550521332857,0.23475545137318865,1.2212379390800372,37.83702709614994,4,1.514555800642806,63,14.486518135238502,20.3996384800186,2.803091225960861,3,0.2546068797981862,0,1.5615755036669832,1.0,4.3491863627888214e-16
3,1,step,False,14,1.2928729106443955,0.4655210701666134,0.11101843678701802,1.025695678413242,59.557835607351116,4,1.3574636402010074,100,21.64276409526105,30.36216966529646,2.6616106138136857,3,0.32651055903024895,0,1.5615755036669832,1.0,4.3491863627888214e-16
3,1,step,False,15,1.0821811863143032,0.049181818039845886,0.077442052285507,0.9211732005257176,80.57983105058655,4,1.2621418675497373,123,30.556319088868502,43.483785732213775,2.8980703901886113,3,0.4677457556406697,0,1.5615755036669832,1.0,4.3491863627888214e-16
3,1,step,False,16,2.2308898068401075,0.08297382458681327,0.1483887015502241,1.6678017973001766,29.913116794190373,4,1.419443889218377,53,9.17412241406408,12.544210845162215,2.7772449603376677,3,0.25332373170382455,0,1.5615755036669832,1.0,4.3491863627888214e-16
3,1,step,False,17,0.9897997487825622,0.20050743779974778,0.23025120718122502,0.7823522654289061,81.85760306373517,4,1.2668221508812167,130,29.688235730993995,42.488633301819924,2.9035966086519727,3,0.429063354160768,0,1.5615755036669832,1.0,4.3491863627888214e-16
3,1,step,False,18,0.5590769175905304,0.48061092304107655,0.17919368873205777,0.5057778254642993,92.05003247630124,4,1.1697464886624773,143,34.46379207333563,47.075097607185626,2.938419086019552,3,0.36007508044534337,0,1.5615755036669832,1.0,4.3491863627888214e-16
3,1,step,False,19,0.3614042791791365,0.5794367615062305,0.5443529209573507,0.4283663315382897,94.70932325003324,4,1.2914698356524905,147,32.555472275433054,45.326689933314725,2.9163313430575655,3,0.31240242005634256,0,1.5615755036669832,1.0,4.3491863627888214e-16
3,1,step,False,20,1.1237436745120502,0.15241108491014244,0.1506943399034853,0.8784531211345564,74.65822521997791,4,1.2522667698187906,126,29.580320927251453,39.15800024600011,2.755154227679342,3,0.2568839031967825,0,1.5615755036669832,1.0,4.3491863627888214e-16
3,1,step,False,21,0.48646786313588014,0.48918980768349457,0.8470192076832614,0.3288886919527557,78.49371927859829,4,1.2956308258276654,125,26.417901366606994,36.81208911139034,2.693227929376703,3,0.44267947847511113,0,1.5615755036669832,1.0,4.3491863627888214e-16
3,1,step,False,22,1.1811721758476943,0.5922694574101992,0.13474149447518272,0.7396946074727961,35.3537841656409,4,1.6002462899003156,65,10.049682712382431,14.14525421403489,2.340317431032207,3,0.3404326532625793,0,1.5615755036669832,1.0,4.3491863627888214e-16
3,1,step,False,23,0.5342055744252718,0.7945384825129007,0.15393891255971237,0.5884220754114263,20.35954427838876,4,1.4853578680848185,45,6.000000000403003,7.9686208448951135,1.6117748430731833,3,0.21525838500076616,0,1.5615755036669832,1.0,4.3491863627888214e-16
3,2,step,False,0,2.012293809437055,0.12491086117209256,0.08380084713341804,1.5402516091339595,37.93057280478205,4,1.3455784074471395,70,10.334535430049776,13.835522790035279,2.248086264062102,3,0.22774171992740172,0,1.1042006279777221,0.6132958829402924,6.402555792622738e-15
3,2,step,False,1,0.7367854000076806,0.3407391260462457,0.3033297504573349,0.6440423118210855,57.99527211735812,4,1.3382596057270464,106,15.21141351220094,22.784201652249788,2.5286057564777584,3,0.19760107463310647,0,1.1042006279777221,0.6132958829402924,6.402555792622738e-15
3,2,step,False,2,0.6609735095724033,0.34528123507066344,0.38623699695226416,0.7646360036319266,63.15955652333682,4,1.3465946908914779,109,14.842035758210146,21.828282044325245,2.885785342823825,3,0.23765645040863376,0,1.1042006279777221,0.6132958829402924,6.402555792622738e-15
3,2,step,False,3,1.5791575861932878,0.518167277833488,0.24354967217360451,1.115232313634725,50.09814652505192,4,1.4943202051199926,94,14.229879802241852,18.53410391532937,2.8659011617639156,3,0.23804081472181146,0,1.1042006279777221,0.6132958829402924,6.402555792622738e-15
3,2,step,False,4,1.2628620126326964,0.6023484157044973,0.16950896581629626,0.9902355710827684,82.79149624132033,4,1.204873137523886,136,28.871300087130916,37.951696865848206,2.7997148528646014,3,0.23538291807154613,0,1.1042006279777221,0.6132958829402924,6.402555792622738e-15
3,2,step,False,5,2.203884775882906,0.16542930043625875,0.10451028839151918,1.6749614487151394,26.607861162891997,4,1.6151408514682852,50,6.0000000000124825,7.904210817297063,2.4154520571426357,3,0.20531419941234325,0,1.1042006279777221,0.6132958829402924,6.402555792622738e-15
3,2,step,False,6,1.3474154075443938,0.14213189859086472,0.21320513794625756,0.9864678493589868,22.494725083016796,4,1.6539183287774182,46,6.957075446928874,10.311946687619935,2.442334307569001,3,0.17414711053617865,0,1.1042006279777221,0.6132958829402924,6.402555792622738e-15
3,2,step,False,7,0.637017188984615,0.1331317253982092,0.3707487381791445,0.6031598226075812,88.99898775563832,4,1.2111449125455207,139,30.70819053270616,42.69595303867686,2.9753661979015353,3,0.2359431707265207,0,1.1042006279777221,0.6132958829402924,6.402555792622738e-15
3,2,step,False,8,1.1241654617540675,0.24584575513104517,0.17177864712806812,0.9203420329676484,88.03765048272967,4,1.257016970154669,145,28.734953141447,39.32232408091526,2.8645622279123377,3,0.2760056924444964,0,1.1042006279777221,0.6132958829402924,6.402555792622738e-15
3,2,step,False,9,0.3160041946949852,0.9187010728873235,0.4686036486010847,0.23123521902121053,108.0706132519012,4,1.2117144547233307,161,45.32777099373537,58.99175895600634,2.963502108542752,3,0.21376186169269784,0,1.1042006279777221,0.6132958829402924,6.402555792622738e-15
3,2,step,False,10,0.5495978082565923,0.9671585084671769,0.42324479036028734,0.5960798006648088,39.635768704361176,4,1.524224254169316,70,14.60375856265284,21.43981909378349,2.393989414479433,3,0.1302071146083619,0,1.1042006279777221,0.6132958829402924,6.402555792622738e-15
3,2,step,False,11,1.145507073081825,0.30184862849740435,0.33149742431484497,0.8515123938283693,53.50595265384432,4,1.3543931342986377,91,17.57115720962141,24.101599797155437,2.895684702279737,3,0.13377195513620674,0,1.1042006279777221,0.6132958829402924,6.402555792622738e-15
3,2,step,False,12,1.6167986815583852,0.5049503893605142,0.1241686154860682,1.1627560541958475,35.30335441281399,4,1.470880390822856,74,7.863764039784612,11.015802552982581,2.1550566831349682,3,0.3805780634297,0,1.1042006279777221,0.6132958829402924,6.402555792622738e-15
3,2,step,False,13,1.4957891254472597,0.06084153522107209,0.23475545137318865,1.2212379390800372,37.83702709614994,4,1.514555800642806,63,12.529825248006631,17.55666563610556,2.803091225960861,3,0.18305639593512749,0,1.1042006279777221,0.6132958829402924,6.402555792622738e-15
3,2,step,False,14,1.2928729106443955,0.1291558100735114,0.11101843678701802,1.025695678413242,59.557835607351116,4,1.3574636402010074,100,21.66434511863364,29.265036935663307,2.6616106138136857,3,0.15461125950206378,0,1.1042006279777221,0.6132958829402924,6.402555792622738e-15
3,2,step,False,15,1.0821811863143032,0.16544152508189017,0.077442052285507,0.9211732005257176,80.57983105058655,4,1.2621418675497373,123,30.93665618802295,41.56172452111197,2.8980703901886113,3,0.24900193341674498,0,1.1042006279777221,0.6132958829402924,6.402555792622738e-15
3,2,step,False,16,2.2308898068401075,0.11447778224710647,0.1483887015502241,1.6678017973001766,29.913116794190373,4,1.419443889218377,53,7.103329371096006,9.66699844583055,2.7772449603376677,3,0.18184826635780083,0,1.1042006279777221,0.6132958829402924,6.402555792622738e-15
3,2,step,False,17,0.9897997487825622,0.16186531582883218,0.23025120718122502,0.7823522654289061,81.85760306373517,4,1.2668221508812167,130,27.09519617770963,36.80191445019178,2.9035966086519727,3,0.23376606745403342,0,1.1042006279777221,0.6132958829402924,6.402555792622738e-15
3,2,step,False,18,0.5590769175905304,0.2476558532517816,0.17919368873205777,0.5057778254642993,92.05003247630124,4,1.1697464886624773,143,32.86622711672942,45.801319879578585,2.938419086019552,3,0.2274162702752407,0,1.1042006279777221,0.6132958829402924,6.402555792622738e-15
3,2,step,False,19,0.3614042791791365,0.591833017124358,0.5443529209573507,0.4283663315382897,94.70932325003324,4,1.2914698356524905,147,31.960011998479654,46.06524122592586,2.9163313430575655,3,0.21591232247859107,0,1.1042006279777221,0.6132958829402924,6.402555792622738e-15
3,2,step,False,20,1.1237436745120502,0.13917322524688924,0.1506943399034853,0.8784531211345564,74.65822521997791,4,1.2522667698187906,126,28.744622410241973,38.82541744386288,2.755154227679342,3,0.1830283370185742,0,1.1042006279777221,0.6132958829402924,6.402555792622738e-15
3,2,step,False,21,0.48646786313588014,0.8921409553485117,0.8470192076832614,0.3288886919527557,78.49371927859829,4,1.2956308258276654,125,29.701284627176918,42.442112371062684,2.693227929376703,3,0.2307684294026443,0,1.1042006279777221,0.6132958829402924,6.402555792622738e-15
3,2,step,False,22,1.1811721758476943,0.5086973059372818,0.13474149447518272,0.7396946074727961,35.3537841656409,4,1.6002462899003156,65,11.636264579429154,16.733625721414814,2.340317431032207,3,0.1891930973064551,0,1.1042006279777221,0.6132958829402924,6.402555792622738e-15
3,2,step,False,23,0.5342055744252718,0.8924947641218209,0.15393891255971237,0.5884220754114263,20.35954427838876,4,1.4853578680848185,45,6.000000000253122,7.787077628326557,1.6117748430731833,3,0.1282055719932195,0,1.1042006279777221,0.6132958829402924,6.402555792622738e-15
3,3,step,False,0,2.012293809437055,0.10526789957365226,0.08380084713341804,1.5402516091339595,37.93057280478205,4,1.3455784074471395,70,8.51741465823223,11.266591170141345,2.248086264062102,3,0.13554200093650282,0,0.7807877518334915,0.3686363101005554,1.879469272740578e-15
3,3,step,False,1,0.7367854000076806,0.26160084735310596,0.3033297504573349,0.6440423118210855,57.99527211735812,4,1.3382596057270464,106,17.09143667054516,27.033542432153453,2.5286057564777584,3,0.2008824331746093,0,0.7807877518334915,0.3686363101005554,1.879469272740578e-15
3,3,step,False,2,0.6609735095724033,0.2918500184288676,0.38623699695226416,0.7646360036319266,63.15955652333682,4,1.3465946908914779,109,18.291235791076392,27.00831748205644,2.885785342823825,3,0.07789426805464096,0,0.7807877518334915,0.3686363101005554,1.879469272740578e-15
3,3,step,False,3,1.5791575861932878,0.7168670117126881,0.24354967217360451,1.115232313634725,50.09814652505192,4,1.4943202051199926,94,16.045934549699275,21.419247834167333,2.8659011617639156,3,0.11049266480062658,0,0.7807877518334915,0.3686363101005554,1.879469272740578e-15
3,3,step,False,4,1.2628620126326964,0.8099909526867223,0.16950896581629626,0.9902355710827684,82.79149624132033,4,1.204873137523886,136,28.120012117950132,38.49045458491128,2.7997148528646014,3,0.17892170291023013,0,0.7807877518334915,0.3686363101005554,1.879469272740578e-15
3,3,step,False,5,2.203884775882906,0.2818529259438389,0.10451028839151918,1.6749614487151394,26.607861162891997,4,1.6151408514682852,50,6.000000000115602,7.649227012621141,2.4154520571426357,3,0.11165271837204574,0,0.7807877518334915,0.3686363101005554,1.879469272740578e-15
3,3,step,False,6,1.3474154075443938,0.13879477873881896,0.21320513794625756,0.9864678493589868,22.494725083016796,4,1.6539183287774182,46,8.249698519730739,11.06960493038591,2.442334307569001,3,0.10587474949913282,0,0.7807877518334915,0.3686363101005554,1.879469272740578e-15
3,3,step,False,7,0.637017188984615,0.15847991905066947,0.3707487381791445,0.6031598226075812,88.99898775563832,4,1.2111449125455207,139,31.65897682746167,42.908893944809556,2.9753661979015353,3,0.08148138546966575,0,0.7807877518334915,0.3686363101005554,1.879469272740578e-15
3,3,step,False,8,1.1241654617540675,0.28667799559268453,0.17177864712806812,0.9203420329676484,88.03765048272967,4,1.257016970154669,145,27.8986041983788,37.343281560007526,2.8645622279123377,3,0.14971206749694746,0,0.7807877518334915,0.3686363101005554,1.879469272740578e-15
3,3,step,False,9,0.3160041946949852,0.9024237409710169,0.4686036486010847,0.23123521902121053,108.0706132519012,4,1.2117144547233307,161,46.93787295402336,60.15515776106649,2.963502108542752,3,0.1155331493981683,0,0.7807877518334915,0.3686363101005554,1.879469272740578e-15
3,3,step,False,10,0.5495978082565923,0.698871660854933,0.42324479036028734,0.5960798006648088,39.635768704361176,4,1.524224254169316,70,15.2211688124422,21.038224699650183,2.393989414479433,3,0.1945363395204805,0,0.7807877518334915,0.3686363101005554,1.879469272740578e-15
3,3,step,False,11,1.145507073081825,0.24948702752566884,0.33149742431484497,0.8515123938283693,53.50595265384432,4,1.3543931342986377,91,17.63976480168341,23.86714118023004,2.895684702279737,3,0.1199088446119568,0,0.7807877518334915,0.3686363101005554,1.879469272740578e-15
3,3,step,False,12,1.6167986815583852,0.3296536815051487,0.1241686154860682,1.1627560541958475,35.30335441281399,4,1.470880390822856,74,8.167987805025124,12.56551363340916,2.1550566831349682,3,0.2084875368681026,0,0.7807877518334915,0.3686363101005554,1.879469272740578e-15
3,3,step,False,13,1.4957891254472597,0.057808344972685416,0.23475545137318865,1.2212379390800372,37.83702709614994,4,1.514555800642806,63,10.08544881780514,13.475935451178028,2.803091225960861,3,0.14513108365312374,0,0.7807877518334915,0.3686363101005554,1.879469272740578e-15
3,3,step,False,14,1.2928729106443955,0.125091464894157,0.11101843678701802,1.025695678413242,59.557835607351116,4,1.3574636402010074,100,17.36501455510326,22.031133984825843,2.6616106138136857,3,0.15959287761859112,0,0.7807877518334915,0.3686363101005554,1.879469272740578e-15
3,3,step,False,15,1.0821811863143032,0.1659558233735284,0.077442052285507,0.9211732005257176,80.57983105058655,4,1.2621418675497373,123,30.30062191389575,38.88734537643266,2.8980703901886113,3,0.14679257963283293,0,0.7807877518334915,0.3686363101005554,1.879469272740578e-15
3,3,step,False,16,2.2308898068401075,0.11394971280290636,0.1483887015502241,1.6678017973001766,29.913116794190373,4,1.419443889218377,53,6.000000000055191,8.208182746295021,2.7772449603376677,3,0.1438890461544716,0,0.7807877518334915,0.3686363101005554,1.879469272740578e-15
3,3,step,False,17,0.9897997487825622,0.20040749691446533,0.23025120718122502,0.7823522654289061,81.85760306373517,4,1.2668221508812167,130,26.836048418999354,34.804536491129426,2.9035966086519727,3,0.08463550019674726,0,0.7807877518334915,0.3686363101005554,1.879469272740578e-15
3,3,step,False,18,0.5590769175905304,0.19141149869250654,0.17919368873205777,0.5057778254642993,92.05003247630124,4,1.1697464886624773,143,33.998348225635645,45.925191418729824,2.938419086019552,3,0.1280824044071484,0,0.7807877518334915,0.3686363101005554,1.879469272740578e-15
3,3,step,False,19,0.3614042791791365,0.6070593509490766,0.5443529209573507,0.4283663315382897,94.70932325003324,4,1.2914698356524905,147,30.55612893114415,42.84537579573103,2.9163313430575655,3,0.11489261331229936,0,0.7807877518334915,0.3686363101005554,1.879469272740578e-15
3,3,step,False,20,1.1237436745120502,0.14876804827963322,0.1506943399034853,0.8784531211345564,74.65822521997791,4,1.2522667698187906,126,27.580564907683303,38.01022373404554,2.755154227679342,3,0.15272415609698542,0,0.7807877518334915,0.3686363101005554,1.879469272740578e-15
3,3,step,False,21,0.48646786313588014,0.752016118757237,0.8470192076832614,0.3288886919527557,78.49371927859829,4,1.2956308258276654,125,31.98186379723946,46.555136035949126,2.693227929376703,3,0.1608512054934704,0,0.7807877518334915,0.3686363101005554,1.879469272740578e-15
3,3,step,False,22,1.1811721758476943,0.4379309082037858,0.13474149447518272,0.7396946074727961,35.3537841656409,4,1.6002462899003156,65,9.94930106788259,14.865043306133966,2.340317431032207,3,0.14334889627797767,0,0.7807877518334915,0.3686363101005554,1.879469272740578e-15
3,3,step,False,23,0.5342055744252718,0.5811813526438411,0.15393891255971237,0.5884220754114263,20.35954427838876,4,1.4853578680848185,45,6.829466164867438,8.839923898832309,1.6117748430731833,3,0.05368524791544191,0,0.7807877518334915,0.3686363101005554,1.879469272740578e-15
4,0,init,False,0,0.7314387939142174,0.7450461345457544,0.5073575779719194,0.3488720987583121,44.639233131341264,4,1.4717034210320197,80,nan,nan,2.70029024724345,3,nan,0,nan,nan,nan
4,0,init,False,1,0.1901008407877457,0.5387740353104102,0.8060556090402555,0.1562697109825038,95.16254019214296,4,1.1874728407876145,152,nan,nan,2.8063796167440547,3,nan,0,nan,nan,nan
4,0,init,False,2,1.441147482065505,0.12547491477965414,0.09893059557084266,0.875115265500899,70.04878199399387,4,1.2364578866533147,111,nan,nan,2.927552482503763,3,nan,0,nan,nan,nan
4,0,init,False,3,0.767155368090763,0.8806226397998046,0.39211122835536594,0.3000681300408479,100.75550557741175,4,1.2565369514170905,162,nan,nan,2.82633341142597,3,nan,0,nan,nan,nan
4,0,init,False,4,0.5621501343069247,0.4001306997553786,0.10521224533694302,0.31103520024761433,89.49245843116506,4,1.1743079759427548,143,nan,nan,2.9082430367581877,3,nan,0,nan,nan,nan
4,0,init,False,5,1.741348863480143,0.18019803974502965,0.13551876239308314,1.0518740386369914,46.93688532852703,4,1.300178936994807,78,nan,nan,2.6855431830532597,3,nan,0,nan,nan,nan
4,0,init,False,6,1.1638828463724025,0.12021083452670073,0.06289977297936399,0.622028426472157,73.73652846831166,4,1.3447438919268,122,nan,nan,2.9009983942777633,3,nan,0,nan,nan,nan
4,0,init,False,7,2.6451436560886648,0.021279567571159452,0.07602073873092775,1.546293103374471,13.3769927683865,4,1.5612099688142451,29,nan,nan,1.8547885538293745,3,nan,0,nan,nan,nan
4,0,init,False,8,1.1773111634983904,0.22117886229598382,0.23291791713110763,0.7933264009229355,64.15268601527599,4,1.229517982047906,102,nan,nan,2.7779322813977054,3,nan,0,nan,nan,nan
4,0,init,False,9,2.021911938662873,0.11474361406792581,0.03730169591404009,1.2721400504958391,18.556817078819357,4,1.3693512604865345,39,nan,nan,2.126737249611038,3,nan,0,nan,nan,nan
4,0,init,False,10,1.5164206506624354,0.20094704188061374,0.13808931204054878,0.8302204335831187,46.70874174669558,4,1.527742603416708,79,nan,nan,2.894637204094119,3,nan,0,nan,nan,nan
4,0,init,False,11,1.7873261353014271,0.3620240303078772,0.26528785634809443,1.126051849928676,57.084695115331876,4,1.5808953940501442,96,nan,nan,2.60913255641355,3,nan,0,nan,nan,nan
4,0,init,False,12,0.4960937291639991,0.48148411753312864,0.4108634612164743,0.3111488363554541,63.6783197134603,4,1.3589012809914252,108,nan,nan,2.960605448953177,3,nan,0,nan,nan,nan
4,0,init,False,13,0.7733730741862967,0.7019126788451838,0.25563087505352156,0.451534386767639,66.83403132970636,4,1.329152171362885,115,nan,nan,2.855557723233121,3,nan,0,nan,nan,nan
4,0,init,False,14,1.2441028283176079,0.4017169048792213,0.08698193174574825,0.7674945914542526,58.061725957454186,4,1.2633188937440742,98,nan,nan,2.7652050589997046,3,nan,0,nan,nan,nan
4,0,init,False,15,1.020636180189332,0.1299202666332921,0.06380384431239458,0.6787413011425951,58.51959310555104,4,1.2981172287303016,108,nan,nan,2.958994206216348,3,nan,0,nan,nan,nan
4,0,init,False,16,0.6465795769665226,0.5572098456880025,0.44473672083792226,0.3681701844501494,97.89745695364742,4,1.2003166810382462,147,nan,nan,2.923924655455956,3,nan,0,nan,nan,nan
4,0,init,False,17,1.3800791253006297,0.17113040714641523,0.3454219447144979,0.7570265018045935,48.80763556737149,4,1.4697516896109295,86,nan,nan,2.8458162569145267,3,nan,0,nan,nan,nan
4,0,init,False,18,1.9545733255213382,0.1734032492476009,0.17340324924760217,1.3881731250162486,7.853191170770043,4,1.7569804946433485,22,nan,nan,1.0,1,nan,0,nan,nan,nan
4,0,init,False,19,0.8642655972196809,0.6884346776557059,0.03665801877604915,0.45671670486002897,61.87620529710102,4,1.340721252836389,104,nan,nan,2.9441104665741795,3,nan,0,nan,nan,nan
4,0,init,False,20,0.4015157065634968,0.09553030176328495,0.735242077860848,0.23255373067413956,32.3597539167309,4,1.4465041377328534,59,nan,nan,2.6799202987995057,3,nan,0,nan,nan,nan
4,0,init,False,21,1.0339699688965198,0.14316599556041945,0.12056576519138043,0.6144482949458159,110.95355214142103,4,1.16420689553413,158,nan,nan,2.8325130346728526,3,nan,0,nan,nan,nan
4,0,init,False,22,0.8323167227644012,0.19370791104893295,0.13164829101919223,0.5634638051950027,28.29923000992318,4,1.2823286814629669,48,nan,nan,2.849794411913929,3,nan,0,nan,nan,nan
4,0,init,False,23,0.6269417020834565,0.18647168760878174,0.38204053994893644,0.33682594423068674,84.20743898946,4,1.3641352759470966,132,nan,nan,2.96277875304588,3,nan,0,nan,nan,nan
4,1,step,False,0,0.7314387939142174,0.730227916908026,0.5073575779719194,0.3488720987583121,44.639233131341264,4,1.4717034210320197,80,10.867840800094928,16.34553838528442,2.70029024724345,3,0.23979549754167936,0,1.5893452000177961,1.0,3.802061714350407e-16
4,1,step,False,1,0.1901008407877457,0.5138650209114591,0.8060556090402555,0.1562697109825038,95.16254019214296,4,1.1874728407876145,152,30.42662057704763,44.156256981023,2.8063796167440547,3,0.3277807520952183,0,1.5893452000177961,1.0,3.802061714350407e-16
4,1,step,False,2,1.441147482065505,0.09470203736870864,0.09893059557084266,0.875115265500899,70.04878199399387,4,1.2364578866533147,111,21.88223548020074,29.81173253236193,2.927552482503763,3,0.2616491714381419,0,1.5893452000177961,1.0,3.802061714350407e-16
4,1,step,False,3,0.767155368090763,0.8736525752355011,0.39211122835536594,0.3000681300408479,100.75550557741175,4,1.2565369514170905,162,36.94905793727604,50.487823389069,2.82633341142597,3,0.24751121514521776,0,1.5893452000177961,1.0,3.802061714350407e-16
4,1,step,False,4,0.5621501343069247,0.3724524009110799,0.10521224533694302,0.31103520024761433,89.49245843116506,4,1.1743079759427548,143,35.40288280778162,49.32900839808475,2.9082430367581877,3,0.3260510045015697,0,1.5893452000177961,1.0,3.802061714350407e-16
4,1,step,False,5,1.741348863480143,0.2041976537422904,0.13551876239308314,1.0518740386369914,46.93688532852703,4,1.300178936994807,78,14.18712793226074,20.63637407450372,2.6855431830532597,3,0.2869980657427397,0,1.5893452000177961,1.0,3.802061714350407e-16
4,1,step,False,6,1.1638828463724025,0.23495062649372594,0.06289977297936399,0.622028426472157,73.73652846831166,4,1.3447438919268,122,27.282808259752084,37.815597881797714,2.9009983942777633,3,0.3023348381116019,0,1.5893452000177961,1.0,3.802061714350407e-16
4,1,step,False,7,2.6451436560886648,0.08159476882312278,0.07602073873092775,1.546293103374471,13.3769927683865,4,1.5612099688142451,29,6.00000000042726,9.157163809743498,1.8547885538293745,3,0.3559447005943514,0,1.5893452000177961,1.0,3.802061714350407e-16
4,1,step,False,8,1.1773111634983904,0.1266405460320521,0.23291791713110763,0.7933264009229355,64.15268601527599,4,1.229517982047906,102,22.14512891317337,30.00529150549333,2.7779322813977054,3,0.2438864908729655,0,1.5893452000177961,1.0,3.802061714350407e-16
4,1,step,False,9,2.021911938662873,0.17795488325456854,0.03730169591404009,1.2721400504958391,18.556817078819357,4,1.3693512604865345,39,6.00000000017142,7.867996565455747,2.126737249611038,3,0.23933497196075804,0,1.5893452000177961,1.0,3.802061714350407e-16
4,1,step,False,10,1.5164206506624354,0.11984212924917735,0.13808931204054878,0.8302204335831187,46.70874174669558,4,1.527742603416708,79,15.88586239200536,23.671434326590305,2.894637204094119,3,0.3853066803840102,0,1.5893452000177961,1.0,3.802061714350407e-16
4,1,step,False,11,1.7873261353014271,0.48507626116047126,0.26528785634809443,1.126051849928676,57.084695115331876,4,1.5808953940501442,96,16.934463209239592,24.277678458123926,2.60913255641355,3,0.21222764813334763,0,1.5893452000177961,1.0,3.802061714350407e-16
4,1,step,False,12,0.4960937291639991,0.47803965056144093,0.4108634612164743,0.3111488363554541,63.6783197134603,4,1.3589012809914252,108,18.425165416187124,25.54088599863783,2.960605448953177,3,0.34744256954441316,0,1.5893452000177961,1.0,3.802061714350407e-16
4,1,step,False,13,0.7733730741862967,0.6757055302769354,0.25563087505352156,0.451534386767639,66.83403132970636,4,1.329152171362885,115,18.09668162674781,27.251058628448416,2.855557723233121,3,0.357160263514401,0,1.5893452000177961,1.0,3.802061714350407e-16
4,1,step,False,14,1.2441028283176079,0.4839622870926846,0.08698193174574825,0.7674945914542526,58.061725957454186,4,1.2633188937440742,98,18.681311522456305,25.606853720183594,2.7652050589997046,3,0.2514023880471366,0,1.5893452000177961,1.0,3.802061714350407e-16
4,1,step,False,15,1.020636180189332,0.20608473981396383,0.06380384431239458,0.6787413011425951,58.51959310555104,4,1.2981172287303016,108,16.919473306581814,25.11235260271079,2.958994206216348,3,0.2524464246425814,0,1.5893452000177961,1.0,3.802061714350407e-16
4,1,step,False,16,0.6465795769665226,0.4412146230322262,0.44473672083792226,0.3681701844501494,97.89745695364742,4,1.2003166810382462,147,36.715597490790174,52.64884482421617,2.923924655455956,3,0.2775211210578676,0,1.5893452000177961,1.0,3.802061714350407e-16
4,1,step,False,17,1.3800791253006297,0.17636353316336922,0.3454219447144979,0.7570265018045935,48.80763556737149,4,1.4697516896109295,86,13.735150674123815,18.06236898152559,2.8458162569145267,3,0.23292355417729105,0,1.5893452000177961,1.0,3.802061714350407e-16
4,1,step,False,18,1.9545733255213382,0.19352940155288767,0.17340324924760217,1.3881731250162486,7.853191170770043,4,1.7569804946433485,22,6.000000000348895,9.690096691282585,1.0,1,0.5027948127997083,0,1.5893452000177961,1.0,3.802061714350407e-16
4,1,step,False,19,0.8642655972196809,0.6880696022244408,0.03665801877604915,0.45671670486002897,61.87620529710102,4,1.340721252836389,104,21.447002476224277,28.496418702030272,2.9441104665741795,3,0.33361144394087916,0,1.5893452000177961,1.0,3.802061714350407e-16
4,1,step,False,20,0.4015157065634968,0.14250013277474283,0.735242077860848,0.23255373067413956,32.3597539167309,4,1.4465041377328534,59,8.713449693383566,13.394106441929836,2.6799202987995057,3,0.2348541492574514,0,1.5893452000177961,1.0,3.802061714350407e-16
4,1,step,False,21,1.0339699688965198,0.1918457120268986,0.12056576519138043,0.6144482949458159,110.95355214142103,4,1.16420689553413,158,47.440106444905595,65.38818605400166,2.8325130346728526,3,0.24439178517271506,0,1.5893452000177961,1.0,3.802061714350407e-16
4,1,step,False,22,0.8323167227644012,0.5274287859859513,0.13164829101919223,0.5634638051950027,28.29923000992318,4,1.2823286814629669,48,9.93844657111371,14.007689025494434,2.849794411913929,3,0.29888568707465535,0,1.5893452000177961,1.0,3.802061714350407e-16
4,1,step,False,23,0.6269417020834565,0.08547457098192211,0.38204053994893644,0.33682594423068674,84.20743898946,4,1.3641352759470966,132,29.45918808884126,41.345521551778255,2.96277875304588,3,0.34687638922486586,0,1.5893452000177961,1.0,3.802061714350407e-16
4,2,step,False,0,0.7314387939142174,0.7893625482129928,0.5073575779719194,0.3488720987583121,44.639233131341264,4,1.4717034210320197,80,13.352610134300935,20.574909528651425,2.70029024724345,3,0.19078870622083563,0,1.1238367685788733,0.6254379004240036,2.1272546451815172e-15
4,2,step,False,1,0.1901008407877457,0.5721879931744444,0.8060556090402555,0.1562697109825038,95.16254019214296,4,1.1874728407876145,152,30.86230408394358,41.99667040850312,2.8063796167440547,3,0.14526962227907408,0,1.1238367685788733,0.6254379004240036,2.1272546451815172e-15
4,2,step,False,2,1.441147482065505,0.05736959920864602,0.09893059557084266,0.875115265500899,70.04878199399387,4,1.2364578866533147,111,22.672258503445427,30.514836816394254,2.927552482503763,3,0.15428285358508914,0,1.1238367685788733,0.6254379004240036,2.1272546451815172e-15
4,2,step,False,3,0.767155368090763,0.8996809275137417,0.39211122835536594,0.3000681300408479,100.75550557741175,4,1.2565369514170905,162,36.14981105339424,48.30896936424448,2.8263334114259706,3,0.20875557773884104,0,1.1238367685788733,0.6254379004240036,2.1272546451815172e-15
4,2,step,False,4,0.5621501343069247,0.43437122532490463,0.10521224533694302,0.31103520024761433,89.49245843116506,4,1.1743079759427548,143,34.75135569041689,49.6925825694285,2.9082430367581877,3,0.14577522499576354,0,1.1238367685788733,0.6254379004240036,2.1272546451815172e-15
4,2,step,False,5,1.741348863480143,0.1674520480881062,0.13551876239308314,1.0518740386369914,46.93688532852703,4,1.300178936994807,78,11.046776779842013,15.158542416994743,2.6855431830532597,3,0.23792094872562028,0,1.1238367685788733,0.6254379004240036,2.1272546451815172e-15
4,2,step,False,6,1.1638828463724025,0.2643495027139696,0.06289977297936399,0.622028426472157,73.73652846831166,4,1.3447438919268,122,28.941787578894598,39.31414056572014,2.9009983942777633,3,0.17356188467480085,0,1.1238367685788733,0.6254379004240036,2.1272546451815172e-15
4,2,step,False,7,2.6451436560886648,0.11763778940187809,0.07602073873092775,1.546293103374471,13.3769927683865,4,1.5612099688142451,29,6.000000000235486,9.67566431411164,1.8547885538293745,3,0.29659972035962195,0,1.1238367685788733,0.6254379004240036,2.1272546451815172e-15
4,2,step,False,8,1.1773111634983904,0.13016045499680792,0.23291791713110763,0.7933264009229355,64.15268601527599,4,1.229517982047906,102,22.010015141977057,28.93482552709816,2.7779322813977054,3,0.21974674354736862,0,1.1238367685788733,0.6254379004240036,2.1272546451815172e-15
4,2,step,False,9,2.021911938662873,0.1438088427398016,0.03730169591404009,1.2721400504958391,18.556817078819357,4,1.3693512604865345,39,6.000000000279585,7.848603970423359,2.126737249611038,3,0.17634882793684695,0,1.1238367685788733,0.6254379004240036,2.1272546451815172e-15
4,2,step,False,10,1.5164206506624354,0.10569990039030835,0.13808931204054878,0.8302204335831187,46.70874174669558,4,1.527742603416708,79,13.842098647269946,20.42947461008157,2.894637204094119,3,0.15620282147697553,0,1.1238367685788733,0.6254379004240036,2.1272546451815172e-15
4,2,step,False,11,1.7873261353014271,0.5802405086732841,0.26528785634809443,1.126051849928676,57.084695115331876,4,1.5808953940501442,96,15.476464163680259,22.68476735792111,2.60913255641355,3,0.1434199646803317,0,1.1238367685788733,0.6254379004240036,2.1272546451815172e-15
4,2,step,False,12,0.4960937291639991,0.4350010317733171,0.4108634612164743,0.3111488363554541,63.6783197134603,4,1.3589012809914252,108,18.916346908825933,25.756827392835998,2.960605448953177,3,0.12541204527118247,0,1.1238367685788733,0.6254379004240036,2.1272546451815172e-15
4,2,step,False,13,0.7733730741862967,0.6869266217345315,0.25563087505352156,0.451534386767639,66.83403132970636,4,1.329152171362885,115,21.277220407341197,32.56425067342654,2.855557723233121,3,0.25562079081759237,0,1.1238367685788733,0.6254379004240036,2.1272546451815172e-15
4,2,step,False,14,1.2441028283176079,0.5661779070105502,0.08698193174574825,0.7674945914542526,58.061725957454186,4,1.2633188937440742,98,17.54294892665147,25.100005235952697,2.7652050589997046,3,0.1846046248272824,0,1.1238367685788733,0.6254379004240036,2.1272546451815172e-15
4,2,step,False,15,1.020636180189332,0.17063283919045538,0.06380384431239458,0.6787413011425951,58.51959310555104,4,1.2981172287303016,108,17.63733733173046,24.86509251193386,2.958994206216348,3,0.15641243349180955,0,1.1238367685788733,0.6254379004240036,2.1272546451815172e-15
4,2,step,False,16,0.6465795769665226,0.3647172095894362,0.44473672083792226,0.3681701844501494,97.89745695364742,4,1.2003166810382462,147,37.04236857317917,52.68853164790882,2.923924655455956,3,0.17568108924983503,0,1.1238367685788733,0.6254379004240036,2.1272546451815172e-15
4,2,step,False,17,1.3800791253006297,0.20961125922427418,0.3454219447144979,0.7570265018045935,48.80763556737149,4,1.4697516896109295,86,12.103587601984513,16.07524503739675,2.8458162569145267,3,0.19317113539239283,0,1.1238367685788733,0.6254379004240036,2.1272546451815172e-15
4,2,step,False,18,1.9545733255213382,0.13227331515529892,0.17340324924760217,1.3881731250162486,7.853191170770043,4,1.7569804946433485,22,6.000000000742845,10.630272912209792,1.0,1,0.3461605731115673,0,1.1238367685788733,0.6254379004240036,2.1272546451815172e-15
4,2,step,False,19,0.8642655972196809,0.7281303524465198,0.03665801877604915,0.45671670486002897,61.87620529710102,4,1.340721252836389,104,21.66414973754144,28.42050593807443,2.9441104665741795,3,0.12613310092674304,0,1.1238367685788733,0.6254379004240036,2.1272546451815172e-15
4,2,step,False,20,0.4015157065634968,0.06889663945185413,0.735242077860848,0.23255373067413956,32.3597539167309,4,1.4465041377328534,59,10.14536886354522,14.50546596905403,2.6799202987995057,3,0.14603622538561062,0,1.1238367685788733,0.6254379004240036,2.1272546451815172e-15
4,2,step,False,21,1.0339699688965198,0.12318353553486198,0.12056576519138043,0.6144482949458159,110.95355214142103,4,1.16420689553413,158,45.753344468745055,61.463091389690696,2.8325130346728526,3,0.16182704693116434,0,1.1238367685788733,0.6254379004240036,2.1272546451815172e-15
4,2,step,False,22,0.8323167227644012,0.5104747574191183,0.13164829101919223,0.5634638051950027,28.29923000992318,4,1.2823286814629669,48,11.259040676364373,16.23458919963633,2.849794411913929,3,0.1897163570528181,0,1.1238367685788733,0.6254379004240036,2.1272546451815172e-15
4,2,step,False,23,0.6269417020834565,0.06852945852798129,0.38204053994893644,0.33682594423068674,84.20743898946,4,1.3641352759470966,132,30.589791231867597,43.73189344482826,2.96277875304588,3,0.12543568344167363,0,1.1238367685788733,0.6254379004240036,2.1272546451815172e-15
4,3,step,False,0,0.7314387939142174,0.7895959496325478,0.5073575779719194,0.3488720987583121,44.639233131341264,4,1.4717034210320197,80,13.929660514416582,20.2893025033294,2.70029024724345,3,0.1213725643489907,0,0.794672600008898,0.38231244683265686,1.2731741804921955e-13
4,3,step,False,1,0.1901008407877457,0.49546057919276526,0.8060556090402555,0.1562697109825038,95.16254019214296,4,1.1874728407876145,152,33.49360873415384,45.42043109150237,2.8063796167440547,3,0.12623549199291823,0,0.794672600008898,0.38231244683265686,1.2731741804921955e-13
4,3,step,False,2,1.441147482065505,0.057906292649725716,0.09893059557084266,0.875115265500899,70.04878199399387,4,1.2364578866533147,111,20.788761059267202,27.395107210141166,2.927552482503763,3,0.1361506540672717,0,0.794672600008898,0.38231244683265686,1.2731741804921955e-13
4,3,step,False,3,0.767155368090763,0.900265662927554,0.39211122835536594,0.3000681300408479,100.75550557741175,4,1.2565369514170905,162,36.119199009730224,48.89498734733799,2.8263334114259706,3,0.16505412459360075,0,0.794672600008898,0.38231244683265686,1.2731741804921955e-13
4,3,step,False,4,0.5621501343069247,0.3844853707059763,0.10521224533694302,0.31103520024761433,89.49245843116506,4,1.1743079759427548,143,30.60478806057757,42.0113717003367,2.9082430367581877,3,0.12649901029806962,0,0.794672600008898,0.38231244683265686,1.2731741804921955e-13
4,3,step,False,5,1.741348863480143,0.17853586918546252,0.13551876239308314,1.0518740386369914,46.93688532852703,4,1.300178936994807,78,8.628741392886198,11.285258580684806,2.6855431830532597,3,0.13910309000857513,0,0.794672600008898,0.38231244683265686,1.2731741804921955e-13
4,3,step,False,6,1.1638828463724025,0.26380060469020383,0.06289977297936399,0.622028426472157,73.73652846831166,4,1.3447438919268,122,29.612484289465343,39.27551906771463,2.9009983942777633,3,0.1053954092701192,0,0.794672600008898,0.38231244683265686,1.2731741804921955e-13
4,3,step,False,7,2.6451436560886648,0.16823839122683612,0.07602073873092775,1.546293103374471,13.3769927683865,4,1.5612099688142451,29,6.00000000029064,8.759081737782605,1.8547885538293745,3,0.4248411085293016,0,0.794672600008898,0.38231244683265686,1.2731741804921955e-13
4,3,step,False,8,1.1773111634983904,0.16276262415651355,0.23291791713110763,0.7933264009229355,64.15268601527599,4,1.229517982047906,102,21.706093424878095,28.574855531388486,2.7779322813977054,3,0.14265774273556514,0,0.794672600008898,0.38231244683265686,1.2731741804921955e-13
4,3,step,False,9,2.021911938662873,0.07763134807217252,0.03730169591404009,1.2721400504958391,18.556817078819357,4,1.3693512604865345,39,6.000000000174168,7.827426451487535,2.126737249611038,3,0.13127068722115962,0,0.794672600008898,0.38231244683265686,1.2731741804921955e-13
4,3,step,False,10,1.5164206506624354,0.10860863633289537,0.13808931204054878,0.8302204335831187,46.70874174669558,4,1.527742603416708,79,12.55720716398319,16.354896566897153,2.894637204094119,3,0.12425362789194416,0,0.794672600008898,0.38231244683265686,1.2731741804921955e-13
4,3,step,False,11,1.7873261353014271,0.49032354009950313,0.26528785634809443,1.126051849928676,57.084695115331876,4,1.5808953940501442,96,16.98433699311109,26.313916233826752,2.60913255641355,3,0.10527188349392497,0,0.794672600008898,0.38231244683265686,1.2731741804921955e-13
4,3,step,False,12,0.4960937291639991,0.6837493125962685,0.4108634612164743,0.3111488363554541,63.6783197134603,4,1.3589012809914252,108,22.519114916240667,30.63877706268945,2.960605448953177,3,0.10562195765774401,0,0.794672600008898,0.38231244683265686,1.2731741804921955e-13
4,3,step,False,13,0.7733730741862967,0.5089735681486361,0.25563087505352156,0.451534386767639,66.83403132970636,4,1.329152171362885,115,22.283027409187333,33.44068020777187,2.855557723233121,3,0.11408797353977645,0,0.794672600008898,0.38231244683265686,1.2731741804921955e-13
4,3,step,False,14,1.2441028283176079,0.44462810014707005,0.08698193174574825,0.7674945914542526,58.061725957454186,4,1.2633188937440742,98,18.045024121652776,24.604286544137093,2.7652050589997046,3,0.1001505652043554,0,0.794672600008898,0.38231244683265686,1.2731741804921955e-13
4,3,step,False,15,1.020636180189332,0.2935988045583369,0.06380384431239458,0.6787413011425951,58.51959310555104,4,1.2981172287303016,108,18.87041554464699,25.726046205991025,2.958994206216348,3,0.10482735460541898,0,0.794672600008898,0.38231244683265686,1.2731741804921955e-13
4,3,step,False,16,0.6465795769665226,0.352207615889141,0.44473672083792226,0.3681701844501494,97.89745695364742,4,1.2003166810382462,147,37.927759693964006,53.795185740759585,2.923924655455956,3,0.14424731601655308,0,0.794672600008898,0.38231244683265686,1.2731741804921955e-13
4,3,step,False,17,1.3800791253006297,0.9021444196919312,0.3454219447144979,0.7570265018045935,48.80763556737149,4,1.4697516896109295,86,9.999482300142258,13.909596974151988,2.8458162569145267,3,0.12437006077923644,0,0.794672600008898,0.38231244683265686,1.2731741804921955e-13
4,3,step,False,18,1.9545733255213382,0.1171615613878216,0.17340324924760217,1.3881731250162486,7.853191170770043,4,1.7569804946433485,22,6.000000000188092,9.661054423317054,1.0,1,0.15236965405767747,0,0.794672600008898,0.38231244683265686,1.2731741804921955e-13
4,3,step,False,19,0.8642655972196809,0.8927520824068182,0.03665801877604915,0.45671670486002897,61.87620529710102,4,1.340721252836389,104,22.133136271454806,29.37518372238044,2.9441104665741795,3,0.10380733314020334,0,0.794672600008898,0.38231244683265686,1.2731741804921955e-13
4,3,step,False,20,0.4015157065634968,0.31127055256581615,0.735242077860848,0.23255373067413956,32.3597539167309,4,1.4465041377328534,59,11.633178434246874,16.934575590400456,2.6799202987995057,3,0.14364452111862008,0,0.794672600008898,0.38231244683265686,1.2731741804921955e-13
4,3,step,False,21,1.0339699688965198,0.07302118822910787,0.12056576519138043,0.6144482949458159,110.95355214142103,4,1.16420689553413,158,44.13801509112633,54.82611641274379,2.8325130346728526,3,0.09283331615367985,0,0.794672600008898,0.38231244683265686,1.2731741804921955e-13
4,3,step,False,22,0.8323167227644012,0.3719136926318662,0.13164829101919223,0.5634638051950027,28.29923000992318,4,1.2823286814629669,48,11.373582681064898,15.893398341342412,2.849794411913929,3,0.19123308345221485,0,0.794672600008898,0.38231244683265686,1.2731741804921955e-13
4,3,step,False,23,0.6269417020834565,0.9225099103439677,0.38204053994893644,0.33682594423068674,84.20743898946,4,1.3641352759470966,132,29.71869003350998,41.488633902544954,2.96277875304588,3,0.10549598087089962,0,0.794672600008898,0.38231244683265686,1.2731741804921955e-13
5,0,init,False,0,1.1820895330230798,0.30387232982687395,0.32411163960540756,0.857374985614215,38.90297561919407,4,1.5071678897923484,67,nan,nan,1.7944674370949696,3,nan,0,nan,nan,nan
5,0,init,False,1,0.26367240428572386,0.8292856373102852,0.16539621168576113,0.22185542112478318,95.84519872031498,4,1.287746448166381,155,nan,nan,2.9661082912800496,3,nan,0,nan,nan,nan
5,0,init,False,2,1.4340599023864413,0.12445543687285686,0.174592190100755,1.158405486237627,55.98291989849718,4,1.3553777963333264,95,nan,nan,2.711602444278969,3,nan,0,nan,nan,nan
5,0,init,False,3,2.0354935116480677,0.19109760857545915,0.05406743463390932,1.7285146722177454,33.44533630616429,4,1.4575318171354017,57,nan,nan,2.6335730204745307,3,nan,0,nan,nan,nan
5,0,init,False,4,1.71708545598336,0.04322726365827332,0.10099193842856587,1.3571937829292102,60.11580097272275,4,1.2389011314110931,99,nan,nan,2.7928086788709896,3,nan,0,nan,nan,nan
5,0,init,False,5,1.1181558309160755,0.15105906694695945,0.08198948536465712,0.7935726957298979,61.19777099850654,4,1.4314713500216605,105,nan,nan,2.7462921611834212,3,nan,0,nan,nan,nan
5,0,init,False,6,0.6253378024127711,0.22684153632641157,0.0994278080918958,0.4892243965605667,110.0586936588459,4,1.2500789463895183,165,nan,nan,2.973815696204649,3,nan,0,nan,nan,nan
5,0,init,False,7,1.2089920649223933,0.2100055348444722,0.09013254848285365,0.9641824706292976,67.29482899156545,4,1.355290842554952,115,nan,nan,2.870026565729044,3,nan,0,nan,nan,nan
5,0,init,False,8,1.9290127460323419,0.11002760353969684,0.11002760353969786,1.4732891678458182,14.016744934235074,4,1.7009976930557105,28,nan,nan,1.0,1,nan,0,nan,nan,nan
5,0,init,False,9,1.3537456170574012,0.022228177339566536,0.01697244973965534,1.04435512009004,73.0190906692872,4,1.3651017948003297,121,nan,nan,2.750285017427781,3,nan,0,nan,nan,nan
5,0,init,False,10,1.0134078727473856,0.2115699795430861,0.1575940360127539,0.7596442934490684,73.13296962220065,4,1.3820441899567106,114,nan,nan,2.890516043662201,3,nan,0,nan,nan,nan
5,0,init,False,11,2.6010207254251076,0.08194597553177038,0.11251685372823621,1.9476187491606891,17.438172763650442,4,1.8152890169892664,36,nan,nan,2.496812069815267,3,nan,0,nan,nan,nan
5,0,init,False,12,0.847995390281777,0.22710937222324729,0.14576423570776728,0.6044797632237658,99.09670441818193,4,1.2786510227569414,158,nan,nan,2.9577913647956575,3,nan,0,nan,nan,nan
5,0,init,False,13,1.158477556120006,0.30313003049116216,0.18855795233335254,0.861497801534667,33.837397863001414,4,1.573040429892719,63,nan,nan,1.6317218464138068,3,nan,0,nan,nan,nan
5,0,init,False,14,1.6911301854914427,0.29800330758960264,0.13234764475274036,1.3948780066692326,36.99050377418594,4,1.5126754161719986,70,nan,nan,2.5095391165817675,3,nan,0,nan,nan,nan
5,0,init,False,15,0.9443564653403165,0.3192249637746159,0.30536971770350596,0.5686140600774047,68.61454808951223,4,1.2549233403767515,114,nan,nan,2.92689581328589,3,nan,0,nan,nan,nan
5,0,init,False,16,1.469340822890217,0.05860672865763124,0.059506334722753726,1.0994060958644145,67.84650810599985,4,1.4085137832519536,117,nan,nan,2.8200202692486878,3,nan,0,nan,nan,nan
5,0,init,False,17,2.426100916153647,0.11275206797863441,0.13396921756337518,1.8155762674298326,30.159664122786523,4,1.3692893234626067,58,nan,nan,2.2941665286469495,3,nan,0,nan,nan,nan
5,0,init,False,18,1.2113073977099769,0.45989502112364966,0.28248299094411533,0.7543919456706542,34.494677777760245,4,1.4694076471196909,65,nan,nan,2.726178758066487,3,nan,0,nan,nan,nan
5,0,init,False,19,0.6565585810840902,0.19786839981173027,0.16920178771608774,0.5798657723895476,94.9924857091055,4,1.1841976947545165,144,nan,nan,2.8112607849156763,3,nan,0,nan,nan,nan
5,0,init,False,20,0.22818447607247358,0.9422125200406275,0.24247710600803601,0.22721771292319382,114.43026484318936,4,1.2019047796631555,169,nan,nan,2.9713634767986816,3,nan,0,nan,nan,nan
5,0,init,False,21,2.8435732924836863,0.09063708881124638,0.14108848787634234,2.2355014986939183,9.042044717524398,4,1.8542263553963083,21,nan,nan,1.8902502288882013,2,nan,0,nan,nan,nan
5,0,init,False,22,1.170997784687522,0.3420872285146253,0.11031236597377962,0.8321436965387609,82.5520169378254,4,1.1535871122095316,135,nan,nan,2.874330430066633,3,nan,0,nan,nan,nan
5,0,init,False,23,0.7465120467117895,0.5437960938551383,0.22621884580915622,0.47678905410900263,67.49268048574271,4,1.1477873774205645,107,nan,nan,2.891183818887826,3,nan,0,nan,nan,nan
5,1,step,False,0,1.1820895330230798,0.1666253659908962,0.32411163960540756,0.857374985614215,38.90297561919407,4,1.5071678897923484,67,11.17293158946632,16.456088780701318,1.7944674370949696,3,0.3089654924534212,0,1.5361907633867116,1.0,1.0067218003831355e-15
5,1,step,False,1,0.26367240428572386,0.7496695617279338,0.16539621168576113,0.22185542112478318,95.84519872031498,4,1.287746448166381,155,33.67709180614857,47.36336676718726,2.9661082912800496,3,0.3620660838452742,0,1.5361907633867116,1.0,1.0067218003831355e-15
5,1,step,False,2,1.4340599023864413,0.08917038216949084,0.174592190100755,1.158405486237627,55.98291989849718,4,1.3553777963333264,95,16.2232282358807,24.655222482180157,2.711602444278969,3,0.2128763297107134,0,1.5361907633867116,1.0,1.0067218003831355e-15
5,1,step,False,3,2.0354935116480677,0.20515536148623081,0.05406743463390932,1.7285146722177454,33.44533630616429,4,1.4575318171354017,57,11.778477256056245,16.32116319251349,2.6335730204745307,3,0.2186488203361263,0,1.5361907633867116,1.0,1.0067218003831355e-15
5,1,step,False,4,1.71708545598336,0.11026101563803826,0.10099193842856587,1.3571937829292102,60.11580097272275,4,1.2389011314110931,99,21.634179176079904,29.941043516514128,2.7928086788709896,3,0.2782634295949787,0,1.5361907633867116,1.0,1.0067218003831355e-15
5,1,step,False,5,1.1181558309160755,0.07042009537834082,0.08198948536465712,0.7935726957298979,61.19777099850654,4,1.4314713500216605,105,20.09338342682252,27.79327243098916,2.7462921611834212,3,0.26078041077992864,0,1.5361907633867116,1.0,1.0067218003831355e-15
5,1,step,False,6,0.6253378024127711,0.4640949927919218,0.0994278080918958,0.4892243965605667,110.0586936588459,4,1.2500789463895183,165,39.19008595268184,52.14454097154675,2.973815696204649,3,0.24819788571373932,0,1.5361907633867116,1.0,1.0067218003831355e-15
5,1,step,False,7,1.2089920649223933,0.24126026454965088,0.09013254848285365,0.9641824706292976,67.29482899156545,4,1.355290842554952,115,22.818660679297867,31.59651724682935,2.870026565729044,3,0.29501838903674926,0,1.5361907633867116,1.0,1.0067218003831355e-15
5,1,step,False,8,1.9290127460323419,0.13687789955749127,0.11002760353969786,1.4732891678458182,14.016744934235074,4,1.7009976930557105,28,6.000000000142502,8.402144971464958,1.0,1,0.48645759351876566,0,1.5361907633867116,1.0,1.0067218003831355e-15
5,1,step,False,9,1.3537456170574012,0.0788148298439387,0.01697244973965534,1.04435512009004,73.0190906692872,4,1.3651017948003297,121,20.507121797576986,32.0715818384732,2.750285017427781,3,0.2107259254539901,0,1.5361907633867116,1.0,1.0067218003831355e-15
5,1,step,False,10,1.0134078727473856,0.23885907189315106,0.1575940360127539,0.7596442934490684,73.13296962220065,4,1.3820441899567106,114,25.0304841296724,34.772517725431705,2.890516043662201,3,0.17181303947741694,0,1.5361907633867116,1.0,1.0067218003831355e-15
5,1,step,False,11,2.6010207254251076,0.14749369566565823,0.11251685372823621,1.9476187491606891,17.438172763650442,4,1.8152890169892664,36,6.000000000786857,10.061509155140543,2.496812069815267,3,0.36430040579748574,0,1.5361907633867116,1.0,1.0067218003831355e-15
5,1,step,False,12,0.847995390281777,0.0677337533522165,0.14576423570776728,0.6044797632237658,99.09670441818193,4,1.2786510227569414,158,36.62482742136224,51.908543908929694,2.9577913647956575,3,0.24418274831529346,0,1.5361907633867116,1.0,1.0067218003831355e-15
5,1,step,False,13,1.158477556120006,0.2168571720526401,0.18855795233335254,0.861497801534667,33.837397863001414,4,1.573040429892719,63,10.120835993986212,13.94226606814005,1.6317218464138068,3,0.38598159328513665,0,1.5361907633867116,1.0,1.0067218003831355e-15
5,1,step,False,14,1.6911301854914427,0.2748579641542933,0.13234764475274036,1.3948780066692326,36.99050377418594,4,1.5126754161719986,70,7.82599694807122,12.830351168609024,2.5095391165817675,3,0.36408841977624584,0,1.5361907633867116,1.0,1.0067218003831355e-15
5,1,step,False,15,0.9443564653403165,0.38266894657541073,0.30536971770350596,0.5686140600774047,68.61454808951223,4,1.2549233403767515,114,24.546968000354262,33.24617060392652,2.92689581328589,3,0.2463221399106123,0,1.5361907633867116,1.0,1.0067218003831355e-15
5,1,step,False,16,1.469340822890217,0.10356358194534088,0.059506334722753726,1.0994060958644145,67.84650810599985,4,1.4085137832519536,117,18.534764586363135,28.955810419867785,2.8200202692486878,3,0.26367794705680364,0,1.5361907633867116,1.0,1.0067218003831355e-15
5,1,step,False,17,2.426100916153647,0.29015329742535007,0.13396921756337518,1.8155762674298326,30.159664122786523,4,1.3692893234626067,58,6.054047008644099,8.392926223184741,2.2941665286469495,3,0.21755755088375178,0,1.5361907633867116,1.0,1.0067218003831355e-15
5,1,step,False,18,1.2113073977099769,0.5044383450502137,0.28248299094411533,0.7543919456706542,34.494677777760245,4,1.4694076471196909,65,10.82602053150082,16.56309678049839,2.726178758066487,3,0.2567110585013259,0,1.5361907633867116,1.0,1.0067218003831355e-15
5,1,step,False,19,0.6565585810840902,0.1610209688500677,0.16920178771608774,0.5798657723895476,94.9924857091055,4,1.1841976947545165,144,36.96978609357848,53.55873231954947,2.8112607849156763,3,0.31703745480882345,0,1.5361907633867116,1.0,1.0067218003831355e-15
5,1,step,False,20,0.22818447607247358,0.9763599279709911,0.24247710600803601,0.22721771292319382,114.43026484318936,4,1.2019047796631555,169,43.83236656690404,62.06222334747862,2.9713634767986816,3,0.361754844686652,0,1.5361907633867116,1.0,1.0067218003831355e-15
5,1,step,False,21,2.8435732924836863,0.08318320346862032,0.14108848787634234,2.2355014986939183,9.042044717524398,4,1.8542263553963083,21,6.0000000003773195,7.963532480492461,1.8902502288882013,2,0.2402693615726429,0,1.5361907633867116,1.0,1.0067218003831355e-15
5,1,step,False,22,1.170997784687522,0.4206891040541478,0.11031236597377962,0.8321436965387609,82.5520169378254,4,1.1535871122095316,135,29.83058501371553,41.32661134980959,2.874330430066633,3,0.2682915720800341,0,1.5361907633867116,1.0,1.0067218003831355e-15
5,1,step,False,23,0.7465120467117895,0.44154113563942576,0.22621884580915622,0.47678905410900263,67.49268048574271,4,1.1477873774205645,107,23.706998561935052,32.99485764915649,2.891183818887826,3,0.2897438675585113,0,1.5361907633867116,1.0,1.0067218003831355e-15
5,2,step,False,0,1.1820895330230798,0.12317936379539916,0.32411163960540756,0.857374985614215,38.90297561919407,4,1.5071678897923484,67,9.492985743232394,15.507369691799298,1.7944674370949696,3,0.17766301372817447,0,1.0862509059868828,0.6133184283971786,1.555342780885361e-15
5,2,step,False,1,0.26367240428572386,0.6874560267849438,0.16539621168576113,0.22185542112478318,95.84519872031498,4,1.287746448166381,155,34.873505873637164,51.84246489741673,2.9661082912800496,3,0.31787701993214296,0,1.0862509059868828,0.6133184283971786,1.555342780885361e-15
5,2,step,False,2,1.4340599023864413,0.10384779119479771,0.174592190100755,1.158405486237627,55.98291989849718,4,1.3553777963333264,95,16.25155243884435,24.967276541147523,2.711602444278969,3,0.26350544611456284,0,1.0862509059868828,0.6133184283971786,1.555342780885361e-15
5,2,step,False,3,2.0354935116480677,0.10616072655932947,0.05406743463390932,1.7285146722177454,33.44533630616429,4,1.4575318171354017,57,9.332164552474753,12.912537500530652,2.6335730204745307,3,0.25551744954671995,0,1.0862509059868828,0.6133184283971786,1.555342780885361e-15
5,2,step,False,4,1.71708545598336,0.08726420140640191,0.10099193842856587,1.3571937829292102,60.11580097272275,4,1.2389011314110931,99,17.033129740097063,21.97065663274926,2.7928086788709896,3,0.2072624208906049,0,1.0862509059868828,0.6133184283971786,1.555342780885361e-15
5,2,step,False,5,1.1181558309160755,0.042424676241011566,0.08198948536465712,0.7935726957298979,61.19777099850654,4,1.4314713500216605,105,21.057785992255074,27.94552381289281,2.7462921611834212,3,0.1719393753566474,0,1.0862509059868828,0.6133184283971786,1.555342780885361e-15
5,2,step,False,6,0.6253378024127711,0.43765472261738564,0.0994278080918958,0.4892243965605667,110.0586936588459,4,1.2500789463895183,165,43.38468997895054,60.54145432161453,2.973815696204649,3,0.26230402736977343,0,1.0862509059868828,0.6133184283971786,1.555342780885361e-15
5,2,step,False,7,1.2089920649223933,0.18882065278004834,0.09013254848285365,0.9641824706292976,67.29482899156545,4,1.355290842554952,115,23.59557947874979,32.9974879886188,2.870026565729044,3,0.18945641101405059,0,1.0862509059868828,0.6133184283971786,1.555342780885361e-15
5,2,step,False,8,1.9290127460323419,0.15523592010443724,0.11002760353969786,1.4732891678458182,14.016744934235074,4,1.7009976930557105,28,6.00000000031719,8.330667363780712,1.0,1,0.3303906373129765,0,1.0862509059868828,0.6133184283971786,1.555342780885361e-15
5,2,step,False,9,1.3537456170574012,0.1404216454272281,0.01697244973965534,1.04435512009004,73.0190906692872,4,1.3651017948003297,121,18.370651137872127,26.690979591511663,2.750285017427781,3,0.16022240731650084,0,1.0862509059868828,0.6133184283971786,1.555342780885361e-15
5,2,step,False,10,1.0134078727473856,0.09388412033447392,0.1575940360127539,0.7596442934490684,73.13296962220065,4,1.3820441899567106,114,27.23612374832743,36.99924061062705,2.890516043662201,3,0.15964239860604304,0,1.0862509059868828,0.6133184283971786,1.555342780885361e-15
5,2,step,False,11,2.6010207254251076,0.1699587861666945,0.11251685372823621,1.9476187491606891,17.438172763650442,4,1.8152890169892664,36,6.000000000459888,9.386810790836815,2.496812069815267,3,0.19900448802000575,0,1.0862509059868828,0.6133184283971786,1.555342780885361e-15
5,2,step,False,12,0.847995390281777,0.0404244496284005,0.14576423570776728,0.6044797632237658,99.09670441818193,4,1.2786510227569414,158,38.814520978533295,53.83346525438127,2.9577913647956575,3,0.24188774915056857,0,1.0862509059868828,0.6133184283971786,1.555342780885361e-15
5,2,step,False,13,1.158477556120006,0.31207593299349085,0.18855795233335254,0.861497801534667,33.837397863001414,4,1.573040429892719,63,11.762497336447352,16.920737670450972,1.6317218464138068,3,0.25141919108629496,0,1.0862509059868828,0.6133184283971786,1.555342780885361e-15
5,2,step,False,14,1.6911301854914427,0.2289799921380813,0.13234764475274036,1.3948780066692326,36.99050377418594,4,1.5126754161719986,70,6.576124655256091,9.854452180205584,2.5095391165817675,3,0.19321783719513363,0,1.0862509059868828,0.6133184283971786,1.555342780885361e-15
5,2,step,False,15,0.9443564653403165,0.3646327487342791,0.30536971770350596,0.5686140600774047,68.61454808951223,4,1.2549233403767515,114,24.987439685025244,33.36459533510385,2.92689581328589,3,0.22134324824406124,0,1.0862509059868828,0.6133184283971786,1.555342780885361e-15
5,2,step,False,16,1.469340822890217,0.10695276498466981,0.059506334722753726,1.0994060958644145,67.84650810599985,4,1.4085137832519536,117,17.468512188879483,26.979615196508508,2.8200202692486878,3,0.19661867037404127,0,1.0862509059868828,0.6133184283971786,1.555342780885361e-15
5,2,step,False,17,2.426100916153647,0.29884622286468643,0.13396921756337518,1.8155762674298326,30.159664122786523,4,1.3692893234626067,58,6.000000000356405,9.024012198196244,2.2941665286469495,3,0.18508842209713325,0,1.0862509059868828,0.6133184283971786,1.555342780885361e-15
5,2,step,False,18,1.2113073977099769,0.45192444734957277,0.28248299094411533,0.7543919456706542,34.494677777760245,4,1.4694076471196909,65,11.677430563540907,17.139287430734626,2.726178758066487,3,0.22879936062572404,0,1.0862509059868828,0.6133184283971786,1.555342780885361e-15
5,2,step,False,19,0.6565585810840902,0.15901117811285972,0.16920178771608774,0.5798657723895476,94.9924857091055,4,1.1841976947545165,144,40.02586606665812,57.09560108400076,2.8112607849156763,3,0.2757511690201298,0,1.0862509059868828,0.6133184283971786,1.555342780885361e-15
5,2,step,False,20,0.22818447607247358,0.9923348984468473,0.24247710600803601,0.22721771292319382,114.43026484318936,4,1.2019047796631555,169,42.29124283231156,60.4555535469498,2.9713634767986816,3,0.3178458404220377,0,1.0862509059868828,0.6133184283971786,1.555342780885361e-15
5,2,step,False,21,2.8435732924836863,0.13126581069231233,0.14108848787634234,2.2355014986939183,9.042044717524398,4,1.8542263553963083,21,6.000000000382093,8.812342172552329,1.8902502288882013,2,0.2862152383071439,0,1.0862509059868828,0.6133184283971786,1.555342780885361e-15
5,2,step,False,22,1.170997784687522,0.38959662881511753,0.11031236597377962,0.8321436965387609,82.5520169378254,4,1.1535871122095316,135,30.34225264679184,42.93286620419616,2.874330430066633,3,0.19406680723746733,0,1.0862509059868828,0.6133184283971786,1.555342780885361e-15
5,2,step,False,23,0.7465120467117895,0.5378711947621801,0.22621884580915622,0.47678905410900263,67.49268048574271,4,1.1477873774205645,107,23.988498009184433,32.47652259194518,2.891183818887826,3,0.25585960635700744,0,1.0862509059868828,0.6133184283971786,1.555342780885361e-15
5,3,step,False,0,1.1820895330230798,0.13985428973769878,0.32411163960540756,0.857374985614215,38.90297561919407,4,1.5071678897923484,67,12.647611064693525,19.458487388602688,1.7944674370949696,3,0.06596644317245084,0,0.7680953816933557,0.3652588427066803,5.0460200364418625e-15
5,3,step,False,1,0.26367240428572386,0.58221956266808,0.16539621168576113,0.22185542112478318,95.84519872031498,4,1.287746448166381,155,33.25002087848532,46.172923078934105,2.9661082912800496,3,0.1362952908753529,0,0.7680953816933557,0.3652588427066803,5.0460200364418625e-15
5,3,step,False,2,1.4340599023864413,0.17528762883849808,0.174592190100755,1.158405486237627,55.98291989849718,4,1.3553777963333264,95,14.749780228530831,20.059515013014938,2.711602444278969,3,0.10675404479294069,0,0.7680953816933557,0.3652588427066803,5.0460200364418625e-15
5,3,step,False,3,2.0354935116480677,0.1609523438179553,0.05406743463390932,1.7285146722177454,33.44533630616429,4,1.4575318171354017,57,8.175914613982027,11.573341140421388,2.6335730204745307,3,0.10857020560118036,0,0.7680953816933557,0.3652588427066803,5.0460200364418625e-15
5,3,step,False,4,1.71708545598336,0.12438659781070874,0.10099193842856587,1.3571937829292102,60.11580097272275,4,1.2389011314110931,99,14.586297956579216,18.15114105016922,2.7928086788709896,3,0.10191911167353529,0,0.7680953816933557,0.3652588427066803,5.0460200364418625e-15
5,3,step,False,5,1.1181558309160755,0.04486083847667303,0.08198948536465712,0.7935726957298979,61.19777099850654,4,1.4314713500216605,105,22.37604302241549,30.070380382150205,2.7462921611834212,3,0.11706313430761736,0,0.7680953816933557,0.3652588427066803,5.0460200364418625e-15
5,3,step,False,6,0.6253378024127711,0.38059561058407254,0.0994278080918958,0.4892243965605667,110.0586936588459,4,1.2500789463895183,165,42.97634099904039,57.53769973587949,2.973815696204649,3,0.12697861536042043,0,0.7680953816933557,0.3652588427066803,5.0460200364418625e-15
5,3,step,False,7,1.2089920649223933,0.30398313950661343,0.09013254848285365,0.9641824706292976,67.29482899156545,4,1.355290842554952,115,21.181808484259683,28.70043441479095,2.870026565729044,3,0.13199966581984593,0,0.7680953816933557,0.3652588427066803,5.0460200364418625e-15
5,3,step,False,8,1.9290127460323419,0.20330383571445274,0.11002760353969786,1.4732891678458182,14.016744934235074,4,1.7009976930557105,28,6.0000000004354215,8.735029833356567,1.0,1,0.33598808031284294,0,0.7680953816933557,0.3652588427066803,5.0460200364418625e-15
5,3,step,False,9,1.3537456170574012,0.2073713114214352,0.01697244973965534,1.04435512009004,73.0190906692872,4,1.3651017948003297,121,19.30818587015376,26.852696560723995,2.750285017427781,3,0.11642999606123981,0,0.7680953816933557,0.3652588427066803,5.0460200364418625e-15
5,3,step,False,10,1.0134078727473856,0.31796117449674705,0.1575940360127539,0.7596442934490684,73.13296962220065,4,1.3820441899567106,114,30.266969327917767,40.59612757579169,2.890516043662201,3,0.10533037117914892,0,0.7680953816933557,0.3652588427066803,5.0460200364418625e-15
5,3,step,False,11,2.6010207254251076,0.2056894350233633,0.11251685372823621,1.9476187491606891,17.438172763650442,4,1.8152890169892664,36,6.000000000123068,8.326626294919969,2.496812069815267,3,0.17052670848121987,0,0.7680953816933557,0.3652588427066803,5.0460200364418625e-15
5,3,step,False,12,0.847995390281777,0.09283679218313053,0.14576423570776728,0.6044797632237658,99.09670441818193,4,1.2786510227569414,158,40.35810913562314,53.6059554372567,2.9577913647956575,3,0.12527391090815385,0,0.7680953816933557,0.3652588427066803,5.0460200364418625e-15
5,3,step,False,13,1.158477556120006,0.3313044508947086,0.18855795233335254,0.861497801534667,33.837397863001414,4,1.573040429892719,63,13.467740147709227,18.03875854977466,1.6317218464138068,3,0.10653780562018154,0,0.7680953816933557,0.3652588427066803,5.0460200364418625e-15
5,3,step,False,14,1.6911301854914427,0.18614798769744556,0.13234764475274036,1.3948780066692326,36.99050377418594,4,1.5126754161719986,70,6.559615360805269,9.419009569002885,2.5095391165817675,3,0.16679341503689024,0,0.7680953816933557,0.3652588427066803,5.0460200364418625e-15
5,3,step,False,15,0.9443564653403165,0.49818870190218867,0.30536971770350596,0.5686140600774047,68.61454808951223,4,1.2549233403767515,114,24.857232290380267,33.395933430701454,2.92689581328589,3,0.11893469343355334,0,0.7680953816933557,0.3652588427066803,5.0460200364418625e-15
5,3,step,False,16,1.469340822890217,0.09342533026347395,0.059506334722753726,1.0994060958644145,67.84650810599985,4,1.4085137832519536,117,17.321165619156833,25.220191090593925,2.8200202692486878,3,0.17952898624499156,0,0.7680953816933557,0.3652588427066803,5.0460200364418625e-15
5,3,step,False,17,2.426100916153647,0.34314242116534005,0.13396921756337518,1.8155762674298326,30.159664122786523,4,1.3692893234626067,58,6.000000000284526,8.363249304354119,2.2941665286469495,3,0.170793505623248,0,0.7680953816933557,0.3652588427066803,5.0460200364418625e-15
5,3,step,False,18,1.2113073977099769,0.485557978786422,0.28248299094411533,0.7543919456706542,34.494677777760245,4,1.4694076471196909,65,11.330091233147124,16.63878565699028,2.726178758066487,3,0.12285739856472093,0,0.7680953816933557,0.3652588427066803,5.0460200364418625e-15
5,3,step,False,19,0.6565585810840902,0.13697982605491002,0.16920178771608774,0.5798657723895476,94.9924857091055,4,1.1841976947545165,144,40.339839290298244,52.91246099351602,2.8112607849156763,3,0.10212133290476089,0,0.7680953816933557,0.3652588427066803,5.0460200364418625e-15
5,3,step,False,20,0.22818447607247358,0.9999066933437692,0.24247710600803601,0.22721771292319382,114.43026484318936,4,1.2019047796631555,169,39.21482637696032,52.550786861979404,2.9713634767986816,3,0.13631699586340476,0,0.7680953816933557,0.3652588427066803,5.0460200364418625e-15
5,3,step,False,21,2.8435732924836863,0.17238272172565966,0.14108848787634234,2.2355014986939183,9.042044717524398,4,1.8542263553963083,21,6.000000000369359,8.66499382828092,1.8902502288882013,2,0.07060752961365431,0,0.7680953816933557,0.3652588427066803,5.0460200364418625e-15
5,3,step,False,22,1.170997784687522,0.385370293286095,0.11031236597377962,0.8321436965387609,82.5520169378254,4,1.1535871122095316,135,30.513381742029484,41.33734252123836,2.874330430066633,3,0.1056649213511595,0,0.7680953816933557,0.3652588427066803,5.0460200364418625e-15
5,3,step,False,23,0.7465120467117895,0.4570419457630903,0.22621884580915622,0.47678905410900263,67.49268048574271,4,1.1477873774205645,107,27.427181134755262,37.45657807575321,2.891183818887826,3,0.10190560380920323,0,0.7680953816933557,0.3652588427066803,5.0460200364418625e-15
6,0,init,False,0,2.54098135741418,0.2852545387883963,0.10533064186017933,1.6683342527849552,17.46057952630617,4,1.27484943904016,33,nan,nan,1.5707688609171744,3,nan,0,nan,nan,nan
6,0,init,False,1,0.7412300966119058,0.33471045550436423,0.183944991524154,0.4523221269466964,58.75002316755938,4,1.3885988138108036,102,nan,nan,2.8528901645728966,3,nan,0,nan,nan,nan
6,0,init,False,2,0.2768699161868602,0.24192078383294283,0.45106349745289104,0.341659833482148,59.861531152866775,4,1.334131016019222,107,nan,nan,2.6044260793267258,3,nan,0,nan,nan,nan
6,0,init,False,3,0.49089716394589106,0.6023572906797862,0.3314081102594584,0.25780268821821556,84.03306920488411,4,1.2510632781073787,137,nan,nan,2.8591538498433904,3,nan,0,nan,nan,nan
6,0,init,False,4,0.9705931967434145,0.2470729061031442,0.3649086750788676,0.4583565544637617,19.762615612563682,4,1.2898079726077678,47,nan,nan,1.7722303826509713,3,nan,0,nan,nan,nan
6,0,init,False,5,1.595701416217555,0.11438145546933298,0.053804243093254184,0.811757240337845,75.81195041346109,4,1.48316733780218,126,nan,nan,2.9072160198006967,3,nan,0,nan,nan,nan
6,0,init,False,6,1.5853100652539636,0.20923034566676765,0.14833105598803048,0.7215622322955737,53.4790893985892,4,1.3239819964929083,95,nan,nan,2.829226727420198,3,nan,0,nan,nan,nan
6,0,init,False,7,0.4018957436714012,0.7090914025279138,0.5315990105554131,0.2722467318637011,96.64326979807032,4,1.184094946286352,153,nan,nan,2.699463160064144,3,nan,0,nan,nan,nan
6,0,init,False,8,1.2700049529393447,0.05315341012200795,0.12967084321444497,0.6850481526632658,42.525822798838774,4,1.3911741521780545,73,nan,nan,2.7115182103451887,3,nan,0,nan,nan,nan
6,0,init,False,9,1.396706319763929,0.24103358852196058,0.08502041075510425,0.773700771507764,71.97134862060662,4,1.170680791268743,118,nan,nan,2.7470720283530836,3,nan,0,nan,nan,nan
6,0,init,False,10,0.7169159324718162,0.374773007131154,0.1751292513448041,0.39889246314504756,115.49336898557972,4,1.2014671291458443,171,nan,nan,2.922415914119179,3,nan,0,nan,nan,nan
6,0,init,False,11,2.103429569382233,0.35563241909956517,0.14969814237956675,1.1211936545110492,48.80161383275155,4,1.3789303085189457,88,nan,nan,2.530896421448176,3,nan,0,nan,nan,nan
6,0,init,False,12,1.470954417908997,0.17304586559828536,0.04885071827081233,0.8343803663590249,75.62404581090895,4,1.283627964475052,117,nan,nan,2.841447203481652,3,nan,0,nan,nan,nan
6,0,init,False,13,1.388642514644572,0.07429160670686712,0.11153576650856575,0.7809233377273139,40.89857424422631,4,1.2771140316097331,72,nan,nan,2.5704773938298127,3,nan,0,nan,nan,nan
6,0,init,False,14,3.7373453800473535,0.05313389345617949,0.10974758732324526,2.460869903507289,2.7073364238549575,4,4.564046198290462,8,nan,nan,1.0780156009349202,2,nan,0,nan,nan,nan
6,0,init,False,15,0.40616906286920945,0.37579432360819304,0.43286249733228066,0.4135643299208524,50.47056557527236,4,1.434244672769924,91,nan,nan,2.723038829114603,3,nan,0,nan,nan,nan
6,0,init,False,16,0.3890029855377656,0.9582992054775421,0.1816422785489786,0.3081396337178968,122.0736781920817,4,1.2172174899420798,178,nan,nan,2.87333198910624,3,nan,0,nan,nan,nan
6,0,init,False,17,2.1699025667912704,0.17466405359193693,0.18857348268746224,1.2575505083726142,36.98537468571456,4,1.4482690910673952,70,nan,nan,2.5842589120237793,3,nan,0,nan,nan,nan
6,0,init,False,18,2.1977118582756474,0.16771376173112146,0.263495552965022,1.1995074475134946,16.87004217402684,4,1.443738741870929,33,nan,nan,1.5765211707915592,2,nan,0,nan,nan,nan
6,0,init,False,19,0.8905675226758757,0.3478861644469342,0.07690053708953833,0.5973469299301543,79.6001769273492,4,1.2791646380629778,128,nan,nan,2.8438891299032116,3,nan,0,nan,nan,nan
6,0,init,False,20,1.1310230282852698,0.08790545173131914,0.13668771394466506,0.6302446691925783,74.3621311687393,4,1.4697135649056174,122,nan,nan,2.933575942720432,3,nan,0,nan,nan,nan
6,0,init,False,21,2.0401207972277002,0.23761983646480786,0.10018629607509964,1.1638306853755096,56.20392719180741,4,1.334272943232875,93,nan,nan,2.7774650025098535,3,nan,0,nan,nan,nan
6,0,init,False,22,0.9210253947734512,0.2408461970238763,0.12253753551768862,0.5248899521282914,64.23113255828872,4,1.2918368917104768,104,nan,nan,2.866914103161619,3,nan,0,nan,nan,nan
6,0,init,False,23,1.5776915231880368,0.2962056783430035,0.06722009441184132,0.9423351722465786,75.37873253565283,4,1.217459543327222,119,nan,nan,2.6824898109979403,3,nan,0,nan,nan,nan
6,1,step,False,0,2.54098135741418,0.5451881071753005,0.10533064186017933,1.6683342527849552,17.46057952630617,4,1.27484943904016,33,6.000000000234156,8.247804774044706,1.5707688609171744,3,0.1606829090198505,0,1.6273409581129943,1.0,4.579120978839215e-16
6,1,step,False,1,0.7412300966119058,0.5640523079757414,0.183944991524154,0.4523221269466964,58.75002316755938,4,1.3885988138108036,102,15.36275977580894,21.212459869668514,2.8528901645728966,3,0.28488269857391446,0,1.6273409581129943,1.0,4.579120978839215e-16
6,1,step,False,2,0.2768699161868602,0.2271799993597066,0.45106349745289104,0.341659833482148,59.861531152866775,4,1.334131016019222,107,16.83259370480924,24.677812307732694,2.6044260793267258,3,0.35461864926161984,0,1.6273409581129943,1.0,4.579120978839215e-16
6,1,step,False,3,0.49089716394589106,0.6199034459536495,0.3314081102594584,0.25780268821821556,84.03306920488411,4,1.2510632781073787,137,26.58959450332477,36.08096288938939,2.8591538498433904,3,0.3518473013394057,0,1.6273409581129943,1.0,4.579120978839215e-16
6,1,step,False,4,0.9705931967434145,0.3597406341510838,0.3649086750788676,0.4583565544637617,19.762615612563682,4,1.2898079726077678,47,6.000000000481441,7.999597581940898,1.7722303826509713,3,0.3687872195217349,0,1.6273409581129943,1.0,4.579120978839215e-16
6,1,step,False,5,1.595701416217555,0.1836947724524394,0.053804243093254184,0.811757240337845,75.81195041346109,4,1.48316733780218,126,23.96852315630904,33.80458412771796,2.9072160198006967,3,0.22209853293741147,0,1.6273409581129943,1.0,4.579120978839215e-16
6,1,step,False,6,1.5853100652539636,0.3744374943962055,0.14833105598803048,0.7215622322955737,53.4790893985892,4,1.3239819964929083,95,13.618710527794772,19.98800139924261,2.829226727420198,3,0.25689663245769806,0,1.6273409581129943,1.0,4.579120978839215e-16
6,1,step,False,7,0.4018957436714012,0.6144495827599683,0.5315990105554131,0.2722467318637011,96.64326979807032,4,1.184094946286352,153,35.1861851967134,46.97883811133255,2.699463160064144,3,0.37130151098160774,0,1.6273409581129943,1.0,4.579120978839215e-16
6,1,step,False,8,1.2700049529393447,0.18215449472619027,0.12967084321444497,0.6850481526632658,42.525822798838774,4,1.3911741521780545,73,12.732039682213614,20.480168688471355,2.7115182103451887,3,0.4104265996147005,0,1.6273409581129943,1.0,4.579120978839215e-16
6,1,step,False,9,1.396706319763929,0.3893849842180401,0.08502041075510425,0.773700771507764,71.97134862060662,4,1.170680791268743,118,25.155465580470995,33.63605214959357,2.7470720283530836,3,0.27276833577308335,0,1.6273409581129943,1.0,4.579120978839215e-16
6,1,step,False,10,0.7169159324718162,0.19701684748026538,0.1751292513448041,0.39889246314504756,115.49336898557972,4,1.2014671291458443,171,49.35571960074817,67.07116552927494,2.922415914119179,3,0.30619777704134904,0,1.6273409581129943,1.0,4.579120978839215e-16
6,1,step,False,11,2.103429569382233,0.45272234146332874,0.14969814237956675,1.1211936545110492,48.80161383275155,4,1.3789303085189457,88,14.519322894768052,19.3033197375298,2.530896421448176,3,0.2734031198007774,0,1.6273409581129943,1.0,4.579120978839215e-16
6,1,step,False,12,1.470954417908997,0.17010234835342303,0.04885071827081233,0.8343803663590249,75.62404581090895,4,1.283627964475052,117,25.79336491686083,38.79039582110543,2.841447203481652,3,0.3494148591490742,0,1.6273409581129943,1.0,4.579120978839215e-16
6,1,step,False,13,1.388642514644572,0.12025973063183525,0.11153576650856575,0.7809233377273139,40.89857424422631,4,1.2771140316097331,72,10.016672991582903,13.1215986348465,2.5704773938298127,3,0.2957674543472985,0,1.6273409581129943,1.0,4.579120978839215e-16
6,1,step,False,14,3.7373453800473535,0.10624780163498236,0.10974758732324526,2.460869903507289,2.7073364238549575,4,4.564046198290462,8,6.000000000282098,10.874938683933525,1.0780156009349202,2,0.2648438762485514,0,1.6273409581129943,1.0,4.579120978839215e-16
6,1,step,False,15,0.40616906286920945,0.6597604818597728,0.43286249733228066,0.4135643299208524,50.47056557527236,4,1.434244672769924,91,12.403690647773246,18.229232119301496,2.723038829114603,3,0.2595196130728089,0,1.6273409581129943,1.0,4.579120978839215e-16
6,1,step,False,16,0.3890029855377656,0.8380237177742624,0.1816422785489786,0.3081396337178968,122.0736781920817,4,1.2172174899420798,178,48.173609060085724,69.33492169693001,2.87333198910624,3,0.4626923295558202,0,1.6273409581129943,1.0,4.579120978839215e-16
6,1,step,False,17,2.1699025667912704,0.47179291294749814,0.18857348268746224,1.2575505083726142,36.98537468571456,4,1.4482690910673952,70,8.755496127665829,12.896568378973392,2.5842589120237793,3,0.28772634250895335,0,1.6273409581129943,1.0,4.579120978839215e-16
6,1,step,False,18,2.1977118582756474,0.1114865204541223,0.263495552965022,1.1995074475134946,16.87004217402684,4,1.443738741870929,33,6.000000000251383,7.644120775784168,1.5765211707915592,2,0.36926273024703654,0,1.6273409581129943,1.0,4.579120978839215e-16
6,1,step,False,19,0.8905675226758757,0.09362090543244099,0.07690053708953833,0.5973469299301543,79.6001769273492,4,1.2791646380629778,128,30.213062681903562,42.1425408445288,2.8438891299032116,3,0.24329170642666756,0,1.6273409581129943,1.0,4.579120978839215e-16
6,1,step,False,20,1.1310230282852698,0.11541683685393482,0.13668771394466506,0.6302446691925783,74.3621311687393,4,1.4697135649056174,122,25.350055972965464,34.337063368970774,2.933575942720432,3,0.2219725071599721,0,1.6273409581129943,1.0,4.579120978839215e-16
6,1,step,False,21,2.0401207972277002,0.1448927462954815,0.10018629607509964,1.1638306853755096,56.20392719180741,4,1.334272943232875,93,17.60425583224027,23.710192275256475,2.7774650025098535,3,0.2710623994132648,0,1.6273409581129943,1.0,4.579120978839215e-16
6,1,step,False,22,0.9210253947734512,0.31657433980416877,0.12253753551768862,0.5248899521282914,64.23113255828872,4,1.2918368917104768,104,23.935624294868877,31.737084635556386,2.866914103161619,3,0.36704184480137897,0,1.6273409581129943,1.0,4.579120978839215e-16
6,1,step,False,23,1.5776915231880368,0.3978484956179869,0.06722009441184132,0.9423351722465786,75.37873253565283,4,1.217459543327222,119,29.76694276056097,41.88065224055272,2.6824898109979403,3,0.29585438806497344,0,1.6273409581129943,1.0,4.579120978839215e-16
6,2,step,False,0,2.54098135741418,0.44070648584959643,0.10533064186017933,1.6683342527849552,17.46057952630617,4,1.27484943904016,33,6.00000000040645,8.486821361077228,1.5707688609171744,3,0.24562185807032044,0,1.1507038267843115,0.6138837933540344,3.1187894839599035e-15
6,2,step,False,1,0.7412300966119058,0.5686676363598209,0.183944991524154,0.4523221269466964,58.75002316755938,4,1.3885988138108036,102,17.322892811182594,24.945071840038572,2.8528901645728966,3,0.218229585939668,0,1.1507038267843115,0.6138837933540344,3.1187894839599035e-15
6,2,step,False,2,0.2768699161868602,0.19063577813444335,0.45106349745289104,0.341659833482148,59.861531152866775,4,1.334131016019222,107,19.51945356546978,27.804496238829646,2.6044260793267258,3,0.16097553913661994,0,1.1507038267843115,0.6138837933540344,3.1187894839599035e-15
6,2,step,False,3,0.49089716394589106,0.6551916258047524,0.3314081102594584,0.25780268821821556,84.03306920488411,4,1.2510632781073787,137,27.61059741424652,37.73600912548659,2.8591538498433904,3,0.2881226689578657,0,1.1507038267843115,0.6138837933540344,3.1187894839599035e-15
6,2,step,False,4,0.9705931967434145,0.441047093086386,0.3649086750788676,0.4583565544637617,19.762615612563682,4,1.2898079726077678,47,6.000000000612596,8.677389329338581,1.7722303826509713,3,0.24337939569154426,0,1.1507038267843115,0.6138837933540344,3.1187894839599035e-15
6,2,step,False,5,1.595701416217555,0.3069415934507083,0.053804243093254184,0.811757240337845,75.81195041346109,4,1.48316733780218,126,21.4771138272299,28.728510542456895,2.9072160198006967,3,0.17881431653391017,0,1.1507038267843115,0.6138837933540344,3.1187894839599035e-15
6,2,step,False,6,1.5853100652539636,0.4580641730922077,0.14833105598803048,0.7215622322955737,53.4790893985892,4,1.3239819964929083,95,15.970147217504854,22.266123393074956,2.829226727420198,3,0.14757334497622301,0,1.1507038267843115,0.6138837933540344,3.1187894839599035e-15
6,2,step,False,7,0.4018957436714012,0.5046982391638273,0.5315990105554131,0.2722467318637011,96.64326979807032,4,1.184094946286352,153,37.80016192771409,50.368920999455874,2.699463160064144,3,0.264210581133263,0,1.1507038267843115,0.6138837933540344,3.1187894839599035e-15
6,2,step,False,8,1.2700049529393447,0.18283383557809288,0.12967084321444497,0.6850481526632658,42.525822798838774,4,1.3911741521780545,73,13.7057846649893,21.389551938121723,2.7115182103451887,3,0.22756228711772966,0,1.1507038267843115,0.6138837933540344,3.1187894839599035e-15
6,2,step,False,9,1.396706319763929,0.2925518420691301,0.08502041075510425,0.773700771507764,71.97134862060662,4,1.170680791268743,118,25.407355562401214,34.04430167006986,2.7470720283530836,3,0.23234890133860295,0,1.1507038267843115,0.6138837933540344,3.1187894839599035e-15
6,2,step,False,10,0.7169159324718162,0.23062790062256816,0.1751292513448041,0.39889246314504756,115.49336898557972,4,1.2014671291458443,171,47.90711525294326,63.678028430935775,2.922415914119179,3,0.2627246936894309,0,1.1507038267843115,0.6138837933540344,3.1187894839599035e-15
6,2,step,False,11,2.103429569382233,0.5002425355243414,0.14969814237956675,1.1211936545110492,48.80161383275155,4,1.3789303085189457,88,13.21290620306963,17.276448697413088,2.530896421448176,3,0.12532526611367484,0,1.1507038267843115,0.6138837933540344,3.1187894839599035e-15
6,2,step,False,12,1.470954417908997,0.13688419989958073,0.04885071827081233,0.8343803663590249,75.62404581090895,4,1.283627964475052,117,26.587595911107144,38.82981144377579,2.841447203481652,3,0.17443821720337316,0,1.1507038267843115,0.6138837933540344,3.1187894839599035e-15
6,2,step,False,13,1.388642514644572,0.10817451578046486,0.11153576650856575,0.7809233377273139,40.89857424422631,4,1.2771140316097331,72,10.471962573882099,13.806994594331806,2.5704773938298127,3,0.18649578124819918,0,1.1507038267843115,0.6138837933540344,3.1187894839599035e-15
6,2,step,False,14,3.7373453800473535,0.14530604937854608,0.10974758732324526,2.460869903507289,2.7073364238549575,4,4.564046198290462,8,6.0000000008756045,10.554820457479787,1.0780156009349202,2,0.24441354054869247,0,1.1507038267843115,0.6138837933540344,3.1187894839599035e-15
6,2,step,False,15,0.40616906286920945,0.6520423528377508,0.43286249733228066,0.4135643299208524,50.47056557527236,4,1.434244672769924,91,13.493341594467331,21.510058993636406,2.723038829114603,3,0.2255188538645755,0,1.1507038267843115,0.6138837933540344,3.1187894839599035e-15
6,2,step,False,16,0.3890029855377656,0.7252841201490299,0.1816422785489786,0.3081396337178968,122.0736781920817,4,1.2172174899420798,178,49.09734646915933,68.52406525754431,2.87333198910624,3,0.2839029361474243,0,1.1507038267843115,0.6138837933540344,3.1187894839599035e-15
6,2,step,False,17,2.1699025667912704,0.3842100557163195,0.18857348268746224,1.2575505083726142,36.98537468571456,4,1.4482690910673952,70,8.65963788025808,11.722092419208602,2.5842589120237793,3,0.11919732704427204,0,1.1507038267843115,0.6138837933540344,3.1187894839599035e-15
6,2,step,False,18,2.1977118582756474,0.29784898381438013,0.263495552965022,1.1995074475134946,16.87004217402684,4,1.443738741870929,33,6.00000000015633,7.451711626156301,1.5765211707915592,2,0.25695671833142975,0,1.1507038267843115,0.6138837933540344,3.1187894839599035e-15
6,2,step,False,19,0.8905675226758757,0.09996823280152926,0.07690053708953833,0.5973469299301543,79.6001769273492,4,1.2791646380629778,128,27.657499428114036,37.71387499602536,2.8438891299032116,3,0.2806956078973573,0,1.1507038267843115,0.6138837933540344,3.1187894839599035e-15
6,2,step,False,20,1.1310230282852698,0.22460494724518118,0.13668771394466506,0.6302446691925783,74.3621311687393,4,1.4697135649056174,122,25.447993110554204,33.95067270283722,2.933575942720432,3,0.1785419636366852,0,1.1507038267843115,0.6138837933540344,3.1187894839599035e-15
6,2,step,False,21,2.0401207972277002,0.17206466541516527,0.10018629607509964,1.1638306853755096,56.20392719180741,4,1.334272943232875,93,14.007508805054792,18.519342146339884,2.7774650025098535,3,0.22790224407052131,0,1.1507038267843115,0.6138837933540344,3.1187894839599035e-15
6,2,step,False,22,0.9210253947734512,0.16208931653395814,0.12253753551768862,0.5248899521282914,64.23113255828872,4,1.2918368917104768,104,24.547437894896984,32.2166560374584,2.866914103161619,3,0.20912701885024138,0,1.1507038267843115,0.6138837933540344,3.1187894839599035e-15
6,2,step,False,23,1.5776915231880368,0.28442315835882087,0.06722009441184132,0.9423351722465786,75.37873253565283,4,1.217459543327222,119,26.721580924771647,36.536337665046304,2.6824898109979403,3,0.14394106724911582,0,1.1507038267843115,0.6138837933540344,3.1187894839599035e-15
6,3,step,False,0,2.54098135741418,0.35346772838329005,0.10533064186017933,1.6683342527849552,17.46057952630617,4,1.27484943904016,33,6.000000000307418,8.041679409794249,1.5707688609171744,3,0.2349238892733636,0,0.8136704790564969,0.3694210946559906,1.7701288018332842e-14
6,3,step,False,1,0.7412300966119058,0.07473975239706876,0.183944991524154,0.4523221269466964,58.75002316755938,4,1.3885988138108036,102,21.089405806480386,29.52660528781073,2.8528901645728966,3,0.07298892456322102,0,0.8136704790564969,0.3694210946559906,1.7701288018332842e-14
6,3,step,False,2,0.2768699161868602,0.05340280961257759,0.45106349745289104,0.341659833482148,59.861531152866775,4,1.334131016019222,107,21.70154969595998,29.544718474969805,2.6044260793267258,3,0.1433772353039717,0,0.8136704790564969,0.3694210946559906,1.7701288018332842e-14
6,3,step,False,3,0.49089716394589106,0.8586092384923898,0.3314081102594584,0.25780268821821556,84.03306920488411,4,1.2510632781073787,137,28.572607637986657,39.4636374916029,2.8591538498433904,3,0.16586869473272536,0,0.8136704790564969,0.3694210946559906,1.7701288018332842e-14
6,3,step,False,4,0.9705931967434145,0.39056338296314363,0.3649086750788676,0.4583565544637617,19.762615612563682,4,1.2898079726077678,47,6.000000000049768,8.911870729297448,1.7722303826509713,3,0.11594420152767601,0,0.8136704790564969,0.3694210946559906,1.7701288018332842e-14
6,3,step,False,5,1.595701416217555,0.28152952584078433,0.053804243093254184,0.811757240337845,75.81195041346109,4,1.48316733780218,126,21.22140637900365,28.248406892183798,2.9072160198006967,3,0.09228948616672815,0,0.8136704790564969,0.3694210946559906,1.7701288018332842e-14
6,3,step,False,6,1.5853100652539636,0.46977431299135364,0.14833105598803048,0.7215622322955737,53.4790893985892,4,1.3239819964929083,95,16.99559659482244,22.47539020559852,2.829226727420198,3,0.13822598852810758,0,0.8136704790564969,0.3694210946559906,1.7701288018332842e-14
6,3,step,False,7,0.4018957436714012,0.6254085300474886,0.5315990105554131,0.2722467318637011,96.64326979807032,4,1.184094946286352,153,40.135761676065535,53.10906970975253,2.699463160064144,3,0.1597648583763988,0,0.8136704790564969,0.3694210946559906,1.7701288018332842e-14
6,3,step,False,8,1.2700049529393447,0.20434289981830955,0.12967084321444497,0.6850481526632658,42.525822798838774,4,1.3911741521780545,73,13.68042475035754,19.532287987320856,2.7115182103451887,3,0.144276448998136,0,0.8136704790564969,0.3694210946559906,1.7701288018332842e-14
6,3,step,False,9,1.396706319763929,0.2778831820729274,0.08502041075510425,0.773700771507764,71.97134862060662,4,1.170680791268743,118,26.03868989018209,36.41936603943646,2.7470720283530836,3,0.11439743544997744,0,0.8136704790564969,0.3694210946559906,1.7701288018332842e-14
6,3,step,False,10,0.7169159324718162,0.24157847855927211,0.1751292513448041,0.39889246314504756,115.49336898557972,4,1.2014671291458443,171,45.17674191014606,57.925272435718405,2.922415914119179,3,0.10423079795343307,0,0.8136704790564969,0.3694210946559906,1.7701288018332842e-14
6,3,step,False,11,2.103429569382233,0.46292619134574664,0.14969814237956675,1.1211936545110492,48.80161383275155,4,1.3789303085189457,88,13.890210877609489,17.995504217599517,2.530896421448176,3,0.12488215069517832,0,0.8136704790564969,0.3694210946559906,1.7701288018332842e-14
6,3,step,False,12,1.470954417908997,0.13615568559361685,0.04885071827081233,0.8343803663590249,75.62404581090895,4,1.283627964475052,117,26.579991422175556,35.93650199876394,2.841447203481652,3,0.1310008476854069,0,0.8136704790564969,0.3694210946559906,1.7701288018332842e-14
6,3,step,False,13,1.388642514644572,0.09402049497699204,0.11153576650856575,0.7809233377273139,40.89857424422631,4,1.2771140316097331,72,13.242515267199161,17.998177008961253,2.5704773938298127,3,0.11413121915086538,0,0.8136704790564969,0.3694210946559906,1.7701288018332842e-14
6,3,step,False,14,3.7373453800473535,0.23876555880680927,0.10974758732324526,2.460869903507289,2.7073364238549575,4,4.564046198290462,8,6.00000000081155,10.289022774668043,1.0780156009349202,2,0.12010854490919397,0,0.8136704790564969,0.3694210946559906,1.7701288018332842e-14
6,3,step,False,15,0.40616906286920945,0.2656676293075273,0.43286249733228066,0.4135643299208524,50.47056557527236,4,1.434244672769924,91,14.26374462892968,21.9609077451787,2.723038829114603,3,0.08258760828853182,0,0.8136704790564969,0.3694210946559906,1.7701288018332842e-14
6,3,step,False,16,0.3890029855377656,0.6031700199343714,0.1816422785489786,0.3081396337178968,122.0736781920817,4,1.2172174899420798,178,46.45591363043398,62.4579554417907,2.87333198910624,3,0.17779105620506588,0,0.8136704790564969,0.3694210946559906,1.7701288018332842e-14
6,3,step,False,17,2.1699025667912704,0.36115289571718756,0.18857348268746224,1.2575505083726142,36.98537468571456,4,1.4482690910673952,70,8.96872048118066,11.37862873247651,2.5842589120237793,3,0.09354087612121402,0,0.8136704790564969,0.3694210946559906,1.7701288018332842e-14
6,3,step,False,18,2.1977118582756474,0.759667508433723,0.263495552965022,1.1995074475134946,16.87004217402684,4,1.443738741870929,33,6.000000000125519,7.30365625995207,1.5765211707915592,2,0.20617322174660813,0,0.8136704790564969,0.3694210946559906,1.7701288018332842e-14
6,3,step,False,19,0.8905675226758757,0.16910416935358996,0.07690053708953833,0.5973469299301543,79.6001769273492,4,1.2791646380629778,128,25.194526909900564,33.180252093427185,2.8438891299032116,3,0.1448212174781801,0,0.8136704790564969,0.3694210946559906,1.7701288018332842e-14
6,3,step,False,20,1.1310230282852698,0.19235905658534563,0.13668771394466506,0.6302446691925783,74.3621311687393,4,1.4697135649056174,122,25.806049832156326,34.69799697577046,2.933575942720432,3,0.09232006006799147,0,0.8136704790564969,0.3694210946559906,1.7701288018332842e-14
6,3,step,False,21,2.0401207972277002,0.19076199025026122,0.10018629607509964,1.1638306853755096,56.20392719180741,4,1.334272943232875,93,11.11965819930946,14.868456155390056,2.7774650025098535,3,0.11591898199550707,0,0.8136704790564969,0.3694210946559906,1.7701288018332842e-14
6,3,step,False,22,0.9210253947734512,0.11928746072349003,0.12253753551768862,0.5248899521282914,64.23113255828872,4,1.2918368917104768,104,23.27300888227475,30.439155130899046,2.866914103161619,3,0.19704873499050135,0,0.8136704790564969,0.3694210946559906,1.7701288018332842e-14
6,3,step,False,23,1.5776915231880368,0.2856855995134317,0.06722009441184132,0.9423351722465786,75.37873253565283,4,1.217459543327222,119,22.904717841038867,29.612194088050444,2.6824898109979403,3,0.10863267481357691,0,0.8136704790564969,0.3694210946559906,1.7701288018332842e-14
7,0,init,False,0,1.695893548209062,0.2560609984401544,0.19525904343548456,0.9573948863427433,53.465993280249634,4,1.2472880042483732,97,nan,nan,2.556157788849405,3,nan,0,nan,nan,nan
7,0,init,False,1,2.2857085843603824,0.18974824383973904,0.08816563490338374,1.407207050863268,33.80790741579857,4,1.3955810576463779,68,nan,nan,2.593154622214722,3,nan,0,nan,nan,nan
7,0,init,False,2,0.7496180157712998,0.2812680062878143,0.22128192646225855,0.5188666530424966,102.02524851658946,4,1.2462523477289515,158,nan,nan,2.964268663028953,3,nan,0,nan,nan,nan
7,0,init,False,3,0.7321385464267546,0.7159859837203775,0.43061914756824915,0.4566342126644743,78.43110798093267,4,1.266839737976448,118,nan,nan,2.9377763937735804,3,nan,0,nan,nan,nan
7,0,init,False,4,1.3432311769705663,0.11314751309174782,0.022440461770385334,0.9259020799765998,75.99552897688298,4,1.1526094094761743,130,nan,nan,2.92251128209318,3,nan,0,nan,nan,nan
7,0,init,False,5,2.5599472376981836,0.31036044130431917,0.12059792129482677,1.516949512907638,24.62584607685912,4,1.7856351223096008,46,nan,nan,2.6574692110926144,3,nan,0,nan,nan,nan
7,0,init,False,6,2.5719546876022785,0.1692941356947784,0.0803887352418024,1.6257582648923694,25.886473484609475,4,1.3148413721217607,49,nan,nan,2.844568249021738,3,nan,0,nan,nan,nan
7,0,init,False,7,0.5562056173718655,0.11781049455829366,0.20872328781321825,0.3844420441868076,109.16931197286914,4,1.204066454109447,169,nan,nan,2.9419207028833205,3,nan,0,nan,nan,nan
7,0,init,False,8,0.18965584778829725,0.9670373385679787,0.9143077372142385,0.22116256011098753,78.52859213405438,4,1.3153045139270814,121,nan,nan,2.8783232477147616,3,nan,0,nan,nan,nan
7,0,init,False,9,1.7902645027757145,0.18056313175674044,0.20414307758733768,1.1345627468432873,30.051260915893067,4,1.5234981204062745,62,nan,nan,1.965315136448519,2,nan,0,nan,nan,nan
7,0,init,False,10,1.8688287133032908,0.08840697399235267,0.10160294257412553,1.164129773233636,13.875457717056847,4,1.5335676978780175,32,nan,nan,1.7510751662640738,3,nan,0,nan,nan,nan
7,0,init,False,11,1.798904448533471,0.10723916094572564,0.06039189156360905,1.01696113752201,22.526533495044212,4,1.4991487356783237,45,nan,nan,2.1093531614939183,3,nan,0,nan,nan,nan
7,0,init,False,12,1.656085565633077,0.460103533659849,0.2418351852356281,0.9201230880504457,66.52874753848387,4,1.4668885675408487,111,nan,nan,2.0588724176070796,3,nan,0,nan,nan,nan
7,0,init,False,13,1.4164375940140463,0.19873232331917856,0.12684618222524793,0.8454071957022431,49.903785347071945,4,1.4397238092834648,87,nan,nan,2.520374331857813,3,nan,0,nan,nan,nan
7,0,init,False,14,0.9095282557893342,0.8394638739913507,0.5823441853318562,0.5919228099474745,25.982990440588615,4,1.8809392902878954,46,nan,nan,1.7702377377974834,3,nan,0,nan,nan,nan
7,0,init,False,15,0.979959092698329,0.12886621057225792,0.12345671530436549,0.6714650101740443,100.22869046624908,4,1.1588893870320889,154,nan,nan,2.9873634029059875,3,nan,0,nan,nan,nan
7,0,init,False,16,0.6074272708457642,0.06727635500061345,0.15945736630496915,0.4085003650284757,114.58790735195603,4,1.2143450195914391,171,nan,nan,2.9642663802763103,3,nan,0,nan,nan,nan
7,0,init,False,17,0.7090745349758502,0.49953181240557787,0.28245151927795586,0.5006839274000127,91.91038893568631,4,1.2310369715249714,147,nan,nan,2.935695991862011,3,nan,0,nan,nan,nan
7,0,init,False,18,1.6675110350894953,0.18389873125989245,0.05872379568227734,1.0925690653641356,63.257256614165854,4,1.2209103837488429,107,nan,nan,2.926762361600587,3,nan,0,nan,nan,nan
7,0,init,False,19,0.9835998101561569,0.07564678233469908,0.132463352024765,0.6627376854633845,95.24671985369999,4,1.1657662482924642,146,nan,nan,2.9688975943093814,3,nan,0,nan,nan,nan
7,0,init,False,20,1.3118515925786611,0.1427781906641229,0.08429378441610243,0.9235690947304813,32.39522492289318,4,1.297573357104855,59,nan,nan,2.7619950596382363,3,nan,0,nan,nan,nan
7,0,init,False,21,2.4897466425669204,0.17401827659164806,0.1589147823289075,1.7721822389908501,12.877475319551785,4,1.6628685030494748,28,nan,nan,1.213309395418206,2,nan,0,nan,nan,nan
7,0,init,False,22,0.5277176915553676,0.3960423697519179,0.37647377676361277,0.3747600967617925,109.47356309689263,4,1.2290279960899777,170,nan,nan,2.9083143007799226,3,nan,0,nan,nan,nan
7,0,init,False,23,2.43209115517156,0.1784796927353592,0.08425974037642406,1.4524038013586822,29.217988145921435,4,1.4840626442287876,55,nan,nan,2.7186142106583873,3,nan,0,nan,nan,nan
7,1,step,False,0,1.695893548209062,0.24807783054013802,0.19525904343548456,0.9573948863427433,53.465993280249634,4,1.2472880042483732,97,15.507996359957538,23.645960967002807,2.556157788849405,3,0.5208801804240848,0,1.6605951643384131,1.0,4.537200994743707e-16
7,1,step,False,1,2.2857085843603824,0.20724569622042097,0.08816563490338374,1.407207050863268,33.80790741579857,4,1.3955810576463779,68,6.521452823460307,10.042722663536358,2.593154622214722,3,0.40168389798212734,0,1.6605951643384131,1.0,4.537200994743707e-16
7,1,step,False,2,0.7496180157712998,0.1696972152287766,0.22128192646225855,0.5188666530424966,102.02524851658946,4,1.2462523477289515,158,34.97049595842469,45.117098805605764,2.964268663028953,3,0.46104072440338795,0,1.6605951643384131,1.0,4.537200994743707e-16
7,1,step,False,3,0.7321385464267546,0.7809145991225612,0.43061914756824915,0.4566342126644743,78.43110798093267,4,1.266839737976448,118,26.15095431798394,36.65837000379006,2.9377763937735804,3,0.3386470976731983,0,1.6605951643384131,1.0,4.537200994743707e-16
7,1,step,False,4,1.3432311769705663,0.1528375681879372,0.022440461770385334,0.9259020799765998,75.99552897688298,4,1.1526094094761743,130,24.44210631248285,34.81996011635408,2.92251128209318,3,0.22923499481445772,0,1.6605951643384131,1.0,4.537200994743707e-16
7,1,step,False,5,2.5599472376981836,0.2754336134309612,0.12059792129482677,1.516949512907638,24.62584607685912,4,1.7856351223096008,46,6.000000000585682,9.516752299777842,2.6574692110926144,3,0.40683057661652733,0,1.6605951643384131,1.0,4.537200994743707e-16
7,1,step,False,6,2.5719546876022785,0.18646583087386415,0.0803887352418024,1.6257582648923694,25.886473484609475,4,1.3148413721217607,49,7.442089797589687,11.60852096269116,2.844568249021738,3,0.4544350654840728,0,1.6605951643384131,1.0,4.537200994743707e-16
7,1,step,False,7,0.5562056173718655,0.14150378018951312,0.20872328781321825,0.3844420441868076,109.16931197286914,4,1.204066454109447,169,44.71463294585974,61.689432715257816,2.9419207028833205,3,0.4525130661829365,0,1.6605951643384131,1.0,4.537200994743707e-16
7,1,step,False,8,0.18965584778829725,0.9904268183248462,0.9143077372142385,0.22116256011098753,78.52859213405438,4,1.3153045139270814,121,23.813398992061803,33.90219620912647,2.8783232477147616,3,0.3380049430307441,0,1.6605951643384131,1.0,4.537200994743707e-16
7,1,step,False,9,1.7902645027757145,0.07912897641711457,0.20414307758733768,1.1345627468432873,30.051260915893067,4,1.5234981204062745,62,7.457892022467633,11.932053152406091,1.965315136448519,2,0.3888857165794904,0,1.6605951643384131,1.0,4.537200994743707e-16
7,1,step,False,10,1.8688287133032908,0.24365193749979877,0.10160294257412553,1.164129773233636,13.875457717056847,4,1.5335676978780175,32,6.000000000447641,8.939572542087346,1.7510751662640738,3,0.44484839912443525,0,1.6605951643384131,1.0,4.537200994743707e-16
7,1,step,False,11,1.798904448533471,0.15813069386559855,0.06039189156360905,1.01696113752201,22.526533495044212,4,1.4991487356783237,45,6.000000000287427,7.803363812240605,2.1093531614939183,3,0.10185067372178977,0,1.6605951643384131,1.0,4.537200994743707e-16
7,1,step,False,12,1.656085565633077,0.6040859650670825,0.2418351852356281,0.9201230880504457,66.52874753848387,4,1.4668885675408487,111,22.07633146972727,31.83853491192256,2.0588724176070796,3,0.1458760436297948,0,1.6605951643384131,1.0,4.537200994743707e-16
7,1,step,False,13,1.4164375940140463,0.2863215201766796,0.12684618222524793,0.8454071957022431,49.903785347071945,4,1.4397238092834648,87,9.722569566055254,14.735965812203196,2.520374331857813,3,0.3253574532212172,0,1.6605951643384131,1.0,4.537200994743707e-16
7,1,step,False,14,0.9095282557893342,0.9257040245698455,0.5823441853318562,0.5919228099474745,25.982990440588615,4,1.8809392902878954,46,7.198143495626002,10.72591774988459,1.7702377377974834,3,0.10017454909797699,0,1.6605951643384131,1.0,4.537200994743707e-16
7,1,step,False,15,0.979959092698329,0.13035410622739058,0.12345671530436549,0.6714650101740443,100.22869046624908,4,1.1588893870320889,154,38.69873344675015,53.853702182277424,2.9873634029059875,3,0.4469256805180677,0,1.6605951643384131,1.0,4.537200994743707e-16
7,1,step,False,16,0.6074272708457642,0.15678567123390258,0.15945736630496915,0.4085003650284757,114.58790735195603,4,1.2143450195914391,171,48.0641338327472,67.445561422251,2.9642663802763103,3,0.4610058459860919,0,1.6605951643384131,1.0,4.537200994743707e-16
7,1,step,False,17,0.7090745349758502,0.375958817407659,0.28245151927795586,0.5006839274000127,91.91038893568631,4,1.2310369715249714,147,30.956332724561626,42.95449234441716,2.935695991862011,3,0.32592677115831986,0,1.6605951643384131,1.0,4.537200994743707e-16
7,1,step,False,18,1.6675110350894953,0.18501979949053415,0.05872379568227734,1.0925690653641356,63.257256614165854,4,1.2209103837488429,107,18.308987459315652,24.98037696756598,2.926762361600587,3,0.4541425911155736,0,1.6605951643384131,1.0,4.537200994743707e-16
7,1,step,False,19,0.9835998101561569,0.12146846116968645,0.132463352024765,0.6627376854633845,95.24671985369999,4,1.1657662482924642,146,38.0516721386496,53.05114956342134,2.9688975943093814,3,0.4663987832050513,0,1.6605951643384131,1.0,4.537200994743707e-16
7,1,step,False,20,1.3118515925786611,0.11848433311127583,0.08429378441610243,0.9235690947304813,32.39522492289318,4,1.297573357104855,59,9.105175267293191,13.6607547925201,2.7619950596382363,3,0.2293403758291882,0,1.6605951643384131,1.0,4.537200994743707e-16
7,1,step,False,21,2.4897466425669204,0.1677634525810335,0.1589147823289075,1.7721822389908501,12.877475319551785,4,1.6628685030494748,28,6.000000000144624,9.185863555411789,1.213309395418206,2,0.3721614838861201,0,1.6605951643384131,1.0,4.537200994743707e-16
7,1,step,False,22,0.5277176915553676,0.3078161027067843,0.37647377676361277,0.3747600967617925,109.47356309689263,4,1.2290279960899777,170,41.3399474802764,56.28471301796256,2.9083143007799226,3,0.4848776106038696,0,1.6605951643384131,1.0,4.537200994743707e-16
7,1,step,False,23,2.43209115517156,0.21274225652147719,0.08425974037642406,1.4524038013586822,29.217988145921435,4,1.4840626442287876,55,8.548061119125059,13.752532896366455,2.7186142106583873,3,0.4177158935963177,0,1.6605951643384131,1.0,4.537200994743707e-16
7,2,step,False,0,1.695893548209062,0.28461181953770276,0.19525904343548456,0.9573948863427433,53.465993280249634,4,1.2472880042483732,97,12.66742759575369,17.890767852408974,2.556157788849405,3,0.38389440266126845,0,1.1742181015092812,0.6030651181936264,3.5986389911191906e-16
7,2,step,False,1,2.2857085843603824,0.1101967943837282,0.08816563490338374,1.407207050863268,33.80790741579857,4,1.3955810576463779,68,6.685369214260467,9.58032322012154,2.593154622214722,3,0.2603720774231011,0,1.1742181015092812,0.6030651181936264,3.5986389911191906e-16
7,2,step,False,2,0.7496180157712998,0.21633900726403718,0.22128192646225855,0.5188666530424966,102.02524851658946,4,1.2462523477289515,158,36.42554649574822,48.978408258148306,2.964268663028953,3,0.24043458306466553,0,1.1742181015092812,0.6030651181936264,3.5986389911191906e-16
7,2,step,False,3,0.7321385464267546,0.7720308226187458,0.43061914756824915,0.4566342126644743,78.43110798093267,4,1.266839737976448,118,30.226764546595504,41.959500063812186,2.9377763937735804,3,0.27444027728879816,0,1.1742181015092812,0.6030651181936264,3.5986389911191906e-16
7,2,step,False,4,1.3432311769705663,0.13085825447371915,0.022440461770385334,0.9259020799765998,75.99552897688298,4,1.1526094094761743,130,20.359942315662956,26.223434594156178,2.92251128209318,3,0.1736398570116836,0,1.1742181015092812,0.6030651181936264,3.5986389911191906e-16
7,2,step,False,5,2.5599472376981836,0.3066388723014428,0.12059792129482677,1.516949512907638,24.62584607685912,4,1.7856351223096008,46,6.000000000139785,9.00309046439091,2.6574692110926144,3,0.24325165919814937,0,1.1742181015092812,0.6030651181936264,3.5986389911191906e-16
7,2,step,False,6,2.5719546876022785,0.19512193855752527,0.0803887352418024,1.6257582648923694,25.886473484609475,4,1.3148413721217607,49,6.000000000198357,8.274976121044691,2.844568249021738,3,0.18886262847182186,0,1.1742181015092812,0.6030651181936264,3.5986389911191906e-16
7,2,step,False,7,0.5562056173718655,0.16060134198413395,0.20872328781321825,0.3844420441868076,109.16931197286914,4,1.204066454109447,169,44.96304155780054,62.958371368513916,2.9419207028833205,3,0.2564316403006316,0,1.1742181015092812,0.6030651181936264,3.5986389911191906e-16
7,2,step,False,8,0.18965584778829725,0.9876044304899382,0.9143077372142385,0.22116256011098753,78.52859213405438,4,1.3153045139270814,121,29.159951124538793,42.879323196307304,2.8783232477147616,3,0.27409068958513466,0,1.1742181015092812,0.6030651181936264,3.5986389911191906e-16
7,2,step,False,9,1.7902645027757145,0.04227089196029269,0.20414307758733768,1.1345627468432873,30.051260915893067,4,1.5234981204062745,62,7.733789135109644,11.642198266925623,1.965315136448519,2,0.27362988425753154,0,1.1742181015092812,0.6030651181936264,3.5986389911191906e-16
7,2,step,False,10,1.8688287133032908,0.20205593707719105,0.10160294257412553,1.164129773233636,13.875457717056847,4,1.5335676978780175,32,6.000000000870932,9.589058250098807,1.7510751662640738,3,0.3702205438176548,0,1.1742181015092812,0.6030651181936264,3.5986389911191906e-16
7,2,step,False,11,1.798904448533471,0.14797530629425518,0.06039189156360905,1.01696113752201,22.526533495044212,4,1.4991487356783237,45,6.0000000002798215,7.932850505717645,2.1093531614939183,3,0.10972064470120814,0,1.1742181015092812,0.6030651181936264,3.5986389911191906e-16
7,2,step,False,12,1.656085565633077,0.23151454952152778,0.2418351852356281,0.9201230880504457,66.52874753848387,4,1.4668885675408487,111,22.81380810900203,33.48955052843146,2.0588724176070796,3,0.19046920775074544,0,1.1742181015092812,0.6030651181936264,3.5986389911191906e-16
7,2,step,False,13,1.4164375940140463,0.2938847263529279,0.12684618222524793,0.8454071957022431,49.903785347071945,4,1.4397238092834648,87,12.454587255760552,19.125672985414493,2.520374331857813,3,0.25787267710240785,0,1.1742181015092812,0.6030651181936264,3.5986389911191906e-16
7,2,step,False,14,0.9095282557893342,0.9750802183797812,0.5823441853318562,0.5919228099474745,25.982990440588615,4,1.8809392902878954,46,7.518530841855506,10.91932150127747,1.7702377377974834,3,0.17683653410813732,0,1.1742181015092812,0.6030651181936264,3.5986389911191906e-16
7,2,step,False,15,0.979959092698329,0.11085127394607505,0.12345671530436549,0.6714650101740443,100.22869046624908,4,1.1588893870320889,154,36.18395026589982,49.58645427705751,2.9873634029059875,3,0.2643562664593839,0,1.1742181015092812,0.6030651181936264,3.5986389911191906e-16
7,2,step,False,16,0.6074272708457642,0.10600935763369676,0.15945736630496915,0.4085003650284757,114.58790735195603,4,1.2143450195914391,171,47.058447299452595,64.72842727322468,2.9642663802763103,3,0.2403238983496424,0,1.1742181015092812,0.6030651181936264,3.5986389911191906e-16
7,2,step,False,17,0.7090745349758502,0.30085184402304793,0.28245151927795586,0.5006839274000127,91.91038893568631,4,1.2310369715249714,147,32.046032775896634,45.28080107995495,2.935695991862011,3,0.3102987633413123,0,1.1742181015092812,0.6030651181936264,3.5986389911191906e-16
7,2,step,False,18,1.6675110350894953,0.16254186795220027,0.05872379568227734,1.0925690653641356,63.257256614165854,4,1.2209103837488429,107,17.927174230199178,24.033690458612938,2.926762361600587,3,0.18808881210954526,0,1.1742181015092812,0.6030651181936264,3.5986389911191906e-16
7,2,step,False,19,0.9835998101561569,0.10657718726324417,0.132463352024765,0.6627376854633845,95.24671985369999,4,1.1657662482924642,146,34.567123338771225,47.00987071538715,2.9688975943093814,3,0.22208565062903282,0,1.1742181015092812,0.6030651181936264,3.5986389911191906e-16
7,2,step,False,20,1.3118515925786611,0.13179505323432777,0.08429378441610243,0.9235690947304813,32.39522492289318,4,1.297573357104855,59,10.554831656964303,14.739259348241957,2.7619950596382363,3,0.17365591718854587,0,1.1742181015092812,0.6030651181936264,3.5986389911191906e-16
7,2,step,False,21,2.4897466425669204,0.21314933389254365,0.1589147823289075,1.7721822389908501,12.877475319551785,4,1.6628685030494748,28,6.0000000005684475,9.806722383745774,1.213309395418206,2,0.2880673257306567,0,1.1742181015092812,0.6030651181936264,3.5986389911191906e-16
7,2,step,False,22,0.5277176915553676,0.18382207360120287,0.37647377676361277,0.3747600967617925,109.47356309689263,4,1.2290279960899777,170,42.94938787601794,59.50796853677774,2.9083143007799226,3,0.30273719073487315,0,1.1742181015092812,0.6030651181936264,3.5986389911191906e-16
7,2,step,False,23,2.43209115517156,0.2433758694573045,0.08425974037642406,1.4524038013586822,29.217988145921435,4,1.4840626442287876,55,7.198613743554018,9.533168101482985,2.7186142106583873,3,0.24877492792697753,0,1.1742181015092812,0.6030651181936264,3.5986389911191906e-16
7,3,step,False,0,1.695893548209062,0.3519396965995741,0.19525904343548456,0.9573948863427433,53.465993280249634,4,1.2472880042483732,97,12.196763278475753,16.2144990309736,2.556157788849405,3,0.21767802245685158,0,0.8302975821692065,0.3574145883321762,2.6526599509286435e-15
7,3,step,False,1,2.2857085843603824,0.1721915587385407,0.08816563490338374,1.407207050863268,33.80790741579857,4,1.3955810576463779,68,6.615851667608839,8.846052034995854,2.593154622214722,3,0.24868205839611432,0,0.8302975821692065,0.3574145883321762,2.6526599509286435e-15
7,3,step,False,2,0.7496180157712998,0.18622958930076614,0.22128192646225855,0.5188666530424966,102.02524851658946,4,1.2462523477289515,158,36.37122326067209,48.93285438267379,2.964268663028953,3,0.17848943220679425,0,0.8302975821692065,0.3574145883321762,2.6526599509286435e-15
7,3,step,False,3,0.7321385464267546,0.6311298837045817,0.43061914756824915,0.4566342126644743,78.43110798093267,4,1.266839737976448,118,34.88993808412552,47.905733453956294,2.9377763937735804,3,0.14976497648494252,0,0.8302975821692065,0.3574145883321762,2.6526599509286435e-15
7,3,step,False,4,1.3432311769705663,0.12001934932064964,0.022440461770385334,0.9259020799765998,75.99552897688298,4,1.1526094094761743,130,20.837717456757417,25.843775684682665,2.92251128209318,3,0.08736366370095984,0,0.8302975821692065,0.3574145883321762,2.6526599509286435e-15
7,3,step,False,5,2.5599472376981836,0.2652038744700383,0.12059792129482677,1.516949512907638,24.62584607685912,4,1.7856351223096008,46,6.000000000169855,8.465493519625756,2.6574692110926144,3,0.10963712058385161,0,0.8302975821692065,0.3574145883321762,2.6526599509286435e-15
7,3,step,False,6,2.5719546876022785,0.21673105778303703,0.0803887352418024,1.6257582648923694,25.886473484609475,4,1.3148413721217607,49,6.005849672746677,7.7214885396113715,2.844568249021738,3,0.1346135543914301,0,0.8302975821692065,0.3574145883321762,2.6526599509286435e-15
7,3,step,False,7,0.5562056173718655,0.15300260452381026,0.20872328781321825,0.3844420441868076,109.16931197286914,4,1.204066454109447,169,42.722431100882936,59.32102746433684,2.9419207028833205,3,0.15189108459628434,0,0.8302975821692065,0.3574145883321762,2.6526599509286435e-15
7,3,step,False,8,0.18965584778829725,0.9150058425847428,0.9143077372142385,0.22116256011098753,78.52859213405438,4,1.3153045139270814,121,34.2482929583795,48.813860776007694,2.8783232477147616,3,0.15466663482401932,0,0.8302975821692065,0.3574145883321762,2.6526599509286435e-15
7,3,step,False,9,1.7902645027757145,0.08441704227659305,0.20414307758733768,1.1345627468432873,30.051260915893067,4,1.5234981204062745,62,9.354515934963556,14.600059790098582,1.965315136448519,2,0.1710711778956747,0,0.8302975821692065,0.3574145883321762,2.6526599509286435e-15
7,3,step,False,10,1.8688287133032908,0.07852935885859955,0.10160294257412553,1.164129773233636,13.875457717056847,4,1.5335676978780175,32,6.00000000011984,9.572833631349157,1.7510751662640738,3,0.22644182664253934,0,0.8302975821692065,0.3574145883321762,2.6526599509286435e-15
7,3,step,False,11,1.798904448533471,0.1753581629393533,0.06039189156360905,1.01696113752201,22.526533495044212,4,1.4991487356783237,45,7.093589929596422,10.617868813984222,2.1093531614939183,3,0.11125113971684819,0,0.8302975821692065,0.3574145883321762,2.6526599509286435e-15
7,3,step,False,12,1.656085565633077,0.2164362125828959,0.2418351852356281,0.9201230880504457,66.52874753848387,4,1.4668885675408487,111,20.26268819676499,27.323381235574754,2.0588724176070796,3,0.2027264702367631,0,0.8302975821692065,0.3574145883321762,2.6526599509286435e-15
7,3,step,False,13,1.4164375940140463,0.13886452816636916,0.12684618222524793,0.8454071957022431,49.903785347071945,4,1.4397238092834648,87,11.216113207578319,15.66429431970789,2.520374331857813,3,0.17988774389119314,0,0.8302975821692065,0.3574145883321762,2.6526599509286435e-15
7,3,step,False,14,0.9095282557893342,0.9207469856586996,0.5823441853318562,0.5919228099474745,25.982990440588615,4,1.8809392902878954,46,7.994774135922162,12.240753253091999,1.7702377377974834,3,0.12118322081543417,0,0.8302975821692065,0.3574145883321762,2.6526599509286435e-15
7,3,step,False,15,0.979959092698329,0.1659246006408481,0.12345671530436549,0.6714650101740443,100.22869046624908,4,1.1588893870320889,154,33.58838334483053,44.52951898047817,2.9873634029059875,3,0.1753317622764988,0,0.8302975821692065,0.3574145883321762,2.6526599509286435e-15
7,3,step,False,16,0.6074272708457642,0.19841484343500715,0.15945736630496915,0.4085003650284757,114.58790735195603,4,1.2143450195914391,171,46.396968449666886,62.06536852261501,2.9642663802763103,3,0.17794482731779354,0,0.8302975821692065,0.3574145883321762,2.6526599509286435e-15
7,3,step,False,17,0.7090745349758502,0.28273132957622105,0.28245151927795586,0.5006839274000127,91.91038893568631,4,1.2310369715249714,147,30.129740008468723,42.27157573029109,2.935695991862011,3,0.1842562416481013,0,0.8302975821692065,0.3574145883321762,2.6526599509286435e-15
7,3,step,False,18,1.6675110350894953,0.1400788756395419,0.05872379568227734,1.0925690653641356,63.257256614165854,4,1.2209103837488429,107,17.832647993075554,23.71657661032064,2.926762361600587,3,0.13483626846736912,0,0.8302975821692065,0.3574145883321762,2.6526599509286435e-15
7,3,step,False,19,0.9835998101561569,0.14959263814797363,0.132463352024765,0.6627376854633845,95.24671985369999,4,1.1657662482924642,146,32.179296261354445,42.80560066465047,2.9688975943093814,3,0.19434662122351262,0,0.8302975821692065,0.3574145883321762,2.6526599509286435e-15
7,3,step,False,20,1.3118515925786611,0.13987513902502902,0.08429378441610243,0.9235690947304813,32.39522492289318,4,1.297573357104855,59,11.271362240321727,14.42189748266881,2.7619950596382363,3,0.08791748810384736,0,0.8302975821692065,0.3574145883321762,2.6526599509286435e-15
7,3,step,False,21,2.4897466425669204,0.309620197341301,0.1589147823289075,1.7721822389908501,12.877475319551785,4,1.6628685030494748,28,6.000000000244167,8.834037211988388,1.213309395418206,2,0.18520889680061223,0,0.8302975821692065,0.3574145883321762,2.6526599509286435e-15
7,3,step,False,22,0.5277176915553676,0.1767733401781779,0.37647377676361277,0.3747600967617925,109.47356309689263,4,1.2290279960899777,170,41.91747718584937,55.28486908853676,2.9083143007799226,3,0.1951254312679976,0,0.8302975821692065,0.3574145883321762,2.6526599509286435e-15
7,3,step,False,23,2.43209115517156,0.21809382146824702,0.08425974037642406,1.4524038013586822,29.217988145921435,4,1.4840626442287876,55,7.13878241248438,8.705933899780455,2.7186142106583873,3,0.1206795725863342,0,0.8302975821692065,0.3574145883321762,2.6526599509286435e-15
8,0,init,False,0,1.0378506748875693,0.31449939671591925,0.12303605294879973,0.6012933781725471,80.38713347296193,4,1.2026616870824982,131,nan,nan,2.6322851932720606,3,nan,0,nan,nan,nan
8,0,init,False,1,0.6716561569208681,0.2570612204551713,0.12568697732852122,0.30461582712940066,110.66944159046545,4,1.1833399203270567,160,nan,nan,2.9631403085696917,3,nan,0,nan,nan,nan
8,0,init,False,2,2.0226041686187917,0.2618574707901899,0.16904517333489255,1.2580471060144989,27.076090029182133,4,1.4261710912871275,57,nan,nan,2.3969167911193088,3,nan,0,nan,nan,nan
8,0,init,False,3,0.7777394701992171,0.19213883663988632,0.24949333439569482,0.3828333536828489,91.31304504135807,4,1.2207595593000429,140,nan,nan,2.7291480303494717,3,nan,0,nan,nan,nan
8,0,init,False,4,0.47784343743739227,0.29516199028583817,0.41991478051445036,0.2921728391935947,101.21065763451463,4,1.28146989511169,148,nan,nan,2.968984122768398,3,nan,0,nan,nan,nan
8,0,init,False,5,0.6531959063139913,0.20093480508340902,0.23445463581716386,0.40453578366524134,42.28914634096264,4,1.2983931169285168,76,nan,nan,2.456374044213069,3,nan,0,nan,nan,nan
8,0,init,False,6,1.1350102603683618,0.4620147341511882,0.2129847451316913,0.6711400654645836,53.62026537984196,4,1.208308728279306,99,nan,nan,2.6561442606734444,3,nan,0,nan,nan,nan
8,0,init,False,7,1.0600535721639959,0.26503405972141064,0.26565181881205935,0.8035658186694545,55.050758548392636,4,1.3889876218895796,91,nan,nan,2.9090973244417726,3,nan,0,nan,nan,nan
8,0,init,False,8,1.8614204865315083,0.14123957955833863,0.10258853602998527,1.1101139028193139,52.453877476051616,4,1.254462317202486,94,nan,nan,2.140126376058593,3,nan,0,nan,nan,nan
8,0,init,False,9,3.20983498587541,0.1151591637819622,0.1151591637819622,2.190695482201376,3.6738970218116878,4,3.0083351974084533,8,nan,nan,1.0,1,nan,0,nan,nan,nan
8,0,init,False,10,0.8302344040252218,0.2866173689218449,0.3024570668814359,0.4864733974997199,89.28078021085307,4,1.1786060088213433,135,nan,nan,2.979314665862937,3,nan,0,nan,nan,nan
8,0,init,False,11,0.2031161972728973,0.1524992185653459,0.3539489107395197,0.14607377248674752,120.36043469189067,4,1.169915737059017,171,nan,nan,2.9539597445124923,3,nan,0,nan,nan,nan
8,0,init,False,12,0.8087519726279173,0.21446427367213444,0.11464679184858678,0.46289950586347306,77.21598082614605,4,1.2865793629860431,127,nan,nan,2.979326131532676,3,nan,0,nan,nan,nan
8,0,init,False,13,2.043123899298297,0.12217204787469604,0.07303363955223752,1.3078200303194811,38.77488469774087,4,1.517674082475266,76,nan,nan,2.643375406261162,3,nan,0,nan,nan,nan
8,0,init,False,14,0.951778082041314,0.9541785827285426,0.3592729885583885,0.3889981400938256,38.09994319474929,4,1.6056901379588442,71,nan,nan,1.7750842193913179,3,nan,0,nan,nan,nan
8,0,init,False,15,0.4172505094214615,0.3413142685364432,0.40757618048955757,0.26996132229601627,74.19146716210743,4,1.2295859775099058,124,nan,nan,2.5476126814334767,3,nan,0,nan,nan,nan
8,0,init,False,16,0.35411392282486276,0.5163512566447085,0.4457385179352675,0.2478574893369517,96.19237975674679,4,1.3103526701279253,153,nan,nan,2.9690671560054462,3,nan,0,nan,nan,nan
8,0,init,False,17,1.5646563512603404,0.29823170070596217,0.09669025035476168,0.8270807471974078,64.84271274356155,4,1.2130484449046435,119,nan,nan,2.907033457488745,3,nan,0,nan,nan,nan
8,0,init,False,18,1.8032365558301429,0.05371680397462601,0.07677892529708916,1.0547730329039768,41.454124403351656,4,1.4494181781835445,79,nan,nan,2.788535604070082,3,nan,0,nan,nan,nan
8,0,init,False,19,2.8305949396715846,0.038202053313304056,0.06984983268365177,1.7313165651532458,10.812960344088546,4,2.2426472127309065,24,nan,nan,1.938532512655518,2,nan,0,nan,nan,nan
8,0,init,False,20,0.5059941463453863,0.37386995158059416,0.34014327200290284,0.3536446661180881,51.6561043131468,4,1.437951901754448,90,nan,nan,2.9520423110561276,3,nan,0,nan,nan,nan
8,0,init,False,21,1.8806394974673035,0.15035348662160256,0.16694469810097767,1.3255865032424996,10.13580479948925,4,2.330469541565189,18,nan,nan,1.1764279143543734,2,nan,0,nan,nan,nan
8,0,init,False,22,1.0642945010013232,0.4892912101604307,0.4400458830570237,0.733282986456121,50.29420951461046,4,1.385653510564346,83,nan,nan,2.6894302689190157,3,nan,0,nan,nan,nan
8,0,init,False,23,1.6477180246523284,0.09912797611305998,0.06168240977399816,0.9798373699576436,58.943900805974884,4,1.2586679152456106,98,nan,nan,2.8572340035874513,3,nan,0,nan,nan,nan
8,1,step,False,0,1.0378506748875693,0.29791621964025183,0.12303605294879973,0.6012933781725471,80.38713347296193,4,1.2026616870824982,131,21.895530188516656,31.773846515058782,2.6322851932720606,3,0.30588513007938345,0,1.6121988453621614,1.0,3.4211568944590367e-16
8,1,step,False,1,0.6716561569208681,0.17094834335510387,0.12568697732852122,0.30461582712940066,110.66944159046545,4,1.1833399203270567,160,49.55694500252269,66.71685685704648,2.9631403085696917,3,0.34955181149582454,0,1.6121988453621614,1.0,3.4211568944590367e-16
8,1,step,False,2,2.0226041686187917,0.2753413932456356,0.16904517333489255,1.2580471060144989,27.076090029182133,4,1.4261710912871275,57,6.000000000348885,9.8368651932781,2.3969167911193088,3,0.344363175102337,0,1.6121988453621614,1.0,3.4211568944590367e-16
8,1,step,False,3,0.7777394701992171,0.09562197634702352,0.24949333439569482,0.3828333536828489,91.31304504135807,4,1.2207595593000429,140,29.742003550379085,42.17284181741827,2.7291480303494717,3,0.3161469212352589,0,1.6121988453621614,1.0,3.4211568944590367e-16
8,1,step,False,4,0.47784343743739227,0.36634657488524414,0.41991478051445036,0.2921728391935947,101.21065763451463,4,1.28146989511169,148,40.94693627248696,53.84363168088366,2.968984122768398,3,0.2260243560914298,0,1.6121988453621614,1.0,3.4211568944590367e-16
8,1,step,False,5,0.6531959063139913,0.15096624004914816,0.23445463581716386,0.40453578366524134,42.28914634096264,4,1.2983931169285168,76,11.908013492864018,16.06636886178867,2.456374044213069,3,0.36549491132898865,0,1.6121988453621614,1.0,3.4211568944590367e-16
8,1,step,False,6,1.1350102603683618,0.3102447426795832,0.2129847451316913,0.6711400654645836,53.62026537984196,4,1.208308728279306,99,15.932256040150145,22.7157232365763,2.6561442606734444,3,0.18085248155131647,0,1.6121988453621614,1.0,3.4211568944590367e-16
8,1,step,False,7,1.0600535721639959,0.11696604819493803,0.26565181881205935,0.8035658186694545,55.050758548392636,4,1.3889876218895796,91,15.858418246996337,23.45324563561238,2.9090973244417726,3,0.23106955588870448,0,1.6121988453621614,1.0,3.4211568944590367e-16
8,1,step,False,8,1.8614204865315083,0.13560510188898087,0.10258853602998527,1.1101139028193139,52.453877476051616,4,1.254462317202486,94,13.79309044455039,19.957087272632027,2.140126376058593,3,0.35578772264405784,0,1.6121988453621614,1.0,3.4211568944590367e-16
8,1,step,False,9,3.20983498587541,0.1204457669734721,0.1151591637819622,2.190695482201376,3.6738970218116878,4,3.0083351974084533,8,6.000000000171458,9.293328704746289,1.0,1,0.666304873318786,0,1.6121988453621614,1.0,3.4211568944590367e-16
8,1,step,False,10,0.8302344040252218,0.18000325633210465,0.3024570668814359,0.4864733974997199,89.28078021085307,4,1.1786060088213433,135,38.61697558121317,50.91782272811072,2.979314665862937,3,0.25381846847219647,0,1.6121988453621614,1.0,3.4211568944590367e-16
8,1,step,False,11,0.2031161972728973,0.3062752149204764,0.3539489107395197,0.14607377248674752,120.36043469189067,4,1.169915737059017,171,50.37931935446912,69.77606203896397,2.9539597445124923,3,0.2612148558624448,0,1.6121988453621614,1.0,3.4211568944590367e-16
8,1,step,False,12,0.8087519726279173,0.06083087804451676,0.11464679184858678,0.46289950586347306,77.21598082614605,4,1.2865793629860431,127,27.021026391348087,36.56102216299682,2.979326131532676,3,0.4695836539931562,0,1.6121988453621614,1.0,3.4211568944590367e-16
8,1,step,False,13,2.043123899298297,0.47797157218216313,0.07303363955223752,1.3078200303194811,38.77488469774087,4,1.517674082475266,76,10.464119750646459,14.930083598844334,2.643375406261162,3,0.27374538307893115,0,1.6121988453621614,1.0,3.4211568944590367e-16
8,1,step,False,14,0.951778082041314,0.9574731699679264,0.3592729885583885,0.3889981400938256,38.09994319474929,4,1.6056901379588442,71,8.333591829611837,12.23917254789896,1.7750842193913179,3,0.31067829252883733,0,1.6121988453621614,1.0,3.4211568944590367e-16
8,1,step,False,15,0.4172505094214615,0.45248284574208814,0.40757618048955757,0.26996132229601627,74.19146716210743,4,1.2295859775099058,124,23.317026386953245,32.89669488422646,2.5476126814334767,3,0.36211407040168736,0,1.6121988453621614,1.0,3.4211568944590367e-16
8,1,step,False,16,0.35411392282486276,0.4885291071275398,0.4457385179352675,0.2478574893369517,96.19237975674679,4,1.3103526701279253,153,34.02945447329896,47.093222834729005,2.9690671560054462,3,0.5312363800114779,0,1.6121988453621614,1.0,3.4211568944590367e-16
8,1,step,False,17,1.5646563512603404,0.3623216879745952,0.09669025035476168,0.8270807471974078,64.84271274356155,4,1.2130484449046435,119,19.250993136177776,27.888448601148742,2.907033457488745,3,0.3031878637091448,0,1.6121988453621614,1.0,3.4211568944590367e-16
8,1,step,False,18,1.8032365558301429,0.19524712899966395,0.07677892529708916,1.0547730329039768,41.454124403351656,4,1.4494181781835445,79,10.001866587350095,14.388125540199326,2.788535604070082,3,0.24348119731101378,0,1.6121988453621614,1.0,3.4211568944590367e-16
8,1,step,False,19,2.8305949396715846,0.06942915504703677,0.06984983268365177,1.7313165651532458,10.812960344088546,4,2.2426472127309065,24,6.000000000503581,8.64036739844342,1.938532512655518,2,0.5771081293743973,0,1.6121988453621614,1.0,3.4211568944590367e-16
8,1,step,False,20,0.5059941463453863,0.3435224106657973,0.34014327200290284,0.3536446661180881,51.6561043131468,4,1.437951901754448,90,15.275048253119522,20.235477680902225,2.9520423110561276,3,0.4700359930513249,0,1.6121988453621614,1.0,3.4211568944590367e-16
8,1,step,False,21,1.8806394974673035,0.20287684318240684,0.16694469810097767,1.3255865032424996,10.13580479948925,4,2.330469541565189,18,6.000000000383482,8.970348103672075,1.1764279143543734,2,0.44146231819540976,0,1.6121988453621614,1.0,3.4211568944590367e-16
8,1,step,False,22,1.0642945010013232,0.4410347133650119,0.4400458830570237,0.733282986456121,50.29420951461046,4,1.385653510564346,83,15.498274758050524,22.790112885775397,2.6894302689190157,3,0.3128579032916223,0,1.6121988453621614,1.0,3.4211568944590367e-16
8,1,step,False,23,1.6477180246523284,0.07016606930338673,0.06168240977399816,0.9798373699576436,58.943900805974884,4,1.2586679152456106,98,17.498453573059592,24.57219512039844,2.8572340035874513,3,0.30290712815349613,0,1.6121988453621614,1.0,3.4211568944590367e-16
8,2,step,False,0,1.0378506748875693,0.2658779763680331,0.12303605294879973,0.6012933781725471,80.38713347296193,4,1.2026616870824982,131,23.420908928221692,33.33817307601026,2.6322851932720606,3,0.2740884893696551,0,1.1399967361767063,0.6139931380748749,2.0158935978629248e-15
8,2,step,False,1,0.6716561569208681,0.15643243979524363,0.12568697732852122,0.30461582712940066,110.66944159046545,4,1.1833399203270567,160,49.661218566996496,63.737945132439734,2.9631403085696917,3,0.2654852036922251,0,1.1399967361767063,0.6139931380748749,2.0158935978629248e-15
8,2,step,False,2,2.0226041686187917,0.3064244609911871,0.16904517333489255,1.2580471060144989,27.076090029182133,4,1.4261710912871275,57,6.000000000230069,9.51085237239723,2.3969167911193088,3,0.21929790416278386,0,1.1399967361767063,0.6139931380748749,2.0158935978629248e-15
8,2,step,False,3,0.7777394701992171,0.1219113207598314,0.24949333439569482,0.3828333536828489,91.31304504135807,4,1.2207595593000429,140,32.68650502874381,45.673164698150124,2.7291480303494717,3,0.22998553246941622,0,1.1399967361767063,0.6139931380748749,2.0158935978629248e-15
8,2,step,False,4,0.47784343743739227,0.507272581138458,0.41991478051445036,0.2921728391935947,101.21065763451463,4,1.28146989511169,148,45.35501829809003,61.25648371801933,2.968984122768398,3,0.18716231593122334,0,1.1399967361767063,0.6139931380748749,2.0158935978629248e-15
8,2,step,False,5,0.6531959063139913,0.08809681551199507,0.23445463581716386,0.40453578366524134,42.28914634096264,4,1.2983931169285168,76,13.278896110902032,19.809637546704657,2.456374044213069,3,0.22779139778651,0,1.1399967361767063,0.6139931380748749,2.0158935978629248e-15
8,2,step,False,6,1.1350102603683618,0.30406202407706623,0.2129847451316913,0.6711400654645836,53.62026537984196,4,1.208308728279306,99,15.770470848462903,22.09197956841605,2.6561442606734444,3,0.12741724099838475,0,1.1399967361767063,0.6139931380748749,2.0158935978629248e-15
8,2,step,False,7,1.0600535721639959,0.2091663680013027,0.26565181881205935,0.8035658186694545,55.050758548392636,4,1.3889876218895796,91,17.07834159945579,25.41171968245259,2.9090973244417726,3,0.15764879954650168,0,1.1399967361767063,0.6139931380748749,2.0158935978629248e-15
8,2,step,False,8,1.8614204865315083,0.09438850179240474,0.10258853602998527,1.1101139028193139,52.453877476051616,4,1.254462317202486,94,10.623022082918142,15.208928787256342,2.140126376058593,3,0.21615365045225846,0,1.1399967361767063,0.6139931380748749,2.0158935978629248e-15
8,2,step,False,9,3.20983498587541,0.12117364500062766,0.1151591637819622,2.190695482201376,3.6738970218116878,4,3.0083351974084533,8,6.000000000199832,8.888894218576468,1.0,1,0.6078443363886262,0,1.1399967361767063,0.6139931380748749,2.0158935978629248e-15
8,2,step,False,10,0.8302344040252218,0.11711551662286014,0.3024570668814359,0.4864733974997199,89.28078021085307,4,1.1786060088213433,135,38.95282285849572,51.54664977605477,2.979314665862937,3,0.2353416407392836,0,1.1399967361767063,0.6139931380748749,2.0158935978629248e-15
8,2,step,False,11,0.2031161972728973,0.39941152613006703,0.3539489107395197,0.14607377248674752,120.36043469189067,4,1.169915737059017,171,48.236685950131275,65.99928551670148,2.9539597445124923,3,0.20429094670952563,0,1.1399967361767063,0.6139931380748749,2.0158935978629248e-15
8,2,step,False,12,0.8087519726279173,0.0720289928466279,0.11464679184858678,0.46289950586347306,77.21598082614605,4,1.2865793629860431,127,26.68783900260011,36.88098333071726,2.979326131532676,3,0.27026071792975936,0,1.1399967361767063,0.6139931380748749,2.0158935978629248e-15
8,2,step,False,13,2.043123899298297,0.4020915959538528,0.07303363955223752,1.3078200303194811,38.77488469774087,4,1.517674082475266,76,8.172736842597933,11.645308939661538,2.643375406261162,3,0.28428435044688416,0,1.1399967361767063,0.6139931380748749,2.0158935978629248e-15
8,2,step,False,14,0.951778082041314,0.9506885829389528,0.3592729885583885,0.3889981400938256,38.09994319474929,4,1.6056901379588442,71,11.216002515961506,16.183802769098264,1.7750842193913179,3,0.1449984701772143,0,1.1399967361767063,0.6139931380748749,2.0158935978629248e-15
8,2,step,False,15,0.4172505094214615,0.506447034385983,0.40757618048955757,0.26996132229601627,74.19146716210743,4,1.2295859775099058,124,23.83428086422901,33.169296783381384,2.5476126814334767,3,0.2378878536259609,0,1.1399967361767063,0.6139931380748749,2.0158935978629248e-15
8,2,step,False,16,0.35411392282486276,0.5657803161393519,0.4457385179352675,0.2478574893369517,96.19237975674679,4,1.3103526701279253,153,32.25174779975311,45.55318224778309,2.9690671560054462,3,0.3190594175578553,0,1.1399967361767063,0.6139931380748749,2.0158935978629248e-15
8,2,step,False,17,1.5646563512603404,0.3334077668266111,0.09669025035476168,0.8270807471974078,64.84271274356155,4,1.2130484449046435,119,17.881439659676875,26.3718583160778,2.907033457488745,3,0.25627645623503237,0,1.1399967361767063,0.6139931380748749,2.0158935978629248e-15
8,2,step,False,18,1.8032365558301429,0.16786483741791508,0.07677892529708916,1.0547730329039768,41.454124403351656,4,1.4494181781835445,79,8.176564163706997,11.88161308062133,2.788535604070082,3,0.16477438099692804,0,1.1399967361767063,0.6139931380748749,2.0158935978629248e-15
8,2,step,False,19,2.8305949396715846,0.11863379893105909,0.06984983268365177,1.7313165651532458,10.812960344088546,4,2.2426472127309065,24,6.000000000088045,7.984823104808103,1.938532512655518,2,0.5500560419301619,0,1.1399967361767063,0.6139931380748749,2.0158935978629248e-15
8,2,step,False,20,0.5059941463453863,0.26829596183696136,0.34014327200290284,0.3536446661180881,51.6561043131468,4,1.437951901754448,90,15.777881823254056,21.37113309973896,2.9520423110561276,3,0.2710796350873158,0,1.1399967361767063,0.6139931380748749,2.0158935978629248e-15
8,2,step,False,21,1.8806394974673035,0.18552882195625287,0.16694469810097767,1.3255865032424996,10.13580479948925,4,2.330469541565189,18,6.000000000291191,8.102347306491177,1.1764279143543734,2,0.5279598940198323,0,1.1399967361767063,0.6139931380748749,2.0158935978629248e-15
8,2,step,False,22,1.0642945010013232,0.49688103340035766,0.4400458830570237,0.733282986456121,50.29420951461046,4,1.385653510564346,83,15.360237508834766,22.015537457554114,2.6894302689190157,3,0.2890871964892147,0,1.1399967361767063,0.6139931380748749,2.0158935978629248e-15
8,2,step,False,23,1.6477180246523284,0.03438883201416739,0.06168240977399816,0.9798373699576436,58.943900805974884,4,1.2586679152456106,98,15.68828486529618,21.832815651996274,2.8572340035874513,3,0.271551127246791,0,1.1399967361767063,0.6139931380748749,2.0158935978629248e-15
8,3,step,False,0,1.0378506748875693,0.32142391991985436,0.12303605294879973,0.6012933781725471,80.38713347296193,4,1.2026616870824982,131,23.496084294250807,31.8183011668404,2.6322851932720606,3,0.08784006243679354,0,0.8060994226810805,0.36364321410655975,2.196040129725254e-14
8,3,step,False,1,0.6716561569208681,0.1343308913249018,0.12568697732852122,0.30461582712940066,110.66944159046545,4,1.1833399203270567,160,48.72993275482446,62.247415828993766,2.9631403085696917,3,0.15448665925230853,0,0.8060994226810805,0.36364321410655975,2.196040129725254e-14
8,3,step,False,2,2.0226041686187917,0.2060903050663951,0.16904517333489255,1.2580471060144989,27.076090029182133,4,1.4261710912871275,57,6.000000000591258,8.585255955159605,2.3969167911193088,3,0.10657434122981613,0,0.8060994226810805,0.36364321410655975,2.196040129725254e-14
8,3,step,False,3,0.7777394701992171,0.07087610926610234,0.24949333439569482,0.3828333536828489,91.31304504135807,4,1.2207595593000429,140,36.99450302077713,50.98502368904166,2.7291480303494717,3,0.11567468504985956,0,0.8060994226810805,0.36364321410655975,2.196040129725254e-14
8,3,step,False,4,0.47784343743739227,0.5778352535889635,0.41991478051445036,0.2921728391935947,101.21065763451463,4,1.28146989511169,148,45.62185915878019,61.58342606643177,2.968984122768398,3,0.16107850751435568,0,0.8060994226810805,0.36364321410655975,2.196040129725254e-14
8,3,step,False,5,0.6531959063139913,0.1927400823135355,0.23445463581716386,0.40453578366524134,42.28914634096264,4,1.2983931169285168,76,17.22282527453637,25.49048466876656,2.456374044213069,3,0.14199218739583425,0,0.8060994226810805,0.36364321410655975,2.196040129725254e-14
8,3,step,False,6,1.1350102603683618,0.3072092715173519,0.2129847451316913,0.6711400654645836,53.62026537984196,4,1.208308728279306,99,16.850104221726134,22.633757897161015,2.6561442606734444,3,0.1231887706599405,0,0.8060994226810805,0.36364321410655975,2.196040129725254e-14
8,3,step,False,7,1.0600535721639959,0.2419754936524274,0.26565181881205935,0.8035658186694545,55.050758548392636,4,1.3889876218895796,91,16.95594867049372,23.32241989434828,2.9090973244417726,3,0.14801287670172386,0,0.8060994226810805,0.36364321410655975,2.196040129725254e-14
8,3,step,False,8,1.8614204865315083,0.20098080174882163,0.10258853602998527,1.1101139028193139,52.453877476051616,4,1.254462317202486,94,9.033836432766757,11.445061902865596,2.140126376058593,3,0.11108122897737158,0,0.8060994226810805,0.36364321410655975,2.196040129725254e-14
8,3,step,False,9,3.20983498587541,0.12242063634208468,0.1151591637819622,2.190695482201376,3.6738970218116878,4,3.0083351974084533,8,6.000000000096812,8.977891654214774,1.0,1,0.5143582583784333,0,0.8060994226810805,0.36364321410655975,2.196040129725254e-14
8,3,step,False,10,0.8302344040252218,0.1054582136961552,0.3024570668814359,0.4864733974997199,89.28078021085307,4,1.1786060088213433,135,36.93498293748534,48.54142891557655,2.979314665862937,3,0.16466895381351995,0,0.8060994226810805,0.36364321410655975,2.196040129725254e-14
8,3,step,False,11,0.2031161972728973,0.3846295224414901,0.3539489107395197,0.14607377248674752,120.36043469189067,4,1.169915737059017,171,46.78356440736198,60.68782247755656,2.9539597445124923,3,0.12381412781593198,0,0.8060994226810805,0.36364321410655975,2.196040129725254e-14
8,3,step,False,12,0.8087519726279173,0.182775627428891,0.11464679184858678,0.46289950586347306,77.21598082614605,4,1.2865793629860431,127,27.815044505824723,36.418068855391354,2.979326131532676,3,0.11795823748955327,0,0.8060994226810805,0.36364321410655975,2.196040129725254e-14
8,3,step,False,13,2.043123899298297,0.14472782247274749,0.07303363955223752,1.3078200303194811,38.77488469774087,4,1.517674082475266,76,6.0000000000076845,8.538150120830666,2.643375406261162,3,0.3050328731446665,0,0.8060994226810805,0.36364321410655975,2.196040129725254e-14
8,3,step,False,14,0.951778082041314,0.9915224516608283,0.3592729885583885,0.3889981400938256,38.09994319474929,4,1.6056901379588442,71,14.547050880585436,20.033168306152167,1.7750842193913179,3,0.05872253004288808,0,0.8060994226810805,0.36364321410655975,2.196040129725254e-14
8,3,step,False,15,0.4172505094214615,0.27487068586815644,0.40757618048955757,0.26996132229601627,74.19146716210743,4,1.2295859775099058,124,24.422067336054653,32.65567210909869,2.5476126814334767,3,0.09486497919497525,0,0.8060994226810805,0.36364321410655975,2.196040129725254e-14
8,3,step,False,16,0.35411392282486276,0.1462334831278037,0.4457385179352675,0.2478574893369517,96.19237975674679,4,1.3103526701279253,153,33.833223817676476,48.27677087653438,2.9690671560054462,3,0.1649193814024783,0,0.8060994226810805,0.36364321410655975,2.196040129725254e-14
8,3,step,False,17,1.5646563512603404,0.31763986855481563,0.09669025035476168,0.8270807471974078,64.84271274356155,4,1.2130484449046435,119,15.1608925887189,20.186754947777608,2.907033457488745,3,0.17746568538745996,0,0.8060994226810805,0.36364321410655975,2.196040129725254e-14
8,3,step,False,18,1.8032365558301429,0.2016864811114415,0.07677892529708916,1.0547730329039768,41.454124403351656,4,1.4494181781835445,79,6.913322076643397,10.679488896087928,2.788535604070082,3,0.15977424030350856,0,0.8060994226810805,0.36364321410655975,2.196040129725254e-14
8,3,step,False,19,2.8305949396715846,0.12739953042802843,0.06984983268365177,1.7313165651532458,10.812960344088546,4,2.2426472127309065,24,6.000000000174401,7.875586363322878,1.938532512655518,2,0.3410944578562702,0,0.8060994226810805,0.36364321410655975,2.196040129725254e-14
8,3,step,False,20,0.5059941463453863,0.16341606752579774,0.34014327200290284,0.3536446661180881,51.6561043131468,4,1.437951901754448,90,16.694262551201216,23.673306828649373,2.9520423110561276,3,0.11886643725573544,0,0.8060994226810805,0.36364321410655975,2.196040129725254e-14
8,3,step,False,21,1.8806394974673035,0.3086064109975812,0.16694469810097767,1.3255865032424996,10.13580479948925,4,2.330469541565189,18,6.000000000181326,7.309473783328357,1.1764279143543734,2,0.45198149675537613,0,0.8060994226810805,0.36364321410655975,2.196040129725254e-14
8,3,step,False,22,1.0642945010013232,0.3233094393201715,0.4400458830570237,0.733282986456121,50.29420951461046,4,1.385653510564346,83,13.514734595616968,19.329956164118865,2.6894302689190157,3,0.1910186829459947,0,0.8060994226810805,0.36364321410655975,2.196040129725254e-14
8,3,step,False,23,1.6477180246523284,0.07741123403306627,0.06168240977399816,0.9798373699576436,58.943900805974884,4,1.2586679152456106,98,13.629696239606929,18.82268196058861,2.8572340035874513,3,0.09295206906455547,0,0.8060994226810805,0.36364321410655975,2.196040129725254e-14
9,0,init,False,0,1.9319150175304767,0.09217820490257594,0.10922289075720497,1.1741594893840335,50.83765592911183,4,1.5080824678619769,94,nan,nan,2.6490034396613886,3,nan,0,nan,nan,nan
9,0,init,False,1,2.297613715968394,0.10746543619213325,0.16228131059326445,1.3195659414977998,9.036244677316205,4,1.4151987580563266,17,nan,nan,2.4066897298444108,3,nan,0,nan,nan,nan
9,0,init,False,2,0.3806438597462406,0.16200062964184808,0.7688169237098971,0.3724109192463156,45.72076231280717,4,1.6999048964630479,77,nan,nan,2.4892024929614163,3,nan,0,nan,nan,nan
9,0,init,False,3,2.589576667811834,0.17087501995275567,0.1332238939908978,1.4685184233212882,21.878998199936778,4,1.4101589686111116,41,nan,nan,2.327677051661899,3,nan,0,nan,nan,nan
9,0,init,False,4,0.4350174884567207,0.8701032868727984,0.6324199763837439,0.27689877281712677,46.06352586455857,4,1.326473862479658,82,nan,nan,2.6547552227287587,3,nan,0,nan,nan,nan
9,0,init,False,5,1.1156952399600832,0.6914028449671235,0.18023716553541275,0.6884010975879544,43.374717724875914,4,1.3542569949811656,78,nan,nan,2.7825452319089425,3,nan,0,nan,nan,nan
9,0,init,False,6,1.3582674648938677,0.13965847268463338,0.14676985899851125,0.7762411083543527,79.7391800660551,4,1.1534659600038029,129,nan,nan,2.92594414499747,3,nan,0,nan,nan,nan
9,0,init,False,7,1.0005504679814938,0.47000550747668046,0.1466242093868162,0.5328449404557218,84.84485484469167,4,1.2284512066025288,138,nan,nan,2.858562400498614,3,nan,0,nan,nan,nan
9,0,init,False,8,1.9666485141928456,0.48652647942731286,0.19737429712429255,1.2234565165012112,21.853085367342054,4,1.6307073254371576,46,nan,nan,1.8765721262367219,3,nan,0,nan,nan,nan
9,0,init,False,9,0.6243284807757906,0.22317719662767177,0.3279161076603897,0.3349818360725658,97.61428840538967,4,1.249645505709279,154,nan,nan,2.9052008314533952,3,nan,0,nan,nan,nan
9,0,init,False,10,1.7743448667122528,0.08456911904198626,0.13898496592129797,1.0406885577753495,40.70322499449219,4,1.4769839727858245,83,nan,nan,2.5123818535860005,3,nan,0,nan,nan,nan
9,0,init,False,11,1.0972591878173263,0.17609482483203043,0.2792895201560445,0.7425227093851822,65.40928099831156,4,1.2263952143406478,108,nan,nan,2.5174381223133757,3,nan,0,nan,nan,nan
9,0,init,False,12,2.5440052353798466,0.2274699586755311,0.2411229841446357,1.6782903052148672,3.7329969318222256,4,8.4013883568947,6,nan,nan,1.1612495848795443,2,nan,0,nan,nan,nan
9,0,init,False,13,1.065335976205895,0.12592478409008234,0.15988510373123277,0.48074151789870073,99.54309701714674,4,1.2654416926309866,157,nan,nan,2.9240829081127204,3,nan,0,nan,nan,nan
9,0,init,False,14,0.6147355922993071,0.07719724780920748,0.13444728392954045,0.23553545051378413,101.88338781080608,4,1.2131011237126672,155,nan,nan,2.8352710668511576,3,nan,0,nan,nan,nan
9,0,init,False,15,1.1390096535776728,0.07133003592363336,0.09802056962033691,0.6436712604281858,103.97304012625618,4,1.084218045433002,155,nan,nan,2.967292460168082,3,nan,0,nan,nan,nan
9,0,init,False,16,1.2557821063963082,0.09758928904795215,0.11611579825014204,0.6747425535690329,96.59675285176966,4,1.2449504557197069,153,nan,nan,2.7573708500297034,3,nan,0,nan,nan,nan
9,0,init,False,17,2.4046687697579534,0.22287671651536523,0.09742479103182744,1.3791854268956292,33.0812012220659,4,1.6683970443998164,66,nan,nan,2.370460164998173,3,nan,0,nan,nan,nan
9,0,init,False,18,1.5047639121030847,0.11908298421714421,0.12618457708691785,0.9314880879902975,54.67622169110198,4,1.5949543931485424,93,nan,nan,2.5688030065145186,3,nan,0,nan,nan,nan
9,0,init,False,19,1.497484781295103,0.2309804113333213,0.06854794014301595,0.8961007175209915,52.59368491985117,4,1.1888821417890714,97,nan,nan,2.610164278019126,3,nan,0,nan,nan,nan
9,0,init,False,20,0.3913953812157383,0.19583180654321997,0.45029835540271934,0.360824054902853,90.62980286426586,4,1.2649703156125822,146,nan,nan,2.828760948918589,3,nan,0,nan,nan,nan
9,0,init,False,21,1.664103941613645,0.22871445266360604,0.07277465176761311,1.1391165315662632,12.120125259295206,4,1.3443735004067154,22,nan,nan,1.7213828827791333,3,nan,0,nan,nan,nan
9,0,init,False,22,1.408979648993165,0.19840957553829378,0.16533938859444647,0.6915377792758998,53.60540342249233,4,1.421516828106679,102,nan,nan,2.7825642368043404,3,nan,0,nan,nan,nan
9,0,init,False,23,0.36411673436852154,0.4412519645670627,0.12471637197965432,0.2217320279639587,130.4884664982385,4,1.154610501318598,187,nan,nan,2.9242483991305686,3,nan,0,nan,nan,nan
9,1,step,False,0,1.9319150175304767,0.3184637077231621,0.10922289075720497,1.1741594893840335,50.83765592911183,4,1.5080824678619769,94,11.90028241878269,19.885481576677257,2.6490034396613886,3,0.3354845259437922,0,1.7084164625838822,1.0,7.236555197626432e-16
9,1,step,False,1,2.297613715968394,0.10792809254572414,0.16228131059326445,1.3195659414977998,9.036244677316205,4,1.4151987580563266,17,6.000000000151591,8.759408166587608,2.4066897298444108,3,0.34516965955025464,0,1.7084164625838822,1.0,7.236555197626432e-16
9,1,step,False,2,0.3806438597462406,0.15665036420891512,0.7688169237098971,0.3724109192463156,45.72076231280717,4,1.6999048964630479,77,12.321658107402728,17.692483542791134,2.4892024929614163,3,0.5020407381803551,0,1.7084164625838822,1.0,7.236555197626432e-16
9,1,step,False,3,2.589576667811834,0.12458797398710816,0.1332238939908978,1.4685184233212882,21.878998199936778,4,1.4101589686111116,41,6.000000000566928,8.584310529259763,2.327677051661899,3,0.428021954163776,0,1.7084164625838822,1.0,7.236555197626432e-16
9,1,step,False,4,0.4350174884567207,0.9087589508943811,0.6324199763837439,0.27689877281712677,46.06352586455857,4,1.326473862479658,82,14.101343720952563,20.404649320083315,2.6547552227287587,3,0.34911525621095113,0,1.7084164625838822,1.0,7.236555197626432e-16
9,1,step,False,5,1.1156952399600832,0.7726832011834022,0.18023716553541275,0.6884010975879544,43.374717724875914,4,1.3542569949811656,78,12.966592956796749,18.891762767913193,2.7825452319089425,3,0.31215899738093716,0,1.7084164625838822,1.0,7.236555197626432e-16
9,1,step,False,6,1.3582674648938677,0.05664113861663478,0.14676985899851125,0.7762411083543527,79.7391800660551,4,1.1534659600038029,129,28.747105336916775,39.920758057570026,2.92594414499747,3,0.3396981241991706,0,1.7084164625838822,1.0,7.236555197626432e-16
9,1,step,False,7,1.0005504679814938,0.44303748530484477,0.1466242093868162,0.5328449404557218,84.84485484469167,4,1.2284512066025288,138,27.787493253656557,38.74140640264389,2.858562400498614,3,0.36110745548789464,0,1.7084164625838822,1.0,7.236555197626432e-16
9,1,step,False,8,1.9666485141928456,0.8154975955068573,0.19737429712429255,1.2234565165012112,21.853085367342054,4,1.6307073254371576,46,6.000000000498111,9.104622283626487,1.8765721262367219,3,0.2743307658214273,0,1.7084164625838822,1.0,7.236555197626432e-16
9,1,step,False,9,0.6243284807757906,0.13933662041203626,0.3279161076603897,0.3349818360725658,97.61428840538967,4,1.249645505709279,154,36.471645697460836,54.05235222147349,2.9052008314533952,3,0.3881276780668156,0,1.7084164625838822,1.0,7.236555197626432e-16
9,1,step,False,10,1.7743448667122528,0.11895518206471364,0.13898496592129797,1.0406885577753495,40.70322499449219,4,1.4769839727858245,83,7.801507214063661,10.397751771224254,2.5123818535860005,3,0.3775717219397592,0,1.7084164625838822,1.0,7.236555197626432e-16
9,1,step,False,11,1.0972591878173263,0.1350369261836711,0.2792895201560445,0.7425227093851822,65.40928099831156,4,1.2263952143406478,108,17.425073309112193,24.404618069607093,2.5174381223133757,3,0.4355391642928549,0,1.7084164625838822,1.0,7.236555197626432e-16
9,1,step,False,12,2.5440052353798466,0.2314643698118209,0.2411229841446357,1.6782903052148672,3.7329969318222256,4,8.4013883568947,6,6.0000000003222205,8.534894432161284,1.1612495848795443,2,0.49332531406353897,0,1.7084164625838822,1.0,7.236555197626432e-16
9,1,step,False,13,1.065335976205895,0.03611748844071575,0.15988510373123277,0.48074151789870073,99.54309701714674,4,1.2654416926309866,157,35.8242000193221,51.30125971846591,2.9240829081127204,3,0.3295058752327272,0,1.7084164625838822,1.0,7.236555197626432e-16
9,1,step,False,14,0.6147355922993071,0.1416704474129478,0.13444728392954045,0.23553545051378413,101.88338781080608,4,1.2131011237126672,155,42.54616209528608,56.32190117238338,2.8352710668511576,3,0.38335333252493314,0,1.7084164625838822,1.0,7.236555197626432e-16
9,1,step,False,15,1.1390096535776728,0.07217147546265122,0.09802056962033691,0.6436712604281858,103.97304012625618,4,1.084218045433002,155,43.82642858407712,60.958712330623,2.967292460168082,3,0.35923410432564545,0,1.7084164625838822,1.0,7.236555197626432e-16
9,1,step,False,16,1.2557821063963082,0.4109049079281654,0.11611579825014204,0.6747425535690329,96.59675285176966,4,1.2449504557197069,153,29.19509157337148,41.8359724571946,2.7573708500297034,3,0.3282756659646241,0,1.7084164625838822,1.0,7.236555197626432e-16
9,1,step,False,17,2.4046687697579534,0.3529060594881035,0.09742479103182744,1.3791854268956292,33.0812012220659,4,1.6683970443998164,66,6.015185002316217,10.612403607488014,2.370460164998173,3,0.32484703023308936,0,1.7084164625838822,1.0,7.236555197626432e-16
9,1,step,False,18,1.5047639121030847,0.034370556859735786,0.12618457708691785,0.9314880879902975,54.67622169110198,4,1.5949543931485424,93,17.8559324071023,26.138922190522386,2.5688030065145186,3,0.3954889060111457,0,1.7084164625838822,1.0,7.236555197626432e-16
9,1,step,False,19,1.497484781295103,0.12153657218816727,0.06854794014301595,0.8961007175209915,52.59368491985117,4,1.1888821417890714,97,12.798893428967256,19.697874575842242,2.610164278019126,3,0.19679672100259943,0,1.7084164625838822,1.0,7.236555197626432e-16
9,1,step,False,20,0.3913953812157383,0.22946115995072855,0.45029835540271934,0.360824054902853,90.62980286426586,4,1.2649703156125822,146,32.1420444826835,46.74980486743438,2.828760948918589,3,0.32285137474671444,0,1.7084164625838822,1.0,7.236555197626432e-16
9,1,step,False,21,1.664103941613645,0.231035465738931,0.07277465176761311,1.1391165315662632,12.120125259295206,4,1.3443735004067154,22,6.000000000377103,8.308842931827598,1.7213828827791333,3,0.27875560463682575,0,1.7084164625838822,1.0,7.236555197626432e-16
9,1,step,False,22,1.408979648993165,0.128262857910237,0.16533938859444647,0.6915377792758998,53.60540342249233,4,1.421516828106679,102,11.895609067305841,17.214234912493975,2.7825642368043404,3,0.3303570099513796,0,1.7084164625838822,1.0,7.236555197626432e-16
9,1,step,False,23,0.36411673436852154,0.31755046296153566,0.12471637197965432,0.2217320279639587,130.4884664982385,4,1.154610501318598,187,60.77400767995109,82.77528192639559,2.9242483991305686,3,0.4212945423553737,0,1.7084164625838822,1.0,7.236555197626432e-16
9,2,step,False,0,1.9319150175304767,0.4204726896135942,0.10922289075720497,1.1741594893840335,50.83765592911183,4,1.5080824678619769,94,6.123472330769212,9.751788254197123,2.6490034396613886,3,0.24932565355405792,0,1.2080328657837966,0.6096779108047485,3.5332594592315623e-07
9,2,step,False,1,2.297613715968394,0.1697097290444704,0.16228131059326445,1.3195659414977998,9.036244677316205,4,1.4151987580563266,17,6.000000000440826,9.217172865375316,2.4066897298444108,3,0.28982207111374514,0,1.2080328657837966,0.6096779108047485,3.5332594592315623e-07
9,2,step,False,2,0.3806438597462406,0.2187192867296177,0.7688169237098971,0.3724109192463156,45.72076231280717,4,1.6999048964630479,77,15.434905577116844,23.16830511850006,2.4892024929614163,3,0.26131475024096307,0,1.2080328657837966,0.6096779108047485,3.5332594592315623e-07
9,2,step,False,3,2.589576667811834,0.1402541050888441,0.1332238939908978,1.4685184233212882,21.878998199936778,4,1.4101589686111116,41,6.000000000109576,7.7278639757103225,2.327677051661899,3,0.2411704691796555,0,1.2080328657837966,0.6096779108047485,3.5332594592315623e-07
9,2,step,False,4,0.4350174884567207,0.9385774540722531,0.6324199763837439,0.27689877281712677,46.06352586455857,4,1.326473862479658,82,16.79791887265568,24.69288778680087,2.6547552227287587,3,0.23935570116922678,0,1.2080328657837966,0.6096779108047485,3.5332594592315623e-07
9,2,step,False,5,1.1156952399600832,0.8107450297545007,0.18023716553541275,0.6884010975879544,43.374717724875914,4,1.3542569949811656,78,15.0747319379884,20.877191414054188,2.7825452319089425,3,0.23817482973790896,0,1.2080328657837966,0.6096779108047485,3.5332594592315623e-07
9,2,step,False,6,1.3582674648938677,0.0999582972164282,0.14676985899851125,0.7762411083543527,79.7391800660551,4,1.1534659600038029,129,27.41177763664128,38.03360087509582,2.92594414499747,3,0.2260740925576569,0,1.2080328657837966,0.6096779108047485,3.5332594592315623e-07
9,2,step,False,7,1.0005504679814938,0.3432156975431762,0.1466242093868162,0.5328449404557218,84.84485484469167,4,1.2284512066025288,138,30.648398250468553,43.3986208359602,2.858562400498614,3,0.22846499231532974,0,1.2080328657837966,0.6096779108047485,3.5332594592315623e-07
9,2,step,False,8,1.9666485141928456,0.8109680667211445,0.19737429712429255,1.2234565165012112,21.853085367342054,4,1.6307073254371576,46,6.000000000152921,8.915421402583652,1.8765721262367219,3,0.1604247640822902,0,1.2080328657837966,0.6096779108047485,3.5332594592315623e-07
9,2,step,False,9,0.6243284807757906,0.19480866807849295,0.3279161076603897,0.3349818360725658,97.61428840538967,4,1.249645505709279,154,37.96064435623622,55.034769268688144,2.9052008314533952,3,0.2716751159598177,0,1.2080328657837966,0.6096779108047485,3.5332594592315623e-07
9,2,step,False,10,1.7743448667122528,0.22990841076066165,0.13898496592129797,1.0406885577753495,40.70322499449219,4,1.4769839727858245,83,6.300052962347872,8.73394999054901,2.5123818535860005,3,0.21674374940370317,0,1.2080328657837966,0.6096779108047485,3.5332594592315623e-07
9,2,step,False,11,1.0972591878173263,0.08697162463891354,0.2792895201560445,0.7425227093851822,65.40928099831156,4,1.2263952143406478,108,18.497279752745808,25.832417797075482,2.5174381223133757,3,0.26132630608088103,0,1.2080328657837966,0.6096779108047485,3.5332594592315623e-07
9,2,step,False,12,2.5440052353798466,0.221242393436937,0.2411229841446357,1.6782903052148672,3.7329969318222256,4,8.4013883568947,6,6.0000000000589315,7.87980437094033,1.1612495848795443,2,0.2753535002590307,0,1.2080328657837966,0.6096779108047485,3.5332594592315623e-07
9,2,step,False,13,1.065335976205895,0.01649880958198233,0.15988510373123277,0.48074151789870073,99.54309701714674,4,1.2654416926309866,157,32.590872764691845,43.92145867412169,2.9240829081127204,3,0.2065747617784972,0,1.2080328657837966,0.6096779108047485,3.5332594592315623e-07
9,2,step,False,14,0.6147355922993071,0.15432576295401146,0.13444728392954045,0.23553545051378413,101.88338781080608,4,1.2131011237126672,155,44.716462982056484,58.763001825333134,2.8352710668511576,3,0.29399872366801727,0,1.2080328657837966,0.6096779108047485,3.5332594592315623e-07
9,2,step,False,15,1.1390096535776728,0.20215793748860683,0.09802056962033691,0.6436712604281858,103.97304012625618,4,1.084218045433002,155,40.70171983453471,53.73375986957793,2.967292460168082,3,0.22721975947703077,0,1.2080328657837966,0.6096779108047485,3.5332594592315623e-07
9,2,step,False,16,1.2557821063963082,0.0741269730306634,0.11611579825014204,0.6747425535690329,96.59675285176966,4,1.2449504557197069,153,29.05672062296148,41.1583804356724,2.7573708500297034,3,0.19704521979500797,0,1.2080328657837966,0.6096779108047485,3.5332594592315623e-07
9,2,step,False,17,2.4046687697579534,0.36275513948497506,0.09742479103182744,1.3791854268956292,33.0812012220659,4,1.6683970443998164,66,6.000000000528415,10.461244391087428,2.370460164998173,3,0.2952123531603979,0,1.2080328657837966,0.6096779108047485,3.5332594592315623e-07
9,2,step,False,18,1.5047639121030847,0.025429163119265717,0.12618457708691785,0.9314880879902975,54.67622169110198,4,1.5949543931485424,93,16.323521476620193,23.398275546941036,2.5688030065145186,3,0.28337368132127694,0,1.2080328657837966,0.6096779108047485,3.5332594592315623e-07
9,2,step,False,19,1.497484781295103,0.08799577916577275,0.06854794014301595,0.8961007175209915,52.59368491985117,4,1.1888821417890714,97,12.00282170451984,19.6535391092099,2.610164278019126,3,0.2739503226334171,0,1.2080328657837966,0.6096779108047485,3.5332594592315623e-07
9,2,step,False,20,0.3913953812157383,0.21799407203853083,0.45029835540271934,0.360824054902853,90.62980286426586,4,1.2649703156125822,146,38.10643110360945,54.0609470431604,2.828760948918589,3,0.2488399863103171,0,1.2080328657837966,0.6096779108047485,3.5332594592315623e-07
9,2,step,False,21,1.664103941613645,0.22961000942327012,0.07277465176761311,1.1391165315662632,12.120125259295206,4,1.3443735004067154,22,6.000000000264377,8.348115044844704,1.7213828827791333,3,0.2458096715619938,0,1.2080328657837966,0.6096779108047485,3.5332594592315623e-07
9,2,step,False,22,1.408979648993165,0.09772200576799235,0.16533938859444647,0.6915377792758998,53.60540342249233,4,1.421516828106679,102,12.425439353424151,18.64804815021765,2.7825642368043404,3,0.20651337241036566,0,1.2080328657837966,0.6096779108047485,3.5332594592315623e-07
9,2,step,False,23,0.36411673436852154,0.20898617504340763,0.12471637197965432,0.2217320279639587,130.4884664982385,4,1.154610501318598,187,60.2906974588123,78.38321895968025,2.9242483991305686,3,0.18444288337623657,0,1.2080328657837966,0.6096779108047485,3.5332594592315623e-07
9,3,step,False,0,1.9319150175304767,0.12984277492461227,0.10922289075720497,1.1741594893840335,50.83765592911183,4,1.5080824678619769,94,6.000000000013266,9.90325458656023,2.6490034396613886,3,0.2690717634143617,0,0.854208231291941,0.3656977713108063,4.4915114461046e-14
9,3,step,False,1,2.297613715968394,0.16524718329947835,0.16228131059326445,1.3195659414977998,9.036244677316205,4,1.4151987580563266,17,6.00000000051908,9.175288662410678,2.4066897298444108,3,0.15491447221015048,0,0.854208231291941,0.3656977713108063,4.4915114461046e-14
9,3,step,False,2,0.3806438597462406,0.10387804230385352,0.7688169237098971,0.3724109192463156,45.72076231280717,4,1.6999048964630479,77,17.267133356208717,25.028220250455238,2.4892024929614163,3,0.14132021652519167,0,0.854208231291941,0.3656977713108063,4.4915114461046e-14
9,3,step,False,3,2.589576667811834,0.1709243059216394,0.1332238939908978,1.4685184233212882,21.878998199936778,4,1.4101589686111116,41,6.000000000065619,7.841784838313315,2.327677051661899,3,0.1337765717450114,0,0.854208231291941,0.3656977713108063,4.4915114461046e-14
9,3,step,False,4,0.4350174884567207,0.951632685465105,0.6324199763837439,0.27689877281712677,46.06352586455857,4,1.326473862479658,82,19.636572718186237,28.51698856270812,2.6547552227287587,3,0.15393188303908137,0,0.854208231291941,0.3656977713108063,4.4915114461046e-14
9,3,step,False,5,1.1156952399600832,0.8324485854419904,0.18023716553541275,0.6884010975879544,43.374717724875914,4,1.3542569949811656,78,17.361666816230304,24.497309250494148,2.7825452319089425,3,0.14858632528672291,0,0.854208231291941,0.3656977713108063,4.4915114461046e-14
9,3,step,False,6,1.3582674648938677,0.0989902240601301,0.14676985899851125,0.7762411083543527,79.7391800660551,4,1.1534659600038029,129,23.97924858258678,32.05032391970336,2.92594414499747,3,0.17049761242280095,0,0.854208231291941,0.3656977713108063,4.4915114461046e-14
9,3,step,False,7,1.0005504679814938,0.2770955654903278,0.1466242093868162,0.5328449404557218,84.84485484469167,4,1.2284512066025288,138,33.7764632054551,47.37523195756781,2.858562400498614,3,0.16419527623561725,0,0.854208231291941,0.3656977713108063,4.4915114461046e-14
9,3,step,False,8,1.9666485141928456,0.5651697668283716,0.19737429712429255,1.2234565165012112,21.853085367342054,4,1.6307073254371576,46,8.41163969277565,12.331260222914104,1.8765721262367219,3,0.04858377058497299,0,0.854208231291941,0.3656977713108063,4.4915114461046e-14
9,3,step,False,9,0.6243284807757906,0.28247262896219205,0.3279161076603897,0.3349818360725658,97.61428840538967,4,1.249645505709279,154,38.658597417015805,53.325137696886806,2.9052008314533952,3,0.15179440414731574,0,0.854208231291941,0.3656977713108063,4.4915114461046e-14
9,3,step,False,10,1.7743448667122528,0.2695621292575928,0.13898496592129797,1.0406885577753495,40.70322499449219,4,1.4769839727858245,83,7.339090669969706,10.735778723564767,2.5123818535860005,3,0.1915053794868247,0,0.854208231291941,0.3656977713108063,4.4915114461046e-14
9,3,step,False,11,1.0972591878173263,0.08824285715844082,0.2792895201560445,0.7425227093851822,65.40928099831156,4,1.2263952143406478,108,20.210730670779554,28.36970382302547,2.5174381223133757,3,0.1589153402419172,0,0.854208231291941,0.3656977713108063,4.4915114461046e-14
9,3,step,False,12,2.5440052353798466,0.18649065542145477,0.2411229841446357,1.6782903052148672,3.7329969318222256,4,8.4013883568947,6,6.000000000078838,8.499886787594201,1.1612495848795443,2,0.22970142278878286,0,0.854208231291941,0.3656977713108063,4.4915114461046e-14
9,3,step,False,13,1.065335976205895,0.043739192267506485,0.15988510373123277,0.48074151789870073,99.54309701714674,4,1.2654416926309866,157,31.59558807101643,41.730046740551344,2.9240829081127204,3,0.1383957838557929,0,0.854208231291941,0.3656977713108063,4.4915114461046e-14
9,3,step,False,14,0.6147355922993071,0.16201952928272312,0.13444728392954045,0.23553545051378413,101.88338781080608,4,1.2131011237126672,155,41.83283799597353,52.77945073813532,2.8352710668511576,3,0.12518429639932577,0,0.854208231291941,0.3656977713108063,4.4915114461046e-14
9,3,step,False,15,1.1390096535776728,0.2507468166892662,0.09802056962033691,0.6436712604281858,103.97304012625618,4,1.084218045433002,155,37.6613677102099,48.46065109891322,2.967292460168082,3,0.16339836459871,0,0.854208231291941,0.3656977713108063,4.4915114461046e-14
9,3,step,False,16,1.2557821063963082,0.17023773542990364,0.11611579825014204,0.6747425535690329,96.59675285176966,4,1.2449504557197069,153,25.00149469715526,35.409236683402234,2.7573708500297034,3,0.12501498143348921,0,0.854208231291941,0.3656977713108063,4.4915114461046e-14
9,3,step,False,17,2.4046687697579534,0.2843303345381011,0.09742479103182744,1.3791854268956292,33.0812012220659,4,1.6683970443998164,66,6.000000000087418,9.320937711311407,2.370460164998173,3,0.23855379709926014,0,0.854208231291941,0.3656977713108063,4.4915114461046e-14
9,3,step,False,18,1.5047639121030847,0.04884049003329874,0.12618457708691785,0.9314880879902975,54.67622169110198,4,1.5949543931485424,93,14.66731302595724,20.061190543459684,2.5688030065145186,3,0.1997453064327108,0,0.854208231291941,0.3656977713108063,4.4915114461046e-14
9,3,step,False,19,1.497484781295103,0.19680317671723074,0.06854794014301595,0.8961007175209915,52.59368491985117,4,1.1888821417890714,97,10.95430426416621,15.708893906048496,2.610164278019126,3,0.15011747758528857,0,0.854208231291941,0.3656977713108063,4.4915114461046e-14
9,3,step,False,20,0.3913953812157383,0.2586604623033473,0.45029835540271934,0.360824054902853,90.62980286426586,4,1.2649703156125822,146,40.4776214685033,55.48337746888671,2.828760948918589,3,0.14859281483676987,0,0.854208231291941,0.3656977713108063,4.4915114461046e-14
9,3,step,False,21,1.664103941613645,0.2538093663865433,0.07277465176761311,1.1391165315662632,12.120125259295206,4,1.3443735004067154,22,6.000000000162882,8.76923023109241,1.7213828827791333,3,0.2194986080973023,0,0.854208231291941,0.3656977713108063,4.4915114461046e-14
9,3,step,False,22,1.408979648993165,0.13792823361822326,0.16533938859444647,0.6915377792758998,53.60540342249233,4,1.421516828106679,102,11.715490676420998,17.21143242188726,2.7825642368043404,3,0.13753548706545593,0,0.854208231291941,0.3656977713108063,4.4915114461046e-14
9,3,step,False,23,0.36411673436852154,0.18380334805718926,0.12471637197965432,0.2217320279639587,130.4884664982385,4,1.154610501318598,187,61.16654253741332,80.03207889459736,2.9242483991305686,3,0.13665156041690996,0,0.854208231291941,0.3656977713108063,4.4915114461046e-14
