seed,phase_index,phase,failed,center,radius,sine,pilot_sine,gradient_norm,linear_mass,linear_rank,linear_condition,linear_support,function_mass,n_eff,manifold_mass,manifold_neighbors,slope_min_singular,slope_rank_zero,h,alpha,linear_relative_residual_max
0,0,init,False,0,2.013105417584776,0.2174448374097833,0.10690290741397018,1.2082318982774403,45.25131891809136,4,1.1798474781985144,79,nan,nan,5.199216509276192,7,nan,0,nan,nan,nan
0,0,init,False,1,1.8393261347459855,0.13684135871705055,0.24144588765146913,1.02054557365162,31.940513081492973,4,1.3217857462609153,65,nan,nan,1.7467855830685557,3,nan,0,nan,nan,nan
0,0,init,False,2,0.8324216477026292,0.7114630049654028,0.08631309360335346,0.42633961418034694,95.70652241506949,4,1.2926125639595911,144,nan,nan,7.455274159783111,15,nan,0,nan,nan,nan
0,0,init,False,3,1.7671365625020585,0.03961321154255449,0.05278562666083619,0.9275987289059564,57.55429743684587,4,1.4961967445043285,104,nan,nan,2.4831334089574484,6,nan,0,nan,nan,nan
0,0,init,False,4,0.189190438782976,0.9164486239154734,0.4148584432933423,0.28438677205814034,86.61455688672773,4,1.2253467761845325,137,nan,nan,5.648672757964955,8,nan,0,nan,nan,nan
0,0,init,False,5,0.9624957231516963,0.17410547434053184,0.19381408199477074,0.6436556018911967,100.66230206714853,4,1.401847941884606,152,nan,nan,10.822387356278512,16,nan,0,nan,nan,nan
0,0,init,False,6,1.878120422772648,0.10272125230534178,0.10841157534649223,1.170076458679142,56.30447193552446,4,1.227336443590866,96,nan,nan,8.234775900026559,11,nan,0,nan,nan,nan
0,0,init,False,7,1.1659714895589495,0.5560284913512604,0.10507697372295698,0.7127793246699999,51.99423262134718,4,1.5285894745866542,87,nan,nan,5.164622843548024,8,nan,0,nan,nan,nan
0,0,init,False,8,1.66032737134484,0.3616771357720273,0.0894926862598072,0.9389377553989154,11.819416878870557,4,2.026586931196822,26,nan,nan,1.1330600765125198,2,nan,0,nan,nan,nan
0,0,init,False,9,1.6461682316146562,0.7075019780269136,0.2545545490373319,0.9738572244989234,37.543552928539356,4,1.4412322784247225,65,nan,nan,3.917699326606125,7,nan,0,nan,nan,nan
0,0,init,False,10,2.4714404049555068,0.16768494336027534,0.16768494336027534,1.7253275857301344,10.15448500645655,4,2.4079244265377597,20,nan,nan,1.0,1,nan,0,nan,nan,nan
0,0,init,False,11,0.8931465161478112,0.9998410443283556,0.307911046750844,0.5910489049098231,43.392081459615156,4,1.5331905489234308,83,nan,nan,2.5402436398302823,5,nan,0,nan,nan,nan
0,0,init,False,12,0.8277010638072685,0.9234757739790754,0.167711763160992,0.49240734645412415,99.60092708268655,4,1.1788566064618986,158,nan,nan,6.503056898058879,13,nan,0,nan,nan,nan
0,0,init,False,13,1.6770024361296911,0.3951083595202612,0.06651795239039174,1.1040497441218842,47.8807759883679,4,1.3488019381897085,87,nan,nan,5.796094929690578,8,nan,0,nan,nan,nan
0,0,init,False,14,2.1318195481244704,0.3701690372017466,0.055964765880067734,1.2278878951404717,43.409210194733,4,1.4174425444032683,70,nan,nan,7.812080934878535,12,nan,0,nan,nan,nan
0,0,init,False,15,0.8702271550814301,0.12218783213620464,0.13161740889607412,0.5504888608426778,96.04184728257837,4,1.263563869945345,147,nan,nan,11.412974957699697,15,nan,0,nan,nan,nan
0,0,init,False,16,0.7714455089923629,0.182491907186029,0.39883476748606717,0.5196999475222689,72.69219066972167,4,1.3384043689817446,117,nan,nan,6.015499636012028,9,nan,0,nan,nan,nan
0,0,init,False,17,0.2875326920240055,0.6399936474987591,0.2423152776556495,0.2732558112361853,76.68372379940722,4,1.2368547980033078,133,nan,nan,5.400190936511108,11,nan,0,nan,nan,nan
0,0,init,False,18,1.2405084321280169,0.37494740365869283,0.37494740365869283,0.743132142336476,6.5091475001375025,4,2.7889278686408487,15,nan,nan,1.0,1,nan,0,nan,nan,nan
0,0,init,False,19,1.7323699323297677,0.02630230147908508,0.12211184342088977,1.043615193750532,68.81193320483357,4,1.28081094247929,111,nan,nan,9.183849822990116,13,nan,0,nan,nan,nan
0,0,init,False,20,1.2578374095484226,0.14130953068126717,0.1772736606774362,0.833311457521915,76.88178852690064,4,1.4994073035874473,123,nan,nan,8.209530915034605,14,nan,0,nan,nan,nan
0,0,init,False,21,1.1944097178215622,0.351549392869528,0.08456492099423943,0.6624887745711098,97.01859239689279,4,1.3516191907056236,147,nan,nan,9.395631410131399,16,nan,0,nan,nan,nan
0,0,init,False,22,1.2865519208297453,0.12457130572648209,0.13373718552482963,0.8923724374919266,57.60596565566867,4,1.1434171490671163,94,nan,nan,8.398458156802493,12,nan,0,nan,nan,nan
0,0,init,False,23,1.5882846153801122,0.07261729452772442,0.1373802910210718,0.973890297775329,67.926146062343,4,1.1695569105909993,108,nan,nan,9.526759840338313,15,nan,0,nan,nan,nan
0,1,step,False,0,2.013105417584776,0.10968111611451284,0.10690290741397018,1.2082318982774403,45.25131891809136,4,1.1798474781985144,79,17.4546104486637,23.961986672685068,5.199216509276192,7,0.2341878079802342,0,1.6633575396573566,1.0,2.873360615441126e-15
0,1,step,False,1,1.8393261347459855,0.14630869350221143,0.24144588765146913,1.02054557365162,31.940513081492973,4,1.3217857462609153,65,7.579997456447989,11.752720477847017,1.7467855830685557,3,0.4061306769663613,0,1.6633575396573566,1.0,2.873360615441126e-15
0,1,step,False,2,0.8324216477026292,0.6451505337152932,0.08631309360335346,0.42633961418034694,95.70652241506949,4,1.2926125639595911,144,39.04149238121993,53.52184722682377,7.455274159783111,15,0.2008759120254606,0,1.6633575396573566,1.0,2.873360615441126e-15
0,1,step,False,3,1.7671365625020585,0.10251697087741116,0.05278562666083619,0.9275987289059564,57.55429743684587,4,1.4961967445043285,104,15.163882051344746,22.044532642816744,2.4831334089574484,6,0.4079491407907069,0,1.6633575396573566,1.0,2.873360615441126e-15
0,1,step,False,4,0.189190438782976,0.9472416862757038,0.4148584432933423,0.28438677205814034,86.61455688672773,4,1.2253467761845325,137,25.554443758003906,36.20749948444799,5.648672757964955,8,0.33000901055708504,0,1.6633575396573566,1.0,2.873360615441126e-15
0,1,step,False,5,0.9624957231516963,0.3795560231525822,0.19381408199477074,0.6436556018911967,100.66230206714853,4,1.401847941884606,152,36.74984926202968,53.28940696474683,10.822387356278512,16,0.26663680129711903,0,1.6633575396573566,1.0,2.873360615441126e-15
0,1,step,False,6,1.878120422772648,0.3051241838222534,0.10841157534649223,1.170076458679142,56.30447193552446,4,1.227336443590866,96,16.30466619306752,24.419020375902583,8.234775900026559,11,0.28026680844518853,0,1.6633575396573566,1.0,2.873360615441126e-15
0,1,step,False,7,1.1659714895589495,0.41111574254433214,0.10507697372295698,0.7127793246699999,51.99423262134718,4,1.5285894745866542,87,16.326597374167847,24.162443271568044,5.164622843548024,8,0.2291876680159608,0,1.6633575396573566,1.0,2.873360615441126e-15
0,1,step,False,8,1.66032737134484,0.3630994735606653,0.0894926862598072,0.9389377553989154,11.819416878870557,4,2.026586931196822,26,6.000000000489575,8.925584573627361,1.1330600765125198,2,0.3462248604752021,0,1.6633575396573566,1.0,2.873360615441126e-15
0,1,step,False,9,1.6461682316146562,0.7673059239712935,0.2545545490373319,0.9738572244989234,37.543552928539356,4,1.4412322784247225,65,8.956131186618911,14.270276243278207,3.917699326606125,7,0.2545284961285963,0,1.6633575396573566,1.0,2.873360615441126e-15
0,1,step,False,10,2.4714404049555068,0.17796116658273944,0.16768494336027534,1.7253275857301344,10.15448500645655,4,2.4079244265377597,20,6.000000000298861,8.05804491552736,1.0,1,0.8598971756538734,0,1.6633575396573566,1.0,2.873360615441126e-15
0,1,step,False,11,0.8931465161478112,0.9873117160748385,0.307911046750844,0.5910489049098231,43.392081459615156,4,1.5331905489234308,83,9.28373646072881,14.054071923001677,2.5402436398302823,5,0.36188962938819164,0,1.6633575396573566,1.0,2.873360615441126e-15
0,1,step,False,12,0.8277010638072685,0.912452094242707,0.167711763160992,0.49240734645412415,99.60092708268655,4,1.1788566064618986,158,32.30047513535959,45.83697318429608,6.503056898058879,13,0.3460537097833325,0,1.6633575396573566,1.0,2.873360615441126e-15
0,1,step,False,13,1.6770024361296911,0.5731892448745735,0.06651795239039174,1.1040497441218842,47.8807759883679,4,1.3488019381897085,87,11.445401823981266,18.815252933834888,5.796094929690578,8,0.28866090548570816,0,1.6633575396573566,1.0,2.873360615441126e-15
0,1,step,False,14,2.1318195481244704,0.3341621398472561,0.055964765880067734,1.2278878951404717,43.409210194733,4,1.4174425444032683,70,15.236600952775309,20.434156746746734,7.812080934878535,12,0.27050316949120173,0,1.6633575396573566,1.0,2.873360615441126e-15
0,1,step,False,15,0.8702271550814301,0.16212414913123127,0.13161740889607412,0.5504888608426778,96.04184728257837,4,1.263563869945345,147,43.99338190045703,58.48920776596773,11.412974957699697,15,0.27431398953439745,0,1.6633575396573566,1.0,2.873360615441126e-15
0,1,step,False,16,0.7714455089923629,0.13240174901471916,0.39883476748606717,0.5196999475222689,72.69219066972167,4,1.3384043689817446,117,23.329803068498148,35.481925059749955,6.015499636012028,9,0.23278595649752418,0,1.6633575396573566,1.0,2.873360615441126e-15
0,1,step,False,17,0.2875326920240055,0.6254306579054004,0.2423152776556495,0.2732558112361853,76.68372379940722,4,1.2368547980033078,133,26.466136655396323,37.70596262011128,5.400190936511108,11,0.37727897493305623,0,1.6633575396573566,1.0,2.873360615441126e-15
0,1,step,False,18,1.2405084321280169,0.38749316703677,0.37494740365869283,0.743132142336476,6.5091475001375025,4,2.7889278686408487,15,6.000000000188077,8.234439146988501,1.0,1,0.7050425768326,0,1.6633575396573566,1.0,2.873360615441126e-15
0,1,step,False,19,1.7323699323297677,0.13205692063959473,0.12211184342088977,1.043615193750532,68.81193320483357,4,1.28081094247929,111,24.393795253637936,32.912126769974215,9.183849822990116,13,0.27814097387117903,0,1.6633575396573566,1.0,2.873360615441126e-15
0,1,step,False,20,1.2578374095484226,0.1953325147296006,0.1772736606774362,0.833311457521915,76.88178852690064,4,1.4994073035874473,123,23.194459139978036,34.79255635761158,8.209530915034605,14,0.19815689689292795,0,1.6633575396573566,1.0,2.873360615441126e-15
0,1,step,False,21,1.1944097178215622,0.42474892763485783,0.08456492099423943,0.6624887745711098,97.01859239689279,4,1.3516191907056236,147,37.18784215673985,49.2169066251834,9.395631410131399,16,0.22130818432674942,0,1.6633575396573566,1.0,2.873360615441126e-15
0,1,step,False,22,1.2865519208297453,0.10271009525810132,0.13373718552482963,0.8923724374919266,57.60596565566867,4,1.1434171490671163,94,18.698269447754594,25.416132723044406,8.398458156802493,12,0.27707750895920336,0,1.6633575396573566,1.0,2.873360615441126e-15
0,1,step,False,23,1.5882846153801122,0.04332599071947776,0.1373802910210718,0.973890297775329,67.926146062343,4,1.1695569105909993,108,23.620896660295074,30.167718623983,9.526759840338313,15,0.2765753340690145,0,1.6633575396573566,1.0,2.873360615441126e-15
0,2,step,False,0,2.013105417584776,0.12628746954946454,0.10690290741397018,1.2082318982774403,45.25131891809136,4,1.1798474781985144,79,13.897267160704484,18.432485184232203,5.199216509276192,7,0.16846091309976502,0,1.1761713958294884,0.6080349087715149,5.874183499856111e-16
0,2,step,False,1,1.8393261347459855,0.1664140086090357,0.24144588765146913,1.02054557365162,31.940513081492973,4,1.3217857462609153,65,7.959052758897196,11.79714035535951,1.7467855830685557,3,0.11977628304542544,0,1.1761713958294884,0.6080349087715149,5.874183499856111e-16
0,2,step,False,2,0.8324216477026292,0.5787876502741853,0.08631309360335346,0.42633961418034694,95.70652241506949,4,1.2926125639595911,144,40.670993532205856,54.44423992063918,7.455274159783111,15,0.1998724147930035,0,1.1761713958294884,0.6080349087715149,5.874183499856111e-16
0,2,step,False,3,1.7671365625020585,0.05594159593037104,0.05278562666083619,0.9275987289059564,57.55429743684587,4,1.4961967445043285,104,13.463385402627056,17.831717459470095,2.4831334089574484,6,0.12665661330168235,0,1.1761713958294884,0.6080349087715149,5.874183499856111e-16
0,2,step,False,4,0.189190438782976,0.9231732125385405,0.4148584432933423,0.28438677205814034,86.61455688672773,4,1.2253467761845325,137,28.989266359522972,40.63822116792416,5.648672757964955,8,0.20684806138224482,0,1.1761713958294884,0.6080349087715149,5.874183499856111e-16
0,2,step,False,5,0.9624957231516963,0.3915596517928596,0.19381408199477074,0.6436556018911967,100.66230206714853,4,1.401847941884606,152,36.212554713525506,50.68572849524298,10.822387356278512,16,0.2185335019520861,0,1.1761713958294884,0.6080349087715149,5.874183499856111e-16
0,2,step,False,6,1.878120422772648,0.2794071563211577,0.10841157534649223,1.170076458679142,56.30447193552446,4,1.227336443590866,96,15.213933654447803,21.18032347631512,8.234775900026559,11,0.2455670778433555,0,1.1761713958294884,0.6080349087715149,5.874183499856111e-16
0,2,step,False,7,1.1659714895589495,0.340745213591169,0.10507697372295698,0.7127793246699999,51.99423262134718,4,1.5285894745866542,87,16.90388066043315,24.334435059813647,5.164622843548024,8,0.1596953910653455,0,1.1761713958294884,0.6080349087715149,5.874183499856111e-16
0,2,step,False,8,1.66032737134484,0.30656756826262016,0.0894926862598072,0.9389377553989154,11.819416878870557,4,2.026586931196822,26,6.0000000002500204,9.562826895820328,1.1330600765125198,2,0.25800392173320097,0,1.1761713958294884,0.6080349087715149,5.874183499856111e-16
0,2,step,False,9,1.6461682316146562,0.8649093841182759,0.2545545490373319,0.9738572244989234,37.543552928539356,4,1.4412322784247225,65,11.11402865680957,17.497850803752065,3.917699326606125,7,0.20017606956046402,0,1.1761713958294884,0.6080349087715149,5.874183499856111e-16
0,2,step,False,10,2.4714404049555068,0.1679589873075073,0.16768494336027534,1.7253275857301344,10.15448500645655,4,2.4079244265377597,20,6.00000000038365,9.279825728350259,1.0,1,0.71660438397335,0,1.1761713958294884,0.6080349087715149,5.874183499856111e-16
0,2,step,False,11,0.8931465161478112,0.9883099704185477,0.307911046750844,0.5910489049098231,43.392081459615156,4,1.5331905489234308,83,11.14618668990067,15.598664021211064,2.5402436398302823,5,0.225171593941996,0,1.1761713958294884,0.6080349087715149,5.874183499856111e-16
0,2,step,False,12,0.8277010638072685,0.9221873459018616,0.167711763160992,0.49240734645412415,99.60092708268655,4,1.1788566064618986,158,35.88521766451775,51.304648831254866,6.503056898058879,13,0.2171318672687304,0,1.1761713958294884,0.6080349087715149,5.874183499856111e-16
0,2,step,False,13,1.6770024361296911,0.5859062206197921,0.06651795239039174,1.1040497441218842,47.8807759883679,4,1.3488019381897085,87,11.311429750489298,17.226626745957006,5.796094929690578,8,0.22993833967012808,0,1.1761713958294884,0.6080349087715149,5.874183499856111e-16
0,2,step,False,14,2.1318195481244704,0.38425668426887394,0.055964765880067734,1.2278878951404717,43.409210194733,4,1.4174425444032683,70,12.459504244808604,15.692761625666312,7.812080934878535,12,0.2323923143738217,0,1.1761713958294884,0.6080349087715149,5.874183499856111e-16
0,2,step,False,15,0.8702271550814301,0.18136581370696667,0.13161740889607412,0.5504888608426778,96.04184728257837,4,1.263563869945345,147,40.937036755611544,54.76593966641463,11.412974957699697,15,0.21920284959717612,0,1.1761713958294884,0.6080349087715149,5.874183499856111e-16
0,2,step,False,16,0.7714455089923629,0.21572852887708327,0.39883476748606717,0.5196999475222689,72.69219066972167,4,1.3384043689817446,117,24.5606462537202,36.400339716332525,6.015499636012028,9,0.17461475149118255,0,1.1761713958294884,0.6080349087715149,5.874183499856111e-16
0,2,step,False,17,0.2875326920240055,0.6657781116464493,0.2423152776556495,0.2732558112361853,76.68372379940722,4,1.2368547980033078,133,30.208254686939814,41.45190209216431,5.400190936511108,11,0.22379851438501036,0,1.1761713958294884,0.6080349087715149,5.874183499856111e-16
0,2,step,False,18,1.2405084321280169,0.33548376915449607,0.37494740365869283,0.743132142336476,6.5091475001375025,4,2.7889278686408487,15,6.000000000058197,8.20180029245557,1.0,1,0.32125025329333257,0,1.1761713958294884,0.6080349087715149,5.874183499856111e-16
0,2,step,False,19,1.7323699323297677,0.1479154478550082,0.12211184342088977,1.043615193750532,68.81193320483357,4,1.28081094247929,111,20.520748090706327,27.455193798895145,9.183849822990116,13,0.23144036041773625,0,1.1761713958294884,0.6080349087715149,5.874183499856111e-16
0,2,step,False,20,1.2578374095484226,0.14385083389711578,0.1772736606774362,0.833311457521915,76.88178852690064,4,1.4994073035874473,123,22.665120013380086,33.708446976299555,8.209530915034605,14,0.19773648910633818,0,1.1761713958294884,0.6080349087715149,5.874183499856111e-16
0,2,step,False,21,1.1944097178215622,0.3829195136268712,0.08456492099423943,0.6624887745711098,97.01859239689279,4,1.3516191907056236,147,38.224950556628514,50.048582164027806,9.395631410131399,16,0.19820808366824733,0,1.1761713958294884,0.6080349087715149,5.874183499856111e-16
0,2,step,False,22,1.2865519208297453,0.10442286825915405,0.13373718552482963,0.8923724374919266,57.60596565566867,4,1.1434171490671163,94,19.382793103095718,26.44176979810866,8.398458156802493,12,0.21749855276428492,0,1.1761713958294884,0.6080349087715149,5.874183499856111e-16
0,2,step,False,23,1.5882846153801122,0.10103357802475528,0.1373802910210718,0.973890297775329,67.926146062343,4,1.1695569105909993,108,21.469327571585843,28.158983585090322,9.526759840338313,15,0.22898159375143004,0,1.1761713958294884,0.6080349087715149,5.874183499856111e-16
0,3,step,False,0,2.013105417584776,0.10637366644249008,0.10690290741397018,1.2082318982774403,45.25131891809136,4,1.1798474781985144,79,11.524918721497396,14.579609620094239,5.199216509276192,7,0.11010530970827935,0,0.8316787698286782,0.36668315529823303,9.110284733194604e-15
0,3,step,False,1,1.8393261347459855,0.285481424811693,0.24144588765146913,1.02054557365162,31.940513081492973,4,1.3217857462609153,65,9.26471818524104,12.634373272474702,1.7467855830685557,3,0.10828173357834515,0,0.8316787698286782,0.36668315529823303,9.110284733194604e-15
0,3,step,False,2,0.8324216477026292,0.5377634850851236,0.08631309360335346,0.42633961418034694,95.70652241506949,4,1.2926125639595911,144,41.58704972173747,54.80599885241145,7.455274159783111,15,0.08316111342883525,0,0.8316787698286782,0.36668315529823303,9.110284733194604e-15
0,3,step,False,3,1.7671365625020585,0.08926167735262389,0.05278562666083619,0.9275987289059564,57.55429743684587,4,1.4961967445043285,104,12.882189463641916,15.949190347145183,2.4831334089574484,6,0.09524736183518057,0,0.8316787698286782,0.36668315529823303,9.110284733194604e-15
0,3,step,False,4,0.189190438782976,0.9097734219463094,0.4148584432933423,0.28438677205814034,86.61455688672773,4,1.2253467761845325,137,33.432533416273884,47.71756832721157,5.648672757964955,8,0.1280120763453039,0,0.8316787698286782,0.36668315529823303,9.110284733194604e-15
0,3,step,False,5,0.9624957231516963,0.3475643023741356,0.19381408199477074,0.6436556018911967,100.66230206714853,4,1.401847941884606,152,33.77794849531787,46.95609290473486,10.822387356278513,16,0.12573891907630594,0,0.8316787698286782,0.36668315529823303,9.110284733194604e-15
0,3,step,False,6,1.878120422772648,0.2127786283871199,0.10841157534649223,1.170076458679142,56.30447193552446,4,1.227336443590866,96,14.432839954031854,19.219171762727523,8.234775900026559,11,0.12572453376156786,0,0.8316787698286782,0.36668315529823303,9.110284733194604e-15
0,3,step,False,7,1.1659714895589495,0.4246767079018688,0.10507697372295698,0.7127793246699999,51.99423262134718,4,1.5285894745866542,87,17.658196266388764,25.768197565494162,5.164622843548024,8,0.11085669622842283,0,0.8316787698286782,0.36668315529823303,9.110284733194604e-15
0,3,step,False,8,1.66032737134484,0.2564332167222365,0.0894926862598072,0.9389377553989154,11.819416878870557,4,2.026586931196822,26,6.000000000113998,8.880514064761682,1.1330600765125198,2,0.12023574057260679,0,0.8316787698286782,0.36668315529823303,9.110284733194604e-15
0,3,step,False,9,1.6461682316146562,0.8123379805508975,0.2545545490373319,0.9738572244989234,37.543552928539356,4,1.4412322784247225,65,12.683257845463729,19.47192041492969,3.917699326606125,7,0.12396252661020528,0,0.8316787698286782,0.36668315529823303,9.110284733194604e-15
0,3,step,False,10,2.4714404049555068,0.0958787630529354,0.16768494336027534,1.7253275857301344,10.15448500645655,4,2.4079244265377597,20,6.00000000007706,8.791891562726342,1.0,1,0.5177858401746429,0,0.8316787698286782,0.36668315529823303,9.110284733194604e-15
0,3,step,False,11,0.8931465161478112,0.9894716927578205,0.307911046750844,0.5910489049098231,43.392081459615156,4,1.5331905489234308,83,14.288498084522002,21.542696589551117,2.5402436398302823,5,0.1374460175547348,0,0.8316787698286782,0.36668315529823303,9.110284733194604e-15
0,3,step,False,12,0.8277010638072685,0.935736177299059,0.167711763160992,0.49240734645412415,99.60092708268655,4,1.1788566064618986,158,41.09536559998421,60.2602843252598,6.503056898058879,13,0.12008905932331451,0,0.8316787698286782,0.36668315529823303,9.110284733194604e-15
0,3,step,False,13,1.6770024361296911,0.4904570074386509,0.06651795239039174,1.1040497441218842,47.8807759883679,4,1.3488019381897085,87,12.62553527181093,18.639491714866548,5.796094929690578,8,0.12762108925960935,0,0.8316787698286782,0.36668315529823303,9.110284733194604e-15
0,3,step,False,14,2.1318195481244704,0.3954038086287887,0.055964765880067734,1.2278878951404717,43.409210194733,4,1.4174425444032683,70,10.655179225091722,13.426785795419526,7.812080934878535,12,0.11321832411301203,0,0.8316787698286782,0.36668315529823303,9.110284733194604e-15
0,3,step,False,15,0.8702271550814301,0.1904483390777778,0.13161740889607412,0.5504888608426778,96.04184728257837,4,1.263563869945345,147,34.431925242916236,46.01918065976987,11.412974957699697,15,0.12456414177768006,0,0.8316787698286782,0.36668315529823303,9.110284733194604e-15
0,3,step,False,16,0.7714455089923629,0.15760255732223794,0.39883476748606717,0.5196999475222689,72.69219066972167,4,1.3384043689817446,117,24.488887458466376,34.823065459236496,6.015499636012028,9,0.10694637720685116,0,0.8316787698286782,0.36668315529823303,9.110284733194604e-15
0,3,step,False,17,0.2875326920240055,0.7263810254506758,0.2423152776556495,0.2732558112361853,76.68372379940722,4,1.2368547980033078,133,33.22568618120611,46.94355593856979,5.400190936511108,11,0.126810035987994,0,0.8316787698286782,0.36668315529823303,9.110284733194604e-15
0,3,step,False,18,1.2405084321280169,0.17957976081991903,0.37494740365869283,0.743132142336476,6.5091475001375025,4,2.7889278686408487,15,6.000000000060392,8.621582399636786,1.0,1,0.12224287364313872,0,0.8316787698286782,0.36668315529823303,9.110284733194604e-15
0,3,step,False,19,1.7323699323297677,0.13287475400634383,0.12211184342088977,1.043615193750532,68.81193320483357,4,1.28081094247929,111,17.372771093969657,21.60463557793911,9.183849822990116,13,0.12422696201061396,0,0.8316787698286782,0.36668315529823303,9.110284733194604e-15
0,3,step,False,20,1.2578374095484226,0.13997009963557355,0.1772736606774362,0.833311457521915,76.88178852690064,4,1.4994073035874473,123,22.16418428883427,31.723998882720256,8.209530915034605,14,0.08459379775664294,0,0.8316787698286782,0.36668315529823303,9.110284733194604e-15
0,3,step,False,21,1.1944097178215622,0.3229562180340923,0.08456492099423943,0.6624887745711098,97.01859239689279,4,1.3516191907056236,147,38.457791844253535,52.15987639787875,9.395631410131399,16,0.10421641790920586,0,0.8316787698286782,0.36668315529823303,9.110284733194604e-15
0,3,step,False,22,1.2865519208297453,0.14482767408936442,0.13373718552482963,0.8923724374919266,57.60596565566867,4,1.1434171490671163,94,17.324974130815114,23.68372346818673,8.398458156802493,12,0.12558063798920724,0,0.8316787698286782,0.36668315529823303,9.110284733194604e-15
0,3,step,False,23,1.5882846153801122,0.11079285530979485,0.1373802910210718,0.973890297775329,67.926146062343,4,1.1695569105909993,108,18.316644199322266,22.272281595704378,9.526759840338313,15,0.12492680841447326,0,0.8316787698286782,0.36668315529823303,9.110284733194604e-15
1,0,init,False,0,1.5749285892107503,0.15842792477046094,0.05266626956231886,1.0456497293241727,58.1255192699806,4,1.3359299744479276,100,nan,nan,5.238240656996116,9,nan,0,nan,nan,nan
1,0,init,False,1,1.2597795664531544,0.08303181458362677,0.006743372039069341,0.8630006868235384,73.4203802244768,4,1.3014780187753279,119,nan,nan,6.831369053373025,10,nan,0,nan,nan,nan
1,0,init,False,2,1.321130606706036,0.5465428472588522,0.11543906753709644,0.8806445562429156,64.21333978017283,4,1.3680608408512542,109,nan,nan,5.298630926627023,9,nan,0,nan,nan,nan
1,0,init,False,3,0.7822524636658202,0.17743246711632563,0.44164496573085077,0.5516281588328207,31.65460114810914,4,1.5401210518536577,63,nan,nan,2.788851149996098,5,nan,0,nan,nan,nan
1,0,init,False,4,0.34434947603663596,0.05407378571424687,0.2629529020266202,0.26148535687877,110.76965662245044,4,1.2506721675324675,171,nan,nan,11.20504061218888,21,nan,0,nan,nan,nan
1,0,init,False,5,1.4417495312968414,0.6091088099520009,0.11580421223612355,0.8189884660021316,58.85843969092172,4,1.443776098345645,109,nan,nan,4.311402072768068,9,nan,0,nan,nan,nan
1,0,init,False,6,1.00972397712654,0.07148775139552857,0.17363996065201645,0.5395588078365875,53.26794803322947,4,1.4548996150584552,93,nan,nan,7.568142618123886,10,nan,0,nan,nan,nan
1,0,init,False,7,1.2185947329704703,0.1488812836013955,0.24195347621371185,0.8414793850028799,59.776321990038106,4,1.5824914426247365,102,nan,nan,6.188270995063459,12,nan,0,nan,nan,nan
1,0,init,False,8,1.0529759994370083,0.5242669413239024,0.22055200303460834,0.6576183775429378,90.63043919268989,4,1.2089503562504371,135,nan,nan,10.243738806134445,13,nan,0,nan,nan,nan
1,0,init,False,9,0.29021406196150945,0.9972775762942552,0.9670807746197337,0.1982428341906109,86.10041172850613,4,1.3027633038404485,140,nan,nan,10.398365330138075,14,nan,0,nan,nan,nan
1,0,init,False,10,1.385073693952201,0.5844187583838942,0.13215962103503467,0.789350777110115,71.91980943756451,4,1.3079830281169158,120,nan,nan,7.313370634066769,11,nan,0,nan,nan,nan
1,0,init,False,11,1.039287979344075,0.3063894518937626,0.23118558247061435,0.5870922888283767,44.593612143074274,4,1.4179461310870287,80,nan,nan,3.392272490495242,6,nan,0,nan,nan,nan
1,0,init,False,12,1.093621695593289,0.12446355055298274,0.13041988552657197,0.7660395917318017,83.87676452846466,4,1.2362845540544831,127,nan,nan,9.68120711173227,11,nan,0,nan,nan,nan
1,0,init,False,13,0.9736580260817508,0.7903096867468709,0.3084883333299315,0.5869158572797941,60.767410951634155,4,1.3012547771511178,99,nan,nan,6.9109678929701035,12,nan,0,nan,nan,nan
1,0,init,False,14,1.313802687997899,0.37710905669115635,0.1646470576684292,0.8547961781115798,76.4711253420775,4,1.2740067003456363,123,nan,nan,7.941751947079538,10,nan,0,nan,nan,nan
1,0,init,False,15,2.345362840709062,0.24562355743163694,0.18844460267552837,1.3936670035970806,15.315387151269974,4,1.6743011216639352,34,nan,nan,1.3334986384996432,3,nan,0,nan,nan,nan
1,0,init,False,16,0.720181991764751,0.03233784094690507,0.0724206453001821,0.48166211738700226,73.38432044625401,4,1.3478844172948343,114,nan,nan,6.052202474957328,10,nan,0,nan,nan,nan
1,0,init,False,17,1.2805013366604237,0.45030100316853766,0.24353558287222207,0.7707768203473779,39.55629964356406,4,1.4893567238615686,75,nan,nan,3.047920137916333,4,nan,0,nan,nan,nan
1,0,init,False,18,0.8160002170453344,0.6948640048518233,0.1885685474603186,0.5495810023567146,80.73122378063826,4,1.2727468403386215,129,nan,nan,8.40331275726238,14,nan,0,nan,nan,nan
1,0,init,False,19,1.3316689125660606,0.1680939425103951,0.12630496662992002,0.9147970231724395,15.966969068378386,4,1.6890374174626903,37,nan,nan,2.077002984703749,4,nan,0,nan,nan,nan
1,0,init,False,20,1.542113069582152,0.24014172447175758,0.08537846206211981,0.9928620230514716,50.35094875946201,4,1.2156112198778257,85,nan,nan,4.816744564870445,7,nan,0,nan,nan,nan
1,0,init,False,21,2.0051335288065353,0.2438762665289221,0.0741215130623265,1.330418673404337,35.97508400818381,4,1.362173227191439,63,nan,nan,3.877426918209244,7,nan,0,nan,nan,nan
1,0,init,False,22,2.5644615416402696,0.14977112997604028,0.1497711299760425,1.5824513265501605,17.124575495420004,4,1.6590726355233671,30,nan,nan,1.0,1,nan,0,nan,nan,nan
1,0,init,False,23,1.107052378092518,0.4596771889072396,0.19492534343252502,0.6743392677323732,87.14941156343991,4,1.3010299865835984,137,nan,nan,8.080269225827912,12,nan,0,nan,nan,nan
1,1,step,False,0,1.5749285892107503,0.20785206425229605,0.05266626956231886,1.0456497293241727,58.1255192699806,4,1.3359299744479276,100,20.59852130321884,28.479483566494398,5.238240656996116,9,0.2891763042616185,0,1.6558287014937831,1.0,1.0360207495120618e-15
1,1,step,False,1,1.2597795664531544,0.11094513301379794,0.006743372039069341,0.8630006868235384,73.4203802244768,4,1.3014780187753279,119,28.40386179477597,38.63465136606058,6.831369053373025,10,0.35067234354550264,0,1.6558287014937831,1.0,1.0360207495120618e-15
1,1,step,False,2,1.321130606706036,0.5824798665453742,0.11543906753709644,0.8806445562429156,64.21333978017283,4,1.3680608408512542,109,17.855639041357886,25.868303825078737,5.298630926627023,9,0.42081040407852144,0,1.6558287014937831,1.0,1.0360207495120618e-15
1,1,step,False,3,0.7822524636658202,0.07435399146133127,0.44164496573085077,0.5516281588328207,31.65460114810914,4,1.5401210518536577,63,8.489344067855889,12.618002529473353,2.788851149996098,5,0.3569530458952266,0,1.6558287014937831,1.0,1.0360207495120618e-15
1,1,step,False,4,0.34434947603663596,0.10798431443001917,0.2629529020266202,0.26148535687877,110.76965662245044,4,1.2506721675324675,171,43.47201625408509,59.248157521185114,11.20504061218888,21,0.2891219864130743,0,1.6558287014937831,1.0,1.0360207495120618e-15
1,1,step,False,5,1.4417495312968414,0.6491185769002471,0.11580421223612355,0.8189884660021316,58.85843969092172,4,1.443776098345645,109,19.740985148939526,26.420632451306382,4.311402072768068,9,0.36962691703193434,0,1.6558287014937831,1.0,1.0360207495120618e-15
1,1,step,False,6,1.00972397712654,0.20579200152555913,0.17363996065201645,0.5395588078365875,53.26794803322947,4,1.4548996150584552,93,13.887473030153876,19.684940243892243,7.568142618123886,10,0.33024120364086834,0,1.6558287014937831,1.0,1.0360207495120618e-15
1,1,step,False,7,1.2185947329704703,0.06000308125644611,0.24195347621371185,0.8414793850028799,59.776321990038106,4,1.5824914426247365,102,18.89287660936788,29.191093076605014,6.188270995063459,12,0.256747368701968,0,1.6558287014937831,1.0,1.0360207495120618e-15
1,1,step,False,8,1.0529759994370083,0.43111747314293847,0.22055200303460834,0.6576183775429378,90.63043919268989,4,1.2089503562504371,135,32.77956836697321,48.72410113322512,10.243738806134445,13,0.32548013379960533,0,1.6558287014937831,1.0,1.0360207495120618e-15
1,1,step,False,9,0.29021406196150945,0.9984295400901849,0.9670807746197337,0.1982428341906109,86.10041172850613,4,1.3027633038404485,140,27.769282057771342,40.20620643288194,10.398365330138075,14,0.31455005201579517,0,1.6558287014937831,1.0,1.0360207495120618e-15
1,1,step,False,10,1.385073693952201,0.5609016352505658,0.13215962103503467,0.789350777110115,71.91980943756451,4,1.3079830281169158,120,20.951430197476885,31.43172029939866,7.313370634066769,11,0.3366005010001311,0,1.6558287014937831,1.0,1.0360207495120618e-15
1,1,step,False,11,1.039287979344075,0.5195610812277341,0.23118558247061435,0.5870922888283767,44.593612143074274,4,1.4179461310870287,80,13.294875268863809,18.783504810958583,3.392272490495242,6,0.3526515878746207,0,1.6558287014937831,1.0,1.0360207495120618e-15
1,1,step,False,12,1.093621695593289,0.14098897757114234,0.13041988552657197,0.7660395917318017,83.87676452846466,4,1.2362845540544831,127,27.190900311888967,38.4470171310464,9.68120711173227,11,0.3409812605052137,0,1.6558287014937831,1.0,1.0360207495120618e-15
1,1,step,False,13,0.9736580260817508,0.7615812481937848,0.3084883333299315,0.5869158572797941,60.767410951634155,4,1.3012547771511178,99,21.54043517163722,30.648319502897117,6.9109678929701035,12,0.28771194772299974,0,1.6558287014937831,1.0,1.0360207495120618e-15
1,1,step,False,14,1.313802687997899,0.35941749058290723,0.1646470576684292,0.8547961781115798,76.4711253420775,4,1.2740067003456363,123,23.89193754753978,34.23326527540986,7.941751947079538,10,0.3461767896164297,0,1.6558287014937831,1.0,1.0360207495120618e-15
1,1,step,False,15,2.345362840709062,0.35462683992404076,0.18844460267552837,1.3936670035970806,15.315387151269974,4,1.6743011216639352,34,6.000000000090481,8.099955904488485,1.3334986384996432,3,0.3233951745079321,0,1.6558287014937831,1.0,1.0360207495120618e-15
1,1,step,False,16,0.720181991764751,0.07789445999263124,0.0724206453001821,0.48166211738700226,73.38432044625401,4,1.3478844172948343,114,23.475585983024153,33.17452902246887,6.052202474957328,10,0.34811229422841516,0,1.6558287014937831,1.0,1.0360207495120618e-15
1,1,step,False,17,1.2805013366604237,0.6658002940499189,0.24353558287222207,0.7707768203473779,39.55629964356406,4,1.4893567238615686,75,10.523665166772878,14.662491689527567,3.047920137916333,4,0.36317450531045337,0,1.6558287014937831,1.0,1.0360207495120618e-15
1,1,step,False,18,0.8160002170453344,0.6697668059570422,0.1885685474603186,0.5495810023567146,80.73122378063826,4,1.2727468403386215,129,32.66170119490752,44.752394551646056,8.40331275726238,14,0.3661316267161735,0,1.6558287014937831,1.0,1.0360207495120618e-15
1,1,step,False,19,1.3316689125660606,0.24472963492176716,0.12630496662992002,0.9147970231724395,15.966969068378386,4,1.6890374174626903,37,6.000000000292305,8.313421079909691,2.077002984703749,4,0.2860830451724546,0,1.6558287014937831,1.0,1.0360207495120618e-15
1,1,step,False,20,1.542113069582152,0.3095968050660463,0.08537846206211981,0.9928620230514716,50.35094875946201,4,1.2156112198778257,85,20.03590346947051,26.433112217440037,4.816744564870445,7,0.3630151262863639,0,1.6558287014937831,1.0,1.0360207495120618e-15
1,1,step,False,21,2.0051335288065353,0.21782068599366147,0.0741215130623265,1.330418673404337,35.97508400818381,4,1.362173227191439,63,9.382836345731043,13.858680499475671,3.877426918209244,7,0.3455395359795527,0,1.6558287014937831,1.0,1.0360207495120618e-15
1,1,step,False,22,2.5644615416402696,0.0493739463211341,0.1497711299760425,1.5824513265501605,17.124575495420004,4,1.6590726355233671,30,6.000000000420134,8.619297343314832,1.0,1,0.3492056076308803,0,1.6558287014937831,1.0,1.0360207495120618e-15
1,1,step,False,23,1.107052378092518,0.43345849629311767,0.19492534343252502,0.6743392677323732,87.14941156343991,4,1.3010299865835984,137,31.026278731325654,43.39158199341926,8.080269225827912,12,0.3453887449052877,0,1.6558287014937831,1.0,1.0360207495120618e-15
1,2,step,False,0,1.5749285892107503,0.25098637655258615,0.05266626956231886,1.0456497293241727,58.1255192699806,4,1.3359299744479276,100,20.501120304498684,27.878556286772998,5.238240656996116,9,0.23161521166047158,0,1.1708477033095694,0.6100465208292007,5.730110801084087e-15
1,2,step,False,1,1.2597795664531544,0.1264840654499556,0.006743372039069341,0.8630006868235384,73.4203802244768,4,1.3014780187753279,119,28.777077112070856,38.45121977820674,6.831369053373025,10,0.2195088972742576,0,1.1708477033095694,0.6100465208292007,5.730110801084087e-15
1,2,step,False,2,1.321130606706036,0.5904807076620376,0.11543906753709644,0.8806445562429156,64.21333978017283,4,1.3680608408512542,109,17.09553652248595,24.225857392642222,5.298630926627023,9,0.21764347448195573,0,1.1708477033095694,0.6100465208292007,5.730110801084087e-15
1,2,step,False,3,0.7822524636658202,0.20598943627118801,0.44164496573085077,0.5516281588328207,31.65460114810914,4,1.5401210518536577,63,9.545458022456108,14.324435337930817,2.788851149996098,5,0.30148115813189963,0,1.1708477033095694,0.6100465208292007,5.730110801084087e-15
1,2,step,False,4,0.34434947603663596,0.011971986417543413,0.2629529020266202,0.26148535687877,110.76965662245044,4,1.2506721675324675,171,43.94517387231095,59.17852476477442,11.20504061218888,21,0.15096646238466116,0,1.1708477033095694,0.6100465208292007,5.730110801084087e-15
1,2,step,False,5,1.4417495312968414,0.6289725273732172,0.11580421223612355,0.8189884660021316,58.85843969092172,4,1.443776098345645,109,20.404881937002155,27.79991338469049,4.311402072768068,9,0.2131772314363186,0,1.1708477033095694,0.6100465208292007,5.730110801084087e-15
1,2,step,False,6,1.00972397712654,0.3648558162463421,0.17363996065201645,0.5395588078365875,53.26794803322947,4,1.4548996150584552,93,15.19958940904999,20.09962724908586,7.568142618123886,10,0.13572853818262087,0,1.1708477033095694,0.6100465208292007,5.730110801084087e-15
1,2,step,False,7,1.2185947329704703,0.10375172089929444,0.24195347621371185,0.8414793850028799,59.776321990038106,4,1.5824914426247365,102,17.39551126872112,25.94663820120268,6.188270995063459,12,0.2631487998686934,0,1.1708477033095694,0.6100465208292007,5.730110801084087e-15
1,2,step,False,8,1.0529759994370083,0.23710152534613463,0.22055200303460834,0.6576183775429378,90.63043919268989,4,1.2089503562504371,135,34.03235478779762,48.621515861209026,10.243738806134445,13,0.1807130258985323,0,1.1708477033095694,0.6100465208292007,5.730110801084087e-15
1,2,step,False,9,0.29021406196150945,0.9971816202590652,0.9670807746197337,0.1982428341906109,86.10041172850613,4,1.3027633038404485,140,25.206664239608713,35.404914888326516,10.398365330138075,14,0.17256011624189915,0,1.1708477033095694,0.6100465208292007,5.730110801084087e-15
1,2,step,False,10,1.385073693952201,0.46967963406587665,0.13215962103503467,0.789350777110115,71.91980943756451,4,1.3079830281169158,120,22.515789765012798,33.30640229902047,7.313370634066769,11,0.16688074307361975,0,1.1708477033095694,0.6100465208292007,5.730110801084087e-15
1,2,step,False,11,1.039287979344075,0.48585555164461974,0.23118558247061435,0.5870922888283767,44.593612143074274,4,1.4179461310870287,80,12.735416013098005,17.84305333054,3.392272490495242,6,0.13651617119570636,0,1.1708477033095694,0.6100465208292007,5.730110801084087e-15
1,2,step,False,12,1.093621695593289,0.2497333869228632,0.13041988552657197,0.7660395917318017,83.87676452846466,4,1.2362845540544831,127,28.243757940765697,38.361898344536336,9.68120711173227,11,0.13718150327764825,0,1.1708477033095694,0.6100465208292007,5.730110801084087e-15
1,2,step,False,13,0.9736580260817508,0.6230271085919836,0.3084883333299315,0.5869158572797941,60.767410951634155,4,1.3012547771511178,99,22.601493805581395,33.38710257080962,6.9109678929701035,12,0.23263576982468048,0,1.1708477033095694,0.6100465208292007,5.730110801084087e-15
1,2,step,False,14,1.313802687997899,0.25833564350224963,0.1646470576684292,0.8547961781115798,76.4711253420775,4,1.2740067003456363,123,24.634673017081255,35.18646462898659,7.941751947079538,10,0.1595116422695094,0,1.1708477033095694,0.6100465208292007,5.730110801084087e-15
1,2,step,False,15,2.345362840709062,0.46364709904926565,0.18844460267552837,1.3936670035970806,15.315387151269974,4,1.6743011216639352,34,6.000000000280073,7.951163816412571,1.3334986384996432,3,0.2575830618501999,0,1.1708477033095694,0.6100465208292007,5.730110801084087e-15
1,2,step,False,16,0.720181991764751,0.040572995209031466,0.0724206453001821,0.48166211738700226,73.38432044625401,4,1.3478844172948343,114,25.562570977666354,36.51307971916499,6.052202474957328,10,0.216236496962123,0,1.1708477033095694,0.6100465208292007,5.730110801084087e-15
1,2,step,False,17,1.2805013366604237,0.8171300697748398,0.24353558287222207,0.7707768203473779,39.55629964356406,4,1.4893567238615686,75,10.324545086008062,15.081922962237124,3.047920137916333,4,0.3166414422804877,0,1.1708477033095694,0.6100465208292007,5.730110801084087e-15
1,2,step,False,18,0.8160002170453344,0.7460157177539953,0.1885685474603186,0.5495810023567146,80.73122378063826,4,1.2727468403386215,129,32.15364431179669,42.335123100209714,8.40331275726238,14,0.18204661440297726,0,1.1708477033095694,0.6100465208292007,5.730110801084087e-15
1,2,step,False,19,1.3316689125660606,0.22139073752226426,0.12630496662992002,0.9147970231724395,15.966969068378386,4,1.6890374174626903,37,6.000000000020744,9.088161776574898,2.077002984703749,4,0.2367002847246877,0,1.1708477033095694,0.6100465208292007,5.730110801084087e-15
1,2,step,False,20,1.542113069582152,0.22489743345640417,0.08537846206211981,0.9928620230514716,50.35094875946201,4,1.2156112198778257,85,21.392247545708706,28.70952938495186,4.816744564870445,7,0.2268220841194501,0,1.1708477033095694,0.6100465208292007,5.730110801084087e-15
1,2,step,False,21,2.0051335288065353,0.16332650313789288,0.0741215130623265,1.330418673404337,35.97508400818381,4,1.362173227191439,63,6.153841493913982,9.261468201890018,3.877426918209244,7,0.1301495123533711,0,1.1708477033095694,0.6100465208292007,5.730110801084087e-15
1,2,step,False,22,2.5644615416402696,0.07845447850113609,0.1497711299760425,1.5824513265501605,17.124575495420004,4,1.6590726355233671,30,6.00000000001002,7.923875160260873,1.0,1,0.16494850080306594,0,1.1708477033095694,0.6100465208292007,5.730110801084087e-15
1,2,step,False,23,1.107052378092518,0.3369761698669496,0.19492534343252502,0.6743392677323732,87.14941156343991,4,1.3010299865835984,137,30.276453185258504,41.820990492710294,8.080269225827912,12,0.15960438633170296,0,1.1708477033095694,0.6100465208292007,5.730110801084087e-15
1,3,step,False,0,1.5749285892107503,0.34536639603509456,0.05266626956231886,1.0456497293241727,58.1255192699806,4,1.3359299744479276,100,19.939379852817492,26.49114093426798,5.238240656996116,9,0.11842670067281721,0,0.8279143507468913,0.3676832765340805,1.7210006671322914e-12
1,3,step,False,1,1.2597795664531544,0.23516872990366555,0.006743372039069341,0.8630006868235384,73.4203802244768,4,1.3014780187753279,119,28.795644723939585,37.96968338253384,6.831369053373025,10,0.10859359400601493,0,0.8279143507468913,0.3676832765340805,1.7210006671322914e-12
1,3,step,False,2,1.321130606706036,0.6701975990344553,0.11543906753709644,0.8806445562429156,64.21333978017283,4,1.3680608408512542,109,18.299754104749642,26.17929150949439,5.298630926627023,9,0.11963570312410324,0,0.8279143507468913,0.3676832765340805,1.7210006671322914e-12
1,3,step,False,3,0.7822524636658202,0.29414693170536294,0.44164496573085077,0.5516281588328207,31.65460114810914,4,1.5401210518536577,63,9.545418310503527,14.233153657386385,2.788851149996098,5,0.12322060762371913,0,0.8279143507468913,0.3676832765340805,1.7210006671322914e-12
1,3,step,False,4,0.34434947603663596,0.034609881524315246,0.2629529020266202,0.26148535687877,110.76965662245044,4,1.2506721675324675,171,41.59015489166664,55.48578044947418,11.20504061218888,21,0.11563934294668685,0,0.8279143507468913,0.3676832765340805,1.7210006671322914e-12
1,3,step,False,5,1.4417495312968414,0.5303836143822586,0.11580421223612355,0.8189884660021316,58.85843969092172,4,1.443776098345645,109,20.244361154713186,28.484842439044314,4.311402072768068,9,0.09356846870467499,0,0.8279143507468913,0.3676832765340805,1.7210006671322914e-12
1,3,step,False,6,1.00972397712654,0.24778892866118854,0.17363996065201645,0.5395588078365875,53.26794803322947,4,1.4548996150584552,93,18.3397725760747,24.487065176485128,7.568142618123886,10,0.09815520006360959,0,0.8279143507468913,0.3676832765340805,1.7210006671322914e-12
1,3,step,False,7,1.2185947329704703,0.1285483071194291,0.24195347621371185,0.8414793850028799,59.776321990038106,4,1.5824914426247365,102,17.886042902255323,25.73653976097706,6.188270995063459,12,0.1382598043180467,0,0.8279143507468913,0.3676832765340805,1.7210006671322914e-12
1,3,step,False,8,1.0529759994370083,0.05989620221407762,0.22055200303460834,0.6576183775429378,90.63043919268989,4,1.2089503562504371,135,31.77025570117879,42.595798590228206,10.243738806134445,13,0.1467953124155355,0,0.8279143507468913,0.3676832765340805,1.7210006671322914e-12
1,3,step,False,9,0.29021406196150945,0.9997457663900566,0.9670807746197337,0.1982428341906109,86.10041172850613,4,1.3027633038404485,140,28.31391156789812,41.16051003614135,10.398365330138075,14,0.11201624454172512,0,0.8279143507468913,0.3676832765340805,1.7210006671322914e-12
1,3,step,False,10,1.385073693952201,0.3685464814242118,0.13215962103503467,0.789350777110115,71.91980943756451,4,1.3079830281169158,120,22.37471792580013,30.318362244017013,7.313370634066769,11,0.0788183592448139,0,0.8279143507468913,0.3676832765340805,1.7210006671322914e-12
1,3,step,False,11,1.039287979344075,0.37848009491000795,0.23118558247061435,0.5870922888283767,44.593612143074274,4,1.4179461310870287,80,14.17517123853921,19.02609617396432,3.392272490495242,6,0.05705591027812753,0,0.8279143507468913,0.3676832765340805,1.7210006671322914e-12
1,3,step,False,12,1.093621695593289,0.14664920939932802,0.13041988552657197,0.7660395917318017,83.87676452846466,4,1.2362845540544831,127,28.708532103066727,36.93976687458583,9.68120711173227,11,0.09923191305957414,0,0.8279143507468913,0.3676832765340805,1.7210006671322914e-12
1,3,step,False,13,0.9736580260817508,0.47312055522923585,0.3084883333299315,0.5869158572797941,60.767410951634155,4,1.3012547771511178,99,21.284340669922,29.359541237256288,6.9109678929701035,12,0.1460975744313868,0,0.8279143507468913,0.3676832765340805,1.7210006671322914e-12
1,3,step,False,14,1.313802687997899,0.1340909897959972,0.1646470576684292,0.8547961781115798,76.4711253420775,4,1.2740067003456363,123,23.097487521523288,30.756898144190316,7.941751947079538,10,0.07583671619954971,0,0.8279143507468913,0.3676832765340805,1.7210006671322914e-12
1,3,step,False,15,2.345362840709062,0.3818746460362295,0.18844460267552837,1.3936670035970806,15.315387151269974,4,1.6743011216639352,34,6.000000000331518,7.971026998817723,1.3334986384996432,3,0.35013057385145097,0,0.8279143507468913,0.3676832765340805,1.7210006671322914e-12
1,3,step,False,16,0.720181991764751,0.14722271467507267,0.0724206453001821,0.48166211738700226,73.38432044625401,4,1.3478844172948343,114,24.501982102571834,33.0953926047752,6.052202474957328,10,0.1010263972651004,0,0.8279143507468913,0.3676832765340805,1.7210006671322914e-12
1,3,step,False,17,1.2805013366604237,0.8138259622057131,0.24353558287222207,0.7707768203473779,39.55629964356406,4,1.4893567238615686,75,11.304514905182195,17.660941189247488,3.047920137916333,4,0.17464874864625135,0,0.8279143507468913,0.3676832765340805,1.7210006671322914e-12
1,3,step,False,18,0.8160002170453344,0.84079025731393,0.1885685474603186,0.5495810023567146,80.73122378063826,4,1.2727468403386215,129,33.26442955088603,43.90954364232129,8.40331275726238,14,0.10341078228988758,0,0.8279143507468913,0.3676832765340805,1.7210006671322914e-12
1,3,step,False,19,1.3316689125660606,0.14972153126528603,0.12630496662992002,0.9147970231724395,15.966969068378386,4,1.6890374174626903,37,6.000000000008154,7.832192396544828,2.077002984703749,4,0.09807990589458261,0,0.8279143507468913,0.3676832765340805,1.7210006671322914e-12
1,3,step,False,20,1.542113069582152,0.12575165712086336,0.08537846206211981,0.9928620230514716,50.35094875946201,4,1.2156112198778257,85,20.529009696056736,26.511794717496198,4.816744564870445,7,0.11160155965907649,0,0.8279143507468913,0.3676832765340805,1.7210006671322914e-12
1,3,step,False,21,2.0051335288065353,0.08981194619646496,0.0741215130623265,1.330418673404337,35.97508400818381,4,1.362173227191439,63,6.000000000119516,8.150611922204165,3.877426918209244,7,0.13547171785814885,0,0.8279143507468913,0.3676832765340805,1.7210006671322914e-12
1,3,step,False,22,2.5644615416402696,0.11841203195933206,0.1497711299760425,1.5824513265501605,17.124575495420004,4,1.6590726355233671,30,6.000000000293712,8.138337995327394,1.0,1,0.13685577779636757,0,0.8279143507468913,0.3676832765340805,1.7210006671322914e-12
1,3,step,False,23,1.107052378092518,0.2163813625660797,0.19492534343252502,0.6743392677323732,87.14941156343991,4,1.3010299865835984,137,30.178402618765134,41.89118172111335,8.080269225827912,12,0.0756150495975418,0,0.8279143507468913,0.3676832765340805,1.7210006671322914e-12
2,0,init,False,0,1.0467706587360495,0.5466905261859195,0.22851500244119818,0.6810330044325779,59.04569452859888,4,1.389966061080823,96,nan,nan,5.862727771146699,9,nan,0,nan,nan,nan
2,0,init,False,1,1.0701418227387929,0.4487311535625346,0.12425900274583421,0.7956896675689481,51.64105542247972,4,1.2390161483685567,93,nan,nan,3.834714955441396,10,nan,0,nan,nan,nan
2,0,init,False,2,0.7932685761589658,0.963280200395407,0.21356622863592536,0.5212532946898482,42.34374708505638,4,1.3021521159175078,77,nan,nan,4.499004865583055,6,nan,0,nan,nan,nan
2,0,init,False,3,0.3205409858769687,0.12717770368309503,0.4651924320744398,0.2196051088941605,84.00726786199591,4,1.300901783066737,130,nan,nan,9.395125217389836,12,nan,0,nan,nan,nan
2,0,init,False,4,1.2844467353127504,0.40143014753110623,0.3230750650443471,1.0882036414207648,7.469383352135623,4,1.6761644872707415,14,nan,nan,1.2331901625011739,2,nan,0,nan,nan,nan
2,0,init,False,5,2.0802561912918844,0.10131555719277503,0.10292378375607898,1.2605784874453647,39.51145944543005,4,1.5192913821130405,72,nan,nan,3.8389316012159815,6,nan,0,nan,nan,nan
2,0,init,False,6,1.2190457946602995,0.14279984492243267,0.15879930250394814,0.8107072579918712,72.9073654873682,4,1.2255340651471252,122,nan,nan,7.368267676148906,10,nan,0,nan,nan,nan
2,0,init,False,7,1.5215077396539407,0.1694773122363877,0.13509832988052758,1.0433858820927175,65.90824151687282,4,1.2594893218466454,114,nan,nan,8.378534792757735,14,nan,0,nan,nan,nan
2,0,init,False,8,1.0115079638172977,0.7640605293028391,0.1936284024818393,0.5657300662748956,75.22126136979051,4,1.3281580911852546,123,nan,nan,6.412912375126976,9,nan,0,nan,nan,nan
2,0,init,False,9,0.3423530440072947,0.9995623231008477,0.6418871329045058,0.28585976233832544,35.18788834101062,4,1.3549033565079938,63,nan,nan,3.1712875960203144,7,nan,0,nan,nan,nan
2,0,init,False,10,0.3204744605844023,0.7205706698804379,0.481111961024221,0.23494589287688908,87.16048825978412,4,1.2738906059503479,139,nan,nan,8.537188308423566,12,nan,0,nan,nan,nan
2,0,init,False,11,1.348557138294263,0.21484096523948973,0.1931593016470286,0.9865866211262098,54.85926235489409,4,1.2922969011704626,92,nan,nan,5.991204343832476,9,nan,0,nan,nan,nan
2,0,init,False,12,1.95878432879614,0.040451607705754795,0.09208050280730327,1.1303472927735145,40.08902068095337,4,1.384946821223811,76,nan,nan,3.378532456734667,6,nan,0,nan,nan,nan
2,0,init,False,13,2.3633895001822,0.28194298563632714,0.09091541469964279,1.4744123258001987,26.59264496145776,4,1.352033392404459,52,nan,nan,2.5679215179102286,6,nan,0,nan,nan,nan
2,0,init,False,14,1.7825206800460858,0.03691192790971169,0.052496250411876645,1.0193644068760228,46.172091068059316,4,1.3466985252160468,82,nan,nan,4.6502265177787,7,nan,0,nan,nan,nan
2,0,init,False,15,1.1478094221068595,0.36218344494359483,0.21946160362443318,0.877361554877913,28.877027391427546,4,1.59673346097239,55,nan,nan,4.574281728374072,8,nan,0,nan,nan,nan
2,0,init,False,16,0.7518156372889109,0.997390984066502,0.3842280276294127,0.420181870454791,106.71190044916905,4,1.1266294635540246,165,nan,nan,10.530579947121234,17,nan,0,nan,nan,nan
2,0,init,False,17,1.4618158494836173,0.2893627709393184,0.03011138329827395,1.0922074339596302,35.0073398635863,4,1.3254211573746157,63,nan,nan,2.6312212146443357,5,nan,0,nan,nan,nan
2,0,init,False,18,1.7987267463663223,0.2689388395057871,0.13713806758589497,0.980701922242823,44.12035323503808,4,1.4784202331339371,84,nan,nan,2.9481309407410263,5,nan,0,nan,nan,nan
2,0,init,False,19,1.6219259550985072,0.29310698471576074,0.2256926250044474,0.8805342626268562,74.42484287557377,4,1.3377405722563598,113,nan,nan,5.537092049579155,10,nan,0,nan,nan,nan
2,0,init,False,20,0.4967517232200428,0.4364283862286793,0.37977740378019104,0.42772438218880854,75.84888072224115,4,1.410734447486806,127,nan,nan,9.303967278611493,14,nan,0,nan,nan,nan
2,0,init,False,21,0.2801579968649878,0.9330488911583777,0.52077374176404,0.13843247089108443,106.18932736682225,4,1.31924396631905,161,nan,nan,10.604728075576892,16,nan,0,nan,nan,nan
2,0,init,False,22,0.4284902509478303,0.10405557845571031,0.22716786155304758,0.31533300723622376,88.86975276936352,4,1.2797301308079836,138,nan,nan,8.46629043354273,13,nan,0,nan,nan,nan
2,0,init,False,23,0.8766018881723402,0.9961096421111846,0.13409260778038312,0.44367666827444185,91.8337035908913,4,1.2317549105593442,153,nan,nan,10.283938173797363,17,nan,0,nan,nan,nan
2,1,step,False,0,1.0467706587360495,0.6252778900220008,0.22851500244119818,0.6810330044325779,59.04569452859888,4,1.389966061080823,96,19.776593842374545,29.496742830431185,5.862727771146699,9,0.2901031681255746,0,1.6949287368540935,1.0,9.214039640134934e-07
2,1,step,False,1,1.0701418227387929,0.43786560078460884,0.12425900274583421,0.7956896675689481,51.64105542247972,4,1.2390161483685567,93,16.77943175354453,22.524447990007843,3.834714955441396,10,0.34814546466802293,0,1.6949287368540935,1.0,9.214039640134934e-07
2,1,step,False,2,0.7932685761589658,0.963768752757817,0.21356622863592536,0.5212532946898482,42.34374708505638,4,1.3021521159175078,77,16.354900382347658,22.399713348815585,4.499004865583055,6,0.240211910078179,0,1.6949287368540935,1.0,9.214039640134934e-07
2,1,step,False,3,0.3205409858769687,0.24002557358314838,0.4651924320744398,0.2196051088941605,84.00726786199591,4,1.300901783066737,130,29.176252212002822,42.60630639616182,9.395125217389836,12,0.18600533405232314,0,1.6949287368540935,1.0,9.214039640134934e-07
2,1,step,False,4,1.2844467353127504,0.38963523078705103,0.3230750650443471,1.0882036414207648,7.469383352135623,4,1.6761644872707415,14,6.000000000401242,7.9424714488303465,1.2331901625011739,2,0.35311089669929596,0,1.6949287368540935,1.0,9.214039640134934e-07
2,1,step,False,5,2.0802561912918844,0.05278839234270409,0.10292378375607898,1.2605784874453647,39.51145944543005,4,1.5192913821130405,72,11.240977815410172,14.022946368431896,3.8389316012159815,6,0.30509963002928386,0,1.6949287368540935,1.0,9.214039640134934e-07
2,1,step,False,6,1.2190457946602995,0.11971309128572531,0.15879930250394814,0.8107072579918712,72.9073654873682,4,1.2255340651471252,122,22.65144161303686,30.46859474134583,7.368267676148906,10,0.16227906699359337,0,1.6949287368540935,1.0,9.214039640134934e-07
2,1,step,False,7,1.5215077396539407,0.10650305643554366,0.13509832988052758,1.0433858820927175,65.90824151687282,4,1.2594893218466454,114,22.219354176951285,32.446071434006505,8.378534792757735,14,0.18119025993465734,0,1.6949287368540935,1.0,9.214039640134934e-07
2,1,step,False,8,1.0115079638172977,0.7857973625034391,0.1936284024818393,0.5657300662748956,75.22126136979051,4,1.3281580911852546,123,27.91704293999407,36.44179125757889,6.412912375126976,9,0.3404660442254102,0,1.6949287368540935,1.0,9.214039640134934e-07
2,1,step,False,9,0.3423530440072947,0.9750971677865086,0.6418871329045058,0.28585976233832544,35.18788834101062,4,1.3549033565079938,63,8.86183472093312,12.404979820776017,3.1712875960203144,7,0.2009528078915862,0,1.6949287368540935,1.0,9.214039640134934e-07
2,1,step,False,10,0.3204744605844023,0.6864003766906874,0.481111961024221,0.23494589287688908,87.16048825978412,4,1.2738906059503479,139,30.738004960022103,42.2178425158871,8.537188308423566,12,0.34414133860613755,0,1.6949287368540935,1.0,9.214039640134934e-07
2,1,step,False,11,1.348557138294263,0.2680355680530693,0.1931593016470286,0.9865866211262098,54.85926235489409,4,1.2922969011704626,92,17.05164612994586,24.629664273133443,5.991204343832476,9,0.2278441260894783,0,1.6949287368540935,1.0,9.214039640134934e-07
2,1,step,False,12,1.95878432879614,0.10577120260928471,0.09208050280730327,1.1303472927735145,40.08902068095337,4,1.384946821223811,76,13.735461525275536,18.818722520805604,3.378532456734667,6,0.1842413152741238,0,1.6949287368540935,1.0,9.214039640134934e-07
2,1,step,False,13,2.3633895001822,0.35251620550866525,0.09091541469964279,1.4744123258001987,26.59264496145776,4,1.352033392404459,52,7.475902496093372,10.466105937265866,2.5679215179102286,6,0.22421350851031122,0,1.6949287368540935,1.0,9.214039640134934e-07
2,1,step,False,14,1.7825206800460858,0.4307876464658369,0.052496250411876645,1.0193644068760228,46.172091068059316,4,1.3466985252160468,82,16.11904513790899,21.546685416902598,4.6502265177787,7,0.2693510083817592,0,1.6949287368540935,1.0,9.214039640134934e-07
2,1,step,False,15,1.1478094221068595,0.45446160463072194,0.21946160362443318,0.877361554877913,28.877027391427546,4,1.59673346097239,55,7.160966979626291,10.77413941529456,4.574281728374072,8,0.19561372289323561,0,1.6949287368540935,1.0,9.214039640134934e-07
2,1,step,False,16,0.7518156372889109,0.9908174150077956,0.3842280276294127,0.420181870454791,106.71190044916905,4,1.1266294635540246,165,36.22535879486841,49.556704841941325,10.530579947121234,17,0.15151923556877278,0,1.6949287368540935,1.0,9.214039640134934e-07
2,1,step,False,17,1.4618158494836173,0.227134691970461,0.03011138329827395,1.0922074339596302,35.0073398635863,4,1.3254211573746157,63,9.853171079702859,13.593338418183833,2.6312212146443357,5,0.33015179899581854,0,1.6949287368540935,1.0,9.214039640134934e-07
2,1,step,False,18,1.7987267463663223,0.2613413340511201,0.13713806758589497,0.980701922242823,44.12035323503808,4,1.4784202331339371,84,12.690661207299115,17.41004192114241,2.9481309407410263,5,0.24264514557249867,0,1.6949287368540935,1.0,9.214039640134934e-07
2,1,step,False,19,1.6219259550985072,0.3185855246505378,0.2256926250044474,0.8805342626268562,74.42484287557377,4,1.3377405722563598,113,30.601027591767718,41.380871693530764,5.537092049579155,10,0.2414909850226052,0,1.6949287368540935,1.0,9.214039640134934e-07
2,1,step,False,20,0.4967517232200428,0.5429496867575105,0.37977740378019104,0.42772438218880854,75.84888072224115,4,1.410734447486806,127,18.816311055389633,29.60165141043377,9.303967278611493,14,0.206753454258526,0,1.6949287368540935,1.0,9.214039640134934e-07
2,1,step,False,21,0.2801579968649878,0.8994810659708612,0.52077374176404,0.13843247089108443,106.18932736682225,4,1.31924396631905,161,37.635997295129684,52.91425200546409,10.604728075576892,16,0.2560701979057365,0,1.6949287368540935,1.0,9.214039640134934e-07
2,1,step,False,22,0.4284902509478303,0.09668092581923957,0.22716786155304758,0.31533300723622376,88.86975276936352,4,1.2797301308079836,138,33.205969876835965,46.86479078669111,8.46629043354273,13,0.20056061804329775,0,1.6949287368540935,1.0,9.214039640134934e-07
2,1,step,False,23,0.8766018881723402,0.9906294233208244,0.13409260778038312,0.44367666827444185,91.8337035908913,4,1.2317549105593442,153,31.044857366390332,42.51745364896881,10.283938173797363,17,0.1452087384629563,0,1.6949287368540935,1.0,9.214039640134934e-07
2,2,step,False,0,1.0467706587360495,0.5853104043395188,0.22851500244119818,0.6810330044325779,59.04569452859888,4,1.389966061080823,96,19.200588254202167,28.39496764331393,5.8627277711467,9,0.13572578921599923,0,1.1984956034574787,0.6119024306535721,6.049624603569427e-16
2,2,step,False,1,1.0701418227387929,0.30229644357707275,0.12425900274583421,0.7956896675689481,51.64105542247972,4,1.2390161483685567,93,16.020664620653488,21.0216893628542,3.834714955441396,10,0.22243022129908754,0,1.1984956034574787,0.6119024306535721,6.049624603569427e-16
2,2,step,False,2,0.7932685761589658,0.7383685341630414,0.21356622863592536,0.5212532946898482,42.34374708505638,4,1.3021521159175078,77,17.795814647261242,24.742630562596837,4.499004865583055,6,0.2163633498466188,0,1.1984956034574787,0.6119024306535721,6.049624603569427e-16
2,2,step,False,3,0.3205409858769687,0.25182973414027193,0.4651924320744398,0.2196051088941605,84.00726786199591,4,1.300901783066737,130,30.483444962163837,42.62487488403557,9.395125217389836,12,0.15755233748115846,0,1.1984956034574787,0.6119024306535721,6.049624603569427e-16
2,2,step,False,4,1.2844467353127504,0.2492029677938283,0.3230750650443471,1.0882036414207648,7.469383352135623,4,1.6761644872707415,14,6.000000000014554,7.970778656318648,1.2331901625011739,2,0.22009378637732951,0,1.1984956034574787,0.6119024306535721,6.049624603569427e-16
2,2,step,False,5,2.0802561912918844,0.08987397698951378,0.10292378375607898,1.2605784874453647,39.51145944543005,4,1.5192913821130405,72,9.828720220468622,11.745560311785187,3.8389316012159815,6,0.13127341420526345,0,1.1984956034574787,0.6119024306535721,6.049624603569427e-16
2,2,step,False,6,1.2190457946602995,0.321634552565812,0.15879930250394814,0.8107072579918712,72.9073654873682,4,1.2255340651471252,122,22.61247326919376,31.640311126268536,7.368267676148906,10,0.14542312575134025,0,1.1984956034574787,0.6119024306535721,6.049624603569427e-16
2,2,step,False,7,1.5215077396539407,0.1805101961142209,0.13509832988052758,1.0433858820927175,65.90824151687282,4,1.2594893218466454,114,18.84532083399065,25.701612522414496,8.378534792757735,14,0.13718816657759764,0,1.1984956034574787,0.6119024306535721,6.049624603569427e-16
2,2,step,False,8,1.0115079638172977,0.8203608142535234,0.1936284024818393,0.5657300662748956,75.22126136979051,4,1.3281580911852546,123,28.28193970459003,37.4092957126976,6.412912375126976,9,0.21095596951411524,0,1.1984956034574787,0.6119024306535721,6.049624603569427e-16
2,2,step,False,9,0.3423530440072947,0.8986213757488463,0.6418871329045058,0.28585976233832544,35.18788834101062,4,1.3549033565079938,63,9.568911697325055,13.743481428263529,3.1712875960203144,7,0.14313697420923968,0,1.1984956034574787,0.6119024306535721,6.049624603569427e-16
2,2,step,False,10,0.3204744605844023,0.7820848728663847,0.481111961024221,0.23494589287688908,87.16048825978412,4,1.2738906059503479,139,33.39723422733587,47.56658957767139,8.537188308423566,12,0.2322744742364291,0,1.1984956034574787,0.6119024306535721,6.049624603569427e-16
2,2,step,False,11,1.348557138294263,0.42714133326096393,0.1931593016470286,0.9865866211262098,54.85926235489409,4,1.2922969011704626,92,16.354951605248583,24.202220703246144,5.991204343832476,9,0.19667523379345067,0,1.1984956034574787,0.6119024306535721,6.049624603569427e-16
2,2,step,False,12,1.95878432879614,0.12707415537635963,0.09208050280730327,1.1303472927735145,40.08902068095337,4,1.384946821223811,76,10.33697660835784,13.318247066172631,3.378532456734667,6,0.18169485566389748,0,1.1984956034574787,0.6119024306535721,6.049624603569427e-16
2,2,step,False,13,2.3633895001822,0.2223618287185024,0.09091541469964279,1.4744123258001987,26.59264496145776,4,1.352033392404459,52,6.403334809131112,7.878061765551632,2.5679215179102286,6,0.196462457529556,0,1.1984956034574787,0.6119024306535721,6.049624603569427e-16
2,2,step,False,14,1.7825206800460858,0.27449452163832383,0.052496250411876645,1.0193644068760228,46.172091068059316,4,1.3466985252160468,82,15.360097224282667,20.467516826982575,4.6502265177787,7,0.17381780770963218,0,1.1984956034574787,0.6119024306535721,6.049624603569427e-16
2,2,step,False,15,1.1478094221068595,0.5913344418261546,0.21946160362443318,0.877361554877913,28.877027391427546,4,1.59673346097239,55,7.014426170693483,11.05979021237858,4.574281728374072,8,0.15925058713855442,0,1.1984956034574787,0.6119024306535721,6.049624603569427e-16
2,2,step,False,16,0.7518156372889109,0.9998408267384212,0.3842280276294127,0.420181870454791,106.71190044916905,4,1.1266294635540246,165,36.9969832634196,50.9905839856819,10.530579947121234,17,0.11610361382649555,0,1.1984956034574787,0.6119024306535721,6.049624603569427e-16
2,2,step,False,17,1.4618158494836173,0.22473472437539072,0.03011138329827395,1.0922074339596302,35.0073398635863,4,1.3254211573746157,63,10.336954779016933,13.761043736893898,2.6312212146443357,5,0.22294636808011684,0,1.1984956034574787,0.6119024306535721,6.049624603569427e-16
2,2,step,False,18,1.7987267463663223,0.2987322591692832,0.13713806758589497,0.980701922242823,44.12035323503808,4,1.4784202331339371,84,12.792550625419832,16.849975266338816,2.9481309407410263,5,0.1525074390903228,0,1.1984956034574787,0.6119024306535721,6.049624603569427e-16
2,2,step,False,19,1.6219259550985072,0.33298240454670835,0.2256926250044474,0.8805342626268562,74.42484287557377,4,1.3377405722563598,113,28.36081406582354,37.18008383274193,5.537092049579155,10,0.13051492798414482,0,1.1984956034574787,0.6119024306535721,6.049624603569427e-16
2,2,step,False,20,0.4967517232200428,0.5032081757070753,0.37977740378019104,0.42772438218880854,75.84888072224115,4,1.410734447486806,127,22.99041881588195,35.01256696541812,9.303967278611493,14,0.16286053625453453,0,1.1984956034574787,0.6119024306535721,6.049624603569427e-16
2,2,step,False,21,0.2801579968649878,0.9235629309704488,0.52077374176404,0.13843247089108443,106.18932736682225,4,1.31924396631905,161,37.54901402640491,52.27437962547138,10.604728075576892,16,0.20101446873379405,0,1.1984956034574787,0.6119024306535721,6.049624603569427e-16
2,2,step,False,22,0.4284902509478303,0.11637062567636243,0.22716786155304758,0.31533300723622376,88.86975276936352,4,1.2797301308079836,138,35.287486673899984,51.38721048572474,8.46629043354273,13,0.15388623340223243,0,1.1984956034574787,0.6119024306535721,6.049624603569427e-16
2,2,step,False,23,0.8766018881723402,0.999916016739862,0.13409260778038312,0.44367666827444185,91.8337035908913,4,1.2317549105593442,153,31.170461310816766,43.29485037579704,10.283938173797361,17,0.19439975884280244,0,1.1984956034574787,0.6119024306535721,6.049624603569427e-16
2,3,step,False,0,1.0467706587360495,0.44389033545799217,0.22851500244119818,0.6810330044325779,59.04569452859888,4,1.389966061080823,96,19.607752907142757,27.275743499937477,5.862727771146699,9,0.07939890375136895,0,0.8474643684270466,0.368634894490242,4.4590227105164135e-15
2,3,step,False,1,1.0701418227387929,0.09209956882830914,0.12425900274583421,0.7956896675689481,51.64105542247972,4,1.2390161483685567,93,19.3741392159821,26.148478042381168,3.834714955441396,10,0.07859280776387786,0,0.8474643684270466,0.368634894490242,4.4590227105164135e-15
2,3,step,False,2,0.7932685761589658,0.36975615460099476,0.21356622863592536,0.5212532946898482,42.34374708505638,4,1.3021521159175078,77,14.724037914596234,18.96591878757963,4.499004865583055,6,0.12432744379291755,0,0.8474643684270466,0.368634894490242,4.4590227105164135e-15
2,3,step,False,3,0.3205409858769687,0.27892335227846965,0.4651924320744398,0.2196051088941605,84.00726786199591,4,1.300901783066737,130,33.32329664633336,45.817256881741834,9.395125217389836,12,0.097104295616319,0,0.8474643684270466,0.368634894490242,4.4590227105164135e-15
2,3,step,False,4,1.2844467353127504,0.16978429250077823,0.3230750650443471,1.0882036414207648,7.469383352135623,4,1.6761644872707415,14,6.000000000416752,8.804385739318478,1.2331901625011739,2,0.20023177830419936,0,0.8474643684270466,0.368634894490242,4.4590227105164135e-15
2,3,step,False,5,2.0802561912918844,0.2160325084663755,0.10292378375607898,1.2605784874453647,39.51145944543005,4,1.5192913821130405,72,9.607857895898185,12.324719237534447,3.8389316012159815,6,0.14470675670458152,0,0.8474643684270466,0.368634894490242,4.4590227105164135e-15
2,3,step,False,6,1.2190457946602995,0.2796126981245891,0.15879930250394814,0.8107072579918712,72.9073654873682,4,1.2255340651471252,122,23.592125333588786,33.432587050380434,7.368267676148906,10,0.11087148753558944,0,0.8474643684270466,0.368634894490242,4.4590227105164135e-15
2,3,step,False,7,1.5215077396539407,0.1807016306600025,0.13509832988052758,1.0433858820927175,65.90824151687282,4,1.2594893218466454,114,15.80488183850501,21.41707465615273,8.378534792757735,14,0.13183714752338488,0,0.8474643684270466,0.368634894490242,4.4590227105164135e-15
2,3,step,False,8,1.0115079638172977,0.7774316014933943,0.1936284024818393,0.5657300662748956,75.22126136979051,4,1.3281580911852546,123,29.266183645886933,38.29272391483697,6.412912375126976,9,0.12706902321303964,0,0.8474643684270466,0.368634894490242,4.4590227105164135e-15
2,3,step,False,9,0.3423530440072947,0.6996566642494911,0.6418871329045058,0.28585976233832544,35.18788834101062,4,1.3549033565079938,63,11.432957041246548,16.018518227574365,3.1712875960203144,7,0.16217620265820193,0,0.8474643684270466,0.368634894490242,4.4590227105164135e-15
2,3,step,False,10,0.3204744605844023,0.7663836698771991,0.481111961024221,0.23494589287688908,87.16048825978412,4,1.2738906059503479,139,34.785590565153,46.94639138805805,8.537188308423566,12,0.10769131020531217,0,0.8474643684270466,0.368634894490242,4.4590227105164135e-15
2,3,step,False,11,1.348557138294263,0.3238232619107702,0.1931593016470286,0.9865866211262098,54.85926235489409,4,1.2922969011704626,92,17.98283985059902,26.098298784280367,5.991204343832476,9,0.12903096882766282,0,0.8474643684270466,0.368634894490242,4.4590227105164135e-15
2,3,step,False,12,1.95878432879614,0.16775275549474533,0.09208050280730327,1.1303472927735145,40.08902068095337,4,1.384946821223811,76,9.264123214272269,11.147924991696634,3.378532456734667,6,0.12233057828736275,0,0.8474643684270466,0.368634894490242,4.4590227105164135e-15
2,3,step,False,13,2.3633895001822,0.18015002455231632,0.09091541469964279,1.4744123258001987,26.59264496145776,4,1.352033392404459,52,6.000000000145398,7.392199641683888,2.5679215179102286,6,0.2529499313144069,0,0.8474643684270466,0.368634894490242,4.4590227105164135e-15
2,3,step,False,14,1.7825206800460858,0.22984092920890348,0.052496250411876645,1.0193644068760228,46.172091068059316,4,1.3466985252160468,82,12.805229713691542,15.342170280262536,4.6502265177787,7,0.13605284801473402,0,0.8474643684270466,0.368634894490242,4.4590227105164135e-15
2,3,step,False,15,1.1478094221068595,0.5413981034285721,0.21946160362443318,0.877361554877913,28.877027391427546,4,1.59673346097239,55,6.879867463394388,10.852018583928414,4.574281728374072,8,0.10304435068219982,0,0.8474643684270466,0.368634894490242,4.4590227105164135e-15
2,3,step,False,16,0.7518156372889109,0.9991450399593652,0.3842280276294127,0.420181870454791,106.71190044916905,4,1.1266294635540246,165,34.87347181685697,49.055305280315,10.530579947121234,17,0.1511547534623264,0,0.8474643684270466,0.368634894490242,4.4590227105164135e-15
2,3,step,False,17,1.4618158494836173,0.3222262333352556,0.03011138329827395,1.0922074339596302,35.0073398635863,4,1.3254211573746157,63,10.636728843728473,14.688653235136552,2.6312212146443357,5,0.11707252527830862,0,0.8474643684270466,0.368634894490242,4.4590227105164135e-15
2,3,step,False,18,1.7987267463663223,0.2308439342369271,0.13713806758589497,0.980701922242823,44.12035323503808,4,1.4784202331339371,84,14.858114565030387,19.642918313024833,2.9481309407410263,5,0.09241282904587374,0,0.8474643684270466,0.368634894490242,4.4590227105164135e-15
2,3,step,False,19,1.6219259550985072,0.2137176312742168,0.2256926250044474,0.8805342626268562,74.42484287557377,4,1.3377405722563598,113,25.49360817709153,32.599199912527325,5.537092049579155,10,0.10808038547387606,0,0.8474643684270466,0.368634894490242,4.4590227105164135e-15
2,3,step,False,20,0.4967517232200428,0.5040363494744132,0.37977740378019104,0.42772438218880854,75.84888072224115,4,1.410734447486806,127,27.294880232723457,38.343679569838855,9.303967278611493,14,0.11510306845151343,0,0.8474643684270466,0.368634894490242,4.4590227105164135e-15
2,3,step,False,21,0.2801579968649878,0.8822717140052749,0.52077374176404,0.13843247089108443,106.18932736682225,4,1.31924396631905,161,36.8133037517848,51.97487166907722,10.604728075576892,16,0.13476725332018724,0,0.8474643684270466,0.368634894490242,4.4590227105164135e-15
2,3,step,False,22,0.4284902509478303,0.19379001457970446,0.22716786155304758,0.31533300723622376,88.86975276936352,4,1.2797301308079836,138,33.53907383448291,47.99776953132412,8.46629043354273,13,0.13794321694179815,0,0.8474643684270466,0.368634894490242,4.4590227105164135e-15
2,3,step,False,23,0.8766018881723402,0.9998967225952162,0.13409260778038312,0.44367666827444185,91.8337035908913,4,1.2317549105593442,153,30.205602005596134,41.867738717734916,10.283938173797363,17,0.08293672397233338,0,0.8474643684270466,0.368634894490242,4.4590227105164135e-15
3,0,init,False,0,2.012293809437055,0.06618666564205851,0.08380084713341804,1.5402516091339595,37.93057280478205,4,1.3455784074471395,70,nan,nan,2.3987478743099753,5,nan,0,nan,nan,nan
3,0,init,False,1,0.7367854000076806,0.8404299704150004,0.3033297504573349,0.6440423118210855,57.99527211735812,4,1.3382596057270464,106,nan,nan,4.319028570941812,7,nan,0,nan,nan,nan
3,0,init,False,2,0.6609735095724033,0.21182505871735516,0.38623699695226416,0.7646360036319266,63.15955652333682,4,1.3465946908914779,109,nan,nan,6.59799573995392,10,nan,0,nan,nan,nan
3,0,init,False,3,1.5791575861932878,0.3834956652871797,0.24354967217360451,1.115232313634725,50.09814652505192,4,1.4943202051199926,94,nan,nan,5.7789260660438275,8,nan,0,nan,nan,nan
3,0,init,False,4,1.2628620126326964,0.2660284048840086,0.16950896581629626,0.9902355710827684,82.79149624132033,4,1.204873137523886,136,nan,nan,7.437269315357204,10,nan,0,nan,nan,nan
3,0,init,False,5,2.203884775882906,0.1922985322037476,0.10451028839151918,1.6749614487151394,26.607861162891997,4,1.6151408514682852,50,nan,nan,2.8267201846873764,5,nan,0,nan,nan,nan
3,0,init,False,6,1.3474154075443938,0.33640921831642034,0.21320513794625756,0.9864678493589868,22.494725083016796,4,1.6539183287774182,46,nan,nan,2.615243560051563,4,nan,0,nan,nan,nan
3,0,init,False,7,0.637017188984615,0.7177657004227682,0.3707487381791445,0.6031598226075812,88.99898775563832,4,1.2111449125455207,139,nan,nan,9.682665901664583,13,nan,0,nan,nan,nan
3,0,init,False,8,1.1241654617540675,0.12523620365601038,0.17177864712806812,0.9203420329676484,88.03765048272967,4,1.257016970154669,145,nan,nan,8.152211720119793,13,nan,0,nan,nan,nan
3,0,init,False,9,0.3160041946949852,0.9388168936417055,0.4686036486010847,0.23123521902121053,108.0706132519012,4,1.2117144547233307,161,nan,nan,12.079669779619502,18,nan,0,nan,nan,nan
3,0,init,False,10,0.5495978082565923,0.6514503867697802,0.42324479036028734,0.5960798006648088,39.635768704361176,4,1.524224254169316,70,nan,nan,3.537934644185022,6,nan,0,nan,nan,nan
3,0,init,False,11,1.145507073081825,0.6238552182217091,0.33149742431484497,0.8515123938283693,53.50595265384432,4,1.3543931342986377,91,nan,nan,7.38593777801114,11,nan,0,nan,nan,nan
3,0,init,False,12,1.6167986815583852,0.0723164504123249,0.1241686154860682,1.1627560541958475,35.30335441281399,4,1.470880390822856,74,nan,nan,2.9313321915881727,7,nan,0,nan,nan,nan
3,0,init,False,13,1.4957891254472597,0.15195247746727278,0.23475545137318865,1.2212379390800372,37.83702709614994,4,1.514555800642806,63,nan,nan,2.803091225960861,3,nan,0,nan,nan,nan
3,0,init,False,14,1.2928729106443955,0.25017315254243416,0.11101843678701802,1.025695678413242,59.557835607351116,4,1.3574636402010074,100,nan,nan,6.206718192376204,9,nan,0,nan,nan,nan
3,0,init,False,15,1.0821811863143032,0.10009008729942322,0.077442052285507,0.9211732005257176,80.57983105058655,4,1.2621418675497373,123,nan,nan,7.850604467949541,13,nan,0,nan,nan,nan
3,0,init,False,16,2.2308898068401075,0.12200632250026887,0.1483887015502241,1.6678017973001766,29.913116794190373,4,1.419443889218377,53,nan,nan,2.7772449603376677,3,nan,0,nan,nan,nan
3,0,init,False,17,0.9897997487825622,0.4719394200003932,0.23025120718122502,0.7823522654289061,81.85760306373517,4,1.2668221508812167,130,nan,nan,8.856224368899573,12,nan,0,nan,nan,nan
3,0,init,False,18,0.5590769175905304,0.22808655136818495,0.17919368873205777,0.5057778254642993,92.05003247630124,4,1.1697464886624773,143,nan,nan,9.3643968727245,15,nan,0,nan,nan,nan
3,0,init,False,19,0.3614042791791365,0.5991399361488946,0.5443529209573507,0.4283663315382897,94.70932325003324,4,1.2914698356524905,147,nan,nan,10.537613697884298,15,nan,0,nan,nan,nan
3,0,init,False,20,1.1237436745120502,0.13858776765456082,0.1506943399034853,0.8784531211345564,74.65822521997791,4,1.2522667698187906,126,nan,nan,6.4742167580679,10,nan,0,nan,nan,nan
3,0,init,False,21,0.48646786313588014,0.9691288970816896,0.8470192076832614,0.3288886919527557,78.49371927859829,4,1.2956308258276654,125,nan,nan,9.434113855160204,15,nan,0,nan,nan,nan
3,0,init,False,22,1.1811721758476943,0.7966560606436852,0.13474149447518272,0.7396946074727961,35.3537841656409,4,1.6002462899003156,65,nan,nan,2.340317431032207,3,nan,0,nan,nan,nan
3,0,init,False,23,0.5342055744252718,0.6926528113748045,0.15393891255971237,0.5884220754114263,20.35954427838876,4,1.4853578680848185,45,nan,nan,1.6117748430731833,3,nan,0,nan,nan,nan
3,1,step,False,0,2.012293809437055,0.08959278422661646,0.08380084713341804,1.5402516091339595,37.93057280478205,4,1.3455784074471395,70,10.922416364615072,14.482454994206554,2.3987478743099753,5,0.3622585019738092,0,1.5615755036669832,1.0,3.968956544691828e-16
3,1,step,False,1,0.7367854000076806,0.8839780136617944,0.3033297504573349,0.6440423118210855,57.99527211735812,4,1.3382596057270464,106,15.010092051920687,22.83846301223448,4.319028570941812,7,0.14496732322083225,0,1.5615755036669832,1.0,3.968956544691828e-16
3,1,step,False,2,0.6609735095724033,0.25071110867170227,0.38623699695226416,0.7646360036319266,63.15955652333682,4,1.3465946908914779,109,16.773240001704252,26.060001847395142,6.59799573995392,10,0.25750076272951555,0,1.5615755036669832,1.0,3.968956544691828e-16
3,1,step,False,3,1.5791575861932878,0.47298168936720264,0.24354967217360451,1.115232313634725,50.09814652505192,4,1.4943202051199926,94,14.899836431441516,19.76585011294503,5.7789260660438275,8,0.2899531971647658,0,1.5615755036669832,1.0,3.968956544691828e-16
3,1,step,False,4,1.2628620126326964,0.40775473424646963,0.16950896581629626,0.9902355710827684,82.79149624132033,4,1.204873137523886,136,30.000734778869607,41.36548508494214,7.437269315357204,10,0.2642616117587241,0,1.5615755036669832,1.0,3.968956544691828e-16
3,1,step,False,5,2.203884775882906,0.11766813473773817,0.10451028839151918,1.6749614487151394,26.607861162891997,4,1.6151408514682852,50,6.0000000004595995,9.991526186540185,2.8267201846873764,5,0.14493790036308757,0,1.5615755036669832,1.0,3.968956544691828e-16
3,1,step,False,6,1.3474154075443938,0.3993755826591865,0.21320513794625756,0.9864678493589868,22.494725083016796,4,1.6539183287774182,46,6.000000000553866,9.549807590621803,2.615243560051563,4,0.17287462981230567,0,1.5615755036669832,1.0,3.968956544691828e-16
3,1,step,False,7,0.637017188984615,0.8139756510726248,0.3707487381791445,0.6031598226075812,88.99898775563832,4,1.2111449125455207,139,30.448542280750008,41.1574719300779,9.682665901664583,13,0.2919340315049238,0,1.5615755036669832,1.0,3.968956544691828e-16
3,1,step,False,8,1.1241654617540675,0.14398315496823666,0.17177864712806812,0.9203420329676484,88.03765048272967,4,1.257016970154669,145,29.053652846562443,41.683052171770576,8.152211720119793,13,0.24335661379897097,0,1.5615755036669832,1.0,3.968956544691828e-16
3,1,step,False,9,0.3160041946949852,0.9781405194245462,0.4686036486010847,0.23123521902121053,108.0706132519012,4,1.2117144547233307,161,42.8935622231798,58.530855301915764,12.079669779619502,18,0.231774004895099,0,1.5615755036669832,1.0,3.968956544691828e-16
3,1,step,False,10,0.5495978082565923,0.9392247617204614,0.42324479036028734,0.5960798006648088,39.635768704361176,4,1.524224254169316,70,10.636952920369222,14.250463305950456,3.537934644185022,6,0.2436684788281403,0,1.5615755036669832,1.0,3.968956544691828e-16
3,1,step,False,11,1.145507073081825,0.6985986998373045,0.33149742431484497,0.8515123938283693,53.50595265384432,4,1.3543931342986377,91,16.987319016572748,22.422380618220046,7.38593777801114,11,0.3074675856046403,0,1.5615755036669832,1.0,3.968956544691828e-16
3,1,step,False,12,1.6167986815583852,0.30641559682388436,0.1241686154860682,1.1627560541958475,35.30335441281399,4,1.470880390822856,74,8.27525075068241,10.276580991030693,2.9313321915881727,7,0.23094181421125565,0,1.5615755036669832,1.0,3.968956544691828e-16
3,1,step,False,13,1.4957891254472597,0.04543627428655947,0.23475545137318865,1.2212379390800372,37.83702709614994,4,1.514555800642806,63,14.486518135238502,20.3996384800186,2.803091225960861,3,0.2546068797981862,0,1.5615755036669832,1.0,3.968956544691828e-16
3,1,step,False,14,1.2928729106443955,0.3622502943218033,0.11101843678701802,1.025695678413242,59.557835607351116,4,1.3574636402010074,100,21.64276409526105,30.36216966529646,6.206718192376204,9,0.2895511061346843,0,1.5615755036669832,1.0,3.968956544691828e-16
3,1,step,False,15,1.0821811863143032,0.14015087199546641,0.077442052285507,0.9211732005257176,80.57983105058655,4,1.2621418675497373,123,30.556319088868502,43.483785732213775,7.850604467949541,13,0.16781362369903882,0,1.5615755036669832,1.0,3.968956544691828e-16
3,1,step,False,16,2.2308898068401075,0.0866977600841193,0.1483887015502241,1.6678017973001766,29.913116794190373,4,1.419443889218377,53,9.17412241406408,12.544210845162215,2.7772449603376677,3,0.25332373170382455,0,1.5615755036669832,1.0,3.968956544691828e-16
3,1,step,False,17,0.9897997487825622,0.602694803616284,0.23025120718122502,0.7823522654289061,81.85760306373517,4,1.2668221508812167,130,29.688235730993995,42.488633301819924,8.856224368899573,12,0.21816173632037583,0,1.5615755036669832,1.0,3.968956544691828e-16
3,1,step,False,18,0.5590769175905304,0.21591787806627205,0.17919368873205777,0.5057778254642993,92.05003247630124,4,1.1697464886624773,143,34.46379207333563,47.075097607185626,9.3643968727245,15,0.24152738553618847,0,1.5615755036669832,1.0,3.968956544691828e-16
3,1,step,False,19,0.3614042791791365,0.5418021920913983,0.5443529209573507,0.4283663315382897,94.70932325003324,4,1.2914698356524905,147,32.555472275433054,45.326689933314725,10.537613697884298,15,0.23058528397752037,0,1.5615755036669832,1.0,3.968956544691828e-16
3,1,step,False,20,1.1237436745120502,0.09688073432290341,0.1506943399034853,0.8784531211345564,74.65822521997791,4,1.2522667698187906,126,29.580320927251453,39.15800024600011,6.4742167580679,10,0.24666134642435938,0,1.5615755036669832,1.0,3.968956544691828e-16
3,1,step,False,21,0.48646786313588014,0.9354516763708023,0.8470192076832614,0.3288886919527557,78.49371927859829,4,1.2956308258276654,125,26.417901366606994,36.81208911139034,9.434113855160204,15,0.1653135436102802,0,1.5615755036669832,1.0,3.968956544691828e-16
3,1,step,False,22,1.1811721758476943,0.5898330844332142,0.13474149447518272,0.7396946074727961,35.3537841656409,4,1.6002462899003156,65,10.049682712382431,14.14525421403489,2.340317431032207,3,0.3404326532625793,0,1.5615755036669832,1.0,3.968956544691828e-16
3,1,step,False,23,0.5342055744252718,0.7932401095517532,0.15393891255971237,0.5884220754114263,20.35954427838876,4,1.4853578680848185,45,6.000000000403003,7.9686208448951135,1.6117748430731833,3,0.21525838500076616,0,1.5615755036669832,1.0,3.968956544691828e-16
3,2,step,False,0,2.012293809437055,0.10579769148282579,0.08380084713341804,1.5402516091339595,37.93057280478205,4,1.3455784074471395,70,10.33183537948114,13.831412671720331,2.3987478743099753,5,0.18037367405559235,0,1.1042006279777221,0.615005761384964,5.934665677070579e-16
3,2,step,False,1,0.7367854000076806,0.8692538375355084,0.3033297504573349,0.6440423118210855,57.99527211735812,4,1.3382596057270464,106,17.39093584922958,27.307411467840662,4.319028570941812,7,0.18755076839749396,0,1.1042006279777221,0.615005761384964,5.934665677070579e-16
3,2,step,False,2,0.6609735095724033,0.2792003491699748,0.38623699695226416,0.7646360036319266,63.15955652333682,4,1.3465946908914779,109,14.008309785546812,20.49187522121663,6.59799573995392,10,0.20171753689876412,0,1.1042006279777221,0.615005761384964,5.934665677070579e-16
3,2,step,False,3,1.5791575861932878,0.513727649546809,0.24354967217360451,1.115232313634725,50.09814652505192,4,1.4943202051199926,94,14.734200512338203,19.442953433377912,5.7789260660438275,8,0.20555494721900774,0,1.1042006279777221,0.615005761384964,5.934665677070579e-16
3,2,step,False,4,1.2628620126326964,0.34712097095161837,0.16950896581629626,0.9902355710827684,82.79149624132033,4,1.204873137523886,136,28.815519067952266,37.91559492241517,7.437269315357204,10,0.15552404958158264,0,1.1042006279777221,0.615005761384964,5.934665677070579e-16
3,2,step,False,5,2.203884775882906,0.3101283627040756,0.10451028839151918,1.6749614487151394,26.607861162891997,4,1.6151408514682852,50,6.0000000001698215,7.830859711411084,2.8267201846873764,5,0.23029011669749094,0,1.1042006279777221,0.615005761384964,5.934665677070579e-16
3,2,step,False,6,1.3474154075443938,0.26521083338480683,0.21320513794625756,0.9864678493589868,22.494725083016796,4,1.6539183287774182,46,6.864557077475719,10.131325987959046,2.615243560051563,4,0.12664346587995168,0,1.1042006279777221,0.615005761384964,5.934665677070579e-16
3,2,step,False,7,0.637017188984615,0.8027083661644814,0.3707487381791445,0.6031598226075812,88.99898775563832,4,1.2111449125455207,139,30.507735861830305,42.656313278614554,9.682665901664583,13,0.19207177578997423,0,1.1042006279777221,0.615005761384964,5.934665677070579e-16
3,2,step,False,8,1.1241654617540675,0.2096417154602587,0.17177864712806812,0.9203420329676484,88.03765048272967,4,1.257016970154669,145,29.16069679082226,39.452577661934534,8.152211720119793,13,0.23120107740367443,0,1.1042006279777221,0.615005761384964,5.934665677070579e-16
3,2,step,False,9,0.3160041946949852,0.9826248448225997,0.4686036486010847,0.23123521902121053,108.0706132519012,4,1.2117144547233307,161,43.7419857606793,57.60890580187449,12.079669779619502,18,0.2522746972902379,0,1.1042006279777221,0.615005761384964,5.934665677070579e-16
3,2,step,False,10,0.5495978082565923,0.9638769939749907,0.42324479036028734,0.5960798006648088,39.635768704361176,4,1.524224254169316,70,14.576812275418735,21.64360923900189,3.537934644185022,6,0.13142758848310507,0,1.1042006279777221,0.615005761384964,5.934665677070579e-16
3,2,step,False,11,1.145507073081825,0.7523872591013393,0.33149742431484497,0.8515123938283693,53.50595265384432,4,1.3543931342986377,91,17.877296582920472,24.959076173630724,7.38593777801114,11,0.17607147681054558,0,1.1042006279777221,0.615005761384964,5.934665677070579e-16
3,2,step,False,12,1.6167986815583852,0.28920176064967645,0.1241686154860682,1.1627560541958475,35.30335441281399,4,1.470880390822856,74,7.793350253375609,10.5677500528149,2.9313321915881727,7,0.1826454464360861,0,1.1042006279777221,0.615005761384964,5.934665677070579e-16
3,2,step,False,13,1.4957891254472597,0.0583702138226474,0.23475545137318865,1.2212379390800372,37.83702709614994,4,1.514555800642806,63,12.503520662674225,17.54207616042137,2.803091225960861,3,0.22103893093234261,0,1.1042006279777221,0.615005761384964,5.934665677070579e-16
3,2,step,False,14,1.2928729106443955,0.39667206627107104,0.11101843678701802,1.025695678413242,59.557835607351116,4,1.3574636402010074,100,20.160183507017145,26.482672803166736,6.206718192376204,9,0.22216929323231782,0,1.1042006279777221,0.615005761384964,5.934665677070579e-16
3,2,step,False,15,1.0821811863143032,0.29513845106868036,0.077442052285507,0.9211732005257176,80.57983105058655,4,1.2621418675497373,123,31.12922929389321,42.01394804759406,7.850604467949541,13,0.19824317110092035,0,1.1042006279777221,0.615005761384964,5.934665677070579e-16
3,2,step,False,16,2.2308898068401075,0.12674043376977892,0.1483887015502241,1.6678017973001766,29.913116794190373,4,1.419443889218377,53,7.052913233965541,9.588806395364317,2.7772449603376677,3,0.2150282034236039,0,1.1042006279777221,0.615005761384964,5.934665677070579e-16
3,2,step,False,17,0.9897997487825622,0.5811143812923288,0.23025120718122502,0.7823522654289061,81.85760306373517,4,1.2668221508812167,130,26.327852352666454,37.35629680600976,8.856224368899573,12,0.2175294836399746,0,1.1042006279777221,0.615005761384964,5.934665677070579e-16
3,2,step,False,18,0.5590769175905304,0.32709829050460504,0.17919368873205777,0.5057778254642993,92.05003247630124,4,1.1697464886624773,143,34.102649595052675,46.77327909872119,9.3643968727245,15,0.158836561288164,0,1.1042006279777221,0.615005761384964,5.934665677070579e-16
3,2,step,False,19,0.3614042791791365,0.5358359431416831,0.5443529209573507,0.4283663315382897,94.70932325003324,4,1.2914698356524905,147,31.998171950499746,45.9616223947083,10.537613697884298,15,0.2087436228382139,0,1.1042006279777221,0.615005761384964,5.934665677070579e-16
3,2,step,False,20,1.1237436745120502,0.09055405457134322,0.1506943399034853,0.8784531211345564,74.65822521997791,4,1.2522667698187906,126,30.056754953524063,41.47052460793676,6.4742167580679,10,0.18319887367647208,0,1.1042006279777221,0.615005761384964,5.934665677070579e-16
3,2,step,False,21,0.48646786313588014,0.9121972608591645,0.8470192076832614,0.3288886919527557,78.49371927859829,4,1.2956308258276654,125,28.918640146445988,41.64113019558771,9.434113855160204,15,0.19964117593578815,0,1.1042006279777221,0.615005761384964,5.934665677070579e-16
3,2,step,False,22,1.1811721758476943,0.6512846733514925,0.13474149447518272,0.7396946074727961,35.3537841656409,4,1.6002462899003156,65,11.517293552938012,16.541520197587097,2.340317431032207,3,0.18921090461731774,0,1.1042006279777221,0.615005761384964,5.934665677070579e-16
3,2,step,False,23,0.5342055744252718,0.8967719920138467,0.15393891255971237,0.5884220754114263,20.35954427838876,4,1.4853578680848185,45,6.000000000339371,7.80930477216428,1.6117748430731833,3,0.13944977639035838,0,1.1042006279777221,0.615005761384964,5.934665677070579e-16
3,3,step,False,0,2.012293809437055,0.10041204377568734,0.08380084713341804,1.5402516091339595,37.93057280478205,4,1.3455784074471395,70,8.570845653451183,11.300879516676313,2.3987478743099753,5,0.14490543039520754,0,0.7807877518334915,0.3754195123910904,6.80777281814805e-15
3,3,step,False,1,0.7367854000076806,0.9976306364367986,0.3033297504573349,0.6440423118210855,57.99527211735812,4,1.3382596057270464,106,19.154699353374784,29.026841234230908,4.319028570941812,7,0.15837868433435595,0,0.7807877518334915,0.3754195123910904,6.80777281814805e-15
3,3,step,False,2,0.6609735095724033,0.2777208336783207,0.38623699695226416,0.7646360036319266,63.15955652333682,4,1.3465946908914779,109,16.842176171848354,24.975775122970187,6.59799573995392,10,0.04763467551819974,0,0.7807877518334915,0.3754195123910904,6.80777281814805e-15
3,3,step,False,3,1.5791575861932878,0.5841057878700839,0.24354967217360451,1.115232313634725,50.09814652505192,4,1.4943202051199926,94,15.456086037661803,20.577462328389263,5.7789260660438275,8,0.08874629412195574,0,0.7807877518334915,0.3754195123910904,6.80777281814805e-15
3,3,step,False,4,1.2628620126326964,0.3933509307741139,0.16950896581629626,0.9902355710827684,82.79149624132033,4,1.204873137523886,136,28.926738889364533,36.30685367868273,7.437269315357204,10,0.10778134626827195,0,0.7807877518334915,0.3754195123910904,6.80777281814805e-15
3,3,step,False,5,2.203884775882906,0.42762530470900734,0.10451028839151918,1.6749614487151394,26.607861162891997,4,1.6151408514682852,50,6.000000000399416,7.586482083544735,2.8267201846873764,5,0.1704513171309556,0,0.7807877518334915,0.3754195123910904,6.80777281814805e-15
3,3,step,False,6,1.3474154075443938,0.09419957904092384,0.21320513794625756,0.9864678493589868,22.494725083016796,4,1.6539183287774182,46,7.977715369726307,10.784319811177733,2.615243560051563,4,0.09759651686027858,0,0.7807877518334915,0.3754195123910904,6.80777281814805e-15
3,3,step,False,7,0.637017188984615,0.7160523512827153,0.3707487381791445,0.6031598226075812,88.99898775563832,4,1.2111449125455207,139,31.921012764142098,44.55793022832253,9.682665901664583,13,0.13123234319473295,0,0.7807877518334915,0.3754195123910904,6.80777281814805e-15
3,3,step,False,8,1.1241654617540675,0.18290495131864656,0.17177864712806812,0.9203420329676484,88.03765048272967,4,1.257016970154669,145,30.80322727460736,42.24517959006206,8.152211720119793,13,0.07522632229100981,0,0.7807877518334915,0.3754195123910904,6.80777281814805e-15
3,3,step,False,9,0.3160041946949852,0.9683540585324751,0.4686036486010847,0.23123521902121053,108.0706132519012,4,1.2117144547233307,161,44.02317320390923,57.660766948862346,12.079669779619502,18,0.10408835578583073,0,0.7807877518334915,0.3754195123910904,6.80777281814805e-15
3,3,step,False,10,0.5495978082565923,0.9834417138618041,0.42324479036028734,0.5960798006648088,39.635768704361176,4,1.524224254169316,70,14.670560889376976,21.83666857707258,3.537934644185022,6,0.17479266639053004,0,0.7807877518334915,0.3754195123910904,6.80777281814805e-15
3,3,step,False,11,1.145507073081825,0.642288287468102,0.33149742431484497,0.8515123938283693,53.50595265384432,4,1.3543931342986377,91,17.517223865850287,24.787698997831352,7.38593777801114,11,0.0520371763706889,0,0.7807877518334915,0.3754195123910904,6.80777281814805e-15
3,3,step,False,12,1.6167986815583852,0.1917323502454366,0.1241686154860682,1.1627560541958475,35.30335441281399,4,1.470880390822856,74,8.027993383564164,12.574724233970457,2.9313321915881727,7,0.26994760644521515,0,0.7807877518334915,0.3754195123910904,6.80777281814805e-15
3,3,step,False,13,1.4957891254472597,0.04333291586912406,0.23475545137318865,1.2212379390800372,37.83702709614994,4,1.514555800642806,63,9.810331997966681,12.95696900958309,2.803091225960861,3,0.1525234178359651,0,0.7807877518334915,0.3754195123910904,6.80777281814805e-15
3,3,step,False,14,1.2928729106443955,0.44502700541350637,0.11101843678701802,1.025695678413242,59.557835607351116,4,1.3574636402010074,100,18.900163977778107,24.350425717387562,6.206718192376204,9,0.1145029805583663,0,0.7807877518334915,0.3754195123910904,6.80777281814805e-15
3,3,step,False,15,1.0821811863143032,0.1661627807637318,0.077442052285507,0.9211732005257176,80.57983105058655,4,1.2621418675497373,123,30.42008615667985,39.54163043647618,7.850604467949541,13,0.09307053106498347,0,0.7807877518334915,0.3754195123910904,6.80777281814805e-15
3,3,step,False,16,2.2308898068401075,0.09596144736673477,0.1483887015502241,1.6678017973001766,29.913116794190373,4,1.419443889218377,53,6.0000000001109495,8.334642024250154,2.7772449603376677,3,0.15037804171968955,0,0.7807877518334915,0.3754195123910904,6.80777281814805e-15
3,3,step,False,17,0.9897997487825622,0.5868889076201067,0.23025120718122502,0.7823522654289061,81.85760306373517,4,1.2668221508812167,130,23.853351609326683,32.72440233021701,8.856224368899573,12,0.07548721541896412,0,0.7807877518334915,0.3754195123910904,6.80777281814805e-15
3,3,step,False,18,0.5590769175905304,0.3303487031581571,0.17919368873205777,0.5057778254642993,92.05003247630124,4,1.1697464886624773,143,33.18287998243907,44.421529328569214,9.3643968727245,15,0.13012683604973585,0,0.7807877518334915,0.3754195123910904,6.80777281814805e-15
3,3,step,False,19,0.3614042791791365,0.5769585538613067,0.5443529209573507,0.4283663315382897,94.70932325003324,4,1.2914698356524905,147,31.211073963144482,45.37663605070953,10.537613697884298,15,0.1200330868554913,0,0.7807877518334915,0.3754195123910904,6.80777281814805e-15
3,3,step,False,20,1.1237436745120502,0.13160811251380963,0.1506943399034853,0.8784531211345564,74.65822521997791,4,1.2522667698187906,126,27.024640061898157,37.574802775772156,6.4742167580679,10,0.16283251288710318,0,0.7807877518334915,0.3754195123910904,6.80777281814805e-15
3,3,step,False,21,0.48646786313588014,0.9358662470492123,0.8470192076832614,0.3288886919527557,78.49371927859829,4,1.2956308258276654,125,30.935031486482313,46.17155741034277,9.434113855160204,15,0.12260043676440234,0,0.7807877518334915,0.3754195123910904,6.80777281814805e-15
3,3,step,False,22,1.1811721758476943,0.9996572902584799,0.13474149447518272,0.7396946074727961,35.3537841656409,4,1.6002462899003156,65,13.824383247728818,19.61497423375255,2.340317431032207,3,0.09368764076737834,0,0.7807877518334915,0.3754195123910904,6.80777281814805e-15
3,3,step,False,23,0.5342055744252718,0.4577042700971996,0.15393891255971237,0.5884220754114263,20.35954427838876,4,1.4853578680848185,45,6.567833056986091,8.457743148979448,1.6117748430731833,3,0.04702279253084018,0,0.7807877518334915,0.3754195123910904,6.80777281814805e-15
4,0,init,False,0,0.7314387939142174,0.9134099762951238,0.5073575779719194,0.3488720987583121,44.639233131341264,4,1.4717034210320197,80,nan,nan,6.743486723225711,11,nan,0,nan,nan,nan
4,0,init,False,1,0.1901008407877457,0.6316347250547342,0.8060556090402555,0.1562697109825038,95.16254019214296,4,1.1874728407876145,152,nan,nan,5.922904203663682,8,nan,0,nan,nan,nan
4,0,init,False,2,1.441147482065505,0.27189256311095783,0.09893059557084266,0.875115265500899,70.04878199399387,4,1.2364578866533147,111,nan,nan,6.939691096062599,11,nan,0,nan,nan,nan
4,0,init,False,3,0.767155368090763,0.9982733360370912,0.39211122835536594,0.3000681300408479,100.75550557741175,4,1.2565369514170905,162,nan,nan,9.798507407639029,16,nan,0,nan,nan,nan
4,0,init,False,4,0.5621501343069247,0.5394383423972646,0.10521224533694302,0.31103520024761433,89.49245843116506,4,1.1743079759427548,143,nan,nan,4.9363596942161205,7,nan,0,nan,nan,nan
4,0,init,False,5,1.741348863480143,0.17238121418530872,0.13551876239308314,1.0518740386369914,46.93688532852703,4,1.300178936994807,78,nan,nan,4.330237583719368,7,nan,0,nan,nan,nan
4,0,init,False,6,1.1638828463724025,0.09151906000735227,0.06289977297936399,0.622028426472157,73.73652846831166,4,1.3447438919268,122,nan,nan,5.2558948172297475,8,nan,0,nan,nan,nan
4,0,init,False,7,2.6451436560886648,0.021279567571159452,0.07602073873092775,1.546293103374471,13.3769927683865,4,1.5612099688142451,29,nan,nan,1.8547885538293745,3,nan,0,nan,nan,nan
4,0,init,False,8,1.1773111634983904,0.33801178299749884,0.23291791713110763,0.7933264009229355,64.15268601527599,4,1.229517982047906,102,nan,nan,9.35280183875865,14,nan,0,nan,nan,nan
4,0,init,False,9,2.021911938662873,0.11474361406792581,0.03730169591404009,1.2721400504958391,18.556817078819357,4,1.3693512604865345,39,nan,nan,2.126737249611038,3,nan,0,nan,nan,nan
4,0,init,False,10,1.5164206506624354,0.32041674946949583,0.13808931204054878,0.8302204335831187,46.70874174669558,4,1.527742603416708,79,nan,nan,4.745877672200862,8,nan,0,nan,nan,nan
4,0,init,False,11,1.7873261353014271,0.4716891606555294,0.26528785634809443,1.126051849928676,57.084695115331876,4,1.5808953940501442,96,nan,nan,4.722580352927004,10,nan,0,nan,nan,nan
4,0,init,False,12,0.4960937291639991,0.11762825114328153,0.4108634612164743,0.3111488363554541,63.6783197134603,4,1.3589012809914252,108,nan,nan,6.920889897012751,12,nan,0,nan,nan,nan
4,0,init,False,13,0.7733730741862967,0.5686333133405138,0.25563087505352156,0.451534386767639,66.83403132970636,4,1.329152171362885,115,nan,nan,7.397742050815116,12,nan,0,nan,nan,nan
4,0,init,False,14,1.2441028283176079,0.5721940478580022,0.08698193174574825,0.7674945914542526,58.061725957454186,4,1.2633188937440742,98,nan,nan,6.996872352729445,11,nan,0,nan,nan,nan
4,0,init,False,15,1.020636180189332,0.09228796980587343,0.06380384431239458,0.6787413011425951,58.51959310555104,4,1.2981172287303016,108,nan,nan,6.89146983461789,10,nan,0,nan,nan,nan
4,0,init,False,16,0.6465795769665226,0.7109960937224411,0.44473672083792226,0.3681701844501494,97.89745695364742,4,1.2003166810382462,147,nan,nan,8.645421951049213,14,nan,0,nan,nan,nan
4,0,init,False,17,1.3800791253006297,0.4309130227943547,0.3454219447144979,0.7570265018045935,48.80763556737149,4,1.4697516896109295,86,nan,nan,6.581611878102242,13,nan,0,nan,nan,nan
4,0,init,False,18,1.9545733255213382,0.1734032492476009,0.17340324924760217,1.3881731250162486,7.853191170770043,4,1.7569804946433485,22,nan,nan,1.0,1,nan,0,nan,nan,nan
4,0,init,False,19,0.8642655972196809,0.9801350443328355,0.03665801877604915,0.45671670486002897,61.87620529710102,4,1.340721252836389,104,nan,nan,5.866067768560746,8,nan,0,nan,nan,nan
4,0,init,False,20,0.4015157065634968,0.10719438345427745,0.735242077860848,0.23255373067413956,32.3597539167309,4,1.4465041377328534,59,nan,nan,3.404123656911282,4,nan,0,nan,nan,nan
4,0,init,False,21,1.0339699688965198,0.11018303079852597,0.12056576519138043,0.6144482949458159,110.95355214142103,4,1.16420689553413,158,nan,nan,9.592316020442885,14,nan,0,nan,nan,nan
4,0,init,False,22,0.8323167227644012,0.9137329070900977,0.13164829101919223,0.5634638051950027,28.29923000992318,4,1.2823286814629669,48,nan,nan,4.825125902989847,7,nan,0,nan,nan,nan
4,0,init,False,23,0.6269417020834565,0.8028927356157243,0.38204053994893644,0.33682594423068674,84.20743898946,4,1.3641352759470966,132,nan,nan,9.148491493685366,16,nan,0,nan,nan,nan
4,1,step,False,0,0.7314387939142174,0.8419883876884183,0.5073575779719194,0.3488720987583121,44.639233131341264,4,1.4717034210320197,80,10.867840800094928,16.34553838528442,6.743486723225711,11,0.3154798800140382,0,1.5893452000177961,1.0,3.7739827418466605e-16
4,1,step,False,1,0.1901008407877457,0.6537478743389135,0.8060556090402555,0.1562697109825038,95.16254019214296,4,1.1874728407876145,152,30.42662057704763,44.156256981023,5.922904203663682,8,0.22724639241481015,0,1.5893452000177961,1.0,3.7739827418466605e-16
4,1,step,False,2,1.441147482065505,0.3357276881184123,0.09893059557084266,0.875115265500899,70.04878199399387,4,1.2364578866533147,111,21.88223548020074,29.81173253236193,6.939691096062599,11,0.2400791244651871,0,1.5893452000177961,1.0,3.7739827418466605e-16
4,1,step,False,3,0.767155368090763,0.9996337771758312,0.39211122835536594,0.3000681300408479,100.75550557741175,4,1.2565369514170905,162,36.94905793727604,50.487823389069,9.798507407639029,16,0.2647819427149531,0,1.5893452000177961,1.0,3.7739827418466605e-16
4,1,step,False,4,0.5621501343069247,0.6488023639720976,0.10521224533694302,0.31103520024761433,89.49245843116506,4,1.1743079759427548,143,35.40288280778162,49.32900839808475,4.9363596942161205,7,0.22874063679588477,0,1.5893452000177961,1.0,3.7739827418466605e-16
4,1,step,False,5,1.741348863480143,0.18911543521954619,0.13551876239308314,1.0518740386369914,46.93688532852703,4,1.300178936994807,78,14.18712793226074,20.63637407450372,4.330237583719368,7,0.3084409901078026,0,1.5893452000177961,1.0,3.7739827418466605e-16
4,1,step,False,6,1.1638828463724025,0.179873113733693,0.06289977297936399,0.622028426472157,73.73652846831166,4,1.3447438919268,122,27.282808259752084,37.815597881797714,5.2558948172297475,8,0.22186846179881223,0,1.5893452000177961,1.0,3.7739827418466605e-16
4,1,step,False,7,2.6451436560886648,0.09460449722816536,0.07602073873092775,1.546293103374471,13.3769927683865,4,1.5612099688142451,29,6.00000000042726,9.157163809743498,1.8547885538293745,3,0.3559447005943514,0,1.5893452000177961,1.0,3.7739827418466605e-16
4,1,step,False,8,1.1773111634983904,0.30488174544846813,0.23291791713110763,0.7933264009229355,64.15268601527599,4,1.229517982047906,102,22.14512891317337,30.00529150549333,9.35280183875865,14,0.2698717997044826,0,1.5893452000177961,1.0,3.7739827418466605e-16
4,1,step,False,9,2.021911938662873,0.16059203070669037,0.03730169591404009,1.2721400504958391,18.556817078819357,4,1.3693512604865345,39,6.00000000017142,7.867996565455747,2.126737249611038,3,0.23933497196075804,0,1.5893452000177961,1.0,3.7739827418466605e-16
4,1,step,False,10,1.5164206506624354,0.1162651489886174,0.13808931204054878,0.8302204335831187,46.70874174669558,4,1.527742603416708,79,15.88586239200536,23.671434326590305,4.745877672200862,8,0.25285069367571367,0,1.5893452000177961,1.0,3.7739827418466605e-16
4,1,step,False,11,1.7873261353014271,0.591698611794104,0.26528785634809443,1.126051849928676,57.084695115331876,4,1.5808953940501442,96,16.934463209239592,24.277678458123926,4.722580352927004,10,0.2272271480739659,0,1.5893452000177961,1.0,3.7739827418466605e-16
4,1,step,False,12,0.4960937291639991,0.21460805321501572,0.4108634612164743,0.3111488363554541,63.6783197134603,4,1.3589012809914252,108,18.425165416187124,25.54088599863783,6.920889897012751,12,0.24728591341897233,0,1.5893452000177961,1.0,3.7739827418466605e-16
4,1,step,False,13,0.7733730741862967,0.6537141464629018,0.25563087505352156,0.451534386767639,66.83403132970636,4,1.329152171362885,115,18.09668162674781,27.251058628448416,7.397742050815116,12,0.24702456573064618,0,1.5893452000177961,1.0,3.7739827418466605e-16
4,1,step,False,14,1.2441028283176079,0.565651030298684,0.08698193174574825,0.7674945914542526,58.061725957454186,4,1.2633188937440742,98,18.681311522456305,25.606853720183594,6.996872352729445,11,0.2302476226999321,0,1.5893452000177961,1.0,3.7739827418466605e-16
4,1,step,False,15,1.020636180189332,0.2170147191666121,0.06380384431239458,0.6787413011425951,58.51959310555104,4,1.2981172287303016,108,16.919473306581814,25.11235260271079,6.89146983461789,10,0.24435847333248717,0,1.5893452000177961,1.0,3.7739827418466605e-16
4,1,step,False,16,0.6465795769665226,0.7343910136687133,0.44473672083792226,0.3681701844501494,97.89745695364742,4,1.2003166810382462,147,36.715597490790174,52.64884482421617,8.645421951049213,14,0.2347719206687387,0,1.5893452000177961,1.0,3.7739827418466605e-16
4,1,step,False,17,1.3800791253006297,0.3406966285429523,0.3454219447144979,0.7570265018045935,48.80763556737149,4,1.4697516896109295,86,13.735150674123815,18.06236898152559,6.581611878102242,13,0.2118747834444489,0,1.5893452000177961,1.0,3.7739827418466605e-16
4,1,step,False,18,1.9545733255213382,0.19352940155288767,0.17340324924760217,1.3881731250162486,7.853191170770043,4,1.7569804946433485,22,6.000000000348895,9.690096691282585,1.0,1,0.5027948127997083,0,1.5893452000177961,1.0,3.7739827418466605e-16
4,1,step,False,19,0.8642655972196809,0.9117958242878742,0.03665801877604915,0.45671670486002897,61.87620529710102,4,1.340721252836389,104,21.447002476224277,28.496418702030272,5.866067768560746,8,0.26540359286983595,0,1.5893452000177961,1.0,3.7739827418466605e-16
4,1,step,False,20,0.4015157065634968,0.1355075755201632,0.735242077860848,0.23255373067413956,32.3597539167309,4,1.4465041377328534,59,8.713449693383566,13.394106441929836,3.404123656911282,4,0.23227829664822072,0,1.5893452000177961,1.0,3.7739827418466605e-16
4,1,step,False,21,1.0339699688965198,0.12911443460220126,0.12056576519138043,0.6144482949458159,110.95355214142103,4,1.16420689553413,158,47.440106444905595,65.38818605400166,9.592316020442885,14,0.2468684214628866,0,1.5893452000177961,1.0,3.7739827418466605e-16
4,1,step,False,22,0.8323167227644012,0.9876745076147122,0.13164829101919223,0.5634638051950027,28.29923000992318,4,1.2823286814629669,48,9.93844657111371,14.007689025494434,4.825125902989847,7,0.29093781603397145,0,1.5893452000177961,1.0,3.7739827418466605e-16
4,1,step,False,23,0.6269417020834565,0.7643475360253569,0.38204053994893644,0.33682594423068674,84.20743898946,4,1.3641352759470966,132,29.45918808884126,41.345521551778255,9.148491493685366,16,0.2541262436278095,0,1.5893452000177961,1.0,3.7739827418466605e-16
4,2,step,False,0,0.7314387939142174,0.7954774826335521,0.5073575779719194,0.3488720987583121,44.639233131341264,4,1.4717034210320197,80,12.983620962585457,20.97311924542516,6.743486723225711,11,0.2175315386387467,0,1.1238367685788733,0.6277447044849396,3.6416719947469755e-15
4,2,step,False,1,0.1901008407877457,0.6415025519471172,0.8060556090402555,0.1562697109825038,95.16254019214296,4,1.1874728407876145,152,31.145716788857253,42.25818823160538,5.922904203663682,8,0.1643385905623875,0,1.1238367685788733,0.6277447044849396,3.6416719947469755e-15
4,2,step,False,2,1.441147482065505,0.21513947124864927,0.09893059557084266,0.875115265500899,70.04878199399387,4,1.2364578866533147,111,23.63967062560998,32.11338706420206,6.939691096062599,11,0.14299338268441208,0,1.1238367685788733,0.6277447044849396,3.6416719947469755e-15
4,2,step,False,3,0.767155368090763,0.9778136691730058,0.39211122835536594,0.3000681300408479,100.75550557741175,4,1.2565369514170905,162,37.61551601112047,51.214388286371104,9.798507407639029,16,0.2143987922349819,0,1.1238367685788733,0.6277447044849396,3.6416719947469755e-15
4,2,step,False,4,0.5621501343069247,0.6546923739034923,0.10521224533694302,0.31103520024761433,89.49245843116506,4,1.1743079759427548,143,34.387653462461294,48.310516323039785,4.9363596942161205,7,0.12537386398132064,0,1.1238367685788733,0.6277447044849396,3.6416719947469755e-15
4,2,step,False,5,1.741348863480143,0.16521643081322138,0.13551876239308314,1.0518740386369914,46.93688532852703,4,1.300178936994807,78,11.137166027754937,15.629736748432817,4.330237583719368,7,0.2620036894454581,0,1.1238367685788733,0.6277447044849396,3.6416719947469755e-15
4,2,step,False,6,1.1638828463724025,0.2259126783218214,0.06289977297936399,0.622028426472157,73.73652846831166,4,1.3447438919268,122,28.65805099656592,38.851931839289804,5.2558948172297475,8,0.13296295582505332,0,1.1238367685788733,0.6277447044849396,3.6416719947469755e-15
4,2,step,False,7,2.6451436560886648,0.13285882798541895,0.07602073873092775,1.546293103374471,13.3769927683865,4,1.5612099688142451,29,6.00000000053935,9.694142863734788,1.8547885538293745,3,0.30742911747012314,0,1.1238367685788733,0.6277447044849396,3.6416719947469755e-15
4,2,step,False,8,1.1773111634983904,0.2801043271844491,0.23291791713110763,0.7933264009229355,64.15268601527599,4,1.229517982047906,102,21.948256406546037,29.300766919173228,9.35280183875865,14,0.15889887903004088,0,1.1238367685788733,0.6277447044849396,3.6416719947469755e-15
4,2,step,False,9,2.021911938662873,0.12797950808567293,0.03730169591404009,1.2721400504958391,18.556817078819357,4,1.3693512604865345,39,6.0000000002590665,7.8448205346368525,2.126737249611038,3,0.17275932280332515,0,1.1238367685788733,0.6277447044849396,3.6416719947469755e-15
4,2,step,False,10,1.5164206506624354,0.13597140009987593,0.13808931204054878,0.8302204335831187,46.70874174669558,4,1.527742603416708,79,13.882140194028022,21.146720372685216,4.745877672200862,8,0.16739059428353262,0,1.1238367685788733,0.6277447044849396,3.6416719947469755e-15
4,2,step,False,11,1.7873261353014271,0.5995717024521076,0.26528785634809443,1.126051849928676,57.084695115331876,4,1.5808953940501442,96,17.123138660718574,24.776154441577447,4.722580352927004,10,0.15076635236621566,0,1.1238367685788733,0.6277447044849396,3.6416719947469755e-15
4,2,step,False,12,0.4960937291639991,0.14700431315863371,0.4108634612164743,0.3111488363554541,63.6783197134603,4,1.3589012809914252,108,18.570393295600773,24.974180987255505,6.920889897012751,12,0.14674146057041984,0,1.1238367685788733,0.6277447044849396,3.6416719947469755e-15
4,2,step,False,13,0.7733730741862967,0.6797080418435381,0.25563087505352156,0.451534386767639,66.83403132970636,4,1.329152171362885,115,21.074709973518075,32.578742658462396,7.397742050815116,12,0.15100758813779003,0,1.1238367685788733,0.6277447044849396,3.6416719947469755e-15
4,2,step,False,14,1.2441028283176079,0.45621502261773283,0.08698193174574825,0.7674945914542526,58.061725957454186,4,1.2633188937440742,98,17.95949839387695,25.49684191873633,6.996872352729445,11,0.14761931525483335,0,1.1238367685788733,0.6277447044849396,3.6416719947469755e-15
4,2,step,False,15,1.020636180189332,0.13312828703626814,0.06380384431239458,0.6787413011425951,58.51959310555104,4,1.2981172287303016,108,17.588375973117817,24.672503791061658,6.89146983461789,10,0.1429812387882373,0,1.1238367685788733,0.6277447044849396,3.6416719947469755e-15
4,2,step,False,16,0.6465795769665226,0.5924634968837961,0.44473672083792226,0.3681701844501494,97.89745695364742,4,1.2003166810382462,147,36.635359691923135,52.70412847907922,8.645421951049215,14,0.15013337836418117,0,1.1238367685788733,0.6277447044849396,3.6416719947469755e-15
4,2,step,False,17,1.3800791253006297,0.6106772246922589,0.3454219447144979,0.7570265018045935,48.80763556737149,4,1.4697516896109295,86,12.79587857370422,17.158698874841942,6.581611878102242,13,0.1326581069477807,0,1.1238367685788733,0.6277447044849396,3.6416719947469755e-15
4,2,step,False,18,1.9545733255213382,0.13261569884004584,0.17340324924760217,1.3881731250162486,7.853191170770043,4,1.7569804946433485,22,6.0000000005545395,10.631203071122677,1.0,1,0.3469525859382696,0,1.1238367685788733,0.6277447044849396,3.6416719947469755e-15
4,2,step,False,19,0.8642655972196809,0.9382180509335033,0.03665801877604915,0.45671670486002897,61.87620529710102,4,1.340721252836389,104,20.717190520432393,27.145244209088176,5.866067768560746,8,0.16802879235129053,0,1.1238367685788733,0.6277447044849396,3.6416719947469755e-15
4,2,step,False,20,0.4015157065634968,0.07951557225040713,0.735242077860848,0.23255373067413956,32.3597539167309,4,1.4465041377328534,59,10.05257440843241,14.389570226848486,3.404123656911282,4,0.13937445981296093,0,1.1238367685788733,0.6277447044849396,3.6416719947469755e-15
4,2,step,False,21,1.0339699688965198,0.07791434521686469,0.12056576519138043,0.6144482949458159,110.95355214142103,4,1.16420689553413,158,45.92990093929539,62.14727699552386,9.592316020442885,14,0.1467830537849357,0,1.1238367685788733,0.6277447044849396,3.6416719947469755e-15
4,2,step,False,22,0.8323167227644012,0.9783154626260648,0.13164829101919223,0.5634638051950027,28.29923000992318,4,1.2823286814629669,48,10.361071220848952,15.465527005074122,4.825125902989847,7,0.16317814064313568,0,1.1238367685788733,0.6277447044849396,3.6416719947469755e-15
4,2,step,False,23,0.6269417020834565,0.6522178739873641,0.38204053994893644,0.33682594423068674,84.20743898946,4,1.3641352759470966,132,28.83999347988076,39.81642598328633,9.148491493685366,16,0.18827754157829862,0,1.1238367685788733,0.6277447044849396,3.6416719947469755e-15
4,3,step,False,0,0.7314387939142174,0.7082384708641684,0.5073575779719194,0.3488720987583121,44.639233131341264,4,1.4717034210320197,80,14.353283385835141,22.32696369042446,6.743486723225711,11,0.11557327531307889,0,0.794672600008898,0.3839793801307678,2.4281799878914066e-14
4,3,step,False,1,0.1901008407877457,0.4861871667990057,0.8060556090402555,0.1562697109825038,95.16254019214296,4,1.1874728407876145,152,33.64578508102175,46.241673834708656,5.922904203663682,8,0.1189762636857234,0,0.794672600008898,0.3839793801307678,2.4281799878914066e-14
4,3,step,False,2,1.441147482065505,0.11124667969715167,0.09893059557084266,0.875115265500899,70.04878199399387,4,1.2364578866533147,111,23.319787324696183,31.95261235889068,6.939691096062599,11,0.12202068147859521,0,0.794672600008898,0.3839793801307678,2.4281799878914066e-14
4,3,step,False,3,0.767155368090763,0.9214025095033919,0.39211122835536594,0.3000681300408479,100.75550557741175,4,1.2565369514170905,162,35.76020836471757,48.08275161862315,9.798507407639029,16,0.1198487856881816,0,0.794672600008898,0.3839793801307678,2.4281799878914066e-14
4,3,step,False,4,0.5621501343069247,0.6227730661071545,0.10521224533694302,0.31103520024761433,89.49245843116506,4,1.1743079759427548,143,31.837603715786603,42.77283189600318,4.9363596942161205,7,0.09718992534430154,0,0.794672600008898,0.3839793801307678,2.4281799878914066e-14
4,3,step,False,5,1.741348863480143,0.226780484901842,0.13551876239308314,1.0518740386369914,46.93688532852703,4,1.300178936994807,78,8.800400196514316,11.783489059872027,4.330237583719368,7,0.09461636211538042,0,0.794672600008898,0.3839793801307678,2.4281799878914066e-14
4,3,step,False,6,1.1638828463724025,0.20429425550228864,0.06289977297936399,0.622028426472157,73.73652846831166,4,1.3447438919268,122,29.438071634935785,39.096808399279944,5.2558948172297475,8,0.1028562831559933,0,0.794672600008898,0.3839793801307678,2.4281799878914066e-14
4,3,step,False,7,2.6451436560886648,0.16797077604162214,0.07602073873092775,1.546293103374471,13.3769927683865,4,1.5612099688142451,29,6.000000000375641,8.749154561554683,1.8547885538293745,3,0.2670630921431692,0,0.794672600008898,0.3839793801307678,2.4281799878914066e-14
4,3,step,False,8,1.1773111634983904,0.18929174361525955,0.23291791713110763,0.7933264009229355,64.15268601527599,4,1.229517982047906,102,22.05708789390701,29.334858207432383,9.35280183875865,14,0.11411215432069494,0,0.794672600008898,0.3839793801307678,2.4281799878914066e-14
4,3,step,False,9,2.021911938662873,0.05070610957117503,0.03730169591404009,1.2721400504958391,18.556817078819357,4,1.3693512604865345,39,6.000000000271365,7.873481582772636,2.126737249611038,3,0.15008031950118872,0,0.794672600008898,0.3839793801307678,2.4281799878914066e-14
4,3,step,False,10,1.5164206506624354,0.18401625259246612,0.13808931204054878,0.8302204335831187,46.70874174669558,4,1.527742603416708,79,11.828751728726541,15.477527501183513,4.745877672200862,8,0.11532422397046967,0,0.794672600008898,0.3839793801307678,2.4281799878914066e-14
4,3,step,False,11,1.7873261353014271,0.5596600464637709,0.26528785634809443,1.126051849928676,57.084695115331876,4,1.5808953940501442,96,18.142308565697174,27.671410928158025,4.722580352927004,10,0.09793699476295352,0,0.794672600008898,0.3839793801307678,2.4281799878914066e-14
4,3,step,False,12,0.4960937291639991,0.05319494793771447,0.4108634612164743,0.3111488363554541,63.6783197134603,4,1.3589012809914252,108,20.070906135708668,26.698728356781682,6.920889897012751,12,0.10116762866195397,0,0.794672600008898,0.3839793801307678,2.4281799878914066e-14
4,3,step,False,13,0.7733730741862967,0.6150159731444984,0.25563087505352156,0.451534386767639,66.83403132970636,4,1.329152171362885,115,22.08415433183766,32.97834967064654,7.397742050815116,12,0.11006824460330414,0,0.794672600008898,0.3839793801307678,2.4281799878914066e-14
4,3,step,False,14,1.2441028283176079,0.25458393588463835,0.08698193174574825,0.7674945914542526,58.061725957454186,4,1.2633188937440742,98,17.6255221789618,24.256103937618,6.996872352729445,11,0.10917026240350666,0,0.794672600008898,0.3839793801307678,2.4281799878914066e-14
4,3,step,False,15,1.020636180189332,0.19644804642904978,0.06380384431239458,0.6787413011425951,58.51959310555104,4,1.2981172287303016,108,19.537968320073002,26.925814462671568,6.89146983461789,10,0.11168268809216662,0,0.794672600008898,0.3839793801307678,2.4281799878914066e-14
4,3,step,False,16,0.6465795769665226,0.4210185951510464,0.44473672083792226,0.3681701844501494,97.89745695364742,4,1.2003166810382462,147,39.12310191380857,56.89057000129617,8.645421951049213,14,0.1375515919190143,0,0.794672600008898,0.3839793801307678,2.4281799878914066e-14
4,3,step,False,17,1.3800791253006297,0.6482441467053339,0.3454219447144979,0.7570265018045935,48.80763556737149,4,1.4697516896109295,86,11.595225492635203,15.861895969914615,6.581611878102242,13,0.11996935485307976,0,0.794672600008898,0.3839793801307678,2.4281799878914066e-14
4,3,step,False,18,1.9545733255213382,0.11673181189240449,0.17340324924760217,1.3881731250162486,7.853191170770043,4,1.7569804946433485,22,6.000000000504103,9.67295099742835,1.0,1,0.15271954046622344,0,0.794672600008898,0.3839793801307678,2.4281799878914066e-14
4,3,step,False,19,0.8642655972196809,0.9806741996641295,0.03665801877604915,0.45671670486002897,61.87620529710102,4,1.340721252836389,104,20.53172568847164,27.434263798933642,5.866067768560746,8,0.1000098293115958,0,0.794672600008898,0.3839793801307678,2.4281799878914066e-14
4,3,step,False,20,0.4015157065634968,0.19968553298180847,0.735242077860848,0.23255373067413956,32.3597539167309,4,1.4465041377328534,59,11.737372283347899,17.448760714145457,3.404123656911282,4,0.13020334110429252,0,0.794672600008898,0.3839793801307678,2.4281799878914066e-14
4,3,step,False,21,1.0339699688965198,0.06872278371671389,0.12056576519138043,0.6144482949458159,110.95355214142103,4,1.16420689553413,158,44.507269906170514,55.94593113825177,9.592316020442885,14,0.08755905617311455,0,0.794672600008898,0.3839793801307678,2.4281799878914066e-14
4,3,step,False,22,0.8323167227644012,0.9469240245403759,0.13164829101919223,0.5634638051950027,28.29923000992318,4,1.2823286814629669,48,9.63895182345996,15.21354837237752,4.825125902989847,7,0.12281562465041473,0,0.794672600008898,0.3839793801307678,2.4281799878914066e-14
4,3,step,False,23,0.6269417020834565,0.6034098001049973,0.38204053994893644,0.33682594423068674,84.20743898946,4,1.3641352759470966,132,27.46554271782141,37.57536335714935,9.148491493685366,16,0.16843509155048383,0,0.794672600008898,0.3839793801307678,2.4281799878914066e-14
5,0,init,False,0,1.1820895330230798,0.30387232982687395,0.32411163960540756,0.857374985614215,38.90297561919407,4,1.5071678897923484,67,nan,nan,1.7944674370949696,3,nan,0,nan,nan,nan
5,0,init,False,1,0.26367240428572386,0.9918011216739288,0.16539621168576113,0.22185542112478318,95.84519872031498,4,1.287746448166381,155,nan,nan,7.937427473803956,13,nan,0,nan,nan,nan
5,0,init,False,2,1.4340599023864413,0.1551045295869219,0.174592190100755,1.158405486237627,55.98291989849718,4,1.3553777963333264,95,nan,nan,5.721854466610058,9,nan,0,nan,nan,nan
5,0,init,False,3,2.0354935116480677,0.25684100250225217,0.05406743463390932,1.7285146722177454,33.44533630616429,4,1.4575318171354017,57,nan,nan,4.256156361404454,6,nan,0,nan,nan,nan
5,0,init,False,4,1.71708545598336,0.13514956678094875,0.10099193842856587,1.3571937829292102,60.11580097272275,4,1.2389011314110931,99,nan,nan,8.084689505960414,15,nan,0,nan,nan,nan
5,0,init,False,5,1.1181558309160755,0.4234993264284338,0.08198948536465712,0.7935726957298979,61.19777099850654,4,1.4314713500216605,105,nan,nan,4.965543066863961,10,nan,0,nan,nan,nan
5,0,init,False,6,0.6253378024127711,0.30528365250814277,0.0994278080918958,0.4892243965605667,110.0586936588459,4,1.2500789463895183,165,nan,nan,11.965773989537007,16,nan,0,nan,nan,nan
5,0,init,False,7,1.2089920649223933,0.5765682338095923,0.09013254848285365,0.9641824706292976,67.29482899156545,4,1.355290842554952,115,nan,nan,7.467199718937111,15,nan,0,nan,nan,nan
5,0,init,False,8,1.9290127460323419,0.11002760353969684,0.11002760353969786,1.4732891678458182,14.016744934235074,4,1.7009976930557105,28,nan,nan,1.0,1,nan,0,nan,nan,nan
5,0,init,False,9,1.3537456170574012,0.41705599621595213,0.01697244973965534,1.04435512009004,73.0190906692872,4,1.3651017948003297,121,nan,nan,5.066774719587965,7,nan,0,nan,nan,nan
5,0,init,False,10,1.0134078727473856,0.1066891234715802,0.1575940360127539,0.7596442934490684,73.13296962220065,4,1.3820441899567106,114,nan,nan,6.622222818662661,12,nan,0,nan,nan,nan
5,0,init,False,11,2.6010207254251076,0.13222733870214592,0.11251685372823621,1.9476187491606891,17.438172763650442,4,1.8152890169892664,36,nan,nan,3.7911502832457087,6,nan,0,nan,nan,nan
5,0,init,False,12,0.847995390281777,0.545904331575216,0.14576423570776728,0.6044797632237658,99.09670441818193,4,1.2786510227569414,158,nan,nan,11.105766533506461,17,nan,0,nan,nan,nan
5,0,init,False,13,1.158477556120006,0.30313003049116216,0.18855795233335254,0.861497801534667,33.837397863001414,4,1.573040429892719,63,nan,nan,1.6317218464138068,3,nan,0,nan,nan,nan
5,0,init,False,14,1.6911301854914427,0.12868447441036776,0.13234764475274036,1.3948780066692326,36.99050377418594,4,1.5126754161719986,70,nan,nan,5.896957053487121,11,nan,0,nan,nan,nan
5,0,init,False,15,0.9443564653403165,0.9672203607280299,0.30536971770350596,0.5686140600774047,68.61454808951223,4,1.2549233403767515,114,nan,nan,5.9329785818427645,9,nan,0,nan,nan,nan
5,0,init,False,16,1.469340822890217,0.4439779121346432,0.059506334722753726,1.0994060958644145,67.84650810599985,4,1.4085137832519536,117,nan,nan,8.163089527135158,12,nan,0,nan,nan,nan
5,0,init,False,17,2.426100916153647,0.10627075021197536,0.13396921756337518,1.8155762674298326,30.159664122786523,4,1.3692893234626067,58,nan,nan,3.3916197808589246,6,nan,0,nan,nan,nan
5,0,init,False,18,1.2113073977099769,0.45989502112364966,0.28248299094411533,0.7543919456706542,34.494677777760245,4,1.4694076471196909,65,nan,nan,2.726178758066487,3,nan,0,nan,nan,nan
5,0,init,False,19,0.6565585810840902,0.34187188290068093,0.16920178771608774,0.5798657723895476,94.9924857091055,4,1.1841976947545165,144,nan,nan,9.015826275953497,13,nan,0,nan,nan,nan
5,0,init,False,20,0.22818447607247358,0.47827905086167116,0.24247710600803601,0.22721771292319382,114.43026484318936,4,1.2019047796631555,169,nan,nan,9.143050345920662,15,nan,0,nan,nan,nan
5,0,init,False,21,2.8435732924836863,0.09063708881124638,0.14108848787634234,2.2355014986939183,9.042044717524398,4,1.8542263553963083,21,nan,nan,1.8902502288882013,2,nan,0,nan,nan,nan
5,0,init,False,22,1.170997784687522,0.32038046146895427,0.11031236597377962,0.8321436965387609,82.5520169378254,4,1.1535871122095316,135,nan,nan,9.423049821765458,14,nan,0,nan,nan,nan
5,0,init,False,23,0.7465120467117895,0.8930275449519361,0.22621884580915622,0.47678905410900263,67.49268048574271,4,1.1477873774205645,107,nan,nan,7.006251404453174,10,nan,0,nan,nan,nan
5,1,step,False,0,1.1820895330230798,0.20630062490741158,0.32411163960540756,0.857374985614215,38.90297561919407,4,1.5071678897923484,67,11.17293158946632,16.456088780701318,1.7944674370949696,3,0.3089654924534212,0,1.5361907633867116,1.0,3.1134449294527537e-16
5,1,step,False,1,0.26367240428572386,0.9914075184724125,0.16539621168576113,0.22185542112478318,95.84519872031498,4,1.287746448166381,155,33.67709180614857,47.36336676718726,7.937427473803956,13,0.23783583681614603,0,1.5361907633867116,1.0,3.1134449294527537e-16
5,1,step,False,2,1.4340599023864413,0.18930859495399327,0.174592190100755,1.158405486237627,55.98291989849718,4,1.3553777963333264,95,16.2232282358807,24.655222482180157,5.721854466610058,9,0.21073955614543852,0,1.5361907633867116,1.0,3.1134449294527537e-16
5,1,step,False,3,2.0354935116480677,0.09895441350812144,0.05406743463390932,1.7285146722177454,33.44533630616429,4,1.4575318171354017,57,11.778477256056245,16.32116319251349,4.256156361404454,6,0.20838787554989077,0,1.5361907633867116,1.0,3.1134449294527537e-16
5,1,step,False,4,1.71708545598336,0.2108883215342669,0.10099193842856587,1.3571937829292102,60.11580097272275,4,1.2389011314110931,99,21.634179176079904,29.941043516514128,8.084689505960414,15,0.16545967370344952,0,1.5361907633867116,1.0,3.1134449294527537e-16
5,1,step,False,5,1.1181558309160755,0.33407900570440596,0.08198948536465712,0.7935726957298979,61.19777099850654,4,1.4314713500216605,105,20.09338342682252,27.79327243098916,4.965543066863961,10,0.17789312085129894,0,1.5361907633867116,1.0,3.1134449294527537e-16
5,1,step,False,6,0.6253378024127711,0.2371384093147219,0.0994278080918958,0.4892243965605667,110.0586936588459,4,1.2500789463895183,165,39.19008595268184,52.14454097154675,11.965773989537007,16,0.19430435328743828,0,1.5361907633867116,1.0,3.1134449294527537e-16
5,1,step,False,7,1.2089920649223933,0.44771530153453515,0.09013254848285365,0.9641824706292976,67.29482899156545,4,1.355290842554952,115,22.818660679297867,31.59651724682935,7.467199718937111,15,0.24282454117955438,0,1.5361907633867116,1.0,3.1134449294527537e-16
5,1,step,False,8,1.9290127460323419,0.13687789955749127,0.11002760353969786,1.4732891678458182,14.016744934235074,4,1.7009976930557105,28,6.000000000142502,8.402144971464958,1.0,1,0.48645759351876566,0,1.5361907633867116,1.0,3.1134449294527537e-16
5,1,step,False,9,1.3537456170574012,0.31453740640596395,0.01697244973965534,1.04435512009004,73.0190906692872,4,1.3651017948003297,121,20.507121797576986,32.0715818384732,5.066774719587965,7,0.31339826188477055,0,1.5361907633867116,1.0,3.1134449294527537e-16
5,1,step,False,10,1.0134078727473856,0.078675205165994,0.1575940360127539,0.7596442934490684,73.13296962220065,4,1.3820441899567106,114,25.0304841296724,34.772517725431705,6.622222818662661,12,0.1976732024497274,0,1.5361907633867116,1.0,3.1134449294527537e-16
5,1,step,False,11,2.6010207254251076,0.12773517836018802,0.11251685372823621,1.9476187491606891,17.438172763650442,4,1.8152890169892664,36,6.000000000786857,10.061509155140543,3.7911502832457087,6,0.2461381671788049,0,1.5361907633867116,1.0,3.1134449294527537e-16
5,1,step,False,12,0.847995390281777,0.42789013920626606,0.14576423570776728,0.6044797632237658,99.09670441818193,4,1.2786510227569414,158,36.62482742136224,51.908543908929694,11.105766533506461,17,0.16987312898630239,0,1.5361907633867116,1.0,3.1134449294527537e-16
5,1,step,False,13,1.158477556120006,0.21355562875163578,0.18855795233335254,0.861497801534667,33.837397863001414,4,1.573040429892719,63,10.120835993986212,13.94226606814005,1.6317218464138068,3,0.38598159328513665,0,1.5361907633867116,1.0,3.1134449294527537e-16
5,1,step,False,14,1.6911301854914427,0.10522755514745698,0.13234764475274036,1.3948780066692326,36.99050377418594,4,1.5126754161719986,70,7.82599694807122,12.830351168609024,5.896957053487121,11,0.2304944591653229,0,1.5361907633867116,1.0,3.1134449294527537e-16
5,1,step,False,15,0.9443564653403165,0.9994846135321241,0.30536971770350596,0.5686140600774047,68.61454808951223,4,1.2549233403767515,114,24.546968000354262,33.24617060392652,5.9329785818427645,9,0.2296197696016926,0,1.5361907633867116,1.0,3.1134449294527537e-16
5,1,step,False,16,1.469340822890217,0.5259147281168155,0.059506334722753726,1.0994060958644145,67.84650810599985,4,1.4085137832519536,117,18.534764586363135,28.955810419867785,8.163089527135158,12,0.22595253749248587,0,1.5361907633867116,1.0,3.1134449294527537e-16
5,1,step,False,17,2.426100916153647,0.1785698214982776,0.13396921756337518,1.8155762674298326,30.159664122786523,4,1.3692893234626067,58,6.054047008644099,8.392926223184741,3.3916197808589246,6,0.21660149175558402,0,1.5361907633867116,1.0,3.1134449294527537e-16
5,1,step,False,18,1.2113073977099769,0.48208105344654273,0.28248299094411533,0.7543919456706542,34.494677777760245,4,1.4694076471196909,65,10.82602053150082,16.56309678049839,2.726178758066487,3,0.2567110585013259,0,1.5361907633867116,1.0,3.1134449294527537e-16
5,1,step,False,19,0.6565585810840902,0.2342783761950911,0.16920178771608774,0.5798657723895476,94.9924857091055,4,1.1841976947545165,144,36.96978609357848,53.55873231954947,9.015826275953497,13,0.2060200664209558,0,1.5361907633867116,1.0,3.1134449294527537e-16
5,1,step,False,20,0.22818447607247358,0.22484144925706684,0.24247710600803601,0.22721771292319382,114.43026484318936,4,1.2019047796631555,169,43.83236656690404,62.06222334747862,9.143050345920662,15,0.23432736467559032,0,1.5361907633867116,1.0,3.1134449294527537e-16
5,1,step,False,21,2.8435732924836863,0.08370249573402667,0.14108848787634234,2.2355014986939183,9.042044717524398,4,1.8542263553963083,21,6.0000000003773195,7.963532480492461,1.8902502288882013,2,0.2402693615726429,0,1.5361907633867116,1.0,3.1134449294527537e-16
5,1,step,False,22,1.170997784687522,0.4477166711631499,0.11031236597377962,0.8321436965387609,82.5520169378254,4,1.1535871122095316,135,29.83058501371553,41.32661134980959,9.423049821765458,14,0.18070146880308768,0,1.5361907633867116,1.0,3.1134449294527537e-16
5,1,step,False,23,0.7465120467117895,0.7820296645225201,0.22621884580915622,0.47678905410900263,67.49268048574271,4,1.1477873774205645,107,23.706998561935052,32.99485764915649,7.006251404453174,10,0.24492383533694626,0,1.5361907633867116,1.0,3.1134449294527537e-16
5,2,step,False,0,1.1820895330230798,0.11075529151228851,0.32411163960540756,0.857374985614215,38.90297561919407,4,1.5071678897923484,67,9.008952109794619,14.915065656248801,1.7944674370949696,3,0.173568013962654,0,1.0862509059868828,0.6213999539613724,3.467551691316593e-14
5,2,step,False,1,0.26367240428572386,0.9869681747235334,0.16539621168576113,0.22185542112478318,95.84519872031498,4,1.287746448166381,155,36.034055398528096,51.774325917135656,7.937427473803956,13,0.23693335197695237,0,1.0862509059868828,0.6213999539613724,3.467551691316593e-14
5,2,step,False,2,1.4340599023864413,0.22812177202756073,0.174592190100755,1.158405486237627,55.98291989849718,4,1.3553777963333264,95,15.374162871311189,22.577245821611168,5.721854466610058,9,0.12180634708900996,0,1.0862509059868828,0.6213999539613724,3.467551691316593e-14
5,2,step,False,3,2.0354935116480677,0.07543041080727934,0.05406743463390932,1.7285146722177454,33.44533630616429,4,1.4575318171354017,57,9.349603517783105,12.811291506012143,4.256156361404454,6,0.23803483523736654,0,1.0862509059868828,0.6213999539613724,3.467551691316593e-14
5,2,step,False,4,1.71708545598336,0.23553688255073413,0.10099193842856587,1.3571937829292102,60.11580097272275,4,1.2389011314110931,99,16.97195932270027,21.937684021003253,8.084689505960414,15,0.13400043103243087,0,1.0862509059868828,0.6213999539613724,3.467551691316593e-14
5,2,step,False,5,1.1181558309160755,0.17373624288185305,0.08198948536465712,0.7935726957298979,61.19777099850654,4,1.4314713500216605,105,21.662409300055053,28.388950642037962,4.965543066863961,10,0.13212446994470306,0,1.0862509059868828,0.6213999539613724,3.467551691316593e-14
5,2,step,False,6,0.6253378024127711,0.29817476110560964,0.0994278080918958,0.4892243965605667,110.0586936588459,4,1.2500789463895183,165,42.90505962257544,58.775295132247315,11.965773989537007,16,0.18189282667481002,0,1.0862509059868828,0.6213999539613724,3.467551691316593e-14
5,2,step,False,7,1.2089920649223933,0.3386528998948926,0.09013254848285365,0.9641824706292976,67.29482899156545,4,1.355290842554952,115,22.79281957708154,31.535517001489183,7.467199718937111,15,0.16428470706141982,0,1.0862509059868828,0.6213999539613724,3.467551691316593e-14
5,2,step,False,8,1.9290127460323419,0.15570956493600957,0.11002760353969786,1.4732891678458182,14.016744934235074,4,1.7009976930557105,28,6.000000000390791,8.309924272409532,1.0,1,0.3318581803948909,0,1.0862509059868828,0.6213999539613724,3.467551691316593e-14
5,2,step,False,9,1.3537456170574012,0.22285474461360158,0.01697244973965534,1.04435512009004,73.0190906692872,4,1.3651017948003297,121,18.042466202275783,26.40220125525683,5.066774719587965,7,0.17464596464146967,0,1.0862509059868828,0.6213999539613724,3.467551691316593e-14
5,2,step,False,10,1.0134078727473856,0.1483921244380852,0.1575940360127539,0.7596442934490684,73.13296962220065,4,1.3820441899567106,114,26.54430494171114,36.13695847484824,6.622222818662661,12,0.14020187434107959,0,1.0862509059868828,0.6213999539613724,3.467551691316593e-14
5,2,step,False,11,2.6010207254251076,0.17179185135207176,0.11251685372823621,1.9476187491606891,17.438172763650442,4,1.8152890169892664,36,6.000000000131468,9.46119436298587,3.7911502832457087,6,0.18979765016264863,0,1.0862509059868828,0.6213999539613724,3.467551691316593e-14
5,2,step,False,12,0.847995390281777,0.2423050505588177,0.14576423570776728,0.6044797632237658,99.09670441818193,4,1.2786510227569414,158,37.76142402520797,51.514867020013405,11.105766533506461,17,0.12298303109025593,0,1.0862509059868828,0.6213999539613724,3.467551691316593e-14
5,2,step,False,13,1.158477556120006,0.2850718001928407,0.18855795233335254,0.861497801534667,33.837397863001414,4,1.573040429892719,63,11.380246966389434,16.444477399029577,1.6317218464138068,3,0.25551098212094603,0,1.0862509059868828,0.6213999539613724,3.467551691316593e-14
5,2,step,False,14,1.6911301854914427,0.1473127584567603,0.13234764475274036,1.3948780066692326,36.99050377418594,4,1.5126754161719986,70,6.000000000650903,8.887115066503195,5.896957053487121,11,0.18122633879681924,0,1.0862509059868828,0.6213999539613724,3.467551691316593e-14
5,2,step,False,15,0.9443564653403165,0.9664078066170767,0.30536971770350596,0.5686140600774047,68.61454808951223,4,1.2549233403767515,114,26.990591897897232,40.15094541297343,5.9329785818427645,9,0.22622378583451647,0,1.0862509059868828,0.6213999539613724,3.467551691316593e-14
5,2,step,False,16,1.469340822890217,0.5460640107414487,0.059506334722753726,1.0994060958644145,67.84650810599985,4,1.4085137832519536,117,18.66935306059075,28.727666093626194,8.163089527135158,12,0.1844915348399035,0,1.0862509059868828,0.6213999539613724,3.467551691316593e-14
5,2,step,False,17,2.426100916153647,0.2297241696918055,0.13396921756337518,1.8155762674298326,30.159664122786523,4,1.3692893234626067,58,6.000000000375321,8.709331298873424,3.3916197808589246,6,0.1386006357200382,0,1.0862509059868828,0.6213999539613724,3.467551691316593e-14
5,2,step,False,18,1.2113073977099769,0.44882832676167755,0.28248299094411533,0.7543919456706542,34.494677777760245,4,1.4694076471196909,65,11.160313427355113,16.606415763642257,2.726178758066487,3,0.27150277182696764,0,1.0862509059868828,0.6213999539613724,3.467551691316593e-14
5,2,step,False,19,0.6565585810840902,0.20063449417135085,0.16920178771608774,0.5798657723895476,94.9924857091055,4,1.1841976947545165,144,39.703955724015366,56.99817270210176,9.015826275953497,13,0.10744448158186626,0,1.0862509059868828,0.6213999539613724,3.467551691316593e-14
5,2,step,False,20,0.22818447607247358,0.11767897486861771,0.24247710600803601,0.22721771292319382,114.43026484318936,4,1.2019047796631555,169,44.49512982649113,63.68686683610927,9.143050345920662,15,0.177832864890876,0,1.0862509059868828,0.6213999539613724,3.467551691316593e-14
5,2,step,False,21,2.8435732924836863,0.12796526096188843,0.14108848787634234,2.2355014986939183,9.042044717524398,4,1.8542263553963083,21,6.000000000278062,8.804295509946657,1.8902502288882013,2,0.28567350072670317,0,1.0862509059868828,0.6213999539613724,3.467551691316593e-14
5,2,step,False,22,1.170997784687522,0.4419656609032079,0.11031236597377962,0.8321436965387609,82.5520169378254,4,1.1535871122095316,135,29.88869587227364,42.35304570316786,9.423049821765458,14,0.14261975810877242,0,1.0862509059868828,0.6213999539613724,3.467551691316593e-14
5,2,step,False,23,0.7465120467117895,0.6371737741744696,0.22621884580915622,0.47678905410900263,67.49268048574271,4,1.1477873774205645,107,24.800660939863,33.674724815258,7.006251404453174,10,0.19365293623493826,0,1.0862509059868828,0.6213999539613724,3.467551691316593e-14
5,3,step,False,0,1.1820895330230798,0.12167857158221593,0.32411163960540756,0.857374985614215,38.90297561919407,4,1.5071678897923484,67,10.005975105528359,15.624107651333313,1.7944674370949696,3,0.06874168309396501,0,0.7680953816933557,0.3740019351243973,9.685166945979754e-15
5,3,step,False,1,0.26367240428572386,0.919885192680494,0.16539621168576113,0.22185542112478318,95.84519872031498,4,1.287746448166381,155,37.5734510231905,52.040511787779295,7.937427473803956,13,0.12790293601526917,0,0.7680953816933557,0.3740019351243973,9.685166945979754e-15
5,3,step,False,2,1.4340599023864413,0.1673712719159504,0.174592190100755,1.158405486237627,55.98291989849718,4,1.3553777963333264,95,13.89420806588555,18.730169714946854,5.721854466610058,9,0.11895514839948791,0,0.7680953816933557,0.3740019351243973,9.685166945979754e-15
5,3,step,False,3,2.0354935116480677,0.12661734686812467,0.05406743463390932,1.7285146722177454,33.44533630616429,4,1.4575318171354017,57,8.413346492337356,12.14907111778037,4.256156361404454,6,0.09790028680600305,0,0.7680953816933557,0.3740019351243973,9.685166945979754e-15
5,3,step,False,4,1.71708545598336,0.20829169516008675,0.10099193842856587,1.3571937829292102,60.11580097272275,4,1.2389011314110931,99,15.535063103994185,20.061675083801074,8.084689505960414,15,0.09835430135927356,0,0.7680953816933557,0.3740019351243973,9.685166945979754e-15
5,3,step,False,5,1.1181558309160755,0.07829239070539638,0.08198948536465712,0.7935726957298979,61.19777099850654,4,1.4314713500216605,105,22.368998428320893,29.679739655669483,4.965543066863961,10,0.08947006423419347,0,0.7680953816933557,0.3740019351243973,9.685166945979754e-15
5,3,step,False,6,0.6253378024127711,0.231806058148799,0.0994278080918958,0.4892243965605667,110.0586936588459,4,1.2500789463895183,165,43.03683958326341,57.61480780873223,11.965773989537007,16,0.11598874359095342,0,0.7680953816933557,0.3740019351243973,9.685166945979754e-15
5,3,step,False,7,1.2089920649223933,0.26110436774756063,0.09013254848285365,0.9641824706292976,67.29482899156545,4,1.355290842554952,115,21.99688112752908,30.330997936124003,7.467199718937111,15,0.1368608824086244,0,0.7680953816933557,0.3740019351243973,9.685166945979754e-15
5,3,step,False,8,1.9290127460323419,0.20130046190892825,0.11002760353969786,1.4732891678458182,14.016744934235074,4,1.7009976930557105,28,6.0000000000750475,8.731085190682736,1.0,1,0.3418039296796946,0,0.7680953816933557,0.3740019351243973,9.685166945979754e-15
5,3,step,False,9,1.3537456170574012,0.1810199464934188,0.01697244973965534,1.04435512009004,73.0190906692872,4,1.3651017948003297,121,18.40532944829719,24.4789552097785,5.066774719587965,7,0.09223030277953777,0,0.7680953816933557,0.3740019351243973,9.685166945979754e-15
5,3,step,False,10,1.0134078727473856,0.21257839350952354,0.1575940360127539,0.7596442934490684,73.13296962220065,4,1.3820441899567106,114,29.692162782686964,40.19835826118417,6.622222818662661,12,0.081974325439623,0,0.7680953816933557,0.3740019351243973,9.685166945979754e-15
5,3,step,False,11,2.6010207254251076,0.22560699910330362,0.11251685372823621,1.9476187491606891,17.438172763650442,4,1.8152890169892664,36,6.000000000053343,8.442278617899014,3.7911502832457087,6,0.1645492357027188,0,0.7680953816933557,0.3740019351243973,9.685166945979754e-15
5,3,step,False,12,0.847995390281777,0.07488329369659362,0.14576423570776728,0.6044797632237658,99.09670441818193,4,1.2786510227569414,158,38.39789201333758,49.687083382493704,11.105766533506461,17,0.08288186692080961,0,0.7680953816933557,0.3740019351243973,9.685166945979754e-15
5,3,step,False,13,1.158477556120006,0.272838614535559,0.18855795233335254,0.861497801534667,33.837397863001414,4,1.573040429892719,63,12.959687496743028,17.698090130233886,1.6317218464138068,3,0.1094936297721209,0,0.7680953816933557,0.3740019351243973,9.685166945979754e-15
5,3,step,False,14,1.6911301854914427,0.06273030959282315,0.13234764475274036,1.3948780066692326,36.99050377418594,4,1.5126754161719986,70,6.000000000437694,8.55881537039084,5.896957053487121,11,0.15867660482831905,0,0.7680953816933557,0.3740019351243973,9.685166945979754e-15
5,3,step,False,15,0.9443564653403165,0.9255903356886729,0.30536971770350596,0.5686140600774047,68.61454808951223,4,1.2549233403767515,114,26.992218684919784,39.059137339339635,5.9329785818427645,9,0.13233282559767467,0,0.7680953816933557,0.3740019351243973,9.685166945979754e-15
5,3,step,False,16,1.469340822890217,0.6460564550226288,0.059506334722753726,1.0994060958644145,67.84650810599985,4,1.4085137832519536,117,17.0499304361642,25.878700845508504,8.163089527135158,12,0.11454808796827083,0,0.7680953816933557,0.3740019351243973,9.685166945979754e-15
5,3,step,False,17,2.426100916153647,0.21574340023986127,0.13396921756337518,1.8155762674298326,30.159664122786523,4,1.3692893234626067,58,6.0000000000239835,8.279009116911462,3.3916197808589246,6,0.16813370096845112,0,0.7680953816933557,0.3740019351243973,9.685166945979754e-15
5,3,step,False,18,1.2113073977099769,0.37480886037112443,0.28248299094411533,0.7543919456706542,34.494677777760245,4,1.4694076471196909,65,10.714224527796864,15.761289956322539,2.726178758066487,3,0.15403003819865246,0,0.7680953816933557,0.3740019351243973,9.685166945979754e-15
5,3,step,False,19,0.6565585810840902,0.09317375468214327,0.16920178771608774,0.5798657723895476,94.9924857091055,4,1.1841976947545165,144,39.59232153400735,52.74734202388659,9.015826275953497,13,0.10991384451002355,0,0.7680953816933557,0.3740019351243973,9.685166945979754e-15
5,3,step,False,20,0.22818447607247358,0.2898525178458058,0.24247710600803601,0.22721771292319382,114.43026484318936,4,1.2019047796631555,169,42.41456171102645,57.57417276850131,9.143050345920663,15,0.05947449767319709,0,0.7680953816933557,0.3740019351243973,9.685166945979754e-15
5,3,step,False,21,2.8435732924836863,0.164226944421259,0.14108848787634234,2.2355014986939183,9.042044717524398,4,1.8542263553963083,21,6.0000000002648965,8.660822583471814,1.8902502288882013,2,0.07400058193086673,0,0.7680953816933557,0.3740019351243973,9.685166945979754e-15
5,3,step,False,22,1.170997784687522,0.4058395374396434,0.11031236597377962,0.8321436965387609,82.5520169378254,4,1.1535871122095316,135,30.365098078742857,41.57606501109406,9.423049821765458,14,0.09691299877998535,0,0.7680953816933557,0.3740019351243973,9.685166945979754e-15
5,3,step,False,23,0.7465120467117895,0.5232842384935125,0.22621884580915622,0.47678905410900263,67.49268048574271,4,1.1477873774205645,107,26.318616522541433,35.42052524215843,7.006251404453174,10,0.10724113169576122,0,0.7680953816933557,0.3740019351243973,9.685166945979754e-15
6,0,init,False,0,2.54098135741418,0.2852545387883963,0.10533064186017933,1.6683342527849552,17.46057952630617,4,1.27484943904016,33,nan,nan,1.5707688609171744,3,nan,0,nan,nan,nan
6,0,init,False,1,0.7412300966119058,0.10463913593942317,0.183944991524154,0.4523221269466964,58.75002316755938,4,1.3885988138108036,102,nan,nan,5.285404019393518,9,nan,0,nan,nan,nan
6,0,init,False,2,0.2768699161868602,0.18471010012108702,0.45106349745289104,0.341659833482148,59.861531152866775,4,1.334131016019222,107,nan,nan,3.6135148768569545,7,nan,0,nan,nan,nan
6,0,init,False,3,0.49089716394589106,0.8065435945831182,0.3314081102594584,0.25780268821821556,84.03306920488411,4,1.2510632781073787,137,nan,nan,7.5079317861965365,12,nan,0,nan,nan,nan
6,0,init,False,4,0.9705931967434145,0.2470729061031442,0.3649086750788676,0.4583565544637617,19.762615612563682,4,1.2898079726077678,47,nan,nan,1.7722303826509713,3,nan,0,nan,nan,nan
6,0,init,False,5,1.595701416217555,0.49942690763107767,0.053804243093254184,0.811757240337845,75.81195041346109,4,1.48316733780218,126,nan,nan,8.683883983667194,13,nan,0,nan,nan,nan
6,0,init,False,6,1.5853100652539636,0.31644187443691807,0.14833105598803048,0.7215622322955737,53.4790893985892,4,1.3239819964929083,95,nan,nan,6.824192415075044,10,nan,0,nan,nan,nan
6,0,init,False,7,0.4018957436714012,0.8326814268884501,0.5315990105554131,0.2722467318637011,96.64326979807032,4,1.184094946286352,153,nan,nan,7.785684768423504,14,nan,0,nan,nan,nan
6,0,init,False,8,1.2700049529393447,0.1572882743086008,0.12967084321444497,0.6850481526632658,42.525822798838774,4,1.3911741521780545,73,nan,nan,6.152960032333694,10,nan,0,nan,nan,nan
6,0,init,False,9,1.396706319763929,0.17450113840275797,0.08502041075510425,0.773700771507764,71.97134862060662,4,1.170680791268743,118,nan,nan,6.3560974621213,10,nan,0,nan,nan,nan
6,0,init,False,10,0.7169159324718162,0.11125246819770705,0.1751292513448041,0.39889246314504756,115.49336898557972,4,1.2014671291458443,171,nan,nan,12.014032437350073,18,nan,0,nan,nan,nan
6,0,init,False,11,2.103429569382233,0.30510938178240826,0.14969814237956675,1.1211936545110492,48.80161383275155,4,1.3789303085189457,88,nan,nan,3.652919025358841,7,nan,0,nan,nan,nan
6,0,init,False,12,1.470954417908997,0.13608546850884135,0.04885071827081233,0.8343803663590249,75.62404581090895,4,1.283627964475052,117,nan,nan,9.674800531408897,13,nan,0,nan,nan,nan
6,0,init,False,13,1.388642514644572,0.31669562642493865,0.11153576650856575,0.7809233377273139,40.89857424422631,4,1.2771140316097331,72,nan,nan,4.969304980772916,9,nan,0,nan,nan,nan
6,0,init,False,14,3.7373453800473535,0.05313389345617949,0.10974758732324526,2.460869903507289,2.7073364238549575,4,4.564046198290462,8,nan,nan,1.0780156009349202,2,nan,0,nan,nan,nan
6,0,init,False,15,0.40616906286920945,0.4843564406145683,0.43286249733228066,0.4135643299208524,50.47056557527236,4,1.434244672769924,91,nan,nan,4.772681843895281,8,nan,0,nan,nan,nan
6,0,init,False,16,0.3890029855377656,0.7275201767740852,0.1816422785489786,0.3081396337178968,122.0736781920817,4,1.2172174899420798,178,nan,nan,10.005544733140766,17,nan,0,nan,nan,nan
6,0,init,False,17,2.1699025667912704,0.24861771830031867,0.18857348268746224,1.2575505083726142,36.98537468571456,4,1.4482690910673952,70,nan,nan,4.6394777238490486,7,nan,0,nan,nan,nan
6,0,init,False,18,2.1977118582756474,0.16771376173112146,0.263495552965022,1.1995074475134946,16.87004217402684,4,1.443738741870929,33,nan,nan,1.5765211707915592,2,nan,0,nan,nan,nan
6,0,init,False,19,0.8905675226758757,0.2224820886410452,0.07690053708953833,0.5973469299301543,79.6001769273492,4,1.2791646380629778,128,nan,nan,8.9860086112394,12,nan,0,nan,nan,nan
6,0,init,False,20,1.1310230282852698,0.30839596750612064,0.13668771394466506,0.6302446691925783,74.3621311687393,4,1.4697135649056174,122,nan,nan,8.971365031985105,14,nan,0,nan,nan,nan
6,0,init,False,21,2.0401207972277002,0.09211021123325613,0.10018629607509964,1.1638306853755096,56.20392719180741,4,1.334272943232875,93,nan,nan,6.606932107516386,11,nan,0,nan,nan,nan
6,0,init,False,22,0.9210253947734512,0.8145503342243362,0.12253753551768862,0.5248899521282914,64.23113255828872,4,1.2918368917104768,104,nan,nan,6.627964564082944,9,nan,0,nan,nan,nan
6,0,init,False,23,1.5776915231880368,0.3062621658919216,0.06722009441184132,0.9423351722465786,75.37873253565283,4,1.217459543327222,119,nan,nan,4.871763050037941,8,nan,0,nan,nan,nan
6,1,step,False,0,2.54098135741418,0.5468544427209797,0.10533064186017933,1.6683342527849552,17.46057952630617,4,1.27484943904016,33,6.000000000234156,8.247804774044706,1.5707688609171744,3,0.1606829090198505,0,1.6273409581129943,1.0,3.55120553679848e-16
6,1,step,False,1,0.7412300966119058,0.23750429391601918,0.183944991524154,0.4523221269466964,58.75002316755938,4,1.3885988138108036,102,15.36275977580894,21.212459869668514,5.285404019393518,9,0.2161643896448753,0,1.6273409581129943,1.0,3.55120553679848e-16
6,1,step,False,2,0.2768699161868602,0.18249452123278223,0.45106349745289104,0.341659833482148,59.861531152866775,4,1.334131016019222,107,16.83259370480924,24.677812307732694,3.6135148768569545,7,0.2941806305257847,0,1.6273409581129943,1.0,3.55120553679848e-16
6,1,step,False,3,0.49089716394589106,0.7913903518897459,0.3314081102594584,0.25780268821821556,84.03306920488411,4,1.2510632781073787,137,26.58959450332477,36.08096288938939,7.5079317861965365,12,0.27340689295185194,0,1.6273409581129943,1.0,3.55120553679848e-16
6,1,step,False,4,0.9705931967434145,0.344800320972838,0.3649086750788676,0.4583565544637617,19.762615612563682,4,1.2898079726077678,47,6.000000000481441,7.999597581940898,1.7722303826509713,3,0.3687872195217349,0,1.6273409581129943,1.0,3.55120553679848e-16
6,1,step,False,5,1.595701416217555,0.611887561186692,0.053804243093254184,0.811757240337845,75.81195041346109,4,1.48316733780218,126,23.96852315630904,33.80458412771796,8.683883983667194,13,0.26762283021445116,0,1.6273409581129943,1.0,3.55120553679848e-16
6,1,step,False,6,1.5853100652539636,0.4327992606541788,0.14833105598803048,0.7215622322955737,53.4790893985892,4,1.3239819964929083,95,13.618710527794772,19.98800139924261,6.824192415075044,10,0.2714496115935847,0,1.6273409581129943,1.0,3.55120553679848e-16
6,1,step,False,7,0.4018957436714012,0.8311289810424568,0.5315990105554131,0.2722467318637011,96.64326979807032,4,1.184094946286352,153,35.1861851967134,46.97883811133255,7.785684768423504,14,0.299585916281159,0,1.6273409581129943,1.0,3.55120553679848e-16
6,1,step,False,8,1.2700049529393447,0.07779088575761132,0.12967084321444497,0.6850481526632658,42.525822798838774,4,1.3911741521780545,73,12.732039682213614,20.480168688471355,6.152960032333694,10,0.2534798910853848,0,1.6273409581129943,1.0,3.55120553679848e-16
6,1,step,False,9,1.396706319763929,0.3194855151803232,0.08502041075510425,0.773700771507764,71.97134862060662,4,1.170680791268743,118,25.155465580470995,33.63605214959357,6.3560974621213,10,0.260641244184938,0,1.6273409581129943,1.0,3.55120553679848e-16
6,1,step,False,10,0.7169159324718162,0.21691695136973915,0.1751292513448041,0.39889246314504756,115.49336898557972,4,1.2014671291458443,171,49.35571960074817,67.07116552927494,12.014032437350073,18,0.27978733983304577,0,1.6273409581129943,1.0,3.55120553679848e-16
6,1,step,False,11,2.103429569382233,0.4482742795759792,0.14969814237956675,1.1211936545110492,48.80161383275155,4,1.3789303085189457,88,14.519322894768052,19.3033197375298,3.652919025358841,7,0.2654485011915608,0,1.6273409581129943,1.0,3.55120553679848e-16
6,1,step,False,12,1.470954417908997,0.10761022749759032,0.04885071827081233,0.8343803663590249,75.62404581090895,4,1.283627964475052,117,25.79336491686083,38.79039582110543,9.674800531408897,13,0.2949889377368447,0,1.6273409581129943,1.0,3.55120553679848e-16
6,1,step,False,13,1.388642514644572,0.24723438174595191,0.11153576650856575,0.7809233377273139,40.89857424422631,4,1.2771140316097331,72,10.016672991582903,13.1215986348465,4.969304980772916,9,0.262750057459253,0,1.6273409581129943,1.0,3.55120553679848e-16
6,1,step,False,14,3.7373453800473535,0.10647399760821095,0.10974758732324526,2.460869903507289,2.7073364238549575,4,4.564046198290462,8,6.000000000282098,10.874938683933525,1.0780156009349202,2,0.2648438762485514,0,1.6273409581129943,1.0,3.55120553679848e-16
6,1,step,False,15,0.40616906286920945,0.6195106038778434,0.43286249733228066,0.4135643299208524,50.47056557527236,4,1.434244672769924,91,12.403690647773246,18.229232119301496,4.772681843895281,8,0.21987887798910058,0,1.6273409581129943,1.0,3.55120553679848e-16
6,1,step,False,16,0.3890029855377656,0.6826300059811726,0.1816422785489786,0.3081396337178968,122.0736781920817,4,1.2172174899420798,178,48.173609060085724,69.33492169693001,10.005544733140766,17,0.28267122976556924,0,1.6273409581129943,1.0,3.55120553679848e-16
6,1,step,False,17,2.1699025667912704,0.3841576846504196,0.18857348268746224,1.2575505083726142,36.98537468571456,4,1.4482690910673952,70,8.755496127665829,12.896568378973392,4.6394777238490486,7,0.24013955417065877,0,1.6273409581129943,1.0,3.55120553679848e-16
6,1,step,False,18,2.1977118582756474,0.11363186881196603,0.263495552965022,1.1995074475134946,16.87004217402684,4,1.443738741870929,33,6.000000000251383,7.644120775784168,1.5765211707915592,2,0.36926273024703654,0,1.6273409581129943,1.0,3.55120553679848e-16
6,1,step,False,19,0.8905675226758757,0.3900600963004371,0.07690053708953833,0.5973469299301543,79.6001769273492,4,1.2791646380629778,128,30.213062681903562,42.1425408445288,8.9860086112394,12,0.25991281828590124,0,1.6273409581129943,1.0,3.55120553679848e-16
6,1,step,False,20,1.1310230282852698,0.45923124451720526,0.13668771394466506,0.6302446691925783,74.3621311687393,4,1.4697135649056174,122,25.350055972965464,34.337063368970774,8.971365031985105,14,0.2513318778182268,0,1.6273409581129943,1.0,3.55120553679848e-16
6,1,step,False,21,2.0401207972277002,0.09705191227466595,0.10018629607509964,1.1638306853755096,56.20392719180741,4,1.334272943232875,93,17.60425583224027,23.710192275256475,6.606932107516386,11,0.29066464274981396,0,1.6273409581129943,1.0,3.55120553679848e-16
6,1,step,False,22,0.9210253947734512,0.7621195221724354,0.12253753551768862,0.5248899521282914,64.23113255828872,4,1.2918368917104768,104,23.935624294868877,31.737084635556386,6.627964564082944,9,0.2610578408476709,0,1.6273409581129943,1.0,3.55120553679848e-16
6,1,step,False,23,1.5776915231880368,0.40921728070165764,0.06722009441184132,0.9423351722465786,75.37873253565283,4,1.217459543327222,119,29.76694276056097,41.88065224055272,4.871763050037941,8,0.2776788363629105,0,1.6273409581129943,1.0,3.55120553679848e-16
6,2,step,False,0,2.54098135741418,0.4488158978644946,0.10533064186017933,1.6683342527849552,17.46057952630617,4,1.27484943904016,33,6.000000000173706,8.486804824002066,1.5707688609171744,3,0.24219680356530374,0,1.1507038267843115,0.6143310219049454,1.1344101583561888e-15
6,2,step,False,1,0.7412300966119058,0.19950893148494364,0.183944991524154,0.4523221269466964,58.75002316755938,4,1.3885988138108036,102,15.495988932683238,20.639912018837798,5.285404019393518,9,0.1708915148219831,0,1.1507038267843115,0.6143310219049454,1.1344101583561888e-15
6,2,step,False,2,0.2768699161868602,0.27330666776309687,0.45106349745289104,0.341659833482148,59.861531152866775,4,1.334131016019222,107,19.417503864846402,27.743256267925542,3.6135148768569545,7,0.1616779188692304,0,1.1507038267843115,0.6143310219049454,1.1344101583561888e-15
6,2,step,False,3,0.49089716394589106,0.6756956012471672,0.3314081102594584,0.25780268821821556,84.03306920488411,4,1.2510632781073787,137,28.964295283214067,39.19657127490103,7.5079317861965365,12,0.30111195132082785,0,1.1507038267843115,0.6143310219049454,1.1344101583561888e-15
6,2,step,False,4,0.9705931967434145,0.4257678760119828,0.3649086750788676,0.4583565544637617,19.762615612563682,4,1.2898079726077678,47,6.000000000012132,8.671278856244298,1.7722303826509713,3,0.2753469995519389,0,1.1507038267843115,0.6143310219049454,1.1344101583561888e-15
6,2,step,False,5,1.595701416217555,0.6310419390713389,0.053804243093254184,0.811757240337845,75.81195041346109,4,1.48316733780218,126,22.519072079415654,29.88031101683792,8.683883983667194,13,0.1479375325627873,0,1.1507038267843115,0.6143310219049454,1.1344101583561888e-15
6,2,step,False,6,1.5853100652539636,0.4522814028859869,0.14833105598803048,0.7215622322955737,53.4790893985892,4,1.3239819964929083,95,15.70150163594518,22.17665104791036,6.824192415075044,10,0.15234101164791602,0,1.1507038267843115,0.6143310219049454,1.1344101583561888e-15
6,2,step,False,7,0.4018957436714012,0.8223398975546059,0.5315990105554131,0.2722467318637011,96.64326979807032,4,1.184094946286352,153,38.35534284356101,51.05736478667759,7.785684768423504,14,0.11642071433089303,0,1.1507038267843115,0.6143310219049454,1.1344101583561888e-15
6,2,step,False,8,1.2700049529393447,0.1143377477026822,0.12967084321444497,0.6850481526632658,42.525822798838774,4,1.3911741521780545,73,14.049076319561006,21.802406014313025,6.152960032333694,10,0.16868561714936253,0,1.1507038267843115,0.6143310219049454,1.1344101583561888e-15
6,2,step,False,9,1.396706319763929,0.29083551530969265,0.08502041075510425,0.773700771507764,71.97134862060662,4,1.170680791268743,118,25.495321743014554,34.20870489994175,6.3560974621213,10,0.11888534972879586,0,1.1507038267843115,0.6143310219049454,1.1344101583561888e-15
6,2,step,False,10,0.7169159324718162,0.22308672799455875,0.1751292513448041,0.39889246314504756,115.49336898557972,4,1.2014671291458443,171,47.11083091890947,63.11869448121288,12.014032437350073,18,0.1752795367971123,0,1.1507038267843115,0.6143310219049454,1.1344101583561888e-15
6,2,step,False,11,2.103429569382233,0.49586866142040226,0.14969814237956675,1.1211936545110492,48.80161383275155,4,1.3789303085189457,88,13.199530473023238,17.285945341599856,3.652919025358841,7,0.12688642656789917,0,1.1507038267843115,0.6143310219049454,1.1344101583561888e-15
6,2,step,False,12,1.470954417908997,0.10867898176123285,0.04885071827081233,0.8343803663590249,75.62404581090895,4,1.283627964475052,117,25.767552787074994,37.51946704065639,9.674800531408897,13,0.12132865524337409,0,1.1507038267843115,0.6143310219049454,1.1344101583561888e-15
6,2,step,False,13,1.388642514644572,0.27305602548059993,0.11153576650856575,0.7809233377273139,40.89857424422631,4,1.2771140316097331,72,10.015433326600427,12.996172795845546,4.969304980772916,9,0.10879204469911789,0,1.1507038267843115,0.6143310219049454,1.1344101583561888e-15
6,2,step,False,14,3.7373453800473535,0.14327134451473328,0.10974758732324526,2.460869903507289,2.7073364238549575,4,4.564046198290462,8,6.000000001791705,10.551753686991937,1.0780156009349202,2,0.2515373858922297,0,1.1507038267843115,0.6143310219049454,1.1344101583561888e-15
6,2,step,False,15,0.40616906286920945,0.7022681516896603,0.43286249733228066,0.4135643299208524,50.47056557527236,4,1.434244672769924,91,13.406183998929292,21.133735023952433,4.772681843895281,8,0.2807250615639904,0,1.1507038267843115,0.6143310219049454,1.1344101583561888e-15
6,2,step,False,16,0.3890029855377656,0.7368152482180356,0.1816422785489786,0.3081396337178968,122.0736781920817,4,1.2172174899420798,178,48.449269444164024,68.66725971338981,10.005544733140766,17,0.1413427351140356,0,1.1507038267843115,0.6143310219049454,1.1344101583561888e-15
6,2,step,False,17,2.1699025667912704,0.42211969014454437,0.18857348268746224,1.2575505083726142,36.98537468571456,4,1.4482690910673952,70,8.31958409323157,11.278373944785285,4.6394777238490486,7,0.10859246584914986,0,1.1507038267843115,0.6143310219049454,1.1344101583561888e-15
6,2,step,False,18,2.1977118582756474,0.04128979482998938,0.263495552965022,1.1995074475134946,16.87004217402684,4,1.443738741870929,33,6.000000000034712,7.371773064263451,1.5765211707915592,2,0.24952296789099054,0,1.1507038267843115,0.6143310219049454,1.1344101583561888e-15
6,2,step,False,19,0.8905675226758757,0.41079231251761467,0.07690053708953833,0.5973469299301543,79.6001769273492,4,1.2791646380629778,128,27.61955841129758,38.01407460693865,8.9860086112394,12,0.13515791146007475,0,1.1507038267843115,0.6143310219049454,1.1344101583561888e-15
6,2,step,False,20,1.1310230282852698,0.510726626404098,0.13668771394466506,0.6302446691925783,74.3621311687393,4,1.4697135649056174,122,25.10935603437415,33.64172247245377,8.971365031985105,14,0.16063110679789475,0,1.1507038267843115,0.6143310219049454,1.1344101583561888e-15
6,2,step,False,21,2.0401207972277002,0.10744634954091455,0.10018629607509964,1.1638306853755096,56.20392719180741,4,1.334272943232875,93,13.86249081751275,18.417865874164857,6.606932107516386,11,0.13602558640950707,0,1.1507038267843115,0.6143310219049454,1.1344101583561888e-15
6,2,step,False,22,0.9210253947734512,0.8539794380057174,0.12253753551768862,0.5248899521282914,64.23113255828872,4,1.2918368917104768,104,27.0656291125088,36.999358089573704,6.627964564082944,9,0.2595069677764079,0,1.1507038267843115,0.6143310219049454,1.1344101583561888e-15
6,2,step,False,23,1.5776915231880368,0.3863969169769322,0.06722009441184132,0.9423351722465786,75.37873253565283,4,1.217459543327222,119,26.693942516039137,36.63993010737704,4.871763050037941,8,0.13695487649301125,0,1.1507038267843115,0.6143310219049454,1.1344101583561888e-15
6,3,step,False,0,2.54098135741418,0.3894064813445526,0.10533064186017933,1.6683342527849552,17.46057952630617,4,1.27484943904016,33,6.000000000018792,8.04828863180803,1.5707688609171744,3,0.3174605793648626,0,0.8136704790564969,0.3696720004081726,7.887399716443258e-15
6,3,step,False,1,0.7412300966119058,0.33831367540438056,0.183944991524154,0.4523221269466964,58.75002316755938,4,1.3885988138108036,102,18.010951141604806,25.27719015540207,5.285404019393518,9,0.1394828859983241,0,0.8136704790564969,0.3696720004081726,7.887399716443258e-15
6,3,step,False,2,0.2768699161868602,0.2419209238074715,0.45106349745289104,0.341659833482148,59.861531152866775,4,1.334131016019222,107,21.491719542911508,28.709088190329652,3.6135148768569545,7,0.12351026166666645,0,0.8136704790564969,0.3696720004081726,7.887399716443258e-15
6,3,step,False,3,0.49089716394589106,0.6877157586040503,0.3314081102594584,0.25780268821821556,84.03306920488411,4,1.2510632781073787,137,28.448924627675556,37.366009414121535,7.5079317861965365,12,0.11438399714111015,0,0.8136704790564969,0.3696720004081726,7.887399716443258e-15
6,3,step,False,4,0.9705931967434145,0.43261959459547716,0.3649086750788676,0.4583565544637617,19.762615612563682,4,1.2898079726077678,47,6.000000000207424,8.93573005323051,1.7722303826509713,3,0.12469759027851109,0,0.8136704790564969,0.3696720004081726,7.887399716443258e-15
6,3,step,False,5,1.595701416217555,0.6609399202282544,0.053804243093254184,0.811757240337845,75.81195041346109,4,1.48316733780218,126,23.50301853014467,31.123777243536036,8.683883983667194,13,0.08089212440878246,0,0.8136704790564969,0.3696720004081726,7.887399716443258e-15
6,3,step,False,6,1.5853100652539636,0.4734526255995209,0.14833105598803048,0.7215622322955737,53.4790893985892,4,1.3239819964929083,95,16.900242540028067,22.380715183359367,6.824192415075044,10,0.08029125540772146,0,0.8136704790564969,0.3696720004081726,7.887399716443258e-15
6,3,step,False,7,0.4018957436714012,0.775324348237855,0.5315990105554131,0.2722467318637011,96.64326979807032,4,1.184094946286352,153,39.9364414694337,52.368568482533604,7.785684768423504,14,0.10956810972296169,0,0.8136704790564969,0.3696720004081726,7.887399716443258e-15
6,3,step,False,8,1.2700049529393447,0.14912962257665915,0.12967084321444497,0.6850481526632658,42.525822798838774,4,1.3911741521780545,73,13.668592325661768,19.15037026281113,6.152960032333694,10,0.1115688360010116,0,0.8136704790564969,0.3696720004081726,7.887399716443258e-15
6,3,step,False,9,1.396706319763929,0.25526544677831364,0.08502041075510425,0.773700771507764,71.97134862060662,4,1.170680791268743,118,25.637553490487104,35.605528628458195,6.3560974621213,10,0.088141086406024,0,0.8136704790564969,0.3696720004081726,7.887399716443258e-15
6,3,step,False,10,0.7169159324718162,0.2656810423740138,0.1751292513448041,0.39889246314504756,115.49336898557972,4,1.2014671291458443,171,42.347407252585086,55.347685758730854,12.014032437350073,18,0.10856469527027529,0,0.8136704790564969,0.3696720004081726,7.887399716443258e-15
6,3,step,False,11,2.103429569382233,0.4621520757634203,0.14969814237956675,1.1211936545110492,48.80161383275155,4,1.3789303085189457,88,13.866986122951177,17.99017793208234,3.652919025358841,7,0.11537084222981647,0,0.8136704790564969,0.3696720004081726,7.887399716443258e-15
6,3,step,False,12,1.470954417908997,0.07042496139673926,0.04885071827081233,0.8343803663590249,75.62404581090895,4,1.283627964475052,117,25.691844023102316,34.862294400501234,9.674800531408897,13,0.0889614108229887,0,0.8136704790564969,0.3696720004081726,7.887399716443258e-15
6,3,step,False,13,1.388642514644572,0.3335561057296831,0.11153576650856575,0.7809233377273139,40.89857424422631,4,1.2771140316097331,72,11.92793697965979,15.758428895210983,4.969304980772916,9,0.09035473999220031,0,0.8136704790564969,0.3696720004081726,7.887399716443258e-15
6,3,step,False,14,3.7373453800473535,0.2368851673521485,0.10974758732324526,2.460869903507289,2.7073364238549575,4,4.564046198290462,8,6.00000000018067,10.28474395682227,1.0780156009349202,2,0.13247244849987022,0,0.8136704790564969,0.3696720004081726,7.887399716443258e-15
6,3,step,False,15,0.40616906286920945,0.6018232100291243,0.43286249733228066,0.4135643299208524,50.47056557527236,4,1.434244672769924,91,14.842413224265071,22.714586673323534,4.772681843895281,8,0.1319417415352207,0,0.8136704790564969,0.3696720004081726,7.887399716443258e-15
6,3,step,False,16,0.3890029855377656,0.6701225780440481,0.1816422785489786,0.3081396337178968,122.0736781920817,4,1.2172174899420798,178,46.369837872593116,62.787407284516185,10.005544733140766,17,0.13876631265208195,0,0.8136704790564969,0.3696720004081726,7.887399716443258e-15
6,3,step,False,17,2.1699025667912704,0.3524244546151846,0.18857348268746224,1.2575505083726142,36.98537468571456,4,1.4482690910673952,70,9.362874161605003,11.991013703387887,4.6394777238490486,7,0.10444431756871546,0,0.8136704790564969,0.3696720004081726,7.887399716443258e-15
6,3,step,False,18,2.1977118582756474,0.4194071460122281,0.263495552965022,1.1995074475134946,16.87004217402684,4,1.443738741870929,33,6.000000000181139,7.1398570873206735,1.5765211707915592,2,0.11802615889393712,0,0.8136704790564969,0.3696720004081726,7.887399716443258e-15
6,3,step,False,19,0.8905675226758757,0.37118268988896413,0.07690053708953833,0.5973469299301543,79.6001769273492,4,1.2791646380629778,128,25.744379425262903,33.773425905437186,8.9860086112394,12,0.10435047982338427,0,0.8136704790564969,0.3696720004081726,7.887399716443258e-15
6,3,step,False,20,1.1310230282852698,0.5277737259421146,0.13668771394466506,0.6302446691925783,74.3621311687393,4,1.4697135649056174,122,25.31068218356138,33.64756335371964,8.971365031985105,14,0.12008078470655673,0,0.8136704790564969,0.3696720004081726,7.887399716443258e-15
6,3,step,False,21,2.0401207972277002,0.14899264754937228,0.10018629607509964,1.1638306853755096,56.20392719180741,4,1.334272943232875,93,10.466170178812163,14.141172007544816,6.606932107516386,11,0.08584709047705341,0,0.8136704790564969,0.3696720004081726,7.887399716443258e-15
6,3,step,False,22,0.9210253947734512,0.874810228001689,0.12253753551768862,0.5248899521282914,64.23113255828872,4,1.2918368917104768,104,28.598438041207615,38.47076211682097,6.627964564082944,9,0.11524127395660566,0,0.8136704790564969,0.3696720004081726,7.887399716443258e-15
6,3,step,False,23,1.5776915231880368,0.4456164260536125,0.06722009441184132,0.9423351722465786,75.37873253565283,4,1.217459543327222,119,23.498240421712183,30.889546548366972,4.871763050037941,8,0.09819290524489233,0,0.8136704790564969,0.3696720004081726,7.887399716443258e-15
7,0,init,False,0,1.695893548209062,0.19760119975635204,0.19525904343548456,0.9573948863427433,53.465993280249634,4,1.2472880042483732,97,nan,nan,4.120287888145276,8,nan,0,nan,nan,nan
7,0,init,False,1,2.2857085843603824,0.25398129838684497,0.08816563490338374,1.407207050863268,33.80790741579857,4,1.3955810576463779,68,nan,nan,2.9810949166534595,5,nan,0,nan,nan,nan
7,0,init,False,2,0.7496180157712998,0.3977528924486837,0.22128192646225855,0.5188666530424966,102.02524851658946,4,1.2462523477289515,158,nan,nan,9.07717937305417,14,nan,0,nan,nan,nan
7,0,init,False,3,0.7321385464267546,0.8215721156665076,0.43061914756824915,0.4566342126644743,78.43110798093267,4,1.266839737976448,118,nan,nan,8.328805409891904,15,nan,0,nan,nan,nan
7,0,init,False,4,1.3432311769705663,0.12702639906825688,0.022440461770385334,0.9259020799765998,75.99552897688298,4,1.1526094094761743,130,nan,nan,8.62452127794918,14,nan,0,nan,nan,nan
7,0,init,False,5,2.5599472376981836,0.29465960764221066,0.12059792129482677,1.516949512907638,24.62584607685912,4,1.7856351223096008,46,nan,nan,4.010151818914064,6,nan,0,nan,nan,nan
7,0,init,False,6,2.5719546876022785,0.18098966183918358,0.0803887352418024,1.6257582648923694,25.886473484609475,4,1.3148413721217607,49,nan,nan,3.402165135515465,5,nan,0,nan,nan,nan
7,0,init,False,7,0.5562056173718655,0.9320531458282262,0.20872328781321825,0.3844420441868076,109.16931197286914,4,1.204066454109447,169,nan,nan,11.45044705075708,14,nan,0,nan,nan,nan
7,0,init,False,8,0.18965584778829725,0.9992073583735466,0.9143077372142385,0.22116256011098753,78.52859213405438,4,1.3153045139270814,121,nan,nan,9.34625701013372,14,nan,0,nan,nan,nan
7,0,init,False,9,1.7902645027757145,0.18056313175674044,0.20414307758733768,1.1345627468432873,30.051260915893067,4,1.5234981204062745,62,nan,nan,1.965315136448519,2,nan,0,nan,nan,nan
7,0,init,False,10,1.8688287133032908,0.12826986063509085,0.10160294257412553,1.164129773233636,13.875457717056847,4,1.5335676978780175,32,nan,nan,1.7723265200975988,4,nan,0,nan,nan,nan
7,0,init,False,11,1.798904448533471,0.10723916094572564,0.06039189156360905,1.01696113752201,22.526533495044212,4,1.4991487356783237,45,nan,nan,2.1093531614939183,3,nan,0,nan,nan,nan
7,0,init,False,12,1.656085565633077,0.5800198143945501,0.2418351852356281,0.9201230880504457,66.52874753848387,4,1.4668885675408487,111,nan,nan,3.0107832217690316,9,nan,0,nan,nan,nan
7,0,init,False,13,1.4164375940140463,0.5066258408982577,0.12684618222524793,0.8454071957022431,49.903785347071945,4,1.4397238092834648,87,nan,nan,5.009603394929374,8,nan,0,nan,nan,nan
7,0,init,False,14,0.9095282557893342,0.8394638739913507,0.5823441853318562,0.5919228099474745,25.982990440588615,4,1.8809392902878954,46,nan,nan,1.7702377377974834,3,nan,0,nan,nan,nan
7,0,init,False,15,0.979959092698329,0.22887891561579868,0.12345671530436549,0.6714650101740443,100.22869046624908,4,1.1588893870320889,154,nan,nan,10.158665906413292,13,nan,0,nan,nan,nan
7,0,init,False,16,0.6074272708457642,0.13050361254950205,0.15945736630496915,0.4085003650284757,114.58790735195603,4,1.2143450195914391,171,nan,nan,9.772091467122381,15,nan,0,nan,nan,nan
7,0,init,False,17,0.7090745349758502,0.9771185469408791,0.28245151927795586,0.5006839274000127,91.91038893568631,4,1.2310369715249714,147,nan,nan,9.667013588058174,16,nan,0,nan,nan,nan
7,0,init,False,18,1.6675110350894953,0.012239868407160348,0.05872379568227734,1.0925690653641356,63.257256614165854,4,1.2209103837488429,107,nan,nan,7.630103670082665,13,nan,0,nan,nan,nan
7,0,init,False,19,0.9835998101561569,0.17368073660932412,0.132463352024765,0.6627376854633845,95.24671985369999,4,1.1657662482924642,146,nan,nan,9.929635925404824,12,nan,0,nan,nan,nan
7,0,init,False,20,1.3118515925786611,0.159864428644392,0.08429378441610243,0.9235690947304813,32.39522492289318,4,1.297573357104855,59,nan,nan,4.583855728582646,7,nan,0,nan,nan,nan
7,0,init,False,21,2.4897466425669204,0.17401827659164806,0.1589147823289075,1.7721822389908501,12.877475319551785,4,1.6628685030494748,28,nan,nan,1.213309395418206,2,nan,0,nan,nan,nan
7,0,init,False,22,0.5277176915553676,0.9117642739501074,0.37647377676361277,0.3747600967617925,109.47356309689263,4,1.2290279960899777,170,nan,nan,9.514466384682287,13,nan,0,nan,nan,nan
7,0,init,False,23,2.43209115517156,0.20383107744827544,0.08425974037642406,1.4524038013586822,29.217988145921435,4,1.4840626442287876,55,nan,nan,4.552328880685266,7,nan,0,nan,nan,nan
7,1,step,False,0,1.695893548209062,0.311454138992451,0.19525904343548456,0.9573948863427433,53.465993280249634,4,1.2472880042483732,97,15.507996359957538,23.645960967002807,4.120287888145276,8,0.37406678977334545,0,1.6605951643384131,1.0,3.7659626538188887e-16
7,1,step,False,1,2.2857085843603824,0.24598938900842887,0.08816563490338374,1.407207050863268,33.80790741579857,4,1.3955810576463779,68,6.521452823460307,10.042722663536358,2.9810949166534595,5,0.3885888384645118,0,1.6605951643384131,1.0,3.7659626538188887e-16
7,1,step,False,2,0.7496180157712998,0.29098886456160933,0.22128192646225855,0.5188666530424966,102.02524851658946,4,1.2462523477289515,158,34.97049595842469,45.117098805605764,9.07717937305417,14,0.3638827581490654,0,1.6605951643384131,1.0,3.7659626538188887e-16
7,1,step,False,3,0.7321385464267546,0.8664157254877067,0.43061914756824915,0.4566342126644743,78.43110798093267,4,1.266839737976448,118,26.15095431798394,36.65837000379006,8.328805409891904,15,0.3014676291334727,0,1.6605951643384131,1.0,3.7659626538188887e-16
7,1,step,False,4,1.3432311769705663,0.12491588010722797,0.022440461770385334,0.9259020799765998,75.99552897688298,4,1.1526094094761743,130,24.44210631248285,34.81996011635408,8.62452127794918,14,0.22877826042182076,0,1.6605951643384131,1.0,3.7659626538188887e-16
7,1,step,False,5,2.5599472376981836,0.2536893371608936,0.12059792129482677,1.516949512907638,24.62584607685912,4,1.7856351223096008,46,6.000000000585682,9.516752299777842,4.010151818914064,6,0.40836377000699176,0,1.6605951643384131,1.0,3.7659626538188887e-16
7,1,step,False,6,2.5719546876022785,0.20419436945208477,0.0803887352418024,1.6257582648923694,25.886473484609475,4,1.3148413721217607,49,7.442089797589687,11.60852096269116,3.402165135515465,5,0.23307118606932103,0,1.6605951643384131,1.0,3.7659626538188887e-16
7,1,step,False,7,0.5562056173718655,0.9582968445190472,0.20872328781321825,0.3844420441868076,109.16931197286914,4,1.204066454109447,169,44.71463294585974,61.689432715257816,11.45044705075708,14,0.23460753621204827,0,1.6605951643384131,1.0,3.7659626538188887e-16
7,1,step,False,8,0.18965584778829725,0.9991593034140135,0.9143077372142385,0.22116256011098753,78.52859213405438,4,1.3153045139270814,121,23.813398992061803,33.90219620912647,9.34625701013372,14,0.23883408377139204,0,1.6605951643384131,1.0,3.7659626538188887e-16
7,1,step,False,9,1.7902645027757145,0.08032516943770539,0.20414307758733768,1.1345627468432873,30.051260915893067,4,1.5234981204062745,62,7.457892022467633,11.932053152406091,1.965315136448519,2,0.3888857165794904,0,1.6605951643384131,1.0,3.7659626538188887e-16
7,1,step,False,10,1.8688287133032908,0.2861772246077223,0.10160294257412553,1.164129773233636,13.875457717056847,4,1.5335676978780175,32,6.000000000447641,8.939572542087346,1.7723265200975988,4,0.4412954179251557,0,1.6605951643384131,1.0,3.7659626538188887e-16
7,1,step,False,11,1.798904448533471,0.15390417559326564,0.06039189156360905,1.01696113752201,22.526533495044212,4,1.4991487356783237,45,6.000000000287427,7.803363812240605,2.1093531614939183,3,0.10185067372178977,0,1.6605951643384131,1.0,3.7659626538188887e-16
7,1,step,False,12,1.656085565633077,0.7214912516152788,0.2418351852356281,0.9201230880504457,66.52874753848387,4,1.4668885675408487,111,22.07633146972727,31.83853491192256,3.0107832217690316,9,0.17933638804855667,0,1.6605951643384131,1.0,3.7659626538188887e-16
7,1,step,False,13,1.4164375940140463,0.5734727414819673,0.12684618222524793,0.8454071957022431,49.903785347071945,4,1.4397238092834648,87,9.722569566055254,14.735965812203196,5.009603394929374,8,0.28722307777454353,0,1.6605951643384131,1.0,3.7659626538188887e-16
7,1,step,False,14,0.9095282557893342,0.9250666688595321,0.5823441853318562,0.5919228099474745,25.982990440588615,4,1.8809392902878954,46,7.198143495626002,10.72591774988459,1.7702377377974834,3,0.10017454909797699,0,1.6605951643384131,1.0,3.7659626538188887e-16
7,1,step,False,15,0.979959092698329,0.10782987996864074,0.12345671530436549,0.6714650101740443,100.22869046624908,4,1.1588893870320889,154,38.69873344675015,53.853702182277424,10.158665906413292,13,0.36041903004657344,0,1.6605951643384131,1.0,3.7659626538188887e-16
7,1,step,False,16,0.6074272708457642,0.03946627477590607,0.15945736630496915,0.4085003650284757,114.58790735195603,4,1.2143450195914391,171,48.0641338327472,67.445561422251,9.772091467122381,15,0.36289227545928326,0,1.6605951643384131,1.0,3.7659626538188887e-16
7,1,step,False,17,0.7090745349758502,0.9881110024014984,0.28245151927795586,0.5006839274000127,91.91038893568631,4,1.2310369715249714,147,30.956332724561626,42.95449234441716,9.667013588058174,16,0.23232816213365795,0,1.6605951643384131,1.0,3.7659626538188887e-16
7,1,step,False,18,1.6675110350894953,0.08964689458468802,0.05872379568227734,1.0925690653641356,63.257256614165854,4,1.2209103837488429,107,18.308987459315652,24.98037696756598,7.630103670082665,13,0.22762246401119013,0,1.6605951643384131,1.0,3.7659626538188887e-16
7,1,step,False,19,0.9835998101561569,0.07003328846149799,0.132463352024765,0.6627376854633845,95.24671985369999,4,1.1657662482924642,146,38.0516721386496,53.05114956342134,9.929635925404824,12,0.35953397830422723,0,1.6605951643384131,1.0,3.7659626538188887e-16
7,1,step,False,20,1.3118515925786611,0.17042683324438107,0.08429378441610243,0.9235690947304813,32.39522492289318,4,1.297573357104855,59,9.105175267293191,13.6607547925201,4.583855728582646,7,0.2301402969512445,0,1.6605951643384131,1.0,3.7659626538188887e-16
7,1,step,False,21,2.4897466425669204,0.15139208254632297,0.1589147823289075,1.7721822389908501,12.877475319551785,4,1.6628685030494748,28,6.000000000144624,9.185863555411789,1.213309395418206,2,0.3721614838861201,0,1.6605951643384131,1.0,3.7659626538188887e-16
7,1,step,False,22,0.5277176915553676,0.9605078293751577,0.37647377676361277,0.3747600967617925,109.47356309689263,4,1.2290279960899777,170,41.3399474802764,56.28471301796256,9.514466384682287,13,0.29718518597630444,0,1.6605951643384131,1.0,3.7659626538188887e-16
7,1,step,False,23,2.43209115517156,0.26218253359676774,0.08425974037642406,1.4524038013586822,29.217988145921435,4,1.4840626442287876,55,8.548061119125059,13.752532896366455,4.552328880685266,7,0.4138977706782316,0,1.6605951643384131,1.0,3.7659626538188887e-16
7,2,step,False,0,1.695893548209062,0.1960981677901217,0.19525904343548456,0.9573948863427433,53.465993280249634,4,1.2472880042483732,97,12.633787809665971,17.844246553269436,4.120287888145276,8,0.33352218296672775,0,1.1742181015092812,0.6087275892496109,9.11727201659516e-16
7,2,step,False,1,2.2857085843603824,0.1811580061745465,0.08816563490338374,1.407207050863268,33.80790741579857,4,1.3955810576463779,68,6.5204478990661086,9.192847307161811,2.9810949166534595,5,0.18915732145201472,0,1.1742181015092812,0.6087275892496109,9.11727201659516e-16
7,2,step,False,2,0.7496180157712998,0.41362409815012124,0.22128192646225855,0.5188666530424966,102.02524851658946,4,1.2462523477289515,158,36.32963187072839,48.74506565563642,9.07717937305417,14,0.18052662705405942,0,1.1742181015092812,0.6087275892496109,9.11727201659516e-16
7,2,step,False,3,0.7321385464267546,0.7926845204685198,0.43061914756824915,0.4566342126644743,78.43110798093267,4,1.266839737976448,118,28.681966116053296,39.377775050455,8.328805409891904,15,0.17217145247130217,0,1.1742181015092812,0.6087275892496109,9.11727201659516e-16
7,2,step,False,4,1.3432311769705663,0.15237876382286644,0.022440461770385334,0.9259020799765998,75.99552897688298,4,1.1526094094761743,130,19.777027734199763,25.261885222721542,8.62452127794918,14,0.16636120632020945,0,1.1742181015092812,0.6087275892496109,9.11727201659516e-16
7,2,step,False,5,2.5599472376981836,0.27929941775616346,0.12059792129482677,1.516949512907638,24.62584607685912,4,1.7856351223096008,46,6.000000000580942,8.99880153436516,4.010151818914064,6,0.2216923129345507,0,1.1742181015092812,0.6087275892496109,9.11727201659516e-16
7,2,step,False,6,2.5719546876022785,0.2229727904455012,0.0803887352418024,1.6257582648923694,25.886473484609475,4,1.3148413721217607,49,6.000000000368978,8.30035552011943,3.402165135515465,5,0.1706683282815749,0,1.1742181015092812,0.6087275892496109,9.11727201659516e-16
7,2,step,False,7,0.5562056173718655,0.8897316124912876,0.20872328781321825,0.3844420441868076,109.16931197286914,4,1.204066454109447,169,45.8061773240752,61.38578707617461,11.45044705075708,14,0.16666194716402644,0,1.1742181015092812,0.6087275892496109,9.11727201659516e-16
7,2,step,False,8,0.18965584778829725,0.990298966017916,0.9143077372142385,0.22116256011098753,78.52859213405438,4,1.3153045139270814,121,27.602745280762292,39.57854447075724,9.34625701013372,14,0.16729654997892443,0,1.1742181015092812,0.6087275892496109,9.11727201659516e-16
7,2,step,False,9,1.7902645027757145,0.07219933482143112,0.20414307758733768,1.1345627468432873,30.051260915893067,4,1.5234981204062745,62,7.574406524814369,11.488722706298764,1.965315136448519,2,0.27669865294246887,0,1.1742181015092812,0.6087275892496109,9.11727201659516e-16
7,2,step,False,10,1.8688287133032908,0.23015231437736514,0.10160294257412553,1.164129773233636,13.875457717056847,4,1.5335676978780175,32,6.000000000254751,9.557588064140853,1.7723265200975988,4,0.19645348706057603,0,1.1742181015092812,0.6087275892496109,9.11727201659516e-16
7,2,step,False,11,1.798904448533471,0.14716148026298928,0.06039189156360905,1.01696113752201,22.526533495044212,4,1.4991487356783237,45,6.000000000162781,7.9112822984581355,2.1093531614939183,3,0.11112447585107357,0,1.1742181015092812,0.6087275892496109,9.11727201659516e-16
7,2,step,False,12,1.656085565633077,0.646681288391772,0.2418351852356281,0.9201230880504457,66.52874753848387,4,1.4668885675408487,111,23.46903196515889,34.908784255611614,3.0107832217690316,9,0.16389585242365962,0,1.1742181015092812,0.6087275892496109,9.11727201659516e-16
7,2,step,False,13,1.4164375940140463,0.17970104562396524,0.12684618222524793,0.8454071957022431,49.903785347071945,4,1.4397238092834648,87,12.453831247698492,19.21759761498674,5.009603394929374,8,0.18478413713396466,0,1.1742181015092812,0.6087275892496109,9.11727201659516e-16
7,2,step,False,14,0.9095282557893342,0.9738827659360167,0.5823441853318562,0.5919228099474745,25.982990440588615,4,1.8809392902878954,46,7.337420012966187,10.662168865925924,1.7702377377974834,3,0.1782988853608947,0,1.1742181015092812,0.6087275892496109,9.11727201659516e-16
7,2,step,False,15,0.979959092698329,0.21277958072646355,0.12345671530436549,0.6714650101740443,100.22869046624908,4,1.1588893870320889,154,36.62296457558086,50.607837256905015,10.158665906413292,13,0.21370354192170654,0,1.1742181015092812,0.6087275892496109,9.11727201659516e-16
7,2,step,False,16,0.6074272708457642,0.17375668217018655,0.15945736630496915,0.4085003650284757,114.58790735195603,4,1.2143450195914391,171,47.02087011468511,65.16374788696253,9.772091467122381,15,0.1832461710439433,0,1.1742181015092812,0.6087275892496109,9.11727201659516e-16
7,2,step,False,17,0.7090745349758502,0.962823323506453,0.28245151927795586,0.5006839274000127,91.91038893568631,4,1.2310369715249714,147,34.965023185834845,48.383717695048134,9.667013588058174,16,0.16301284458872156,0,1.1742181015092812,0.6087275892496109,9.11727201659516e-16
7,2,step,False,18,1.6675110350894953,0.0686180706734675,0.05872379568227734,1.0925690653641356,63.257256614165854,4,1.2209103837488429,107,17.55920478910052,23.688565753097514,7.630103670082665,13,0.16652709786935377,0,1.1742181015092812,0.6087275892496109,9.11727201659516e-16
7,2,step,False,19,0.9835998101561569,0.14615599616955846,0.132463352024765,0.6627376854633845,95.24671985369999,4,1.1657662482924642,146,34.992149479419716,48.01121509289312,9.929635925404824,12,0.2131531061975841,0,1.1742181015092812,0.6087275892496109,9.11727201659516e-16
7,2,step,False,20,1.3118515925786611,0.15294403070526827,0.08429378441610243,0.9235690947304813,32.39522492289318,4,1.297573357104855,59,10.440700021929443,14.664619353461621,4.583855728582646,7,0.16618476956765563,0,1.1742181015092812,0.6087275892496109,9.11727201659516e-16
7,2,step,False,21,2.4897466425669204,0.20870321191467622,0.1589147823289075,1.7721822389908501,12.877475319551785,4,1.6628685030494748,28,6.000000000541557,9.85927883170482,1.213309395418206,2,0.4715621759238138,0,1.1742181015092812,0.6087275892496109,9.11727201659516e-16
7,2,step,False,22,0.5277176915553676,0.8739609511689146,0.37647377676361277,0.3747600967617925,109.47356309689263,4,1.2290279960899777,170,42.89832345302033,58.65722339619566,9.514466384682287,13,0.1781332554434181,0,1.1742181015092812,0.6087275892496109,9.11727201659516e-16
7,2,step,False,23,2.43209115517156,0.2350740879223259,0.08425974037642406,1.4524038013586822,29.217988145921435,4,1.4840626442287876,55,7.244393108213637,9.759268527971871,4.552328880685266,7,0.2210394091353261,0,1.1742181015092812,0.6087275892496109,9.11727201659516e-16
7,3,step,False,0,1.695893548209062,0.16517845226411038,0.19525904343548456,0.9573948863427433,53.465993280249634,4,1.2472880042483732,97,12.965981848741896,17.10089260709701,4.120287888145276,8,0.16592858441444436,0,0.8302975821692065,0.36794276535511017,2.037103407705662e-15
7,3,step,False,1,2.2857085843603824,0.2323352465049387,0.08816563490338374,1.407207050863268,33.80790741579857,4,1.3955810576463779,68,6.5774530075578195,8.683935194813706,2.9810949166534595,5,0.1803926160130047,0,0.8302975821692065,0.36794276535511017,2.037103407705662e-15
7,3,step,False,2,0.7496180157712998,0.4153265803614276,0.22128192646225855,0.5188666530424966,102.02524851658946,4,1.2462523477289515,158,37.27996063049127,49.9045070561844,9.07717937305417,14,0.10341437779534708,0,0.8302975821692065,0.36794276535511017,2.037103407705662e-15
7,3,step,False,3,0.7321385464267546,0.7956670916833599,0.43061914756824915,0.4566342126644743,78.43110798093267,4,1.266839737976448,118,32.528871584063474,45.34707720359657,8.328805409891904,15,0.11863561526862706,0,0.8302975821692065,0.36794276535511017,2.037103407705662e-15
7,3,step,False,4,1.3432311769705663,0.10609366239636878,0.022440461770385334,0.9259020799765998,75.99552897688298,4,1.1526094094761743,130,19.929679993048595,24.695448903470908,8.62452127794918,14,0.09096379096938906,0,0.8302975821692065,0.36794276535511017,2.037103407705662e-15
7,3,step,False,5,2.5599472376981836,0.3012734727363863,0.12059792129482677,1.516949512907638,24.62584607685912,4,1.7856351223096008,46,6.000000000093114,8.429006877654675,4.010151818914064,6,0.11466411087659104,0,0.8302975821692065,0.36794276535511017,2.037103407705662e-15
7,3,step,False,6,2.5719546876022785,0.23730506426516057,0.0803887352418024,1.6257582648923694,25.886473484609475,4,1.3148413721217607,49,6.000000000116687,7.8084361885100275,3.402165135515465,5,0.08662702980735736,0,0.8302975821692065,0.36794276535511017,2.037103407705662e-15
7,3,step,False,7,0.5562056173718655,0.9105879276759421,0.20872328781321825,0.3844420441868076,109.16931197286914,4,1.204066454109447,169,43.056694083769315,55.77108880255913,11.45044705075708,14,0.11942521508198715,0,0.8302975821692065,0.36794276535511017,2.037103407705662e-15
7,3,step,False,8,0.18965584778829725,0.969946479327521,0.9143077372142385,0.22116256011098753,78.52859213405438,4,1.3153045139270814,121,32.27520130954771,46.40115237420909,9.34625701013372,14,0.11737793171941312,0,0.8302975821692065,0.36794276535511017,2.037103407705662e-15
7,3,step,False,9,1.7902645027757145,0.07922958041015354,0.20414307758733768,1.1345627468432873,30.051260915893067,4,1.5234981204062745,62,8.805273428798282,14.052323540094367,1.965315136448519,2,0.16317415875285807,0,0.8302975821692065,0.36794276535511017,2.037103407705662e-15
7,3,step,False,10,1.8688287133032908,0.137328403014692,0.10160294257412553,1.164129773233636,13.875457717056847,4,1.5335676978780175,32,6.000000000005427,9.705051996161409,1.7723265200975988,4,0.1687685716377279,0,0.8302975821692065,0.36794276535511017,2.037103407705662e-15
7,3,step,False,11,1.798904448533471,0.09106199241845574,0.06039189156360905,1.01696113752201,22.526533495044212,4,1.4991487356783237,45,6.5004024835589,9.644717374697997,2.1093531614939183,3,0.10369988056315667,0,0.8302975821692065,0.36794276535511017,2.037103407705662e-15
7,3,step,False,12,1.656085565633077,0.33876137707055604,0.2418351852356281,0.9201230880504457,66.52874753848387,4,1.4668885675408487,111,20.81092645333353,30.437567957102985,3.0107832217690316,9,0.11552438207484857,0,0.8302975821692065,0.36794276535511017,2.037103407705662e-15
7,3,step,False,13,1.4164375940140463,0.15014931259629663,0.12684618222524793,0.8454071957022431,49.903785347071945,4,1.4397238092834648,87,12.556118685516331,18.690964403030076,5.009603394929374,8,0.1609457841132156,0,0.8302975821692065,0.36794276535511017,2.037103407705662e-15
7,3,step,False,14,0.9095282557893342,0.9181051695585619,0.5823441853318562,0.5919228099474745,25.982990440588615,4,1.8809392902878954,46,7.131478193956182,10.62496291409927,1.7702377377974834,3,0.1162248944774106,0,0.8302975821692065,0.36794276535511017,2.037103407705662e-15
7,3,step,False,15,0.979959092698329,0.2704830922797886,0.12345671530436549,0.6714650101740443,100.22869046624908,4,1.1588893870320889,154,33.675778348994626,45.49146741644673,10.158665906413292,13,0.11534780486652384,0,0.8302975821692065,0.36794276535511017,2.037103407705662e-15
7,3,step,False,16,0.6074272708457642,0.21515502946080042,0.15945736630496915,0.4085003650284757,114.58790735195603,4,1.2143450195914391,171,47.23710428767582,62.01874139208473,9.772091467122381,15,0.09574331230784201,0,0.8302975821692065,0.36794276535511017,2.037103407705662e-15
7,3,step,False,17,0.7090745349758502,0.9730221295182458,0.28245151927795586,0.5006839274000127,91.91038893568631,4,1.2310369715249714,147,36.1875384870134,50.092825251832814,9.667013588058174,16,0.1245947603904587,0,0.8302975821692065,0.36794276535511017,2.037103407705662e-15
7,3,step,False,18,1.6675110350894953,0.1364391613736879,0.05872379568227734,1.0925690653641356,63.257256614165854,4,1.2209103837488429,107,16.50700933687019,22.36383623733784,7.630103670082665,13,0.09803375759611772,0,0.8302975821692065,0.36794276535511017,2.037103407705662e-15
7,3,step,False,19,0.9835998101561569,0.20353284081878334,0.132463352024765,0.6627376854633845,95.24671985369999,4,1.1657662482924642,146,31.61940048927837,42.87855609771549,9.929635925404824,12,0.11520779033357481,0,0.8302975821692065,0.36794276535511017,2.037103407705662e-15
7,3,step,False,20,1.3118515925786611,0.19103223240563885,0.08429378441610243,0.9235690947304813,32.39522492289318,4,1.297573357104855,59,10.718554801693333,13.703790759366909,4.583855728582646,7,0.08959099498234784,0,0.8302975821692065,0.36794276535511017,2.037103407705662e-15
7,3,step,False,21,2.4897466425669204,0.35119503064753793,0.1589147823289075,1.7721822389908501,12.877475319551785,4,1.6628685030494748,28,6.0000000002057865,8.778985611150427,1.213309395418206,2,0.1781764957486687,0,0.8302975821692065,0.36794276535511017,2.037103407705662e-15
7,3,step,False,22,0.5277176915553676,0.8152787830894566,0.37647377676361277,0.3747600967617925,109.47356309689263,4,1.2290279960899777,170,41.87897002936919,56.636419752614884,9.514466384682287,13,0.13015969856263893,0,0.8302975821692065,0.36794276535511017,2.037103407705662e-15
7,3,step,False,23,2.43209115517156,0.22978555546501453,0.08425974037642406,1.4524038013586822,29.217988145921435,4,1.4840626442287876,55,6.899851353630433,8.436355919480683,4.552328880685266,7,0.10921973786545643,0,0.8302975821692065,0.36794276535511017,2.037103407705662e-15
8,0,init,False,0,1.0378506748875693,0.45802339986954077,0.12303605294879973,0.6012933781725471,80.38713347296193,4,1.2026616870824982,131,nan,nan,6.409736394929717,11,nan,0,nan,nan,nan
8,0,init,False,1,0.6716561569208681,0.11598191499555346,0.12568697732852122,0.30461582712940066,110.66944159046545,4,1.1833399203270567,160,nan,nan,9.619335184444632,16,nan,0,nan,nan,nan
8,0,init,False,2,2.0226041686187917,0.2510047059261982,0.16904517333489255,1.2580471060144989,27.076090029182133,4,1.4261710912871275,57,nan,nan,2.638891193165522,4,nan,0,nan,nan,nan
8,0,init,False,3,0.7777394701992171,0.8048987272416314,0.24949333439569482,0.3828333536828489,91.31304504135807,4,1.2207595593000429,140,nan,nan,6.101495755763271,9,nan,0,nan,nan,nan
8,0,init,False,4,0.47784343743739227,0.76821657164478,0.41991478051445036,0.2921728391935947,101.21065763451463,4,1.28146989511169,148,nan,nan,10.324470345173227,15,nan,0,nan,nan,nan
8,0,init,False,5,0.6531959063139913,0.36059560125529244,0.23445463581716386,0.40453578366524134,42.28914634096264,4,1.2983931169285168,76,nan,nan,2.65364998644303,6,nan,0,nan,nan,nan
8,0,init,False,6,1.1350102603683618,0.49850423908859126,0.2129847451316913,0.6711400654645836,53.62026537984196,4,1.208308728279306,99,nan,nan,4.369238642451686,11,nan,0,nan,nan,nan
8,0,init,False,7,1.0600535721639959,0.1865634275593583,0.26565181881205935,0.8035658186694545,55.050758548392636,4,1.3889876218895796,91,nan,nan,6.062794397403266,10,nan,0,nan,nan,nan
8,0,init,False,8,1.8614204865315083,0.1518414472312305,0.10258853602998527,1.1101139028193139,52.453877476051616,4,1.254462317202486,94,nan,nan,2.807739901970866,5,nan,0,nan,nan,nan
8,0,init,False,9,3.20983498587541,0.1151591637819622,0.1151591637819622,2.190695482201376,3.6738970218116878,4,3.0083351974084533,8,nan,nan,1.0,1,nan,0,nan,nan,nan
8,0,init,False,10,0.8302344040252218,0.15089606490060645,0.3024570668814359,0.4864733974997199,89.28078021085307,4,1.1786060088213433,135,nan,nan,8.645620349730331,12,nan,0,nan,nan,nan
8,0,init,False,11,0.2031161972728973,0.8451885246726276,0.3539489107395197,0.14607377248674752,120.36043469189067,4,1.169915737059017,171,nan,nan,13.1426093350954,19,nan,0,nan,nan,nan
8,0,init,False,12,0.8087519726279173,0.05112581990539686,0.11464679184858678,0.46289950586347306,77.21598082614605,4,1.2865793629860431,127,nan,nan,9.634082022018477,17,nan,0,nan,nan,nan
8,0,init,False,13,2.043123899298297,0.20905757180360185,0.07303363955223752,1.3078200303194811,38.77488469774087,4,1.517674082475266,76,nan,nan,4.266241509095584,9,nan,0,nan,nan,nan
8,0,init,False,14,0.951778082041314,0.9880837862466026,0.3592729885583885,0.3889981400938256,38.09994319474929,4,1.6056901379588442,71,nan,nan,2.387540199667094,7,nan,0,nan,nan,nan
8,0,init,False,15,0.4172505094214615,0.7568941127753871,0.40757618048955757,0.26996132229601627,74.19146716210743,4,1.2295859775099058,124,nan,nan,6.029325570241431,12,nan,0,nan,nan,nan
8,0,init,False,16,0.35411392282486276,0.5237864545894889,0.4457385179352675,0.2478574893369517,96.19237975674679,4,1.3103526701279253,153,nan,nan,10.988107511941076,16,nan,0,nan,nan,nan
8,0,init,False,17,1.5646563512603404,0.03210999259904685,0.09669025035476168,0.8270807471974078,64.84271274356155,4,1.2130484449046435,119,nan,nan,8.35214717726898,12,nan,0,nan,nan,nan
8,0,init,False,18,1.8032365558301429,0.08958084848104168,0.07677892529708916,1.0547730329039768,41.454124403351656,4,1.4494181781835445,79,nan,nan,5.111442043284658,9,nan,0,nan,nan,nan
8,0,init,False,19,2.8305949396715846,0.038202053313304056,0.06984983268365177,1.7313165651532458,10.812960344088546,4,2.2426472127309065,24,nan,nan,1.938532512655518,2,nan,0,nan,nan,nan
8,0,init,False,20,0.5059941463453863,0.32635195609384954,0.34014327200290284,0.3536446661180881,51.6561043131468,4,1.437951901754448,90,nan,nan,7.079871112193736,11,nan,0,nan,nan,nan
8,0,init,False,21,1.8806394974673035,0.15035348662160256,0.16694469810097767,1.3255865032424996,10.13580479948925,4,2.330469541565189,18,nan,nan,1.1764279143543734,2,nan,0,nan,nan,nan
8,0,init,False,22,1.0642945010013232,0.7947545704502638,0.4400458830570237,0.733282986456121,50.29420951461046,4,1.385653510564346,83,nan,nan,6.580376277905314,10,nan,0,nan,nan,nan
8,0,init,False,23,1.6477180246523284,0.19322267987555658,0.06168240977399816,0.9798373699576436,58.943900805974884,4,1.2586679152456106,98,nan,nan,6.680324662802827,10,nan,0,nan,nan,nan
8,1,step,False,0,1.0378506748875693,0.4347877712671511,0.12303605294879973,0.6012933781725471,80.38713347296193,4,1.2026616870824982,131,21.895530188516656,31.773846515058782,6.409736394929717,11,0.2583027167434502,0,1.6121988453621614,1.0,3.5077902387650077e-07
8,1,step,False,1,0.6716561569208681,0.0920573925844101,0.12568697732852122,0.30461582712940066,110.66944159046545,4,1.1833399203270567,160,49.55694500252269,66.71685685704648,9.619335184444632,16,0.29407291419694104,0,1.6121988453621614,1.0,3.5077902387650077e-07
8,1,step,False,2,2.0226041686187917,0.24636615799280356,0.16904517333489255,1.2580471060144989,27.076090029182133,4,1.4261710912871275,57,6.000000000348885,9.8368651932781,2.638891193165522,4,0.3422706909319361,0,1.6121988453621614,1.0,3.5077902387650077e-07
8,1,step,False,3,0.7777394701992171,0.7475157945862287,0.24949333439569482,0.3828333536828489,91.31304504135807,4,1.2207595593000429,140,29.742003550379085,42.17284181741827,6.101495755763271,9,0.2942845363632173,0,1.6121988453621614,1.0,3.5077902387650077e-07
8,1,step,False,4,0.47784343743739227,0.7824189713373892,0.41991478051445036,0.2921728391935947,101.21065763451463,4,1.28146989511169,148,40.94693627248696,53.84363168088366,10.324470345173227,15,0.2935059828153602,0,1.6121988453621614,1.0,3.5077902387650077e-07
8,1,step,False,5,0.6531959063139913,0.33022854054394457,0.23445463581716386,0.40453578366524134,42.28914634096264,4,1.2983931169285168,76,11.908013492864018,16.06636886178867,2.65364998644303,6,0.19492945874253712,0,1.6121988453621614,1.0,3.5077902387650077e-07
8,1,step,False,6,1.1350102603683618,0.4215258752506541,0.2129847451316913,0.6711400654645836,53.62026537984196,4,1.208308728279306,99,15.932256040150145,22.7157232365763,4.369238642451686,11,0.19348913698902334,0,1.6121988453621614,1.0,3.5077902387650077e-07
8,1,step,False,7,1.0600535721639959,0.21697732203129344,0.26565181881205935,0.8035658186694545,55.050758548392636,4,1.3889876218895796,91,15.858418246996337,23.45324563561238,6.062794397403266,10,0.24474678159324365,0,1.6121988453621614,1.0,3.5077902387650077e-07
8,1,step,False,8,1.8614204865315083,0.14873122759340449,0.10258853602998527,1.1101139028193139,52.453877476051616,4,1.254462317202486,94,13.79309044455039,19.957087272632027,2.807739901970866,5,0.353119810280452,0,1.6121988453621614,1.0,3.5077902387650077e-07
8,1,step,False,9,3.20983498587541,0.1204457669734721,0.1151591637819622,2.190695482201376,3.6738970218116878,4,3.0083351974084533,8,6.000000000171458,9.293328704746289,1.0,1,0.666304873318786,0,1.6121988453621614,1.0,3.5077902387650077e-07
8,1,step,False,10,0.8302344040252218,0.06057233832948863,0.3024570668814359,0.4864733974997199,89.28078021085307,4,1.1786060088213433,135,38.61697558121317,50.91782272811072,8.645620349730331,12,0.25730433010820686,0,1.6121988453621614,1.0,3.5077902387650077e-07
8,1,step,False,11,0.2031161972728973,0.8200447402071988,0.3539489107395197,0.14607377248674752,120.36043469189067,4,1.169915737059017,171,50.37931935446912,69.77606203896397,13.1426093350954,19,0.2858266418793056,0,1.6121988453621614,1.0,3.5077902387650077e-07
8,1,step,False,12,0.8087519726279173,0.16476467300419348,0.11464679184858678,0.46289950586347306,77.21598082614605,4,1.2865793629860431,127,27.021026391348087,36.56102216299682,9.634082022018477,17,0.31467926225940823,0,1.6121988453621614,1.0,3.5077902387650077e-07
8,1,step,False,13,2.043123899298297,0.4698306146532569,0.07303363955223752,1.3078200303194811,38.77488469774087,4,1.517674082475266,76,10.464119750646459,14.930083598844334,4.266241509095584,9,0.13755891432361084,0,1.6121988453621614,1.0,3.5077902387650077e-07
8,1,step,False,14,0.951778082041314,0.9822075427241344,0.3592729885583885,0.3889981400938256,38.09994319474929,4,1.6056901379588442,71,8.333591829611837,12.23917254789896,2.387540199667094,7,0.17874716479107283,0,1.6121988453621614,1.0,3.5077902387650077e-07
8,1,step,False,15,0.4172505094214615,0.7970398954918174,0.40757618048955757,0.26996132229601627,74.19146716210743,4,1.2295859775099058,124,23.317026386953245,32.89669488422646,6.029325570241431,12,0.2625468583746328,0,1.6121988453621614,1.0,3.5077902387650077e-07
8,1,step,False,16,0.35411392282486276,0.534872117096555,0.4457385179352675,0.2478574893369517,96.19237975674679,4,1.3103526701279253,153,34.02945447329896,47.093222834729005,10.988107511941076,16,0.3106410630557607,0,1.6121988453621614,1.0,3.5077902387650077e-07
8,1,step,False,17,1.5646563512603404,0.13090782002692838,0.09669025035476168,0.8270807471974078,64.84271274356155,4,1.2130484449046435,119,19.250993136177776,27.888448601148742,8.35214717726898,12,0.3033217256357071,0,1.6121988453621614,1.0,3.5077902387650077e-07
8,1,step,False,18,1.8032365558301429,0.05996309367530114,0.07677892529708916,1.0547730329039768,41.454124403351656,4,1.4494181781835445,79,10.001866587350095,14.388125540199326,5.111442043284658,9,0.27971995948394884,0,1.6121988453621614,1.0,3.5077902387650077e-07
8,1,step,False,19,2.8305949396715846,0.07385468023676994,0.06984983268365177,1.7313165651532458,10.812960344088546,4,2.2426472127309065,24,6.000000000503581,8.64036739844342,1.938532512655518,2,0.5771081293743973,0,1.6121988453621614,1.0,3.5077902387650077e-07
8,1,step,False,20,0.5059941463453863,0.3444336250416541,0.34014327200290284,0.3536446661180881,51.6561043131468,4,1.437951901754448,90,15.275048253119522,20.235477680902225,7.079871112193736,11,0.3051981757714949,0,1.6121988453621614,1.0,3.5077902387650077e-07
8,1,step,False,21,1.8806394974673035,0.2091392495648022,0.16694469810097767,1.3255865032424996,10.13580479948925,4,2.330469541565189,18,6.000000000383482,8.970348103672075,1.1764279143543734,2,0.44146231819540976,0,1.6121988453621614,1.0,3.5077902387650077e-07
8,1,step,False,22,1.0642945010013232,0.7182097403046506,0.4400458830570237,0.733282986456121,50.29420951461046,4,1.385653510564346,83,15.498274758050524,22.790112885775397,6.580376277905314,10,0.27357022091261846,0,1.6121988453621614,1.0,3.5077902387650077e-07
8,1,step,False,23,1.6477180246523284,0.10939408194468574,0.06168240977399816,0.9798373699576436,58.943900805974884,4,1.2586679152456106,98,17.498453573059592,24.57219512039844,6.680324662802827,10,0.30222053602828597,0,1.6121988453621614,1.0,3.5077902387650077e-07
8,2,step,False,0,1.0378506748875693,0.45327767293011506,0.12303605294879973,0.6012933781725471,80.38713347296193,4,1.2026616870824982,131,23.191611828896956,33.046106818675455,6.409736394929717,11,0.19493480190413015,0,1.1399967361767063,0.6153179556131363,2.0651075759533816e-15
8,2,step,False,1,0.6716561569208681,0.052469592702671375,0.12568697732852122,0.30461582712940066,110.66944159046545,4,1.1833399203270567,160,49.12985364223063,63.194009372183984,9.619335184444632,16,0.181183156266923,0,1.1399967361767063,0.6153179556131363,2.0651075759533816e-15
8,2,step,False,2,2.0226041686187917,0.3551513500462099,0.16904517333489255,1.2580471060144989,27.076090029182133,4,1.4261710912871275,57,6.00000000062909,9.57658063419761,2.638891193165522,4,0.22842231733659984,0,1.1399967361767063,0.6153179556131363,2.0651075759533816e-15
8,2,step,False,3,0.7777394701992171,0.6836167627352557,0.24949333439569482,0.3828333536828489,91.31304504135807,4,1.2207595593000429,140,34.90454671076025,49.21671952211412,6.101495755763271,9,0.1571631428363567,0,1.1399967361767063,0.6153179556131363,2.0651075759533816e-15
8,2,step,False,4,0.47784343743739227,0.7910778237827981,0.41991478051445036,0.2921728391935947,101.21065763451463,4,1.28146989511169,148,41.41283115543193,54.195239140860686,10.324470345173227,15,0.2297070164807585,0,1.1399967361767063,0.6153179556131363,2.0651075759533816e-15
8,2,step,False,5,0.6531959063139913,0.23825946053131075,0.23445463581716386,0.40453578366524134,42.28914634096264,4,1.2983931169285168,76,12.687250622612558,18.521284041593862,2.65364998644303,6,0.20030744830528008,0,1.1399967361767063,0.6153179556131363,2.0651075759533816e-15
8,2,step,False,6,1.1350102603683618,0.42359298287455394,0.2129847451316913,0.6711400654645836,53.62026537984196,4,1.208308728279306,99,15.908597711238583,22.24783655882228,4.369238642451686,11,0.14451693957069955,0,1.1399967361767063,0.6153179556131363,2.0651075759533816e-15
8,2,step,False,7,1.0600535721639959,0.2997016577825662,0.26565181881205935,0.8035658186694545,55.050758548392636,4,1.3889876218895796,91,16.790658644512984,25.098054502106482,6.062794397403266,10,0.14075134931333189,0,1.1399967361767063,0.6153179556131363,2.0651075759533816e-15
8,2,step,False,8,1.8614204865315083,0.06599682705032703,0.10258853602998527,1.1101139028193139,52.453877476051616,4,1.254462317202486,94,10.58783600549707,15.382652646920512,2.807739901970866,5,0.22978110849106928,0,1.1399967361767063,0.6153179556131363,2.0651075759533816e-15
8,2,step,False,9,3.20983498587541,0.12118289764298236,0.1151591637819622,2.190695482201376,3.6738970218116878,4,3.0083351974084533,8,6.000000000244763,8.890719742572786,1.0,1,0.6078406877228336,0,1.1399967361767063,0.6153179556131363,2.0651075759533816e-15
8,2,step,False,10,0.8302344040252218,0.10865710057811978,0.3024570668814359,0.4864733974997199,89.28078021085307,4,1.1786060088213433,135,38.04133628134862,50.28063545395001,8.645620349730331,12,0.14860056935175944,0,1.1399967361767063,0.6153179556131363,2.0651075759533816e-15
8,2,step,False,11,0.2031161972728973,0.8071797186807147,0.3539489107395197,0.14607377248674752,120.36043469189067,4,1.169915737059017,171,49.31857738512847,68.05279386111172,13.1426093350954,19,0.1832595260086267,0,1.1399967361767063,0.6153179556131363,2.0651075759533816e-15
8,2,step,False,12,0.8087519726279173,0.1793793786931504,0.11464679184858678,0.46289950586347306,77.21598082614605,4,1.2865793629860431,127,26.966439704789554,37.84021685772075,9.634082022018477,17,0.25231604526042356,0,1.1399967361767063,0.6153179556131363,2.0651075759533816e-15
8,2,step,False,13,2.043123899298297,0.5300977872653612,0.07303363955223752,1.3078200303194811,38.77488469774087,4,1.517674082475266,76,8.038752148621885,11.32676221906418,4.266241509095584,9,0.17292238496212764,0,1.1399967361767063,0.6153179556131363,2.0651075759533816e-15
8,2,step,False,14,0.951778082041314,0.9872949335415871,0.3592729885583885,0.3889981400938256,38.09994319474929,4,1.6056901379588442,71,11.327932744445004,16.466202025709197,2.387540199667094,7,0.13840995104174283,0,1.1399967361767063,0.6153179556131363,2.0651075759533816e-15
8,2,step,False,15,0.4172505094214615,0.7924118013979156,0.40757618048955757,0.26996132229601627,74.19146716210743,4,1.2295859775099058,124,26.42908300414779,37.71513372731492,6.029325570241431,12,0.1915589887461729,0,1.1399967361767063,0.6153179556131363,2.0651075759533816e-15
8,2,step,False,16,0.35411392282486276,0.47011730430080756,0.4457385179352675,0.2478574893369517,96.19237975674679,4,1.3103526701279253,153,32.551076512463,46.12674405006195,10.988107511941076,16,0.24013279422387931,0,1.1399967361767063,0.6153179556131363,2.0651075759533816e-15
8,2,step,False,17,1.5646563512603404,0.1845692002436812,0.09669025035476168,0.8270807471974078,64.84271274356155,4,1.2130484449046435,119,16.646355365189926,24.497710700003,8.35214717726898,12,0.2398381102534014,0,1.1399967361767063,0.6153179556131363,2.0651075759533816e-15
8,2,step,False,18,1.8032365558301429,0.06707790133318002,0.07677892529708916,1.0547730329039768,41.454124403351656,4,1.4494181781835445,79,7.613249826407635,10.64819910477469,5.111442043284658,9,0.17579667031019683,0,1.1399967361767063,0.6153179556131363,2.0651075759533816e-15
8,2,step,False,19,2.8305949396715846,0.11922731099973492,0.06984983268365177,1.7313165651532458,10.812960344088546,4,2.2426472127309065,24,6.000000000389521,7.976821306196004,1.938532512655518,2,0.5650500100764849,0,1.1399967361767063,0.6153179556131363,2.0651075759533816e-15
8,2,step,False,20,0.5059941463453863,0.30943632276469013,0.34014327200290284,0.3536446661180881,51.6561043131468,4,1.437951901754448,90,15.88029618729802,21.33621987432537,7.079871112193736,11,0.2548643417406339,0,1.1399967361767063,0.6153179556131363,2.0651075759533816e-15
8,2,step,False,21,1.8806394974673035,0.18271419475978865,0.16694469810097767,1.3255865032424996,10.13580479948925,4,2.330469541565189,18,6.000000000021197,8.139906386059245,1.1764279143543734,2,0.5779604290358528,0,1.1399967361767063,0.6153179556131363,2.0651075759533816e-15
8,2,step,False,22,1.0642945010013232,0.6361308979020732,0.4400458830570237,0.733282986456121,50.29420951461046,4,1.385653510564346,83,17.33000639571103,24.687300017963512,6.580376277905314,10,0.19986977472299627,0,1.1399967361767063,0.6153179556131363,2.0651075759533816e-15
8,2,step,False,23,1.6477180246523284,0.08705335441448195,0.06168240977399816,0.9798373699576436,58.943900805974884,4,1.2586679152456106,98,15.455374031679085,21.535406887984625,6.680324662802827,10,0.2606807205669284,0,1.1399967361767063,0.6153179556131363,2.0651075759533816e-15
8,3,step,False,0,1.0378506748875693,0.4970571679314384,0.12303605294879973,0.6012933781725471,80.38713347296193,4,1.2026616870824982,131,23.364335139267556,31.828662769326574,6.409736394929717,11,0.10844617903929596,0,0.8060994226810805,0.3674960136413574,2.6455707895539035e-15
8,3,step,False,1,0.6716561569208681,0.08073093746169574,0.12568697732852122,0.30461582712940066,110.66944159046545,4,1.1833399203270567,160,47.401899156622456,60.84657387506038,9.619335184444632,16,0.11144026921859622,0,0.8060994226810805,0.3674960136413574,2.6455707895539035e-15
8,3,step,False,2,2.0226041686187917,0.3410381788687199,0.16904517333489255,1.2580471060144989,27.076090029182133,4,1.4261710912871275,57,6.000000000604368,8.132327762060232,2.638891193165522,4,0.11024710526388629,0,0.8060994226810805,0.3674960136413574,2.6455707895539035e-15
8,3,step,False,3,0.7777394701992171,0.8278998270819842,0.24949333439569482,0.3828333536828489,91.31304504135807,4,1.2207595593000429,140,38.126375203570696,50.71907339183112,6.101495755763271,9,0.10592031018523183,0,0.8060994226810805,0.3674960136413574,2.6455707895539035e-15
8,3,step,False,4,0.47784343743739227,0.8017699861012653,0.41991478051445036,0.2921728391935947,101.21065763451463,4,1.28146989511169,148,41.78878960895581,55.006564157590475,10.324470345173227,15,0.10288862589231138,0,0.8060994226810805,0.3674960136413574,2.6455707895539035e-15
8,3,step,False,5,0.6531959063139913,0.2919077397861639,0.23445463581716386,0.40453578366524134,42.28914634096264,4,1.2983931169285168,76,16.355034052044957,23.753033968742887,2.65364998644303,6,0.1423431944810239,0,0.8060994226810805,0.3674960136413574,2.6455707895539035e-15
8,3,step,False,6,1.1350102603683618,0.3572489026048495,0.2129847451316913,0.6711400654645836,53.62026537984196,4,1.208308728279306,99,16.39648077780539,21.25172187347349,4.369238642451686,11,0.08472540027327229,0,0.8060994226810805,0.3674960136413574,2.6455707895539035e-15
8,3,step,False,7,1.0600535721639959,0.336304652966908,0.26565181881205935,0.8035658186694545,55.050758548392636,4,1.3889876218895796,91,16.425776911614264,23.199159318681357,6.062794397403266,10,0.11459873851583223,0,0.8060994226810805,0.3674960136413574,2.6455707895539035e-15
8,3,step,False,8,1.8614204865315083,0.10799035959774562,0.10258853602998527,1.1101139028193139,52.453877476051616,4,1.254462317202486,94,8.876147859774065,11.380320197965968,2.807739901970866,5,0.11503524712545612,0,0.8060994226810805,0.3674960136413574,2.6455707895539035e-15
8,3,step,False,9,3.20983498587541,0.12247934226905653,0.1151591637819622,2.190695482201376,3.6738970218116878,4,3.0083351974084533,8,6.00000000051059,8.983507274342156,1.0,1,0.5151544895188087,0,0.8060994226810805,0.3674960136413574,2.6455707895539035e-15
8,3,step,False,10,0.8302344040252218,0.1486599282081112,0.3024570668814359,0.4864733974997199,89.28078021085307,4,1.1786060088213433,135,35.832675628803436,46.83893927445235,8.645620349730331,12,0.11249123873070133,0,0.8060994226810805,0.3674960136413574,2.6455707895539035e-15
8,3,step,False,11,0.2031161972728973,0.7517637949516275,0.3539489107395197,0.14607377248674752,120.36043469189067,4,1.169915737059017,171,47.15139082251511,64.48687499124235,13.1426093350954,19,0.10469305667721075,0,0.8060994226810805,0.3674960136413574,2.6455707895539035e-15
8,3,step,False,12,0.8087519726279173,0.20850961743256388,0.11464679184858678,0.46289950586347306,77.21598082614605,4,1.2865793629860431,127,27.452524917946473,35.45041451793198,9.634082022018477,17,0.0839339162467751,0,0.8060994226810805,0.3674960136413574,2.6455707895539035e-15
8,3,step,False,13,2.043123899298297,0.29000217322737587,0.07303363955223752,1.3078200303194811,38.77488469774087,4,1.517674082475266,76,6.114349402224753,9.021733655714435,4.266241509095584,9,0.22215639656608235,0,0.8060994226810805,0.3674960136413574,2.6455707895539035e-15
8,3,step,False,14,0.951778082041314,0.9956471563737076,0.3592729885583885,0.3889981400938256,38.09994319474929,4,1.6056901379588442,71,14.339703368792033,19.80540837870574,2.387540199667094,7,0.07729465417835628,0,0.8060994226810805,0.3674960136413574,2.6455707895539035e-15
8,3,step,False,15,0.4172505094214615,0.6609145580437347,0.40757618048955757,0.26996132229601627,74.19146716210743,4,1.2295859775099058,124,27.418629165689353,39.203884911070034,6.029325570241431,12,0.10309085482903556,0,0.8060994226810805,0.3674960136413574,2.6455707895539035e-15
8,3,step,False,16,0.35411392282486276,0.4243929577928888,0.4457385179352675,0.2478574893369517,96.19237975674679,4,1.3103526701279253,153,34.20994322986085,49.942542937364905,10.988107511941076,16,0.1005724209702381,0,0.8060994226810805,0.3674960136413574,2.6455707895539035e-15
8,3,step,False,17,1.5646563512603404,0.4016844260798851,0.09669025035476168,0.8270807471974078,64.84271274356155,4,1.2130484449046435,119,13.545190487265888,18.178325504057913,8.35214717726898,12,0.10497706983465796,0,0.8060994226810805,0.3674960136413574,2.6455707895539035e-15
8,3,step,False,18,1.8032365558301429,0.23768555850502399,0.07677892529708916,1.0547730329039768,41.454124403351656,4,1.4494181781835445,79,6.702619950378715,9.762181397882038,5.111442043284658,9,0.1364424489683137,0,0.8060994226810805,0.3674960136413574,2.6455707895539035e-15
8,3,step,False,19,2.8305949396715846,0.24047659103081345,0.06984983268365177,1.7313165651532458,10.812960344088546,4,2.2426472127309065,24,6.000000000150694,7.885183761106361,1.938532512655518,2,0.4192707853363977,0,0.8060994226810805,0.3674960136413574,2.6455707895539035e-15
8,3,step,False,20,0.5059941463453863,0.1798419631446302,0.34014327200290284,0.3536446661180881,51.6561043131468,4,1.437951901754448,90,16.195026411197453,22.725789875110863,7.079871112193736,11,0.10367970623354002,0,0.8060994226810805,0.3674960136413574,2.6455707895539035e-15
8,3,step,False,21,1.8806394974673035,0.26818075173277167,0.16694469810097767,1.3255865032424996,10.13580479948925,4,2.330469541565189,18,6.000000000166821,7.423190610749808,1.1764279143543734,2,0.4566102308619258,0,0.8060994226810805,0.3674960136413574,2.6455707895539035e-15
8,3,step,False,22,1.0642945010013232,0.662084746109049,0.4400458830570237,0.733282986456121,50.29420951461046,4,1.385653510564346,83,19.224107164700218,26.889815394756162,6.580376277905314,10,0.10261279680094974,0,0.8060994226810805,0.3674960136413574,2.6455707895539035e-15
8,3,step,False,23,1.6477180246523284,0.18086667568830797,0.06168240977399816,0.9798373699576436,58.943900805974884,4,1.2586679152456106,98,12.849380715149238,18.14640669755687,6.680324662802827,10,0.13071610003550918,0,0.8060994226810805,0.3674960136413574,2.6455707895539035e-15
9,0,init,False,0,1.9319150175304767,0.0964225540233811,0.10922289075720497,1.1741594893840335,50.83765592911183,4,1.5080824678619769,94,nan,nan,4.951049427882265,9,nan,0,nan,nan,nan
9,0,init,False,1,2.297613715968394,0.10746543619213325,0.16228131059326445,1.3195659414977998,9.036244677316205,4,1.4151987580563266,17,nan,nan,2.4066897298444108,3,nan,0,nan,nan,nan
9,0,init,False,2,0.3806438597462406,0.26836232958341033,0.7688169237098971,0.3724109192463156,45.72076231280717,4,1.6999048964630479,77,nan,nan,4.235501892019893,7,nan,0,nan,nan,nan
9,0,init,False,3,2.589576667811834,0.15182398738178862,0.1332238939908978,1.4685184233212882,21.878998199936778,4,1.4101589686111116,41,nan,nan,2.800817358207788,5,nan,0,nan,nan,nan
9,0,init,False,4,0.4350174884567207,0.9340498189995455,0.6324199763837439,0.27689877281712677,46.06352586455857,4,1.326473862479658,82,nan,nan,5.325483028926313,12,nan,0,nan,nan,nan
9,0,init,False,5,1.1156952399600832,0.5694079364874162,0.18023716553541275,0.6884010975879544,43.374717724875914,4,1.3542569949811656,78,nan,nan,6.563383068922615,12,nan,0,nan,nan,nan
9,0,init,False,6,1.3582674648938677,0.086958910636265,0.14676985899851125,0.7762411083543527,79.7391800660551,4,1.1534659600038029,129,nan,nan,7.4425737981421225,12,nan,0,nan,nan,nan
9,0,init,False,7,1.0005504679814938,0.4289034905908832,0.1466242093868162,0.5328449404557218,84.84485484469167,4,1.2284512066025288,138,nan,nan,8.023903022809062,13,nan,0,nan,nan,nan
9,0,init,False,8,1.9666485141928456,0.5615175770706743,0.19737429712429255,1.2234565165012112,21.853085367342054,4,1.6307073254371576,46,nan,nan,2.3143784434093186,5,nan,0,nan,nan,nan
9,0,init,False,9,0.6243284807757906,0.7351573555629678,0.3279161076603897,0.3349818360725658,97.61428840538967,4,1.249645505709279,154,nan,nan,8.617345995483836,15,nan,0,nan,nan,nan
9,0,init,False,10,1.7743448667122528,0.07292458184878106,0.13898496592129797,1.0406885577753495,40.70322499449219,4,1.4769839727858245,83,nan,nan,4.418969352691991,7,nan,0,nan,nan,nan
9,0,init,False,11,1.0972591878173263,0.1412651508162319,0.2792895201560445,0.7425227093851822,65.40928099831156,4,1.2263952143406478,108,nan,nan,5.482957950661375,8,nan,0,nan,nan,nan
9,0,init,False,12,2.5440052353798466,0.2274699586755311,0.2411229841446357,1.6782903052148672,3.7329969318222256,4,8.4013883568947,6,nan,nan,1.1612495848795443,2,nan,0,nan,nan,nan
9,0,init,False,13,1.065335976205895,0.26229050018761824,0.15988510373123277,0.48074151789870073,99.54309701714674,4,1.2654416926309866,157,nan,nan,9.377984886071925,15,nan,0,nan,nan,nan
9,0,init,False,14,0.6147355922993071,0.14600049782223806,0.13444728392954045,0.23553545051378413,101.88338781080608,4,1.2131011237126672,155,nan,nan,10.7325429181916,16,nan,0,nan,nan,nan
9,0,init,False,15,1.1390096535776728,0.03707515495135661,0.09802056962033691,0.6436712604281858,103.97304012625618,4,1.084218045433002,155,nan,nan,9.51158874358387,16,nan,0,nan,nan,nan
9,0,init,False,16,1.2557821063963082,0.9935287705752993,0.11611579825014204,0.6747425535690329,96.59675285176966,4,1.2449504557197069,153,nan,nan,8.782096652840504,14,nan,0,nan,nan,nan
9,0,init,False,17,2.4046687697579534,0.13683497732285957,0.09742479103182744,1.3791854268956292,33.0812012220659,4,1.6683970443998164,66,nan,nan,3.5513756640917347,7,nan,0,nan,nan,nan
9,0,init,False,18,1.5047639121030847,0.3076933297772549,0.12618457708691785,0.9314880879902975,54.67622169110198,4,1.5949543931485424,93,nan,nan,5.027811250983838,11,nan,0,nan,nan,nan
9,0,init,False,19,1.497484781295103,0.16791326528718106,0.06854794014301595,0.8961007175209915,52.59368491985117,4,1.1888821417890714,97,nan,nan,4.865930677258875,9,nan,0,nan,nan,nan
9,0,init,False,20,0.3913953812157383,0.15975864707906717,0.45029835540271934,0.360824054902853,90.62980286426586,4,1.2649703156125822,146,nan,nan,9.406098600296723,15,nan,0,nan,nan,nan
9,0,init,False,21,1.664103941613645,0.22871445266360604,0.07277465176761311,1.1391165315662632,12.120125259295206,4,1.3443735004067154,22,nan,nan,1.7213828827791333,3,nan,0,nan,nan,nan
9,0,init,False,22,1.408979648993165,0.5958332080908636,0.16533938859444647,0.6915377792758998,53.60540342249233,4,1.421516828106679,102,nan,nan,5.533264505131386,10,nan,0,nan,nan,nan
9,0,init,False,23,0.36411673436852154,0.41483525938316274,0.12471637197965432,0.2217320279639587,130.4884664982385,4,1.154610501318598,187,nan,nan,11.745620564889926,18,nan,0,nan,nan,nan
9,1,step,False,0,1.9319150175304767,0.22623182050486967,0.10922289075720497,1.1741594893840335,50.83765592911183,4,1.5080824678619769,94,11.90028241878269,19.885481576677257,4.951049427882265,9,0.21205427195477525,0,1.7084164625838822,1.0,4.026038363279518e-16
9,1,step,False,1,2.297613715968394,0.11043463560815038,0.16228131059326445,1.3195659414977998,9.036244677316205,4,1.4151987580563266,17,6.000000000151591,8.759408166587608,2.4066897298444108,3,0.34516965955025464,0,1.7084164625838822,1.0,4.026038363279518e-16
9,1,step,False,2,0.3806438597462406,0.28993713735941967,0.7688169237098971,0.3724109192463156,45.72076231280717,4,1.6999048964630479,77,12.321658107402728,17.692483542791134,4.235501892019893,7,0.3186198289895154,0,1.7084164625838822,1.0,4.026038363279518e-16
9,1,step,False,3,2.589576667811834,0.09475537741779369,0.1332238939908978,1.4685184233212882,21.878998199936778,4,1.4101589686111116,41,6.000000000566928,8.584310529259763,2.800817358207788,5,0.32137204761713295,0,1.7084164625838822,1.0,4.026038363279518e-16
9,1,step,False,4,0.4350174884567207,0.9078668501378933,0.6324199763837439,0.27689877281712677,46.06352586455857,4,1.326473862479658,82,14.101343720952563,20.404649320083315,5.325483028926313,12,0.30948679543174257,0,1.7084164625838822,1.0,4.026038363279518e-16
9,1,step,False,5,1.1156952399600832,0.5188925828112699,0.18023716553541275,0.6884010975879544,43.374717724875914,4,1.3542569949811656,78,12.966592956796749,18.891762767913193,6.563383068922615,12,0.24234688712491534,0,1.7084164625838822,1.0,4.026038363279518e-16
9,1,step,False,6,1.3582674648938677,0.019534386630872095,0.14676985899851125,0.7762411083543527,79.7391800660551,4,1.1534659600038029,129,28.747105336916775,39.920758057570026,7.4425737981421225,12,0.2787232813065833,0,1.7084164625838822,1.0,4.026038363279518e-16
9,1,step,False,7,1.0005504679814938,0.4420258788742896,0.1466242093868162,0.5328449404557218,84.84485484469167,4,1.2284512066025288,138,27.787493253656557,38.74140640264389,8.023903022809062,13,0.3785035536179647,0,1.7084164625838822,1.0,4.026038363279518e-16
9,1,step,False,8,1.9666485141928456,0.8010332875499121,0.19737429712429255,1.2234565165012112,21.853085367342054,4,1.6307073254371576,46,6.000000000498111,9.104622283626487,2.3143784434093186,5,0.2662035111162492,0,1.7084164625838822,1.0,4.026038363279518e-16
9,1,step,False,9,0.6243284807757906,0.8031668296652512,0.3279161076603897,0.3349818360725658,97.61428840538967,4,1.249645505709279,154,36.471645697460836,54.05235222147349,8.617345995483836,15,0.2829195692501123,0,1.7084164625838822,1.0,4.026038363279518e-16
9,1,step,False,10,1.7743448667122528,0.11705981042669372,0.13898496592129797,1.0406885577753495,40.70322499449219,4,1.4769839727858245,83,7.801507214063661,10.397751771224254,4.418969352691991,7,0.3132136661582827,0,1.7084164625838822,1.0,4.026038363279518e-16
9,1,step,False,11,1.0972591878173263,0.13496969679571738,0.2792895201560445,0.7425227093851822,65.40928099831156,4,1.2263952143406478,108,17.425073309112193,24.404618069607093,5.482957950661375,8,0.38861538730109113,0,1.7084164625838822,1.0,4.026038363279518e-16
9,1,step,False,12,2.5440052353798466,0.22090238123545247,0.2411229841446357,1.6782903052148672,3.7329969318222256,4,8.4013883568947,6,6.0000000003222205,8.534894432161284,1.1612495848795443,2,0.49332531406353897,0,1.7084164625838822,1.0,4.026038363279518e-16
9,1,step,False,13,1.065335976205895,0.29885926352142267,0.15988510373123277,0.48074151789870073,99.54309701714674,4,1.2654416926309866,157,35.8242000193221,51.30125971846591,9.377984886071925,15,0.23267795144009748,0,1.7084164625838822,1.0,4.026038363279518e-16
9,1,step,False,14,0.6147355922993071,0.13605100236241138,0.13444728392954045,0.23553545051378413,101.88338781080608,4,1.2131011237126672,155,42.54616209528608,56.32190117238338,10.7325429181916,16,0.3178753299022809,0,1.7084164625838822,1.0,4.026038363279518e-16
9,1,step,False,15,1.1390096535776728,0.05197704958906836,0.09802056962033691,0.6436712604281858,103.97304012625618,4,1.084218045433002,155,43.82642858407712,60.958712330623,9.51158874358387,16,0.271719126739572,0,1.7084164625838822,1.0,4.026038363279518e-16
9,1,step,False,16,1.2557821063963082,0.9643654443330895,0.11611579825014204,0.6747425535690329,96.59675285176966,4,1.2449504557197069,153,29.19509157337148,41.8359724571946,8.782096652840504,14,0.30806825590353043,0,1.7084164625838822,1.0,4.026038363279518e-16
9,1,step,False,17,2.4046687697579534,0.1702989430112374,0.09742479103182744,1.3791854268956292,33.0812012220659,4,1.6683970443998164,66,6.015185002316217,10.612403607488014,3.5513756640917347,7,0.33341041459100607,0,1.7084164625838822,1.0,4.026038363279518e-16
9,1,step,False,18,1.5047639121030847,0.316517301580045,0.12618457708691785,0.9314880879902975,54.67622169110198,4,1.5949543931485424,93,17.8559324071023,26.138922190522386,5.027811250983838,11,0.3060847300321441,0,1.7084164625838822,1.0,4.026038363279518e-16
9,1,step,False,19,1.497484781295103,0.2229264225088808,0.06854794014301595,0.8961007175209915,52.59368491985117,4,1.1888821417890714,97,12.798893428967256,19.697874575842242,4.865930677258875,9,0.23461592602858097,0,1.7084164625838822,1.0,4.026038363279518e-16
9,1,step,False,20,0.3913953812157383,0.1090241778272056,0.45029835540271934,0.360824054902853,90.62980286426586,4,1.2649703156125822,146,32.1420444826835,46.74980486743438,9.406098600296723,15,0.276403238219092,0,1.7084164625838822,1.0,4.026038363279518e-16
9,1,step,False,21,1.664103941613645,0.22192954089827555,0.07277465176761311,1.1391165315662632,12.120125259295206,4,1.3443735004067154,22,6.000000000377103,8.308842931827598,1.7213828827791333,3,0.27875560463682575,0,1.7084164625838822,1.0,4.026038363279518e-16
9,1,step,False,22,1.408979648993165,0.45861485384682155,0.16533938859444647,0.6915377792758998,53.60540342249233,4,1.421516828106679,102,11.895609067305841,17.214234912493975,5.533264505131386,10,0.27219559330331,0,1.7084164625838822,1.0,4.026038363279518e-16
9,1,step,False,23,0.36411673436852154,0.3125249381973553,0.12471637197965432,0.2217320279639587,130.4884664982385,4,1.154610501318598,187,60.77400767995109,82.77528192639559,11.745620564889926,18,0.32797798425856683,0,1.7084164625838822,1.0,4.026038363279518e-16
9,2,step,False,0,1.9319150175304767,0.17407938310244805,0.10922289075720497,1.1741594893840335,50.83765592911183,4,1.5080824678619769,94,7.1289353527404815,10.748954485716249,4.951049427882265,9,0.1931441351280231,0,1.2080328657837966,0.6137819737195969,1.1132173413285838e-15
9,2,step,False,1,2.297613715968394,0.11048529350494546,0.16228131059326445,1.3195659414977998,9.036244677316205,4,1.4151987580563266,17,6.000000000324917,9.234728080023704,2.4066897298444108,3,0.25406709948915507,0,1.2080328657837966,0.6137819737195969,1.1132173413285838e-15
9,2,step,False,2,0.3806438597462406,0.33664492844397403,0.7688169237098971,0.3724109192463156,45.72076231280717,4,1.6999048964630479,77,15.223205521098452,22.600536786323556,4.235501892019893,7,0.2597867016627093,0,1.2080328657837966,0.6137819737195969,1.1132173413285838e-15
9,2,step,False,3,2.589576667811834,0.15169903130611218,0.1332238939908978,1.4685184233212882,21.878998199936778,4,1.4101589686111116,41,6.000000000247774,7.744577569200413,2.800817358207788,5,0.24700044073750457,0,1.2080328657837966,0.6137819737195969,1.1132173413285838e-15
9,2,step,False,4,0.4350174884567207,0.9403293150594264,0.6324199763837439,0.27689877281712677,46.06352586455857,4,1.326473862479658,82,15.87976620409603,22.72788794699745,5.325483028926313,12,0.1845879431263328,0,1.2080328657837966,0.6137819737195969,1.1132173413285838e-15
9,2,step,False,5,1.1156952399600832,0.5471821801628293,0.18023716553541275,0.6884010975879544,43.374717724875914,4,1.3542569949811656,78,14.79183631144787,20.77706991872737,6.563383068922615,12,0.19245448372341542,0,1.2080328657837966,0.6137819737195969,1.1132173413285838e-15
9,2,step,False,6,1.3582674648938677,0.12731261111308767,0.14676985899851125,0.7762411083543527,79.7391800660551,4,1.1534659600038029,129,27.072935697188047,37.53731544295788,7.4425737981421225,12,0.14337945414256673,0,1.2080328657837966,0.6137819737195969,1.1132173413285838e-15
9,2,step,False,7,1.0005504679814938,0.3663904070623616,0.1466242093868162,0.5328449404557218,84.84485484469167,4,1.2284512066025288,138,30.18416107336447,42.76324436244648,8.023903022809062,13,0.19037417115558367,0,1.2080328657837966,0.6137819737195969,1.1132173413285838e-15
9,2,step,False,8,1.9666485141928456,0.84877291083827,0.19737429712429255,1.2234565165012112,21.853085367342054,4,1.6307073254371576,46,6.000000000450732,9.135949275267656,2.3143784434093186,5,0.14538454338765955,0,1.2080328657837966,0.6137819737195969,1.1132173413285838e-15
9,2,step,False,9,0.6243284807757906,0.9048336028842474,0.3279161076603897,0.3349818360725658,97.61428840538967,4,1.249645505709279,154,39.37055589608352,55.82133553770982,8.617345995483836,15,0.24897308330611256,0,1.2080328657837966,0.6137819737195969,1.1132173413285838e-15
9,2,step,False,10,1.7743448667122528,0.30471169498628087,0.13898496592129797,1.0406885577753495,40.70322499449219,4,1.4769839727858245,83,6.319509942656574,8.777060830555392,4.418969352691991,7,0.1845826553438706,0,1.2080328657837966,0.6137819737195969,1.1132173413285838e-15
9,2,step,False,11,1.0972591878173263,0.09777471724660329,0.2792895201560445,0.7425227093851822,65.40928099831156,4,1.2263952143406478,108,18.396181454137917,26.028519237582234,5.482957950661375,8,0.24716049911309157,0,1.2080328657837966,0.6137819737195969,1.1132173413285838e-15
9,2,step,False,12,2.5440052353798466,0.20495841461661435,0.2411229841446357,1.6782903052148672,3.7329969318222256,4,8.4013883568947,6,6.000000000098703,7.875104281859973,1.1612495848795443,2,0.2755921921291634,0,1.2080328657837966,0.6137819737195969,1.1132173413285838e-15
9,2,step,False,13,1.065335976205895,0.16247835315915019,0.15988510373123277,0.48074151789870073,99.54309701714674,4,1.2654416926309866,157,32.711687663796425,44.41858710889067,9.377984886071925,15,0.21423407685990886,0,1.2080328657837966,0.6137819737195969,1.1132173413285838e-15
9,2,step,False,14,0.6147355922993071,0.13429230409049012,0.13444728392954045,0.23553545051378413,101.88338781080608,4,1.2131011237126672,155,44.41420841206062,58.31345347771902,10.7325429181916,16,0.23704768255973685,0,1.2080328657837966,0.6137819737195969,1.1132173413285838e-15
9,2,step,False,15,1.1390096535776728,0.17556886488559487,0.09802056962033691,0.6436712604281858,103.97304012625618,4,1.084218045433002,155,40.19981746848972,53.228290825681896,9.51158874358387,16,0.1555445449003976,0,1.2080328657837966,0.6137819737195969,1.1132173413285838e-15
9,2,step,False,16,1.2557821063963082,0.9524405594689269,0.11611579825014204,0.6747425535690329,96.59675285176966,4,1.2449504557197069,153,31.36863076759854,44.942386237825815,8.782096652840504,14,0.219327196594305,0,1.2080328657837966,0.6137819737195969,1.1132173413285838e-15
9,2,step,False,17,2.4046687697579534,0.18023909471154495,0.09742479103182744,1.3791854268956292,33.0812012220659,4,1.6683970443998164,66,6.000000000226481,10.119985061800001,3.5513756640917347,7,0.2884047433722648,0,1.2080328657837966,0.6137819737195969,1.1132173413285838e-15
9,2,step,False,18,1.5047639121030847,0.40329768489501294,0.12618457708691785,0.9314880879902975,54.67622169110198,4,1.5949543931485424,93,16.84526483820572,23.993963627668716,5.027811250983838,11,0.22079271860069824,0,1.2080328657837966,0.6137819737195969,1.1132173413285838e-15
9,2,step,False,19,1.497484781295103,0.38381252156233814,0.06854794014301595,0.8961007175209915,52.59368491985117,4,1.1888821417890714,97,11.972743035061946,18.86652044380088,4.865930677258875,9,0.27203145400118356,0,1.2080328657837966,0.6137819737195969,1.1132173413285838e-15
9,2,step,False,20,0.3913953812157383,0.059783063431869024,0.45029835540271934,0.360824054902853,90.62980286426586,4,1.2649703156125822,146,36.978246885950334,53.06112797625964,9.406098600296723,15,0.14788756697193983,0,1.2080328657837966,0.6137819737195969,1.1132173413285838e-15
9,2,step,False,21,1.664103941613645,0.21175107038419141,0.07277465176761311,1.1391165315662632,12.120125259295206,4,1.3443735004067154,22,6.000000000530889,8.346998467423019,1.7213828827791333,3,0.23793470358260585,0,1.2080328657837966,0.6137819737195969,1.1132173413285838e-15
9,2,step,False,22,1.408979648993165,0.28100488984589433,0.16533938859444647,0.6915377792758998,53.60540342249233,4,1.421516828106679,102,12.378848242755375,19.402538877169626,5.533264505131386,10,0.1906715478162121,0,1.2080328657837966,0.6137819737195969,1.1132173413285838e-15
9,2,step,False,23,0.36411673436852154,0.20093267824489386,0.12471637197965432,0.2217320279639587,130.4884664982385,4,1.154610501318598,187,59.181158581465084,77.15678480467217,11.745620564889926,18,0.1872221975148806,0,1.2080328657837966,0.6137819737195969,1.1132173413285838e-15
9,3,step,False,0,1.9319150175304767,0.2114921013427855,0.10922289075720497,1.1741594893840335,50.83765592911183,4,1.5080824678619769,94,6.761013701502622,10.907282889151237,4.951049427882265,9,0.21166081756481211,0,0.854208231291941,0.3735257387161255,4.188032077296094e-15
9,3,step,False,1,2.297613715968394,0.20874374744601762,0.16228131059326445,1.3195659414977998,9.036244677316205,4,1.4151987580563266,17,6.000000000053783,9.38988884234132,2.4066897298444108,3,0.15902872990780892,0,0.854208231291941,0.3735257387161255,4.188032077296094e-15
9,3,step,False,2,0.3806438597462406,0.1880617295617259,0.7688169237098971,0.3724109192463156,45.72076231280717,4,1.6999048964630479,77,15.888471396838446,23.076357691102814,4.235501892019893,7,0.14021020329205022,0,0.854208231291941,0.3735257387161255,4.188032077296094e-15
9,3,step,False,3,2.589576667811834,0.2174737158236348,0.1332238939908978,1.4685184233212882,21.878998199936778,4,1.4101589686111116,41,6.00000000028718,7.728017998176262,2.800817358207788,5,0.14951744256803656,0,0.854208231291941,0.3735257387161255,4.188032077296094e-15
9,3,step,False,4,0.4350174884567207,0.959496647413183,0.6324199763837439,0.27689877281712677,46.06352586455857,4,1.326473862479658,82,18.895934354631624,27.573903204257295,5.325483028926313,12,0.1234908929390955,0,0.854208231291941,0.3735257387161255,4.188032077296094e-15
9,3,step,False,5,1.1156952399600832,0.34039985966454306,0.18023716553541275,0.6884010975879544,43.374717724875914,4,1.3542569949811656,78,17.280861191635193,25.184101938100284,6.563383068922615,12,0.11575747836023548,0,0.854208231291941,0.3735257387161255,4.188032077296094e-15
9,3,step,False,6,1.3582674648938677,0.16545817654113942,0.14676985899851125,0.7762411083543527,79.7391800660551,4,1.1534659600038029,129,24.212928577881993,32.71289184979805,7.4425737981421225,12,0.13990551282863437,0,0.854208231291941,0.3735257387161255,4.188032077296094e-15
9,3,step,False,7,1.0005504679814938,0.32522314137183866,0.1466242093868162,0.5328449404557218,84.84485484469167,4,1.2284512066025288,138,31.4797743374645,43.76117548796962,8.023903022809062,13,0.12311080732662813,0,0.854208231291941,0.3735257387161255,4.188032077296094e-15
9,3,step,False,8,1.9666485141928456,0.7123130711783539,0.19737429712429255,1.2234565165012112,21.853085367342054,4,1.6307073254371576,46,8.058678544692345,11.868420426121254,2.3143784434093186,5,0.052271395309643594,0,0.854208231291941,0.3735257387161255,4.188032077296094e-15
9,3,step,False,9,0.6243284807757906,0.9508503279766058,0.3279161076603897,0.3349818360725658,97.61428840538967,4,1.249645505709279,154,41.90505272429752,56.82916343566648,8.617345995483836,15,0.11857117673644477,0,0.854208231291941,0.3735257387161255,4.188032077296094e-15
9,3,step,False,10,1.7743448667122528,0.3433916528132494,0.13898496592129797,1.0406885577753495,40.70322499449219,4,1.4769839727858245,83,7.306536218989288,10.759356994352622,4.418969352691991,7,0.15229692335517525,0,0.854208231291941,0.3735257387161255,4.188032077296094e-15
9,3,step,False,11,1.0972591878173263,0.10982804831968009,0.2792895201560445,0.7425227093851822,65.40928099831156,4,1.2263952143406478,108,19.242225398392968,27.887977414051626,5.482957950661375,8,0.16400182926298723,0,0.854208231291941,0.3735257387161255,4.188032077296094e-15
9,3,step,False,12,2.5440052353798466,0.1478809613750831,0.2411229841446357,1.6782903052148672,3.7329969318222256,4,8.4013883568947,6,6.000000000211454,8.479186300942352,1.1612495848795443,2,0.23039357224948928,0,0.854208231291941,0.3735257387161255,4.188032077296094e-15
9,3,step,False,13,1.065335976205895,0.2603586378932051,0.15988510373123277,0.48074151789870073,99.54309701714674,4,1.2654416926309866,157,29.30276304479037,38.12410717590526,9.377984886071925,15,0.11613858674878802,0,0.854208231291941,0.3735257387161255,4.188032077296094e-15
9,3,step,False,14,0.6147355922993071,0.05263071128019197,0.13444728392954045,0.23553545051378413,101.88338781080608,4,1.2131011237126672,155,41.433154227426336,52.99097300137761,10.7325429181916,16,0.12229326289961173,0,0.854208231291941,0.3735257387161255,4.188032077296094e-15
9,3,step,False,15,1.1390096535776728,0.2163672191962488,0.09802056962033691,0.6436712604281858,103.97304012625618,4,1.084218045433002,155,35.8960063234821,46.097490551525084,9.51158874358387,16,0.1297552155490421,0,0.854208231291941,0.3735257387161255,4.188032077296094e-15
9,3,step,False,16,1.2557821063963082,0.9652640057025573,0.11611579825014204,0.6747425535690329,96.59675285176966,4,1.2449504557197069,153,32.69351875661754,48.811963613530715,8.782096652840504,14,0.11947666456151243,0,0.854208231291941,0.3735257387161255,4.188032077296094e-15
9,3,step,False,17,2.4046687697579534,0.17325793951992519,0.09742479103182744,1.3791854268956292,33.0812012220659,4,1.6683970443998164,66,6.000000000433296,8.945107914312006,3.5513756640917347,7,0.16954764859007843,0,0.854208231291941,0.3735257387161255,4.188032077296094e-15
9,3,step,False,18,1.5047639121030847,0.34079765979833165,0.12618457708691785,0.9314880879902975,54.67622169110198,4,1.5949543931485424,93,15.645769015640028,21.971998525752138,5.027811250983838,11,0.09858958948024198,0,0.854208231291941,0.3735257387161255,4.188032077296094e-15
9,3,step,False,19,1.497484781295103,0.439611363686976,0.06854794014301595,0.8961007175209915,52.59368491985117,4,1.1888821417890714,97,12.153363933362288,17.633823631093257,4.865930677258875,9,0.13572991562308967,0,0.854208231291941,0.3735257387161255,4.188032077296094e-15
9,3,step,False,20,0.3913953812157383,0.0697398425593014,0.45029835540271934,0.360824054902853,90.62980286426586,4,1.2649703156125822,146,38.81274383471505,53.7787769543179,9.406098600296723,15,0.12902784586407717,0,0.854208231291941,0.3735257387161255,4.188032077296094e-15
9,3,step,False,21,1.664103941613645,0.3467616152972464,0.07277465176761311,1.1391165315662632,12.120125259295206,4,1.3443735004067154,22,6.000000000467853,8.74117525180435,1.7213828827791333,3,0.15393965448470284,0,0.854208231291941,0.3735257387161255,4.188032077296094e-15
9,3,step,False,22,1.408979648993165,0.3771009047312881,0.16533938859444647,0.6915377792758998,53.60540342249233,4,1.421516828106679,102,11.478048317515473,17.33156122094897,5.533264505131386,10,0.1113788289815846,0,0.854208231291941,0.3735257387161255,4.188032077296094e-15
9,3,step,False,23,0.36411673436852154,0.16715313470900062,0.12471637197965432,0.2217320279639587,130.4884664982385,4,1.154610501318598,187,58.61236729362645,75.89161903646814,11.745620564889926,18,0.11629431623706002,0,0.854208231291941,0.3735257387161255,4.188032077296094e-15
