seed,phase_index,phase,failed,center,radius,sine,pilot_sine,gradient_norm,linear_mass,linear_rank,linear_condition,linear_support,function_mass,n_eff,manifold_mass,manifold_neighbors,slope_min_singular,slope_rank_zero,h,alpha,linear_relative_residual_max
0,0,init,False,0,2.013105417584776,0.15593199455231527,2.1073424255447017e-08,1.8967222267184392,45.25131891809136,4,1.1798474781985144,79,nan,nan,5.199216509276192,7,nan,0,nan,nan,nan
0,0,init,False,1,1.8393261347459855,0.03583821194680173,0.0,1.7329896047581967,31.940513081492973,4,1.3217857462609153,65,nan,nan,1.7467855830685557,3,nan,0,nan,nan,nan
0,0,init,False,2,0.8324216477026292,0.6340764513981086,1.4901161193847656e-08,0.784297050421441,95.70652241506949,4,1.2926125639595911,144,nan,nan,7.455274159783111,15,nan,0,nan,nan,nan
0,0,init,False,3,1.7671365625020585,0.06151353348541205,0.0,1.6649735113056112,57.55429743684587,4,1.4961967445043285,104,nan,nan,2.4831334089574484,6,nan,0,nan,nan,nan
0,0,init,False,4,0.189190438782976,0.9829374336482705,0.0,0.17825281636408552,86.61455688672773,4,1.2253467761845325,137,nan,nan,5.648672757964955,8,nan,0,nan,nan,nan
0,0,init,False,5,0.9624957231516963,0.02523374982664322,0.0,0.9068511838855953,100.66230206714853,4,1.401847941884606,152,nan,nan,10.822387356278512,16,nan,0,nan,nan,nan
0,0,init,False,6,1.878120422772648,0.19119152845969636,1.4901161193847656e-08,1.7695410877193662,56.30447193552446,4,1.227336443590866,96,nan,nan,8.234775900026559,11,nan,0,nan,nan,nan
0,0,init,False,7,1.1659714895589495,0.5415808832796114,0.0,1.0985634535819504,51.99423262134718,4,1.5285894745866542,87,nan,nan,5.164622843548024,8,nan,0,nan,nan,nan
0,0,init,False,8,1.66032737134484,0.2532334765398786,0.0,1.564339254839912,11.819416878870557,4,2.026586931196822,26,nan,nan,1.1330600765125198,2,nan,0,nan,nan,nan
0,0,init,False,9,1.6461682316146562,0.5896162001250511,0.0,1.550998694130641,37.543552928539356,4,1.4412322784247225,65,nan,nan,3.917699326606125,7,nan,0,nan,nan,nan
0,0,init,False,10,2.4714404049555068,2.5809568279517847e-08,2.1073424255447017e-08,2.3285596010730143,10.15448500645655,4,2.4079244265377597,20,nan,nan,1.0,1,nan,0,nan,nan,nan
0,0,init,False,11,0.8931465161478112,0.9924123909661661,0.0,0.8415112463042949,43.392081459615156,4,1.5331905489234308,83,nan,nan,2.5402436398302823,5,nan,0,nan,nan,nan
0,0,init,False,12,0.8277010638072685,0.9606633049231792,0.0,0.7798493765345157,99.60092708268655,4,1.1788566064618986,158,nan,nan,6.503056898058879,13,nan,0,nan,nan,nan
0,0,init,False,13,1.6770024361296911,0.4769209428247246,0.0,1.580050288019358,47.8807759883679,4,1.3488019381897085,87,nan,nan,5.796094929690578,8,nan,0,nan,nan,nan
0,0,init,False,14,2.1318195481244704,0.28496454699572527,0.0,2.008573165101158,43.409210194733,4,1.4174425444032683,70,nan,nan,7.812080934878535,12,nan,0,nan,nan,nan
0,0,init,False,15,0.8702271550814301,0.016217632297406557,1.4901161193847656e-08,0.8199169168781959,96.04184728257837,4,1.263563869945345,147,nan,nan,11.412974957699697,15,nan,0,nan,nan,nan
0,0,init,False,16,0.7714455089923629,0.10160951778741185,0.0,0.7268461109023444,72.69219066972167,4,1.3384043689817446,117,nan,nan,6.015499636012028,9,nan,0,nan,nan,nan
0,0,init,False,17,0.2875326920240055,0.7351950730172707,0.0,0.2709096320074616,76.68372379940722,4,1.2368547980033078,133,nan,nan,5.400190936511108,11,nan,0,nan,nan,nan
0,0,init,False,18,1.2405084321280169,0.0,2.1073424255447017e-08,1.168791209390189,6.5091475001375025,4,2.7889278686408487,15,nan,nan,1.0,1,nan,0,nan,nan,nan
0,0,init,False,19,1.7323699323297677,0.10714291862260429,1.4901161193847656e-08,1.632216836160899,68.81193320483357,4,1.28081094247929,111,nan,nan,9.183849822990116,13,nan,0,nan,nan,nan
0,0,init,False,20,1.2578374095484226,0.03923086604065563,0.0,1.1851183507075174,76.88178852690064,4,1.4994073035874473,123,nan,nan,8.209530915034605,14,nan,0,nan,nan,nan
0,0,init,False,21,1.1944097178215622,0.26763000987487656,0.0,1.1253575892307948,97.01859239689279,4,1.3516191907056236,147,nan,nan,9.395631410131399,16,nan,0,nan,nan,nan
0,0,init,False,22,1.2865519208297453,0.01629939849917414,2.1073424255447017e-08,1.2121727966897773,57.60596565566867,4,1.1434171490671163,94,nan,nan,8.398458156802493,12,nan,0,nan,nan,nan
0,0,init,False,23,1.5882846153801122,0.027724159270357814,0.0,1.4964614898114459,67.926146062343,4,1.1695569105909993,108,nan,nan,9.526759840338313,15,nan,0,nan,nan,nan
0,1,step,False,0,2.013105417584776,0.0966703282052959,2.1073424255447017e-08,1.8967222267184392,45.25131891809136,4,1.1798474781985144,79,17.4546104486637,23.961986672685068,5.199216509276192,7,0.2327522704666309,0,1.6633575396573566,1.0,2.5240384460657402e-15
0,1,step,False,1,1.8393261347459855,0.1343581300710228,0.0,1.7329896047581967,31.940513081492973,4,1.3217857462609153,65,7.579997456447989,11.752720477847017,1.7467855830685557,3,0.4037135015247388,0,1.6633575396573566,1.0,2.5240384460657402e-15
0,1,step,False,2,0.8324216477026292,0.6319567713242427,1.4901161193847656e-08,0.784297050421441,95.70652241506949,4,1.2926125639595911,144,39.04149238121993,53.52184722682377,7.455274159783111,15,0.19496654346391826,0,1.6633575396573566,1.0,2.5240384460657402e-15
0,1,step,False,3,1.7671365625020585,0.10483281481458738,0.0,1.6649735113056112,57.55429743684587,4,1.4961967445043285,104,15.163882051344746,22.044532642816744,2.4831334089574484,6,0.4059551958377022,0,1.6633575396573566,1.0,2.5240384460657402e-15
0,1,step,False,4,0.189190438782976,0.9678756628921867,0.0,0.17825281636408552,86.61455688672773,4,1.2253467761845325,137,25.554443758003906,36.20749948444799,5.648672757964955,8,0.33625018663746936,0,1.6633575396573566,1.0,2.5240384460657402e-15
0,1,step,False,5,0.9624957231516963,0.17866419762137442,0.0,0.9068511838855953,100.66230206714853,4,1.401847941884606,152,36.74984926202968,53.28940696474683,10.822387356278512,16,0.2599498449358199,0,1.6633575396573566,1.0,2.5240384460657402e-15
0,1,step,False,6,1.878120422772648,0.3296812939843099,1.4901161193847656e-08,1.7695410877193662,56.30447193552446,4,1.227336443590866,96,16.30466619306752,24.419020375902583,8.234775900026559,11,0.2752799605144579,0,1.6633575396573566,1.0,2.5240384460657402e-15
0,1,step,False,7,1.1659714895589495,0.4196313259731332,0.0,1.0985634535819504,51.99423262134718,4,1.5285894745866542,87,16.326597374167847,24.162443271568044,5.164622843548024,8,0.22815752204186493,0,1.6633575396573566,1.0,2.5240384460657402e-15
0,1,step,False,8,1.66032737134484,0.35287187550560006,0.0,1.564339254839912,11.819416878870557,4,2.026586931196822,26,2.6138256365694463,3.5187503479523827,1.1330600765125198,2,0.3656729150725953,0,1.6633575396573566,1.0,2.5240384460657402e-15
0,1,step,False,9,1.6461682316146562,0.5020667912026696,0.0,1.550998694130641,37.543552928539356,4,1.4412322784247225,65,8.956131186618911,14.270276243278207,3.917699326606125,7,0.25795443662718803,0,1.6633575396573566,1.0,2.5240384460657402e-15
0,1,step,False,10,2.4714404049555068,0.13127711073861623,2.1073424255447017e-08,2.3285596010730143,10.15448500645655,4,2.4079244265377597,20,2.669960647565716,4.015252184866382,1.0,1,0.5305821118570985,0,1.6633575396573566,1.0,2.5240384460657402e-15
0,1,step,False,11,0.8931465161478112,0.9775740096118634,0.0,0.8415112463042949,43.392081459615156,4,1.5331905489234308,83,9.28373646072881,14.054071923001677,2.5402436398302823,5,0.3358604617043505,0,1.6633575396573566,1.0,2.5240384460657402e-15
0,1,step,False,12,0.8277010638072685,0.9284648457834993,0.0,0.7798493765345157,99.60092708268655,4,1.1788566064618986,158,32.30047513535959,45.83697318429608,6.503056898058879,13,0.35856468254160034,0,1.6633575396573566,1.0,2.5240384460657402e-15
0,1,step,False,13,1.6770024361296911,0.59543469724431,0.0,1.580050288019358,47.8807759883679,4,1.3488019381897085,87,11.445401823981266,18.815252933834888,5.796094929690578,8,0.28456451193834414,0,1.6633575396573566,1.0,2.5240384460657402e-15
0,1,step,False,14,2.1318195481244704,0.31290974079900713,0.0,2.008573165101158,43.409210194733,4,1.4174425444032683,70,15.236600952775309,20.434156746746734,7.812080934878535,12,0.26720469169600014,0,1.6633575396573566,1.0,2.5240384460657402e-15
0,1,step,False,15,0.8702271550814301,0.13420933198143392,1.4901161193847656e-08,0.8199169168781959,96.04184728257837,4,1.263563869945345,147,43.99338190045703,58.48920776596773,11.412974957699697,15,0.2686793152408484,0,1.6633575396573566,1.0,2.5240384460657402e-15
0,1,step,False,16,0.7714455089923629,0.11541211855302523,0.0,0.7268461109023444,72.69219066972167,4,1.3384043689817446,117,23.329803068498148,35.481925059749955,6.015499636012028,9,0.2306919352941941,0,1.6633575396573566,1.0,2.5240384460657402e-15
0,1,step,False,17,0.2875326920240055,0.6695957152879859,0.0,0.2709096320074616,76.68372379940722,4,1.2368547980033078,133,26.466136655396323,37.70596262011128,5.400190936511108,11,0.34205091340427973,0,1.6633575396573566,1.0,2.5240384460657402e-15
0,1,step,False,18,1.2405084321280169,0.11003176271233142,2.1073424255447017e-08,1.168791209390189,6.5091475001375025,4,2.7889278686408487,15,2.433744948698688,3.3874532556079515,1.0,1,0.3637941197587049,0,1.6633575396573566,1.0,2.5240384460657402e-15
0,1,step,False,19,1.7323699323297677,0.15614441091007616,1.4901161193847656e-08,1.632216836160899,68.81193320483357,4,1.28081094247929,111,24.393795253637936,32.912126769974215,9.183849822990116,13,0.2731176821908622,0,1.6633575396573566,1.0,2.5240384460657402e-15
0,1,step,False,20,1.2578374095484226,0.18127397790851293,0.0,1.1851183507075174,76.88178852690064,4,1.4994073035874473,123,23.194459139978036,34.79255635761158,8.209530915034605,14,0.19555550329415353,0,1.6633575396573566,1.0,2.5240384460657402e-15
0,1,step,False,21,1.1944097178215622,0.40039347689080373,0.0,1.1253575892307948,97.01859239689279,4,1.3516191907056236,147,37.18784215673985,49.2169066251834,9.395631410131399,16,0.24072420553298088,0,1.6633575396573566,1.0,2.5240384460657402e-15
0,1,step,False,22,1.2865519208297453,0.12397159263146168,2.1073424255447017e-08,1.2121727966897773,57.60596565566867,4,1.1434171490671163,94,18.698269447754594,25.416132723044406,8.398458156802493,12,0.27335728402617354,0,1.6633575396573566,1.0,2.5240384460657402e-15
0,1,step,False,23,1.5882846153801122,0.0663984845963579,0.0,1.4964614898114459,67.926146062343,4,1.1695569105909993,108,23.620896660295074,30.167718623983,9.526759840338313,15,0.2720748227482937,0,1.6633575396573566,1.0,2.5240384460657402e-15
0,2,step,False,0,2.013105417584776,0.12013625437873726,2.1073424255447017e-08,1.8967222267184392,45.25131891809136,4,1.1798474781985144,79,14.009038854514847,18.683094691125856,5.199216509276192,7,0.1655877660470951,0,1.1761713958294884,0.6093513816595078,4.134062439982748e-15
0,2,step,False,1,1.8393261347459855,0.16118796696264429,0.0,1.7329896047581967,31.940513081492973,4,1.3217857462609153,65,7.879290424690206,11.649757307044922,1.7467855830685557,3,0.11908916254024891,0,1.1761713958294884,0.6093513816595078,4.134062439982748e-15
0,2,step,False,2,0.8324216477026292,0.5763047666490393,1.4901161193847656e-08,0.784297050421441,95.70652241506949,4,1.2926125639595911,144,40.393857262820944,54.066848031849744,7.455274159783111,15,0.19260993208487065,0,1.1761713958294884,0.6093513816595078,4.134062439982748e-15
0,2,step,False,3,1.7671365625020585,0.05683543878092888,0.0,1.6649735113056112,57.55429743684587,4,1.4961967445043285,104,13.401539958743928,17.745886005841324,2.4831334089574484,6,0.12318687320568894,0,1.1761713958294884,0.6093513816595078,4.134062439982748e-15
0,2,step,False,4,0.189190438782976,0.934248628247286,0.0,0.17825281636408552,86.61455688672773,4,1.2253467761845325,137,28.75194541973028,39.96940436855211,5.648672757964955,8,0.20891644637182136,0,1.1761713958294884,0.6093513816595078,4.134062439982748e-15
0,2,step,False,5,0.9624957231516963,0.3250620821296984,0.0,0.9068511838855953,100.66230206714853,4,1.401847941884606,152,36.91776174567138,51.559295376543915,10.822387356278512,16,0.23412846751255006,0,1.1761713958294884,0.6093513816595078,4.134062439982748e-15
0,2,step,False,6,1.878120422772648,0.28850086267422625,1.4901161193847656e-08,1.7695410877193662,56.30447193552446,4,1.227336443590866,96,15.248011814381128,21.251114575420903,8.234775900026559,11,0.24794919529361817,0,1.1761713958294884,0.6093513816595078,4.134062439982748e-15
0,2,step,False,7,1.1659714895589495,0.3495721273793212,0.0,1.0985634535819504,51.99423262134718,4,1.5285894745866542,87,16.890439759756703,24.37805725172406,5.164622843548024,8,0.15873046134843719,0,1.1761713958294884,0.6093513816595078,4.134062439982748e-15
0,2,step,False,8,1.66032737134484,0.44747350062880265,0.0,1.564339254839912,11.819416878870557,4,2.026586931196822,26,2.696390940459205,3.7835941169586436,1.1330600765125194,2,0.16540005129355206,0,1.1761713958294884,0.6093513816595078,4.134062439982748e-15
0,2,step,False,9,1.6461682316146562,0.49490906946823165,0.0,1.550998694130641,37.543552928539356,4,1.4412322784247225,65,11.601887126597616,18.516509815291013,3.917699326606125,7,0.19616419164562673,0,1.1761713958294884,0.6093513816595078,4.134062439982748e-15
0,2,step,False,10,2.4714404049555068,0.1312771107386154,2.1073424255447017e-08,2.3285596010730143,10.15448500645655,4,2.4079244265377597,20,1.6448197697619509,1.9108958461138146,1.0,1,0.33531586715877904,0,1.1761713958294884,0.6093513816595078,4.134062439982748e-15
0,2,step,False,11,0.8931465161478112,0.9821257844779684,0.0,0.8415112463042949,43.392081459615156,4,1.5331905489234308,83,10.94943176959351,15.18071213578188,2.5402436398302823,5,0.21478126406290457,0,1.1761713958294884,0.6093513816595078,4.134062439982748e-15
0,2,step,False,12,0.8277010638072685,0.9289127498892338,0.0,0.7798493765345157,99.60092708268655,4,1.1788566064618986,158,35.543372570495,50.66622768624058,6.503056898058879,13,0.2179615887031955,0,1.1761713958294884,0.6093513816595078,4.134062439982748e-15
0,2,step,False,13,1.6770024361296911,0.5978205603494475,0.0,1.580050288019358,47.8807759883679,4,1.3488019381897085,87,11.275307692956781,17.072784911271853,5.796094929690578,8,0.2322850593179992,0,1.1761713958294884,0.6093513816595078,4.134062439982748e-15
0,2,step,False,14,2.1318195481244704,0.38118520533608014,0.0,2.008573165101158,43.409210194733,4,1.4174425444032683,70,12.367273261864304,15.614303664421843,7.812080934878535,12,0.23478514208211052,0,1.1761713958294884,0.6093513816595078,4.134062439982748e-15
0,2,step,False,15,0.8702271550814301,0.17491840869479927,1.4901161193847656e-08,0.8199169168781959,96.04184728257837,4,1.263563869945345,147,40.76194134088803,54.4212544961997,11.412974957699697,15,0.2210378506571317,0,1.1761713958294884,0.6093513816595078,4.134062439982748e-15
0,2,step,False,16,0.7714455089923629,0.1970982730773649,0.0,0.7268461109023444,72.69219066972167,4,1.3384043689817446,117,24.73156333845106,36.824962291607115,6.015499636012028,9,0.17397011532844522,0,1.1761713958294884,0.6093513816595078,4.134062439982748e-15
0,2,step,False,17,0.2875326920240055,0.6853541055962696,0.0,0.2709096320074616,76.68372379940722,4,1.2368547980033078,133,30.091160088121374,41.45649782650981,5.400190936511108,11,0.2315032491968321,0,1.1761713958294884,0.6093513816595078,4.134062439982748e-15
0,2,step,False,18,1.2405084321280169,0.1896689639828834,2.1073424255447017e-08,1.168791209390189,6.5091475001375025,4,2.7889278686408487,15,2.680526283471468,3.822796891153463,1.0,1,0.21644243125253929,0,1.1761713958294884,0.6093513816595078,4.134062439982748e-15
0,2,step,False,19,1.7323699323297677,0.15111855335078023,1.4901161193847656e-08,1.632216836160899,68.81193320483357,4,1.28081094247929,111,20.61738363314837,27.618148555763426,9.183849822990116,13,0.23318898563148124,0,1.1761713958294884,0.6093513816595078,4.134062439982748e-15
0,2,step,False,20,1.2578374095484226,0.13905134406567807,0.0,1.1851183507075174,76.88178852690064,4,1.4994073035874473,123,22.776452532630724,33.92472959171343,8.209530915034605,14,0.19230226683321203,0,1.1761713958294884,0.6093513816595078,4.134062439982748e-15
0,2,step,False,21,1.1944097178215622,0.36399809560807717,0.0,1.1253575892307948,97.01859239689279,4,1.3516191907056236,147,37.9416049950768,49.67019977245918,9.395631410131399,16,0.18036471866608875,0,1.1761713958294884,0.6093513816595078,4.134062439982748e-15
0,2,step,False,22,1.2865519208297453,0.10588430499108825,2.1073424255447017e-08,1.2121727966897773,57.60596565566867,4,1.1434171490671163,94,19.3237053537668,26.344799647927406,8.398458156802493,12,0.2120136371419612,0,1.1761713958294884,0.6093513816595078,4.134062439982748e-15
0,2,step,False,23,1.5882846153801122,0.0999101850215324,0.0,1.4964614898114459,67.926146062343,4,1.1695569105909993,108,21.505312898052782,28.252075004831962,9.526759840338313,15,0.22506230950380895,0,1.1761713958294884,0.6093513816595078,4.134062439982748e-15
0,3,step,False,0,2.013105417584776,0.10372672286665006,2.1073424255447017e-08,1.8967222267184392,45.25131891809136,4,1.1798474781985144,79,11.468218012706554,14.505601344731554,5.199216509276192,7,0.1098027672279385,0,0.8316787698286782,0.3670576214790344,5.0552346519030416e-15
0,3,step,False,1,1.8393261347459855,0.274535531598158,0.0,1.7329896047581967,31.940513081492973,4,1.3217857462609153,65,9.207501749597947,12.523693610254979,1.7467855830685557,3,0.10851218190725971,0,0.8316787698286782,0.3670576214790344,5.0552346519030416e-15
0,3,step,False,2,0.8324216477026292,0.5406470120749071,1.4901161193847656e-08,0.784297050421441,95.70652241506949,4,1.2926125639595911,144,41.59691382846969,54.82387439714783,7.455274159783111,15,0.08452685629394428,0,0.8316787698286782,0.3670576214790344,5.0552346519030416e-15
0,3,step,False,3,1.7671365625020585,0.09782139690314101,0.0,1.6649735113056112,57.55429743684587,4,1.4961967445043285,104,12.860460212413717,15.920472308775185,2.4831334089574484,6,0.09521173010420217,0,0.8316787698286782,0.3670576214790344,5.0552346519030416e-15
0,3,step,False,4,0.189190438782976,0.9185573125226315,0.0,0.17825281636408552,86.61455688672773,4,1.2253467761845325,137,33.27244280797283,47.10020077702954,5.648672757964955,8,0.12259686433067686,0,0.8316787698286782,0.3670576214790344,5.0552346519030416e-15
0,3,step,False,5,0.9624957231516963,0.3122279937300136,0.0,0.9068511838855953,100.66230206714853,4,1.401847941884606,152,34.030964394139666,47.80001631860024,10.822387356278512,16,0.12070212801076946,0,0.8316787698286782,0.3670576214790344,5.0552346519030416e-15
0,3,step,False,6,1.878120422772648,0.23249659221522798,1.4901161193847656e-08,1.7695410877193662,56.30447193552446,4,1.227336443590866,96,14.479520437092985,19.270654676456438,8.234775900026559,11,0.12539011325939373,0,0.8316787698286782,0.3670576214790344,5.0552346519030416e-15
0,3,step,False,7,1.1659714895589495,0.42743851503418073,0.0,1.0985634535819504,51.99423262134718,4,1.5285894745866542,87,17.695826499909032,25.828764311357496,5.164622843548024,8,0.11232999611773818,0,0.8316787698286782,0.3670576214790344,5.0552346519030416e-15
0,3,step,False,8,1.66032737134484,0.3677007067235743,0.0,1.564339254839912,11.819416878870557,4,2.026586931196822,26,4.6873458870746605,7.911117547430387,1.1330600765125198,2,0.13151183081841497,0,0.8316787698286782,0.3670576214790344,5.0552346519030416e-15
0,3,step,False,9,1.6461682316146562,0.5705688190000303,0.0,1.550998694130641,37.543552928539356,4,1.4412322784247225,65,12.807253203073993,20.517265675972425,3.917699326606125,7,0.1270635749506813,0,0.8316787698286782,0.3670576214790344,5.0552346519030416e-15
0,3,step,False,10,2.4714404049555068,0.1312771107386154,2.1073424255447017e-08,2.3285596010730143,10.15448500645655,4,2.4079244265377597,20,1.5156029286215862,1.8146374422152243,1.0,1,0.24820468613934077,0,0.8316787698286782,0.3670576214790344,5.0552346519030416e-15
0,3,step,False,11,0.8931465161478112,0.9859398518229223,0.0,0.8415112463042949,43.392081459615156,4,1.5331905489234308,83,14.052327718267037,21.227747478202918,2.5402436398302823,5,0.14025635442386328,0,0.8316787698286782,0.3670576214790344,5.0552346519030416e-15
0,3,step,False,12,0.8277010638072685,0.8863388202770434,0.0,0.7798493765345157,99.60092708268655,4,1.1788566064618986,158,40.94530436429291,60.06733783233434,6.503056898058879,13,0.1183338029184671,0,0.8316787698286782,0.3670576214790344,5.0552346519030416e-15
0,3,step,False,13,1.6770024361296911,0.49722830925549966,0.0,1.580050288019358,47.8807759883679,4,1.3488019381897085,87,12.675688553281779,18.871297192950514,5.796094929690578,8,0.12686857683827119,0,0.8316787698286782,0.3670576214790344,5.0552346519030416e-15
0,3,step,False,14,2.1318195481244704,0.41725777399024566,0.0,2.008573165101158,43.409210194733,4,1.4174425444032683,70,10.644979023019898,13.424978971932694,7.812080934878535,12,0.11582356780341493,0,0.8316787698286782,0.3670576214790344,5.0552346519030416e-15
0,3,step,False,15,0.8702271550814301,0.2631232402055961,1.4901161193847656e-08,0.8199169168781959,96.04184728257837,4,1.263563869945345,147,34.30944752433818,45.80262958296175,11.412974957699697,15,0.12402121196276085,0,0.8316787698286782,0.3670576214790344,5.0552346519030416e-15
0,3,step,False,16,0.7714455089923629,0.14157610020328074,0.0,0.7268461109023444,72.69219066972167,4,1.3384043689817446,117,24.450905609769684,34.912941004781146,6.015499636012028,9,0.11052546982040125,0,0.8316787698286782,0.3670576214790344,5.0552346519030416e-15
0,3,step,False,17,0.2875326920240055,0.7033413336119524,0.0,0.2709096320074616,76.68372379940722,4,1.2368547980033078,133,33.08054892550849,46.94640870878816,5.400190936511108,11,0.1283333751668488,0,0.8316787698286782,0.3670576214790344,5.0552346519030416e-15
0,3,step,False,18,1.2405084321280169,0.1601601248446968,2.1073424255447017e-08,1.168791209390189,6.5091475001375025,4,2.7889278686408487,15,3.0115781903599936,4.1243996004311825,1.0,1,0.08186290887398871,0,0.8316787698286782,0.3670576214790344,5.0552346519030416e-15
0,3,step,False,19,1.7323699323297677,0.10932666584841719,1.4901161193847656e-08,1.632216836160899,68.81193320483357,4,1.28081094247929,111,17.35203635943162,21.548316996622393,9.183849822990116,13,0.1240455316555408,0,0.8316787698286782,0.3670576214790344,5.0552346519030416e-15
0,3,step,False,20,1.2578374095484226,0.13255210685650973,0.0,1.1851183507075174,76.88178852690064,4,1.4994073035874473,123,22.195198478282016,31.83993314778181,8.209530915034605,14,0.08656785055834645,0,0.8316787698286782,0.3670576214790344,5.0552346519030416e-15
0,3,step,False,21,1.1944097178215622,0.31203194429910946,0.0,1.1253575892307948,97.01859239689279,4,1.3516191907056236,147,37.910074731598094,51.0977189252529,9.395631410131399,16,0.11142173612259831,0,0.8316787698286782,0.3670576214790344,5.0552346519030416e-15
0,3,step,False,22,1.2865519208297453,0.14997587079168745,2.1073424255447017e-08,1.2121727966897773,57.60596565566867,4,1.1434171490671163,94,17.42482588924878,23.925178962580397,8.398458156802493,12,0.12497072353810612,0,0.8316787698286782,0.3670576214790344,5.0552346519030416e-15
0,3,step,False,23,1.5882846153801122,0.12341321355173834,0.0,1.4964614898114459,67.926146062343,4,1.1695569105909993,108,18.325053872818714,22.306988059658323,9.526759840338313,15,0.12460722483590111,0,0.8316787698286782,0.3670576214790344,5.0552346519030416e-15
1,0,init,False,0,1.5749285892107503,0.15365160274438167,0.0,1.5499670910535244,58.1255192699806,4,1.3359299744479276,100,nan,nan,5.238240656996116,9,nan,0,nan,nan,nan
1,0,init,False,1,1.2597795664531544,0.1092031113224902,2.1073424255447017e-08,1.2398129561941522,73.4203802244768,4,1.3014780187753279,119,nan,nan,6.831369053373025,10,nan,0,nan,nan,nan
1,0,init,False,2,1.321130606706036,0.5488818967679187,0.0,1.3001916260877,64.21333978017283,4,1.3680608408512542,109,nan,nan,5.298630926627023,9,nan,0,nan,nan,nan
1,0,init,False,3,0.7822524636658202,0.37437851744587497,1.4901161193847656e-08,0.7698543184013007,31.65460114810914,4,1.5401210518536577,63,nan,nan,2.788851149996098,5,nan,0,nan,nan,nan
1,0,init,False,4,0.34434947603663596,0.09624403370684574,0.0,0.33889178171930967,110.76965662245044,4,1.2506721675324675,171,nan,nan,11.20504061218888,21,nan,0,nan,nan,nan
1,0,init,False,5,1.4417495312968414,0.5375415799591474,0.0,1.418898826499691,58.85843969092172,4,1.443776098345645,109,nan,nan,4.311402072768068,9,nan,0,nan,nan,nan
1,0,init,False,6,1.00972397712654,0.14922501970582408,0.0,0.9937205701358894,53.26794803322947,4,1.4548996150584552,93,nan,nan,7.568142618123886,10,nan,0,nan,nan,nan
1,0,init,False,7,1.2185947329704703,0.021735138967239245,2.1073424255447017e-08,1.1992808730343247,59.776321990038106,4,1.5824914426247365,102,nan,nan,6.188270995063459,12,nan,0,nan,nan,nan
1,0,init,False,8,1.0529759994370083,0.5588387118483689,0.0,1.036287078650624,90.63043919268989,4,1.2089503562504371,135,nan,nan,10.243738806134445,13,nan,0,nan,nan,nan
1,0,init,False,9,0.29021406196150945,0.9903401164042885,0.0,0.2856143754598608,86.10041172850613,4,1.3027633038404485,140,nan,nan,10.398365330138075,14,nan,0,nan,nan,nan
1,0,init,False,10,1.385073693952201,0.41718293671229373,0.0,1.3631212608729741,71.91980943756451,4,1.3079830281169158,120,nan,nan,7.313370634066769,11,nan,0,nan,nan,nan
1,0,init,False,11,1.039287979344075,0.17739092564834466,2.1073424255447017e-08,1.0228160039421776,44.593612143074274,4,1.4179461310870287,80,nan,nan,3.392272490495242,6,nan,0,nan,nan,nan
1,0,init,False,12,1.093621695593289,0.24421069487034597,0.0,1.0762885694272737,83.87676452846466,4,1.2362845540544831,127,nan,nan,9.68120711173227,11,nan,0,nan,nan,nan
1,0,init,False,13,0.9736580260817508,0.7226380455993178,0.0,0.9582262387675161,60.767410951634155,4,1.3012547771511178,99,nan,nan,6.9109678929701035,12,nan,0,nan,nan,nan
1,0,init,False,14,1.313802687997899,0.2120421210713984,0.0,1.292979849679971,76.4711253420775,4,1.2740067003456363,123,nan,nan,7.941751947079538,10,nan,0,nan,nan,nan
1,0,init,False,15,2.345362840709062,0.012902655988827992,0.0,2.3081905075458655,15.315387151269974,4,1.6743011216639352,34,nan,nan,1.3334986384996432,3,nan,0,nan,nan,nan
1,0,init,False,16,0.720181991764751,0.04220758362272533,0.0,0.7087676193395784,73.38432044625401,4,1.3478844172948343,114,nan,nan,6.052202474957328,10,nan,0,nan,nan,nan
1,0,init,False,17,1.2805013366604237,0.1683589148570141,0.0,1.2602063010795455,39.55629964356406,4,1.4893567238615686,75,nan,nan,3.047920137916333,4,nan,0,nan,nan,nan
1,0,init,False,18,0.8160002170453344,0.8325356803662909,0.0,0.8030671938888494,80.73122378063826,4,1.2727468403386215,129,nan,nan,8.40331275726238,14,nan,0,nan,nan,nan
1,0,init,False,19,1.3316689125660606,0.13051358292257081,0.0,1.310562907293967,15.966969068378386,4,1.6890374174626903,37,nan,nan,2.077002984703749,4,nan,0,nan,nan,nan
1,0,init,False,20,1.542113069582152,0.20504076336176147,0.0,1.5176716740748806,50.35094875946201,4,1.2156112198778257,85,nan,nan,4.816744564870445,7,nan,0,nan,nan,nan
1,0,init,False,21,2.0051335288065353,0.1389731124911537,0.0,1.9733535882891189,35.97508400818381,4,1.362173227191439,63,nan,nan,3.877426918209244,7,nan,0,nan,nan,nan
1,0,init,False,22,2.5644615416402696,1.4901161193847656e-08,0.0,2.523816649875362,17.124575495420004,4,1.6590726355233671,30,nan,nan,1.0,1,nan,0,nan,nan,nan
1,0,init,False,23,1.107052378092518,0.30607346712704064,0.0,1.0895063851598754,87.14941156343991,4,1.3010299865835984,137,nan,nan,8.080269225827912,12,nan,0,nan,nan,nan
1,1,step,False,0,1.5749285892107503,0.21014803821360567,0.0,1.5499670910535244,58.1255192699806,4,1.3359299744479276,100,20.59852130321884,28.479483566494398,5.238240656996116,9,0.2910888550202486,0,1.6558287014937831,1.0,4.617656549422944e-16
1,1,step,False,1,1.2597795664531544,0.11134759766106977,2.1073424255447017e-08,1.2398129561941522,73.4203802244768,4,1.3014780187753279,119,28.40386179477597,38.63465136606058,6.831369053373025,10,0.35605913563712926,0,1.6558287014937831,1.0,4.617656549422944e-16
1,1,step,False,2,1.321130606706036,0.5823598518599268,0.0,1.3001916260877,64.21333978017283,4,1.3680608408512542,109,17.855639041357886,25.868303825078737,5.298630926627023,9,0.4164032203044668,0,1.6558287014937831,1.0,4.617656549422944e-16
1,1,step,False,3,0.7822524636658202,0.0649261311565789,1.4901161193847656e-08,0.7698543184013007,31.65460114810914,4,1.5401210518536577,63,8.489344067855889,12.618002529473353,2.788851149996098,5,0.31213267558802077,0,1.6558287014937831,1.0,4.617656549422944e-16
1,1,step,False,4,0.34434947603663596,0.09160168335142221,0.0,0.33889178171930967,110.76965662245044,4,1.2506721675324675,171,43.47201625408509,59.248157521185114,11.20504061218888,21,0.2778414921748328,0,1.6558287014937831,1.0,4.617656549422944e-16
1,1,step,False,5,1.4417495312968414,0.6407196387437127,0.0,1.418898826499691,58.85843969092172,4,1.443776098345645,109,19.740985148939526,26.420632451306382,4.311402072768068,9,0.38059244548739996,0,1.6558287014937831,1.0,4.617656549422944e-16
1,1,step,False,6,1.00972397712654,0.13179722898945048,0.0,0.9937205701358894,53.26794803322947,4,1.4548996150584552,93,13.887473030153876,19.684940243892243,7.568142618123886,10,0.2919896887818649,0,1.6558287014937831,1.0,4.617656549422944e-16
1,1,step,False,7,1.2185947329704703,0.08839669157474574,2.1073424255447017e-08,1.1992808730343247,59.776321990038106,4,1.5824914426247365,102,18.89287660936788,29.191093076605014,6.188270995063459,12,0.2256932698297625,0,1.6558287014937831,1.0,4.617656549422944e-16
1,1,step,False,8,1.0529759994370083,0.4435494285548258,0.0,1.036287078650624,90.63043919268989,4,1.2089503562504371,135,32.77956836697321,48.72410113322512,10.243738806134445,13,0.3156403047041551,0,1.6558287014937831,1.0,4.617656549422944e-16
1,1,step,False,9,0.29021406196150945,0.997235543418641,0.0,0.2856143754598608,86.10041172850613,4,1.3027633038404485,140,27.769282057771342,40.20620643288194,10.398365330138075,14,0.29620401560179455,0,1.6558287014937831,1.0,4.617656549422944e-16
1,1,step,False,10,1.385073693952201,0.495435755869563,0.0,1.3631212608729741,71.91980943756451,4,1.3079830281169158,120,20.951430197476885,31.43172029939866,7.313370634066769,11,0.2889380250484285,0,1.6558287014937831,1.0,4.617656549422944e-16
1,1,step,False,11,1.039287979344075,0.4555634061615996,2.1073424255447017e-08,1.0228160039421776,44.593612143074274,4,1.4179461310870287,80,13.294875268863809,18.783504810958583,3.392272490495242,6,0.3424000975286069,0,1.6558287014937831,1.0,4.617656549422944e-16
1,1,step,False,12,1.093621695593289,0.1421463658116429,0.0,1.0762885694272737,83.87676452846466,4,1.2362845540544831,127,27.190900311888967,38.4470171310464,9.68120711173227,11,0.30114365243713126,0,1.6558287014937831,1.0,4.617656549422944e-16
1,1,step,False,13,0.9736580260817508,0.7385631851583997,0.0,0.9582262387675161,60.767410951634155,4,1.3012547771511178,99,21.54043517163722,30.648319502897117,6.9109678929701035,12,0.2268955205505398,0,1.6558287014937831,1.0,4.617656549422944e-16
1,1,step,False,14,1.313802687997899,0.2852650112457697,0.0,1.292979849679971,76.4711253420775,4,1.2740067003456363,123,23.89193754753978,34.23326527540986,7.941751947079538,10,0.3014627135774531,0,1.6558287014937831,1.0,4.617656549422944e-16
1,1,step,False,15,2.345362840709062,0.34858820867729223,0.0,2.3081905075458655,15.315387151269974,4,1.6743011216639352,34,4.427949622695897,5.644182069735404,1.3334986384996432,3,0.2864905170980075,0,1.6558287014937831,1.0,4.617656549422944e-16
1,1,step,False,16,0.720181991764751,0.07253782311680256,0.0,0.7087676193395784,73.38432044625401,4,1.3478844172948343,114,23.475585983024153,33.17452902246887,6.052202474957328,10,0.36455405187096046,0,1.6558287014937831,1.0,4.617656549422944e-16
1,1,step,False,17,1.2805013366604237,0.6637430835572485,0.0,1.2602063010795455,39.55629964356406,4,1.4893567238615686,75,10.523665166772878,14.662491689527567,3.047920137916333,4,0.3107919121621739,0,1.6558287014937831,1.0,4.617656549422944e-16
1,1,step,False,18,0.8160002170453344,0.743572221561698,0.0,0.8030671938888494,80.73122378063826,4,1.2727468403386215,129,32.66170119490752,44.752394551646056,8.40331275726238,14,0.3592209833638147,0,1.6558287014937831,1.0,4.617656549422944e-16
1,1,step,False,19,1.3316689125660606,0.331956256469349,0.0,1.310562907293967,15.966969068378386,4,1.6890374174626903,37,4.3985871138572925,6.061376886082964,2.077002984703749,4,0.27865930467477823,0,1.6558287014937831,1.0,4.617656549422944e-16
1,1,step,False,20,1.542113069582152,0.3096970147670121,0.0,1.5176716740748806,50.35094875946201,4,1.2156112198778257,85,20.03590346947051,26.433112217440037,4.816744564870445,7,0.3655290255397285,0,1.6558287014937831,1.0,4.617656549422944e-16
1,1,step,False,21,2.0051335288065353,0.19806782687784344,0.0,1.9733535882891189,35.97508400818381,4,1.362173227191439,63,9.382836345731043,13.858680499475671,3.877426918209244,7,0.35364987816606336,0,1.6558287014937831,1.0,4.617656549422944e-16
1,1,step,False,22,2.5644615416402696,0.06021812128705301,0.0,2.523816649875362,17.124575495420004,4,1.6590726355233671,30,5.308346200309086,7.6139791156360435,1.0,1,0.3649419049186016,0,1.6558287014937831,1.0,4.617656549422944e-16
1,1,step,False,23,1.107052378092518,0.36584431576738113,0.0,1.0895063851598754,87.14941156343991,4,1.3010299865835984,137,31.026278731325654,43.39158199341926,8.080269225827912,12,0.3032427897437779,0,1.6558287014937831,1.0,4.617656549422944e-16
1,2,step,False,0,1.5749285892107503,0.2553311974597464,0.0,1.5499670910535244,58.1255192699806,4,1.3359299744479276,100,20.50742543415626,27.873553183242876,5.238240656996116,9,0.2324599490889653,0,1.1708477033095694,0.6101934164762497,3.5164118016652813e-13
1,2,step,False,1,1.2597795664531544,0.12775274996310937,2.1073424255447017e-08,1.2398129561941522,73.4203802244768,4,1.3014780187753279,119,28.763824013453164,38.43350641920292,6.831369053373025,10,0.21849048067782534,0,1.1708477033095694,0.6101934164762497,3.5164118016652813e-13
1,2,step,False,2,1.321130606706036,0.6070127262760222,0.0,1.3001916260877,64.21333978017283,4,1.3680608408512542,109,17.070417933404936,24.178112991615397,5.298630926627023,9,0.21687717083371869,0,1.1708477033095694,0.6101934164762497,3.5164118016652813e-13
1,2,step,False,3,0.7822524636658202,0.21137819765197352,1.4901161193847656e-08,0.7698543184013007,31.65460114810914,4,1.5401210518536577,63,9.628769083650578,14.483899518797232,2.788851149996098,5,0.30219729384105354,0,1.1708477033095694,0.6101934164762497,3.5164118016652813e-13
1,2,step,False,4,0.34434947603663596,0.03270860692163953,0.0,0.33889178171930967,110.76965662245044,4,1.2506721675324675,171,44.103622890863214,59.56311892499458,11.20504061218888,21,0.15155361359241543,0,1.1708477033095694,0.6101934164762497,3.5164118016652813e-13
1,2,step,False,5,1.4417495312968414,0.6273443838286313,0.0,1.418898826499691,58.85843969092172,4,1.443776098345645,109,20.340103733152155,27.66621701063094,4.311402072768068,9,0.2215069422248375,0,1.1708477033095694,0.6101934164762497,3.5164118016652813e-13
1,2,step,False,6,1.00972397712654,0.17121561872205804,0.0,0.9937205701358894,53.26794803322947,4,1.4548996150584552,93,15.339403075261721,20.067435234198058,7.568142618123886,10,0.12986260473462963,0,1.1708477033095694,0.6101934164762497,3.5164118016652813e-13
1,2,step,False,7,1.2185947329704703,0.1851905496352181,2.1073424255447017e-08,1.1992808730343247,59.776321990038106,4,1.5824914426247365,102,17.377665682546073,25.911532054559107,6.188270995063459,12,0.24964518925962106,0,1.1708477033095694,0.6101934164762497,3.5164118016652813e-13
1,2,step,False,8,1.0529759994370083,0.2511459807189336,0.0,1.036287078650624,90.63043919268989,4,1.2089503562504371,135,34.179137983233915,48.80779962190175,10.243738806134445,13,0.19777267043322308,0,1.1708477033095694,0.6101934164762497,3.5164118016652813e-13
1,2,step,False,9,0.29021406196150945,0.9966928669150045,0.0,0.2856143754598608,86.10041172850613,4,1.3027633038404485,140,25.315318450676763,35.62101641786198,10.398365330138075,14,0.16881284451725395,0,1.1708477033095694,0.6101934164762497,3.5164118016652813e-13
1,2,step,False,10,1.385073693952201,0.43752489068128936,0.0,1.3631212608729741,71.91980943756451,4,1.3079830281169158,120,22.094287731183254,32.2534879650329,7.313370634066769,11,0.1608295100668563,0,1.1708477033095694,0.6101934164762497,3.5164118016652813e-13
1,2,step,False,11,1.039287979344075,0.44928598846366685,2.1073424255447017e-08,1.0228160039421776,44.593612143074274,4,1.4179461310870287,80,12.974837329035063,18.221861657714893,3.392272490495242,6,0.12335016521478769,0,1.1708477033095694,0.6101934164762497,3.5164118016652813e-13
1,2,step,False,12,1.093621695593289,0.11391791545206262,0.0,1.0762885694272737,83.87676452846466,4,1.2362845540544831,127,28.31979440265023,38.43924207107845,9.68120711173227,11,0.13083846973335844,0,1.1708477033095694,0.6101934164762497,3.5164118016652813e-13
1,2,step,False,13,0.9736580260817508,0.6008218161956159,0.0,0.9582262387675161,60.767410951634155,4,1.3012547771511178,99,22.495189897734406,33.19688548163595,6.9109678929701035,12,0.2515242103099022,0,1.1708477033095694,0.6101934164762497,3.5164118016652813e-13
1,2,step,False,14,1.313802687997899,0.20858294689573886,0.0,1.292979849679971,76.4711253420775,4,1.2740067003456363,123,24.498391956443246,35.11023525498945,7.941751947079538,10,0.15037242739160062,0,1.1708477033095694,0.6101934164762497,3.5164118016652813e-13
1,2,step,False,15,2.345362840709062,0.5470235264792113,0.0,2.3081905075458655,15.315387151269974,4,1.6743011216639352,34,3.8650508477567085,5.128482382788073,1.3334986384996432,3,0.2905673887789766,0,1.1708477033095694,0.6101934164762497,3.5164118016652813e-13
1,2,step,False,16,0.720181991764751,0.03953396382108109,0.0,0.7087676193395784,73.38432044625401,4,1.3478844172948343,114,25.50916566518691,36.42760693584402,6.052202474957328,10,0.21781845258073065,0,1.1708477033095694,0.6101934164762497,3.5164118016652813e-13
1,2,step,False,17,1.2805013366604237,0.8173740388331328,0.0,1.2602063010795455,39.55629964356406,4,1.4893567238615686,75,10.35829015445589,15.128551855992727,3.047920137916333,4,0.3165325725470289,0,1.1708477033095694,0.6101934164762497,3.5164118016652813e-13
1,2,step,False,18,0.8160002170453344,0.8078225072696671,0.0,0.8030671938888494,80.73122378063826,4,1.2727468403386215,129,32.378897206294525,42.82163964051553,8.40331275726238,14,0.2088928905561688,0,1.1708477033095694,0.6101934164762497,3.5164118016652813e-13
1,2,step,False,19,1.3316689125660606,0.5057435974406814,0.0,1.310562907293967,15.966969068378386,4,1.6890374174626903,37,3.1756571634624557,4.1958107453948745,2.077002984703749,4,0.22162053214527405,0,1.1708477033095694,0.6101934164762497,3.5164118016652813e-13
1,2,step,False,20,1.542113069582152,0.22497431782145647,0.0,1.5176716740748806,50.35094875946201,4,1.2156112198778257,85,21.388407770411774,28.70448360017957,4.816744564870445,7,0.2267457335286239,0,1.1708477033095694,0.6101934164762497,3.5164118016652813e-13
1,2,step,False,21,2.0051335288065353,0.18116197664868866,0.0,1.9733535882891189,35.97508400818381,4,1.362173227191439,63,6.099331685737686,9.13919564221472,3.877426918209244,7,0.13578950803663584,0,1.1708477033095694,0.6101934164762497,3.5164118016652813e-13
1,2,step,False,22,2.5644615416402696,0.06801964139334207,0.0,2.523816649875362,17.124575495420004,4,1.6590726355233671,30,4.167233357864493,5.6822191168419005,1.0,1,0.14742454693798676,0,1.1708477033095694,0.6101934164762497,3.5164118016652813e-13
1,2,step,False,23,1.107052378092518,0.2970663812499391,0.0,1.0895063851598754,87.14941156343991,4,1.3010299865835984,137,30.049776683210162,41.631266766397346,8.080269225827912,12,0.15030690408398917,0,1.1708477033095694,0.6101934164762497,3.5164118016652813e-13
1,3,step,False,0,1.5749285892107503,0.34340619457343996,0.0,1.5499670910535244,58.1255192699806,4,1.3359299744479276,100,19.936036871533297,26.47127812447184,5.238240656996116,9,0.11783108333616044,0,0.8279143507468913,0.36808133125305176,2.0837138795610182e-14
1,3,step,False,1,1.2597795664531544,0.230171432157751,2.1073424255447017e-08,1.2398129561941522,73.4203802244768,4,1.3014780187753279,119,28.760193884743593,37.931279982406295,6.831369053373025,10,0.10885307836787798,0,0.8279143507468913,0.36808133125305176,2.0837138795610182e-14
1,3,step,False,2,1.321130606706036,0.6810267601100497,0.0,1.3001916260877,64.21333978017283,4,1.3680608408512542,109,18.30993580663043,26.13786192820713,5.298630926627023,9,0.14356665191317078,0,0.8279143507468913,0.36808133125305176,2.0837138795610182e-14
1,3,step,False,3,0.7822524636658202,0.2922931364492473,1.4901161193847656e-08,0.7698543184013007,31.65460114810914,4,1.5401210518536577,63,9.548878724637023,14.183616951159825,2.788851149996098,5,0.12152441364823477,0,0.8279143507468913,0.36808133125305176,2.0837138795610182e-14
1,3,step,False,4,0.34434947603663596,0.03967878467625272,0.0,0.33889178171930967,110.76965662245044,4,1.2506721675324675,171,41.778694140877995,56.0898676906816,11.20504061218888,21,0.11066210097396685,0,0.8279143507468913,0.36808133125305176,2.0837138795610182e-14
1,3,step,False,5,1.4417495312968414,0.5375580712698765,0.0,1.418898826499691,58.85843969092172,4,1.443776098345645,109,20.23199014256571,28.477413974715123,4.311402072768068,9,0.09451233977113697,0,0.8279143507468913,0.36808133125305176,2.0837138795610182e-14
1,3,step,False,6,1.00972397712654,0.17847036742220238,0.0,0.9937205701358894,53.26794803322947,4,1.4548996150584552,93,19.299992416652074,25.921635911912862,7.568142618123886,10,0.09508350619779816,0,0.8279143507468913,0.36808133125305176,2.0837138795610182e-14
1,3,step,False,7,1.2185947329704703,0.17585242878087964,2.1073424255447017e-08,1.1992808730343247,59.776321990038106,4,1.5824914426247365,102,18.141356241669204,26.243065317213635,6.188270995063459,12,0.13822038616072882,0,0.8279143507468913,0.36808133125305176,2.0837138795610182e-14
1,3,step,False,8,1.0529759994370083,0.19079223595024972,0.0,1.036287078650624,90.63043919268989,4,1.2089503562504371,135,31.92747510359991,42.78582781032123,10.243738806134445,13,0.1532244211403641,0,0.8279143507468913,0.36808133125305176,2.0837138795610182e-14
1,3,step,False,9,0.29021406196150945,0.9999035531568816,0.0,0.2856143754598608,86.10041172850613,4,1.3027633038404485,140,28.286748384795523,41.15047772310903,10.398365330138075,14,0.11276039201318581,0,0.8279143507468913,0.36808133125305176,2.0837138795610182e-14
1,3,step,False,10,1.385073693952201,0.34564673624965536,0.0,1.3631212608729741,71.91980943756451,4,1.3079830281169158,120,21.870012094930146,29.62242208577708,7.313370634066769,11,0.08385753970315508,0,0.8279143507468913,0.36808133125305176,2.0837138795610182e-14
1,3,step,False,11,1.039287979344075,0.35048813481310104,2.1073424255447017e-08,1.0228160039421776,44.593612143074274,4,1.4179461310870287,80,15.165974907640344,20.86551156289921,3.392272490495242,6,0.06850243042501414,0,0.8279143507468913,0.36808133125305176,2.0837138795610182e-14
1,3,step,False,12,1.093621695593289,0.06369921457146505,0.0,1.0762885694272737,83.87676452846466,4,1.2362845540544831,127,28.708894684743225,36.44951104744953,9.68120711173227,11,0.09438047188373676,0,0.8279143507468913,0.36808133125305176,2.0837138795610182e-14
1,3,step,False,13,0.9736580260817508,0.47013143414329805,0.0,0.9582262387675161,60.767410951634155,4,1.3012547771511178,99,21.15365229849033,29.1770994385277,6.9109678929701035,12,0.14675179198059973,0,0.8279143507468913,0.36808133125305176,2.0837138795610182e-14
1,3,step,False,14,1.313802687997899,0.1040789294562868,0.0,1.292979849679971,76.4711253420775,4,1.2740067003456363,123,23.132223312731647,30.935972138389857,7.941751947079538,10,0.07767087583421013,0,0.8279143507468913,0.36808133125305176,2.0837138795610182e-14
1,3,step,False,15,2.345362840709062,0.41137491913802526,0.0,2.3081905075458655,15.315387151269974,4,1.6743011216639352,34,3.6769783251934838,4.662513218376576,1.3334986384996432,3,0.18022584403849987,0,0.8279143507468913,0.36808133125305176,2.0837138795610182e-14
1,3,step,False,16,0.720181991764751,0.14892690051961377,0.0,0.7087676193395784,73.38432044625401,4,1.3478844172948343,114,24.37150882799355,32.81837554451088,6.052202474957328,10,0.10110966046583451,0,0.8279143507468913,0.36808133125305176,2.0837138795610182e-14
1,3,step,False,17,1.2805013366604237,0.8145418846291991,0.0,1.2602063010795455,39.55629964356406,4,1.4893567238615686,75,11.283975923155122,17.628194789415648,3.047920137916333,4,0.1665221675696889,0,0.8279143507468913,0.36808133125305176,2.0837138795610182e-14
1,3,step,False,18,0.8160002170453344,0.8660847217424494,0.0,0.8030671938888494,80.73122378063826,4,1.2727468403386215,129,33.24086454848347,43.89170851990768,8.40331275726238,14,0.07863737127200932,0,0.8279143507468913,0.36808133125305176,2.0837138795610182e-14
1,3,step,False,19,1.3316689125660606,0.5341348915049308,0.0,1.310562907293967,15.966969068378386,4,1.6890374174626903,37,2.8489534945695767,3.6102685417527307,2.077002984703749,4,0.1324317223335285,0,0.8279143507468913,0.36808133125305176,2.0837138795610182e-14
1,3,step,False,20,1.542113069582152,0.12797272745084798,0.0,1.5176716740748806,50.35094875946201,4,1.2156112198778257,85,20.500858444554485,26.482667862939035,4.816744564870445,7,0.11168036370931744,0,0.8279143507468913,0.36808133125305176,2.0837138795610182e-14
1,3,step,False,21,2.0051335288065353,0.13119642890004785,0.0,1.9733535882891189,35.97508400818381,4,1.362173227191439,63,4.797111495431043,6.142833337693175,3.877426918209244,7,0.11262909785520815,0,0.8279143507468913,0.36808133125305176,2.0837138795610182e-14
1,3,step,False,22,2.5644615416402696,0.11205069811027306,0.0,2.523816649875362,17.124575495420004,4,1.6590726355233671,30,3.4957307717020214,4.715061177740056,1.0,1,0.10712632053718547,0,0.8279143507468913,0.36808133125305176,2.0837138795610182e-14
1,3,step,False,23,1.107052378092518,0.19299963521659105,0.0,1.0895063851598754,87.14941156343991,4,1.3010299865835984,137,29.531966588396195,40.95120256621076,8.080269225827912,12,0.0745949552478312,0,0.8279143507468913,0.36808133125305176,2.0837138795610182e-14
2,0,init,False,0,1.0467706587360495,0.42909394996696726,0.0,1.0829167993741833,59.04569452859888,4,1.389966061080823,96,nan,nan,5.862727771146699,9,nan,0,nan,nan,nan
2,0,init,False,1,1.0701418227387929,0.4837420536435901,0.0,1.1070949953412543,51.64105542247972,4,1.2390161483685567,93,nan,nan,3.834714955441396,10,nan,0,nan,nan,nan
2,0,init,False,2,0.7932685761589658,0.9629272597700248,1.4901161193847656e-08,0.8206610114344033,42.34374708505638,4,1.3021521159175078,77,nan,nan,4.499004865583055,6,nan,0,nan,nan,nan
2,0,init,False,3,0.3205409858769687,0.38536078847300076,0.0,0.331609618207364,84.00726786199591,4,1.300901783066737,130,nan,nan,9.395125217389836,12,nan,0,nan,nan,nan
2,0,init,False,4,1.2844467353127504,0.3960127516989265,0.0,1.3288000919428142,7.469383352135623,4,1.6761644872707415,14,nan,nan,1.2331901625011739,2,nan,0,nan,nan,nan
2,0,init,False,5,2.0802561912918844,0.008111863823184769,0.0,2.1520897225685247,39.51145944543005,4,1.5192913821130405,72,nan,nan,3.8389316012159815,6,nan,0,nan,nan,nan
2,0,init,False,6,1.2190457946602995,0.03336469190840835,0.0,1.2611407849720484,72.9073654873682,4,1.2255340651471252,122,nan,nan,7.368267676148906,10,nan,0,nan,nan,nan
2,0,init,False,7,1.5215077396539407,0.0034364401037447942,0.0,1.5740470731560356,65.90824151687282,4,1.2594893218466454,114,nan,nan,8.378534792757735,14,nan,0,nan,nan,nan
2,0,init,False,8,1.0115079638172977,0.4528969048758779,0.0,1.0464364448667003,75.22126136979051,4,1.3281580911852546,123,nan,nan,6.412912375126976,9,nan,0,nan,nan,nan
2,0,init,False,9,0.3423530440072947,0.4302257773928776,0.0,0.3541748706636926,35.18788834101062,4,1.3549033565079938,63,nan,nan,3.1712875960203144,7,nan,0,nan,nan,nan
2,0,init,False,10,0.3204744605844023,0.19290816776841224,2.1073424255447017e-08,0.33154079572337275,87.16048825978412,4,1.2738906059503479,139,nan,nan,8.537188308423566,12,nan,0,nan,nan,nan
2,0,init,False,11,1.348557138294263,0.023046938752259688,1.4901161193847656e-08,1.3951242975593139,54.85926235489409,4,1.2922969011704626,92,nan,nan,5.991204343832476,9,nan,0,nan,nan,nan
2,0,init,False,12,1.95878432879614,0.2379185647825112,2.1073424255447017e-08,2.026423303233894,40.08902068095337,4,1.384946821223811,76,nan,nan,3.378532456734667,6,nan,0,nan,nan,nan
2,0,init,False,13,2.3633895001822,0.23076363634032618,2.1073424255447017e-08,2.444999935613612,26.59264496145776,4,1.352033392404459,52,nan,nan,2.5679215179102286,6,nan,0,nan,nan,nan
2,0,init,False,14,1.7825206800460858,0.08686487439134918,0.0,1.8440730770812943,46.172091068059316,4,1.3466985252160468,82,nan,nan,4.6502265177787,7,nan,0,nan,nan,nan
2,0,init,False,15,1.1478094221068595,0.42034910352247745,2.1073424255447017e-08,1.1874445422270075,28.877027391427546,4,1.59673346097239,55,nan,nan,4.574281728374072,8,nan,0,nan,nan,nan
2,0,init,False,16,0.7518156372889109,0.47526458443639313,1.4901161193847656e-08,0.7777766570525014,106.71190044916905,4,1.1266294635540246,165,nan,nan,10.530579947121234,17,nan,0,nan,nan,nan
2,0,init,False,17,1.4618158494836173,0.5540387193653783,0.0,1.5122939564514701,35.0073398635863,4,1.3254211573746157,63,nan,nan,2.6312212146443357,5,nan,0,nan,nan,nan
2,0,init,False,18,1.7987267463663223,0.09946848246364881,0.0,1.8608387566726072,44.12035323503808,4,1.4784202331339371,84,nan,nan,2.9481309407410263,5,nan,0,nan,nan,nan
2,0,init,False,19,1.6219259550985072,0.06723627028273117,1.4901161193847656e-08,1.677932839881102,74.42484287557377,4,1.3377405722563598,113,nan,nan,5.537092049579155,10,nan,0,nan,nan,nan
2,0,init,False,20,0.4967517232200428,0.6634430540845474,0.0,0.5139051058639813,75.84888072224115,4,1.410734447486806,127,nan,nan,9.303967278611493,14,nan,0,nan,nan,nan
2,0,init,False,21,0.2801579968649878,0.6863642390730569,2.1073424255447017e-08,0.28983216022738795,106.18932736682225,4,1.31924396631905,161,nan,nan,10.604728075576892,16,nan,0,nan,nan,nan
2,0,init,False,22,0.4284902509478303,0.3055450104965983,0.0,0.44328648997456355,88.86975276936352,4,1.2797301308079836,138,nan,nan,8.46629043354273,13,nan,0,nan,nan,nan
2,0,init,False,23,0.8766018881723402,0.38588627836082534,0.0,0.9068719142464289,91.8337035908913,4,1.2317549105593442,153,nan,nan,10.283938173797363,17,nan,0,nan,nan,nan
2,1,step,False,0,1.0467706587360495,0.6023424308786371,0.0,1.0829167993741833,59.04569452859888,4,1.389966061080823,96,19.776593842374545,29.496742830431185,5.862727771146699,9,0.2565921095170623,0,1.6949287368540935,1.0,3.4814614967446974e-16
2,1,step,False,1,1.0701418227387929,0.4689349903857466,0.0,1.1070949953412543,51.64105542247972,4,1.2390161483685567,93,16.77943175354453,22.524447990007843,3.834714955441396,10,0.321410545429109,0,1.6949287368540935,1.0,3.4814614967446974e-16
2,1,step,False,2,0.7932685761589658,0.987681485605189,1.4901161193847656e-08,0.8206610114344033,42.34374708505638,4,1.3021521159175078,77,16.354900382347658,22.399713348815585,4.499004865583055,6,0.22622417089942462,0,1.6949287368540935,1.0,3.4814614967446974e-16
2,1,step,False,3,0.3205409858769687,0.37497260579054964,0.0,0.331609618207364,84.00726786199591,4,1.300901783066737,130,29.176252212002822,42.60630639616182,9.395125217389836,12,0.1495319903644573,0,1.6949287368540935,1.0,3.4814614967446974e-16
2,1,step,False,4,1.2844467353127504,0.5337889384004239,0.0,1.3288000919428142,7.469383352135623,4,1.6761644872707415,14,2.6677890471491295,3.957090577021544,1.2331901625011739,2,0.38709897964229617,0,1.6949287368540935,1.0,3.4814614967446974e-16
2,1,step,False,5,2.0802561912918844,0.08992628349328763,0.0,2.1520897225685247,39.51145944543005,4,1.5192913821130405,72,11.240977815410172,14.022946368431896,3.8389316012159815,6,0.3051005744462126,0,1.6949287368540935,1.0,3.4814614967446974e-16
2,1,step,False,6,1.2190457946602995,0.10152885172744242,0.0,1.2611407849720484,72.9073654873682,4,1.2255340651471252,122,22.65144161303686,30.46859474134583,7.368267676148906,10,0.14427967178120285,0,1.6949287368540935,1.0,3.4814614967446974e-16
2,1,step,False,7,1.5215077396539407,0.07753405422575356,0.0,1.5740470731560356,65.90824151687282,4,1.2594893218466454,114,22.219354176951285,32.446071434006505,8.378534792757735,14,0.1627198549623642,0,1.6949287368540935,1.0,3.4814614967446974e-16
2,1,step,False,8,1.0115079638172977,0.5461358199794482,0.0,1.0464364448667003,75.22126136979051,4,1.3281580911852546,123,27.91704293999407,36.44179125757889,6.412912375126976,9,0.3559487626731951,0,1.6949287368540935,1.0,3.4814614967446974e-16
2,1,step,False,9,0.3423530440072947,0.5521115748961614,0.0,0.3541748706636926,35.18788834101062,4,1.3549033565079938,63,8.86183472093312,12.404979820776017,3.1712875960203144,7,0.23810411398812872,0,1.6949287368540935,1.0,3.4814614967446974e-16
2,1,step,False,10,0.3204744605844023,0.2525601886855186,2.1073424255447017e-08,0.33154079572337275,87.16048825978412,4,1.2738906059503479,139,30.738004960022103,42.2178425158871,8.537188308423566,12,0.3054420581667506,0,1.6949287368540935,1.0,3.4814614967446974e-16
2,1,step,False,11,1.348557138294263,0.14957943849101998,1.4901161193847656e-08,1.3951242975593139,54.85926235489409,4,1.2922969011704626,92,17.05164612994586,24.629664273133443,5.991204343832476,9,0.20061669738198973,0,1.6949287368540935,1.0,3.4814614967446974e-16
2,1,step,False,12,1.95878432879614,0.07977124968576561,2.1073424255447017e-08,2.026423303233894,40.08902068095337,4,1.384946821223811,76,13.735461525275536,18.818722520805604,3.378532456734667,6,0.15975181638140584,0,1.6949287368540935,1.0,3.4814614967446974e-16
2,1,step,False,13,2.3633895001822,0.3257059914028394,2.1073424255447017e-08,2.444999935613612,26.59264496145776,4,1.352033392404459,52,7.475902496093372,10.466105937265866,2.5679215179102286,6,0.22535333686322115,0,1.6949287368540935,1.0,3.4814614967446974e-16
2,1,step,False,14,1.7825206800460858,0.3987447132339056,0.0,1.8440730770812943,46.172091068059316,4,1.3466985252160468,82,16.11904513790899,21.546685416902598,4.6502265177787,7,0.28844223394286844,0,1.6949287368540935,1.0,3.4814614967446974e-16
2,1,step,False,15,1.1478094221068595,0.48727230078711986,2.1073424255447017e-08,1.1874445422270075,28.877027391427546,4,1.59673346097239,55,7.160966979626291,10.77413941529456,4.574281728374072,8,0.17921632549928052,0,1.6949287368540935,1.0,3.4814614967446974e-16
2,1,step,False,16,0.7518156372889109,0.4418831093258379,1.4901161193847656e-08,0.7777766570525014,106.71190044916905,4,1.1266294635540246,165,36.22535879486841,49.556704841941325,10.530579947121234,17,0.18456057201815523,0,1.6949287368540935,1.0,3.4814614967446974e-16
2,1,step,False,17,1.4618158494836173,0.3785798749240355,0.0,1.5122939564514701,35.0073398635863,4,1.3254211573746157,63,9.853171079702859,13.593338418183833,2.6312212146443357,5,0.36930505783719175,0,1.6949287368540935,1.0,3.4814614967446974e-16
2,1,step,False,18,1.7987267463663223,0.23731931863679182,0.0,1.8608387566726072,44.12035323503808,4,1.4784202331339371,84,12.690661207299115,17.41004192114241,2.9481309407410263,5,0.23890162945794405,0,1.6949287368540935,1.0,3.4814614967446974e-16
2,1,step,False,19,1.6219259550985072,0.19424891909117095,1.4901161193847656e-08,1.677932839881102,74.42484287557377,4,1.3377405722563598,113,30.601027591767718,41.380871693530764,5.537092049579155,10,0.24014823631118803,0,1.6949287368540935,1.0,3.4814614967446974e-16
2,1,step,False,20,0.4967517232200428,0.6846393201905987,0.0,0.5139051058639813,75.84888072224115,4,1.410734447486806,127,18.816311055389633,29.60165141043377,9.303967278611493,14,0.17519522528465892,0,1.6949287368540935,1.0,3.4814614967446974e-16
2,1,step,False,21,0.2801579968649878,0.7463877259863863,2.1073424255447017e-08,0.28983216022738795,106.18932736682225,4,1.31924396631905,161,37.635997295129684,52.91425200546409,10.604728075576892,16,0.19799260125964885,0,1.6949287368540935,1.0,3.4814614967446974e-16
2,1,step,False,22,0.4284902509478303,0.29817052081214995,0.0,0.44328648997456355,88.86975276936352,4,1.2797301308079836,138,33.205969876835965,46.86479078669111,8.46629043354273,13,0.15573990884443353,0,1.6949287368540935,1.0,3.4814614967446974e-16
2,1,step,False,23,0.8766018881723402,0.4159739147898403,0.0,0.9068719142464289,91.8337035908913,4,1.2317549105593442,153,31.044857366390332,42.51745364896881,10.283938173797363,17,0.17486371591045305,0,1.6949287368540935,1.0,3.4814614967446974e-16
2,2,step,False,0,1.0467706587360495,0.5468324332275019,0.0,1.0829167993741833,59.04569452859888,4,1.389966061080823,96,19.03856043572899,28.11326814076426,5.8627277711467,9,0.13974472955108797,0,1.1984956034574787,0.6128551363945007,1.0605995610369807e-15
2,2,step,False,1,1.0701418227387929,0.3275296535701751,0.0,1.1070949953412543,51.64105542247972,4,1.2390161483685567,93,16.07916465566538,21.173298744391648,3.834714955441396,10,0.183552311271506,0,1.1984956034574787,0.6128551363945007,1.0605995610369807e-15
2,2,step,False,2,0.7932685761589658,0.7185338089995796,1.4901161193847656e-08,0.8206610114344033,42.34374708505638,4,1.3021521159175078,77,17.67683929947844,24.517591187128446,4.499004865583055,6,0.1971398740271401,0,1.1984956034574787,0.6128551363945007,1.0605995610369807e-15
2,2,step,False,3,0.3205409858769687,0.3167235597996013,0.0,0.331609618207364,84.00726786199591,4,1.300901783066737,130,29.752481651737778,41.5478749804643,9.395125217389836,12,0.13641606974618276,0,1.1984956034574787,0.6128551363945007,1.0605995610369807e-15
2,2,step,False,4,1.2844467353127504,0.48376971066320956,0.0,1.3288000919428142,7.469383352135623,4,1.6761644872707415,14,2.8912216313304215,4.248722431062184,1.2331901625011739,2,0.17814195087608062,0,1.1984956034574787,0.6128551363945007,1.0605995610369807e-15
2,2,step,False,5,2.0802561912918844,0.24803127365901395,0.0,2.1520897225685247,39.51145944543005,4,1.5192913821130405,72,9.741324426431389,11.593427661056317,3.8389316012159815,6,0.13325400130589057,0,1.1984956034574787,0.6128551363945007,1.0605995610369807e-15
2,2,step,False,6,1.2190457946602995,0.2985405660639878,0.0,1.2611407849720484,72.9073654873682,4,1.2255340651471252,122,22.67472977169495,32.00427623775338,7.368267676148906,10,0.1329072159548313,0,1.1984956034574787,0.6128551363945007,1.0605995610369807e-15
2,2,step,False,7,1.5215077396539407,0.10695493013850543,0.0,1.5740470731560356,65.90824151687282,4,1.2594893218466454,114,18.974388781562297,25.813540973323605,8.378534792757735,14,0.12888172934700237,0,1.1984956034574787,0.6128551363945007,1.0605995610369807e-15
2,2,step,False,8,1.0115079638172977,0.7082378926100475,0.0,1.0464364448667003,75.22126136979051,4,1.3281580911852546,123,28.814648308334256,37.77024357194809,6.412912375126976,9,0.20540990629059194,0,1.1984956034574787,0.6128551363945007,1.0605995610369807e-15
2,2,step,False,9,0.3423530440072947,0.5329982113946378,0.0,0.3541748706636926,35.18788834101062,4,1.3549033565079938,63,9.362326172579204,13.075301438879858,3.1712875960203144,7,0.16766532522206828,0,1.1984956034574787,0.6128551363945007,1.0605995610369807e-15
2,2,step,False,10,0.3204744605844023,0.3164339767304854,2.1073424255447017e-08,0.33154079572337275,87.16048825978412,4,1.2738906059503479,139,30.99361772771107,45.233757284271235,8.537188308423566,12,0.1960204878517695,0,1.1984956034574787,0.6128551363945007,1.0605995610369807e-15
2,2,step,False,11,1.348557138294263,0.39054800341743884,1.4901161193847656e-08,1.3951242975593139,54.85926235489409,4,1.2922969011704626,92,15.851893050610844,24.096578855057594,5.991204343832476,9,0.19152011481351433,0,1.1984956034574787,0.6128551363945007,1.0605995610369807e-15
2,2,step,False,12,1.95878432879614,0.13550427405738152,2.1073424255447017e-08,2.026423303233894,40.08902068095337,4,1.384946821223811,76,10.56066754877841,13.734772855382937,3.378532456734667,6,0.17967652530543465,0,1.1984956034574787,0.6128551363945007,1.0605995610369807e-15
2,2,step,False,13,2.3633895001822,0.16123332846470625,2.1073424255447017e-08,2.444999935613612,26.59264496145776,4,1.352033392404459,52,6.392854193524643,7.845759727621109,2.5679215179102286,6,0.19641222864549543,0,1.1984956034574787,0.6128551363945007,1.0605995610369807e-15
2,2,step,False,14,1.7825206800460858,0.3916821072098907,0.0,1.8440730770812943,46.172091068059316,4,1.3466985252160468,82,15.116522391755616,20.019130138365465,4.6502265177787,7,0.16141228551171344,0,1.1984956034574787,0.6128551363945007,1.0605995610369807e-15
2,2,step,False,15,1.1478094221068595,0.5910369944858378,2.1073424255447017e-08,1.1874445422270075,28.877027391427546,4,1.59673346097239,55,7.292097804413325,11.267784518882378,4.574281728374072,8,0.1440070464738364,0,1.1984956034574787,0.6128551363945007,1.0605995610369807e-15
2,2,step,False,16,0.7518156372889109,0.265023925176952,1.4901161193847656e-08,0.7777766570525014,106.71190044916905,4,1.1266294635540246,165,40.039909033733444,53.57934119724247,10.530579947121234,17,0.17538000912480053,0,1.1984956034574787,0.6128551363945007,1.0605995610369807e-15
2,2,step,False,17,1.4618158494836173,0.18823710426398282,0.0,1.5122939564514701,35.0073398635863,4,1.3254211573746157,63,10.626396853388693,14.44121805762267,2.6312212146443357,5,0.24877756617899555,0,1.1984956034574787,0.6128551363945007,1.0605995610369807e-15
2,2,step,False,18,1.7987267463663223,0.27073748313030876,0.0,1.8608387566726072,44.12035323503808,4,1.4784202331339371,84,12.750554428716447,16.7709422242301,2.9481309407410263,5,0.1502952843671844,0,1.1984956034574787,0.6128551363945007,1.0605995610369807e-15
2,2,step,False,19,1.6219259550985072,0.2810977172456171,1.4901161193847656e-08,1.677932839881102,74.42484287557377,4,1.3377405722563598,113,28.423021566070766,37.32693443174621,5.537092049579155,10,0.11677499031872908,0,1.1984956034574787,0.6128551363945007,1.0605995610369807e-15
2,2,step,False,20,0.4967517232200428,0.7064628475673154,0.0,0.5139051058639813,75.84888072224115,4,1.410734447486806,127,22.966572558127364,34.9725003109581,9.303967278611493,14,0.14295525890285715,0,1.1984956034574787,0.6128551363945007,1.0605995610369807e-15
2,2,step,False,21,0.2801579968649878,0.8416547737360611,2.1073424255447017e-08,0.28983216022738795,106.18932736682225,4,1.31924396631905,161,37.36182861692851,51.4719655170829,10.604728075576892,16,0.1939680977557388,0,1.1984956034574787,0.6128551363945007,1.0605995610369807e-15
2,2,step,False,22,0.4284902509478303,0.26264950668835224,0.0,0.44328648997456355,88.86975276936352,4,1.2797301308079836,138,34.548590138673184,49.241434822811506,8.46629043354273,13,0.14288433242287868,0,1.1984956034574787,0.6128551363945007,1.0605995610369807e-15
2,2,step,False,23,0.8766018881723402,0.20333203704485248,0.0,0.9068719142464289,91.8337035908913,4,1.2317549105593442,153,32.06980327343537,42.778456988787894,10.283938173797363,17,0.1670685572577832,0,1.1984956034574787,0.6128551363945007,1.0605995610369807e-15
2,3,step,False,0,1.0467706587360495,0.39238738745873414,0.0,1.0829167993741833,59.04569452859888,4,1.389966061080823,96,18.5474836043599,25.61190496125988,5.862727771146699,9,0.08495919100791248,0,0.8474643684270466,0.3714176416397095,8.111236257065631e-16
2,3,step,False,1,1.0701418227387929,0.24305354001331628,0.0,1.1070949953412543,51.64105542247972,4,1.2390161483685567,93,19.16739846555706,25.987980502026858,3.834714955441396,10,0.12842528592041735,0,0.8474643684270466,0.3714176416397095,8.111236257065631e-16
2,3,step,False,2,0.7932685761589658,0.3741263533355299,1.4901161193847656e-08,0.8206610114344033,42.34374708505638,4,1.3021521159175078,77,14.379499232323559,18.46974072238107,4.499004865583055,6,0.11591725244114155,0,0.8474643684270466,0.3714176416397095,8.111236257065631e-16
2,3,step,False,3,0.3205409858769687,0.3103223642646719,0.0,0.331609618207364,84.00726786199591,4,1.300901783066737,130,32.41490233089841,44.0647556360621,9.395125217389836,12,0.09648660260758066,0,0.8474643684270466,0.3714176416397095,8.111236257065631e-16
2,3,step,False,4,1.2844467353127504,0.4399136808958876,0.0,1.3288000919428142,7.469383352135623,4,1.6761644872707415,14,2.678938426822529,3.9979010610122394,1.2331901625011739,2,0.184635442914246,0,0.8474643684270466,0.3714176416397095,8.111236257065631e-16
2,3,step,False,5,2.0802561912918844,0.34854571540279444,0.0,2.1520897225685247,39.51145944543005,4,1.5192913821130405,72,9.25034794757008,11.680722702716269,3.8389316012159815,6,0.1439002278768611,0,0.8474643684270466,0.3714176416397095,8.111236257065631e-16
2,3,step,False,6,1.2190457946602995,0.30461134539698004,0.0,1.2611407849720484,72.9073654873682,4,1.2255340651471252,122,22.556423343548744,31.9254353355437,7.368267676148906,10,0.09147048504201455,0,0.8474643684270466,0.3714176416397095,8.111236257065631e-16
2,3,step,False,7,1.5215077396539407,0.13347920474185831,0.0,1.5740470731560356,65.90824151687282,4,1.2594893218466454,114,16.212756460323504,21.299404413695978,8.378534792757735,14,0.10537946955372633,0,0.8474643684270466,0.3714176416397095,8.111236257065631e-16
2,3,step,False,8,1.0115079638172977,0.6753464921180424,0.0,1.0464364448667003,75.22126136979051,4,1.3281580911852546,123,29.507048045826817,39.49983399021149,6.412912375126976,9,0.1478563995536905,0,0.8474643684270466,0.3714176416397095,8.111236257065631e-16
2,3,step,False,9,0.3423530440072947,0.38153348798570363,0.0,0.3541748706636926,35.18788834101062,4,1.3549033565079938,63,11.991983427281243,17.34243795277593,3.1712875960203144,7,0.1442156313539225,0,0.8474643684270466,0.3714176416397095,8.111236257065631e-16
2,3,step,False,10,0.3204744605844023,0.32580210817308053,2.1073424255447017e-08,0.33154079572337275,87.16048825978412,4,1.2738906059503479,139,30.60934316842974,44.48678063193624,8.537188308423566,12,0.14912430765074,0,0.8474643684270466,0.3714176416397095,8.111236257065631e-16
2,3,step,False,11,1.348557138294263,0.3303788988215758,1.4901161193847656e-08,1.3951242975593139,54.85926235489409,4,1.2922969011704626,92,17.29100521835549,25.124659316423948,5.991204343832476,9,0.13239820673274183,0,0.8474643684270466,0.3714176416397095,8.111236257065631e-16
2,3,step,False,12,1.95878432879614,0.2433331785682486,2.1073424255447017e-08,2.026423303233894,40.08902068095337,4,1.384946821223811,76,9.159763292764332,10.873017545366004,3.378532456734667,6,0.1268784916461103,0,0.8474643684270466,0.3714176416397095,8.111236257065631e-16
2,3,step,False,13,2.3633895001822,0.14748446735083073,2.1073424255447017e-08,2.444999935613612,26.59264496145776,4,1.352033392404459,52,5.287584220200431,6.660957090029207,2.5679215179102286,6,0.2114483876035214,0,0.8474643684270466,0.3714176416397095,8.111236257065631e-16
2,3,step,False,14,1.7825206800460858,0.4136041493060941,0.0,1.8440730770812943,46.172091068059316,4,1.3466985252160468,82,12.775618143338173,15.459031398529909,4.6502265177787,7,0.12230605689511195,0,0.8474643684270466,0.3714176416397095,8.111236257065631e-16
2,3,step,False,15,1.1478094221068595,0.5759494855465097,2.1073424255447017e-08,1.1874445422270075,28.877027391427546,4,1.59673346097239,55,6.87512772862896,10.589673421388287,4.574281728374072,8,0.11735404338943535,0,0.8474643684270466,0.3714176416397095,8.111236257065631e-16
2,3,step,False,16,0.7518156372889109,0.1926897309975192,1.4901161193847656e-08,0.7777766570525014,106.71190044916905,4,1.1266294635540246,165,39.317559803391795,51.8747546281656,10.530579947121234,17,0.13779277149302066,0,0.8474643684270466,0.3714176416397095,8.111236257065631e-16
2,3,step,False,17,1.4618158494836173,0.13272687451551055,0.0,1.5122939564514701,35.0073398635863,4,1.3254211573746157,63,11.051229990869258,15.442393503364366,2.6312212146443357,5,0.15039016994862459,0,0.8474643684270466,0.3714176416397095,8.111236257065631e-16
2,3,step,False,18,1.7987267463663223,0.21648144396876726,0.0,1.8608387566726072,44.12035323503808,4,1.4784202331339371,84,14.659170614136276,19.40137937544707,2.9481309407410263,5,0.09739106626310436,0,0.8474643684270466,0.3714176416397095,8.111236257065631e-16
2,3,step,False,19,1.6219259550985072,0.2551272564016125,1.4901161193847656e-08,1.677932839881102,74.42484287557377,4,1.3377405722563598,113,25.571638254448118,32.66124447381649,5.537092049579155,10,0.10839303545105917,0,0.8474643684270466,0.3714176416397095,8.111236257065631e-16
2,3,step,False,20,0.4967517232200428,0.7323489173167134,0.0,0.5139051058639813,75.84888072224115,4,1.410734447486806,127,27.0464863387842,38.40999407848772,9.303967278611493,14,0.10762693109281045,0,0.8474643684270466,0.3714176416397095,8.111236257065631e-16
2,3,step,False,21,0.2801579968649878,0.8414938251440792,2.1073424255447017e-08,0.28983216022738795,106.18932736682225,4,1.31924396631905,161,37.756862725673884,51.66725894286776,10.604728075576892,16,0.13934104223351523,0,0.8474643684270466,0.3714176416397095,8.111236257065631e-16
2,3,step,False,22,0.4284902509478303,0.3127078556492134,0.0,0.44328648997456355,88.86975276936352,4,1.2797301308079836,138,33.391634407642826,48.33769382811591,8.46629043354273,13,0.11777380434384961,0,0.8474643684270466,0.3714176416397095,8.111236257065631e-16
2,3,step,False,23,0.8766018881723402,0.16543120734073702,0.0,0.9068719142464289,91.8337035908913,4,1.2317549105593442,153,32.50021154968166,41.81807410869145,10.283938173797363,17,0.17848920164366291,0,0.8474643684270466,0.3714176416397095,8.111236257065631e-16
3,0,init,False,0,2.012293809437055,0.1189250633427704,0.0,2.474463790880366,37.93057280478205,4,1.3455784074471395,70,nan,nan,2.3987478743099753,5,nan,0,nan,nan,nan
3,0,init,False,1,0.7367854000076806,0.9679216209387717,0.0,0.9060052689216112,57.99527211735812,4,1.3382596057270464,106,nan,nan,4.319028570941812,7,nan,0,nan,nan,nan
3,0,init,False,2,0.6609735095724033,0.06887049785802365,1.4901161193847656e-08,0.812781418149659,63.15955652333682,4,1.3465946908914779,109,nan,nan,6.59799573995392,10,nan,0,nan,nan,nan
3,0,init,False,3,1.5791575861932878,0.14332474052830613,1.4901161193847656e-08,1.941847780281392,50.09814652505192,4,1.4943202051199926,94,nan,nan,5.7789260660438275,8,nan,0,nan,nan,nan
3,0,init,False,4,1.2628620126326964,0.3485821184848578,1.4901161193847656e-08,1.5529075865974626,82.79149624132033,4,1.204873137523886,136,nan,nan,7.437269315357204,10,nan,0,nan,nan,nan
3,0,init,False,5,2.203884775882906,0.015251394720146643,0.0,2.7100580698602634,26.607861162891997,4,1.6151408514682852,50,nan,nan,2.8267201846873764,5,nan,0,nan,nan,nan
3,0,init,False,6,1.3474154075443938,0.15901079026411394,0.0,1.6568806312511828,22.494725083016796,4,1.6539183287774182,46,nan,nan,2.615243560051563,4,nan,0,nan,nan,nan
3,0,init,False,7,0.637017188984615,0.011477180466595497,1.4901161193847656e-08,0.7833229724797459,88.99898775563832,4,1.2111449125455207,139,nan,nan,9.682665901664583,13,nan,0,nan,nan,nan
3,0,init,False,8,1.1241654617540675,0.2555653405232771,0.0,1.382356153471912,88.03765048272967,4,1.257016970154669,145,nan,nan,8.152211720119793,13,nan,0,nan,nan,nan
3,0,init,False,9,0.3160041946949852,0.9823052616221021,0.0,0.3885818928985329,108.0706132519012,4,1.2117144547233307,161,nan,nan,12.079669779619502,18,nan,0,nan,nan,nan
3,0,init,False,10,0.5495978082565923,0.36195869889235066,0.0,0.67582570184351,39.635768704361176,4,1.524224254169316,70,nan,nan,3.537934644185022,6,nan,0,nan,nan,nan
3,0,init,False,11,1.145507073081825,0.3731033593749509,0.0,1.4085993612092313,53.50595265384432,4,1.3543931342986377,91,nan,nan,7.38593777801114,11,nan,0,nan,nan,nan
3,0,init,False,12,1.6167986815583852,0.10105536380967016,1.4901161193847656e-08,1.9881340268986616,35.30335441281399,4,1.470880390822856,74,nan,nan,2.9313321915881727,7,nan,0,nan,nan,nan
3,0,init,False,13,1.4957891254472597,0.003046285509873015,0.0,1.8393318174284385,37.83702709614994,4,1.514555800642806,63,nan,nan,2.803091225960861,3,nan,0,nan,nan,nan
3,0,init,False,14,1.2928729106443955,0.057586773197696436,1.4901161193847656e-08,1.5898111839317541,59.557835607351116,4,1.3574636402010074,100,nan,nan,6.206718192376204,9,nan,0,nan,nan,nan
3,0,init,False,15,1.0821811863143032,0.2952436077285395,2.1073424255447017e-08,1.3307292146646468,80.57983105058655,4,1.2621418675497373,123,nan,nan,7.850604467949541,13,nan,0,nan,nan,nan
3,0,init,False,16,2.2308898068401075,0.08616721105592184,1.4901161193847656e-08,2.743265433000685,29.913116794190373,4,1.419443889218377,53,nan,nan,2.7772449603376677,3,nan,0,nan,nan,nan
3,0,init,False,17,0.9897997487825622,0.05199411665022781,0.0,1.217130235703558,81.85760306373517,4,1.2668221508812167,130,nan,nan,8.856224368899573,12,nan,0,nan,nan,nan
3,0,init,False,18,0.5590769175905304,0.7492733590891734,0.0,0.6874819086591478,92.05003247630124,4,1.1697464886624773,143,nan,nan,9.3643968727245,15,nan,0,nan,nan,nan
3,0,init,False,19,0.3614042791791365,0.16942450645155605,0.0,0.4444091605828526,94.70932325003324,4,1.2914698356524905,147,nan,nan,10.537613697884298,15,nan,0,nan,nan,nan
3,0,init,False,20,1.1237436745120502,0.056892455633651876,0.0,1.3818374929995034,74.65822521997791,4,1.2522667698187906,126,nan,nan,6.4742167580679,10,nan,0,nan,nan,nan
3,0,init,False,21,0.48646786313588014,0.7765530727869696,0.0,0.5981964994930005,78.49371927859829,4,1.2956308258276654,125,nan,nan,9.434113855160204,15,nan,0,nan,nan,nan
3,0,init,False,22,1.1811721758476943,0.07523503250744153,0.0,1.4524557826613549,35.3537841656409,4,1.6002462899003156,65,nan,nan,2.340317431032207,3,nan,0,nan,nan,nan
3,0,init,False,23,0.5342055744252718,0.9915647850046189,0.0,0.6568982842379162,20.35954427838876,4,1.4853578680848185,45,nan,nan,1.6117748430731833,3,nan,0,nan,nan,nan
3,1,step,False,0,2.012293809437055,0.11413707668497794,0.0,2.474463790880366,37.93057280478205,4,1.3455784074471395,70,10.922416364615072,14.482454994206554,2.3987478743099753,5,0.35006647273791275,0,1.5615755036669832,1.0,4.07389721568452e-16
3,1,step,False,1,0.7367854000076806,0.9802371806583752,0.0,0.9060052689216112,57.99527211735812,4,1.3382596057270464,106,15.010092051920687,22.83846301223448,4.319028570941812,7,0.129957601493188,0,1.5615755036669832,1.0,4.07389721568452e-16
3,1,step,False,2,0.6609735095724033,0.163958992981759,1.4901161193847656e-08,0.812781418149659,63.15955652333682,4,1.3465946908914779,109,16.773240001704252,26.060001847395142,6.59799573995392,10,0.3128501123724833,0,1.5615755036669832,1.0,4.07389721568452e-16
3,1,step,False,3,1.5791575861932878,0.43879611562172116,1.4901161193847656e-08,1.941847780281392,50.09814652505192,4,1.4943202051199926,94,14.899836431441516,19.76585011294503,5.7789260660438275,8,0.23721232970390835,0,1.5615755036669832,1.0,4.07389721568452e-16
3,1,step,False,4,1.2628620126326964,0.4794409759896336,1.4901161193847656e-08,1.5529075865974626,82.79149624132033,4,1.204873137523886,136,30.000734778869607,41.36548508494214,7.437269315357204,10,0.28893860852099446,0,1.5615755036669832,1.0,4.07389721568452e-16
3,1,step,False,5,2.203884775882906,0.03553902500727237,0.0,2.7100580698602634,26.607861162891997,4,1.6151408514682852,50,5.701010206032429,9.540497063668147,2.8267201846873764,5,0.17057416093812403,0,1.5615755036669832,1.0,4.07389721568452e-16
3,1,step,False,6,1.3474154075443938,0.21049413987177984,0.0,1.6568806312511828,22.494725083016796,4,1.6539183287774182,46,5.15968537689842,8.178615756529265,2.615243560051563,4,0.14080879043849373,0,1.5615755036669832,1.0,4.07389721568452e-16
3,1,step,False,7,0.637017188984615,0.16698397395767053,1.4901161193847656e-08,0.7833229724797459,88.99898775563832,4,1.2111449125455207,139,30.448542280750008,41.1574719300779,9.682665901664583,13,0.14611865507448704,0,1.5615755036669832,1.0,4.07389721568452e-16
3,1,step,False,8,1.1241654617540675,0.1608760490998098,0.0,1.382356153471912,88.03765048272967,4,1.257016970154669,145,29.053652846562443,41.683052171770576,8.152211720119793,13,0.29513677239819547,0,1.5615755036669832,1.0,4.07389721568452e-16
3,1,step,False,9,0.3160041946949852,0.9999961673953452,0.0,0.3885818928985329,108.0706132519012,4,1.2117144547233307,161,42.8935622231798,58.530855301915764,12.079669779619502,18,0.25341245846019755,0,1.5615755036669832,1.0,4.07389721568452e-16
3,1,step,False,10,0.5495978082565923,0.3099622959056873,0.0,0.67582570184351,39.635768704361176,4,1.524224254169316,70,10.636952920369222,14.250463305950456,3.537934644185022,6,0.30988949902636553,0,1.5615755036669832,1.0,4.07389721568452e-16
3,1,step,False,11,1.145507073081825,0.6007513627366825,0.0,1.4085993612092313,53.50595265384432,4,1.3543931342986377,91,16.987319016572748,22.422380618220046,7.38593777801114,11,0.18523367805006047,0,1.5615755036669832,1.0,4.07389721568452e-16
3,1,step,False,12,1.6167986815583852,0.24200315004748568,1.4901161193847656e-08,1.9881340268986616,35.30335441281399,4,1.470880390822856,74,8.27525075068241,10.276580991030693,2.9313321915881727,7,0.2588828700092733,0,1.5615755036669832,1.0,4.07389721568452e-16
3,1,step,False,13,1.4957891254472597,0.060517793626875406,0.0,1.8393318174284385,37.83702709614994,4,1.514555800642806,63,14.486518135238502,20.3996384800186,2.803091225960861,3,0.2608961719667069,0,1.5615755036669832,1.0,4.07389721568452e-16
3,1,step,False,14,1.2928729106443955,0.41247396689988225,1.4901161193847656e-08,1.5898111839317541,59.557835607351116,4,1.3574636402010074,100,21.64276409526105,30.36216966529646,6.206718192376204,9,0.24739712553008736,0,1.5615755036669832,1.0,4.07389721568452e-16
3,1,step,False,15,1.0821811863143032,0.2034641081031683,2.1073424255447017e-08,1.3307292146646468,80.57983105058655,4,1.2621418675497373,123,30.556319088868502,43.483785732213775,7.850604467949541,13,0.10127431659415921,0,1.5615755036669832,1.0,4.07389721568452e-16
3,1,step,False,16,2.2308898068401075,0.09051513340017427,1.4901161193847656e-08,2.743265433000685,29.913116794190373,4,1.419443889218377,53,9.17412241406408,12.544210845162215,2.7772449603376677,3,0.2603030799232037,0,1.5615755036669832,1.0,4.07389721568452e-16
3,1,step,False,17,0.9897997487825622,0.15147830775898247,0.0,1.217130235703558,81.85760306373517,4,1.2668221508812167,130,29.688235730993995,42.488633301819924,8.856224368899573,12,0.1446298679876211,0,1.5615755036669832,1.0,4.07389721568452e-16
3,1,step,False,18,0.5590769175905304,0.6639154544912245,0.0,0.6874819086591478,92.05003247630124,4,1.1697464886624773,143,34.46379207333563,47.075097607185626,9.3643968727245,15,0.2521945184996701,0,1.5615755036669832,1.0,4.07389721568452e-16
3,1,step,False,19,0.3614042791791365,0.36770287433553195,0.0,0.4444091605828526,94.70932325003324,4,1.2914698356524905,147,32.555472275433054,45.326689933314725,10.537613697884298,15,0.2943131555063525,0,1.5615755036669832,1.0,4.07389721568452e-16
3,1,step,False,20,1.1237436745120502,0.11364538568570215,0.0,1.3818374929995034,74.65822521997791,4,1.2522667698187906,126,29.580320927251453,39.15800024600011,6.4742167580679,10,0.2624914520366955,0,1.5615755036669832,1.0,4.07389721568452e-16
3,1,step,False,21,0.48646786313588014,0.8483617257003817,0.0,0.5981964994930005,78.49371927859829,4,1.2956308258276654,125,26.417901366606994,36.81208911139034,9.434113855160204,15,0.09505026496591547,0,1.5615755036669832,1.0,4.07389721568452e-16
3,1,step,False,22,1.1811721758476943,0.2037585169403468,0.0,1.4524557826613549,35.3537841656409,4,1.6002462899003156,65,10.049682712382431,14.14525421403489,2.340317431032207,3,0.3297064770949394,0,1.5615755036669832,1.0,4.07389721568452e-16
3,1,step,False,23,0.5342055744252718,0.9962914317990258,0.0,0.6568982842379162,20.35954427838876,4,1.4853578680848185,45,4.6225759309657,5.500069281013567,1.6117748430731833,3,0.09793552616181286,0,1.5615755036669832,1.0,4.07389721568452e-16
3,2,step,False,0,2.012293809437055,0.09161713508079525,0.0,2.474463790880366,37.93057280478205,4,1.3455784074471395,70,10.317248303354779,13.784707738587477,2.3987478743099753,5,0.18410791373493315,0,1.1042006279777221,0.6145696491003036,1.8891628526149118e-15
3,2,step,False,1,0.7367854000076806,0.9991932852075729,0.0,0.9060052689216112,57.99527211735812,4,1.3382596057270464,106,16.410295509814055,25.82475570431145,4.319028570941812,7,0.1747770070469442,0,1.1042006279777221,0.6145696491003036,1.8891628526149118e-15
3,2,step,False,2,0.6609735095724033,0.22221451786823546,1.4901161193847656e-08,0.812781418149659,63.15955652333682,4,1.3465946908914779,109,14.326222902534234,21.377588267513758,6.59799573995392,10,0.17535695576495527,0,1.1042006279777221,0.6145696491003036,1.8891628526149118e-15
3,2,step,False,3,1.5791575861932878,0.5054933482484871,1.4901161193847656e-08,1.941847780281392,50.09814652505192,4,1.4943202051199926,94,14.788682744493938,19.566070289614668,5.7789260660438275,8,0.1949199506924053,0,1.1042006279777221,0.6145696491003036,1.8891628526149118e-15
3,2,step,False,4,1.2628620126326964,0.4004149088872745,1.4901161193847656e-08,1.5529075865974626,82.79149624132033,4,1.204873137523886,136,29.017515336065333,38.43745744987731,7.437269315357204,10,0.17266296291585992,0,1.1042006279777221,0.6145696491003036,1.8891628526149118e-15
3,2,step,False,5,2.203884775882906,0.18475811017524216,0.0,2.7100580698602634,26.607861162891997,4,1.6151408514682852,50,5.077048844953287,7.426811782708531,2.8267201846873764,5,0.16390852069007072,0,1.1042006279777221,0.6145696491003036,1.8891628526149118e-15
3,2,step,False,6,1.3474154075443938,0.13569251257131126,0.0,1.6568806312511828,22.494725083016796,4,1.6539183287774182,46,6.896774543044844,10.23009978521969,2.615243560051563,4,0.15824841130604925,0,1.1042006279777221,0.6145696491003036,1.8891628526149118e-15
3,2,step,False,7,0.637017188984615,0.29322751578822676,1.4901161193847656e-08,0.7833229724797459,88.99898775563832,4,1.2111449125455207,139,31.426908074890488,43.808383774032485,9.682665901664583,13,0.18803109722855021,0,1.1042006279777221,0.6145696491003036,1.8891628526149118e-15
3,2,step,False,8,1.1241654617540675,0.22021637358786503,0.0,1.382356153471912,88.03765048272967,4,1.257016970154669,145,29.400803301903704,39.8224309508756,8.152211720119793,13,0.21410663223793583,0,1.1042006279777221,0.6145696491003036,1.8891628526149118e-15
3,2,step,False,9,0.3160041946949852,0.99288162181063,0.0,0.3885818928985329,108.0706132519012,4,1.2117144547233307,161,41.72822978167948,55.282184684073044,12.079669779619502,18,0.182924334348107,0,1.1042006279777221,0.6145696491003036,1.8891628526149118e-15
3,2,step,False,10,0.5495978082565923,0.1728640226726826,0.0,0.67582570184351,39.635768704361176,4,1.524224254169316,70,13.955493190562379,19.465423737544636,3.537934644185022,6,0.17582380279781873,0,1.1042006279777221,0.6145696491003036,1.8891628526149118e-15
3,2,step,False,11,1.145507073081825,0.6928296236174054,0.0,1.4085993612092313,53.50595265384432,4,1.3543931342986377,91,18.11564654080409,25.305636749377165,7.38593777801114,11,0.1576768068640407,0,1.1042006279777221,0.6145696491003036,1.8891628526149118e-15
3,2,step,False,12,1.6167986815583852,0.3392787501110733,1.4901161193847656e-08,1.9881340268986616,35.30335441281399,4,1.470880390822856,74,7.796284764141107,10.507071017989338,2.9313321915881727,7,0.2178588442708584,0,1.1042006279777221,0.6145696491003036,1.8891628526149118e-15
3,2,step,False,13,1.4957891254472597,0.05925043608008013,0.0,1.8393318174284385,37.83702709614994,4,1.514555800642806,63,12.542139526109665,17.554209430109662,2.803091225960861,3,0.22849916313142535,0,1.1042006279777221,0.6145696491003036,1.8891628526149118e-15
3,2,step,False,14,1.2928729106443955,0.47183747418758165,1.4901161193847656e-08,1.5898111839317541,59.557835607351116,4,1.3574636402010074,100,20.487358749643242,26.760615894046982,6.206718192376204,9,0.20878608238252266,0,1.1042006279777221,0.6145696491003036,1.8891628526149118e-15
3,2,step,False,15,1.0821811863143032,0.2945372465444979,2.1073424255447017e-08,1.3307292146646468,80.57983105058655,4,1.2621418675497373,123,31.22282201730868,42.07124106920494,7.850604467949541,13,0.16742077656446844,0,1.1042006279777221,0.6145696491003036,1.8891628526149118e-15
3,2,step,False,16,2.2308898068401075,0.13125410656706796,1.4901161193847656e-08,2.743265433000685,29.913116794190373,4,1.419443889218377,53,7.104529337330395,9.669864133098972,2.7772449603376677,3,0.22554531591746393,0,1.1042006279777221,0.6145696491003036,1.8891628526149118e-15
3,2,step,False,17,0.9897997487825622,0.34197017223116394,0.0,1.217130235703558,81.85760306373517,4,1.2668221508812167,130,27.23380307904477,37.64458220137201,8.856224368899573,12,0.19042756378564013,0,1.1042006279777221,0.6145696491003036,1.8891628526149118e-15
3,2,step,False,18,0.5590769175905304,0.5358056329530438,0.0,0.6874819086591478,92.05003247630124,4,1.1697464886624773,143,34.94682838945915,48.720543776749196,9.3643968727245,15,0.24278502444343283,0,1.1042006279777221,0.6145696491003036,1.8891628526149118e-15
3,2,step,False,19,0.3614042791791365,0.4511255744993617,0.0,0.4444091605828526,94.70932325003324,4,1.2914698356524905,147,31.694648446537904,44.339159337369026,10.537613697884298,15,0.2341117766093654,0,1.1042006279777221,0.6145696491003036,1.8891628526149118e-15
3,2,step,False,20,1.1237436745120502,0.08103577882920994,0.0,1.3818374929995034,74.65822521997791,4,1.2522667698187906,126,30.223464515123418,41.71442486162576,6.4742167580679,10,0.18067909056560705,0,1.1042006279777221,0.6145696491003036,1.8891628526149118e-15
3,2,step,False,21,0.48646786313588014,0.8804418764931059,0.0,0.5981964994930005,78.49371927859829,4,1.2956308258276654,125,29.29646930849455,42.2279509251656,9.434113855160204,15,0.14287367015030772,0,1.1042006279777221,0.6145696491003036,1.8891628526149118e-15
3,2,step,False,22,1.1811721758476943,0.2843006969470502,0.0,1.4524557826613549,35.3537841656409,4,1.6002462899003156,65,9.88032007314064,14.308743590856933,2.340317431032207,3,0.21789625130579993,0,1.1042006279777221,0.6145696491003036,1.8891628526149118e-15
3,2,step,False,23,0.5342055744252718,0.9787652403514034,0.0,0.6568982842379162,20.35954427838876,4,1.4853578680848185,45,6.110465488946998,8.357082013079813,1.6117748430731833,3,0.18910459297065332,0,1.1042006279777221,0.6145696491003036,1.8891628526149118e-15
3,3,step,False,0,2.012293809437055,0.0881628060144701,0.0,2.474463790880366,37.93057280478205,4,1.3455784074471395,70,8.750994040112468,11.611246324364783,2.3987478743099753,5,0.19640502342528868,0,0.7807877518334915,0.37168245017528534,3.6860587097918075e-14
3,3,step,False,1,0.7367854000076806,0.9936894169496331,0.0,0.9060052689216112,57.99527211735812,4,1.3382596057270464,106,14.452486533542023,21.43526465383357,4.319028570941812,7,0.17375656635297648,0,0.7807877518334915,0.37168245017528534,3.6860587097918075e-14
3,3,step,False,2,0.6609735095724033,0.20427897497663133,1.4901161193847656e-08,0.812781418149659,63.15955652333682,4,1.3465946908914779,109,17.488015240056605,26.245182891870147,6.59799573995392,10,0.04494993219814035,0,0.7807877518334915,0.37168245017528534,3.6860587097918075e-14
3,3,step,False,3,1.5791575861932878,0.6268870311987923,1.4901161193847656e-08,1.941847780281392,50.09814652505192,4,1.4943202051199926,94,15.703082045082425,20.84806477535798,5.7789260660438275,8,0.07781394015389227,0,0.7807877518334915,0.37168245017528534,3.6860587097918075e-14
3,3,step,False,4,1.2628620126326964,0.5396092683159185,1.4901161193847656e-08,1.5529075865974626,82.79149624132033,4,1.204873137523886,136,29.16484283290233,37.24467773311461,7.437269315357204,10,0.1459565544293166,0,0.7807877518334915,0.37168245017528534,3.6860587097918075e-14
3,3,step,False,5,2.203884775882906,0.2744215013551781,0.0,2.7100580698602634,26.607861162891997,4,1.6151408514682852,50,4.808145295214488,6.326291962975416,2.8267201846873764,5,0.10419602121441596,0,0.7807877518334915,0.37168245017528534,3.6860587097918075e-14
3,3,step,False,6,1.3474154075443938,0.08585578941457675,0.0,1.6568806312511828,22.494725083016796,4,1.6539183287774182,46,8.158881818352384,11.002885312600617,2.615243560051563,4,0.1042614153350626,0,0.7807877518334915,0.37168245017528534,3.6860587097918075e-14
3,3,step,False,7,0.637017188984615,0.3324736305579251,1.4901161193847656e-08,0.7833229724797459,88.99898775563832,4,1.2111449125455207,139,30.022853993105407,41.62742734497085,9.682665901664583,13,0.11271386875280527,0,0.7807877518334915,0.37168245017528534,3.6860587097918075e-14
3,3,step,False,8,1.1241654617540675,0.1877283833193943,0.0,1.382356153471912,88.03765048272967,4,1.257016970154669,145,31.490182399833504,43.10707564538748,8.152211720119793,13,0.06831246058393486,0,0.7807877518334915,0.37168245017528534,3.6860587097918075e-14
3,3,step,False,9,0.3160041946949852,0.9834929800019814,0.0,0.3885818928985329,108.0706132519012,4,1.2117144547233307,161,43.77011211366303,57.44679720867943,12.079669779619502,18,0.06408895983107615,0,0.7807877518334915,0.37168245017528534,3.6860587097918075e-14
3,3,step,False,10,0.5495978082565923,0.33626763334072945,0.0,0.67582570184351,39.635768704361176,4,1.524224254169316,70,17.66955800087036,24.780048402946957,3.537934644185022,6,0.12040106938111828,0,0.7807877518334915,0.37168245017528534,3.6860587097918075e-14
3,3,step,False,11,1.145507073081825,0.49543641444719777,0.0,1.4085993612092313,53.50595265384432,4,1.3543931342986377,91,18.01130826311479,25.772291736243723,7.38593777801114,11,0.14290043538608965,0,0.7807877518334915,0.37168245017528534,3.6860587097918075e-14
3,3,step,False,12,1.6167986815583852,0.24445614252072273,1.4901161193847656e-08,1.9881340268986616,35.30335441281399,4,1.470880390822856,74,8.52082698339709,13.515809693372862,2.931332191588173,7,0.25960245968032847,0,0.7807877518334915,0.37168245017528534,3.6860587097918075e-14
3,3,step,False,13,1.4957891254472597,0.04440008308794295,0.0,1.8393318174284385,37.83702709614994,4,1.514555800642806,63,10.125473491826137,13.502408038617862,2.803091225960861,3,0.14641419128676766,0,0.7807877518334915,0.37168245017528534,3.6860587097918075e-14
3,3,step,False,14,1.2928729106443955,0.4682723034491786,1.4901161193847656e-08,1.5898111839317541,59.557835607351116,4,1.3574636402010074,100,19.19516350103524,26.027626269054974,6.206718192376204,9,0.131194283066503,0,0.7807877518334915,0.37168245017528534,3.6860587097918075e-14
3,3,step,False,15,1.0821811863143032,0.18364486223897436,2.1073424255447017e-08,1.3307292146646468,80.57983105058655,4,1.2621418675497373,123,30.796050711936058,40.105023063320196,7.850604467949541,13,0.08641724136534557,0,0.7807877518334915,0.37168245017528534,3.6860587097918075e-14
3,3,step,False,16,2.2308898068401075,0.10537376628643011,1.4901161193847656e-08,2.743265433000685,29.913116794190373,4,1.419443889218377,53,5.711871560928245,7.9525765321304185,2.7772449603376677,3,0.14457874332923346,0,0.7807877518334915,0.37168245017528534,3.6860587097918075e-14
3,3,step,False,17,0.9897997487825622,0.3751029774777983,0.0,1.217130235703558,81.85760306373517,4,1.2668221508812167,130,25.092155152201173,33.04331309305077,8.856224368899573,12,0.11234112052922904,0,0.7807877518334915,0.37168245017528534,3.6860587097918075e-14
3,3,step,False,18,0.5590769175905304,0.4282440960354886,0.0,0.6874819086591478,92.05003247630124,4,1.1697464886624773,143,33.61320859206999,44.657932666569714,9.3643968727245,15,0.09565158888822461,0,0.7807877518334915,0.37168245017528534,3.6860587097918075e-14
3,3,step,False,19,0.3614042791791365,0.4998530598668674,0.0,0.4444091605828526,94.70932325003324,4,1.2914698356524905,147,32.55072639454619,47.59799630546451,10.537613697884298,15,0.11554780411643319,0,0.7807877518334915,0.37168245017528534,3.6860587097918075e-14
3,3,step,False,20,1.1237436745120502,0.1557124455797872,0.0,1.3818374929995034,74.65822521997791,4,1.2522667698187906,126,27.563784523423777,38.28846765831064,6.4742167580679,10,0.16506781678103388,0,0.7807877518334915,0.37168245017528534,3.6860587097918075e-14
3,3,step,False,21,0.48646786313588014,0.8912221397866672,0.0,0.5981964994930005,78.49371927859829,4,1.2956308258276654,125,32.19127056307492,47.55238002218591,9.434113855160204,15,0.10423478883500016,0,0.7807877518334915,0.37168245017528534,3.6860587097918075e-14
3,3,step,False,22,1.1811721758476943,0.21507224111628653,0.0,1.4524557826613549,35.3537841656409,4,1.6002462899003156,65,8.117593722014506,13.040388942245649,2.340317431032207,3,0.1411153475837237,0,0.7807877518334915,0.37168245017528534,3.6860587097918075e-14
3,3,step,False,23,0.5342055744252718,0.9360662603853579,0.0,0.6568982842379162,20.35954427838876,4,1.4853578680848185,45,7.031415087680759,9.406129155483773,1.6117748430731833,3,0.07392665436356378,0,0.7807877518334915,0.37168245017528534,3.6860587097918075e-14
4,0,init,False,0,0.7314387939142174,0.15583636757703256,0.0,0.7447017548738811,44.639233131341264,4,1.4717034210320197,80,nan,nan,6.743486723225711,11,nan,0,nan,nan,nan
4,0,init,False,1,0.1901008407877457,0.4968178035164459,1.4901161193847656e-08,0.19354788249614982,95.16254019214296,4,1.1874728407876145,152,nan,nan,5.922904203663682,8,nan,0,nan,nan,nan
4,0,init,False,2,1.441147482065505,0.2998767721172311,1.4901161193847656e-08,1.4672793784740432,70.04878199399387,4,1.2364578866533147,111,nan,nan,6.939691096062599,11,nan,0,nan,nan,nan
4,0,init,False,3,0.767155368090763,0.04755603748970029,0.0,0.7810659670111937,100.75550557741175,4,1.2565369514170905,162,nan,nan,9.798507407639029,16,nan,0,nan,nan,nan
4,0,init,False,4,0.5621501343069247,0.5027578116907807,0.0,0.5723434346169667,89.49245843116506,4,1.1743079759427548,143,nan,nan,4.9363596942161205,7,nan,0,nan,nan,nan
4,0,init,False,5,1.741348863480143,0.12826609385354806,2.1073424255447017e-08,1.772924221781689,46.93688532852703,4,1.300178936994807,78,nan,nan,4.330237583719368,7,nan,0,nan,nan,nan
4,0,init,False,6,1.1638828463724025,0.07827223490073774,0.0,1.1849871860403225,73.73652846831166,4,1.3447438919268,122,nan,nan,5.2558948172297475,8,nan,0,nan,nan,nan
4,0,init,False,7,2.6451436560886648,0.0711730930055277,0.0,2.693107255142068,13.3769927683865,4,1.5612099688142451,29,nan,nan,1.8547885538293745,3,nan,0,nan,nan,nan
4,0,init,False,8,1.1773111634983904,0.25696772383625155,0.0,1.1986589948258695,64.15268601527599,4,1.229517982047906,102,nan,nan,9.35280183875865,14,nan,0,nan,nan,nan
4,0,init,False,9,2.021911938662873,0.20318717245680293,0.0,2.0585746633221134,18.556817078819357,4,1.3693512604865345,39,nan,nan,2.126737249611038,3,nan,0,nan,nan,nan
4,0,init,False,10,1.5164206506624354,0.032196427188177196,0.0,1.5439174529314748,46.70874174669558,4,1.527742603416708,79,nan,nan,4.745877672200862,8,nan,0,nan,nan,nan
4,0,init,False,11,1.7873261353014271,0.3477501807259648,0.0,1.8197351857263209,57.084695115331876,4,1.5808953940501442,96,nan,nan,4.722580352927004,10,nan,0,nan,nan,nan
4,0,init,False,12,0.4960937291639991,0.36376768879889315,0.0,0.5050892484295629,63.6783197134603,4,1.3589012809914252,108,nan,nan,6.920889897012751,12,nan,0,nan,nan,nan
4,0,init,False,13,0.7733730741862967,0.349638870839472,0.0,0.7873964169123472,66.83403132970636,4,1.329152171362885,115,nan,nan,7.397742050815116,12,nan,0,nan,nan,nan
4,0,init,False,14,1.2441028283176079,0.576529456806681,0.0,1.2666617729334426,58.061725957454186,4,1.2633188937440742,98,nan,nan,6.996872352729445,11,nan,0,nan,nan,nan
4,0,init,False,15,1.020636180189332,0.1304929769048232,0.0,1.039143070888185,58.51959310555104,4,1.2981172287303016,108,nan,nan,6.89146983461789,10,nan,0,nan,nan,nan
4,0,init,False,16,0.6465795769665226,0.7372690566379483,0.0,0.6583038111170407,97.89745695364742,4,1.2003166810382462,147,nan,nan,8.645421951049213,14,nan,0,nan,nan,nan
4,0,init,False,17,1.3800791253006297,0.18059936011401437,0.0,1.4051036874545697,48.80763556737149,4,1.4697516896109295,86,nan,nan,6.581611878102242,13,nan,0,nan,nan,nan
4,0,init,False,18,1.9545733255213382,0.0,0.0,1.9900150192418244,7.853191170770043,4,1.7569804946433485,22,nan,nan,1.0,1,nan,0,nan,nan,nan
4,0,init,False,19,0.8642655972196809,0.8905035704415716,0.0,0.8799370668902511,61.87620529710102,4,1.340721252836389,104,nan,nan,5.866067768560746,8,nan,0,nan,nan,nan
4,0,init,False,20,0.4015157065634968,0.11058951255458874,1.4901161193847656e-08,0.4087962708228051,32.3597539167309,4,1.4465041377328534,59,nan,nan,3.404123656911282,4,nan,0,nan,nan,nan
4,0,init,False,21,1.0339699688965198,0.2568326994341272,2.1073424255447017e-08,1.0527186371993766,110.95355214142103,4,1.16420689553413,158,nan,nan,9.592316020442885,14,nan,0,nan,nan,nan
4,0,init,False,22,0.8323167227644012,0.9998941570284924,0.0,0.8474088730467585,28.29923000992318,4,1.2823286814629669,48,nan,nan,4.825125902989847,7,nan,0,nan,nan,nan
4,0,init,False,23,0.6269417020834565,0.258424860692549,0.0,0.6383098485201809,84.20743898946,4,1.3641352759470966,132,nan,nan,9.148491493685366,16,nan,0,nan,nan,nan
4,1,step,False,0,0.7314387939142174,0.5081405381559757,0.0,0.7447017548738811,44.639233131341264,4,1.4717034210320197,80,10.867840800094928,16.34553838528442,6.743486723225711,11,0.28751068722300727,0,1.5893452000177961,1.0,3.9161997078196586e-16
4,1,step,False,1,0.1901008407877457,0.518766691601666,1.4901161193847656e-08,0.19354788249614982,95.16254019214296,4,1.1874728407876145,152,30.42662057704763,44.156256981023,5.922904203663682,8,0.2328448537166993,0,1.5893452000177961,1.0,3.9161997078196586e-16
4,1,step,False,2,1.441147482065505,0.3484821936068033,1.4901161193847656e-08,1.4672793784740432,70.04878199399387,4,1.2364578866533147,111,21.88223548020074,29.81173253236193,6.939691096062599,11,0.24672176074035487,0,1.5893452000177961,1.0,3.9161997078196586e-16
4,1,step,False,3,0.767155368090763,0.14805275447731195,0.0,0.7810659670111937,100.75550557741175,4,1.2565369514170905,162,36.94905793727604,50.487823389069,9.798507407639029,16,0.2700236229782136,0,1.5893452000177961,1.0,3.9161997078196586e-16
4,1,step,False,4,0.5621501343069247,0.6368274483590927,0.0,0.5723434346169667,89.49245843116506,4,1.1743079759427548,143,35.40288280778162,49.32900839808475,4.9363596942161205,7,0.23508166474887746,0,1.5893452000177961,1.0,3.9161997078196586e-16
4,1,step,False,5,1.741348863480143,0.2322177223160898,2.1073424255447017e-08,1.772924221781689,46.93688532852703,4,1.300178936994807,78,14.18712793226074,20.63637407450372,4.330237583719368,7,0.3001256301974272,0,1.5893452000177961,1.0,3.9161997078196586e-16
4,1,step,False,6,1.1638828463724025,0.15478598664367457,0.0,1.1849871860403225,73.73652846831166,4,1.3447438919268,122,27.282808259752084,37.815597881797714,5.2558948172297475,8,0.23167593382020035,0,1.5893452000177961,1.0,3.9161997078196586e-16
4,1,step,False,7,2.6451436560886648,0.1493356872707931,0.0,2.693107255142068,13.3769927683865,4,1.5612099688142451,29,2.6389656743092327,3.812855159915729,1.8547885538293745,3,0.3494289813150044,0,1.5893452000177961,1.0,3.9161997078196586e-16
4,1,step,False,8,1.1773111634983904,0.1626833892503878,0.0,1.1986589948258695,64.15268601527599,4,1.229517982047906,102,22.14512891317337,30.00529150549333,9.35280183875865,14,0.1333515119059509,0,1.5893452000177961,1.0,3.9161997078196586e-16
4,1,step,False,9,2.021911938662873,0.20360038419942825,0.0,2.0585746633221134,18.556817078819357,4,1.3693512604865345,39,4.501621848275079,5.600855680845511,2.126737249611038,3,0.1442292177672362,0,1.5893452000177961,1.0,3.9161997078196586e-16
4,1,step,False,10,1.5164206506624354,0.04713239836828034,0.0,1.5439174529314748,46.70874174669558,4,1.527742603416708,79,15.88586239200536,23.671434326590305,4.745877672200862,8,0.23478643046360992,0,1.5893452000177961,1.0,3.9161997078196586e-16
4,1,step,False,11,1.7873261353014271,0.5517156973682283,0.0,1.8197351857263209,57.084695115331876,4,1.5808953940501442,96,16.934463209239592,24.277678458123926,4.722580352927004,10,0.23468888993146342,0,1.5893452000177961,1.0,3.9161997078196586e-16
4,1,step,False,12,0.4960937291639991,0.35585948610711393,0.0,0.5050892484295629,63.6783197134603,4,1.3589012809914252,108,18.425165416187124,25.54088599863783,6.920889897012751,12,0.2736302106885989,0,1.5893452000177961,1.0,3.9161997078196586e-16
4,1,step,False,13,0.7733730741862967,0.5224838102295779,0.0,0.7873964169123472,66.83403132970636,4,1.329152171362885,115,18.09668162674781,27.251058628448416,7.397742050815116,12,0.23790289771605105,0,1.5893452000177961,1.0,3.9161997078196586e-16
4,1,step,False,14,1.2441028283176079,0.6055114186808706,0.0,1.2666617729334426,58.061725957454186,4,1.2633188937440742,98,18.681311522456305,25.606853720183594,6.996872352729445,11,0.24418151747633157,0,1.5893452000177961,1.0,3.9161997078196586e-16
4,1,step,False,15,1.020636180189332,0.2391580507528143,0.0,1.039143070888185,58.51959310555104,4,1.2981172287303016,108,16.919473306581814,25.11235260271079,6.89146983461789,10,0.25230036518348525,0,1.5893452000177961,1.0,3.9161997078196586e-16
4,1,step,False,16,0.6465795769665226,0.7407979481553097,0.0,0.6583038111170407,97.89745695364742,4,1.2003166810382462,147,36.715597490790174,52.64884482421617,8.645421951049213,14,0.23826126011278195,0,1.5893452000177961,1.0,3.9161997078196586e-16
4,1,step,False,17,1.3800791253006297,0.1817429891648109,0.0,1.4051036874545697,48.80763556737149,4,1.4697516896109295,86,13.735150674123815,18.06236898152559,6.581611878102242,13,0.12584470913237064,0,1.5893452000177961,1.0,3.9161997078196586e-16
4,1,step,False,18,1.9545733255213382,0.0,0.0,1.9900150192418244,7.853191170770043,4,1.7569804946433485,22,1.323810857228164,1.5861607274659202,1.0,1,0.4575839505619305,0,1.5893452000177961,1.0,3.9161997078196586e-16
4,1,step,False,19,0.8642655972196809,0.8600216712204327,0.0,0.8799370668902511,61.87620529710102,4,1.340721252836389,104,21.447002476224277,28.496418702030272,5.866067768560746,8,0.2404730195532557,0,1.5893452000177961,1.0,3.9161997078196586e-16
4,1,step,False,20,0.4015157065634968,0.15491375630142337,1.4901161193847656e-08,0.4087962708228051,32.3597539167309,4,1.4465041377328534,59,8.713449693383566,13.394106441929836,3.404123656911282,4,0.23315329889962033,0,1.5893452000177961,1.0,3.9161997078196586e-16
4,1,step,False,21,1.0339699688965198,0.14316570851669716,2.1073424255447017e-08,1.0527186371993766,110.95355214142103,4,1.16420689553413,158,47.440106444905595,65.38818605400166,9.592316020442885,14,0.23993817860710787,0,1.5893452000177961,1.0,3.9161997078196586e-16
4,1,step,False,22,0.8323167227644012,0.9982325477102053,0.0,0.8474088730467585,28.29923000992318,4,1.2823286814629669,48,9.93844657111371,14.007689025494434,4.825125902989847,7,0.24162387749365932,0,1.5893452000177961,1.0,3.9161997078196586e-16
4,1,step,False,23,0.6269417020834565,0.28748331473231525,0.0,0.6383098485201809,84.20743898946,4,1.3641352759470966,132,29.45918808884126,41.345521551778255,9.148491493685366,16,0.23445094152155388,0,1.5893452000177961,1.0,3.9161997078196586e-16
4,2,step,False,0,0.7314387939142174,0.7141065088943588,0.0,0.7447017548738811,44.639233131341264,4,1.4717034210320197,80,12.466396936258953,18.75981786135927,6.743486723225711,11,0.2622003231830596,0,1.1238367685788733,0.626769170165062,4.80134854429978e-16
4,2,step,False,1,0.1901008407877457,0.7327191480392186,1.4901161193847656e-08,0.19354788249614982,95.16254019214296,4,1.1874728407876145,152,31.066605320653842,42.33049028650355,5.922904203663682,8,0.16811758316781134,0,1.1238367685788733,0.626769170165062,4.80134854429978e-16
4,2,step,False,2,1.441147482065505,0.27210020215368474,1.4901161193847656e-08,1.4672793784740432,70.04878199399387,4,1.2364578866533147,111,23.79590428821953,32.37825636003143,6.939691096062599,11,0.14426945916751951,0,1.1238367685788733,0.626769170165062,4.80134854429978e-16
4,2,step,False,3,0.767155368090763,0.1522657475404389,0.0,0.7810659670111937,100.75550557741175,4,1.2565369514170905,162,36.30455380621656,49.71946294063569,9.798507407639029,16,0.13345443291394282,0,1.1238367685788733,0.626769170165062,4.80134854429978e-16
4,2,step,False,4,0.5621501343069247,0.6594013946248198,0.0,0.5723434346169667,89.49245843116506,4,1.1743079759427548,143,34.508280439060094,48.5436553407799,4.9363596942161205,7,0.1257133527735071,0,1.1238367685788733,0.626769170165062,4.80134854429978e-16
4,2,step,False,5,1.741348863480143,0.2058293579570979,2.1073424255447017e-08,1.772924221781689,46.93688532852703,4,1.300178936994807,78,11.019227101726598,15.042445641030335,4.330237583719368,7,0.23132873527502226,0,1.1238367685788733,0.626769170165062,4.80134854429978e-16
4,2,step,False,6,1.1638828463724025,0.20209391546334454,0.0,1.1849871860403225,73.73652846831166,4,1.3447438919268,122,28.671039416939973,38.81418462462378,5.2558948172297475,8,0.13468390347777445,0,1.1238367685788733,0.626769170165062,4.80134854429978e-16
4,2,step,False,7,2.6451436560886648,0.22884536720340817,0.0,2.693107255142068,13.3769927683865,4,1.5612099688142451,29,1.568232570063619,1.8590787142941805,1.8547885538293745,3,0.29755115481622957,0,1.1238367685788733,0.626769170165062,4.80134854429978e-16
4,2,step,False,8,1.1773111634983904,0.16841205293389588,0.0,1.1986589948258695,64.15268601527599,4,1.229517982047906,102,22.13110286236392,29.225082527838538,9.35280183875865,14,0.20488853710824645,0,1.1238367685788733,0.626769170165062,4.80134854429978e-16
4,2,step,False,9,2.021911938662873,0.15729481342329502,0.0,2.0585746633221134,18.556817078819357,4,1.3693512604865345,39,4.185420267654483,4.993043442402703,2.126737249611038,3,0.1898809071452318,0,1.1238367685788733,0.626769170165062,4.80134854429978e-16
4,2,step,False,10,1.5164206506624354,0.07867068779351441,0.0,1.5439174529314748,46.70874174669558,4,1.527742603416708,79,14.063842572561484,21.021592047397007,4.745877672200862,8,0.15621512710008137,0,1.1238367685788733,0.626769170165062,4.80134854429978e-16
4,2,step,False,11,1.7873261353014271,0.5748117814517706,0.0,1.8197351857263209,57.084695115331876,4,1.5808953940501442,96,16.769179817107364,24.333717238011605,4.722580352927004,10,0.1485560967069186,0,1.1238367685788733,0.626769170165062,4.80134854429978e-16
4,2,step,False,12,0.4960937291639991,0.22384028804694006,0.0,0.5050892484295629,63.6783197134603,4,1.3589012809914252,108,18.817479901675895,25.554871283638565,6.920889897012751,12,0.13675286816990892,0,1.1238367685788733,0.626769170165062,4.80134854429978e-16
4,2,step,False,13,0.7733730741862967,0.604867445873113,0.0,0.7873964169123472,66.83403132970636,4,1.329152171362885,115,21.32802839220316,33.19653092725904,7.397742050815116,12,0.18360498847599158,0,1.1238367685788733,0.626769170165062,4.80134854429978e-16
4,2,step,False,14,1.2441028283176079,0.59986837716411,0.0,1.2666617729334426,58.061725957454186,4,1.2633188937440742,98,17.73949512061571,25.43814709076179,6.996872352729445,11,0.14686954482162068,0,1.1238367685788733,0.626769170165062,4.80134854429978e-16
4,2,step,False,15,1.020636180189332,0.08663081904024997,0.0,1.039143070888185,58.51959310555104,4,1.2981172287303016,108,17.60971306370366,24.585010668509057,6.89146983461789,10,0.14482099810222596,0,1.1238367685788733,0.626769170165062,4.80134854429978e-16
4,2,step,False,16,0.6465795769665226,0.6807266846265307,0.0,0.6583038111170407,97.89745695364742,4,1.2003166810382462,147,36.8081747729522,52.984349036996434,8.645421951049213,14,0.15211296199650934,0,1.1238367685788733,0.626769170165062,4.80134854429978e-16
4,2,step,False,17,1.3800791253006297,0.14364857432615774,0.0,1.4051036874545697,48.80763556737149,4,1.4697516896109295,86,12.619057577938849,16.938340166241883,6.581611878102242,13,0.12626285155684602,0,1.1238367685788733,0.626769170165062,4.80134854429978e-16
4,2,step,False,18,1.9545733255213382,0.0,0.0,1.9900150192418244,7.853191170770043,4,1.7569804946433485,22,1.1891659543481423,1.3652614801789433,1.0,1,0.11695035755731446,0,1.1238367685788733,0.626769170165062,4.80134854429978e-16
4,2,step,False,19,0.8642655972196809,0.9029953949686406,0.0,0.8799370668902511,61.87620529710102,4,1.340721252836389,104,20.97875171436629,27.414517388788504,5.866067768560746,8,0.15005117541164217,0,1.1238367685788733,0.626769170165062,4.80134854429978e-16
4,2,step,False,20,0.4015157065634968,0.08082354405920811,1.4901161193847656e-08,0.4087962708228051,32.3597539167309,4,1.4465041377328534,59,10.063808808591219,14.37405388219807,3.404123656911282,4,0.13623800989536444,0,1.1238367685788733,0.626769170165062,4.80134854429978e-16
4,2,step,False,21,1.0339699688965198,0.07380950727380249,2.1073424255447017e-08,1.0527186371993766,110.95355214142103,4,1.16420689553413,158,46.38049625664999,63.19873766404689,9.592316020442885,14,0.16230989942577323,0,1.1238367685788733,0.626769170165062,4.80134854429978e-16
4,2,step,False,22,0.8323167227644012,0.9961622376661136,0.0,0.8474088730467585,28.29923000992318,4,1.2823286814629669,48,11.032162400939601,15.865275686623233,4.825125902989847,7,0.14412897096511285,0,1.1238367685788733,0.626769170165062,4.80134854429978e-16
4,2,step,False,23,0.6269417020834565,0.27999640809134835,0.0,0.6383098485201809,84.20743898946,4,1.3641352759470966,132,28.883904539404796,40.569925189934196,9.148491493685366,16,0.1787104313058018,0,1.1238367685788733,0.626769170165062,4.80134854429978e-16
4,3,step,True,0,0.7314387939142174,0.7141065088943588,0.0,0.7447017548738811,44.639233131341264,4,1.4717034210320197,80,13.774231691549565,20.281498748697906,6.743486723225711,11,0.08941962785098473,0,0.794672600008898,0.38262952864170074,nan
4,3,step,True,1,0.1901008407877457,0.7327191480392186,1.4901161193847656e-08,0.19354788249614982,95.16254019214296,4,1.1874728407876145,152,33.899943180653835,47.05752954720666,5.922904203663682,8,0.09516553332561993,0,0.794672600008898,0.38262952864170074,nan
4,3,step,True,2,1.441147482065505,0.27210020215368474,1.4901161193847656e-08,1.4672793784740432,70.04878199399387,4,1.2364578866533147,111,24.092373710820283,32.94957396705497,6.939691096062599,11,0.12994953370780185,0,0.794672600008898,0.38262952864170074,nan
4,3,step,True,3,0.767155368090763,0.1522657475404389,0.0,0.7810659670111937,100.75550557741175,4,1.2565369514170905,162,34.77649035361574,45.69831501345644,9.798507407639029,16,0.08525696006452421,0,0.794672600008898,0.38262952864170074,nan
4,3,step,True,4,0.5621501343069247,0.6594013946248198,0.0,0.5723434346169667,89.49245843116506,4,1.1743079759427548,143,32.19635868184414,43.36720739321461,4.9363596942161205,7,0.09734892592696066,0,0.794672600008898,0.38262952864170074,nan
4,3,step,True,5,1.741348863480143,0.2058293579570979,2.1073424255447017e-08,1.772924221781689,46.93688532852703,4,1.300178936994807,78,8.556645478670093,11.049214677828601,4.330237583719368,7,0.13806687989027105,0,0.794672600008898,0.38262952864170074,nan
4,3,step,True,6,1.1638828463724025,0.20209391546334454,0.0,1.1849871860403225,73.73652846831166,4,1.3447438919268,122,29.474280509619096,39.01457503678683,5.2558948172297475,8,0.09891660980746222,0,0.794672600008898,0.38262952864170074,nan
4,3,step,True,7,2.6451436560886648,0.22884536720340817,0.0,2.693107255142068,13.3769927683865,4,1.5612099688142451,29,1.0,1.0,1.8547885538293745,3,0.0,1,0.794672600008898,0.38262952864170074,nan
4,3,step,True,8,1.1773111634983904,0.16841205293389588,0.0,1.1986589948258695,64.15268601527599,4,1.229517982047906,102,22.107930977608763,29.11152623903217,9.35280183875865,14,0.08365473100546958,0,0.794672600008898,0.38262952864170074,nan
4,3,step,True,9,2.021911938662873,0.15729481342329502,0.0,2.0585746633221134,18.556817078819357,4,1.3693512604865345,39,4.1563501252531205,5.418173632662832,2.126737249611038,3,0.14599661345767898,0,0.794672600008898,0.38262952864170074,nan
4,3,step,True,10,1.5164206506624354,0.07867068779351441,0.0,1.5439174529314748,46.70874174669558,4,1.527742603416708,79,12.111215930625626,15.665359976704256,4.745877672200862,8,0.10973689657028031,0,0.794672600008898,0.38262952864170074,nan
4,3,step,True,11,1.7873261353014271,0.5748117814517706,0.0,1.8197351857263209,57.084695115331876,4,1.5808953940501442,96,17.613947239189077,27.196657761286826,4.722580352927004,10,0.0949091607523741,0,0.794672600008898,0.38262952864170074,nan
4,3,step,True,12,0.4960937291639991,0.22384028804694006,0.0,0.5050892484295629,63.6783197134603,4,1.3589012809914252,108,20.39710043447653,26.436702615603007,6.920889897012751,12,0.09542433858386717,0,0.794672600008898,0.38262952864170074,nan
4,3,step,True,13,0.7733730741862967,0.604867445873113,0.0,0.7873964169123472,66.83403132970636,4,1.329152171362885,115,23.186391528606485,34.488173671405505,7.397742050815116,12,0.09294354570139149,0,0.794672600008898,0.38262952864170074,nan
4,3,step,True,14,1.2441028283176079,0.59986837716411,0.0,1.2666617729334426,58.061725957454186,4,1.2633188937440742,98,17.919343179604564,24.44571494521763,6.996872352729445,11,0.0,1,0.794672600008898,0.38262952864170074,nan
4,3,step,True,15,1.020636180189332,0.08663081904024997,0.0,1.039143070888185,58.51959310555104,4,1.2981172287303016,108,20.17476105535669,28.20014585551884,6.89146983461789,10,0.11680254565931192,0,0.794672600008898,0.38262952864170074,nan
4,3,step,True,16,0.6465795769665226,0.6807266846265307,0.0,0.6583038111170407,97.89745695364742,4,1.2003166810382462,147,38.05017047852031,55.081942252805504,8.645421951049213,14,0.17637626367318085,0,0.794672600008898,0.38262952864170074,nan
4,3,step,True,17,1.3800791253006297,0.14364857432615774,0.0,1.4051036874545697,48.80763556737149,4,1.4697516896109295,86,9.81654611395602,13.607777930374594,6.581611878102242,13,0.0,1,0.794672600008898,0.38262952864170074,nan
4,3,step,True,18,1.9545733255213382,0.0,0.0,1.9900150192418244,7.853191170770043,4,1.7569804946433485,22,1.3064841556174824,1.560334655146833,1.0,1,0.21725497906267524,0,0.794672600008898,0.38262952864170074,nan
4,3,step,True,19,0.8642655972196809,0.9029953949686406,0.0,0.8799370668902511,61.87620529710102,4,1.340721252836389,104,21.042949478215455,27.965951980146862,5.866067768560746,8,0.11337810914177646,0,0.794672600008898,0.38262952864170074,nan
4,3,step,True,20,0.4015157065634968,0.08082354405920811,1.4901161193847656e-08,0.4087962708228051,32.3597539167309,4,1.4465041377328534,59,11.806326864650444,17.48037026979709,3.404123656911282,4,0.13802184089115296,0,0.794672600008898,0.38262952864170074,nan
4,3,step,True,21,1.0339699688965198,0.07380950727380249,2.1073424255447017e-08,1.0527186371993766,110.95355214142103,4,1.16420689553413,158,45.345590625768665,57.81457354859489,9.592316020442885,14,0.09234539477569051,0,0.794672600008898,0.38262952864170074,nan
4,3,step,True,22,0.8323167227644012,0.9961622376661136,0.0,0.8474088730467585,28.29923000992318,4,1.2823286814629669,48,10.188410403971027,14.549300741010747,4.825125902989847,7,0.11987068794571838,0,0.794672600008898,0.38262952864170074,nan
4,3,step,True,23,0.6269417020834565,0.27999640809134835,0.0,0.6383098485201809,84.20743898946,4,1.3641352759470966,132,27.006192131972686,36.369213743513306,9.148491493685366,16,0.1155188060073871,0,0.794672600008898,0.38262952864170074,nan
5,0,init,False,0,1.1820895330230798,0.025868449005804938,0.0,1.3571153227694546,38.90297561919407,4,1.5071678897923484,67,nan,nan,1.7944674370949696,3,nan,0,nan,nan,nan
5,0,init,False,1,0.26367240428572386,0.511255034199245,0.0,0.3027129925873658,95.84519872031498,4,1.287746448166381,155,nan,nan,7.937427473803956,13,nan,0,nan,nan,nan
5,0,init,False,2,1.4340599023864413,0.12121788905877748,0.0,1.6463936215734252,55.98291989849718,4,1.3553777963333264,95,nan,nan,5.721854466610058,9,nan,0,nan,nan,nan
5,0,init,False,3,2.0354935116480677,0.227242612744966,0.0,2.3368783471001793,33.44533630616429,4,1.4575318171354017,57,nan,nan,4.256156361404454,6,nan,0,nan,nan,nan
5,0,init,False,4,1.71708545598336,0.07494179791680496,0.0,1.9713252826629128,60.11580097272275,4,1.2389011314110931,99,nan,nan,8.084689505960414,15,nan,0,nan,nan,nan
5,0,init,False,5,1.1181558309160755,0.4023629716448694,0.0,1.2837152931211937,61.19777099850654,4,1.4314713500216605,105,nan,nan,4.965543066863961,10,nan,0,nan,nan,nan
5,0,init,False,6,0.6253378024127711,0.31716831454367655,0.0,0.7179282870316894,110.0586936588459,4,1.2500789463895183,165,nan,nan,11.965773989537007,16,nan,0,nan,nan,nan
5,0,init,False,7,1.2089920649223933,0.5222632089663299,0.0,1.3880011712960734,67.29482899156545,4,1.355290842554952,115,nan,nan,7.467199718937111,15,nan,0,nan,nan,nan
5,0,init,False,8,1.9290127460323419,0.0,2.1073424255447017e-08,2.214631533673313,14.016744934235074,4,1.7009976930557105,28,nan,nan,1.0,1,nan,0,nan,nan,nan
5,0,init,False,9,1.3537456170574012,0.4119457543092388,0.0,1.5541876217634345,73.0190906692872,4,1.3651017948003297,121,nan,nan,5.066774719587965,7,nan,0,nan,nan,nan
5,0,init,False,10,1.0134078727473856,0.09556757161011983,0.0,1.1634578548406977,73.13296962220065,4,1.3820441899567106,114,nan,nan,6.622222818662661,12,nan,0,nan,nan,nan
5,0,init,False,11,2.6010207254251076,0.054118564038961425,0.0,2.98614020571521,17.438172763650442,4,1.8152890169892664,36,nan,nan,3.7911502832457087,6,nan,0,nan,nan,nan
5,0,init,False,12,0.847995390281777,0.5339655070534867,1.4901161193847656e-08,0.9735536147132046,99.09670441818193,4,1.2786510227569414,158,nan,nan,11.105766533506461,17,nan,0,nan,nan,nan
5,0,init,False,13,1.158477556120006,0.25792106255155384,0.0,1.3300072444379514,33.837397863001414,4,1.573040429892719,63,nan,nan,1.6317218464138068,3,nan,0,nan,nan,nan
5,0,init,False,14,1.6911301854914427,0.17686206031325177,0.0,1.9415269515660083,36.99050377418594,4,1.5126754161719986,70,nan,nan,5.896957053487121,11,nan,0,nan,nan,nan
5,0,init,False,15,0.9443564653403165,0.06982991503378967,0.0,1.084182368142771,68.61454808951223,4,1.2549233403767515,114,nan,nan,5.9329785818427645,9,nan,0,nan,nan,nan
5,0,init,False,16,1.469340822890217,0.3849377174155977,0.0,1.6868984027084344,67.84650810599985,4,1.4085137832519536,117,nan,nan,8.163089527135158,12,nan,0,nan,nan,nan
5,0,init,False,17,2.426100916153647,0.009690137673104157,0.0,2.785320938826756,30.159664122786523,4,1.3692893234626067,58,nan,nan,3.3916197808589246,6,nan,0,nan,nan,nan
5,0,init,False,18,1.2113073977099769,0.467013243330725,0.0,1.3906593232512001,34.494677777760245,4,1.4694076471196909,65,nan,nan,2.726178758066487,3,nan,0,nan,nan,nan
5,0,init,False,19,0.6565585810840902,0.360452844338721,0.0,0.7537717624537947,94.9924857091055,4,1.1841976947545165,144,nan,nan,9.015826275953497,13,nan,0,nan,nan,nan
5,0,init,False,20,0.22818447607247358,0.5330696020087968,0.0,0.26197055319838247,114.43026484318936,4,1.2019047796631555,169,nan,nan,9.143050345920662,15,nan,0,nan,nan,nan
5,0,init,False,21,2.8435732924836863,0.04690314967453883,0.0,3.2646062576820496,9.042044717524398,4,1.8542263553963083,21,nan,nan,1.8902502288882013,2,nan,0,nan,nan,nan
5,0,init,False,22,1.170997784687522,0.260041372786812,0.0,1.3443812775030253,82.5520169378254,4,1.1535871122095316,135,nan,nan,9.423049821765458,14,nan,0,nan,nan,nan
5,0,init,False,23,0.7465120467117895,0.8498408207525148,1.4901161193847656e-08,0.8570441653718422,67.49268048574271,4,1.1477873774205645,107,nan,nan,7.006251404453174,10,nan,0,nan,nan,nan
5,1,step,False,0,1.1820895330230798,0.06622131633001391,0.0,1.3571153227694546,38.90297561919407,4,1.5071678897923484,67,11.17293158946632,16.456088780701318,1.7944674370949696,3,0.2761513452407499,0,1.5361907633867116,1.0,2.9775747278217435e-16
5,1,step,False,1,0.26367240428572386,0.49257306763634895,0.0,0.3027129925873658,95.84519872031498,4,1.287746448166381,155,33.67709180614857,47.36336676718726,7.937427473803956,13,0.21482112449289914,0,1.5361907633867116,1.0,2.9775747278217435e-16
5,1,step,False,2,1.4340599023864413,0.1586026475194191,0.0,1.6463936215734252,55.98291989849718,4,1.3553777963333264,95,16.2232282358807,24.655222482180157,5.721854466610058,9,0.20959037950501108,0,1.5361907633867116,1.0,2.9775747278217435e-16
5,1,step,False,3,2.0354935116480677,0.08035946897616347,0.0,2.3368783471001793,33.44533630616429,4,1.4575318171354017,57,11.778477256056245,16.32116319251349,4.256156361404454,6,0.2080362501161633,0,1.5361907633867116,1.0,2.9775747278217435e-16
5,1,step,False,4,1.71708545598336,0.18357931289214424,0.0,1.9713252826629128,60.11580097272275,4,1.2389011314110931,99,21.634179176079904,29.941043516514128,8.084689505960414,15,0.15460315259487623,0,1.5361907633867116,1.0,2.9775747278217435e-16
5,1,step,False,5,1.1181558309160755,0.3264698286175813,0.0,1.2837152931211937,61.19777099850654,4,1.4314713500216605,105,20.09338342682252,27.79327243098916,4.965543066863961,10,0.17983653599363,0,1.5361907633867116,1.0,2.9775747278217435e-16
5,1,step,False,6,0.6253378024127711,0.2602424380971478,0.0,0.7179282870316894,110.0586936588459,4,1.2500789463895183,165,39.19008595268184,52.14454097154675,11.965773989537007,16,0.20430970744259813,0,1.5361907633867116,1.0,2.9775747278217435e-16
5,1,step,False,7,1.2089920649223933,0.379258599836691,0.0,1.3880011712960734,67.29482899156545,4,1.355290842554952,115,22.818660679297867,31.59651724682935,7.467199718937111,15,0.2501950022191673,0,1.5361907633867116,1.0,2.9775747278217435e-16
5,1,step,False,8,1.9290127460323419,0.012462034792151225,2.1073424255447017e-08,2.214631533673313,14.016744934235074,4,1.7009976930557105,28,3.703209838202023,4.76234028235751,1.0,1,0.3675467061804981,0,1.5361907633867116,1.0,2.9775747278217435e-16
5,1,step,False,9,1.3537456170574012,0.3271541580919325,0.0,1.5541876217634345,73.0190906692872,4,1.3651017948003297,121,20.507121797576986,32.0715818384732,5.066774719587965,7,0.32248310798355545,0,1.5361907633867116,1.0,2.9775747278217435e-16
5,1,step,False,10,1.0134078727473856,0.08094789502516199,0.0,1.1634578548406977,73.13296962220065,4,1.3820441899567106,114,25.0304841296724,34.772517725431705,6.622222818662661,12,0.1879425486775985,0,1.5361907633867116,1.0,2.9775747278217435e-16
5,1,step,False,11,2.6010207254251076,0.06817170999612507,0.0,2.98614020571521,17.438172763650442,4,1.8152890169892664,36,2.3514789248089945,3.1391379762235903,3.7911502832457087,6,0.24729520459611526,0,1.5361907633867116,1.0,2.9775747278217435e-16
5,1,step,False,12,0.847995390281777,0.41496769313497556,1.4901161193847656e-08,0.9735536147132046,99.09670441818193,4,1.2786510227569414,158,36.62482742136224,51.908543908929694,11.105766533506461,17,0.16732049312756062,0,1.5361907633867116,1.0,2.9775747278217435e-16
5,1,step,False,13,1.158477556120006,0.2376921314211537,0.0,1.3300072444379514,33.837397863001414,4,1.573040429892719,63,10.120835993986212,13.94226606814005,1.6317218464138068,3,0.37742922195555023,0,1.5361907633867116,1.0,2.9775747278217435e-16
5,1,step,False,14,1.6911301854914427,0.12314604981758333,0.0,1.9415269515660083,36.99050377418594,4,1.5126754161719986,70,7.82599694807122,12.830351168609024,5.896957053487121,11,0.23069098350176181,0,1.5361907633867116,1.0,2.9775747278217435e-16
5,1,step,False,15,0.9443564653403165,0.28580065796690884,0.0,1.084182368142771,68.61454808951223,4,1.2549233403767515,114,24.546968000354262,33.24617060392652,5.9329785818427645,9,0.21528464358995159,0,1.5361907633867116,1.0,2.9775747278217435e-16
5,1,step,False,16,1.469340822890217,0.4329737624600839,0.0,1.6868984027084344,67.84650810599985,4,1.4085137832519536,117,18.534764586363135,28.955810419867785,8.163089527135158,12,0.2323184922935225,0,1.5361907633867116,1.0,2.9775747278217435e-16
5,1,step,False,17,2.426100916153647,0.15701976432756212,0.0,2.785320938826756,30.159664122786523,4,1.3692893234626067,58,6.054047008644099,8.392926223184741,3.3916197808589246,6,0.21508587922172823,0,1.5361907633867116,1.0,2.9775747278217435e-16
5,1,step,False,18,1.2113073977099769,0.5039190286441325,0.0,1.3906593232512001,34.494677777760245,4,1.4694076471196909,65,10.82602053150082,16.56309678049839,2.726178758066487,3,0.2354653742834369,0,1.5361907633867116,1.0,2.9775747278217435e-16
5,1,step,False,19,0.6565585810840902,0.24355692988316952,0.0,0.7537717624537947,94.9924857091055,4,1.1841976947545165,144,36.96978609357848,53.55873231954947,9.015826275953497,13,0.20146731435670726,0,1.5361907633867116,1.0,2.9775747278217435e-16
5,1,step,False,20,0.22818447607247358,0.379345683797339,0.0,0.26197055319838247,114.43026484318936,4,1.2019047796631555,169,43.83236656690404,62.06222334747862,9.143050345920662,15,0.2310226372294191,0,1.5361907633867116,1.0,2.9775747278217435e-16
5,1,step,False,21,2.8435732924836863,0.06149201586179016,0.0,3.2646062576820496,9.042044717524398,4,1.8542263553963083,21,2.9464704608905175,4.263150799757599,1.8902502288882013,2,0.21100444636538504,0,1.5361907633867116,1.0,2.9775747278217435e-16
5,1,step,False,22,1.170997784687522,0.39044387155753457,0.0,1.3443812775030253,82.5520169378254,4,1.1535871122095316,135,29.83058501371553,41.32661134980959,9.423049821765458,14,0.20086447207030483,0,1.5361907633867116,1.0,2.9775747278217435e-16
5,1,step,False,23,0.7465120467117895,0.7585017107646929,1.4901161193847656e-08,0.8570441653718422,67.49268048574271,4,1.1477873774205645,107,23.706998561935052,32.99485764915649,7.006251404453174,10,0.2426349294955966,0,1.5361907633867116,1.0,2.9775747278217435e-16
5,2,step,False,0,1.1820895330230798,0.09761288826129955,0.0,1.3571153227694546,38.90297561919407,4,1.5071678897923484,67,9.788263361949381,15.834668017827429,1.7944674370949696,3,0.1723774038793888,0,1.0862509059868828,0.6189254969358444,1.1190153345656229e-14
5,2,step,False,1,0.26367240428572386,0.5226149981998413,0.0,0.3027129925873658,95.84519872031498,4,1.287746448166381,155,32.77990521334836,47.61868938671718,7.937427473803956,13,0.15004930613291073,0,1.0862509059868828,0.6189254969358444,1.1190153345656229e-14
5,2,step,False,2,1.4340599023864413,0.2191668859436234,0.0,1.6463936215734252,55.98291989849718,4,1.3553777963333264,95,15.831144966511953,23.60133071002036,5.721854466610058,9,0.11358236895146687,0,1.0862509059868828,0.6189254969358444,1.1190153345656229e-14
5,2,step,False,3,2.0354935116480677,0.21876270420413513,0.0,2.3368783471001793,33.44533630616429,4,1.4575318171354017,57,9.569710565406323,13.113501032617114,4.256156361404454,6,0.20643591967222763,0,1.0862509059868828,0.6189254969358444,1.1190153345656229e-14
5,2,step,False,4,1.71708545598336,0.16677036954152138,0.0,1.9713252826629128,60.11580097272275,4,1.2389011314110931,99,16.954311995737548,21.833147891052388,8.084689505960414,15,0.141846013413273,0,1.0862509059868828,0.6189254969358444,1.1190153345656229e-14
5,2,step,False,5,1.1181558309160755,0.16556037373727,0.0,1.2837152931211937,61.19777099850654,4,1.4314713500216605,105,21.79100121071466,28.539407816733487,4.965543066863961,10,0.13324786044850154,0,1.0862509059868828,0.6189254969358444,1.1190153345656229e-14
5,2,step,False,6,0.6253378024127711,0.33012250239826557,0.0,0.7179282870316894,110.0586936588459,4,1.2500789463895183,165,43.26146054291109,59.14398251106114,11.965773989537007,16,0.19405450308378627,0,1.0862509059868828,0.6189254969358444,1.1190153345656229e-14
5,2,step,False,7,1.2089920649223933,0.23318025322257305,0.0,1.3880011712960734,67.29482899156545,4,1.355290842554952,115,23.211988407439648,32.339398958374446,7.467199718937111,15,0.1582104705580403,0,1.0862509059868828,0.6189254969358444,1.1190153345656229e-14
5,2,step,False,8,1.9290127460323419,0.04994999147830084,2.1073424255447017e-08,2.214631533673313,14.016744934235074,4,1.7009976930557105,28,3.532375749284546,4.71212284807792,1.0,1,0.3515747524216912,0,1.0862509059868828,0.6189254969358444,1.1190153345656229e-14
5,2,step,False,9,1.3537456170574012,0.2574513300762552,0.0,1.5541876217634345,73.0190906692872,4,1.3651017948003297,121,18.25033677971598,26.715354704112684,5.066774719587965,7,0.17662622695865968,0,1.0862509059868828,0.6189254969358444,1.1190153345656229e-14
5,2,step,False,10,1.0134078727473856,0.15263767359709562,0.0,1.1634578548406977,73.13296962220065,4,1.3820441899567106,114,26.853127602140013,36.57562927713163,6.622222818662661,12,0.13930614180746517,0,1.0862509059868828,0.6189254969358444,1.1190153345656229e-14
5,2,step,False,11,2.6010207254251076,0.07592932092417704,0.0,2.98614020571521,17.438172763650442,4,1.8152890169892664,36,1.933253074316847,2.389477997682405,3.7911502832457087,6,0.1812211806075958,0,1.0862509059868828,0.6189254969358444,1.1190153345656229e-14
5,2,step,False,12,0.847995390281777,0.2284741239957618,1.4901161193847656e-08,0.9735536147132046,99.09670441818193,4,1.2786510227569414,158,37.97573561138517,51.69444852808921,11.105766533506461,17,0.1225940449999304,0,1.0862509059868828,0.6189254969358444,1.1190153345656229e-14
5,2,step,False,13,1.158477556120006,0.3138571916485216,0.0,1.3300072444379514,33.837397863001414,4,1.573040429892719,63,11.521643916325614,16.604448429964417,1.6317218464138068,3,0.2594738422376026,0,1.0862509059868828,0.6189254969358444,1.1190153345656229e-14
5,2,step,False,14,1.6911301854914427,0.16377673397163528,0.0,1.9415269515660083,36.99050377418594,4,1.5126754161719986,70,5.743128865353224,8.282669332722957,5.896957053487121,11,0.16870452084807558,0,1.0862509059868828,0.6189254969358444,1.1190153345656229e-14
5,2,step,False,15,0.9443564653403165,0.16836138022790853,0.0,1.084182368142771,68.61454808951223,4,1.2549233403767515,114,25.265063607838037,33.60479473844009,5.9329785818427645,9,0.18516950794155285,0,1.0862509059868828,0.6189254969358444,1.1190153345656229e-14
5,2,step,False,16,1.469340822890217,0.48356681126857687,0.0,1.6868984027084344,67.84650810599985,4,1.4085137832519536,117,18.432514258494507,28.427074513643007,8.163089527135158,12,0.17371888184736,0,1.0862509059868828,0.6189254969358444,1.1190153345656229e-14
5,2,step,False,17,2.426100916153647,0.24027856815692775,0.0,2.785320938826756,30.159664122786523,4,1.3692893234626067,58,3.9061649132805267,5.299340447330121,3.3916197808589246,6,0.13383835128018626,0,1.0862509059868828,0.6189254969358444,1.1190153345656229e-14
5,2,step,False,18,1.2113073977099769,0.46742873892212355,0.0,1.3906593232512001,34.494677777760245,4,1.4694076471196909,65,11.715095745337376,17.0543778929297,2.726178758066487,3,0.24933793804125065,0,1.0862509059868828,0.6189254969358444,1.1190153345656229e-14
5,2,step,False,19,0.6565585810840902,0.22209633702871098,0.0,0.7537717624537947,94.9924857091055,4,1.1841976947545165,144,40.149452146689676,57.553816160091976,9.015826275953497,13,0.11069083780618215,0,1.0862509059868828,0.6189254969358444,1.1190153345656229e-14
5,2,step,False,20,0.22818447607247358,0.1269170125308556,0.0,0.26197055319838247,114.43026484318936,4,1.2019047796631555,169,45.33309263835828,65.123060697679,9.143050345920662,15,0.19517715082896273,0,1.0862509059868828,0.6189254969358444,1.1190153345656229e-14
5,2,step,False,21,2.8435732924836863,0.0601766724771371,0.0,3.2646062576820496,9.042044717524398,4,1.8542263553963083,21,1.7075482012495762,2.325396624338028,1.8902502288882013,2,0.28732883111648055,0,1.0862509059868828,0.6189254969358444,1.1190153345656229e-14
5,2,step,False,22,1.170997784687522,0.31549342476523135,0.0,1.3443812775030253,82.5520169378254,4,1.1535871122095316,135,29.74474553020319,42.071658929805544,9.423049821765458,14,0.1638033416166647,0,1.0862509059868828,0.6189254969358444,1.1190153345656229e-14
5,2,step,False,23,0.7465120467117895,0.6073393302163523,1.4901161193847656e-08,0.8570441653718422,67.49268048574271,4,1.1477873774205645,107,24.74895211907829,33.466999052150626,7.006251404453174,10,0.1966054804190985,0,1.0862509059868828,0.6189254969358444,1.1190153345656229e-14
5,3,step,True,0,1.1820895330230798,0.09761288826129955,0.0,1.3571153227694546,38.90297561919407,4,1.5071678897923484,67,11.366565589717759,17.756912120035125,1.7944674370949696,3,0.06727797374831296,0,0.7680953816933557,0.3692096769809723,nan
5,3,step,True,1,0.26367240428572386,0.5226149981998413,0.0,0.3027129925873658,95.84519872031498,4,1.287746448166381,155,31.763301760535462,44.704939008325,7.937427473803956,13,0.07086006299775362,0,0.7680953816933557,0.3692096769809723,nan
5,3,step,True,2,1.4340599023864413,0.2191668859436234,0.0,1.6463936215734252,55.98291989849718,4,1.3553777963333264,95,13.710751896822925,18.30518816708283,5.721854466610058,9,0.1348468264250502,0,0.7680953816933557,0.3692096769809723,nan
5,3,step,True,3,2.0354935116480677,0.21876270420413513,0.0,2.3368783471001793,33.44533630616429,4,1.4575318171354017,57,8.530532690615924,12.581327215869626,4.256156361404454,6,0.0,1,0.7680953816933557,0.3692096769809723,nan
5,3,step,True,4,1.71708545598336,0.16677036954152138,0.0,1.9713252826629128,60.11580097272275,4,1.2389011314110931,99,15.277296806001496,19.602358345051073,8.084689505960414,15,0.11554608113843161,0,0.7680953816933557,0.3692096769809723,nan
5,3,step,True,5,1.1181558309160755,0.16556037373727,0.0,1.2837152931211937,61.19777099850654,4,1.4314713500216605,105,22.901436421014647,30.424354278196997,4.965543066863961,10,0.0886465166651227,0,0.7680953816933557,0.3692096769809723,nan
5,3,step,True,6,0.6253378024127711,0.33012250239826557,0.0,0.7179282870316894,110.0586936588459,4,1.2500789463895183,165,43.68252592091383,58.0575850774564,11.965773989537007,16,0.12140595664674594,0,0.7680953816933557,0.3692096769809723,nan
5,3,step,True,7,1.2089920649223933,0.23318025322257305,0.0,1.3880011712960734,67.29482899156545,4,1.355290842554952,115,21.659992933584974,29.557771860571528,7.467199718937111,15,0.11339095220286906,0,0.7680953816933557,0.3692096769809723,nan
5,3,step,True,8,1.9290127460323419,0.04994999147830084,2.1073424255447017e-08,2.214631533673313,14.016744934235074,4,1.7009976930557105,28,3.0370090590020262,3.8869802090163605,1.0,1,0.2697808734319466,0,0.7680953816933557,0.3692096769809723,nan
5,3,step,True,9,1.3537456170574012,0.2574513300762552,0.0,1.5541876217634345,73.0190906692872,4,1.3651017948003297,121,19.37914842686616,25.961270443807738,5.066774719587965,7,0.09590326423855841,0,0.7680953816933557,0.3692096769809723,nan
5,3,step,True,10,1.0134078727473856,0.15263767359709562,0.0,1.1634578548406977,73.13296962220065,4,1.3820441899567106,114,30.37312418705237,40.95781331855116,6.622222818662661,12,0.0813440916712039,0,0.7680953816933557,0.3692096769809723,nan
5,3,step,True,11,2.6010207254251076,0.07592932092417704,0.0,2.98614020571521,17.438172763650442,4,1.8152890169892664,36,1.984972650544212,2.6839890938100655,3.7911502832457087,6,0.17148115288625312,0,0.7680953816933557,0.3692096769809723,nan
5,3,step,True,12,0.847995390281777,0.2284741239957618,1.4901161193847656e-08,0.9735536147132046,99.09670441818193,4,1.2786510227569414,158,39.16594401941623,50.6080429476763,11.105766533506461,17,0.08154772711374247,0,0.7680953816933557,0.3692096769809723,nan
5,3,step,True,13,1.158477556120006,0.3138571916485216,0.0,1.3300072444379514,33.837397863001414,4,1.573040429892719,63,13.272115603368777,17.966341635953945,1.6317218464138068,3,0.11025447246914877,0,0.7680953816933557,0.3692096769809723,nan
5,3,step,True,14,1.6911301854914427,0.16377673397163528,0.0,1.9415269515660083,36.99050377418594,4,1.5126754161719986,70,6.092854509675132,8.711067428238739,5.896957053487121,11,0.14735715760342696,0,0.7680953816933557,0.3692096769809723,nan
5,3,step,True,15,0.9443564653403165,0.16836138022790853,0.0,1.084182368142771,68.61454808951223,4,1.2549233403767515,114,26.510622429464092,35.071985250340305,5.9329785818427645,9,0.11760575325442606,0,0.7680953816933557,0.3692096769809723,nan
5,3,step,True,16,1.469340822890217,0.48356681126857687,0.0,1.6868984027084344,67.84650810599985,4,1.4085137832519536,117,16.86280896937752,24.9440114673034,8.163089527135158,12,0.1605871160916192,0,0.7680953816933557,0.3692096769809723,nan
5,3,step,True,17,2.426100916153647,0.24027856815692775,0.0,2.785320938826756,30.159664122786523,4,1.3692893234626067,58,2.6616258305080596,3.146377777061955,3.3916197808589246,6,0.189944325028217,0,0.7680953816933557,0.3692096769809723,nan
5,3,step,True,18,1.2113073977099769,0.46742873892212355,0.0,1.3906593232512001,34.494677777760245,4,1.4694076471196909,65,11.295393940290154,16.673210593237986,2.726178758066487,3,0.16285669539508094,0,0.7680953816933557,0.3692096769809723,nan
5,3,step,True,19,0.6565585810840902,0.22209633702871098,0.0,0.7537717624537947,94.9924857091055,4,1.1841976947545165,144,40.03199511235522,53.089819087704555,9.015826275953497,13,0.11574723079347535,0,0.7680953816933557,0.3692096769809723,nan
5,3,step,True,20,0.22818447607247358,0.1269170125308556,0.0,0.26197055319838247,114.43026484318936,4,1.2019047796631555,169,43.74506442101081,58.10694758852838,9.143050345920663,15,0.1236647380365822,0,0.7680953816933557,0.3692096769809723,nan
5,3,step,True,21,2.8435732924836863,0.0601766724771371,0.0,3.2646062576820496,9.042044717524398,4,1.8542263553963083,21,1.0,1.0,1.8902502288882013,2,0.0,1,0.7680953816933557,0.3692096769809723,nan
5,3,step,True,22,1.170997784687522,0.31549342476523135,0.0,1.3443812775030253,82.5520169378254,4,1.1535871122095316,135,29.047875845204892,39.52982379081216,9.423049821765458,14,0.11415214644735401,0,0.7680953816933557,0.3692096769809723,nan
5,3,step,True,23,0.7465120467117895,0.6073393302163523,1.4901161193847656e-08,0.8570441653718422,67.49268048574271,4,1.1477873774205645,107,26.647054982880217,35.9003909282626,7.006251404453174,10,0.11684107424682,0,0.7680953816933557,0.3692096769809723,nan
6,0,init,False,0,2.54098135741418,0.2974772372140951,0.0,2.335356078731434,17.46057952630617,4,1.27484943904016,33,nan,nan,1.5707688609171744,3,nan,0,nan,nan,nan
6,0,init,False,1,0.7412300966119058,0.408035484716413,0.0,0.6812471121877434,58.75002316755938,4,1.3885988138108036,102,nan,nan,5.285404019393518,9,nan,0,nan,nan,nan
6,0,init,False,2,0.2768699161868602,0.11920274413513875,0.0,0.254464614586093,59.861531152866775,4,1.334131016019222,107,nan,nan,3.6135148768569545,7,nan,0,nan,nan,nan
6,0,init,False,3,0.49089716394589106,0.5518722129823636,0.0,0.4511720137213867,84.03306920488411,4,1.2510632781073787,137,nan,nan,7.5079317861965365,12,nan,0,nan,nan,nan
6,0,init,False,4,0.9705931967434145,0.09253862252791538,0.0,0.8920493317970608,19.762615612563682,4,1.2898079726077678,47,nan,nan,1.7722303826509713,3,nan,0,nan,nan,nan
6,0,init,False,5,1.595701416217555,0.38368866978446164,0.0,1.4665715635144663,75.81195041346109,4,1.48316733780218,126,nan,nan,8.683883983667194,13,nan,0,nan,nan,nan
6,0,init,False,6,1.5853100652539636,0.20672453114626838,0.0,1.4570211177513577,53.4790893985892,4,1.3239819964929083,95,nan,nan,6.824192415075044,10,nan,0,nan,nan,nan
6,0,init,False,7,0.4018957436714012,0.90192296709523,0.0,0.36937290596827865,96.64326979807032,4,1.184094946286352,153,nan,nan,7.785684768423504,14,nan,0,nan,nan,nan
6,0,init,False,8,1.2700049529393447,0.21102843926895334,0.0,1.167231620260362,42.525822798838774,4,1.3911741521780545,73,nan,nan,6.152960032333694,10,nan,0,nan,nan,nan
6,0,init,False,9,1.396706319763929,0.23365377280438412,0.0,1.2836798603601982,71.97134862060662,4,1.170680791268743,118,nan,nan,6.3560974621213,10,nan,0,nan,nan,nan
6,0,init,False,10,0.7169159324718162,0.013409858834078631,0.0,0.658900536972561,115.49336898557972,4,1.2014671291458443,171,nan,nan,12.014032437350073,18,nan,0,nan,nan,nan
6,0,init,False,11,2.103429569382233,0.17179599444983543,1.4901161193847656e-08,1.9332125427473346,48.80161383275155,4,1.3789303085189457,88,nan,nan,3.652919025358841,7,nan,0,nan,nan,nan
6,0,init,False,12,1.470954417908997,0.24249920750085088,0.0,1.3519195374563688,75.62404581090895,4,1.283627964475052,117,nan,nan,9.674800531408897,13,nan,0,nan,nan,nan
6,0,init,False,13,1.388642514644572,0.17630716640820898,0.0,1.2762686071259912,40.89857424422631,4,1.2771140316097331,72,nan,nan,4.969304980772916,9,nan,0,nan,nan,nan
6,0,init,False,14,3.7373453800473535,0.07178319951922527,0.0,3.4349060555463806,2.7073364238549575,4,4.564046198290462,8,nan,nan,1.0780156009349202,2,nan,0,nan,nan,nan
6,0,init,False,15,0.40616906286920945,0.7192172736988256,0.0,0.37330041292768323,50.47056557527236,4,1.434244672769924,91,nan,nan,4.772681843895281,8,nan,0,nan,nan,nan
6,0,init,False,16,0.3890029855377656,0.9435576165034208,1.4901161193847656e-08,0.3575234758293498,122.0736781920817,4,1.2172174899420798,178,nan,nan,10.005544733140766,17,nan,0,nan,nan,nan
6,0,init,False,17,2.1699025667912704,0.33733274040924693,2.1073424255447017e-08,1.9943063080037122,36.98537468571456,4,1.4482690910673952,70,nan,nan,4.6394777238490486,7,nan,0,nan,nan,nan
6,0,init,False,18,2.1977118582756474,0.07025484382149054,0.0,2.019865172386466,16.87004217402684,4,1.443738741870929,33,nan,nan,1.5765211707915592,2,nan,0,nan,nan,nan
6,0,init,False,19,0.8905675226758757,0.8136661626037444,0.0,0.8184996208387745,79.6001769273492,4,1.2791646380629778,128,nan,nan,8.9860086112394,12,nan,0,nan,nan,nan
6,0,init,False,20,1.1310230282852698,0.2472331291119776,0.0,1.0394966088925544,74.3621311687393,4,1.4697135649056174,122,nan,nan,8.971365031985105,14,nan,0,nan,nan,nan
6,0,init,False,21,2.0401207972277002,0.015840527557430272,0.0,1.8750269423466417,56.20392719180741,4,1.334272943232875,93,nan,nan,6.606932107516386,11,nan,0,nan,nan,nan
6,0,init,False,22,0.9210253947734512,0.5750482109667777,0.0,0.8464927332403085,64.23113255828872,4,1.2918368917104768,104,nan,nan,6.627964564082944,9,nan,0,nan,nan,nan
6,0,init,False,23,1.5776915231880368,0.36259934157818713,0.0,1.45001909529542,75.37873253565283,4,1.217459543327222,119,nan,nan,4.871763050037941,8,nan,0,nan,nan,nan
6,1,step,False,0,2.54098135741418,0.5743787696564838,0.0,2.335356078731434,17.46057952630617,4,1.27484943904016,33,4.56212628291968,5.674297662226074,1.5707688609171744,3,0.15710038188719103,0,1.6273409581129943,1.0,4.707958103398925e-16
6,1,step,False,1,0.7412300966119058,0.525542779681001,0.0,0.6812471121877434,58.75002316755938,4,1.3885988138108036,102,15.36275977580894,21.212459869668514,5.285404019393518,9,0.19997099972266869,0,1.6273409581129943,1.0,4.707958103398925e-16
6,1,step,False,2,0.2768699161868602,0.1603318949234039,0.0,0.254464614586093,59.861531152866775,4,1.334131016019222,107,16.83259370480924,24.677812307732694,3.6135148768569545,7,0.2598013197202352,0,1.6273409581129943,1.0,4.707958103398925e-16
6,1,step,False,3,0.49089716394589106,0.6895468015410433,0.0,0.4511720137213867,84.03306920488411,4,1.2510632781073787,137,26.58959450332477,36.08096288938939,7.5079317861965365,12,0.30536946731869463,0,1.6273409581129943,1.0,4.707958103398925e-16
6,1,step,False,4,0.9705931967434145,0.2542876796121711,0.0,0.8920493317970608,19.762615612563682,4,1.2898079726077678,47,4.038392606080533,5.0076918234151195,1.7722303826509713,3,0.2644947211540007,0,1.6273409581129943,1.0,4.707958103398925e-16
6,1,step,False,5,1.595701416217555,0.5506294238794681,0.0,1.4665715635144663,75.81195041346109,4,1.48316733780218,126,23.96852315630904,33.80458412771796,8.683883983667194,13,0.24946830155672467,0,1.6273409581129943,1.0,4.707958103398925e-16
6,1,step,False,6,1.5853100652539636,0.3839124147114713,0.0,1.4570211177513577,53.4790893985892,4,1.3239819964929083,95,13.618710527794772,19.98800139924261,6.824192415075044,10,0.25425213408516867,0,1.6273409581129943,1.0,4.707958103398925e-16
6,1,step,False,7,0.4018957436714012,0.869561268236563,0.0,0.36937290596827865,96.64326979807032,4,1.184094946286352,153,35.1861851967134,46.97883811133255,7.785684768423504,14,0.23451880697776717,0,1.6273409581129943,1.0,4.707958103398925e-16
6,1,step,False,8,1.2700049529393447,0.0596953322253326,0.0,1.167231620260362,42.525822798838774,4,1.3911741521780545,73,12.732039682213614,20.480168688471355,6.152960032333694,10,0.24511000086279647,0,1.6273409581129943,1.0,4.707958103398925e-16
6,1,step,False,9,1.396706319763929,0.3275698271069382,0.0,1.2836798603601982,71.97134862060662,4,1.170680791268743,118,25.155465580470995,33.63605214959357,6.3560974621213,10,0.2702839261571022,0,1.6273409581129943,1.0,4.707958103398925e-16
6,1,step,False,10,0.7169159324718162,0.15806544968973388,0.0,0.658900536972561,115.49336898557972,4,1.2014671291458443,171,49.35571960074817,67.07116552927494,12.014032437350073,18,0.26293619766012116,0,1.6273409581129943,1.0,4.707958103398925e-16
6,1,step,False,11,2.103429569382233,0.45063105452109226,1.4901161193847656e-08,1.9332125427473346,48.80161383275155,4,1.3789303085189457,88,14.519322894768052,19.3033197375298,3.652919025358841,7,0.26698829292529025,0,1.6273409581129943,1.0,4.707958103398925e-16
6,1,step,False,12,1.470954417908997,0.14493381087174984,0.0,1.3519195374563688,75.62404581090895,4,1.283627964475052,117,25.79336491686083,38.79039582110543,9.674800531408897,13,0.27798348792819255,0,1.6273409581129943,1.0,4.707958103398925e-16
6,1,step,False,13,1.388642514644572,0.22103781948729712,0.0,1.2762686071259912,40.89857424422631,4,1.2771140316097331,72,10.016672991582903,13.1215986348465,4.969304980772916,9,0.28704807961948736,0,1.6273409581129943,1.0,4.707958103398925e-16
6,1,step,False,14,3.7373453800473535,0.12575872392733894,0.0,3.4349060555463806,2.7073364238549575,4,4.564046198290462,8,1.029148248488495,1.0582470091303795,1.0780156009349202,2,0.06369439446029308,0,1.6273409581129943,1.0,4.707958103398925e-16
6,1,step,False,15,0.40616906286920945,0.7200293620193318,0.0,0.37330041292768323,50.47056557527236,4,1.434244672769924,91,12.403690647773246,18.229232119301496,4.772681843895281,8,0.28198656248621096,0,1.6273409581129943,1.0,4.707958103398925e-16
6,1,step,False,16,0.3890029855377656,0.8147638713610442,1.4901161193847656e-08,0.3575234758293498,122.0736781920817,4,1.2172174899420798,178,48.173609060085724,69.33492169693001,10.005544733140766,17,0.2724855461119465,0,1.6273409581129943,1.0,4.707958103398925e-16
6,1,step,False,17,2.1699025667912704,0.44670479715878286,2.1073424255447017e-08,1.9943063080037122,36.98537468571456,4,1.4482690910673952,70,8.755496127665829,12.896568378973392,4.6394777238490486,7,0.2429854037254514,0,1.6273409581129943,1.0,4.707958103398925e-16
6,1,step,False,18,2.1977118582756474,0.048190200346380614,0.0,2.019865172386466,16.87004217402684,4,1.443738741870929,33,5.036642953042845,6.2376054455124255,1.5765211707915592,2,0.2580649253753689,0,1.6273409581129943,1.0,4.707958103398925e-16
6,1,step,False,19,0.8905675226758757,0.8414321742387716,0.0,0.8184996208387745,79.6001769273492,4,1.2791646380629778,128,30.213062681903562,42.1425408445288,8.9860086112394,12,0.22742238515626245,0,1.6273409581129943,1.0,4.707958103398925e-16
6,1,step,False,20,1.1310230282852698,0.41829277019505046,0.0,1.0394966088925544,74.3621311687393,4,1.4697135649056174,122,25.350055972965464,34.337063368970774,8.971365031985105,14,0.24334334166780902,0,1.6273409581129943,1.0,4.707958103398925e-16
6,1,step,False,21,2.0401207972277002,0.11031611026530413,0.0,1.8750269423466417,56.20392719180741,4,1.334272943232875,93,17.60425583224027,23.710192275256475,6.606932107516386,11,0.05385000895907369,0,1.6273409581129943,1.0,4.707958103398925e-16
6,1,step,False,22,0.9210253947734512,0.55380680643777,0.0,0.8464927332403085,64.23113255828872,4,1.2918368917104768,104,23.935624294868877,31.737084635556386,6.627964564082944,9,0.27390077024434223,0,1.6273409581129943,1.0,4.707958103398925e-16
6,1,step,False,23,1.5776915231880368,0.4419775510981076,0.0,1.45001909529542,75.37873253565283,4,1.217459543327222,119,29.76694276056097,41.88065224055272,4.871763050037941,8,0.28993752081310326,0,1.6273409581129943,1.0,4.707958103398925e-16
6,2,step,True,0,2.54098135741418,0.5743787696564838,0.0,2.335356078731434,17.46057952630617,4,1.27484943904016,33,3.710414495278109,4.270568412619477,1.5707688609171744,3,0.21386580497718752,0,1.1507038267843115,0.6176417469978333,nan
6,2,step,True,1,0.7412300966119058,0.525542779681001,0.0,0.6812471121877434,58.75002316755938,4,1.3885988138108036,102,16.76138385903962,23.78940748447588,5.285404019393518,9,0.18392683990032532,0,1.1507038267843115,0.6176417469978333,nan
6,2,step,True,2,0.2768699161868602,0.1603318949234039,0.0,0.254464614586093,59.861531152866775,4,1.334131016019222,107,19.14346941980625,27.415503259688652,3.6135148768569545,7,0.16114606169883722,0,1.1507038267843115,0.6176417469978333,nan
6,2,step,True,3,0.49089716394589106,0.6895468015410433,0.0,0.4511720137213867,84.03306920488411,4,1.2510632781073787,137,27.750284722807358,37.66583680470022,7.5079317861965365,12,0.27468450457116544,0,1.1507038267843115,0.6176417469978333,nan
6,2,step,True,4,0.9705931967434145,0.2542876796121711,0.0,0.8920493317970608,19.762615612563682,4,1.2898079726077678,47,4.000930747344253,5.4071509452823605,1.7722303826509713,3,0.19060882038066776,0,1.1507038267843115,0.6176417469978333,nan
6,2,step,True,5,1.595701416217555,0.5506294238794681,0.0,1.4665715635144663,75.81195041346109,4,1.48316733780218,126,22.03245673793877,29.133890262785307,8.683883983667194,13,0.13919194987615502,0,1.1507038267843115,0.6176417469978333,nan
6,2,step,True,6,1.5853100652539636,0.3839124147114713,0.0,1.4570211177513577,53.4790893985892,4,1.3239819964929083,95,15.498215980710807,21.90709553734569,6.824192415075044,10,0.14646583458843737,0,1.1507038267843115,0.6176417469978333,nan
6,2,step,True,7,0.4018957436714012,0.869561268236563,0.0,0.36937290596827865,96.64326979807032,4,1.184094946286352,153,37.97864029560776,50.80696929360812,7.785684768423504,14,0.11521138202807259,0,1.1507038267843115,0.6176417469978333,nan
6,2,step,True,8,1.2700049529393447,0.0596953322253326,0.0,1.167231620260362,42.525822798838774,4,1.3911741521780545,73,13.92198621443856,21.73309035812493,6.152960032333694,10,0.16222758863388484,0,1.1507038267843115,0.6176417469978333,nan
6,2,step,True,9,1.396706319763929,0.3275698271069382,0.0,1.2836798603601982,71.97134862060662,4,1.170680791268743,118,25.282164923605798,33.94121520489961,6.3560974621213,10,0.12054532746224986,0,1.1507038267843115,0.6176417469978333,nan
6,2,step,True,10,0.7169159324718162,0.15806544968973388,0.0,0.658900536972561,115.49336898557972,4,1.2014671291458443,171,46.97799385739836,63.12908604019688,12.014032437350073,18,0.16865703106616095,0,1.1507038267843115,0.6176417469978333,nan
6,2,step,True,11,2.103429569382233,0.45063105452109226,1.4901161193847656e-08,1.9332125427473346,48.80161383275155,4,1.3789303085189457,88,13.125213552825178,17.18354835213126,3.652919025358841,7,0.12385539221365223,0,1.1507038267843115,0.6176417469978333,nan
6,2,step,True,12,1.470954417908997,0.14493381087174984,0.0,1.3519195374563688,75.62404581090895,4,1.283627964475052,117,25.68223817576625,37.4907779471643,9.674800531408897,13,0.1264157119514981,0,1.1507038267843115,0.6176417469978333,nan
6,2,step,True,13,1.388642514644572,0.22103781948729712,0.0,1.2762686071259912,40.89857424422631,4,1.2771140316097331,72,9.955685105447852,12.856704638820638,4.969304980772916,9,0.11259394014054264,0,1.1507038267843115,0.6176417469978333,nan
6,2,step,True,14,3.7373453800473535,0.12575872392733894,0.0,3.4349060555463806,2.7073364238549575,4,4.564046198290462,8,1.0,1.0,1.0780156009349202,2,0.0,1,1.1507038267843115,0.6176417469978333,nan
6,2,step,True,15,0.40616906286920945,0.7200293620193318,0.0,0.37330041292768323,50.47056557527236,4,1.434244672769924,91,13.41930506451038,21.32981148034137,4.772681843895281,8,0.23035043093415605,0,1.1507038267843115,0.6176417469978333,nan
6,2,step,True,16,0.3890029855377656,0.8147638713610442,1.4901161193847656e-08,0.3575234758293498,122.0736781920817,4,1.2172174899420798,178,48.36354199118985,67.76902756638133,10.005544733140766,17,0.17910053930806213,0,1.1507038267843115,0.6176417469978333,nan
6,2,step,True,17,2.1699025667912704,0.44670479715878286,2.1073424255447017e-08,1.9943063080037122,36.98537468571456,4,1.4482690910673952,70,8.508802853080075,11.563009193203563,4.6394777238490486,7,0.10532083334716608,0,1.1507038267843115,0.6176417469978333,nan
6,2,step,True,18,2.1977118582756474,0.048190200346380614,0.0,2.019865172386466,16.87004217402684,4,1.443738741870929,33,4.518739485482423,4.960639913817854,1.5765211707915592,2,0.15188399061037783,0,1.1507038267843115,0.6176417469978333,nan
6,2,step,True,19,0.8905675226758757,0.8414321742387716,0.0,0.8184996208387745,79.6001769273492,4,1.2791646380629778,128,31.421188235541642,45.50753210396691,8.9860086112394,12,0.1795318589884576,0,1.1507038267843115,0.6176417469978333,nan
6,2,step,True,20,1.1310230282852698,0.41829277019505046,0.0,1.0394966088925544,74.3621311687393,4,1.4697135649056174,122,24.9557464839575,33.50368244943803,8.971365031985105,14,0.15338708607409113,0,1.1507038267843115,0.6176417469978333,nan
6,2,step,True,21,2.0401207972277002,0.11031611026530413,0.0,1.8750269423466417,56.20392719180741,4,1.334272943232875,93,13.739537578226376,18.38524367526961,6.606932107516386,11,0.0,1,1.1507038267843115,0.6176417469978333,nan
6,2,step,True,22,0.9210253947734512,0.55380680643777,0.0,0.8464927332403085,64.23113255828872,4,1.2918368917104768,104,25.626557591921767,34.27008549599262,6.627964564082944,9,0.23098913355801212,0,1.1507038267843115,0.6176417469978333,nan
6,2,step,True,23,1.5776915231880368,0.4419775510981076,0.0,1.45001909529542,75.37873253565283,4,1.217459543327222,119,26.625526932055422,36.662564567914536,4.871763050037941,8,0.13812332252916829,0,1.1507038267843115,0.6176417469978333,nan
7,0,init,False,0,1.695893548209062,0.15491957885699476,1.4901161193847656e-08,1.6274371578820057,53.465993280249634,4,1.2472880042483732,97,nan,nan,4.120287888145276,8,nan,0,nan,nan,nan
7,0,init,False,1,2.2857085843603824,0.1619610210210223,0.0,2.1934437372005364,33.80790741579857,4,1.3955810576463779,68,nan,nan,2.9810949166534595,5,nan,0,nan,nan,nan
7,0,init,False,2,0.7496180157712998,0.2503457627200595,0.0,0.7193589564464822,102.02524851658946,4,1.2462523477289515,158,nan,nan,9.07717937305417,14,nan,0,nan,nan,nan
7,0,init,False,3,0.7321385464267546,0.8394583294734965,0.0,0.7025850628601698,78.43110798093267,4,1.266839737976448,118,nan,nan,8.328805409891904,15,nan,0,nan,nan,nan
7,0,init,False,4,1.3432311769705663,0.116804538351381,0.0,1.2890103458062077,75.99552897688298,4,1.1526094094761743,130,nan,nan,8.62452127794918,14,nan,0,nan,nan,nan
7,0,init,False,5,2.5599472376981836,0.21560625954371765,2.1073424255447017e-08,2.456612480923147,24.62584607685912,4,1.7856351223096008,46,nan,nan,4.010151818914064,6,nan,0,nan,nan,nan
7,0,init,False,6,2.5719546876022785,0.17193134033185037,0.0,2.4681352384487996,25.886473484609475,4,1.3148413721217607,49,nan,nan,3.402165135515465,5,nan,0,nan,nan,nan
7,0,init,False,7,0.5562056173718655,0.9507118940790593,0.0,0.5337538373735752,109.16931197286914,4,1.204066454109447,169,nan,nan,11.45044705075708,14,nan,0,nan,nan,nan
7,0,init,False,8,0.18965584778829725,0.9996516189613633,0.0,0.1820002052759973,78.52859213405438,4,1.3153045139270814,121,nan,nan,9.34625701013372,14,nan,0,nan,nan,nan
7,0,init,False,9,1.7902645027757145,0.06961903707168988,0.0,1.7179987372032755,30.051260915893067,4,1.5234981204062745,62,nan,nan,1.965315136448519,2,nan,0,nan,nan,nan
7,0,init,False,10,1.8688287133032908,0.08530051984137299,0.0,1.793391627061997,13.875457717056847,4,1.5335676978780175,32,nan,nan,1.7723265200975988,4,nan,0,nan,nan,nan
7,0,init,False,11,1.798904448533471,0.22054691107598012,1.4901161193847656e-08,1.7262899231583766,22.526533495044212,4,1.4991487356783237,45,nan,nan,2.1093531614939183,3,nan,0,nan,nan,nan
7,0,init,False,12,1.656085565633077,0.3332022806600173,0.0,1.5892360631889495,66.52874753848387,4,1.4668885675408487,111,nan,nan,3.0107832217690316,9,nan,0,nan,nan,nan
7,0,init,False,13,1.4164375940140463,0.44454789415111395,0.0,1.3592617147189452,49.903785347071945,4,1.4397238092834648,87,nan,nan,5.009603394929374,8,nan,0,nan,nan,nan
7,0,init,False,14,0.9095282557893342,0.9032177251551601,0.0,0.8728142643023367,25.982990440588615,4,1.8809392902878954,46,nan,nan,1.7702377377974834,3,nan,0,nan,nan,nan
7,0,init,False,15,0.979959092698329,0.09912894894866384,1.4901161193847656e-08,0.9404020920686911,100.22869046624908,4,1.1588893870320889,154,nan,nan,10.158665906413292,13,nan,0,nan,nan,nan
7,0,init,False,16,0.6074272708457642,0.14718867148773426,2.1073424255447017e-08,0.5829078790524356,114.58790735195603,4,1.2143450195914391,171,nan,nan,9.772091467122381,15,nan,0,nan,nan,nan
7,0,init,False,17,0.7090745349758502,0.9883157655644661,0.0,0.6804520526339932,91.91038893568631,4,1.2310369715249714,147,nan,nan,9.667013588058174,16,nan,0,nan,nan,nan
7,0,init,False,18,1.6675110350894953,0.019034309213099697,0.0,1.6002003324729839,63.257256614165854,4,1.2209103837488429,107,nan,nan,7.630103670082665,13,nan,0,nan,nan,nan
7,0,init,False,19,0.9835998101561569,0.05521282169149287,0.0,0.9438958484300357,95.24671985369999,4,1.1657662482924642,146,nan,nan,9.929635925404824,12,nan,0,nan,nan,nan
7,0,init,False,20,1.3118515925786611,0.17001403557359948,0.0,1.2588974288178678,32.39522492289318,4,1.297573357104855,59,nan,nan,4.583855728582646,7,nan,0,nan,nan,nan
7,0,init,False,21,2.4897466425669204,0.0493120146744556,0.0,2.3892456010015284,12.877475319551785,4,1.6628685030494748,28,nan,nan,1.213309395418206,2,nan,0,nan,nan,nan
7,0,init,False,22,0.5277176915553676,0.9681991355345312,0.0,0.5064158543535234,109.47356309689263,4,1.2290279960899777,170,nan,nan,9.514466384682287,13,nan,0,nan,nan,nan
7,0,init,False,23,2.43209115517156,0.2643818202503748,0.0,2.333917433356751,29.217988145921435,4,1.4840626442287876,55,nan,nan,4.552328880685266,7,nan,0,nan,nan,nan
7,1,step,False,0,1.695893548209062,0.29346079376910306,1.4901161193847656e-08,1.6274371578820057,53.465993280249634,4,1.2472880042483732,97,15.507996359957538,23.645960967002807,4.120287888145276,8,0.4000199780016052,0,1.6605951643384131,1.0,6.079188491124869e-16
7,1,step,False,1,2.2857085843603824,0.24231908812458755,0.0,2.1934437372005364,33.80790741579857,4,1.3955810576463779,68,6.521452823460307,10.042722663536358,2.9810949166534595,5,0.38591867173867894,0,1.6605951643384131,1.0,6.079188491124869e-16
7,1,step,False,2,0.7496180157712998,0.2498195741194166,0.0,0.7193589564464822,102.02524851658946,4,1.2462523477289515,158,34.97049595842469,45.117098805605764,9.07717937305417,14,0.3474072838546224,0,1.6605951643384131,1.0,6.079188491124869e-16
7,1,step,False,3,0.7321385464267546,0.8622628472548989,0.0,0.7025850628601698,78.43110798093267,4,1.266839737976448,118,26.15095431798394,36.65837000379006,8.328805409891904,15,0.29772361332700265,0,1.6605951643384131,1.0,6.079188491124869e-16
7,1,step,False,4,1.3432311769705663,0.1211645098955552,0.0,1.2890103458062077,75.99552897688298,4,1.1526094094761743,130,24.44210631248285,34.81996011635408,8.62452127794918,14,0.22964799639116742,0,1.6605951643384131,1.0,6.079188491124869e-16
7,1,step,False,5,2.5599472376981836,0.23745642914178705,2.1073424255447017e-08,2.456612480923147,24.62584607685912,4,1.7856351223096008,46,5.357523042615443,8.406724959483544,4.010151818914064,6,0.3583743203618451,0,1.6605951643384131,1.0,6.079188491124869e-16
7,1,step,False,6,2.5719546876022785,0.20248015002457473,0.0,2.4681352384487996,25.886473484609475,4,1.3148413721217607,49,7.442089797589687,11.60852096269116,3.402165135515465,5,0.23460007552243595,0,1.6605951643384131,1.0,6.079188491124869e-16
7,1,step,False,7,0.5562056173718655,0.963502733620248,0.0,0.5337538373735752,109.16931197286914,4,1.204066454109447,169,44.71463294585974,61.689432715257816,11.45044705075708,14,0.23152781955950252,0,1.6605951643384131,1.0,6.079188491124869e-16
7,1,step,False,8,0.18965584778829725,0.9996184181874151,0.0,0.1820002052759973,78.52859213405438,4,1.3153045139270814,121,23.813398992061803,33.90219620912647,9.34625701013372,14,0.23919627446961741,0,1.6605951643384131,1.0,6.079188491124869e-16
7,1,step,False,9,1.7902645027757145,0.08669807127554086,0.0,1.7179987372032755,30.051260915893067,4,1.5234981204062745,62,7.457892022467633,11.932053152406091,1.965315136448519,2,0.4268868456175072,0,1.6605951643384131,1.0,6.079188491124869e-16
7,1,step,False,10,1.8688287133032908,0.26770899703582807,0.0,1.793391627061997,13.875457717056847,4,1.5335676978780175,32,2.8772665735759375,4.694833760672325,1.7723265200975988,4,0.32866204093108725,0,1.6605951643384131,1.0,6.079188491124869e-16
7,1,step,False,11,1.798904448533471,0.1673048550591625,1.4901161193847656e-08,1.7262899231583766,22.526533495044212,4,1.4991487356783237,45,5.78007146162151,7.526320493440781,2.1093531614939183,3,0.09054740061295825,0,1.6605951643384131,1.0,6.079188491124869e-16
7,1,step,False,12,1.656085565633077,0.6527431920531533,0.0,1.5892360631889495,66.52874753848387,4,1.4668885675408487,111,22.07633146972727,31.83853491192256,3.0107832217690316,9,0.11250133047676912,0,1.6605951643384131,1.0,6.079188491124869e-16
7,1,step,False,13,1.4164375940140463,0.5574158242680644,0.0,1.3592617147189452,49.903785347071945,4,1.4397238092834648,87,9.722569566055254,14.735965812203196,5.009603394929374,8,0.29916699152278764,0,1.6605951643384131,1.0,6.079188491124869e-16
7,1,step,False,14,0.9095282557893342,0.9489253115057243,0.0,0.8728142643023367,25.982990440588615,4,1.8809392902878954,46,7.198143495626002,10.72591774988459,1.7702377377974834,3,0.0926121200287946,0,1.6605951643384131,1.0,6.079188491124869e-16
7,1,step,False,15,0.979959092698329,0.07673547237975141,1.4901161193847656e-08,0.9404020920686911,100.22869046624908,4,1.1588893870320889,154,38.69873344675015,53.853702182277424,10.158665906413292,13,0.37113834929840556,0,1.6605951643384131,1.0,6.079188491124869e-16
7,1,step,False,16,0.6074272708457642,0.11436766556360267,2.1073424255447017e-08,0.5829078790524356,114.58790735195603,4,1.2143450195914391,171,48.0641338327472,67.445561422251,9.772091467122381,15,0.31351556018052135,0,1.6605951643384131,1.0,6.079188491124869e-16
7,1,step,False,17,0.7090745349758502,0.9910484755617196,0.0,0.6804520526339932,91.91038893568631,4,1.2310369715249714,147,30.956332724561626,42.95449234441716,9.667013588058174,16,0.178440481708063,0,1.6605951643384131,1.0,6.079188491124869e-16
7,1,step,False,18,1.6675110350894953,0.08364841572361864,0.0,1.6002003324729839,63.257256614165854,4,1.2209103837488429,107,18.308987459315652,24.98037696756598,7.630103670082665,13,0.22806532845883695,0,1.6605951643384131,1.0,6.079188491124869e-16
7,1,step,False,19,0.9835998101561569,0.05079074625642237,0.0,0.9438958484300357,95.24671985369999,4,1.1657662482924642,146,38.0516721386496,53.05114956342134,9.929635925404824,12,0.37464683692987677,0,1.6605951643384131,1.0,6.079188491124869e-16
7,1,step,False,20,1.3118515925786611,0.17401724881035852,0.0,1.2588974288178678,32.39522492289318,4,1.297573357104855,59,9.105175267293191,13.6607547925201,4.583855728582646,7,0.23148621484424575,0,1.6605951643384131,1.0,6.079188491124869e-16
7,1,step,False,21,2.4897466425669204,0.1767829941571602,0.0,2.3892456010015284,12.877475319551785,4,1.6628685030494748,28,2.8940313917716844,3.8037747892889238,1.213309395418206,2,0.33209205216521714,0,1.6605951643384131,1.0,6.079188491124869e-16
7,1,step,False,22,0.5277176915553676,0.9757394703946052,0.0,0.5064158543535234,109.47356309689263,4,1.2290279960899777,170,41.3399474802764,56.28471301796256,9.514466384682287,13,0.3030075473983536,0,1.6605951643384131,1.0,6.079188491124869e-16
7,1,step,False,23,2.43209115517156,0.27259434160149737,0.0,2.333917433356751,29.217988145921435,4,1.4840626442287876,55,8.548061119125059,13.752532896366455,4.552328880685266,7,0.36642954543690215,0,1.6605951643384131,1.0,6.079188491124869e-16
7,2,step,False,0,1.695893548209062,0.19726047714904252,1.4901161193847656e-08,1.6274371578820057,53.465993280249634,4,1.2472880042483732,97,12.819272399755079,18.099744968085705,4.120287888145276,8,0.3243328772650268,0,1.1742181015092812,0.6079504489898682,6.288981026568409e-16
7,2,step,False,1,2.2857085843603824,0.17908453192653062,0.0,2.1934437372005364,33.80790741579857,4,1.3955810576463779,68,6.559005023121277,9.279643584125207,2.9810949166534595,5,0.19175372319283765,0,1.1742181015092812,0.6079504489898682,6.288981026568409e-16
7,2,step,False,2,0.7496180157712998,0.3920628081878707,0.0,0.7193589564464822,102.02524851658946,4,1.2462523477289515,158,36.212438280754355,48.64146064468683,9.07717937305417,14,0.17503053637715593,0,1.1742181015092812,0.6079504489898682,6.288981026568409e-16
7,2,step,False,3,0.7321385464267546,0.786845893368368,0.0,0.7025850628601698,78.43110798093267,4,1.266839737976448,118,28.777023130560668,39.49268787650951,8.328805409891904,15,0.1753433998370226,0,1.1742181015092812,0.6079504489898682,6.288981026568409e-16
7,2,step,False,4,1.3432311769705663,0.15672425080087002,0.0,1.2890103458062077,75.99552897688298,4,1.1526094094761743,130,19.817401322327235,25.319724912783023,8.62452127794918,14,0.16645102624244343,0,1.1742181015092812,0.6079504489898682,6.288981026568409e-16
7,2,step,False,5,2.5599472376981836,0.27255948728854923,2.1073424255447017e-08,2.456612480923147,24.62584607685912,4,1.7856351223096008,46,4.536593168299625,7.152892302882607,4.010151818914064,6,0.21982478021635304,0,1.1742181015092812,0.6079504489898682,6.288981026568409e-16
7,2,step,False,6,2.5719546876022785,0.22515243449562738,0.0,2.4681352384487996,25.886473484609475,4,1.3148413721217607,49,5.699284752081806,8.057313864313873,3.402165135515465,5,0.17060426046111707,0,1.1742181015092812,0.6079504489898682,6.288981026568409e-16
7,2,step,False,7,0.5562056173718655,0.9028426997459567,0.0,0.5337538373735752,109.16931197286914,4,1.204066454109447,169,46.013737335966184,61.75547278763933,11.45044705075708,14,0.16564330026958446,0,1.1742181015092812,0.6079504489898682,6.288981026568409e-16
7,2,step,False,8,0.18965584778829725,0.9872166490237724,0.0,0.1820002052759973,78.52859213405438,4,1.3153045139270814,121,27.7201243123717,39.75723257013458,9.34625701013372,14,0.17138477888166104,0,1.1742181015092812,0.6079504489898682,6.288981026568409e-16
7,2,step,False,9,1.7902645027757145,0.06486577548805428,0.0,1.7179987372032755,30.051260915893067,4,1.5234981204062745,62,7.63882518947512,11.598128866726546,1.965315136448519,2,0.27679552955627995,0,1.1742181015092812,0.6079504489898682,6.288981026568409e-16
7,2,step,False,10,1.8688287133032908,0.26559109974394474,0.0,1.793391627061997,13.875457717056847,4,1.5335676978780175,32,2.507158340072547,3.5302446661190934,1.7723265200975988,4,0.16099823674363872,0,1.1742181015092812,0.6079504489898682,6.288981026568409e-16
7,2,step,False,11,1.798904448533471,0.14459361198107756,1.4901161193847656e-08,1.7262899231583766,22.526533495044212,4,1.4991487356783237,45,5.891667869633699,7.715979582636282,2.1093531614939183,3,0.11238625149648188,0,1.1742181015092812,0.6079504489898682,6.288981026568409e-16
7,2,step,False,12,1.656085565633077,0.2595904332122831,0.0,1.5892360631889495,66.52874753848387,4,1.4668885675408487,111,22.897387081173818,33.92281196951268,3.0107832217690316,9,0.1836578171960282,0,1.1742181015092812,0.6079504489898682,6.288981026568409e-16
7,2,step,False,13,1.4164375940140463,0.16763398591913262,0.0,1.3592617147189452,49.903785347071945,4,1.4397238092834648,87,12.445061395794866,19.158233033858423,5.009603394929374,8,0.18936607592998328,0,1.1742181015092812,0.6079504489898682,6.288981026568409e-16
7,2,step,False,14,0.9095282557893342,0.9770866684705531,0.0,0.8728142643023367,25.982990440588615,4,1.8809392902878954,46,7.899485862332406,12.43081193003467,1.7702377377974834,3,0.1511735185633219,0,1.1742181015092812,0.6079504489898682,6.288981026568409e-16
7,2,step,False,15,0.979959092698329,0.200731058567071,1.4901161193847656e-08,0.9404020920686911,100.22869046624908,4,1.1588893870320889,154,36.47619922353797,50.37613187280876,10.158665906413292,13,0.2161654081967809,0,1.1742181015092812,0.6079504489898682,6.288981026568409e-16
7,2,step,False,16,0.6074272708457642,0.13715853617682386,2.1073424255447017e-08,0.5829078790524356,114.58790735195603,4,1.2143450195914391,171,46.27709907446768,63.92451100438581,9.772091467122381,15,0.17713891191799871,0,1.1742181015092812,0.6079504489898682,6.288981026568409e-16
7,2,step,False,17,0.7090745349758502,0.9684951632099307,0.0,0.6804520526339932,91.91038893568631,4,1.2310369715249714,147,34.99799642099643,48.36560142932588,9.667013588058174,16,0.11975233172670116,0,1.1742181015092812,0.6079504489898682,6.288981026568409e-16
7,2,step,False,18,1.6675110350894953,0.04648904055134312,0.0,1.6002003324729839,63.257256614165854,4,1.2209103837488429,107,17.610748414352965,23.782937691066994,7.630103670082665,13,0.16702636372340487,0,1.1742181015092812,0.6079504489898682,6.288981026568409e-16
7,2,step,False,19,0.9835998101561569,0.1372130965498508,0.0,0.9438958484300357,95.24671985369999,4,1.1657662482924642,146,34.86948642695981,47.735237948446766,9.929635925404824,12,0.21605948206276124,0,1.1742181015092812,0.6079504489898682,6.288981026568409e-16
7,2,step,False,20,1.3118515925786611,0.14960425901056723,0.0,1.2588974288178678,32.39522492289318,4,1.297573357104855,59,10.479507839538435,14.706082732572831,4.583855728582646,7,0.16622537396286394,0,1.1742181015092812,0.6079504489898682,6.288981026568409e-16
7,2,step,False,21,2.4897466425669204,0.27806824155382265,0.0,2.3892456010015284,12.877475319551785,4,1.6628685030494748,28,1.5686317660531803,1.9516765619116307,1.213309395418206,2,0.31303161382437733,0,1.1742181015092812,0.6079504489898682,6.288981026568409e-16
7,2,step,False,22,0.5277176915553676,0.90806508310525,0.0,0.5064158543535234,109.47356309689263,4,1.2290279960899777,170,42.99879617448531,58.55158939040729,9.514466384682287,13,0.17448963687758054,0,1.1742181015092812,0.6079504489898682,6.288981026568409e-16
7,2,step,False,23,2.43209115517156,0.24218332281991353,0.0,2.333917433356751,29.217988145921435,4,1.4840626442287876,55,7.287075119570827,9.826043355032493,4.552328880685266,7,0.21944707616143974,0,1.1742181015092812,0.6079504489898682,6.288981026568409e-16
7,3,step,True,0,1.695893548209062,0.19726047714904252,1.4901161193847656e-08,1.6274371578820057,53.465993280249634,4,1.2472880042483732,97,13.013770065573038,17.135913731182175,4.120287888145276,8,0.1655584549942576,0,0.8302975821692065,0.36693958938121796,nan
7,3,step,True,1,2.2857085843603824,0.17908453192653062,0.0,2.1934437372005364,33.80790741579857,4,1.3955810576463779,68,6.60005339185968,8.716252056485944,2.9810949166534595,5,0.19824415940350704,0,0.8302975821692065,0.36693958938121796,nan
7,3,step,True,2,0.7496180157712998,0.3920628081878707,0.0,0.7193589564464822,102.02524851658946,4,1.2462523477289515,158,37.031170993747374,49.42825850471628,9.07717937305417,14,0.10752750247142656,0,0.8302975821692065,0.36693958938121796,nan
7,3,step,True,3,0.7321385464267546,0.786845893368368,0.0,0.7025850628601698,78.43110798093267,4,1.266839737976448,118,32.77342552097391,45.637880319464585,8.328805409891904,15,0.12495440067248065,0,0.8302975821692065,0.36693958938121796,nan
7,3,step,True,4,1.3432311769705663,0.15672425080087002,0.0,1.2890103458062077,75.99552897688298,4,1.1526094094761743,130,20.033851438756056,24.835682540654208,8.62452127794918,14,0.0919051877493058,0,0.8302975821692065,0.36693958938121796,nan
7,3,step,True,5,2.5599472376981836,0.27255948728854923,2.1073424255447017e-08,2.456612480923147,24.62584607685912,4,1.7856351223096008,46,4.917586409227577,7.062221845920406,4.010151818914064,6,0.1180551719034178,0,0.8302975821692065,0.36693958938121796,nan
7,3,step,True,6,2.5719546876022785,0.22515243449562738,0.0,2.4681352384487996,25.886473484609475,4,1.3148413721217607,49,5.866393879244639,7.6666478434044745,3.402165135515465,5,0.08708738547490255,0,0.8302975821692065,0.36693958938121796,nan
7,3,step,True,7,0.5562056173718655,0.9028426997459567,0.0,0.5337538373735752,109.16931197286914,4,1.204066454109447,169,43.33522121635266,56.189303735909,11.45044705075708,14,0.11618998638470418,0,0.8302975821692065,0.36693958938121796,nan
7,3,step,True,8,0.18965584778829725,0.9872166490237724,0.0,0.1820002052759973,78.52859213405438,4,1.3153045139270814,121,32.417844720986864,46.7657018485948,9.34625701013372,14,0.13015194782933767,0,0.8302975821692065,0.36693958938121796,nan
7,3,step,True,9,1.7902645027757145,0.06486577548805428,0.0,1.7179987372032755,30.051260915893067,4,1.5234981204062745,62,8.850519869342065,14.09456681489363,1.965315136448519,2,0.1653733621388812,0,0.8302975821692065,0.36693958938121796,nan
7,3,step,True,10,1.8688287133032908,0.26559109974394474,0.0,1.793391627061997,13.875457717056847,4,1.5335676978780175,32,2.254036007618819,2.8822194914004386,1.7723265200975988,4,0.16166174839536576,0,0.8302975821692065,0.36693958938121796,nan
7,3,step,True,11,1.798904448533471,0.14459361198107756,1.4901161193847656e-08,1.7262899231583766,22.526533495044212,4,1.4991487356783237,45,6.625463001128053,9.92566992150494,2.1093531614939183,3,0.16897930972172726,0,0.8302975821692065,0.36693958938121796,nan
7,3,step,True,12,1.656085565633077,0.2595904332122831,0.0,1.5892360631889495,66.52874753848387,4,1.4668885675408487,111,18.408916440046703,26.134050993872002,3.0107832217690316,9,0.18466820528607789,0,0.8302975821692065,0.36693958938121796,nan
7,3,step,True,13,1.4164375940140463,0.16763398591913262,0.0,1.3592617147189452,49.903785347071945,4,1.4397238092834648,87,12.574219623706789,18.75308380694831,5.009603394929374,8,0.1601021689602174,0,0.8302975821692065,0.36693958938121796,nan
7,3,step,True,14,0.9095282557893342,0.9770866684705531,0.0,0.8728142643023367,25.982990440588615,4,1.8809392902878954,46,8.431180256957406,11.429327987117226,1.7702377377974834,3,0.08882755767231912,0,0.8302975821692065,0.36693958938121796,nan
7,3,step,True,15,0.979959092698329,0.200731058567071,1.4901161193847656e-08,0.9404020920686911,100.22869046624908,4,1.1588893870320889,154,33.751886854041366,45.541575952956414,10.158665906413292,13,0.1192265290427177,0,0.8302975821692065,0.36693958938121796,nan
7,3,step,True,16,0.6074272708457642,0.13715853617682386,2.1073424255447017e-08,0.5829078790524356,114.58790735195603,4,1.2143450195914391,171,47.05832652464819,61.85083127756633,9.772091467122381,15,0.09571073022657145,0,0.8302975821692065,0.36693958938121796,nan
7,3,step,True,17,0.7090745349758502,0.9684951632099307,0.0,0.6804520526339932,91.91038893568631,4,1.2310369715249714,147,36.31381764686967,50.048913385490366,9.667013588058174,16,0.0,1,0.8302975821692065,0.36693958938121796,nan
7,3,step,True,18,1.6675110350894953,0.04648904055134312,0.0,1.6002003324729839,63.257256614165854,4,1.2209103837488429,107,16.443596275971668,22.287632410496908,7.630103670082665,13,0.10313768603283022,0,0.8302975821692065,0.36693958938121796,nan
7,3,step,True,19,0.9835998101561569,0.1372130965498508,0.0,0.9438958484300357,95.24671985369999,4,1.1657662482924642,146,31.745177044661265,43.00675450957411,9.929635925404824,12,0.11947148275883195,0,0.8302975821692065,0.36693958938121796,nan
7,3,step,True,20,1.3118515925786611,0.14960425901056723,0.0,1.2588974288178678,32.39522492289318,4,1.297573357104855,59,10.765334431986592,13.772599963553503,4.583855728582646,7,0.08981442063609593,0,0.8302975821692065,0.36693958938121796,nan
7,3,step,True,21,2.4897466425669204,0.27806824155382265,0.0,2.3892456010015284,12.877475319551785,4,1.6628685030494748,28,1.0,1.0,1.213309395418206,2,0.0,1,0.8302975821692065,0.36693958938121796,nan
7,3,step,True,22,0.5277176915553676,0.90806508310525,0.0,0.5064158543535234,109.47356309689263,4,1.2290279960899777,170,42.82648768265531,57.82001137546766,9.514466384682287,13,0.12391963952600353,0,0.8302975821692065,0.36693958938121796,nan
7,3,step,True,23,2.43209115517156,0.24218332281991353,0.0,2.333917433356751,29.217988145921435,4,1.4840626442287876,55,6.961731437591835,8.533304748293602,4.552328880685266,7,0.11299862395266519,0,0.8302975821692065,0.36693958938121796,nan
8,0,init,False,0,1.0378506748875693,0.5247870375157347,0.0,0.9841966501892958,80.38713347296193,4,1.2026616870824982,131,nan,nan,6.409736394929717,11,nan,0,nan,nan,nan
8,0,init,False,1,0.6716561569208681,0.1670776904134359,0.0,0.6369333813769936,110.66944159046545,4,1.1833399203270567,160,nan,nan,9.619335184444632,16,nan,0,nan,nan,nan
8,0,init,False,2,2.0226041686187917,0.1356518389595502,1.4901161193847656e-08,1.918041097414295,27.076090029182133,4,1.4261710912871275,57,nan,nan,2.638891193165522,4,nan,0,nan,nan,nan
8,0,init,False,3,0.7777394701992171,0.6116232860637413,0.0,0.7375324792008141,91.31304504135807,4,1.2207595593000429,140,nan,nan,6.101495755763271,9,nan,0,nan,nan,nan
8,0,init,False,4,0.47784343743739227,0.7859828682679717,0.0,0.4531402462996583,101.21065763451463,4,1.28146989511169,148,nan,nan,10.324470345173227,15,nan,0,nan,nan,nan
8,0,init,False,5,0.6531959063139913,0.2743960533384905,0.0,0.6194274749411653,42.28914634096264,4,1.2983931169285168,76,nan,nan,2.65364998644303,6,nan,0,nan,nan,nan
8,0,init,False,6,1.1350102603683618,0.5177496886025146,0.0,1.076333352392949,53.62026537984196,4,1.208308728279306,99,nan,nan,4.369238642451686,11,nan,0,nan,nan,nan
8,0,init,False,7,1.0600535721639959,0.226509978483431,0.0,1.005251718758118,55.050758548392636,4,1.3889876218895796,91,nan,nan,6.062794397403266,10,nan,0,nan,nan,nan
8,0,init,False,8,1.8614204865315083,0.18365411943261037,0.0,1.765190168264333,52.453877476051616,4,1.254462317202486,94,nan,nan,2.807739901970866,5,nan,0,nan,nan,nan
8,0,init,False,9,3.20983498587541,0.0,0.0,3.043895347566461,3.6738970218116878,4,3.0083351974084533,8,nan,nan,1.0,1,nan,0,nan,nan,nan
8,0,init,False,10,0.8302344040252218,0.044402527561081755,0.0,0.787313569364926,89.28078021085307,4,1.1786060088213433,135,nan,nan,8.645620349730331,12,nan,0,nan,nan,nan
8,0,init,False,11,0.2031161972728973,0.8533590942681163,0.0,0.1926156486595045,120.36043469189067,4,1.169915737059017,171,nan,nan,13.1426093350954,19,nan,0,nan,nan,nan
8,0,init,False,12,0.8087519726279173,0.06292842806044929,0.0,0.7669417205713233,77.21598082614605,4,1.2865793629860431,127,nan,nan,9.634082022018477,17,nan,0,nan,nan,nan
8,0,init,False,13,2.043123899298297,0.30014624969269377,0.0,1.9375000144687586,38.77488469774087,4,1.517674082475266,76,nan,nan,4.266241509095584,9,nan,0,nan,nan,nan
8,0,init,False,14,0.951778082041314,0.9643102556473174,0.0,0.9025737736019982,38.09994319474929,4,1.6056901379588442,71,nan,nan,2.387540199667094,7,nan,0,nan,nan,nan
8,0,init,False,15,0.4172505094214615,0.8079562924466681,0.0,0.3956798059671409,74.19146716210743,4,1.2295859775099058,124,nan,nan,6.029325570241431,12,nan,0,nan,nan,nan
8,0,init,False,16,0.35411392282486276,0.5053229073492027,0.0,0.33580720720480894,96.19237975674679,4,1.3103526701279253,153,nan,nan,10.988107511941076,16,nan,0,nan,nan,nan
8,0,init,False,17,1.5646563512603404,0.025357171447453027,0.0,1.483767922369617,64.84271274356155,4,1.2130484449046435,119,nan,nan,8.35214717726898,12,nan,0,nan,nan,nan
8,0,init,False,18,1.8032365558301429,0.09838181342692928,1.4901161193847656e-08,1.7100141867125227,41.454124403351656,4,1.4494181781835445,79,nan,nan,5.111442043284658,9,nan,0,nan,nan,nan
8,0,init,False,19,2.8305949396715846,0.005438854500699321,0.0,2.684260968437813,10.812960344088546,4,2.2426472127309065,24,nan,nan,1.938532512655518,2,nan,0,nan,nan,nan
8,0,init,False,20,0.5059941463453863,0.35074267448128144,0.0,0.47983564100150516,51.6561043131468,4,1.437951901754448,90,nan,nan,7.079871112193736,11,nan,0,nan,nan,nan
8,0,init,False,21,1.8806394974673035,0.031567125036475185,0.0,1.7834156092074724,10.13580479948925,4,2.330469541565189,18,nan,nan,1.1764279143543734,2,nan,0,nan,nan,nan
8,0,init,False,22,1.0642945010013232,0.6728704241209112,0.0,1.009273403241621,50.29420951461046,4,1.385653510564346,83,nan,nan,6.580376277905314,10,nan,0,nan,nan,nan
8,0,init,False,23,1.6477180246523284,0.2393944915163096,1.4901161193847656e-08,1.5625355357552009,58.943900805974884,4,1.2586679152456106,98,nan,nan,6.680324662802827,10,nan,0,nan,nan,nan
8,1,step,True,0,1.0378506748875693,0.5247870375157347,0.0,0.9841966501892958,80.38713347296193,4,1.2026616870824982,131,21.895530188516656,31.773846515058782,6.409736394929717,11,0.2645755313839066,0,1.6121988453621614,1.0,nan
8,1,step,True,1,0.6716561569208681,0.1670776904134359,0.0,0.6369333813769936,110.66944159046545,4,1.1833399203270567,160,49.55694500252269,66.71685685704648,9.619335184444632,16,0.2848825363855146,0,1.6121988453621614,1.0,nan
8,1,step,True,2,2.0226041686187917,0.1356518389595502,1.4901161193847656e-08,1.918041097414295,27.076090029182133,4,1.4261710912871275,57,4.097863626776006,6.605839520596737,2.638891193165522,4,0.31326381177429685,0,1.6121988453621614,1.0,nan
8,1,step,True,3,0.7777394701992171,0.6116232860637413,0.0,0.7375324792008141,91.31304504135807,4,1.2207595593000429,140,29.742003550379085,42.17284181741827,6.101495755763271,9,0.267136768123401,0,1.6121988453621614,1.0,nan
8,1,step,True,4,0.47784343743739227,0.7859828682679717,0.0,0.4531402462996583,101.21065763451463,4,1.28146989511169,148,40.94693627248696,53.84363168088366,10.324470345173227,15,0.28446805405402614,0,1.6121988453621614,1.0,nan
8,1,step,True,5,0.6531959063139913,0.2743960533384905,0.0,0.6194274749411653,42.28914634096264,4,1.2983931169285168,76,11.908013492864018,16.06636886178867,2.65364998644303,6,0.19742794858787444,0,1.6121988453621614,1.0,nan
8,1,step,True,6,1.1350102603683618,0.5177496886025146,0.0,1.076333352392949,53.62026537984196,4,1.208308728279306,99,15.932256040150145,22.7157232365763,4.369238642451686,11,0.2103694372248565,0,1.6121988453621614,1.0,nan
8,1,step,True,7,1.0600535721639959,0.226509978483431,0.0,1.005251718758118,55.050758548392636,4,1.3889876218895796,91,15.858418246996337,23.45324563561238,6.062794397403266,10,0.2675432560250058,0,1.6121988453621614,1.0,nan
8,1,step,True,8,1.8614204865315083,0.18365411943261037,0.0,1.765190168264333,52.453877476051616,4,1.254462317202486,94,13.79309044455039,19.957087272632027,2.807739901970866,5,0.32710360117621873,0,1.6121988453621614,1.0,nan
8,1,step,True,9,3.20983498587541,0.0,0.0,3.043895347566461,3.6738970218116878,4,3.0083351974084533,8,1.0,1.0,1.0,1,0.0,1,1.6121988453621614,1.0,nan
8,1,step,True,10,0.8302344040252218,0.044402527561081755,0.0,0.787313569364926,89.28078021085307,4,1.1786060088213433,135,38.61697558121317,50.91782272811072,8.645620349730331,12,0.27317906583937757,0,1.6121988453621614,1.0,nan
8,1,step,True,11,0.2031161972728973,0.8533590942681163,0.0,0.1926156486595045,120.36043469189067,4,1.169915737059017,171,50.37931935446912,69.77606203896397,13.1426093350954,19,0.28468292229856756,0,1.6121988453621614,1.0,nan
8,1,step,True,12,0.8087519726279173,0.06292842806044929,0.0,0.7669417205713233,77.21598082614605,4,1.2865793629860431,127,27.021026391348087,36.56102216299682,9.634082022018477,17,0.3108328343856249,0,1.6121988453621614,1.0,nan
8,1,step,True,13,2.043123899298297,0.30014624969269377,0.0,1.9375000144687586,38.77488469774087,4,1.517674082475266,76,10.464119750646459,14.930083598844334,4.266241509095584,9,0.15616958187491253,0,1.6121988453621614,1.0,nan
8,1,step,True,14,0.951778082041314,0.9643102556473174,0.0,0.9025737736019982,38.09994319474929,4,1.6056901379588442,71,8.333591829611837,12.23917254789896,2.387540199667094,7,0.15213259227857376,0,1.6121988453621614,1.0,nan
8,1,step,True,15,0.4172505094214615,0.8079562924466681,0.0,0.3956798059671409,74.19146716210743,4,1.2295859775099058,124,23.317026386953245,32.89669488422646,6.029325570241431,12,0.266667782429429,0,1.6121988453621614,1.0,nan
8,1,step,True,16,0.35411392282486276,0.5053229073492027,0.0,0.33580720720480894,96.19237975674679,4,1.3103526701279253,153,34.02945447329896,47.093222834729005,10.988107511941076,16,0.3066906948260586,0,1.6121988453621614,1.0,nan
8,1,step,True,17,1.5646563512603404,0.025357171447453027,0.0,1.483767922369617,64.84271274356155,4,1.2130484449046435,119,19.250993136177776,27.888448601148742,8.35214717726898,12,0.3034661444282305,0,1.6121988453621614,1.0,nan
8,1,step,True,18,1.8032365558301429,0.09838181342692928,1.4901161193847656e-08,1.7100141867125227,41.454124403351656,4,1.4494181781835445,79,10.001866587350095,14.388125540199326,5.111442043284658,9,0.28465416175562025,0,1.6121988453621614,1.0,nan
8,1,step,True,19,2.8305949396715846,0.005438854500699321,0.0,2.684260968437813,10.812960344088546,4,2.2426472127309065,24,2.9557594645908782,4.07059329073223,1.938532512655518,2,0.4557120485124946,0,1.6121988453621614,1.0,nan
8,1,step,True,20,0.5059941463453863,0.35074267448128144,0.0,0.47983564100150516,51.6561043131468,4,1.437951901754448,90,15.275048253119522,20.235477680902225,7.079871112193736,11,0.31234154481279763,0,1.6121988453621614,1.0,nan
8,1,step,True,21,1.8806394974673035,0.031567125036475185,0.0,1.7834156092074724,10.13580479948925,4,2.330469541565189,18,2.627033594868638,4.05498171134333,1.1764279143543734,2,0.2996381398961749,0,1.6121988453621614,1.0,nan
8,1,step,True,22,1.0642945010013232,0.6728704241209112,0.0,1.009273403241621,50.29420951461046,4,1.385653510564346,83,15.498274758050524,22.790112885775397,6.580376277905314,10,0.29070374629466,0,1.6121988453621614,1.0,nan
8,1,step,True,23,1.6477180246523284,0.2393944915163096,1.4901161193847656e-08,1.5625355357552009,58.943900805974884,4,1.2586679152456106,98,17.498453573059592,24.57219512039844,6.680324662802827,10,0.30247473139037534,0,1.6121988453621614,1.0,nan
9,0,init,False,0,1.9319150175304767,0.1803345125824033,0.0,1.811006715929191,50.83765592911183,4,1.5080824678619769,94,nan,nan,4.951049427882265,9,nan,0,nan,nan,nan
9,0,init,False,1,2.297613715968394,0.07462615294500007,0.0,2.153818274858016,9.036244677316205,4,1.4151987580563266,17,nan,nan,2.4066897298444108,3,nan,0,nan,nan,nan
9,0,init,False,2,0.3806438597462406,0.10458206577318026,0.0,0.3568213819564534,45.72076231280717,4,1.6999048964630479,77,nan,nan,4.235501892019893,7,nan,0,nan,nan,nan
9,0,init,False,3,2.589576667811834,0.01099875594221937,0.0,2.427508816001418,21.878998199936778,4,1.4101589686111116,41,nan,nan,2.800817358207788,5,nan,0,nan,nan,nan
9,0,init,False,4,0.4350174884567207,0.9277098747731415,0.0,0.4077920539946019,46.06352586455857,4,1.326473862479658,82,nan,nan,5.325483028926313,12,nan,0,nan,nan,nan
9,0,init,False,5,1.1156952399600832,0.45654659658886687,2.1073424255447017e-08,1.0458697997392974,43.374717724875914,4,1.3542569949811656,78,nan,nan,6.563383068922615,12,nan,0,nan,nan,nan
9,0,init,False,6,1.3582674648938677,0.061539889209971374,0.0,1.2732607172831327,79.7391800660551,4,1.1534659600038029,129,nan,nan,7.4425737981421225,12,nan,0,nan,nan,nan
9,0,init,False,7,1.0005504679814938,0.35647574564308965,0.0,0.937931327567826,84.84485484469167,4,1.2284512066025288,138,nan,nan,8.023903022809062,13,nan,0,nan,nan,nan
9,0,init,False,8,1.9666485141928456,0.5662867586524016,0.0,1.8435664274861001,21.853085367342054,4,1.6307073254371576,46,nan,nan,2.3143784434093186,5,nan,0,nan,nan,nan
9,0,init,False,9,0.6243284807757906,0.8079378002337496,0.0,0.5852550766317487,97.61428840538967,4,1.249645505709279,154,nan,nan,8.617345995483836,15,nan,0,nan,nan,nan
9,0,init,False,10,1.7743448667122528,0.02804785099506957,1.4901161193847656e-08,1.6632980440816325,40.70322499449219,4,1.4769839727858245,83,nan,nan,4.418969352691991,7,nan,0,nan,nan,nan
9,0,init,False,11,1.0972591878173263,0.005690238019058619,0.0,1.0285875621963476,65.40928099831156,4,1.2263952143406478,108,nan,nan,5.482957950661375,8,nan,0,nan,nan,nan
9,0,init,False,12,2.5440052353798466,0.1508962001778416,0.0,2.3847894575203505,3.7329969318222256,4,8.4013883568947,6,nan,nan,1.1612495848795443,2,nan,0,nan,nan,nan
9,0,init,False,13,1.065335976205895,0.01257735334420094,0.0,0.9986622548729271,99.54309701714674,4,1.2654416926309866,157,nan,nan,9.377984886071925,15,nan,0,nan,nan,nan
9,0,init,False,14,0.6147355922993071,0.1776312194794834,0.0,0.5762625561024148,101.88338781080608,4,1.2131011237126672,155,nan,nan,10.7325429181916,16,nan,0,nan,nan,nan
9,0,init,False,15,1.1390096535776728,0.05479909049167146,2.1073424255447017e-08,1.0677250880186844,103.97304012625618,4,1.084218045433002,155,nan,nan,9.51158874358387,16,nan,0,nan,nan,nan
9,0,init,False,16,1.2557821063963082,0.9795489666314537,0.0,1.1771893731301475,96.59675285176966,4,1.2449504557197069,153,nan,nan,8.782096652840504,14,nan,0,nan,nan,nan
9,0,init,False,17,2.4046687697579534,0.11291336089877754,0.0,2.2541733213418316,33.0812012220659,4,1.6683970443998164,66,nan,nan,3.5513756640917347,7,nan,0,nan,nan,nan
9,0,init,False,18,1.5047639121030847,0.2596256239755534,0.0,1.4105887298241775,54.67622169110198,4,1.5949543931485424,93,nan,nan,5.027811250983838,11,nan,0,nan,nan,nan
9,0,init,False,19,1.497484781295103,0.14528744073523833,0.0,1.4037651611579778,52.59368491985117,4,1.1888821417890714,97,nan,nan,4.865930677258875,9,nan,0,nan,nan,nan
9,0,init,False,20,0.3913953812157383,0.13730851301462932,0.0,0.3669000227926361,90.62980286426586,4,1.2649703156125822,146,nan,nan,9.406098600296723,15,nan,0,nan,nan,nan
9,0,init,False,21,1.664103941613645,0.29196776600526975,0.0,1.5599565130555781,12.120125259295206,4,1.3443735004067154,22,nan,nan,1.7213828827791333,3,nan,0,nan,nan,nan
9,0,init,False,22,1.408979648993165,0.2535826328012921,2.1073424255447017e-08,1.3207990950843789,53.60540342249233,4,1.421516828106679,102,nan,nan,5.533264505131386,10,nan,0,nan,nan,nan
9,0,init,False,23,0.36411673436852154,0.3858440368173197,0.0,0.34132860158958583,130.4884664982385,4,1.154610501318598,187,nan,nan,11.745620564889926,18,nan,0,nan,nan,nan
9,1,step,False,0,1.9319150175304767,0.22421277710889864,0.0,1.811006715929191,50.83765592911183,4,1.5080824678619769,94,11.90028241878269,19.885481576677257,4.951049427882265,9,0.24064991927328086,0,1.7084164625838822,1.0,4.563124509930231e-16
9,1,step,False,1,2.297613715968394,0.1291105602119255,0.0,2.153818274858016,9.036244677316205,4,1.4151987580563266,17,2.900068654688776,3.6404311346157314,2.4066897298444108,3,0.3517213290826806,0,1.7084164625838822,1.0,4.563124509930231e-16
9,1,step,False,2,0.3806438597462406,0.13570603181796786,0.0,0.3568213819564534,45.72076231280717,4,1.6999048964630479,77,12.321658107402728,17.692483542791134,4.235501892019893,7,0.29573662712268783,0,1.7084164625838822,1.0,4.563124509930231e-16
9,1,step,False,3,2.589576667811834,0.0720334716116351,0.0,2.427508816001418,21.878998199936778,4,1.4101589686111116,41,4.9456333013376605,6.764442415655159,2.800817358207788,5,0.33599768918615175,0,1.7084164625838822,1.0,4.563124509930231e-16
9,1,step,False,4,0.4350174884567207,0.9009223161934272,0.0,0.4077920539946019,46.06352586455857,4,1.326473862479658,82,14.101343720952563,20.404649320083315,5.325483028926313,12,0.2120178603537323,0,1.7084164625838822,1.0,4.563124509930231e-16
9,1,step,False,5,1.1156952399600832,0.5448684104210196,2.1073424255447017e-08,1.0458697997392974,43.374717724875914,4,1.3542569949811656,78,12.966592956796749,18.891762767913193,6.563383068922615,12,0.27993627904801593,0,1.7084164625838822,1.0,4.563124509930231e-16
9,1,step,False,6,1.3582674648938677,0.03194738563825616,0.0,1.2732607172831327,79.7391800660551,4,1.1534659600038029,129,28.747105336916775,39.920758057570026,7.4425737981421225,12,0.17326299021933075,0,1.7084164625838822,1.0,4.563124509930231e-16
9,1,step,False,7,1.0005504679814938,0.4140025899910983,0.0,0.937931327567826,84.84485484469167,4,1.2284512066025288,138,27.787493253656557,38.74140640264389,8.023903022809062,13,0.36775030734892294,0,1.7084164625838822,1.0,4.563124509930231e-16
9,1,step,False,8,1.9666485141928456,0.8365457796128838,0.0,1.8435664274861001,21.853085367342054,4,1.6307073254371576,46,4.198350257121681,6.34125793511293,2.3143784434093186,5,0.2904504882231866,0,1.7084164625838822,1.0,4.563124509930231e-16
9,1,step,False,9,0.6243284807757906,0.8771393013866194,0.0,0.5852550766317487,97.61428840538967,4,1.249645505709279,154,36.471645697460836,54.05235222147349,8.617345995483836,15,0.2969944032056873,0,1.7084164625838822,1.0,4.563124509930231e-16
9,1,step,False,10,1.7743448667122528,0.11369007035847613,1.4901161193847656e-08,1.6632980440816325,40.70322499449219,4,1.4769839727858245,83,7.801507214063661,10.397751771224254,4.418969352691991,7,0.31364776153732177,0,1.7084164625838822,1.0,4.563124509930231e-16
9,1,step,False,11,1.0972591878173263,0.11830391229043831,0.0,1.0285875621963476,65.40928099831156,4,1.2263952143406478,108,17.425073309112193,24.404618069607093,5.482957950661375,8,0.29839996244249506,0,1.7084164625838822,1.0,4.563124509930231e-16
9,1,step,False,12,2.5440052353798466,0.19335186959625894,0.0,2.3847894575203505,3.7329969318222256,4,8.4013883568947,6,1.397180785073378,1.6861237768691777,1.1612495848795443,2,0.3939820561081497,0,1.7084164625838822,1.0,4.563124509930231e-16
9,1,step,False,13,1.065335976205895,0.23695671501056034,0.0,0.9986622548729271,99.54309701714674,4,1.2654416926309866,157,35.8242000193221,51.30125971846591,9.377984886071925,15,0.3118447641598941,0,1.7084164625838822,1.0,4.563124509930231e-16
9,1,step,False,14,0.6147355922993071,0.14549848568734067,0.0,0.5762625561024148,101.88338781080608,4,1.2131011237126672,155,42.54616209528608,56.32190117238338,10.7325429181916,16,0.32720413213314486,0,1.7084164625838822,1.0,4.563124509930231e-16
9,1,step,False,15,1.1390096535776728,0.06784282705749048,2.1073424255447017e-08,1.0677250880186844,103.97304012625618,4,1.084218045433002,155,43.82642858407712,60.958712330623,9.51158874358387,16,0.1770160600104595,0,1.7084164625838822,1.0,4.563124509930231e-16
9,1,step,False,16,1.2557821063963082,0.9464994003154212,0.0,1.1771893731301475,96.59675285176966,4,1.2449504557197069,153,29.19509157337148,41.8359724571946,8.782096652840504,14,0.32416328582300086,0,1.7084164625838822,1.0,4.563124509930231e-16
9,1,step,False,17,2.4046687697579534,0.16509812767795093,0.0,2.2541733213418316,33.0812012220659,4,1.6683970443998164,66,6.015185002316217,10.612403607488014,3.5513756640917347,7,0.34590671234726444,0,1.7084164625838822,1.0,4.563124509930231e-16
9,1,step,False,18,1.5047639121030847,0.2863852408893479,0.0,1.4105887298241775,54.67622169110198,4,1.5949543931485424,93,17.8559324071023,26.138922190522386,5.027811250983838,11,0.2698233780115393,0,1.7084164625838822,1.0,4.563124509930231e-16
9,1,step,False,19,1.497484781295103,0.05985445876117467,0.0,1.4037651611579778,52.59368491985117,4,1.1888821417890714,97,12.798893428967256,19.697874575842242,4.865930677258875,9,0.17858519230821948,0,1.7084164625838822,1.0,4.563124509930231e-16
9,1,step,False,20,0.3913953812157383,0.10906848310613386,0.0,0.3669000227926361,90.62980286426586,4,1.2649703156125822,146,32.1420444826835,46.74980486743438,9.406098600296723,15,0.17653670581962821,0,1.7084164625838822,1.0,4.563124509930231e-16
9,1,step,False,21,1.664103941613645,0.2773029207705277,0.0,1.5599565130555781,12.120125259295206,4,1.3443735004067154,22,4.162510646250857,5.824650632433916,1.7213828827791333,3,0.25688845836241775,0,1.7084164625838822,1.0,4.563124509930231e-16
9,1,step,False,22,1.408979648993165,0.3935199787509574,2.1073424255447017e-08,1.3207990950843789,53.60540342249233,4,1.421516828106679,102,11.895609067305841,17.214234912493975,5.533264505131386,10,0.3096547034836403,0,1.7084164625838822,1.0,4.563124509930231e-16
9,1,step,False,23,0.36411673436852154,0.2939708743503744,0.0,0.34132860158958583,130.4884664982385,4,1.154610501318598,187,60.77400767995109,82.77528192639559,11.745620564889926,18,0.33796761936105013,0,1.7084164625838822,1.0,4.563124509930231e-16
9,2,step,False,0,1.9319150175304767,0.2816082145510063,0.0,1.811006715929191,50.83765592911183,4,1.5080824678619769,94,6.543103732462489,10.025996163946864,4.951049427882265,9,0.19225964815210167,0,1.2080328657837966,0.6128160655498505,8.3231369213210075e-16
9,2,step,False,1,2.297613715968394,0.3975892461299606,0.0,2.153818274858016,9.036244677316205,4,1.4151987580563266,17,1.683577743694455,2.2527603197839525,2.4066897298444108,3,0.25704375362024046,0,1.2080328657837966,0.6128160655498505,8.3231369213210075e-16
9,2,step,False,2,0.3806438597462406,0.2896236553857244,0.0,0.3568213819564534,45.72076231280717,4,1.6999048964630479,77,15.074349657123657,22.63064696758987,4.235501892019893,7,0.2637394894509684,0,1.2080328657837966,0.6128160655498505,8.3231369213210075e-16
9,2,step,False,3,2.589576667811834,0.11493801180040249,0.0,2.427508816001418,21.878998199936778,4,1.4101589686111116,41,3.515069607176209,4.1359316337910395,2.800817358207788,5,0.2359013265852703,0,1.2080328657837966,0.6128160655498505,8.3231369213210075e-16
9,2,step,False,4,0.4350174884567207,0.9357963958861606,0.0,0.4077920539946019,46.06352586455857,4,1.326473862479658,82,15.909973058790486,22.7459364344892,5.325483028926313,12,0.18123431754399252,0,1.2080328657837966,0.6128160655498505,8.3231369213210075e-16
9,2,step,False,5,1.1156952399600832,0.5952343066786252,2.1073424255447017e-08,1.0458697997392974,43.374717724875914,4,1.3542569949811656,78,14.902297388380676,20.93497365680075,6.563383068922615,12,0.1952399997508708,0,1.2080328657837966,0.6128160655498505,8.3231369213210075e-16
9,2,step,False,6,1.3582674648938677,0.13327228958625395,0.0,1.2732607172831327,79.7391800660551,4,1.1534659600038029,129,27.274661471408464,37.82197580674959,7.4425737981421225,12,0.141156962999477,0,1.2080328657837966,0.6128160655498505,8.3231369213210075e-16
9,2,step,False,7,1.0005504679814938,0.3557174568891824,0.0,0.937931327567826,84.84485484469167,4,1.2284512066025288,138,30.285429998598456,42.922310438413824,8.023903022809062,13,0.19392288079752865,0,1.2080328657837966,0.6128160655498505,8.3231369213210075e-16
9,2,step,False,8,1.9666485141928456,0.8737261063600407,0.0,1.8435664274861001,21.853085367342054,4,1.6307073254371576,46,5.814255511048277,8.838715927623372,2.3143784434093186,5,0.1421891227284751,0,1.2080328657837966,0.6128160655498505,8.3231369213210075e-16
9,2,step,False,9,0.6243284807757906,0.9434479604708976,0.0,0.5852550766317487,97.61428840538967,4,1.249645505709279,154,40.028889540237856,56.58037738673448,8.617345995483836,15,0.21583884649333526,0,1.2080328657837966,0.6128160655498505,8.3231369213210075e-16
9,2,step,False,10,1.7743448667122528,0.2982896091014647,1.4901161193847656e-08,1.6632980440816325,40.70322499449219,4,1.4769839727858245,83,6.352283640201735,8.838766467127465,4.418969352691991,7,0.18529373804306046,0,1.2080328657837966,0.6128160655498505,8.3231369213210075e-16
9,2,step,False,11,1.0972591878173263,0.09033157185775957,0.0,1.0285875621963476,65.40928099831156,4,1.2263952143406478,108,18.590737377027274,26.14100869665689,5.482957950661375,8,0.16994219953944198,0,1.2080328657837966,0.6128160655498505,8.3231369213210075e-16
9,2,step,False,12,2.5440052353798466,0.19527960308393608,0.0,2.3847894575203505,3.7329969318222256,4,8.4013883568947,6,1.3716902687494505,1.6645240566089756,1.1612495848795443,2,0.32841335427419666,0,1.2080328657837966,0.6128160655498505,8.3231369213210075e-16
9,2,step,False,13,1.065335976205895,0.17103139530507952,0.0,0.9986622548729271,99.54309701714674,4,1.2654416926309866,157,32.48249452313908,44.0274205291392,9.377984886071925,15,0.22272269217316173,0,1.2080328657837966,0.6128160655498505,8.3231369213210075e-16
9,2,step,False,14,0.6147355922993071,0.121526673759442,0.0,0.5762625561024148,101.88338781080608,4,1.2131011237126672,155,44.514501333984285,58.437659482962765,10.7325429181916,16,0.23436935905305384,0,1.2080328657837966,0.6128160655498505,8.3231369213210075e-16
9,2,step,False,15,1.1390096535776728,0.18309406024558825,2.1073424255447017e-08,1.0677250880186844,103.97304012625618,4,1.084218045433002,155,40.39727711449626,53.45390843105942,9.51158874358387,16,0.1532838040924479,0,1.2080328657837966,0.6128160655498505,8.3231369213210075e-16
9,2,step,False,16,1.2557821063963082,0.9524944719414463,0.0,1.1771893731301475,96.59675285176966,4,1.2449504557197069,153,31.44149413485948,45.09899080056177,8.782096652840504,14,0.19838208250964945,0,1.2080328657837966,0.6128160655498505,8.3231369213210075e-16
9,2,step,False,17,2.4046687697579534,0.4462431630368352,0.0,2.2541733213418316,33.0812012220659,4,1.6683970443998164,66,2.8204484261388725,4.588785055964427,3.5513756640917347,7,0.24744796650816583,0,1.2080328657837966,0.6128160655498505,8.3231369213210075e-16
9,2,step,False,18,1.5047639121030847,0.3941815564709267,0.0,1.4105887298241775,54.67622169110198,4,1.5949543931485424,93,16.8573655886017,23.967550095309427,5.027811250983838,11,0.23551528455237714,0,1.2080328657837966,0.6128160655498505,8.3231369213210075e-16
9,2,step,False,19,1.497484781295103,0.22642670735468098,0.0,1.4037651611579778,52.59368491985117,4,1.1888821417890714,97,11.956807289065003,19.385970656170382,4.865930677258875,9,0.2779253746276647,0,1.2080328657837966,0.6128160655498505,8.3231369213210075e-16
9,2,step,False,20,0.3913953812157383,0.05908478799916584,0.0,0.3669000227926361,90.62980286426586,4,1.2649703156125822,146,37.13101195088604,53.26988025408953,9.406098600296723,15,0.14528421308722356,0,1.2080328657837966,0.6128160655498505,8.3231369213210075e-16
9,2,step,False,21,1.664103941613645,0.27400953688978663,0.0,1.5599565130555781,12.120125259295206,4,1.3443735004067154,22,4.719274734397004,6.581708135747725,1.7213828827791333,3,0.23746306062745276,0,1.2080328657837966,0.6128160655498505,8.3231369213210075e-16
9,2,step,False,22,1.408979648993165,0.21559181316172055,2.1073424255447017e-08,1.3207990950843789,53.60540342249233,4,1.421516828106679,102,10.899876980097687,16.533891496253478,5.533264505131386,10,0.20272279492563677,0,1.2080328657837966,0.6128160655498505,8.3231369213210075e-16
9,2,step,False,23,0.36411673436852154,0.19277473485455915,0.0,0.34132860158958583,130.4884664982385,4,1.154610501318598,187,59.43312894782784,77.43689790695935,11.745620564889926,18,0.18671871697809853,0,1.2080328657837966,0.6128160655498505,8.3231369213210075e-16
9,3,step,True,0,1.9319150175304767,0.2816082145510063,0.0,1.811006715929191,50.83765592911183,4,1.5080824678619769,94,5.111494727508993,7.77397188909661,4.951049427882265,9,0.24762977723272253,0,0.854208231291941,0.371953085064888,nan
9,3,step,True,1,2.297613715968394,0.3975892461299606,0.0,2.153818274858016,9.036244677316205,4,1.4151987580563266,17,1.0,1.0,2.4066897298444108,3,0.0,1,0.854208231291941,0.371953085064888,nan
9,3,step,True,2,0.3806438597462406,0.2896236553857244,0.0,0.3568213819564534,45.72076231280717,4,1.6999048964630479,77,16.258543667786835,23.65846143892608,4.235501892019893,7,0.13828457121029847,0,0.854208231291941,0.371953085064888,nan
9,3,step,True,3,2.589576667811834,0.11493801180040249,0.0,2.427508816001418,21.878998199936778,4,1.4101589686111116,41,3.0978037313252056,3.776914264243515,2.800817358207788,5,0.14038868991973089,0,0.854208231291941,0.371953085064888,nan
9,3,step,True,4,0.4350174884567207,0.9357963958861606,0.0,0.4077920539946019,46.06352586455857,4,1.326473862479658,82,19.00905098129026,27.45623230738408,5.325483028926313,12,0.1253456219622645,0,0.854208231291941,0.371953085064888,nan
9,3,step,True,5,1.1156952399600832,0.5952343066786252,2.1073424255447017e-08,1.0458697997392974,43.374717724875914,4,1.3542569949811656,78,17.690341857443375,25.678536109373297,6.563383068922615,12,0.0,1,0.854208231291941,0.371953085064888,nan
9,3,step,True,6,1.3582674648938677,0.13327228958625395,0.0,1.2732607172831327,79.7391800660551,4,1.1534659600038029,129,24.409399980676348,32.9874663684246,7.4425737981421225,12,0.13974611783183552,0,0.854208231291941,0.371953085064888,nan
9,3,step,True,7,1.0005504679814938,0.3557174568891824,0.0,0.937931327567826,84.84485484469167,4,1.2284512066025288,138,32.02403323005895,44.72643669195061,8.023903022809062,13,0.12441306877148729,0,0.854208231291941,0.371953085064888,nan
9,3,step,True,8,1.9666485141928456,0.8737261063600407,0.0,1.8435664274861001,21.853085367342054,4,1.6307073254371576,46,8.216908579083071,12.090425312993267,2.3143784434093186,5,0.04939489681196207,0,0.854208231291941,0.371953085064888,nan
9,3,step,True,9,0.6243284807757906,0.9434479604708976,0.0,0.5852550766317487,97.61428840538967,4,1.249645505709279,154,42.396314122034426,57.50004598908075,8.617345995483836,15,0.0960014183343809,0,0.854208231291941,0.371953085064888,nan
9,3,step,True,10,1.7743448667122528,0.2982896091014647,1.4901161193847656e-08,1.6632980440816325,40.70322499449219,4,1.4769839727858245,83,7.364470107873263,10.831282477572096,4.418969352691991,7,0.14556115430213878,0,0.854208231291941,0.371953085064888,nan
9,3,step,True,11,1.0972591878173263,0.09033157185775957,0.0,1.0285875621963476,65.40928099831156,4,1.2263952143406478,108,19.33017448062238,27.842168476214155,5.482957950661375,8,0.13259625860794497,0,0.854208231291941,0.371953085064888,nan
9,3,step,True,12,2.5440052353798466,0.19527960308393608,0.0,2.3847894575203505,3.7329969318222256,4,8.4013883568947,6,1.0,1.0,1.1612495848795443,2,0.0,1,0.854208231291941,0.371953085064888,nan
9,3,step,True,13,1.065335976205895,0.17103139530507952,0.0,0.9986622548729271,99.54309701714674,4,1.2654416926309866,157,29.686960145426525,38.811506875506566,9.377984886071925,15,0.12205084349839278,0,0.854208231291941,0.371953085064888,nan
9,3,step,True,14,0.6147355922993071,0.121526673759442,0.0,0.5762625561024148,101.88338781080608,4,1.2131011237126672,155,41.50044312769313,52.79634437115612,10.7325429181916,16,0.1269050982740181,0,0.854208231291941,0.371953085064888,nan
9,3,step,True,15,1.1390096535776728,0.18309406024558825,2.1073424255447017e-08,1.0677250880186844,103.97304012625618,4,1.084218045433002,155,36.23328150684501,46.58261791684126,9.51158874358387,16,0.1288849899394863,0,0.854208231291941,0.371953085064888,nan
9,3,step,True,16,1.2557821063963082,0.9524944719414463,0.0,1.1771893731301475,96.59675285176966,4,1.2449504557197069,153,33.006587159171445,49.22481448387619,8.782096652840504,14,0.11857602939151603,0,0.854208231291941,0.371953085064888,nan
9,3,step,True,17,2.4046687697579534,0.4462431630368352,0.0,2.2541733213418316,33.0812012220659,4,1.6683970443998164,66,2.3511738426972464,3.840755592033723,3.5513756640917347,7,0.0,1,0.854208231291941,0.371953085064888,nan
9,3,step,True,18,1.5047639121030847,0.3941815564709267,0.0,1.4105887298241775,54.67622169110198,4,1.5949543931485424,93,15.591575973751459,21.991274444897147,5.027811250983838,11,0.0,1,0.854208231291941,0.371953085064888,nan
9,3,step,True,19,1.497484781295103,0.22642670735468098,0.0,1.4037651611579778,52.59368491985117,4,1.1888821417890714,97,11.407780516213565,16.632832980892022,4.865930677258875,9,0.13871953555028887,0,0.854208231291941,0.371953085064888,nan
9,3,step,True,20,0.3913953812157383,0.05908478799916584,0.0,0.3669000227926361,90.62980286426586,4,1.2649703156125822,146,39.13449829821058,54.11809605957425,9.406098600296723,15,0.13007876314295486,0,0.854208231291941,0.371953085064888,nan
9,3,step,True,21,1.664103941613645,0.27400953688978663,0.0,1.5599565130555781,12.120125259295206,4,1.3443735004067154,22,4.250467690153054,6.220760440256285,1.7213828827791333,3,0.16130001053218862,0,0.854208231291941,0.371953085064888,nan
9,3,step,True,22,1.408979648993165,0.21559181316172055,2.1073424255447017e-08,1.3207990950843789,53.60540342249233,4,1.421516828106679,102,10.755854240553242,15.99647708788685,5.533264505131386,10,0.12819822655021354,0,0.854208231291941,0.371953085064888,nan
9,3,step,True,23,0.36411673436852154,0.19277473485455915,0.0,0.34132860158958583,130.4884664982385,4,1.154610501318598,187,59.17285594476642,76.73162952254086,11.745620564889926,18,0.11807364059359488,0,0.854208231291941,0.371953085064888,nan
