seed,phase_index,phase,failed,center,radius,sine,pilot_sine,gradient_norm,linear_mass,linear_rank,linear_condition,linear_support,function_mass,n_eff,manifold_mass,manifold_neighbors,slope_min_singular,slope_rank_zero,h,alpha,linear_relative_residual_max
0,0,init,False,0,2.013105417584776,2.1073424255447017e-08,0.10690290741397018,1.2082318982774403,45.25131891809136,4,1.1798474781985144,79,nan,nan,5.199216509276192,7,nan,0,nan,nan,nan
0,0,init,False,1,1.8393261347459855,0.0,0.24144588765146913,1.02054557365162,31.940513081492973,4,1.3217857462609153,65,nan,nan,1.7467855830685557,3,nan,0,nan,nan,nan
0,0,init,False,2,0.8324216477026292,0.0,0.08631309360335346,0.42633961418034694,95.70652241506949,4,1.2926125639595911,144,nan,nan,7.455274159783111,15,nan,0,nan,nan,nan
0,0,init,False,3,1.7671365625020585,0.0,0.05278562666083619,0.9275987289059564,57.55429743684587,4,1.4961967445043285,104,nan,nan,2.4831334089574484,6,nan,0,nan,nan,nan
0,0,init,False,4,0.189190438782976,1.4901161193847656e-08,0.4148584432933423,0.28438677205814034,86.61455688672773,4,1.2253467761845325,137,nan,nan,5.648672757964955,8,nan,0,nan,nan,nan
0,0,init,False,5,0.9624957231516963,1.4901161193847656e-08,0.19381408199477074,0.6436556018911967,100.66230206714853,4,1.401847941884606,152,nan,nan,10.822387356278512,16,nan,0,nan,nan,nan
0,0,init,False,6,1.878120422772648,2.1073424255447017e-08,0.10841157534649223,1.170076458679142,56.30447193552446,4,1.227336443590866,96,nan,nan,8.234775900026559,11,nan,0,nan,nan,nan
0,0,init,False,7,1.1659714895589495,0.0,0.10507697372295698,0.7127793246699999,51.99423262134718,4,1.5285894745866542,87,nan,nan,5.164622843548024,8,nan,0,nan,nan,nan
0,0,init,False,8,1.66032737134484,0.0,0.0894926862598072,0.9389377553989154,11.819416878870557,4,2.026586931196822,26,nan,nan,1.1330600765125198,2,nan,0,nan,nan,nan
0,0,init,False,9,1.6461682316146562,0.0,0.2545545490373319,0.9738572244989234,37.543552928539356,4,1.4412322784247225,65,nan,nan,3.917699326606125,7,nan,0,nan,nan,nan
0,0,init,False,10,2.4714404049555068,2.1073424255447017e-08,0.16768494336027534,1.7253275857301344,10.15448500645655,4,2.4079244265377597,20,nan,nan,1.0,1,nan,0,nan,nan,nan
0,0,init,False,11,0.8931465161478112,0.0,0.307911046750844,0.5910489049098231,43.392081459615156,4,1.5331905489234308,83,nan,nan,2.5402436398302823,5,nan,0,nan,nan,nan
0,0,init,False,12,0.8277010638072685,1.4901161193847656e-08,0.167711763160992,0.49240734645412415,99.60092708268655,4,1.1788566064618986,158,nan,nan,6.503056898058879,13,nan,0,nan,nan,nan
0,0,init,False,13,1.6770024361296911,0.0,0.06651795239039174,1.1040497441218842,47.8807759883679,4,1.3488019381897085,87,nan,nan,5.796094929690578,8,nan,0,nan,nan,nan
0,0,init,False,14,2.1318195481244704,2.9802322387695312e-08,0.055964765880067734,1.2278878951404717,43.409210194733,4,1.4174425444032683,70,nan,nan,7.812080934878535,12,nan,0,nan,nan,nan
0,0,init,False,15,0.8702271550814301,1.4901161193847656e-08,0.13161740889607412,0.5504888608426778,96.04184728257837,4,1.263563869945345,147,nan,nan,11.412974957699697,15,nan,0,nan,nan,nan
0,0,init,False,16,0.7714455089923629,0.0,0.39883476748606717,0.5196999475222689,72.69219066972167,4,1.3384043689817446,117,nan,nan,6.015499636012028,9,nan,0,nan,nan,nan
0,0,init,False,17,0.2875326920240055,0.0,0.2423152776556495,0.2732558112361853,76.68372379940722,4,1.2368547980033078,133,nan,nan,5.400190936511108,11,nan,0,nan,nan,nan
0,0,init,False,18,1.2405084321280169,1.4901161193847656e-08,0.37494740365869283,0.743132142336476,6.5091475001375025,4,2.7889278686408487,15,nan,nan,1.0,1,nan,0,nan,nan,nan
0,0,init,False,19,1.7323699323297677,2.5809568279517847e-08,0.12211184342088977,1.043615193750532,68.81193320483357,4,1.28081094247929,111,nan,nan,9.183849822990116,13,nan,0,nan,nan,nan
0,0,init,False,20,1.2578374095484226,0.0,0.1772736606774362,0.833311457521915,76.88178852690064,4,1.4994073035874473,123,nan,nan,8.209530915034605,14,nan,0,nan,nan,nan
0,0,init,False,21,1.1944097178215622,1.4901161193847656e-08,0.08456492099423943,0.6624887745711098,97.01859239689279,4,1.3516191907056236,147,nan,nan,9.395631410131399,16,nan,0,nan,nan,nan
0,0,init,False,22,1.2865519208297453,2.5809568279517847e-08,0.13373718552482963,0.8923724374919266,57.60596565566867,4,1.1434171490671163,94,nan,nan,8.398458156802493,12,nan,0,nan,nan,nan
0,0,init,False,23,1.5882846153801122,0.0,0.1373802910210718,0.973890297775329,67.926146062343,4,1.1695569105909993,108,nan,nan,9.526759840338313,15,nan,0,nan,nan,nan
0,1,step,False,0,2.013105417584776,0.07644919655462952,0.10690290741397018,1.2082318982774403,45.25131891809136,4,1.1798474781985144,79,17.4546104486637,23.961986672685068,5.199216509276192,7,0.22686649480797236,0,1.6633575396573566,1.0,4.83150275291788e-16
0,1,step,False,1,1.8393261347459855,0.04852975292490113,0.24144588765146913,1.02054557365162,31.940513081492973,4,1.3217857462609153,65,7.579997456447989,11.752720477847017,1.7467855830685557,3,0.4063604012324272,0,1.6633575396573566,1.0,4.83150275291788e-16
0,1,step,False,2,0.8324216477026292,0.3468426530531081,0.08631309360335346,0.42633961418034694,95.70652241506949,4,1.2926125639595911,144,39.04149238121993,53.52184722682377,7.455274159783111,15,0.23099483503813126,0,1.6633575396573566,1.0,4.83150275291788e-16
0,1,step,False,3,1.7671365625020585,0.11788608708956526,0.05278562666083619,0.9275987289059564,57.55429743684587,4,1.4961967445043285,104,15.163882051344746,22.044532642816744,2.4831334089574484,6,0.4011736736282518,0,1.6633575396573566,1.0,4.83150275291788e-16
0,1,step,False,4,0.189190438782976,0.4605754672633365,0.4148584432933423,0.28438677205814034,86.61455688672773,4,1.2253467761845325,137,25.554443758003906,36.20749948444799,5.648672757964955,8,0.379145173841772,0,1.6633575396573566,1.0,4.83150275291788e-16
0,1,step,False,5,0.9624957231516963,0.16841713381482165,0.19381408199477074,0.6436556018911967,100.66230206714853,4,1.401847941884606,152,36.74984926202968,53.28940696474683,10.822387356278512,16,0.25926877265679404,0,1.6633575396573566,1.0,4.83150275291788e-16
0,1,step,False,6,1.878120422772648,0.16198880900948315,0.10841157534649223,1.170076458679142,56.30447193552446,4,1.227336443590866,96,16.30466619306752,24.419020375902583,8.234775900026559,11,0.28941852370849735,0,1.6633575396573566,1.0,4.83150275291788e-16
0,1,step,False,7,1.1659714895589495,0.2609887232472353,0.10507697372295698,0.7127793246699999,51.99423262134718,4,1.5285894745866542,87,16.326597374167847,24.162443271568044,5.164622843548024,8,0.2548646182696128,0,1.6633575396573566,1.0,4.83150275291788e-16
0,1,step,False,8,1.66032737134484,0.12201987225156544,0.0894926862598072,0.9389377553989154,11.819416878870557,4,2.026586931196822,26,2.6138256365694463,3.5187503479523827,1.1330600765125198,2,0.4402675031658116,0,1.6633575396573566,1.0,4.83150275291788e-16
0,1,step,False,9,1.6461682316146562,0.3407460880381489,0.2545545490373319,0.9738572244989234,37.543552928539356,4,1.4412322784247225,65,8.956131186618911,14.270276243278207,3.917699326606125,7,0.2830917271673094,0,1.6633575396573566,1.0,4.83150275291788e-16
0,1,step,False,10,2.4714404049555068,0.0,0.16768494336027534,1.7253275857301344,10.15448500645655,4,2.4079244265377597,20,2.669960647565716,4.015252184866382,1.0,1,0.5305821118570987,0,1.6633575396573566,1.0,4.83150275291788e-16
0,1,step,False,11,0.8931465161478112,0.4183720124018255,0.307911046750844,0.5910489049098231,43.392081459615156,4,1.5331905489234308,83,9.28373646072881,14.054071923001677,2.5402436398302823,5,0.2812925342397408,0,1.6633575396573566,1.0,4.83150275291788e-16
0,1,step,False,12,0.8277010638072685,0.34865881689652345,0.167711763160992,0.49240734645412415,99.60092708268655,4,1.1788566064618986,158,32.30047513535959,45.83697318429608,6.503056898058879,13,0.280966320512979,0,1.6633575396573566,1.0,4.83150275291788e-16
0,1,step,False,13,1.6770024361296911,0.3969845125114205,0.06651795239039174,1.1040497441218842,47.8807759883679,4,1.3488019381897085,87,11.445401823981266,18.815252933834888,5.796094929690578,8,0.29352095692226443,0,1.6633575396573566,1.0,4.83150275291788e-16
0,1,step,False,14,2.1318195481244704,0.20748796227182156,0.055964765880067734,1.2278878951404717,43.409210194733,4,1.4174425444032683,70,15.236600952775309,20.434156746746734,7.812080934878535,12,0.25771046976139184,0,1.6633575396573566,1.0,4.83150275291788e-16
0,1,step,False,15,0.8702271550814301,0.20964767820733307,0.13161740889607412,0.5504888608426778,96.04184728257837,4,1.263563869945345,147,43.99338190045703,58.48920776596773,11.412974957699697,15,0.2677659004218986,0,1.6633575396573566,1.0,4.83150275291788e-16
0,1,step,False,16,0.7714455089923629,0.11493620691851575,0.39883476748606717,0.5196999475222689,72.69219066972167,4,1.3384043689817446,117,23.329803068498148,35.481925059749955,6.015499636012028,9,0.2271588540121927,0,1.6633575396573566,1.0,4.83150275291788e-16
0,1,step,False,17,0.2875326920240055,0.4591930423695877,0.2423152776556495,0.2732558112361853,76.68372379940722,4,1.2368547980033078,133,26.466136655396323,37.70596262011128,5.400190936511108,11,0.27453212270423355,0,1.6633575396573566,1.0,4.83150275291788e-16
0,1,step,False,18,1.2405084321280169,0.0,0.37494740365869283,0.743132142336476,6.5091475001375025,4,2.7889278686408487,15,2.433744948698688,3.3874532556079515,1.0,1,0.3637941197587049,0,1.6633575396573566,1.0,4.83150275291788e-16
0,1,step,False,19,1.7323699323297677,0.033381356868313686,0.12211184342088977,1.043615193750532,68.81193320483357,4,1.28081094247929,111,24.393795253637936,32.912126769974215,9.183849822990116,13,0.280542644893268,0,1.6633575396573566,1.0,4.83150275291788e-16
0,1,step,False,20,1.2578374095484226,0.15915285834805729,0.1772736606774362,0.833311457521915,76.88178852690064,4,1.4994073035874473,123,23.194459139978036,34.79255635761158,8.209530915034605,14,0.19396125020103105,0,1.6633575396573566,1.0,4.83150275291788e-16
0,1,step,False,21,1.1944097178215622,0.18906415853723738,0.08456492099423943,0.6624887745711098,97.01859239689279,4,1.3516191907056236,147,37.18784215673985,49.2169066251834,9.395631410131399,16,0.23556882987880637,0,1.6633575396573566,1.0,4.83150275291788e-16
0,1,step,False,22,1.2865519208297453,0.06291627828670124,0.13373718552482963,0.8923724374919266,57.60596565566867,4,1.1434171490671163,94,18.698269447754594,25.416132723044406,8.398458156802493,12,0.2723074308260177,0,1.6633575396573566,1.0,4.83150275291788e-16
0,1,step,False,23,1.5882846153801122,0.045326204478559756,0.1373802910210718,0.973890297775329,67.926146062343,4,1.1695569105909993,108,23.620896660295074,30.167718623983,9.526759840338313,15,0.27386583592416414,0,1.6633575396573566,1.0,4.83150275291788e-16
0,2,step,False,0,2.013105417584776,0.07379240515781527,0.10690290741397018,1.2082318982774403,45.25131891809136,4,1.1798474781985144,79,14.397624257215334,19.413486759850063,5.199216509276192,7,0.1581936252351493,0,1.1761713958294884,0.6033258885145187,6.118967444047762e-16
0,2,step,False,1,1.8393261347459855,0.053320911519760705,0.24144588765146913,1.02054557365162,31.940513081492973,4,1.3217857462609153,65,7.915040995888227,11.521083951368096,1.7467855830685557,3,0.13635791375715828,0,1.1761713958294884,0.6033258885145187,6.118967444047762e-16
0,2,step,False,2,0.8324216477026292,0.2585524252629083,0.08631309360335346,0.42633961418034694,95.70652241506949,4,1.2926125639595911,144,39.52621229691176,52.737278797981034,7.455274159783111,15,0.17256382690366487,0,1.1761713958294884,0.6033258885145187,6.118967444047762e-16
0,2,step,False,3,1.7671365625020585,0.035828266924447086,0.05278562666083619,0.9275987289059564,57.55429743684587,4,1.4961967445043285,104,13.414713352065789,17.54982906171989,2.4831334089574484,6,0.13456842171801153,0,1.1761713958294884,0.6033258885145187,6.118967444047762e-16
0,2,step,False,4,0.189190438782976,0.6457111955414764,0.4148584432933423,0.28438677205814034,86.61455688672773,4,1.2253467761845325,137,28.347156344496984,40.701987607574175,5.648672757964955,8,0.16854043346833944,0,1.1761713958294884,0.6033258885145187,6.118967444047762e-16
0,2,step,False,5,0.9624957231516963,0.33436516943097255,0.19381408199477074,0.6436556018911967,100.66230206714853,4,1.401847941884606,152,37.6432179624273,52.394656278714784,10.822387356278512,16,0.2468376043779047,0,1.1761713958294884,0.6033258885145187,6.118967444047762e-16
0,2,step,False,6,1.878120422772648,0.14370359367192936,0.10841157534649223,1.170076458679142,56.30447193552446,4,1.227336443590866,96,14.786220456643205,20.3626050120528,8.234775900026559,11,0.23016931750917338,0,1.1761713958294884,0.6033258885145187,6.118967444047762e-16
0,2,step,False,7,1.1659714895589495,0.3197171542591517,0.10507697372295698,0.7127793246699999,51.99423262134718,4,1.5285894745866542,87,17.30185038410641,24.98219452461882,5.164622843548024,8,0.15841054922539566,0,1.1761713958294884,0.6033258885145187,6.118967444047762e-16
0,2,step,False,8,1.66032737134484,0.26000884932915014,0.0894926862598072,0.9389377553989154,11.819416878870557,4,2.026586931196822,26,2.685749098219216,3.495851001547958,1.13306007651252,2,0.11616511696647253,0,1.1761713958294884,0.6033258885145187,6.118967444047762e-16
0,2,step,False,9,1.6461682316146562,0.42130510062698046,0.2545545490373319,0.9738572244989234,37.543552928539356,4,1.4412322784247225,65,10.96244235642667,17.686103350401357,3.917699326606125,7,0.16515155825927064,0,1.1761713958294884,0.6033258885145187,6.118967444047762e-16
0,2,step,False,10,2.4714404049555068,0.0,0.16768494336027534,1.7253275857301344,10.15448500645655,4,2.4079244265377597,20,1.7259670247917804,1.9508233866393303,1.0,1,0.24412790133074205,0,1.1761713958294884,0.6033258885145187,6.118967444047762e-16
0,2,step,False,11,0.8931465161478112,0.2577557838797251,0.307911046750844,0.5910489049098231,43.392081459615156,4,1.5331905489234308,83,11.080147141351182,15.58202590039585,2.5402436398302823,5,0.17857493524000653,0,1.1761713958294884,0.6033258885145187,6.118967444047762e-16
0,2,step,False,12,0.8277010638072685,0.4369901779810024,0.167711763160992,0.49240734645412415,99.60092708268655,4,1.1788566064618986,158,35.38590834356626,50.132713959596664,6.503056898058879,13,0.22111489327383352,0,1.1761713958294884,0.6033258885145187,6.118967444047762e-16
0,2,step,False,13,1.6770024361296911,0.43938438536413904,0.06651795239039174,1.1040497441218842,47.8807759883679,4,1.3488019381897085,87,10.802729578266066,16.647887975145913,5.796094929690578,8,0.2095964960443237,0,1.1761713958294884,0.6033258885145187,6.118967444047762e-16
0,2,step,False,14,2.1318195481244704,0.39539811580979656,0.055964765880067734,1.2278878951404717,43.409210194733,4,1.4174425444032683,70,12.031702848623178,15.271779336849352,7.812080934878535,12,0.2391353363631865,0,1.1761713958294884,0.6033258885145187,6.118967444047762e-16
0,2,step,False,15,0.8702271550814301,0.2685612978914059,0.13161740889607412,0.5504888608426778,96.04184728257837,4,1.263563869945345,147,41.43431975262334,55.54750704566691,11.412974957699697,15,0.20899399458858223,0,1.1761713958294884,0.6033258885145187,6.118967444047762e-16
0,2,step,False,16,0.7714455089923629,0.11899524559797621,0.39883476748606717,0.5196999475222689,72.69219066972167,4,1.3384043689817446,117,25.58980115640878,38.15718709384194,6.015499636012028,9,0.1660857356926115,0,1.1761713958294884,0.6033258885145187,6.118967444047762e-16
0,2,step,False,17,0.2875326920240055,0.5871490862146502,0.2423152776556495,0.2732558112361853,76.68372379940722,4,1.2368547980033078,133,30.44592909088008,41.4690973425871,5.400190936511108,11,0.25942656931172653,0,1.1761713958294884,0.6033258885145187,6.118967444047762e-16
0,2,step,False,18,1.2405084321280169,0.0,0.37494740365869283,0.743132142336476,6.5091475001375025,4,2.7889278686408487,15,2.6985098565513086,3.9544399349086095,1.0,1,0.2627941154735205,0,1.1761713958294884,0.6033258885145187,6.118967444047762e-16
0,2,step,False,19,1.7323699323297677,0.09060065374702872,0.12211184342088977,1.043615193750532,68.81193320483357,4,1.28081094247929,111,20.126406512012085,26.71725564468579,9.183849822990116,13,0.2188558718023428,0,1.1761713958294884,0.6033258885145187,6.118967444047762e-16
0,2,step,False,20,1.2578374095484226,0.1500229204944731,0.1772736606774362,0.833311457521915,76.88178852690064,4,1.4994073035874473,123,23.729449705540276,35.22261143879997,8.209530915034605,14,0.16390115458364915,0,1.1761713958294884,0.6033258885145187,6.118967444047762e-16
0,2,step,False,21,1.1944097178215622,0.09325711345772603,0.08456492099423943,0.6624887745711098,97.01859239689279,4,1.3516191907056236,147,37.03705874669951,48.66546033437835,9.395631410131399,16,0.15912174917532096,0,1.1761713958294884,0.6033258885145187,6.118967444047762e-16
0,2,step,False,22,1.2865519208297453,0.15701179167261867,0.13373718552482963,0.8923724374919266,57.60596565566867,4,1.1434171490671163,94,19.523510953003328,26.59233188470874,8.398458156802493,12,0.23799254860179658,0,1.1761713958294884,0.6033258885145187,6.118967444047762e-16
0,2,step,False,23,1.5882846153801122,0.1521609531504531,0.1373802910210718,0.973890297775329,67.926146062343,4,1.1695569105909993,108,21.408349611992755,27.961718444652366,9.526759840338313,15,0.22268470704589804,0,1.1761713958294884,0.6033258885145187,6.118967444047762e-16
0,3,step,False,0,2.013105417584776,0.045669468214280674,0.10690290741397018,1.2082318982774403,45.25131891809136,4,1.1798474781985144,79,11.666227363808943,14.75963963316916,5.199216509276192,7,0.11088031094342175,0,0.8316787698286782,0.35858888924121857,2.4529779696181638e-14
0,3,step,False,1,1.8393261347459855,0.05000802787757957,0.24144588765146913,1.02054557365162,31.940513081492973,4,1.3217857462609153,65,9.242387933985999,12.327423000555259,1.7467855830685557,3,0.09167063828419345,0,0.8316787698286782,0.35858888924121857,2.4529779696181638e-14
0,3,step,False,2,0.8324216477026292,0.10639232312863915,0.08631309360335346,0.42633961418034694,95.70652241506949,4,1.2926125639595911,144,40.51274095390947,53.545393145157554,7.455274159783111,15,0.08973385657251991,0,0.8316787698286782,0.35858888924121857,2.4529779696181638e-14
0,3,step,False,3,1.7671365625020585,0.0176054157408357,0.05278562666083619,0.9275987289059564,57.55429743684587,4,1.4961967445043285,104,13.083637369185391,15.97277307350656,2.4831334089574484,6,0.08565198313460731,0,0.8316787698286782,0.35858888924121857,2.4529779696181638e-14
0,3,step,False,4,0.189190438782976,0.49144346504365805,0.4148584432933423,0.28438677205814034,86.61455688672773,4,1.2253467761845325,137,35.43477231159128,50.621822852878736,5.648672757964955,8,0.1266696677342646,0,0.8316787698286782,0.35858888924121857,2.4529779696181638e-14
0,3,step,False,5,0.9624957231516963,0.3111284343698549,0.19381408199477074,0.6436556018911967,100.66230206714853,4,1.401847941884606,152,35.0763428804132,49.00546776635362,10.822387356278512,16,0.11427206137444923,0,0.8316787698286782,0.35858888924121857,2.4529779696181638e-14
0,3,step,False,6,1.878120422772648,0.09423033931918316,0.10841157534649223,1.170076458679142,56.30447193552446,4,1.227336443590866,96,13.924594788432687,18.204644514703052,8.234775900026559,11,0.12607206399046206,0,0.8316787698286782,0.35858888924121857,2.4529779696181638e-14
0,3,step,False,7,1.1659714895589495,0.3610581997850278,0.10507697372295698,0.7127793246699999,51.99423262134718,4,1.5285894745866542,87,18.67802169291616,27.22010011031711,5.164622843548024,8,0.10766341585360441,0,0.8316787698286782,0.35858888924121857,2.4529779696181638e-14
0,3,step,False,8,1.66032737134484,0.025381667438851886,0.0894926862598072,0.9389377553989154,11.819416878870557,4,2.026586931196822,26,4.306231698678394,6.475753186278986,1.1330600765125198,2,0.0965954485573306,0,0.8316787698286782,0.35858888924121857,2.4529779696181638e-14
0,3,step,False,9,1.6461682316146562,0.29688167582571107,0.2545545490373319,0.9738572244989234,37.543552928539356,4,1.4412322784247225,65,13.018441305495326,20.65727873269384,3.917699326606125,7,0.13435566661915804,0,0.8316787698286782,0.35858888924121857,2.4529779696181638e-14
0,3,step,False,10,2.4714404049555068,0.0,0.16768494336027534,1.7253275857301344,10.15448500645655,4,2.4079244265377597,20,1.7445188715015987,1.9580066548456152,1.0,1,0.19262069962170714,0,0.8316787698286782,0.35858888924121857,2.4529779696181638e-14
0,3,step,False,11,0.8931465161478112,0.1753124055527028,0.307911046750844,0.5910489049098231,43.392081459615156,4,1.5331905489234308,83,13.3835273722602,18.895498818140986,2.5402436398302823,5,0.17304745760526738,0,0.8316787698286782,0.35858888924121857,2.4529779696181638e-14
0,3,step,False,12,0.8277010638072685,0.5259944508795081,0.167711763160992,0.49240734645412415,99.60092708268655,4,1.1788566064618986,158,35.92606122750956,49.627230473566684,6.503056898058879,13,0.1198697032679082,0,0.8316787698286782,0.35858888924121857,2.4529779696181638e-14
0,3,step,False,13,1.6770024361296911,0.3951622835816202,0.06651795239039174,1.1040497441218842,47.8807759883679,4,1.3488019381897085,87,12.510221025862425,17.997938828399885,5.796094929690578,8,0.13497353695801295,0,0.8316787698286782,0.35858888924121857,2.4529779696181638e-14
0,3,step,False,14,2.1318195481244704,0.3352551873728573,0.055964765880067734,1.2278878951404717,43.409210194733,4,1.4174425444032683,70,10.88116120417988,13.682275828014639,7.812080934878535,12,0.12065825026764879,0,0.8316787698286782,0.35858888924121857,2.4529779696181638e-14
0,3,step,False,15,0.8702271550814301,0.33841495904377034,0.13161740889607412,0.5504888608426778,96.04184728257837,4,1.263563869945345,147,36.218815157069905,48.31099022932817,11.412974957699697,15,0.12341527979608037,0,0.8316787698286782,0.35858888924121857,2.4529779696181638e-14
0,3,step,False,16,0.7714455089923629,0.07624144264849783,0.39883476748606717,0.5196999475222689,72.69219066972167,4,1.3384043689817446,117,26.423736444014697,38.98854139180164,6.015499636012028,9,0.10638312760486908,0,0.8316787698286782,0.35858888924121857,2.4529779696181638e-14
0,3,step,False,17,0.2875326920240055,0.6712318422854028,0.2423152776556495,0.2732558112361853,76.68372379940722,4,1.2368547980033078,133,34.17010014383624,47.65655145246511,5.400190936511108,11,0.12480108678185096,0,0.8316787698286782,0.35858888924121857,2.4529779696181638e-14
0,3,step,False,18,1.2405084321280169,0.0,0.37494740365869283,0.743132142336476,6.5091475001375025,4,2.7889278686408487,15,2.63256682135868,3.626652548767952,1.0,1,0.1628277885111778,0,0.8316787698286782,0.35858888924121857,2.4529779696181638e-14
0,3,step,False,19,1.7323699323297677,0.15580031571617453,0.12211184342088977,1.043615193750532,68.81193320483357,4,1.28081094247929,111,17.67818616736719,22.35915111429628,9.183849822990116,13,0.12244232380611003,0,0.8316787698286782,0.35858888924121857,2.4529779696181638e-14
0,3,step,False,20,1.2578374095484226,0.12360026840136244,0.1772736606774362,0.833311457521915,76.88178852690064,4,1.4994073035874473,123,23.584214080515537,33.18667937492395,8.209530915034605,14,0.11317307161460265,0,0.8316787698286782,0.35858888924121857,2.4529779696181638e-14
0,3,step,False,21,1.1944097178215622,0.04471906245509662,0.08456492099423943,0.6624887745711098,97.01859239689279,4,1.3516191907056236,147,34.46683684047034,45.157877536612155,9.395631410131399,16,0.08925449131181341,0,0.8316787698286782,0.35858888924121857,2.4529779696181638e-14
0,3,step,False,22,1.2865519208297453,0.25552621203862685,0.13373718552482963,0.8923724374919266,57.60596565566867,4,1.1434171490671163,94,17.285668958501535,22.96429348351036,8.398458156802493,12,0.12181950139229987,0,0.8316787698286782,0.35858888924121857,2.4529779696181638e-14
0,3,step,False,23,1.5882846153801122,0.24221456861181018,0.1373802910210718,0.973890297775329,67.926146062343,4,1.1695569105909993,108,18.15099467594268,21.676478259483225,9.526759840338313,15,0.12205778719454032,0,0.8316787698286782,0.35858888924121857,2.4529779696181638e-14
1,0,init,False,0,1.5749285892107503,1.4901161193847656e-08,0.05266626956231886,1.0456497293241727,58.1255192699806,4,1.3359299744479276,100,nan,nan,5.238240656996116,9,nan,0,nan,nan,nan
1,0,init,False,1,1.2597795664531544,0.0,0.006743372039069341,0.8630006868235384,73.4203802244768,4,1.3014780187753279,119,nan,nan,6.831369053373025,10,nan,0,nan,nan,nan
1,0,init,False,2,1.321130606706036,0.0,0.11543906753709644,0.8806445562429156,64.21333978017283,4,1.3680608408512542,109,nan,nan,5.298630926627023,9,nan,0,nan,nan,nan
1,0,init,False,3,0.7822524636658202,0.0,0.44164496573085077,0.5516281588328207,31.65460114810914,4,1.5401210518536577,63,nan,nan,2.788851149996098,5,nan,0,nan,nan,nan
1,0,init,False,4,0.34434947603663596,1.4901161193847656e-08,0.2629529020266202,0.26148535687877,110.76965662245044,4,1.2506721675324675,171,nan,nan,11.20504061218888,21,nan,0,nan,nan,nan
1,0,init,False,5,1.4417495312968414,1.4901161193847656e-08,0.11580421223612355,0.8189884660021316,58.85843969092172,4,1.443776098345645,109,nan,nan,4.311402072768068,9,nan,0,nan,nan,nan
1,0,init,False,6,1.00972397712654,0.0,0.17363996065201645,0.5395588078365875,53.26794803322947,4,1.4548996150584552,93,nan,nan,7.568142618123886,10,nan,0,nan,nan,nan
1,0,init,False,7,1.2185947329704703,2.1073424255447017e-08,0.24195347621371185,0.8414793850028799,59.776321990038106,4,1.5824914426247365,102,nan,nan,6.188270995063459,12,nan,0,nan,nan,nan
1,0,init,False,8,1.0529759994370083,2.1073424255447017e-08,0.22055200303460834,0.6576183775429378,90.63043919268989,4,1.2089503562504371,135,nan,nan,10.243738806134445,13,nan,0,nan,nan,nan
1,0,init,False,9,0.29021406196150945,0.0,0.9670807746197337,0.1982428341906109,86.10041172850613,4,1.3027633038404485,140,nan,nan,10.398365330138075,14,nan,0,nan,nan,nan
1,0,init,False,10,1.385073693952201,0.0,0.13215962103503467,0.789350777110115,71.91980943756451,4,1.3079830281169158,120,nan,nan,7.313370634066769,11,nan,0,nan,nan,nan
1,0,init,False,11,1.039287979344075,2.1073424255447017e-08,0.23118558247061435,0.5870922888283767,44.593612143074274,4,1.4179461310870287,80,nan,nan,3.392272490495242,6,nan,0,nan,nan,nan
1,0,init,False,12,1.093621695593289,0.0,0.13041988552657197,0.7660395917318017,83.87676452846466,4,1.2362845540544831,127,nan,nan,9.68120711173227,11,nan,0,nan,nan,nan
1,0,init,False,13,0.9736580260817508,0.0,0.3084883333299315,0.5869158572797941,60.767410951634155,4,1.3012547771511178,99,nan,nan,6.9109678929701035,12,nan,0,nan,nan,nan
1,0,init,False,14,1.313802687997899,1.4901161193847656e-08,0.1646470576684292,0.8547961781115798,76.4711253420775,4,1.2740067003456363,123,nan,nan,7.941751947079538,10,nan,0,nan,nan,nan
1,0,init,False,15,2.345362840709062,0.0,0.18844460267552837,1.3936670035970806,15.315387151269974,4,1.6743011216639352,34,nan,nan,1.3334986384996432,3,nan,0,nan,nan,nan
1,0,init,False,16,0.720181991764751,0.0,0.0724206453001821,0.48166211738700226,73.38432044625401,4,1.3478844172948343,114,nan,nan,6.052202474957328,10,nan,0,nan,nan,nan
1,0,init,False,17,1.2805013366604237,0.0,0.24353558287222207,0.7707768203473779,39.55629964356406,4,1.4893567238615686,75,nan,nan,3.047920137916333,4,nan,0,nan,nan,nan
1,0,init,False,18,0.8160002170453344,0.0,0.1885685474603186,0.5495810023567146,80.73122378063826,4,1.2727468403386215,129,nan,nan,8.40331275726238,14,nan,0,nan,nan,nan
1,0,init,False,19,1.3316689125660606,0.0,0.12630496662992002,0.9147970231724395,15.966969068378386,4,1.6890374174626903,37,nan,nan,2.077002984703749,4,nan,0,nan,nan,nan
1,0,init,False,20,1.542113069582152,0.0,0.08537846206211981,0.9928620230514716,50.35094875946201,4,1.2156112198778257,85,nan,nan,4.816744564870445,7,nan,0,nan,nan,nan
1,0,init,False,21,2.0051335288065353,0.0,0.0741215130623265,1.330418673404337,35.97508400818381,4,1.362173227191439,63,nan,nan,3.877426918209244,7,nan,0,nan,nan,nan
1,0,init,False,22,2.5644615416402696,0.0,0.1497711299760425,1.5824513265501605,17.124575495420004,4,1.6590726355233671,30,nan,nan,1.0,1,nan,0,nan,nan,nan
1,0,init,False,23,1.107052378092518,0.0,0.19492534343252502,0.6743392677323732,87.14941156343991,4,1.3010299865835984,137,nan,nan,8.080269225827912,12,nan,0,nan,nan,nan
1,1,step,False,0,1.5749285892107503,0.19828841995940924,0.05266626956231886,1.0456497293241727,58.1255192699806,4,1.3359299744479276,100,20.59852130321884,28.479483566494398,5.238240656996116,9,0.27499651543934683,0,1.6558287014937831,1.0,2.366425918565705e-15
1,1,step,False,1,1.2597795664531544,0.12612817051781208,0.006743372039069341,0.8630006868235384,73.4203802244768,4,1.3014780187753279,119,28.40386179477597,38.63465136606058,6.831369053373025,10,0.3393391864242644,0,1.6558287014937831,1.0,2.366425918565705e-15
1,1,step,False,2,1.321130606706036,0.4019326221187178,0.11543906753709644,0.8806445562429156,64.21333978017283,4,1.3680608408512542,109,17.855639041357886,25.868303825078737,5.298630926627023,9,0.2989423733488545,0,1.6558287014937831,1.0,2.366425918565705e-15
1,1,step,False,3,0.7822524636658202,0.18166998836899473,0.44164496573085077,0.5516281588328207,31.65460114810914,4,1.5401210518536577,63,8.489344067855889,12.618002529473353,2.788851149996098,5,0.3833871026751434,0,1.6558287014937831,1.0,2.366425918565705e-15
1,1,step,False,4,0.34434947603663596,0.08992165336623689,0.2629529020266202,0.26148535687877,110.76965662245044,4,1.2506721675324675,171,43.47201625408509,59.248157521185114,11.20504061218888,21,0.2921191378290835,0,1.6558287014937831,1.0,2.366425918565705e-15
1,1,step,False,5,1.4417495312968414,0.5501813611519345,0.11580421223612355,0.8189884660021316,58.85843969092172,4,1.443776098345645,109,19.740985148939526,26.420632451306382,4.311402072768068,9,0.3542904010348904,0,1.6558287014937831,1.0,2.366425918565705e-15
1,1,step,False,6,1.00972397712654,0.15585994238552606,0.17363996065201645,0.5395588078365875,53.26794803322947,4,1.4548996150584552,93,13.887473030153876,19.684940243892243,7.568142618123886,10,0.32556259183843983,0,1.6558287014937831,1.0,2.366425918565705e-15
1,1,step,False,7,1.2185947329704703,0.04682281785687798,0.24195347621371185,0.8414793850028799,59.776321990038106,4,1.5824914426247365,102,18.89287660936788,29.191093076605014,6.188270995063459,12,0.22398617259934664,0,1.6558287014937831,1.0,2.366425918565705e-15
1,1,step,False,8,1.0529759994370083,0.12777877631570297,0.22055200303460834,0.6576183775429378,90.63043919268989,4,1.2089503562504371,135,32.77956836697321,48.72410113322512,10.243738806134445,13,0.23713615474412858,0,1.6558287014937831,1.0,2.366425918565705e-15
1,1,step,False,9,0.29021406196150945,0.28099610299329497,0.9670807746197337,0.1982428341906109,86.10041172850613,4,1.3027633038404485,140,27.769282057771342,40.20620643288194,10.398365330138075,14,0.3335939227124594,0,1.6558287014937831,1.0,2.366425918565705e-15
1,1,step,False,10,1.385073693952201,0.27726019774009264,0.13215962103503467,0.789350777110115,71.91980943756451,4,1.3079830281169158,120,20.951430197476885,31.43172029939866,7.313370634066769,11,0.24128613292811177,0,1.6558287014937831,1.0,2.366425918565705e-15
1,1,step,False,11,1.039287979344075,0.33690720392057316,0.23118558247061435,0.5870922888283767,44.593612143074274,4,1.4179461310870287,80,13.294875268863809,18.783504810958583,3.392272490495242,6,0.31417400189713834,0,1.6558287014937831,1.0,2.366425918565705e-15
1,1,step,False,12,1.093621695593289,0.11559562837677607,0.13041988552657197,0.7660395917318017,83.87676452846466,4,1.2362845540544831,127,27.190900311888967,38.4470171310464,9.68120711173227,11,0.3162094429731734,0,1.6558287014937831,1.0,2.366425918565705e-15
1,1,step,False,13,0.9736580260817508,0.3922072923275728,0.3084883333299315,0.5869158572797941,60.767410951634155,4,1.3012547771511178,99,21.54043517163722,30.648319502897117,6.9109678929701035,12,0.24448571692703835,0,1.6558287014937831,1.0,2.366425918565705e-15
1,1,step,False,14,1.313802687997899,0.12269401005387107,0.1646470576684292,0.8547961781115798,76.4711253420775,4,1.2740067003456363,123,23.89193754753978,34.23326527540986,7.941751947079538,10,0.26894578568736566,0,1.6558287014937831,1.0,2.366425918565705e-15
1,1,step,False,15,2.345362840709062,0.161802601315625,0.18844460267552837,1.3936670035970806,15.315387151269974,4,1.6743011216639352,34,4.427949622695897,5.644182069735404,1.3334986384996432,3,0.28432142097907376,0,1.6558287014937831,1.0,2.366425918565705e-15
1,1,step,False,16,0.720181991764751,0.09417716940009825,0.0724206453001821,0.48166211738700226,73.38432044625401,4,1.3478844172948343,114,23.475585983024153,33.17452902246887,6.052202474957328,10,0.35683039426494917,0,1.6558287014937831,1.0,2.366425918565705e-15
1,1,step,False,17,1.2805013366604237,0.5044107487010039,0.24353558287222207,0.7707768203473779,39.55629964356406,4,1.4893567238615686,75,10.523665166772878,14.662491689527567,3.047920137916333,4,0.28279884158144203,0,1.6558287014937831,1.0,2.366425918565705e-15
1,1,step,False,18,0.8160002170453344,0.1967928749641853,0.1885685474603186,0.5495810023567146,80.73122378063826,4,1.2727468403386215,129,32.66170119490752,44.752394551646056,8.40331275726238,14,0.23067065935141007,0,1.6558287014937831,1.0,2.366425918565705e-15
1,1,step,False,19,1.3316689125660606,0.37744895081478574,0.12630496662992002,0.9147970231724395,15.966969068378386,4,1.6890374174626903,37,4.3985871138572925,6.061376886082964,2.077002984703749,4,0.2978369953300853,0,1.6558287014937831,1.0,2.366425918565705e-15
1,1,step,False,20,1.542113069582152,0.29770307801263873,0.08537846206211981,0.9928620230514716,50.35094875946201,4,1.2156112198778257,85,20.03590346947051,26.433112217440037,4.816744564870445,7,0.4094040881277481,0,1.6558287014937831,1.0,2.366425918565705e-15
1,1,step,False,21,2.0051335288065353,0.21932876752700267,0.0741215130623265,1.330418673404337,35.97508400818381,4,1.362173227191439,63,9.382836345731043,13.858680499475671,3.877426918209244,7,0.373322431419722,0,1.6558287014937831,1.0,2.366425918565705e-15
1,1,step,False,22,2.5644615416402696,0.0,0.1497711299760425,1.5824513265501605,17.124575495420004,4,1.6590726355233671,30,5.308346200309086,7.6139791156360435,1.0,1,0.3649419049186017,0,1.6558287014937831,1.0,2.366425918565705e-15
1,1,step,False,23,1.107052378092518,0.17369786678238205,0.19492534343252502,0.6743392677323732,87.14941156343991,4,1.3010299865835984,137,31.026278731325654,43.39158199341926,8.080269225827912,12,0.25802910572082055,0,1.6558287014937831,1.0,2.366425918565705e-15
1,2,step,False,0,1.5749285892107503,0.19271988274919624,0.05266626956231886,1.0456497293241727,58.1255192699806,4,1.3359299744479276,100,20.380404219733833,27.724714031189706,5.238240656996116,9,0.23209084610313732,0,1.1708477033095694,0.610361859202385,5.68787456828711e-07
1,2,step,False,1,1.2597795664531544,0.08468296914039236,0.006743372039069341,0.8630006868235384,73.4203802244768,4,1.3014780187753279,119,28.660579210543307,38.236412476454404,6.831369053373025,10,0.2269860599148203,0,1.1708477033095694,0.610361859202385,5.68787456828711e-07
1,2,step,False,2,1.321130606706036,0.42509742469731143,0.11543906753709644,0.8806445562429156,64.21333978017283,4,1.3680608408512542,109,17.54849311534698,25.72058488077338,5.298630926627023,9,0.24522114848968424,0,1.1708477033095694,0.610361859202385,5.68787456828711e-07
1,2,step,False,3,0.7822524636658202,0.09365344256346295,0.44164496573085077,0.5516281588328207,31.65460114810914,4,1.5401210518536577,63,9.423822304651473,14.026231708365218,2.788851149996098,5,0.3347223575251103,0,1.1708477033095694,0.610361859202385,5.68787456828711e-07
1,2,step,False,4,0.34434947603663596,0.11105668094504573,0.2629529020266202,0.26148535687877,110.76965662245044,4,1.2506721675324675,171,43.92020677472224,59.277633999370025,11.20504061218888,21,0.13498519373863666,0,1.1708477033095694,0.610361859202385,5.68787456828711e-07
1,2,step,False,5,1.4417495312968414,0.5726733123105039,0.11580421223612355,0.8189884660021316,58.85843969092172,4,1.443776098345645,109,19.590528954794962,25.976823162279114,4.311402072768068,9,0.2031868847815166,0,1.1708477033095694,0.610361859202385,5.68787456828711e-07
1,2,step,False,6,1.00972397712654,0.08820800081830782,0.17363996065201645,0.5395588078365875,53.26794803322947,4,1.4548996150584552,93,15.314691996571556,20.070182186701146,7.568142618123886,10,0.1272779536269019,0,1.1708477033095694,0.610361859202385,5.68787456828711e-07
1,2,step,False,7,1.2185947329704703,0.12772592798620536,0.24195347621371185,0.8414793850028799,59.776321990038106,4,1.5824914426247365,102,17.361817944530582,25.88210055042003,6.188270995063459,12,0.21508039738328452,0,1.1708477033095694,0.610361859202385,5.68787456828711e-07
1,2,step,False,8,1.0529759994370083,0.05054507166928291,0.22055200303460834,0.6576183775429378,90.63043919268989,4,1.2089503562504371,135,33.040935000040605,47.35547483876122,10.243738806134445,13,0.20733647272614225,0,1.1708477033095694,0.610361859202385,5.68787456828711e-07
1,2,step,False,9,0.29021406196150945,0.4582168130713162,0.9670807746197337,0.1982428341906109,86.10041172850613,4,1.3027633038404485,140,32.36231780906931,47.54153651887545,10.398365330138075,14,0.23503286001427273,0,1.1708477033095694,0.610361859202385,5.68787456828711e-07
1,2,step,False,10,1.385073693952201,0.24924505953462286,0.13215962103503467,0.789350777110115,71.91980943756451,4,1.3079830281169158,120,21.292895760130264,30.723721604244925,7.313370634066769,11,0.20687506216616075,0,1.1708477033095694,0.610361859202385,5.68787456828711e-07
1,2,step,False,11,1.039287979344075,0.3197738495114044,0.23118558247061435,0.5870922888283767,44.593612143074274,4,1.4179461310870287,80,13.30377181128105,18.44811958424566,3.392272490495242,6,0.1107930194834247,0,1.1708477033095694,0.610361859202385,5.68787456828711e-07
1,2,step,False,12,1.093621695593289,0.1499473265718305,0.13041988552657197,0.7660395917318017,83.87676452846466,4,1.2362845540544831,127,28.48371838028179,38.72615050942313,9.68120711173227,11,0.1532440993025017,0,1.1708477033095694,0.610361859202385,5.68787456828711e-07
1,2,step,False,13,0.9736580260817508,0.36970203241855715,0.3084883333299315,0.5869158572797941,60.767410951634155,4,1.3012547771511178,99,21.010827891790555,30.56068125426851,6.9109678929701035,12,0.24633378272990147,0,1.1708477033095694,0.610361859202385,5.68787456828711e-07
1,2,step,False,14,1.313802687997899,0.056147439515370136,0.1646470576684292,0.8547961781115798,76.4711253420775,4,1.2740067003456363,123,23.996304409098524,34.57933617421112,7.941751947079538,10,0.1956865793425203,0,1.1708477033095694,0.610361859202385,5.68787456828711e-07
1,2,step,False,15,2.345362840709062,0.3875613414422547,0.18844460267552837,1.3936670035970806,15.315387151269974,4,1.6743011216639352,34,3.576129314740313,4.481643321721865,1.3334986384996432,3,0.22916604100726057,0,1.1708477033095694,0.610361859202385,5.68787456828711e-07
1,2,step,False,16,0.720181991764751,0.07221149023794114,0.0724206453001821,0.48166211738700226,73.38432044625401,4,1.3478844172948343,114,25.496577533712205,36.48894722398275,6.052202474957328,10,0.22812898476888552,0,1.1708477033095694,0.610361859202385,5.68787456828711e-07
1,2,step,False,17,1.2805013366604237,0.5063667010112235,0.24353558287222207,0.7707768203473779,39.55629964356406,4,1.4893567238615686,75,9.467471017563792,13.386030216495879,3.047920137916333,4,0.36412630548424113,0,1.1708477033095694,0.610361859202385,5.68787456828711e-07
1,2,step,False,18,0.8160002170453344,0.06674411538613736,0.1885685474603186,0.5495810023567146,80.73122378063826,4,1.2727468403386215,129,31.364138942422258,40.191080557855344,8.40331275726238,14,0.20770782091346357,0,1.1708477033095694,0.610361859202385,5.68787456828711e-07
1,2,step,False,19,1.3316689125660606,0.37728943714530017,0.12630496662992002,0.9147970231724395,15.966969068378386,4,1.6890374174626903,37,3.4404880877488386,4.717626871307291,2.077002984703749,4,0.19637979538517839,0,1.1708477033095694,0.610361859202385,5.68787456828711e-07
1,2,step,False,20,1.542113069582152,0.2805203135964893,0.08537846206211981,0.9928620230514716,50.35094875946201,4,1.2156112198778257,85,21.231061740998936,28.52936565953451,4.816744564870445,7,0.22510464332010566,0,1.1708477033095694,0.610361859202385,5.68787456828711e-07
1,2,step,False,21,2.0051335288065353,0.12643215532038768,0.0741215130623265,1.330418673404337,35.97508400818381,4,1.362173227191439,63,6.213479941393105,9.393305242088289,3.877426918209244,7,0.17318803441877828,0,1.1708477033095694,0.610361859202385,5.68787456828711e-07
1,2,step,False,22,2.5644615416402696,0.0,0.1497711299760425,1.5824513265501605,17.124575495420004,4,1.6590726355233671,30,4.165303059475739,5.752851782445647,1.0,1,0.14296450787957418,0,1.1708477033095694,0.610361859202385,5.68787456828711e-07
1,2,step,False,23,1.107052378092518,0.09509655359698142,0.19492534343252502,0.6743392677323732,87.14941156343991,4,1.3010299865835984,137,29.354054423634043,41.23583838847008,8.080269225827912,12,0.19976987456188686,0,1.1708477033095694,0.610361859202385,5.68787456828711e-07
1,3,step,False,0,1.5749285892107503,0.15735906130958652,0.05266626956231886,1.0456497293241727,58.1255192699806,4,1.3359299744479276,100,19.15592814402363,25.039200224021922,5.238240656996116,9,0.11832942243879906,0,0.8279143507468913,0.36755526065826416,5.589373629748903e-15
1,3,step,False,1,1.2597795664531544,0.08142930107398455,0.006743372039069341,0.8630006868235384,73.4203802244768,4,1.3014780187753279,119,28.205855734258726,37.09639802420676,6.831369053373025,10,0.10918251593246414,0,0.8279143507468913,0.36755526065826416,5.589373629748903e-15
1,3,step,False,2,1.321130606706036,0.4521881606082855,0.11543906753709644,0.8806445562429156,64.21333978017283,4,1.3680608408512542,109,17.823517479479744,25.559528802334285,5.298630926627023,9,0.08513737701583887,0,0.8279143507468913,0.36755526065826416,5.589373629748903e-15
1,3,step,False,3,0.7822524636658202,0.1911403391787649,0.44164496573085077,0.5516281588328207,31.65460114810914,4,1.5401210518536577,63,8.73709488809846,12.498758088486484,2.788851149996098,5,0.1469012315746544,0,0.8279143507468913,0.36755526065826416,5.589373629748903e-15
1,3,step,False,4,0.34434947603663596,0.1545711355073674,0.2629529020266202,0.26148535687877,110.76965662245044,4,1.2506721675324675,171,42.160625409966606,55.7608625772613,11.20504061218888,21,0.11381628058763654,0,0.8279143507468913,0.36755526065826416,5.589373629748903e-15
1,3,step,False,5,1.4417495312968414,0.4509839156194502,0.11580421223612355,0.8189884660021316,58.85843969092172,4,1.443776098345645,109,19.668422528018553,27.406250245009623,4.311402072768068,9,0.1174688185122114,0,0.8279143507468913,0.36755526065826416,5.589373629748903e-15
1,3,step,False,6,1.00972397712654,0.06124963930838186,0.17363996065201645,0.5395588078365875,53.26794803322947,4,1.4548996150584552,93,18.83586624700186,24.93219118223143,7.568142618123886,10,0.11384051788973534,0,0.8279143507468913,0.36755526065826416,5.589373629748903e-15
1,3,step,False,7,1.2185947329704703,0.20620564583022627,0.24195347621371185,0.8414793850028799,59.776321990038106,4,1.5824914426247365,102,18.025426055300827,25.802520223467937,6.188270995063459,12,0.1191630832457473,0,0.8279143507468913,0.36755526065826416,5.589373629748903e-15
1,3,step,False,8,1.0529759994370083,0.11536936889951213,0.22055200303460834,0.6576183775429378,90.63043919268989,4,1.2089503562504371,135,32.40620913073171,43.622744852407436,10.243738806134445,13,0.12212159783728521,0,0.8279143507468913,0.36755526065826416,5.589373629748903e-15
1,3,step,False,9,0.29021406196150945,0.32574694526289255,0.9670807746197337,0.1982428341906109,86.10041172850613,4,1.3027633038404485,140,37.991013205718744,57.110823947095895,10.398365330138075,14,0.1837854176545095,0,0.8279143507468913,0.36755526065826416,5.589373629748903e-15
1,3,step,False,10,1.385073693952201,0.19773424865524505,0.13215962103503467,0.789350777110115,71.91980943756451,4,1.3079830281169158,120,20.26436425990549,27.290731185133275,7.313370634066769,11,0.1066315634193152,0,0.8279143507468913,0.36755526065826416,5.589373629748903e-15
1,3,step,False,11,1.039287979344075,0.16751504524673083,0.23118558247061435,0.5870922888283767,44.593612143074274,4,1.4179461310870287,80,16.22427504975144,23.145521035431678,3.392272490495242,6,0.10050509002797396,0,0.8279143507468913,0.36755526065826416,5.589373629748903e-15
1,3,step,False,12,1.093621695593289,0.0907771334487156,0.13041988552657197,0.7660395917318017,83.87676452846466,4,1.2362845540544831,127,28.124395263653945,36.13087139651741,9.68120711173227,11,0.10540989043621045,0,0.8279143507468913,0.36755526065826416,5.589373629748903e-15
1,3,step,False,13,0.9736580260817508,0.3423784948356413,0.3084883333299315,0.5869158572797941,60.767410951634155,4,1.3012547771511178,99,20.088049821868793,27.367597797298366,6.9109678929701035,12,0.07075436521885858,0,0.8279143507468913,0.36755526065826416,5.589373629748903e-15
1,3,step,False,14,1.313802687997899,0.09153405172605794,0.1646470576684292,0.8547961781115798,76.4711253420775,4,1.2740067003456363,123,23.146571196840984,31.43621859147233,7.941751947079538,10,0.10589358854862169,0,0.8279143507468913,0.36755526065826416,5.589373629748903e-15
1,3,step,False,15,2.345362840709062,0.16253001251757923,0.18844460267552837,1.3936670035970806,15.315387151269974,4,1.6743011216639352,34,3.272363245740781,3.772781863113786,1.3334986384996432,3,0.13345186931444714,0,0.8279143507468913,0.36755526065826416,5.589373629748903e-15
1,3,step,False,16,0.720181991764751,0.05472467275805012,0.0724206453001821,0.48166211738700226,73.38432044625401,4,1.3478844172948343,114,24.7949147926908,33.71699900536637,6.052202474957328,10,0.10726654721153445,0,0.8279143507468913,0.36755526065826416,5.589373629748903e-15
1,3,step,False,17,1.2805013366604237,0.33191602394563097,0.24353558287222207,0.7707768203473779,39.55629964356406,4,1.4893567238615686,75,11.45679495278161,17.31701650412656,3.047920137916333,4,0.15716457334218292,0,0.8279143507468913,0.36755526065826416,5.589373629748903e-15
1,3,step,False,18,0.8160002170453344,0.010559409515499253,0.1885685474603186,0.5495810023567146,80.73122378063826,4,1.2727468403386215,129,31.25009792837395,39.85153749647437,8.40331275726238,14,0.1416308885578883,0,0.8279143507468913,0.36755526065826416,5.589373629748903e-15
1,3,step,False,19,1.3316689125660606,0.13222083977275992,0.12630496662992002,0.9147970231724395,15.966969068378386,4,1.6890374174626903,37,3.5987708485179373,4.680239251405941,2.077002984703749,4,0.09172770046831542,0,0.8279143507468913,0.36755526065826416,5.589373629748903e-15
1,3,step,False,20,1.542113069582152,0.281939568866846,0.08537846206211981,0.9928620230514716,50.35094875946201,4,1.2156112198778257,85,20.310001942025842,26.048642666264513,4.816744564870445,7,0.1106542496928675,0,0.8279143507468913,0.36755526065826416,5.589373629748903e-15
1,3,step,False,21,2.0051335288065353,0.12440177911488971,0.0741215130623265,1.330418673404337,35.97508400818381,4,1.362173227191439,63,4.634540961827176,5.788056369304234,3.877426918209244,7,0.09597396110921712,0,0.8279143507468913,0.36755526065826416,5.589373629748903e-15
1,3,step,False,22,2.5644615416402696,0.0,0.1497711299760425,1.5824513265501605,17.124575495420004,4,1.6590726355233671,30,3.2732782505714684,4.386973636070716,1.0,1,0.09735698637779491,0,0.8279143507468913,0.36755526065826416,5.589373629748903e-15
1,3,step,False,23,1.107052378092518,0.034153287015554486,0.19492534343252502,0.6743392677323732,87.14941156343991,4,1.3010299865835984,137,26.55165712355514,35.794855719627925,8.080269225827912,12,0.10653748450984328,0,0.8279143507468913,0.36755526065826416,5.589373629748903e-15
2,0,init,False,0,1.0467706587360495,2.1073424255447017e-08,0.22851500244119818,0.6810330044325779,59.04569452859888,4,1.389966061080823,96,nan,nan,5.862727771146699,9,nan,0,nan,nan,nan
2,0,init,False,1,1.0701418227387929,1.4901161193847656e-08,0.12425900274583421,0.7956896675689481,51.64105542247972,4,1.2390161483685567,93,nan,nan,3.834714955441396,10,nan,0,nan,nan,nan
2,0,init,False,2,0.7932685761589658,1.4901161193847656e-08,0.21356622863592536,0.5212532946898482,42.34374708505638,4,1.3021521159175078,77,nan,nan,4.499004865583055,6,nan,0,nan,nan,nan
2,0,init,False,3,0.3205409858769687,2.1073424255447017e-08,0.4651924320744398,0.2196051088941605,84.00726786199591,4,1.300901783066737,130,nan,nan,9.395125217389836,12,nan,0,nan,nan,nan
2,0,init,False,4,1.2844467353127504,0.0,0.3230750650443471,1.0882036414207648,7.469383352135623,4,1.6761644872707415,14,nan,nan,1.2331901625011739,2,nan,0,nan,nan,nan
2,0,init,False,5,2.0802561912918844,0.0,0.10292378375607898,1.2605784874453647,39.51145944543005,4,1.5192913821130405,72,nan,nan,3.8389316012159815,6,nan,0,nan,nan,nan
2,0,init,False,6,1.2190457946602995,0.0,0.15879930250394814,0.8107072579918712,72.9073654873682,4,1.2255340651471252,122,nan,nan,7.368267676148906,10,nan,0,nan,nan,nan
2,0,init,False,7,1.5215077396539407,0.0,0.13509832988052758,1.0433858820927175,65.90824151687282,4,1.2594893218466454,114,nan,nan,8.378534792757735,14,nan,0,nan,nan,nan
2,0,init,False,8,1.0115079638172977,0.0,0.1936284024818393,0.5657300662748956,75.22126136979051,4,1.3281580911852546,123,nan,nan,6.412912375126976,9,nan,0,nan,nan,nan
2,0,init,False,9,0.3423530440072947,1.4901161193847656e-08,0.6418871329045058,0.28585976233832544,35.18788834101062,4,1.3549033565079938,63,nan,nan,3.1712875960203144,7,nan,0,nan,nan,nan
2,0,init,False,10,0.3204744605844023,1.4901161193847656e-08,0.481111961024221,0.23494589287688908,87.16048825978412,4,1.2738906059503479,139,nan,nan,8.537188308423566,12,nan,0,nan,nan,nan
2,0,init,False,11,1.348557138294263,1.4901161193847656e-08,0.1931593016470286,0.9865866211262098,54.85926235489409,4,1.2922969011704626,92,nan,nan,5.991204343832476,9,nan,0,nan,nan,nan
2,0,init,False,12,1.95878432879614,2.1073424255447017e-08,0.09208050280730327,1.1303472927735145,40.08902068095337,4,1.384946821223811,76,nan,nan,3.378532456734667,6,nan,0,nan,nan,nan
2,0,init,False,13,2.3633895001822,1.4901161193847656e-08,0.09091541469964279,1.4744123258001987,26.59264496145776,4,1.352033392404459,52,nan,nan,2.5679215179102286,6,nan,0,nan,nan,nan
2,0,init,False,14,1.7825206800460858,0.0,0.052496250411876645,1.0193644068760228,46.172091068059316,4,1.3466985252160468,82,nan,nan,4.6502265177787,7,nan,0,nan,nan,nan
2,0,init,False,15,1.1478094221068595,2.1073424255447017e-08,0.21946160362443318,0.877361554877913,28.877027391427546,4,1.59673346097239,55,nan,nan,4.574281728374072,8,nan,0,nan,nan,nan
2,0,init,False,16,0.7518156372889109,1.4901161193847656e-08,0.3842280276294127,0.420181870454791,106.71190044916905,4,1.1266294635540246,165,nan,nan,10.530579947121234,17,nan,0,nan,nan,nan
2,0,init,False,17,1.4618158494836173,0.0,0.03011138329827395,1.0922074339596302,35.0073398635863,4,1.3254211573746157,63,nan,nan,2.6312212146443357,5,nan,0,nan,nan,nan
2,0,init,False,18,1.7987267463663223,0.0,0.13713806758589497,0.980701922242823,44.12035323503808,4,1.4784202331339371,84,nan,nan,2.9481309407410263,5,nan,0,nan,nan,nan
2,0,init,False,19,1.6219259550985072,0.0,0.2256926250044474,0.8805342626268562,74.42484287557377,4,1.3377405722563598,113,nan,nan,5.537092049579155,10,nan,0,nan,nan,nan
2,0,init,False,20,0.4967517232200428,1.4901161193847656e-08,0.37977740378019104,0.42772438218880854,75.84888072224115,4,1.410734447486806,127,nan,nan,9.303967278611493,14,nan,0,nan,nan,nan
2,0,init,False,21,0.2801579968649878,0.0,0.52077374176404,0.13843247089108443,106.18932736682225,4,1.31924396631905,161,nan,nan,10.604728075576892,16,nan,0,nan,nan,nan
2,0,init,False,22,0.4284902509478303,0.0,0.22716786155304758,0.31533300723622376,88.86975276936352,4,1.2797301308079836,138,nan,nan,8.46629043354273,13,nan,0,nan,nan,nan
2,0,init,False,23,0.8766018881723402,0.0,0.13409260778038312,0.44367666827444185,91.8337035908913,4,1.2317549105593442,153,nan,nan,10.283938173797363,17,nan,0,nan,nan,nan
2,1,step,False,0,1.0467706587360495,0.0882619280649002,0.22851500244119818,0.6810330044325779,59.04569452859888,4,1.389966061080823,96,19.776593842374545,29.496742830431185,5.862727771146699,9,0.3537377043933769,0,1.6949287368540935,1.0,4.3265563739762105e-16
2,1,step,False,1,1.0701418227387929,0.24121848250795155,0.12425900274583421,0.7956896675689481,51.64105542247972,4,1.2390161483685567,93,16.77943175354453,22.524447990007843,3.834714955441396,10,0.3416092884086142,0,1.6949287368540935,1.0,4.3265563739762105e-16
2,1,step,False,2,0.7932685761589658,0.0467545862481331,0.21356622863592536,0.5212532946898482,42.34374708505638,4,1.3021521159175078,77,16.354900382347658,22.399713348815585,4.499004865583055,6,0.1829002054306469,0,1.6949287368540935,1.0,4.3265563739762105e-16
2,1,step,False,3,0.3205409858769687,0.2228892815797019,0.4651924320744398,0.2196051088941605,84.00726786199591,4,1.300901783066737,130,29.176252212002822,42.60630639616182,9.395125217389836,12,0.19374401908840413,0,1.6949287368540935,1.0,4.3265563739762105e-16
2,1,step,False,4,1.2844467353127504,0.3919611003353686,0.3230750650443471,1.0882036414207648,7.469383352135623,4,1.6761644872707415,14,2.6677890471491295,3.957090577021544,1.2331901625011739,2,0.45819407846815036,0,1.6949287368540935,1.0,4.3265563739762105e-16
2,1,step,False,5,2.0802561912918844,0.04463049025536476,0.10292378375607898,1.2605784874453647,39.51145944543005,4,1.5192913821130405,72,11.240977815410172,14.022946368431896,3.8389316012159815,6,0.30583648846623146,0,1.6949287368540935,1.0,4.3265563739762105e-16
2,1,step,False,6,1.2190457946602995,0.06760814262573484,0.15879930250394814,0.8107072579918712,72.9073654873682,4,1.2255340651471252,122,22.65144161303686,30.46859474134583,7.368267676148906,10,0.1474851301937908,0,1.6949287368540935,1.0,4.3265563739762105e-16
2,1,step,False,7,1.5215077396539407,0.04635526584862088,0.13509832988052758,1.0433858820927175,65.90824151687282,4,1.2594893218466454,114,22.219354176951285,32.446071434006505,8.378534792757735,14,0.16310653769498898,0,1.6949287368540935,1.0,4.3265563739762105e-16
2,1,step,False,8,1.0115079638172977,0.2169638749030794,0.1936284024818393,0.5657300662748956,75.22126136979051,4,1.3281580911852546,123,27.91704293999407,36.44179125757889,6.412912375126976,9,0.235833341457829,0,1.6949287368540935,1.0,4.3265563739762105e-16
2,1,step,False,9,0.3423530440072947,0.537013076133196,0.6418871329045058,0.28585976233832544,35.18788834101062,4,1.3549033565079938,63,8.86183472093312,12.404979820776017,3.1712875960203144,7,0.284699067969477,0,1.6949287368540935,1.0,4.3265563739762105e-16
2,1,step,False,10,0.3204744605844023,0.13965615988719848,0.481111961024221,0.23494589287688908,87.16048825978412,4,1.2738906059503479,139,30.738004960022103,42.2178425158871,8.537188308423566,12,0.25384823303213927,0,1.6949287368540935,1.0,4.3265563739762105e-16
2,1,step,False,11,1.348557138294263,0.13083695811617346,0.1931593016470286,0.9865866211262098,54.85926235489409,4,1.2922969011704626,92,17.05164612994586,24.629664273133443,5.991204343832476,9,0.20264520255563934,0,1.6949287368540935,1.0,4.3265563739762105e-16
2,1,step,False,12,1.95878432879614,0.08574410422982658,0.09208050280730327,1.1303472927735145,40.08902068095337,4,1.384946821223811,76,13.735461525275536,18.818722520805604,3.378532456734667,6,0.19284112697661743,0,1.6949287368540935,1.0,4.3265563739762105e-16
2,1,step,False,13,2.3633895001822,0.11749945892524488,0.09091541469964279,1.4744123258001987,26.59264496145776,4,1.352033392404459,52,7.475902496093372,10.466105937265866,2.5679215179102286,6,0.23795721551130855,0,1.6949287368540935,1.0,4.3265563739762105e-16
2,1,step,False,14,1.7825206800460858,0.405271313025367,0.052496250411876645,1.0193644068760228,46.172091068059316,4,1.3466985252160468,82,16.11904513790899,21.546685416902598,4.6502265177787,7,0.28027442049350204,0,1.6949287368540935,1.0,4.3265563739762105e-16
2,1,step,False,15,1.1478094221068595,0.3851102338134655,0.21946160362443318,0.877361554877913,28.877027391427546,4,1.59673346097239,55,7.160966979626291,10.77413941529456,4.574281728374072,8,0.22271065716213756,0,1.6949287368540935,1.0,4.3265563739762105e-16
2,1,step,False,16,0.7518156372889109,0.120696183690775,0.3842280276294127,0.420181870454791,106.71190044916905,4,1.1266294635540246,165,36.22535879486841,49.556704841941325,10.530579947121234,17,0.21131139397555734,0,1.6949287368540935,1.0,4.3265563739762105e-16
2,1,step,False,17,1.4618158494836173,0.2118054631267766,0.03011138329827395,1.0922074339596302,35.0073398635863,4,1.3254211573746157,63,9.853171079702859,13.593338418183833,2.6312212146443357,5,0.3019679124022288,0,1.6949287368540935,1.0,4.3265563739762105e-16
2,1,step,False,18,1.7987267463663223,0.15879967095145853,0.13713806758589497,0.980701922242823,44.12035323503808,4,1.4784202331339371,84,12.690661207299115,17.41004192114241,2.9481309407410263,5,0.23922825205703926,0,1.6949287368540935,1.0,4.3265563739762105e-16
2,1,step,False,19,1.6219259550985072,0.10336404834218058,0.2256926250044474,0.8805342626268562,74.42484287557377,4,1.3377405722563598,113,30.601027591767718,41.380871693530764,5.537092049579155,10,0.24142985013227403,0,1.6949287368540935,1.0,4.3265563739762105e-16
2,1,step,False,20,0.4967517232200428,0.20469831031225758,0.37977740378019104,0.42772438218880854,75.84888072224115,4,1.410734447486806,127,18.816311055389633,29.60165141043377,9.303967278611493,14,0.2375338297707401,0,1.6949287368540935,1.0,4.3265563739762105e-16
2,1,step,False,21,0.2801579968649878,0.15560255692950997,0.52077374176404,0.13843247089108443,106.18932736682225,4,1.31924396631905,161,37.635997295129684,52.91425200546409,10.604728075576892,16,0.17992945858761278,0,1.6949287368540935,1.0,4.3265563739762105e-16
2,1,step,False,22,0.4284902509478303,0.15017522643857556,0.22716786155304758,0.31533300723622376,88.86975276936352,4,1.2797301308079836,138,33.205969876835965,46.86479078669111,8.46629043354273,13,0.19089584568987344,0,1.6949287368540935,1.0,4.3265563739762105e-16
2,1,step,False,23,0.8766018881723402,0.10371179372615381,0.13409260778038312,0.44367666827444185,91.8337035908913,4,1.2317549105593442,153,31.044857366390332,42.51745364896881,10.283938173797363,17,0.2064856420517691,0,1.6949287368540935,1.0,4.3265563739762105e-16
2,2,step,False,0,1.0467706587360495,0.05267333370010766,0.22851500244119818,0.6810330044325779,59.04569452859888,4,1.389966061080823,96,20.316129654702614,31.285221644940606,5.862727771146699,9,0.2310075089906101,0,1.1984956034574787,0.6116516590118408,9.84248132671666e-16
2,2,step,False,1,1.0701418227387929,0.42230643455897976,0.12425900274583421,0.7956896675689481,51.64105542247972,4,1.2390161483685567,93,16.151021165192894,20.839788236303665,3.834714955441396,10,0.17683687691372765,0,1.1984956034574787,0.6116516590118408,9.84248132671666e-16
2,2,step,False,2,0.7932685761589658,0.11037467847071762,0.21356622863592536,0.5212532946898482,42.34374708505638,4,1.3021521159175078,77,17.45022246094602,23.587470163676265,4.499004865583055,6,0.16735528443568792,0,1.1984956034574787,0.6116516590118408,9.84248132671666e-16
2,2,step,False,3,0.3205409858769687,0.2666397961978026,0.4651924320744398,0.2196051088941605,84.00726786199591,4,1.300901783066737,130,30.50969424386257,42.9167715044586,9.395125217389836,12,0.1618349047464512,0,1.1984956034574787,0.6116516590118408,9.84248132671666e-16
2,2,step,False,4,1.2844467353127504,0.3522466851709879,0.3230750650443471,1.0882036414207648,7.469383352135623,4,1.6761644872707415,14,2.891240475898086,4.07847536250614,1.2331901625011739,2,0.13670798824336491,0,1.1984956034574787,0.6116516590118408,9.84248132671666e-16
2,2,step,False,5,2.0802561912918844,0.09149907854728559,0.10292378375607898,1.2605784874453647,39.51145944543005,4,1.5192913821130405,72,9.836857460681466,11.761734150957965,3.8389316012159815,6,0.13112472780672846,0,1.1984956034574787,0.6116516590118408,9.84248132671666e-16
2,2,step,False,6,1.2190457946602995,0.13274437852236334,0.15879930250394814,0.8107072579918712,72.9073654873682,4,1.2255340651471252,122,22.496069810447608,31.44788717098375,7.368267676148906,10,0.16808047817039562,0,1.1984956034574787,0.6116516590118408,9.84248132671666e-16
2,2,step,False,7,1.5215077396539407,0.0728587485672843,0.13509832988052758,1.0433858820927175,65.90824151687282,4,1.2594893218466454,114,19.154194357962638,26.032478922208522,8.378534792757735,14,0.15584616204140053,0,1.1984956034574787,0.6116516590118408,9.84248132671666e-16
2,2,step,False,8,1.0115079638172977,0.3105525781515842,0.1936284024818393,0.5657300662748956,75.22126136979051,4,1.3281580911852546,123,29.847578718407213,38.58590475315691,6.412912375126976,9,0.254955331402303,0,1.1984956034574787,0.6116516590118408,9.84248132671666e-16
2,2,step,False,9,0.3423530440072947,0.4633353871744031,0.6418871329045058,0.28585976233832544,35.18788834101062,4,1.3549033565079938,63,9.211208738442163,12.712765324732118,3.1712875960203144,7,0.16849365449110357,0,1.1984956034574787,0.6116516590118408,9.84248132671666e-16
2,2,step,False,10,0.3204744605844023,0.2615549530276881,0.481111961024221,0.23494589287688908,87.16048825978412,4,1.2738906059503479,139,30.522566588437055,44.59240558065516,8.537188308423566,12,0.230905375768816,0,1.1984956034574787,0.6116516590118408,9.84248132671666e-16
2,2,step,False,11,1.348557138294263,0.20089291839467435,0.1931593016470286,0.9865866211262098,54.85926235489409,4,1.2922969011704626,92,15.708201268647874,23.580613611023065,5.991204343832476,9,0.19235704098429895,0,1.1984956034574787,0.6116516590118408,9.84248132671666e-16
2,2,step,False,12,1.95878432879614,0.16350013125171012,0.09208050280730327,1.1303472927735145,40.08902068095337,4,1.384946821223811,76,10.454871356975547,13.517574388996351,3.378532456734667,6,0.19152274396363286,0,1.1984956034574787,0.6116516590118408,9.84248132671666e-16
2,2,step,False,13,2.3633895001822,0.05239983095956737,0.09091541469964279,1.4744123258001987,26.59264496145776,4,1.352033392404459,52,6.471933610961896,8.047873990480353,2.5679215179102286,6,0.17754349942014883,0,1.1984956034574787,0.6116516590118408,9.84248132671666e-16
2,2,step,False,14,1.7825206800460858,0.29222448369473486,0.052496250411876645,1.0193644068760228,46.172091068059316,4,1.3466985252160468,82,15.326977635624472,20.41409319998335,4.6502265177787,7,0.17391733348762584,0,1.1984956034574787,0.6116516590118408,9.84248132671666e-16
2,2,step,False,15,1.1478094221068595,0.4858350391092364,0.21946160362443318,0.877361554877913,28.877027391427546,4,1.59673346097239,55,7.957822914645803,11.96245841832779,4.574281728374072,8,0.129123166322904,0,1.1984956034574787,0.6116516590118408,9.84248132671666e-16
2,2,step,False,16,0.7518156372889109,0.11339789558494165,0.3842280276294127,0.420181870454791,106.71190044916905,4,1.1266294635540246,165,38.350055372313015,51.12014993815123,10.530579947121234,17,0.18020461625072154,0,1.1984956034574787,0.6116516590118408,9.84248132671666e-16
2,2,step,False,17,1.4618158494836173,0.2397290848490845,0.03011138329827395,1.0922074339596302,35.0073398635863,4,1.3254211573746157,63,10.408505421094631,13.919149963546356,2.6312212146443357,5,0.22829673684873678,0,1.1984956034574787,0.6116516590118408,9.84248132671666e-16
2,2,step,False,18,1.7987267463663223,0.33535598414818696,0.13713806758589497,0.980701922242823,44.12035323503808,4,1.4784202331339371,84,13.005568087726479,17.362175657793433,2.9481309407410263,5,0.14631892955236692,0,1.1984956034574787,0.6116516590118408,9.84248132671666e-16
2,2,step,False,19,1.6219259550985072,0.07838007005581732,0.2256926250044474,0.8805342626268562,74.42484287557377,4,1.3377405722563598,113,28.639121366978955,37.587093352264816,5.537092049579155,10,0.11062499848742344,0,1.1984956034574787,0.6116516590118408,9.84248132671666e-16
2,2,step,False,20,0.4967517232200428,0.09112534022802896,0.37977740378019104,0.42772438218880854,75.84888072224115,4,1.410734447486806,127,22.413138510159413,35.96633325889289,9.303967278611493,14,0.16548535962577168,0,1.1984956034574787,0.6116516590118408,9.84248132671666e-16
2,2,step,False,21,0.2801579968649878,0.17771582409912198,0.52077374176404,0.13843247089108443,106.18932736682225,4,1.31924396631905,161,36.30054420836435,50.523878943200785,10.604728075576892,16,0.19606907704296295,0,1.1984956034574787,0.6116516590118408,9.84248132671666e-16
2,2,step,False,22,0.4284902509478303,0.20027968030926677,0.22716786155304758,0.31533300723622376,88.86975276936352,4,1.2797301308079836,138,35.08243135703966,50.49074819209251,8.46629043354273,13,0.15472612124311752,0,1.1984956034574787,0.6116516590118408,9.84248132671666e-16
2,2,step,False,23,0.8766018881723402,0.11641380667241633,0.13409260778038312,0.44367666827444185,91.8337035908913,4,1.2317549105593442,153,31.494063843484792,42.14795531818748,10.283938173797363,17,0.17410516454073074,0,1.1984956034574787,0.6116516590118408,9.84248132671666e-16
2,3,step,False,0,1.0467706587360495,0.09331098935326643,0.22851500244119818,0.6810330044325779,59.04569452859888,4,1.389966061080823,96,19.566280230966786,28.18042052807034,5.862727771146699,9,0.21855892463358997,0,0.8474643684270466,0.3705707788467407,1.888836415896184e-15
2,3,step,False,1,1.0701418227387929,0.5112111203332921,0.12425900274583421,0.7956896675689481,51.64105542247972,4,1.2390161483685567,93,19.777990180797953,27.111545423530984,3.834714955441396,10,0.2066085047914812,0,0.8474643684270466,0.3705707788467407,1.888836415896184e-15
2,3,step,False,2,0.7932685761589658,0.04080802266849046,0.21356622863592536,0.5212532946898482,42.34374708505638,4,1.3021521159175078,77,18.165547575396833,23.932790600937327,4.499004865583055,6,0.11221486835914307,0,0.8474643684270466,0.3705707788467407,1.888836415896184e-15
2,3,step,False,3,0.3205409858769687,0.30882869409023483,0.4651924320744398,0.2196051088941605,84.00726786199591,4,1.300901783066737,130,32.34301889140094,44.17929440991845,9.395125217389836,12,0.11293405377894969,0,0.8474643684270466,0.3705707788467407,1.888836415896184e-15
2,3,step,False,4,1.2844467353127504,0.20910782741568198,0.3230750650443471,1.0882036414207648,7.469383352135623,4,1.6761644872707415,14,2.9692905077366634,4.000887291135672,1.2331901625011739,2,0.1476026920365758,0,0.8474643684270466,0.3705707788467407,1.888836415896184e-15
2,3,step,False,5,2.0802561912918844,0.13326787743840718,0.10292378375607898,1.2605784874453647,39.51145944543005,4,1.5192913821130405,72,9.35718411818698,11.949835872344746,3.8389316012159815,6,0.1450635630469603,0,0.8474643684270466,0.3705707788467407,1.888836415896184e-15
2,3,step,False,6,1.2190457946602995,0.10560807175029366,0.15879930250394814,0.8107072579918712,72.9073654873682,4,1.2255340651471252,122,21.70368305022802,30.24519091553325,7.368267676148906,10,0.1065251546702122,0,0.8474643684270466,0.3705707788467407,1.888836415896184e-15
2,3,step,False,7,1.5215077396539407,0.06341849634955608,0.13509832988052758,1.0433858820927175,65.90824151687282,4,1.2594893218466454,114,16.97918348469915,21.318430831637624,8.378534792757735,14,0.1096443195814928,0,0.8474643684270466,0.3705707788467407,1.888836415896184e-15
2,3,step,False,8,1.0115079638172977,0.2147582835699883,0.1936284024818393,0.5657300662748956,75.22126136979051,4,1.3281580911852546,123,31.7068146249942,40.46133657301998,6.412912375126976,9,0.14429731868791706,0,0.8474643684270466,0.3705707788467407,1.888836415896184e-15
2,3,step,False,9,0.3423530440072947,0.20621422588682584,0.6418871329045058,0.28585976233832544,35.18788834101062,4,1.3549033565079938,63,12.47081226863531,18.449489074272154,3.1712875960203144,7,0.1502369109297691,0,0.8474643684270466,0.3705707788467407,1.888836415896184e-15
2,3,step,False,10,0.3204744605844023,0.2570220950204266,0.481111961024221,0.23494589287688908,87.16048825978412,4,1.2738906059503479,139,30.285298918055503,43.11979322237973,8.537188308423566,12,0.1173727950371755,0,0.8474643684270466,0.3705707788467407,1.888836415896184e-15
2,3,step,False,11,1.348557138294263,0.17072843928048612,0.1931593016470286,0.9865866211262098,54.85926235489409,4,1.2922969011704626,92,14.128312634822498,19.031186085894895,5.991204343832476,9,0.1154150324372357,0,0.8474643684270466,0.3705707788467407,1.888836415896184e-15
2,3,step,False,12,1.95878432879614,0.1814556846980805,0.09208050280730327,1.1303472927735145,40.08902068095337,4,1.384946821223811,76,10.029176358124124,12.746046072115641,3.378532456734667,6,0.11533660566770808,0,0.8474643684270466,0.3705707788467407,1.888836415896184e-15
2,3,step,False,13,2.3633895001822,0.06485088539005275,0.09091541469964279,1.4744123258001987,26.59264496145776,4,1.352033392404459,52,6.097991665673193,7.426531324586452,2.5679215179102286,6,0.15942871988924312,0,0.8474643684270466,0.3705707788467407,1.888836415896184e-15
2,3,step,False,14,1.7825206800460858,0.2694217635424087,0.052496250411876645,1.0193644068760228,46.172091068059316,4,1.3466985252160468,82,12.669328745184941,15.14154584305033,4.6502265177787,7,0.09175767334096717,0,0.8474643684270466,0.3705707788467407,1.888836415896184e-15
2,3,step,False,15,1.1478094221068595,0.563570751181013,0.21946160362443318,0.877361554877913,28.877027391427546,4,1.59673346097239,55,8.231849115371404,12.684214291429983,4.574281728374072,8,0.12075483470674588,0,0.8474643684270466,0.3705707788467407,1.888836415896184e-15
2,3,step,False,16,0.7518156372889109,0.028774068110984617,0.3842280276294127,0.420181870454791,106.71190044916905,4,1.1266294635540246,165,37.631414171779,49.42123090718141,10.530579947121234,17,0.11842348379520978,0,0.8474643684270466,0.3705707788467407,1.888836415896184e-15
2,3,step,False,17,1.4618158494836173,0.3841076721758148,0.03011138329827395,1.0922074339596302,35.0073398635863,4,1.3254211573746157,63,10.18460338166229,13.781497127668842,2.6312212146443357,5,0.2121102697528438,0,0.8474643684270466,0.3705707788467407,1.888836415896184e-15
2,3,step,False,18,1.7987267463663223,0.3243397024816606,0.13713806758589497,0.980701922242823,44.12035323503808,4,1.4784202331339371,84,14.524177896979715,18.863351963046252,2.9481309407410263,5,0.1190295787904771,0,0.8474643684270466,0.3705707788467407,1.888836415896184e-15
2,3,step,False,19,1.6219259550985072,0.07998299963646208,0.2256926250044474,0.8805342626268562,74.42484287557377,4,1.3377405722563598,113,25.94285558617529,32.47637905464235,5.537092049579155,10,0.10575277874011965,0,0.8474643684270466,0.3705707788467407,1.888836415896184e-15
2,3,step,False,20,0.4967517232200428,0.08889170589711826,0.37977740378019104,0.42772438218880854,75.84888072224115,4,1.410734447486806,127,23.633513565840655,37.43776265028893,9.303967278611493,14,0.13116565843209496,0,0.8474643684270466,0.3705707788467407,1.888836415896184e-15
2,3,step,False,21,0.2801579968649878,0.14901351064636417,0.52077374176404,0.13843247089108443,106.18932736682225,4,1.31924396631905,161,36.24854829350717,51.467543315080384,10.604728075576892,16,0.14034276617760627,0,0.8474643684270466,0.3705707788467407,1.888836415896184e-15
2,3,step,False,22,0.4284902509478303,0.2736807032913273,0.22716786155304758,0.31533300723622376,88.86975276936352,4,1.2797301308079836,138,33.378543103257044,47.28434259298557,8.46629043354273,13,0.10947879884919155,0,0.8474643684270466,0.3705707788467407,1.888836415896184e-15
2,3,step,False,23,0.8766018881723402,0.03266709135094023,0.13409260778038312,0.44367666827444185,91.8337035908913,4,1.2317549105593442,153,31.974617913661444,41.84581927620118,10.283938173797363,17,0.10200975548009954,0,0.8474643684270466,0.3705707788467407,1.888836415896184e-15
3,0,init,False,0,2.012293809437055,0.0,0.08380084713341804,1.5402516091339595,37.93057280478205,4,1.3455784074471395,70,nan,nan,2.3987478743099753,5,nan,0,nan,nan,nan
3,0,init,False,1,0.7367854000076806,1.4901161193847656e-08,0.3033297504573349,0.6440423118210855,57.99527211735812,4,1.3382596057270464,106,nan,nan,4.319028570941812,7,nan,0,nan,nan,nan
3,0,init,False,2,0.6609735095724033,2.5809568279517847e-08,0.38623699695226416,0.7646360036319266,63.15955652333682,4,1.3465946908914779,109,nan,nan,6.59799573995392,10,nan,0,nan,nan,nan
3,0,init,False,3,1.5791575861932878,2.1073424255447017e-08,0.24354967217360451,1.115232313634725,50.09814652505192,4,1.4943202051199926,94,nan,nan,5.7789260660438275,8,nan,0,nan,nan,nan
3,0,init,False,4,1.2628620126326964,0.0,0.16950896581629626,0.9902355710827684,82.79149624132033,4,1.204873137523886,136,nan,nan,7.437269315357204,10,nan,0,nan,nan,nan
3,0,init,False,5,2.203884775882906,0.0,0.10451028839151918,1.6749614487151394,26.607861162891997,4,1.6151408514682852,50,nan,nan,2.8267201846873764,5,nan,0,nan,nan,nan
3,0,init,False,6,1.3474154075443938,0.0,0.21320513794625756,0.9864678493589868,22.494725083016796,4,1.6539183287774182,46,nan,nan,2.615243560051563,4,nan,0,nan,nan,nan
3,0,init,False,7,0.637017188984615,0.0,0.3707487381791445,0.6031598226075812,88.99898775563832,4,1.2111449125455207,139,nan,nan,9.682665901664583,13,nan,0,nan,nan,nan
3,0,init,False,8,1.1241654617540675,0.0,0.17177864712806812,0.9203420329676484,88.03765048272967,4,1.257016970154669,145,nan,nan,8.152211720119793,13,nan,0,nan,nan,nan
3,0,init,False,9,0.3160041946949852,0.0,0.4686036486010847,0.23123521902121053,108.0706132519012,4,1.2117144547233307,161,nan,nan,12.079669779619502,18,nan,0,nan,nan,nan
3,0,init,False,10,0.5495978082565923,1.4901161193847656e-08,0.42324479036028734,0.5960798006648088,39.635768704361176,4,1.524224254169316,70,nan,nan,3.537934644185022,6,nan,0,nan,nan,nan
3,0,init,False,11,1.145507073081825,0.0,0.33149742431484497,0.8515123938283693,53.50595265384432,4,1.3543931342986377,91,nan,nan,7.38593777801114,11,nan,0,nan,nan,nan
3,0,init,False,12,1.6167986815583852,2.1073424255447017e-08,0.1241686154860682,1.1627560541958475,35.30335441281399,4,1.470880390822856,74,nan,nan,2.9313321915881727,7,nan,0,nan,nan,nan
3,0,init,False,13,1.4957891254472597,2.1073424255447017e-08,0.23475545137318865,1.2212379390800372,37.83702709614994,4,1.514555800642806,63,nan,nan,2.803091225960861,3,nan,0,nan,nan,nan
3,0,init,False,14,1.2928729106443955,2.1073424255447017e-08,0.11101843678701802,1.025695678413242,59.557835607351116,4,1.3574636402010074,100,nan,nan,6.206718192376204,9,nan,0,nan,nan,nan
3,0,init,False,15,1.0821811863143032,2.1073424255447017e-08,0.077442052285507,0.9211732005257176,80.57983105058655,4,1.2621418675497373,123,nan,nan,7.850604467949541,13,nan,0,nan,nan,nan
3,0,init,False,16,2.2308898068401075,1.4901161193847656e-08,0.1483887015502241,1.6678017973001766,29.913116794190373,4,1.419443889218377,53,nan,nan,2.7772449603376677,3,nan,0,nan,nan,nan
3,0,init,False,17,0.9897997487825622,0.0,0.23025120718122502,0.7823522654289061,81.85760306373517,4,1.2668221508812167,130,nan,nan,8.856224368899573,12,nan,0,nan,nan,nan
3,0,init,False,18,0.5590769175905304,0.0,0.17919368873205777,0.5057778254642993,92.05003247630124,4,1.1697464886624773,143,nan,nan,9.3643968727245,15,nan,0,nan,nan,nan
3,0,init,False,19,0.3614042791791365,0.0,0.5443529209573507,0.4283663315382897,94.70932325003324,4,1.2914698356524905,147,nan,nan,10.537613697884298,15,nan,0,nan,nan,nan
3,0,init,False,20,1.1237436745120502,0.0,0.1506943399034853,0.8784531211345564,74.65822521997791,4,1.2522667698187906,126,nan,nan,6.4742167580679,10,nan,0,nan,nan,nan
3,0,init,False,21,0.48646786313588014,0.0,0.8470192076832614,0.3288886919527557,78.49371927859829,4,1.2956308258276654,125,nan,nan,9.434113855160204,15,nan,0,nan,nan,nan
3,0,init,False,22,1.1811721758476943,0.0,0.13474149447518272,0.7396946074727961,35.3537841656409,4,1.6002462899003156,65,nan,nan,2.340317431032207,3,nan,0,nan,nan,nan
3,0,init,False,23,0.5342055744252718,0.0,0.15393891255971237,0.5884220754114263,20.35954427838876,4,1.4853578680848185,45,nan,nan,1.6117748430731833,3,nan,0,nan,nan,nan
3,1,step,False,0,2.012293809437055,0.07157277043788983,0.08380084713341804,1.5402516091339595,37.93057280478205,4,1.3455784074471395,70,10.922416364615072,14.482454994206554,2.3987478743099753,5,0.3531354825853536,0,1.5615755036669832,1.0,2.813131324869904e-16
3,1,step,False,1,0.7367854000076806,0.5069673152258828,0.3033297504573349,0.6440423118210855,57.99527211735812,4,1.3382596057270464,106,15.010092051920687,22.83846301223448,4.319028570941812,7,0.262418702150939,0,1.5615755036669832,1.0,2.813131324869904e-16
3,1,step,False,2,0.6609735095724033,0.11986469246151166,0.38623699695226416,0.7646360036319266,63.15955652333682,4,1.3465946908914779,109,16.773240001704252,26.060001847395142,6.59799573995392,10,0.31487303854852927,0,1.5615755036669832,1.0,2.813131324869904e-16
3,1,step,False,3,1.5791575861932878,0.34584803816266474,0.24354967217360451,1.115232313634725,50.09814652505192,4,1.4943202051199926,94,14.899836431441516,19.76585011294503,5.7789260660438275,8,0.18259245601222918,0,1.5615755036669832,1.0,2.813131324869904e-16
3,1,step,False,4,1.2628620126326964,0.05684608493466112,0.16950896581629626,0.9902355710827684,82.79149624132033,4,1.204873137523886,136,30.000734778869607,41.36548508494214,7.437269315357204,10,0.22296999271925258,0,1.5615755036669832,1.0,2.813131324869904e-16
3,1,step,False,5,2.203884775882906,0.03336899393385345,0.10451028839151918,1.6749614487151394,26.607861162891997,4,1.6151408514682852,50,5.701010206032429,9.540497063668147,2.8267201846873764,5,0.17511897103862706,0,1.5615755036669832,1.0,2.813131324869904e-16
3,1,step,False,6,1.3474154075443938,0.13043286447629904,0.21320513794625756,0.9864678493589868,22.494725083016796,4,1.6539183287774182,46,5.15968537689842,8.178615756529265,2.615243560051563,4,0.1462247915100673,0,1.5615755036669832,1.0,2.813131324869904e-16
3,1,step,False,7,0.637017188984615,0.15287898264458363,0.3707487381791445,0.6031598226075812,88.99898775563832,4,1.2111449125455207,139,30.448542280750008,41.1574719300779,9.682665901664583,13,0.14454354375828346,0,1.5615755036669832,1.0,2.813131324869904e-16
3,1,step,False,8,1.1241654617540675,0.1371489694994163,0.17177864712806812,0.9203420329676484,88.03765048272967,4,1.257016970154669,145,29.053652846562443,41.683052171770576,8.152211720119793,13,0.2455470499619275,0,1.5615755036669832,1.0,2.813131324869904e-16
3,1,step,False,9,0.3160041946949852,0.13648132664222185,0.4686036486010847,0.23123521902121053,108.0706132519012,4,1.2117144547233307,161,42.8935622231798,58.530855301915764,12.079669779619502,18,0.21192436912623924,0,1.5615755036669832,1.0,2.813131324869904e-16
3,1,step,False,10,0.5495978082565923,0.10560254468116258,0.42324479036028734,0.5960798006648088,39.635768704361176,4,1.524224254169316,70,10.636952920369222,14.250463305950456,3.537934644185022,6,0.3010859148217711,0,1.5615755036669832,1.0,2.813131324869904e-16
3,1,step,False,11,1.145507073081825,0.22838008277940872,0.33149742431484497,0.8515123938283693,53.50595265384432,4,1.3543931342986377,91,16.987319016572748,22.422380618220046,7.38593777801114,11,0.1569115508078622,0,1.5615755036669832,1.0,2.813131324869904e-16
3,1,step,False,12,1.6167986815583852,0.15172978254498984,0.1241686154860682,1.1627560541958475,35.30335441281399,4,1.470880390822856,74,8.27525075068241,10.276580991030693,2.9313321915881727,7,0.23561973210040404,0,1.5615755036669832,1.0,2.813131324869904e-16
3,1,step,False,13,1.4957891254472597,0.02147299618179381,0.23475545137318865,1.2212379390800372,37.83702709614994,4,1.514555800642806,63,14.486518135238502,20.3996384800186,2.803091225960861,3,0.26053899336491176,0,1.5615755036669832,1.0,2.813131324869904e-16
3,1,step,False,14,1.2928729106443955,0.45292503358270275,0.11101843678701802,1.025695678413242,59.557835607351116,4,1.3574636402010074,100,21.64276409526105,30.36216966529646,6.206718192376204,9,0.24772337981592338,0,1.5615755036669832,1.0,2.813131324869904e-16
3,1,step,False,15,1.0821811863143032,0.13651371764074388,0.077442052285507,0.9211732005257176,80.57983105058655,4,1.2621418675497373,123,30.556319088868502,43.483785732213775,7.850604467949541,13,0.10641300960692426,0,1.5615755036669832,1.0,2.813131324869904e-16
3,1,step,False,16,2.2308898068401075,0.08202608145864047,0.1483887015502241,1.6678017973001766,29.913116794190373,4,1.419443889218377,53,9.17412241406408,12.544210845162215,2.7772449603376677,3,0.25034429645649514,0,1.5615755036669832,1.0,2.813131324869904e-16
3,1,step,False,17,0.9897997487825622,0.10103958435701148,0.23025120718122502,0.7823522654289061,81.85760306373517,4,1.2668221508812167,130,29.688235730993995,42.488633301819924,8.856224368899573,12,0.15352534297303103,0,1.5615755036669832,1.0,2.813131324869904e-16
3,1,step,False,18,0.5590769175905304,0.16381210213096625,0.17919368873205777,0.5057778254642993,92.05003247630124,4,1.1697464886624773,143,34.46379207333563,47.075097607185626,9.3643968727245,15,0.27125616615298226,0,1.5615755036669832,1.0,2.813131324869904e-16
3,1,step,False,19,0.3614042791791365,0.2806714289772078,0.5443529209573507,0.4283663315382897,94.70932325003324,4,1.2914698356524905,147,32.555472275433054,45.326689933314725,10.537613697884298,15,0.2893873185885152,0,1.5615755036669832,1.0,2.813131324869904e-16
3,1,step,False,20,1.1237436745120502,0.11040444934800166,0.1506943399034853,0.8784531211345564,74.65822521997791,4,1.2522667698187906,126,29.580320927251453,39.15800024600011,6.4742167580679,10,0.2575675298095879,0,1.5615755036669832,1.0,2.813131324869904e-16
3,1,step,False,21,0.48646786313588014,0.045469000196016664,0.8470192076832614,0.3288886919527557,78.49371927859829,4,1.2956308258276654,125,26.417901366606994,36.81208911139034,9.434113855160204,15,0.029490600289560607,0,1.5615755036669832,1.0,2.813131324869904e-16
3,1,step,False,22,1.1811721758476943,0.10006098536465059,0.13474149447518272,0.7396946074727961,35.3537841656409,4,1.6002462899003156,65,10.049682712382431,14.14525421403489,2.340317431032207,3,0.3382323099467393,0,1.5615755036669832,1.0,2.813131324869904e-16
3,1,step,False,23,0.5342055744252718,0.2439798386302784,0.15393891255971237,0.5884220754114263,20.35954427838876,4,1.4853578680848185,45,4.6225759309657,5.500069281013567,1.6117748430731833,3,0.03537029167869883,0,1.5615755036669832,1.0,2.813131324869904e-16
3,2,step,False,0,2.012293809437055,0.11107336756016489,0.08380084713341804,1.5402516091339595,37.93057280478205,4,1.3455784074471395,70,10.06700560619695,13.442791278207213,2.3987478743099753,5,0.22418990600894814,0,1.1042006279777221,0.6168496459722519,1.9829693537471947e-15
3,2,step,False,1,0.7367854000076806,0.37739358674085066,0.3033297504573349,0.6440423118210855,57.99527211735812,4,1.3382596057270464,106,15.194770094372096,22.891719095352492,4.319028570941812,7,0.12749172470836237,0,1.1042006279777221,0.6168496459722519,1.9829693537471947e-15
3,2,step,False,2,0.6609735095724033,0.2768390614058021,0.38623699695226416,0.7646360036319266,63.15955652333682,4,1.3465946908914779,109,14.519234360579292,21.98159401764176,6.59799573995392,10,0.21166508832201042,0,1.1042006279777221,0.6168496459722519,1.9829693537471947e-15
3,2,step,False,3,1.5791575861932878,0.41530778240652105,0.24354967217360451,1.115232313634725,50.09814652505192,4,1.4943202051199926,94,14.575365341229148,19.279928326572534,5.7789260660438275,8,0.1652563504315274,0,1.1042006279777221,0.6168496459722519,1.9829693537471947e-15
3,2,step,False,4,1.2628620126326964,0.08755542304024337,0.16950896581629626,0.9902355710827684,82.79149624132033,4,1.204873137523886,136,28.260572749857854,36.43533030929144,7.437269315357204,10,0.17490817729154395,0,1.1042006279777221,0.6168496459722519,1.9829693537471947e-15
3,2,step,False,5,2.203884775882906,0.08103811035753436,0.10451028839151918,1.6749614487151394,26.607861162891997,4,1.6151408514682852,50,5.063353169914564,7.44645578033898,2.8267201846873764,5,0.15989773143213895,0,1.1042006279777221,0.6168496459722519,1.9829693537471947e-15
3,2,step,False,6,1.3474154075443938,0.08149227279570408,0.21320513794625756,0.9864678493589868,22.494725083016796,4,1.6539183287774182,46,6.886586543889861,10.19070489532703,2.615243560051563,4,0.14161990295854054,0,1.1042006279777221,0.6168496459722519,1.9829693537471947e-15
3,2,step,False,7,0.637017188984615,0.19097294531003758,0.3707487381791445,0.6031598226075812,88.99898775563832,4,1.2111449125455207,139,31.219409969975587,43.85995435301379,9.682665901664583,13,0.15071750938696077,0,1.1042006279777221,0.6168496459722519,1.9829693537471947e-15
3,2,step,False,8,1.1241654617540675,0.09913425054934955,0.17177864712806812,0.9203420329676484,88.03765048272967,4,1.257016970154669,145,28.93285538176165,39.14623214908283,8.152211720119793,13,0.22771268759894284,0,1.1042006279777221,0.6168496459722519,1.9829693537471947e-15
3,2,step,False,9,0.3160041946949852,0.3553357407778254,0.4686036486010847,0.23123521902121053,108.0706132519012,4,1.2117144547233307,161,44.38983170621731,59.053761237092296,12.079669779619502,18,0.15128164542903388,0,1.1042006279777221,0.6168496459722519,1.9829693537471947e-15
3,2,step,False,10,0.5495978082565923,0.16845498340067705,0.42324479036028734,0.5960798006648088,39.635768704361176,4,1.524224254169316,70,13.454058336095914,19.18884759004313,3.537934644185022,6,0.22432318661378153,0,1.1042006279777221,0.6168496459722519,1.9829693537471947e-15
3,2,step,False,11,1.145507073081825,0.19624475306311637,0.33149742431484497,0.8515123938283693,53.50595265384432,4,1.3543931342986377,91,17.719390423395673,24.079151789337043,7.38593777801114,11,0.1652942065449781,0,1.1042006279777221,0.6168496459722519,1.9829693537471947e-15
3,2,step,False,12,1.6167986815583852,0.39092730588974794,0.1241686154860682,1.1627560541958475,35.30335441281399,4,1.470880390822856,74,7.725114722423168,10.015949570913847,2.9313321915881727,7,0.15248889965111986,0,1.1042006279777221,0.6168496459722519,1.9829693537471947e-15
3,2,step,False,13,1.4957891254472597,0.05619295736578153,0.23475545137318865,1.2212379390800372,37.83702709614994,4,1.514555800642806,63,12.576112223766735,17.52605752304397,2.803091225960861,3,0.2198078606212068,0,1.1042006279777221,0.6168496459722519,1.9829693537471947e-15
3,2,step,False,14,1.2928729106443955,0.2525353388832973,0.11101843678701802,1.025695678413242,59.557835607351116,4,1.3574636402010074,100,20.703523618723853,26.925948184899386,6.206718192376204,9,0.1909504593114116,0,1.1042006279777221,0.6168496459722519,1.9829693537471947e-15
3,2,step,False,15,1.0821811863143032,0.05432209875993086,0.077442052285507,0.9211732005257176,80.57983105058655,4,1.2621418675497373,123,30.83726110894462,41.64100395077281,7.850604467949541,13,0.2510468918991026,0,1.1042006279777221,0.6168496459722519,1.9829693537471947e-15
3,2,step,False,16,2.2308898068401075,0.12510440161930225,0.1483887015502241,1.6678017973001766,29.913116794190373,4,1.419443889218377,53,6.970244588096403,9.459353717518121,2.7772449603376677,3,0.20689029629324485,0,1.1042006279777221,0.6168496459722519,1.9829693537471947e-15
3,2,step,False,17,0.9897997487825622,0.15751083297700852,0.23025120718122502,0.7823522654289061,81.85760306373517,4,1.2668221508812167,130,27.634615350350405,38.565466668695244,8.856224368899573,12,0.12699649942743033,0,1.1042006279777221,0.6168496459722519,1.9829693537471947e-15
3,2,step,False,18,0.5590769175905304,0.15613343403228006,0.17919368873205777,0.5057778254642993,92.05003247630124,4,1.1697464886624773,143,34.58907603506144,48.8442108211331,9.3643968727245,15,0.22218025970171099,0,1.1042006279777221,0.6168496459722519,1.9829693537471947e-15
3,2,step,False,19,0.3614042791791365,0.35765948724183544,0.5443529209573507,0.4283663315382897,94.70932325003324,4,1.2914698356524905,147,31.81794101051719,44.60830526753239,10.537613697884298,15,0.20185364414311022,0,1.1042006279777221,0.6168496459722519,1.9829693537471947e-15
3,2,step,False,20,1.1237436745120502,0.05424410284338788,0.1506943399034853,0.8784531211345564,74.65822521997791,4,1.2522667698187906,126,30.242054392261746,41.93790440875032,6.4742167580679,10,0.18326520546412173,0,1.1042006279777221,0.6168496459722519,1.9829693537471947e-15
3,2,step,False,21,0.48646786313588014,0.09419818843758582,0.8470192076832614,0.3288886919527557,78.49371927859829,4,1.2956308258276654,125,29.289708207872327,40.9969123947224,9.434113855160204,15,0.030734652498080415,0,1.1042006279777221,0.6168496459722519,1.9829693537471947e-15
3,2,step,False,22,1.1811721758476943,0.1569407693223783,0.13474149447518272,0.7396946074727961,35.3537841656409,4,1.6002462899003156,65,10.63133026405575,15.878881395675478,2.340317431032207,3,0.18246048992790115,0,1.1042006279777221,0.6168496459722519,1.9829693537471947e-15
3,2,step,False,23,0.5342055744252718,0.23646062593525757,0.15393891255971237,0.5884220754114263,20.35954427838876,4,1.4853578680848185,45,6.700597324591116,9.009708776600846,1.6117748430731833,3,0.05595174307976095,0,1.1042006279777221,0.6168496459722519,1.9829693537471947e-15
3,3,step,False,0,2.012293809437055,0.1161043361986151,0.08380084713341804,1.5402516091339595,37.93057280478205,4,1.3455784074471395,70,8.77887825931718,11.245663157057168,2.3987478743099753,5,0.2495419807958833,0,0.7807877518334915,0.374996617436409,2.7040397642762706e-14
3,3,step,False,1,0.7367854000076806,0.30028986362037796,0.3033297504573349,0.6440423118210855,57.99527211735812,4,1.3382596057270464,106,14.572125822230003,21.33620599430746,4.319028570941812,7,0.1490803507245439,0,0.7807877518334915,0.374996617436409,2.7040397642762706e-14
3,3,step,False,2,0.6609735095724033,0.4437764677604057,0.38623699695226416,0.7646360036319266,63.15955652333682,4,1.3465946908914779,109,16.851999150390196,25.2046706395038,6.59799573995392,10,0.06902838166412863,0,0.7807877518334915,0.374996617436409,2.7040397642762706e-14
3,3,step,False,3,1.5791575861932878,0.14680640879076284,0.24354967217360451,1.115232313634725,50.09814652505192,4,1.4943202051199926,94,15.340903775728956,20.243152591088712,5.7789260660438275,8,0.07380031482526234,0,0.7807877518334915,0.374996617436409,2.7040397642762706e-14
3,3,step,False,4,1.2628620126326964,0.02694448766090479,0.16950896581629626,0.9902355710827684,82.79149624132033,4,1.204873137523886,136,28.40459324760524,35.23111459647686,7.437269315357204,10,0.09700017046056762,0,0.7807877518334915,0.374996617436409,2.7040397642762706e-14
3,3,step,False,5,2.203884775882906,0.09821234203149908,0.10451028839151918,1.6749614487151394,26.607861162891997,4,1.6151408514682852,50,4.734942915121757,6.3884339956048874,2.8267201846873764,5,0.11743975323813237,0,0.7807877518334915,0.374996617436409,2.7040397642762706e-14
3,3,step,False,6,1.3474154075443938,0.08237960069860312,0.21320513794625756,0.9864678493589868,22.494725083016796,4,1.6539183287774182,46,8.208013027018117,11.060558953508478,2.615243560051563,4,0.09749557385524035,0,0.7807877518334915,0.374996617436409,2.7040397642762706e-14
3,3,step,False,7,0.637017188984615,0.07496965377268051,0.3707487381791445,0.6031598226075812,88.99898775563832,4,1.2111449125455207,139,30.486135176766766,41.768404543737056,9.682665901664583,13,0.09624500826419005,0,0.7807877518334915,0.374996617436409,2.7040397642762706e-14
3,3,step,False,8,1.1241654617540675,0.14454435262337698,0.17177864712806812,0.9203420329676484,88.03765048272967,4,1.257016970154669,145,30.398491157023,41.689093614176336,8.152211720119793,13,0.15581661685033338,0,0.7807877518334915,0.374996617436409,2.7040397642762706e-14
3,3,step,False,9,0.3160041946949852,0.2587629572045452,0.4686036486010847,0.23123521902121053,108.0706132519012,4,1.2117144547233307,161,46.88949435033907,60.276895426533414,12.079669779619502,18,0.11831379393151764,0,0.7807877518334915,0.374996617436409,2.7040397642762706e-14
3,3,step,False,10,0.5495978082565923,0.1442260007697524,0.42324479036028734,0.5960798006648088,39.635768704361176,4,1.524224254169316,70,16.30344083929659,23.39538546625263,3.537934644185022,6,0.12132740446408367,0,0.7807877518334915,0.374996617436409,2.7040397642762706e-14
3,3,step,False,11,1.145507073081825,0.12016744121369195,0.33149742431484497,0.8515123938283693,53.50595265384432,4,1.3543931342986377,91,16.37583213797433,22.133691807060494,7.38593777801114,11,0.12733457120361918,0,0.7807877518334915,0.374996617436409,2.7040397642762706e-14
3,3,step,False,12,1.6167986815583852,0.22946098890794228,0.1241686154860682,1.1627560541958475,35.30335441281399,4,1.470880390822856,74,9.121819885052547,14.011449532197338,2.931332191588173,7,0.07784813315340634,0,0.7807877518334915,0.374996617436409,2.7040397642762706e-14
3,3,step,False,13,1.4957891254472597,0.06878260916326066,0.23475545137318865,1.2212379390800372,37.83702709614994,4,1.514555800642806,63,10.595142447917949,13.9987526439557,2.803091225960861,3,0.15772970961602262,0,0.7807877518334915,0.374996617436409,2.7040397642762706e-14
3,3,step,False,14,1.2928729106443955,0.3415969397313227,0.11101843678701802,1.025695678413242,59.557835607351116,4,1.3574636402010074,100,18.06783397980603,22.99642392164969,6.206718192376204,9,0.1198135220384797,0,0.7807877518334915,0.374996617436409,2.7040397642762706e-14
3,3,step,False,15,1.0821811863143032,0.022145036215284474,0.077442052285507,0.9211732005257176,80.57983105058655,4,1.2621418675497373,123,29.333021294952143,37.631566561572555,7.850604467949541,13,0.1376512938680763,0,0.7807877518334915,0.374996617436409,2.7040397642762706e-14
3,3,step,False,16,2.2308898068401075,0.14670425311641805,0.1483887015502241,1.6678017973001766,29.913116794190373,4,1.419443889218377,53,5.359310864380972,7.451510775124804,2.7772449603376677,3,0.15283019862591013,0,0.7807877518334915,0.374996617436409,2.7040397642762706e-14
3,3,step,False,17,0.9897997487825622,0.07042211337224079,0.23025120718122502,0.7823522654289061,81.85760306373517,4,1.2668221508812167,130,26.455229465374103,35.046112610897666,8.856224368899573,12,0.11000016916381698,0,0.7807877518334915,0.374996617436409,2.7040397642762706e-14
3,3,step,False,18,0.5590769175905304,0.1726437362608205,0.17919368873205777,0.5057778254642993,92.05003247630124,4,1.1697464886624773,143,34.82694637335694,48.61676328543457,9.3643968727245,15,0.13466862783283023,0,0.7807877518334915,0.374996617436409,2.7040397642762706e-14
3,3,step,False,19,0.3614042791791365,0.3791696682838654,0.5443529209573507,0.4283663315382897,94.70932325003324,4,1.2914698356524905,147,31.023665424628796,44.51236470828503,10.537613697884298,15,0.13110260320105951,0,0.7807877518334915,0.374996617436409,2.7040397642762706e-14
3,3,step,False,20,1.1237436745120502,0.10544056933717938,0.1506943399034853,0.8784531211345564,74.65822521997791,4,1.2522667698187906,126,27.617360214470505,38.470172332152714,6.4742167580679,10,0.15421649003899374,0,0.7807877518334915,0.374996617436409,2.7040397642762706e-14
3,3,step,False,21,0.48646786313588014,0.050117084088314216,0.8470192076832614,0.3288886919527557,78.49371927859829,4,1.2956308258276654,125,31.238135314573228,42.016233267638,9.434113855160204,15,0.09155159149687635,0,0.7807877518334915,0.374996617436409,2.7040397642762706e-14
3,3,step,False,22,1.1811721758476943,0.0335480933249959,0.13474149447518272,0.7396946074727961,35.3537841656409,4,1.6002462899003156,65,10.65512656523595,18.012272896453528,2.340317431032207,3,0.12935382776505944,0,0.7807877518334915,0.374996617436409,2.7040397642762706e-14
3,3,step,False,23,0.5342055744252718,0.3353346320173675,0.15393891255971237,0.5884220754114263,20.35954427838876,4,1.4853578680848185,45,8.361577977753686,11.45315939946494,1.6117748430731833,3,0.13647206478237855,0,0.7807877518334915,0.374996617436409,2.7040397642762706e-14
4,0,init,False,0,0.7314387939142174,0.0,0.5073575779719194,0.3488720987583121,44.639233131341264,4,1.4717034210320197,80,nan,nan,6.743486723225711,11,nan,0,nan,nan,nan
4,0,init,False,1,0.1901008407877457,2.1073424255447017e-08,0.8060556090402555,0.1562697109825038,95.16254019214296,4,1.1874728407876145,152,nan,nan,5.922904203663682,8,nan,0,nan,nan,nan
4,0,init,False,2,1.441147482065505,2.1073424255447017e-08,0.09893059557084266,0.875115265500899,70.04878199399387,4,1.2364578866533147,111,nan,nan,6.939691096062599,11,nan,0,nan,nan,nan
4,0,init,False,3,0.767155368090763,1.4901161193847656e-08,0.39211122835536594,0.3000681300408479,100.75550557741175,4,1.2565369514170905,162,nan,nan,9.798507407639029,16,nan,0,nan,nan,nan
4,0,init,False,4,0.5621501343069247,0.0,0.10521224533694302,0.31103520024761433,89.49245843116506,4,1.1743079759427548,143,nan,nan,4.9363596942161205,7,nan,0,nan,nan,nan
4,0,init,False,5,1.741348863480143,2.5809568279517847e-08,0.13551876239308314,1.0518740386369914,46.93688532852703,4,1.300178936994807,78,nan,nan,4.330237583719368,7,nan,0,nan,nan,nan
4,0,init,False,6,1.1638828463724025,1.4901161193847656e-08,0.06289977297936399,0.622028426472157,73.73652846831166,4,1.3447438919268,122,nan,nan,5.2558948172297475,8,nan,0,nan,nan,nan
4,0,init,False,7,2.6451436560886648,0.0,0.07602073873092775,1.546293103374471,13.3769927683865,4,1.5612099688142451,29,nan,nan,1.8547885538293745,3,nan,0,nan,nan,nan
4,0,init,False,8,1.1773111634983904,0.0,0.23291791713110763,0.7933264009229355,64.15268601527599,4,1.229517982047906,102,nan,nan,9.35280183875865,14,nan,0,nan,nan,nan
4,0,init,False,9,2.021911938662873,0.0,0.03730169591404009,1.2721400504958391,18.556817078819357,4,1.3693512604865345,39,nan,nan,2.126737249611038,3,nan,0,nan,nan,nan
4,0,init,False,10,1.5164206506624354,0.0,0.13808931204054878,0.8302204335831187,46.70874174669558,4,1.527742603416708,79,nan,nan,4.745877672200862,8,nan,0,nan,nan,nan
4,0,init,False,11,1.7873261353014271,2.1073424255447017e-08,0.26528785634809443,1.126051849928676,57.084695115331876,4,1.5808953940501442,96,nan,nan,4.722580352927004,10,nan,0,nan,nan,nan
4,0,init,False,12,0.4960937291639991,0.0,0.4108634612164743,0.3111488363554541,63.6783197134603,4,1.3589012809914252,108,nan,nan,6.920889897012751,12,nan,0,nan,nan,nan
4,0,init,False,13,0.7733730741862967,0.0,0.25563087505352156,0.451534386767639,66.83403132970636,4,1.329152171362885,115,nan,nan,7.397742050815116,12,nan,0,nan,nan,nan
4,0,init,False,14,1.2441028283176079,0.0,0.08698193174574825,0.7674945914542526,58.061725957454186,4,1.2633188937440742,98,nan,nan,6.996872352729445,11,nan,0,nan,nan,nan
4,0,init,False,15,1.020636180189332,1.4901161193847656e-08,0.06380384431239458,0.6787413011425951,58.51959310555104,4,1.2981172287303016,108,nan,nan,6.89146983461789,10,nan,0,nan,nan,nan
4,0,init,False,16,0.6465795769665226,0.0,0.44473672083792226,0.3681701844501494,97.89745695364742,4,1.2003166810382462,147,nan,nan,8.645421951049213,14,nan,0,nan,nan,nan
4,0,init,False,17,1.3800791253006297,0.0,0.3454219447144979,0.7570265018045935,48.80763556737149,4,1.4697516896109295,86,nan,nan,6.581611878102242,13,nan,0,nan,nan,nan
4,0,init,False,18,1.9545733255213382,0.0,0.17340324924760217,1.3881731250162486,7.853191170770043,4,1.7569804946433485,22,nan,nan,1.0,1,nan,0,nan,nan,nan
4,0,init,False,19,0.8642655972196809,0.0,0.03665801877604915,0.45671670486002897,61.87620529710102,4,1.340721252836389,104,nan,nan,5.866067768560746,8,nan,0,nan,nan,nan
4,0,init,False,20,0.4015157065634968,1.4901161193847656e-08,0.735242077860848,0.23255373067413956,32.3597539167309,4,1.4465041377328534,59,nan,nan,3.404123656911282,4,nan,0,nan,nan,nan
4,0,init,False,21,1.0339699688965198,1.4901161193847656e-08,0.12056576519138043,0.6144482949458159,110.95355214142103,4,1.16420689553413,158,nan,nan,9.592316020442885,14,nan,0,nan,nan,nan
4,0,init,False,22,0.8323167227644012,1.4901161193847656e-08,0.13164829101919223,0.5634638051950027,28.29923000992318,4,1.2823286814629669,48,nan,nan,4.825125902989847,7,nan,0,nan,nan,nan
4,0,init,False,23,0.6269417020834565,0.0,0.38204053994893644,0.33682594423068674,84.20743898946,4,1.3641352759470966,132,nan,nan,9.148491493685366,16,nan,0,nan,nan,nan
4,1,step,False,0,0.7314387939142174,0.3345515213416349,0.5073575779719194,0.3488720987583121,44.639233131341264,4,1.4717034210320197,80,10.867840800094928,16.34553838528442,6.743486723225711,11,0.33176131014042887,0,1.5893452000177961,1.0,3.493839208686212e-16
4,1,step,False,1,0.1901008407877457,0.22323201482156216,0.8060556090402555,0.1562697109825038,95.16254019214296,4,1.1874728407876145,152,30.42662057704763,44.156256981023,5.922904203663682,8,0.22820756935862685,0,1.5893452000177961,1.0,3.493839208686212e-16
4,1,step,False,2,1.441147482065505,0.33925011345148065,0.09893059557084266,0.875115265500899,70.04878199399387,4,1.2364578866533147,111,21.88223548020074,29.81173253236193,6.939691096062599,11,0.2317340243264056,0,1.5893452000177961,1.0,3.493839208686212e-16
4,1,step,False,3,0.767155368090763,0.1067595679497058,0.39211122835536594,0.3000681300408479,100.75550557741175,4,1.2565369514170905,162,36.94905793727604,50.487823389069,9.798507407639029,16,0.25983707349892254,0,1.5893452000177961,1.0,3.493839208686212e-16
4,1,step,False,4,0.5621501343069247,0.48377805323593603,0.10521224533694302,0.31103520024761433,89.49245843116506,4,1.1743079759427548,143,35.40288280778162,49.32900839808475,4.9363596942161205,7,0.2244715102345703,0,1.5893452000177961,1.0,3.493839208686212e-16
4,1,step,False,5,1.741348863480143,0.17099639182847587,0.13551876239308314,1.0518740386369914,46.93688532852703,4,1.300178936994807,78,14.18712793226074,20.63637407450372,4.330237583719368,7,0.3261581805293454,0,1.5893452000177961,1.0,3.493839208686212e-16
4,1,step,False,6,1.1638828463724025,0.12463753960827775,0.06289977297936399,0.622028426472157,73.73652846831166,4,1.3447438919268,122,27.282808259752084,37.815597881797714,5.2558948172297475,8,0.23482026584266905,0,1.5893452000177961,1.0,3.493839208686212e-16
4,1,step,False,7,2.6451436560886648,0.0912447657148594,0.07602073873092775,1.546293103374471,13.3769927683865,4,1.5612099688142451,29,2.6389656743092327,3.812855159915729,1.8547885538293745,3,0.35620343482932204,0,1.5893452000177961,1.0,3.493839208686212e-16
4,1,step,False,8,1.1773111634983904,0.0961187523792761,0.23291791713110763,0.7933264009229355,64.15268601527599,4,1.229517982047906,102,22.14512891317337,30.00529150549333,9.35280183875865,14,0.14416369134696017,0,1.5893452000177961,1.0,3.493839208686212e-16
4,1,step,False,9,2.021911938662873,0.21128790362417887,0.03730169591404009,1.2721400504958391,18.556817078819357,4,1.3693512604865345,39,4.501621848275079,5.600855680845511,2.126737249611038,3,0.15342948807754075,0,1.5893452000177961,1.0,3.493839208686212e-16
4,1,step,False,10,1.5164206506624354,0.05931471377852211,0.13808931204054878,0.8302204335831187,46.70874174669558,4,1.527742603416708,79,15.88586239200536,23.671434326590305,4.745877672200862,8,0.23803232517874817,0,1.5893452000177961,1.0,3.493839208686212e-16
4,1,step,False,11,1.7873261353014271,0.3028162262821899,0.26528785634809443,1.126051849928676,57.084695115331876,4,1.5808953940501442,96,16.934463209239592,24.277678458123926,4.722580352927004,10,0.2201551945791138,0,1.5893452000177961,1.0,3.493839208686212e-16
4,1,step,False,12,0.4960937291639991,0.1396488379691616,0.4108634612164743,0.3111488363554541,63.6783197134603,4,1.3589012809914252,108,18.425165416187124,25.54088599863783,6.920889897012751,12,0.24340610257081585,0,1.5893452000177961,1.0,3.493839208686212e-16
4,1,step,False,13,0.7733730741862967,0.17766491613949525,0.25563087505352156,0.451534386767639,66.83403132970636,4,1.329152171362885,115,18.09668162674781,27.251058628448416,7.397742050815116,12,0.21965775044101268,0,1.5893452000177961,1.0,3.493839208686212e-16
4,1,step,False,14,1.2441028283176079,0.5108115922182469,0.08698193174574825,0.7674945914542526,58.061725957454186,4,1.2633188937440742,98,18.681311522456305,25.606853720183594,6.996872352729445,11,0.27930297798086984,0,1.5893452000177961,1.0,3.493839208686212e-16
4,1,step,False,15,1.020636180189332,0.25655474001621864,0.06380384431239458,0.6787413011425951,58.51959310555104,4,1.2981172287303016,108,16.919473306581814,25.11235260271079,6.89146983461789,10,0.25330658080620727,0,1.5893452000177961,1.0,3.493839208686212e-16
4,1,step,False,16,0.6465795769665226,0.14802467923392643,0.44473672083792226,0.3681701844501494,97.89745695364742,4,1.2003166810382462,147,36.715597490790174,52.64884482421617,8.645421951049213,14,0.22898485487993567,0,1.5893452000177961,1.0,3.493839208686212e-16
4,1,step,False,17,1.3800791253006297,0.07451884212896705,0.3454219447144979,0.7570265018045935,48.80763556737149,4,1.4697516896109295,86,13.735150674123815,18.06236898152559,6.581611878102242,13,0.1284518631316737,0,1.5893452000177961,1.0,3.493839208686212e-16
4,1,step,False,18,1.9545733255213382,0.0,0.17340324924760217,1.3881731250162486,7.853191170770043,4,1.7569804946433485,22,1.323810857228164,1.5861607274659202,1.0,1,0.4575839505619306,0,1.5893452000177961,1.0,3.493839208686212e-16
4,1,step,False,19,0.8642655972196809,0.5300224275151377,0.03665801877604915,0.45671670486002897,61.87620529710102,4,1.340721252836389,104,21.447002476224277,28.496418702030272,5.866067768560746,8,0.24589153297050728,0,1.5893452000177961,1.0,3.493839208686212e-16
4,1,step,False,20,0.4015157065634968,0.11891984806690144,0.735242077860848,0.23255373067413956,32.3597539167309,4,1.4465041377328534,59,8.713449693383566,13.394106441929836,3.404123656911282,4,0.23458398733011945,0,1.5893452000177961,1.0,3.493839208686212e-16
4,1,step,False,21,1.0339699688965198,0.16220635591509935,0.12056576519138043,0.6144482949458159,110.95355214142103,4,1.16420689553413,158,47.440106444905595,65.38818605400166,9.592316020442885,14,0.25285204619252305,0,1.5893452000177961,1.0,3.493839208686212e-16
4,1,step,False,22,0.8323167227644012,0.3551449855518588,0.13164829101919223,0.5634638051950027,28.29923000992318,4,1.2823286814629669,48,9.93844657111371,14.007689025494434,4.825125902989847,7,0.3381286539579527,0,1.5893452000177961,1.0,3.493839208686212e-16
4,1,step,False,23,0.6269417020834565,0.18904930430745764,0.38204053994893644,0.33682594423068674,84.20743898946,4,1.3641352759470966,132,29.45918808884126,41.345521551778255,9.148491493685366,16,0.26598356701145387,0,1.5893452000177961,1.0,3.493839208686212e-16
4,2,step,False,0,0.7314387939142174,0.3798342896810675,0.5073575779719194,0.3488720987583121,44.639233131341264,4,1.4717034210320197,80,12.701745110383985,19.012110457438173,6.743486723225711,11,0.23925425823225902,0,1.1238367685788733,0.6248682141304016,4.3866088183173966e-16
4,2,step,False,1,0.1901008407877457,0.13381276623563648,0.8060556090402555,0.1562697109825038,95.16254019214296,4,1.1874728407876145,152,30.42214326313209,41.917277874550734,5.922904203663682,8,0.14159486015389836,0,1.1238367685788733,0.6248682141304016,4.3866088183173966e-16
4,2,step,False,2,1.441147482065505,0.21416283894485283,0.09893059557084266,0.875115265500899,70.04878199399387,4,1.2364578866533147,111,23.891039215943135,32.53191404618837,6.939691096062599,11,0.14813253107866445,0,1.1238367685788733,0.6248682141304016,4.3866088183173966e-16
4,2,step,False,3,0.767155368090763,0.06627148004356459,0.39211122835536594,0.3000681300408479,100.75550557741175,4,1.2565369514170905,162,36.394834167240425,49.90356150450596,9.798507407639029,16,0.1543627128092786,0,1.1238367685788733,0.6248682141304016,4.3866088183173966e-16
4,2,step,False,4,0.5621501343069247,0.6016505079750444,0.10521224533694302,0.31103520024761433,89.49245843116506,4,1.1743079759427548,143,34.83840099256816,49.4992439903958,4.9363596942161205,7,0.1418179445081495,0,1.1238367685788733,0.6248682141304016,4.3866088183173966e-16
4,2,step,False,5,1.741348863480143,0.14696892822478086,0.13551876239308314,1.0518740386369914,46.93688532852703,4,1.300178936994807,78,11.054254844132233,15.016867462556394,4.330237583719368,7,0.21732190352133643,0,1.1238367685788733,0.6248682141304016,4.3866088183173966e-16
4,2,step,False,6,1.1638828463724025,0.1735835764300354,0.06289977297936399,0.622028426472157,73.73652846831166,4,1.3447438919268,122,28.710854763725077,38.79033659018527,5.2558948172297475,8,0.14649544901489242,0,1.1238367685788733,0.6248682141304016,4.3866088183173966e-16
4,2,step,False,7,2.6451436560886648,0.08866747658523827,0.07602073873092775,1.546293103374471,13.3769927683865,4,1.5612099688142451,29,1.5785524413704974,1.8669251565052045,1.8547885538293745,3,0.29487560979901,0,1.1238367685788733,0.6248682141304016,4.3866088183173966e-16
4,2,step,False,8,1.1773111634983904,0.08917406424537026,0.23291791713110763,0.7933264009229355,64.15268601527599,4,1.229517982047906,102,22.229340610569235,29.195145217459675,9.35280183875865,14,0.17576773595085554,0,1.1238367685788733,0.6248682141304016,4.3866088183173966e-16
4,2,step,False,9,2.021911938662873,0.20989890593768967,0.03730169591404009,1.2721400504958391,18.556817078819357,4,1.3693512604865345,39,4.088613026883112,4.780518921676321,2.126737249611038,3,0.17283940314037333,0,1.1238367685788733,0.6248682141304016,4.3866088183173966e-16
4,2,step,False,10,1.5164206506624354,0.05646914262774801,0.13808931204054878,0.8302204335831187,46.70874174669558,4,1.527742603416708,79,14.366481556203555,21.5609444282354,4.745877672200862,8,0.16276311694524873,0,1.1238367685788733,0.6248682141304016,4.3866088183173966e-16
4,2,step,False,11,1.7873261353014271,0.3761818786674942,0.26528785634809443,1.126051849928676,57.084695115331876,4,1.5808953940501442,96,14.188959171005493,20.857259763711493,4.722580352927004,10,0.14569177787584323,0,1.1238367685788733,0.6248682141304016,4.3866088183173966e-16
4,2,step,False,12,0.4960937291639991,0.14103677812891882,0.4108634612164743,0.3111488363554541,63.6783197134603,4,1.3589012809914252,108,19.194718942535346,26.391367861006405,6.920889897012751,12,0.17012426916152368,0,1.1238367685788733,0.6248682141304016,4.3866088183173966e-16
4,2,step,False,13,0.7733730741862967,0.0414797520273617,0.25563087505352156,0.451534386767639,66.83403132970636,4,1.329152171362885,115,21.41763455700982,34.54962157486966,7.397742050815116,12,0.16782062291682145,0,1.1238367685788733,0.6248682141304016,4.3866088183173966e-16
4,2,step,False,14,1.2441028283176079,0.546097101233424,0.08698193174574825,0.7674945914542526,58.061725957454186,4,1.2633188937440742,98,17.42401178784906,24.923167478823036,6.996872352729445,11,0.17071467762211914,0,1.1238367685788733,0.6248682141304016,4.3866088183173966e-16
4,2,step,False,15,1.020636180189332,0.08282251493842745,0.06380384431239458,0.6787413011425951,58.51959310555104,4,1.2981172287303016,108,17.6344730129823,24.480187981010413,6.89146983461789,10,0.15047844318440853,0,1.1238367685788733,0.6248682141304016,4.3866088183173966e-16
4,2,step,False,16,0.6465795769665226,0.09755045459225552,0.44473672083792226,0.3681701844501494,97.89745695364742,4,1.2003166810382462,147,37.19059184381949,51.85667803682686,8.645421951049213,14,0.20277202688144252,0,1.1238367685788733,0.6248682141304016,4.3866088183173966e-16
4,2,step,False,17,1.3800791253006297,0.06059988707068568,0.3454219447144979,0.7570265018045935,48.80763556737149,4,1.4697516896109295,86,12.445494112253344,16.642303962810317,6.581611878102242,13,0.1533790447755758,0,1.1238367685788733,0.6248682141304016,4.3866088183173966e-16
4,2,step,False,18,1.9545733255213382,0.0,0.17340324924760217,1.3881731250162486,7.853191170770043,4,1.7569804946433485,22,1.1975611317831607,1.3802797909140592,1.0,1,0.12043414488959131,0,1.1238367685788733,0.6248682141304016,4.3866088183173966e-16
4,2,step,False,19,0.8642655972196809,0.718826302871175,0.03665801877604915,0.45671670486002897,61.87620529710102,4,1.340721252836389,104,22.610621947685754,29.202947738874816,5.866067768560746,8,0.1732833257573821,0,1.1238367685788733,0.6248682141304016,4.3866088183173966e-16
4,2,step,False,20,0.4015157065634968,0.09990720302903086,0.735242077860848,0.23255373067413956,32.3597539167309,4,1.4465041377328534,59,10.224693707782821,14.687964150584849,3.404123656911282,4,0.13992384055164586,0,1.1238367685788733,0.6248682141304016,4.3866088183173966e-16
4,2,step,False,21,1.0339699688965198,0.06733176915465337,0.12056576519138043,0.6144482949458159,110.95355214142103,4,1.16420689553413,158,46.49379762599855,62.97784331317487,9.592316020442885,14,0.17110245782338063,0,1.1238367685788733,0.6248682141304016,4.3866088183173966e-16
4,2,step,False,22,0.8323167227644012,0.5416178425929091,0.13164829101919223,0.5634638051950027,28.29923000992318,4,1.2823286814629669,48,9.86136985276713,13.804201121657131,4.825125902989847,7,0.3176161334267915,0,1.1238367685788733,0.6248682141304016,4.3866088183173966e-16
4,2,step,False,23,0.6269417020834565,0.22094369423398263,0.38204053994893644,0.33682594423068674,84.20743898946,4,1.3641352759470966,132,29.8398176813812,42.856715529237114,9.148491493685366,16,0.1587849178931365,0,1.1238367685788733,0.6248682141304016,4.3866088183173966e-16
4,3,step,False,0,0.7314387939142174,0.5008027378507328,0.5073575779719194,0.3488720987583121,44.639233131341264,4,1.4717034210320197,80,15.132947341086673,22.504846636001048,6.743486723225711,11,0.08402506719864453,0,0.794672600008898,0.3785359114408493,2.978786911226234e-15
4,3,step,False,1,0.1901008407877457,0.03373797512873804,0.8060556090402555,0.1562697109825038,95.16254019214296,4,1.1874728407876145,152,31.954098090362667,44.588093271350516,5.922904203663682,8,0.12951582436209635,0,0.794672600008898,0.3785359114408493,2.978786911226234e-15
4,3,step,False,2,1.441147482065505,0.06734254488983597,0.09893059557084266,0.875115265500899,70.04878199399387,4,1.2364578866533147,111,23.76869346773524,32.28464465711578,6.939691096062599,11,0.14472726707989245,0,0.794672600008898,0.3785359114408493,2.978786911226234e-15
4,3,step,False,3,0.767155368090763,0.30499628894948794,0.39211122835536594,0.3000681300408479,100.75550557741175,4,1.2565369514170905,162,34.99205455457091,45.713685130986505,9.798507407639029,16,0.08559834348965523,0,0.794672600008898,0.3785359114408493,2.978786911226234e-15
4,3,step,False,4,0.5621501343069247,0.4929143277152807,0.10521224533694302,0.31103520024761433,89.49245843116506,4,1.1743079759427548,143,31.835208918745124,43.35674906054571,4.9363596942161205,7,0.0781291459499364,0,0.794672600008898,0.3785359114408493,2.978786911226234e-15
4,3,step,False,5,1.741348863480143,0.2668847674849488,0.13551876239308314,1.0518740386369914,46.93688532852703,4,1.300178936994807,78,8.79556948638917,11.502658415627941,4.330237583719368,7,0.13848773218127422,0,0.794672600008898,0.3785359114408493,2.978786911226234e-15
4,3,step,False,6,1.1638828463724025,0.0994748332113087,0.06289977297936399,0.622028426472157,73.73652846831166,4,1.3447438919268,122,29.666335897127535,38.92896824818073,5.2558948172297475,8,0.08992306151267858,0,0.794672600008898,0.3785359114408493,2.978786911226234e-15
4,3,step,False,7,2.6451436560886648,0.10861460264789631,0.07602073873092775,1.546293103374471,13.3769927683865,4,1.5612099688142451,29,1.0454092611373103,1.0906316397431073,1.8547885538293745,3,0.05009449542310945,0,0.794672600008898,0.3785359114408493,2.978786911226234e-15
4,3,step,False,8,1.1773111634983904,0.0693327346962311,0.23291791713110763,0.7933264009229355,64.15268601527599,4,1.229517982047906,102,23.191342711853125,30.594655963401024,9.35280183875865,14,0.1389148888560725,0,0.794672600008898,0.3785359114408493,2.978786911226234e-15
4,3,step,False,9,2.021911938662873,0.20414582387545405,0.03730169591404009,1.2721400504958391,18.556817078819357,4,1.3693512604865345,39,3.8813075940753756,4.784744745409234,2.126737249611038,3,0.18102757995165514,0,0.794672600008898,0.3785359114408493,2.978786911226234e-15
4,3,step,False,10,1.5164206506624354,0.08933416186329812,0.13808931204054878,0.8302204335831187,46.70874174669558,4,1.527742603416708,79,13.040860264977955,17.113652508502884,4.745877672200862,8,0.10883978273360505,0,0.794672600008898,0.3785359114408493,2.978786911226234e-15
4,3,step,False,11,1.7873261353014271,0.14537737384854235,0.26528785634809443,1.126051849928676,57.084695115331876,4,1.5808953940501442,96,12.630062530580421,19.718684056343886,4.722580352927004,10,0.10715295428331355,0,0.794672600008898,0.3785359114408493,2.978786911226234e-15
4,3,step,False,12,0.4960937291639991,0.07259045998366337,0.4108634612164743,0.3111488363554541,63.6783197134603,4,1.3589012809914252,108,20.608306568923904,27.559869708491565,6.920889897012751,12,0.09315496741229967,0,0.794672600008898,0.3785359114408493,2.978786911226234e-15
4,3,step,False,13,0.7733730741862967,0.15616731826364053,0.25563087505352156,0.451534386767639,66.83403132970636,4,1.329152171362885,115,23.352431420649,35.00563029547222,7.397742050815116,12,0.15220037089089145,0,0.794672600008898,0.3785359114408493,2.978786911226234e-15
4,3,step,False,14,1.2441028283176079,0.48220388043529,0.08698193174574825,0.7674945914542526,58.061725957454186,4,1.2633188937440742,98,17.81457545053136,23.907495416601744,6.996872352729445,11,0.05082262893773669,0,0.794672600008898,0.3785359114408493,2.978786911226234e-15
4,3,step,False,15,1.020636180189332,0.24489757764579612,0.06380384431239458,0.6787413011425951,58.51959310555104,4,1.2981172287303016,108,20.49786452386534,28.58436394708357,6.89146983461789,10,0.11829909834441088,0,0.794672600008898,0.3785359114408493,2.978786911226234e-15
4,3,step,False,16,0.6465795769665226,0.05941905148214766,0.44473672083792226,0.3681701844501494,97.89745695364742,4,1.2003166810382462,147,36.365799169257095,48.23805616993881,8.645421951049213,14,0.12223691276086028,0,0.794672600008898,0.3785359114408493,2.978786911226234e-15
4,3,step,False,17,1.3800791253006297,0.2708061289465681,0.3454219447144979,0.7570265018045935,48.80763556737149,4,1.4697516896109295,86,10.015881853469885,13.360728171699217,6.581611878102242,13,0.054478676524899905,0,0.794672600008898,0.3785359114408493,2.978786911226234e-15
4,3,step,False,18,1.9545733255213382,0.0,0.17340324924760217,1.3881731250162486,7.853191170770043,4,1.7569804946433485,22,1.3267228542214773,1.5904196914468076,1.0,1,0.2245893192660028,0,0.794672600008898,0.3785359114408493,2.978786911226234e-15
4,3,step,False,19,0.8642655972196809,0.7346080347268,0.03665801877604915,0.45671670486002897,61.87620529710102,4,1.340721252836389,104,23.474726565876225,31.17402124326824,5.866067768560746,8,0.12133931221895737,0,0.794672600008898,0.3785359114408493,2.978786911226234e-15
4,3,step,False,20,0.4015157065634968,0.2076835013122685,0.735242077860848,0.23255373067413956,32.3597539167309,4,1.4465041377328534,59,11.8111661465664,17.18209045546602,3.404123656911282,4,0.14469231254387113,0,0.794672600008898,0.3785359114408493,2.978786911226234e-15
4,3,step,False,21,1.0339699688965198,0.08193726527577237,0.12056576519138043,0.6144482949458159,110.95355214142103,4,1.16420689553413,158,45.26640330595155,56.79729681797487,9.592316020442885,14,0.0902428543570797,0,0.794672600008898,0.3785359114408493,2.978786911226234e-15
4,3,step,False,22,0.8323167227644012,0.2014137187789709,0.13164829101919223,0.5634638051950027,28.29923000992318,4,1.2823286814629669,48,11.830576798582618,16.288324498327956,4.825125902989847,7,0.18932841411513465,0,0.794672600008898,0.3785359114408493,2.978786911226234e-15
4,3,step,False,23,0.6269417020834565,0.3892230427469791,0.38204053994893644,0.33682594423068674,84.20743898946,4,1.3641352759470966,132,27.70168509055167,37.95635575659501,9.148491493685366,16,0.09086793320554339,0,0.794672600008898,0.3785359114408493,2.978786911226234e-15
5,0,init,False,0,1.1820895330230798,0.0,0.32411163960540756,0.857374985614215,38.90297561919407,4,1.5071678897923484,67,nan,nan,1.7944674370949696,3,nan,0,nan,nan,nan
5,0,init,False,1,0.26367240428572386,0.0,0.16539621168576113,0.22185542112478318,95.84519872031498,4,1.287746448166381,155,nan,nan,7.937427473803956,13,nan,0,nan,nan,nan
5,0,init,False,2,1.4340599023864413,1.4901161193847656e-08,0.174592190100755,1.158405486237627,55.98291989849718,4,1.3553777963333264,95,nan,nan,5.721854466610058,9,nan,0,nan,nan,nan
5,0,init,False,3,2.0354935116480677,1.4901161193847656e-08,0.05406743463390932,1.7285146722177454,33.44533630616429,4,1.4575318171354017,57,nan,nan,4.256156361404454,6,nan,0,nan,nan,nan
5,0,init,False,4,1.71708545598336,1.4901161193847656e-08,0.10099193842856587,1.3571937829292102,60.11580097272275,4,1.2389011314110931,99,nan,nan,8.084689505960414,15,nan,0,nan,nan,nan
5,0,init,False,5,1.1181558309160755,0.0,0.08198948536465712,0.7935726957298979,61.19777099850654,4,1.4314713500216605,105,nan,nan,4.965543066863961,10,nan,0,nan,nan,nan
5,0,init,False,6,0.6253378024127711,0.0,0.0994278080918958,0.4892243965605667,110.0586936588459,4,1.2500789463895183,165,nan,nan,11.965773989537007,16,nan,0,nan,nan,nan
5,0,init,False,7,1.2089920649223933,0.0,0.09013254848285365,0.9641824706292976,67.29482899156545,4,1.355290842554952,115,nan,nan,7.467199718937111,15,nan,0,nan,nan,nan
5,0,init,False,8,1.9290127460323419,1.4901161193847656e-08,0.11002760353969786,1.4732891678458182,14.016744934235074,4,1.7009976930557105,28,nan,nan,1.0,1,nan,0,nan,nan,nan
5,0,init,False,9,1.3537456170574012,0.0,0.01697244973965534,1.04435512009004,73.0190906692872,4,1.3651017948003297,121,nan,nan,5.066774719587965,7,nan,0,nan,nan,nan
5,0,init,False,10,1.0134078727473856,0.0,0.1575940360127539,0.7596442934490684,73.13296962220065,4,1.3820441899567106,114,nan,nan,6.622222818662661,12,nan,0,nan,nan,nan
5,0,init,False,11,2.6010207254251076,0.0,0.11251685372823621,1.9476187491606891,17.438172763650442,4,1.8152890169892664,36,nan,nan,3.7911502832457087,6,nan,0,nan,nan,nan
5,0,init,False,12,0.847995390281777,0.0,0.14576423570776728,0.6044797632237658,99.09670441818193,4,1.2786510227569414,158,nan,nan,11.105766533506461,17,nan,0,nan,nan,nan
5,0,init,False,13,1.158477556120006,0.0,0.18855795233335254,0.861497801534667,33.837397863001414,4,1.573040429892719,63,nan,nan,1.6317218464138068,3,nan,0,nan,nan,nan
5,0,init,False,14,1.6911301854914427,0.0,0.13234764475274036,1.3948780066692326,36.99050377418594,4,1.5126754161719986,70,nan,nan,5.896957053487121,11,nan,0,nan,nan,nan
5,0,init,False,15,0.9443564653403165,0.0,0.30536971770350596,0.5686140600774047,68.61454808951223,4,1.2549233403767515,114,nan,nan,5.9329785818427645,9,nan,0,nan,nan,nan
5,0,init,False,16,1.469340822890217,2.1073424255447017e-08,0.059506334722753726,1.0994060958644145,67.84650810599985,4,1.4085137832519536,117,nan,nan,8.163089527135158,12,nan,0,nan,nan,nan
5,0,init,False,17,2.426100916153647,1.4901161193847656e-08,0.13396921756337518,1.8155762674298326,30.159664122786523,4,1.3692893234626067,58,nan,nan,3.3916197808589246,6,nan,0,nan,nan,nan
5,0,init,False,18,1.2113073977099769,1.4901161193847656e-08,0.28248299094411533,0.7543919456706542,34.494677777760245,4,1.4694076471196909,65,nan,nan,2.726178758066487,3,nan,0,nan,nan,nan
5,0,init,False,19,0.6565585810840902,0.0,0.16920178771608774,0.5798657723895476,94.9924857091055,4,1.1841976947545165,144,nan,nan,9.015826275953497,13,nan,0,nan,nan,nan
5,0,init,False,20,0.22818447607247358,0.0,0.24247710600803601,0.22721771292319382,114.43026484318936,4,1.2019047796631555,169,nan,nan,9.143050345920662,15,nan,0,nan,nan,nan
5,0,init,False,21,2.8435732924836863,1.4901161193847656e-08,0.14108848787634234,2.2355014986939183,9.042044717524398,4,1.8542263553963083,21,nan,nan,1.8902502288882013,2,nan,0,nan,nan,nan
5,0,init,False,22,1.170997784687522,0.0,0.11031236597377962,0.8321436965387609,82.5520169378254,4,1.1535871122095316,135,nan,nan,9.423049821765458,14,nan,0,nan,nan,nan
5,0,init,False,23,0.7465120467117895,1.4901161193847656e-08,0.22621884580915622,0.47678905410900263,67.49268048574271,4,1.1477873774205645,107,nan,nan,7.006251404453174,10,nan,0,nan,nan,nan
5,1,step,False,0,1.1820895330230798,0.0593917336361516,0.32411163960540756,0.857374985614215,38.90297561919407,4,1.5071678897923484,67,11.17293158946632,16.456088780701318,1.7944674370949696,3,0.27917591440861717,0,1.5361907633867116,1.0,4.11690730787659e-16
5,1,step,False,1,0.26367240428572386,0.06886856024754683,0.16539621168576113,0.22185542112478318,95.84519872031498,4,1.287746448166381,155,33.67709180614857,47.36336676718726,7.937427473803956,13,0.22895896425534712,0,1.5361907633867116,1.0,4.11690730787659e-16
5,1,step,False,2,1.4340599023864413,0.16646222566234706,0.174592190100755,1.158405486237627,55.98291989849718,4,1.3553777963333264,95,16.2232282358807,24.655222482180157,5.721854466610058,9,0.21446394683651657,0,1.5361907633867116,1.0,4.11690730787659e-16
5,1,step,False,3,2.0354935116480677,0.06070401467934357,0.05406743463390932,1.7285146722177454,33.44533630616429,4,1.4575318171354017,57,11.778477256056245,16.32116319251349,4.256156361404454,6,0.19131105119652228,0,1.5361907633867116,1.0,4.11690730787659e-16
5,1,step,False,4,1.71708545598336,0.07315349640523076,0.10099193842856587,1.3571937829292102,60.11580097272275,4,1.2389011314110931,99,21.634179176079904,29.941043516514128,8.084689505960414,15,0.1453561929807439,0,1.5361907633867116,1.0,4.11690730787659e-16
5,1,step,False,5,1.1181558309160755,0.24573103422473472,0.08198948536465712,0.7935726957298979,61.19777099850654,4,1.4314713500216605,105,20.09338342682252,27.79327243098916,4.965543066863961,10,0.250033650281796,0,1.5361907633867116,1.0,4.11690730787659e-16
5,1,step,False,6,0.6253378024127711,0.12461117220231738,0.0994278080918958,0.4892243965605667,110.0586936588459,4,1.2500789463895183,165,39.19008595268184,52.14454097154675,11.965773989537007,16,0.17772649530921578,0,1.5361907633867116,1.0,4.11690730787659e-16
5,1,step,False,7,1.2089920649223933,0.19078934697742367,0.09013254848285365,0.9641824706292976,67.29482899156545,4,1.355290842554952,115,22.818660679297867,31.59651724682935,7.467199718937111,15,0.21907944087647752,0,1.5361907633867116,1.0,4.11690730787659e-16
5,1,step,False,8,1.9290127460323419,0.0,0.11002760353969786,1.4732891678458182,14.016744934235074,4,1.7009976930557105,28,3.703209838202023,4.76234028235751,1.0,1,0.36754670618049806,0,1.5361907633867116,1.0,4.11690730787659e-16
5,1,step,False,9,1.3537456170574012,0.25337381789527225,0.01697244973965534,1.04435512009004,73.0190906692872,4,1.3651017948003297,121,20.507121797576986,32.0715818384732,5.066774719587965,7,0.21264660372853375,0,1.5361907633867116,1.0,4.11690730787659e-16
5,1,step,False,10,1.0134078727473856,0.08218615855634002,0.1575940360127539,0.7596442934490684,73.13296962220065,4,1.3820441899567106,114,25.0304841296724,34.772517725431705,6.622222818662661,12,0.21549333709885965,0,1.5361907633867116,1.0,4.11690730787659e-16
5,1,step,False,11,2.6010207254251076,0.10911407730764597,0.11251685372823621,1.9476187491606891,17.438172763650442,4,1.8152890169892664,36,2.3514789248089945,3.1391379762235903,3.7911502832457087,6,0.24622006155819945,0,1.5361907633867116,1.0,4.11690730787659e-16
5,1,step,False,12,0.847995390281777,0.14773232684720886,0.14576423570776728,0.6044797632237658,99.09670441818193,4,1.2786510227569414,158,36.62482742136224,51.908543908929694,11.105766533506461,17,0.21279905102134836,0,1.5361907633867116,1.0,4.11690730787659e-16
5,1,step,False,13,1.158477556120006,0.18750571298803848,0.18855795233335254,0.861497801534667,33.837397863001414,4,1.573040429892719,63,10.120835993986212,13.94226606814005,1.6317218464138068,3,0.41879519172512164,0,1.5361907633867116,1.0,4.11690730787659e-16
5,1,step,False,14,1.6911301854914427,0.11475420012054159,0.13234764475274036,1.3948780066692326,36.99050377418594,4,1.5126754161719986,70,7.82599694807122,12.830351168609024,5.896957053487121,11,0.20800243559488238,0,1.5361907633867116,1.0,4.11690730787659e-16
5,1,step,False,15,0.9443564653403165,0.2585769806360893,0.30536971770350596,0.5686140600774047,68.61454808951223,4,1.2549233403767515,114,24.546968000354262,33.24617060392652,5.9329785818427645,9,0.22013749027203497,0,1.5361907633867116,1.0,4.11690730787659e-16
5,1,step,False,16,1.469340822890217,0.07708685808200204,0.059506334722753726,1.0994060958644145,67.84650810599985,4,1.4085137832519536,117,18.534764586363135,28.955810419867785,8.163089527135158,12,0.24680478278099838,0,1.5361907633867116,1.0,4.11690730787659e-16
5,1,step,False,17,2.426100916153647,0.14069969651273898,0.13396921756337518,1.8155762674298326,30.159664122786523,4,1.3692893234626067,58,6.054047008644099,8.392926223184741,3.3916197808589246,6,0.2153276303692981,0,1.5361907633867116,1.0,4.11690730787659e-16
5,1,step,False,18,1.2113073977099769,0.4251211595786166,0.28248299094411533,0.7543919456706542,34.494677777760245,4,1.4694076471196909,65,10.82602053150082,16.56309678049839,2.726178758066487,3,0.3403474676074622,0,1.5361907633867116,1.0,4.11690730787659e-16
5,1,step,False,19,0.6565585810840902,0.1868844489320078,0.16920178771608774,0.5798657723895476,94.9924857091055,4,1.1841976947545165,144,36.96978609357848,53.55873231954947,9.015826275953497,13,0.2167147545268257,0,1.5361907633867116,1.0,4.11690730787659e-16
5,1,step,False,20,0.22818447607247358,0.1379303640461862,0.24247710600803601,0.22721771292319382,114.43026484318936,4,1.2019047796631555,169,43.83236656690404,62.06222334747862,9.143050345920662,15,0.21630154170381627,0,1.5361907633867116,1.0,4.11690730787659e-16
5,1,step,False,21,2.8435732924836863,0.04570375033339993,0.14108848787634234,2.2355014986939183,9.042044717524398,4,1.8542263553963083,21,2.9464704608905175,4.263150799757599,1.8902502288882013,2,0.2104706507557122,0,1.5361907633867116,1.0,4.11690730787659e-16
5,1,step,False,22,1.170997784687522,0.07364959021754891,0.11031236597377962,0.8321436965387609,82.5520169378254,4,1.1535871122095316,135,29.83058501371553,41.32661134980959,9.423049821765458,14,0.22873037563963408,0,1.5361907633867116,1.0,4.11690730787659e-16
5,1,step,False,23,0.7465120467117895,0.36611219325452704,0.22621884580915622,0.47678905410900263,67.49268048574271,4,1.1477873774205645,107,23.706998561935052,32.99485764915649,7.006251404453174,10,0.3131850805628715,0,1.5361907633867116,1.0,4.11690730787659e-16
5,2,step,False,0,1.1820895330230798,0.13139502606882067,0.32411163960540756,0.857374985614215,38.90297561919407,4,1.5071678897923484,67,10.42399229169184,16.602109002148698,1.7944674370949696,3,0.16229636184731536,0,1.0862509059868828,0.6136637181043625,3.2625105462115718e-15
5,2,step,False,1,0.26367240428572386,0.11708083983374416,0.16539621168576113,0.22185542112478318,95.84519872031498,4,1.287746448166381,155,34.06977607826368,46.45782229943363,7.937427473803956,13,0.23050568043928454,0,1.0862509059868828,0.6136637181043625,3.2625105462115718e-15
5,2,step,False,2,1.4340599023864413,0.20522453248538755,0.174592190100755,1.158405486237627,55.98291989849718,4,1.3553777963333264,95,16.15759348896605,23.95516278450325,5.721854466610058,9,0.12121193933662702,0,1.0862509059868828,0.6136637181043625,3.2625105462115718e-15
5,2,step,False,3,2.0354935116480677,0.17633211691207118,0.05406743463390932,1.7285146722177454,33.44533630616429,4,1.4575318171354017,57,9.72954193705218,13.146411646214801,4.256156361404454,6,0.21281871964542362,0,1.0862509059868828,0.6136637181043625,3.2625105462115718e-15
5,2,step,False,4,1.71708545598336,0.09293135342334,0.10099193842856587,1.3571937829292102,60.11580097272275,4,1.2389011314110931,99,16.933585507797815,21.822859217580515,8.084689505960414,15,0.18686373157504282,0,1.0862509059868828,0.6136637181043625,3.2625105462115718e-15
5,2,step,False,5,1.1181558309160755,0.15022568162837496,0.08198948536465712,0.7935726957298979,61.19777099850654,4,1.4314713500216605,105,21.614505055752414,28.18596361488231,4.965543066863961,10,0.13169535400594867,0,1.0862509059868828,0.6136637181043625,3.2625105462115718e-15
5,2,step,False,6,0.6253378024127711,0.21690143172392962,0.0994278080918958,0.4892243965605667,110.0586936588459,4,1.2500789463895183,165,43.37220453173458,59.73269267160244,11.965773989537007,16,0.11954447814137982,0,1.0862509059868828,0.6136637181043625,3.2625105462115718e-15
5,2,step,False,7,1.2089920649223933,0.20769793409968695,0.09013254848285365,0.9641824706292976,67.29482899156545,4,1.355290842554952,115,23.40260117431677,32.86401517781384,7.467199718937111,15,0.18167838878099274,0,1.0862509059868828,0.6136637181043625,3.2625105462115718e-15
5,2,step,False,8,1.9290127460323419,0.0,0.11002760353969786,1.4732891678458182,14.016744934235074,4,1.7009976930557105,28,3.5734533770318055,4.776514177599578,1.0,1,0.3494774363592976,0,1.0862509059868828,0.6136637181043625,3.2625105462115718e-15
5,2,step,False,9,1.3537456170574012,0.04812960639400904,0.01697244973965534,1.04435512009004,73.0190906692872,4,1.3651017948003297,121,18.013005675669852,26.02248240558371,5.066774719587965,7,0.15891092599543297,0,1.0862509059868828,0.6136637181043625,3.2625105462115718e-15
5,2,step,False,10,1.0134078727473856,0.17332078070151613,0.1575940360127539,0.7596442934490684,73.13296962220065,4,1.3820441899567106,114,27.480222821533015,37.50732297971704,6.622222818662661,12,0.1377796698785463,0,1.0862509059868828,0.6136637181043625,3.2625105462115718e-15
5,2,step,False,11,2.6010207254251076,0.13720053984500677,0.11251685372823621,1.9476187491606891,17.438172763650442,4,1.8152890169892664,36,1.7887944777092926,2.1167489668388955,3.7911502832457087,6,0.17784651269935423,0,1.0862509059868828,0.6136637181043625,3.2625105462115718e-15
5,2,step,False,12,0.847995390281777,0.11257234716247139,0.14576423570776728,0.6044797632237658,99.09670441818193,4,1.2786510227569414,158,38.07884774299813,51.78868351049288,11.105766533506461,17,0.13558262660729234,0,1.0862509059868828,0.6136637181043625,3.2625105462115718e-15
5,2,step,False,13,1.158477556120006,0.2673122753168071,0.18855795233335254,0.861497801534667,33.837397863001414,4,1.573040429892719,63,11.727493444640983,16.950760157871965,1.6317218464138068,3,0.2520166805833602,0,1.0862509059868828,0.6136637181043625,3.2625105462115718e-15
5,2,step,False,14,1.6911301854914427,0.16637125063243668,0.13234764475274036,1.3948780066692326,36.99050377418594,4,1.5126754161719986,70,5.858844530967033,8.465306257135605,5.896957053487121,11,0.17421799574054453,0,1.0862509059868828,0.6136637181043625,3.2625105462115718e-15
5,2,step,False,15,0.9443564653403165,0.20166437587733532,0.30536971770350596,0.5686140600774047,68.61454808951223,4,1.2549233403767515,114,25.641711638153307,33.88023692724772,5.9329785818427645,9,0.15957573717837165,0,1.0862509059868828,0.6136637181043625,3.2625105462115718e-15
5,2,step,False,16,1.469340822890217,0.11030351062918826,0.059506334722753726,1.0994060958644145,67.84650810599985,4,1.4085137832519536,117,17.36635204589641,26.86447017317805,8.163089527135158,12,0.1897111316960212,0,1.0862509059868828,0.6136637181043625,3.2625105462115718e-15
5,2,step,False,17,2.426100916153647,0.22713840262196164,0.13396921756337518,1.8155762674298326,30.159664122786523,4,1.3692893234626067,58,4.01012343008789,5.491094304499134,3.3916197808589246,6,0.12796393691582572,0,1.0862509059868828,0.6136637181043625,3.2625105462115718e-15
5,2,step,False,18,1.2113073977099769,0.30406809867657564,0.28248299094411533,0.7543919456706542,34.494677777760245,4,1.4694076471196909,65,11.677351000524093,17.271849426852725,2.726178758066487,3,0.26896711515066857,0,1.0862509059868828,0.6136637181043625,3.2625105462115718e-15
5,2,step,False,19,0.6565585810840902,0.17593504645081925,0.16920178771608774,0.5798657723895476,94.9924857091055,4,1.1841976947545165,144,40.60223373786108,58.10546098223807,9.015826275953497,13,0.11948005742525346,0,1.0862509059868828,0.6136637181043625,3.2625105462115718e-15
5,2,step,False,20,0.22818447607247358,0.0996531699636125,0.24247710600803601,0.22721771292319382,114.43026484318936,4,1.2019047796631555,169,45.424151158763244,64.05344681242742,9.143050345920662,15,0.2090050465646003,0,1.0862509059868828,0.6136637181043625,3.2625105462115718e-15
5,2,step,False,21,2.8435732924836863,0.047121234064332995,0.14108848787634234,2.2355014986939183,9.042044717524398,4,1.8542263553963083,21,1.754170258525391,2.39495452802865,1.8902502288882013,2,0.2565517645335236,0,1.0862509059868828,0.6136637181043625,3.2625105462115718e-15
5,2,step,False,22,1.170997784687522,0.1507068780450498,0.11031236597377962,0.8321436965387609,82.5520169378254,4,1.1535871122095316,135,27.408505040687555,37.01119683332534,9.423049821765458,14,0.1714607692680788,0,1.0862509059868828,0.6136637181043625,3.2625105462115718e-15
5,2,step,False,23,0.7465120467117895,0.4706391822697188,0.22621884580915622,0.47678905410900263,67.49268048574271,4,1.1477873774205645,107,23.89094949025968,32.334778673413126,7.006251404453174,10,0.14946672568597374,0,1.0862509059868828,0.6136637181043625,3.2625105462115718e-15
5,3,step,True,0,1.1820895330230798,0.13139502606882067,0.32411163960540756,0.857374985614215,38.90297561919407,4,1.5071678897923484,67,10.314471713966809,17.354807664299997,1.7944674370949696,3,0.12096944916027508,0,0.7680953816933557,0.36473898589611053,nan
5,3,step,True,1,0.26367240428572386,0.11708083983374416,0.16539621168576113,0.22185542112478318,95.84519872031498,4,1.287746448166381,155,34.06316468969651,46.464237839795025,7.937427473803956,13,0.16605728435648404,0,0.7680953816933557,0.36473898589611053,nan
5,3,step,True,2,1.4340599023864413,0.20522453248538755,0.174592190100755,1.158405486237627,55.98291989849718,4,1.3553777963333264,95,14.319028362877823,19.414376821659793,5.721854466610058,9,0.10247622257595548,0,0.7680953816933557,0.36473898589611053,nan
5,3,step,True,3,2.0354935116480677,0.17633211691207118,0.05406743463390932,1.7285146722177454,33.44533630616429,4,1.4575318171354017,57,8.713619440027262,12.686326304831441,4.256156361404454,6,0.0,1,0.7680953816933557,0.36473898589611053,nan
5,3,step,True,4,1.71708545598336,0.09293135342334,0.10099193842856587,1.3571937829292102,60.11580097272275,4,1.2389011314110931,99,13.836800438115937,16.8304110514321,8.084689505960414,15,0.13458359495629799,0,0.7680953816933557,0.36473898589611053,nan
5,3,step,True,5,1.1181558309160755,0.15022568162837496,0.08198948536465712,0.7935726957298979,61.19777099850654,4,1.4314713500216605,105,23.316579608359163,31.089549582633715,4.965543066863961,10,0.09049348806017656,0,0.7680953816933557,0.36473898589611053,nan
5,3,step,True,6,0.6253378024127711,0.21690143172392962,0.0994278080918958,0.4892243965605667,110.0586936588459,4,1.2500789463895183,165,43.325243756911554,58.23738944553791,11.965773989537007,16,0.08266405207825134,0,0.7680953816933557,0.36473898589611053,nan
5,3,step,True,7,1.2089920649223933,0.20769793409968695,0.09013254848285365,0.9641824706292976,67.29482899156545,4,1.355290842554952,115,22.124114335477177,30.56260509918356,7.467199718937111,15,0.10038038874088263,0,0.7680953816933557,0.36473898589611053,nan
5,3,step,True,8,1.9290127460323419,0.0,0.11002760353969786,1.4732891678458182,14.016744934235074,4,1.7009976930557105,28,2.9734279762836833,3.8658552588528887,1.0,1,0.23964158584384282,0,0.7680953816933557,0.36473898589611053,nan
5,3,step,True,9,1.3537456170574012,0.04812960639400904,0.01697244973965534,1.04435512009004,73.0190906692872,4,1.3651017948003297,121,18.420043320851107,24.74510609777592,5.066774719587965,7,0.09405789551218906,0,0.7680953816933557,0.36473898589611053,nan
5,3,step,True,10,1.0134078727473856,0.17332078070151613,0.1575940360127539,0.7596442934490684,73.13296962220065,4,1.3820441899567106,114,31.10536280813796,41.726689371411744,6.622222818662661,12,0.08249425826189027,0,0.7680953816933557,0.36473898589611053,nan
5,3,step,True,11,2.6010207254251076,0.13720053984500677,0.11251685372823621,1.9476187491606891,17.438172763650442,4,1.8152890169892664,36,1.5960033068158732,2.135612030876859,3.7911502832457087,6,0.14530493092066193,0,0.7680953816933557,0.36473898589611053,nan
5,3,step,True,12,0.847995390281777,0.11257234716247139,0.14576423570776728,0.6044797632237658,99.09670441818193,4,1.2786510227569414,158,40.3873892066841,53.065155464048445,11.105766533506461,17,0.0669015384164139,0,0.7680953816933557,0.36473898589611053,nan
5,3,step,True,13,1.158477556120006,0.2673122753168071,0.18855795233335254,0.861497801534667,33.837397863001414,4,1.573040429892719,63,13.39727047705523,17.768167967337448,1.6317218464138068,3,0.09408707275608863,0,0.7680953816933557,0.36473898589611053,nan
5,3,step,True,14,1.6911301854914427,0.16637125063243668,0.13234764475274036,1.3948780066692326,36.99050377418594,4,1.5126754161719986,70,6.53838990064125,9.438419247842985,5.896957053487121,11,0.14480067657121345,0,0.7680953816933557,0.36473898589611053,nan
5,3,step,True,15,0.9443564653403165,0.20166437587733532,0.30536971770350596,0.5686140600774047,68.61454808951223,4,1.2549233403767515,114,26.85236492951611,35.77770197815846,5.9329785818427645,9,0.12887836853078946,0,0.7680953816933557,0.36473898589611053,nan
5,3,step,True,16,1.469340822890217,0.11030351062918826,0.059506334722753726,1.0994060958644145,67.84650810599985,4,1.4085137832519536,117,17.651006066424877,25.821891962484134,8.163089527135158,12,0.1507032727444116,0,0.7680953816933557,0.36473898589611053,nan
5,3,step,True,17,2.426100916153647,0.22713840262196164,0.13396921756337518,1.8155762674298326,30.159664122786523,4,1.3692893234626067,58,2.8888203155773837,3.5154420761280405,3.3916197808589246,6,0.12456772624070828,0,0.7680953816933557,0.36473898589611053,nan
5,3,step,True,18,1.2113073977099769,0.30406809867657564,0.28248299094411533,0.7543919456706542,34.494677777760245,4,1.4694076471196909,65,10.460179560300837,15.228482626015083,2.726178758066487,3,0.17161867113333443,0,0.7680953816933557,0.36473898589611053,nan
5,3,step,True,19,0.6565585810840902,0.17593504645081925,0.16920178771608774,0.5798657723895476,94.9924857091055,4,1.1841976947545165,144,40.56197340649123,53.27785987740964,9.015826275953497,13,0.10315703753847871,0,0.7680953816933557,0.36473898589611053,nan
5,3,step,True,20,0.22818447607247358,0.0996531699636125,0.24247710600803601,0.22721771292319382,114.43026484318936,4,1.2019047796631555,169,44.32718749548661,59.46130662088297,9.143050345920662,15,0.11790945787129865,0,0.7680953816933557,0.36473898589611053,nan
5,3,step,True,21,2.8435732924836863,0.047121234064332995,0.14108848787634234,2.2355014986939183,9.042044717524398,4,1.8542263553963083,21,1.0,1.0,1.8902502288882013,2,0.0,1,0.7680953816933557,0.36473898589611053,nan
5,3,step,True,22,1.170997784687522,0.1507068780450498,0.11031236597377962,0.8321436965387609,82.5520169378254,4,1.1535871122095316,135,26.38292445629651,35.85065554417379,9.423049821765458,14,0.17991415684850065,0,0.7680953816933557,0.36473898589611053,nan
5,3,step,True,23,0.7465120467117895,0.4706391822697188,0.22621884580915622,0.47678905410900263,67.49268048574271,4,1.1477873774205645,107,25.444658884509778,34.458394101169155,7.006251404453174,10,0.1191729403604851,0,0.7680953816933557,0.36473898589611053,nan
6,0,init,False,0,2.54098135741418,0.0,0.10533064186017933,1.6683342527849552,17.46057952630617,4,1.27484943904016,33,nan,nan,1.5707688609171744,3,nan,0,nan,nan,nan
6,0,init,False,1,0.7412300966119058,0.0,0.183944991524154,0.4523221269466964,58.75002316755938,4,1.3885988138108036,102,nan,nan,5.285404019393518,9,nan,0,nan,nan,nan
6,0,init,False,2,0.2768699161868602,0.0,0.45106349745289104,0.341659833482148,59.861531152866775,4,1.334131016019222,107,nan,nan,3.6135148768569545,7,nan,0,nan,nan,nan
6,0,init,False,3,0.49089716394589106,0.0,0.3314081102594584,0.25780268821821556,84.03306920488411,4,1.2510632781073787,137,nan,nan,7.5079317861965365,12,nan,0,nan,nan,nan
6,0,init,False,4,0.9705931967434145,1.4901161193847656e-08,0.3649086750788676,0.4583565544637617,19.762615612563682,4,1.2898079726077678,47,nan,nan,1.7722303826509713,3,nan,0,nan,nan,nan
6,0,init,False,5,1.595701416217555,0.0,0.053804243093254184,0.811757240337845,75.81195041346109,4,1.48316733780218,126,nan,nan,8.683883983667194,13,nan,0,nan,nan,nan
6,0,init,False,6,1.5853100652539636,0.0,0.14833105598803048,0.7215622322955737,53.4790893985892,4,1.3239819964929083,95,nan,nan,6.824192415075044,10,nan,0,nan,nan,nan
6,0,init,False,7,0.4018957436714012,0.0,0.5315990105554131,0.2722467318637011,96.64326979807032,4,1.184094946286352,153,nan,nan,7.785684768423504,14,nan,0,nan,nan,nan
6,0,init,False,8,1.2700049529393447,1.4901161193847656e-08,0.12967084321444497,0.6850481526632658,42.525822798838774,4,1.3911741521780545,73,nan,nan,6.152960032333694,10,nan,0,nan,nan,nan
6,0,init,False,9,1.396706319763929,0.0,0.08502041075510425,0.773700771507764,71.97134862060662,4,1.170680791268743,118,nan,nan,6.3560974621213,10,nan,0,nan,nan,nan
6,0,init,False,10,0.7169159324718162,0.0,0.1751292513448041,0.39889246314504756,115.49336898557972,4,1.2014671291458443,171,nan,nan,12.014032437350073,18,nan,0,nan,nan,nan
6,0,init,False,11,2.103429569382233,2.1073424255447017e-08,0.14969814237956675,1.1211936545110492,48.80161383275155,4,1.3789303085189457,88,nan,nan,3.652919025358841,7,nan,0,nan,nan,nan
6,0,init,False,12,1.470954417908997,0.0,0.04885071827081233,0.8343803663590249,75.62404581090895,4,1.283627964475052,117,nan,nan,9.674800531408897,13,nan,0,nan,nan,nan
6,0,init,False,13,1.388642514644572,0.0,0.11153576650856575,0.7809233377273139,40.89857424422631,4,1.2771140316097331,72,nan,nan,4.969304980772916,9,nan,0,nan,nan,nan
6,0,init,False,14,3.7373453800473535,1.4901161193847656e-08,0.10974758732324526,2.460869903507289,2.7073364238549575,4,4.564046198290462,8,nan,nan,1.0780156009349202,2,nan,0,nan,nan,nan
6,0,init,False,15,0.40616906286920945,0.0,0.43286249733228066,0.4135643299208524,50.47056557527236,4,1.434244672769924,91,nan,nan,4.772681843895281,8,nan,0,nan,nan,nan
6,0,init,False,16,0.3890029855377656,2.1073424255447017e-08,0.1816422785489786,0.3081396337178968,122.0736781920817,4,1.2172174899420798,178,nan,nan,10.005544733140766,17,nan,0,nan,nan,nan
6,0,init,False,17,2.1699025667912704,2.1073424255447017e-08,0.18857348268746224,1.2575505083726142,36.98537468571456,4,1.4482690910673952,70,nan,nan,4.6394777238490486,7,nan,0,nan,nan,nan
6,0,init,False,18,2.1977118582756474,2.1073424255447017e-08,0.263495552965022,1.1995074475134946,16.87004217402684,4,1.443738741870929,33,nan,nan,1.5765211707915592,2,nan,0,nan,nan,nan
6,0,init,False,19,0.8905675226758757,0.0,0.07690053708953833,0.5973469299301543,79.6001769273492,4,1.2791646380629778,128,nan,nan,8.9860086112394,12,nan,0,nan,nan,nan
6,0,init,False,20,1.1310230282852698,0.0,0.13668771394466506,0.6302446691925783,74.3621311687393,4,1.4697135649056174,122,nan,nan,8.971365031985105,14,nan,0,nan,nan,nan
6,0,init,False,21,2.0401207972277002,0.0,0.10018629607509964,1.1638306853755096,56.20392719180741,4,1.334272943232875,93,nan,nan,6.606932107516386,11,nan,0,nan,nan,nan
6,0,init,False,22,0.9210253947734512,0.0,0.12253753551768862,0.5248899521282914,64.23113255828872,4,1.2918368917104768,104,nan,nan,6.627964564082944,9,nan,0,nan,nan,nan
6,0,init,False,23,1.5776915231880368,0.0,0.06722009441184132,0.9423351722465786,75.37873253565283,4,1.217459543327222,119,nan,nan,4.871763050037941,8,nan,0,nan,nan,nan
6,1,step,False,0,2.54098135741418,0.4377895285734686,0.10533064186017933,1.6683342527849552,17.46057952630617,4,1.27484943904016,33,4.56212628291968,5.674297662226074,1.5707688609171744,3,0.1596907704645364,0,1.6273409581129943,1.0,9.838644911346221e-16
6,1,step,False,1,0.7412300966119058,0.2546599663279682,0.183944991524154,0.4523221269466964,58.75002316755938,4,1.3885988138108036,102,15.36275977580894,21.212459869668514,5.285404019393518,9,0.21199877696570257,0,1.6273409581129943,1.0,9.838644911346221e-16
6,1,step,False,2,0.2768699161868602,0.21582186331872139,0.45106349745289104,0.341659833482148,59.861531152866775,4,1.334131016019222,107,16.83259370480924,24.677812307732694,3.6135148768569545,7,0.25494603028594714,0,1.6273409581129943,1.0,9.838644911346221e-16
6,1,step,False,3,0.49089716394589106,0.2678635030624087,0.3314081102594584,0.25780268821821556,84.03306920488411,4,1.2510632781073787,137,26.58959450332477,36.08096288938939,7.5079317861965365,12,0.3022917467264583,0,1.6273409581129943,1.0,9.838644911346221e-16
6,1,step,False,4,0.9705931967434145,0.2539347275678741,0.3649086750788676,0.4583565544637617,19.762615612563682,4,1.2898079726077678,47,4.038392606080533,5.0076918234151195,1.7722303826509713,3,0.2624709148506349,0,1.6273409581129943,1.0,9.838644911346221e-16
6,1,step,False,5,1.595701416217555,0.3074288684066143,0.053804243093254184,0.811757240337845,75.81195041346109,4,1.48316733780218,126,23.96852315630904,33.80458412771796,8.683883983667194,13,0.2223408183640033,0,1.6273409581129943,1.0,9.838644911346221e-16
6,1,step,False,6,1.5853100652539636,0.24846289564872961,0.14833105598803048,0.7215622322955737,53.4790893985892,4,1.3239819964929083,95,13.618710527794772,19.98800139924261,6.824192415075044,10,0.23061433393619463,0,1.6273409581129943,1.0,9.838644911346221e-16
6,1,step,False,7,0.4018957436714012,0.674379199623304,0.5315990105554131,0.2722467318637011,96.64326979807032,4,1.184094946286352,153,35.1861851967134,46.97883811133255,7.785684768423504,14,0.15279052737229723,0,1.6273409581129943,1.0,9.838644911346221e-16
6,1,step,False,8,1.2700049529393447,0.10657829482343553,0.12967084321444497,0.6850481526632658,42.525822798838774,4,1.3911741521780545,73,12.732039682213614,20.480168688471355,6.152960032333694,10,0.2757237338598141,0,1.6273409581129943,1.0,9.838644911346221e-16
6,1,step,False,9,1.396706319763929,0.3008565713516141,0.08502041075510425,0.773700771507764,71.97134862060662,4,1.170680791268743,118,25.155465580470995,33.63605214959357,6.3560974621213,10,0.23682495160925693,0,1.6273409581129943,1.0,9.838644911346221e-16
6,1,step,False,10,0.7169159324718162,0.15171015904405058,0.1751292513448041,0.39889246314504756,115.49336898557972,4,1.2014671291458443,171,49.35571960074817,67.07116552927494,12.014032437350073,18,0.26494510959918766,0,1.6273409581129943,1.0,9.838644911346221e-16
6,1,step,False,11,2.103429569382233,0.40791770915337505,0.14969814237956675,1.1211936545110492,48.80161383275155,4,1.3789303085189457,88,14.519322894768052,19.3033197375298,3.652919025358841,7,0.27095741585968164,0,1.6273409581129943,1.0,9.838644911346221e-16
6,1,step,False,12,1.470954417908997,0.11727916910185217,0.04885071827081233,0.8343803663590249,75.62404581090895,4,1.283627964475052,117,25.79336491686083,38.79039582110543,9.674800531408897,13,0.27130898027669104,0,1.6273409581129943,1.0,9.838644911346221e-16
6,1,step,False,13,1.388642514644572,0.1647646714931073,0.11153576650856575,0.7809233377273139,40.89857424422631,4,1.2771140316097331,72,10.016672991582903,13.1215986348465,4.969304980772916,9,0.2761559962659771,0,1.6273409581129943,1.0,9.838644911346221e-16
6,1,step,False,14,3.7373453800473535,0.12445512598216447,0.10974758732324526,2.460869903507289,2.7073364238549575,4,4.564046198290462,8,1.029148248488495,1.0582470091303795,1.0780156009349202,2,0.06741337011418169,0,1.6273409581129943,1.0,9.838644911346221e-16
6,1,step,False,15,0.40616906286920945,0.2415714037195479,0.43286249733228066,0.4135643299208524,50.47056557527236,4,1.434244672769924,91,12.403690647773246,18.229232119301496,4.772681843895281,8,0.24702544171427804,0,1.6273409581129943,1.0,9.838644911346221e-16
6,1,step,False,16,0.3890029855377656,0.2929358210868677,0.1816422785489786,0.3081396337178968,122.0736781920817,4,1.2172174899420798,178,48.173609060085724,69.33492169693001,10.005544733140766,17,0.26083450570215655,0,1.6273409581129943,1.0,9.838644911346221e-16
6,1,step,False,17,2.1699025667912704,0.3588112820149622,0.18857348268746224,1.2575505083726142,36.98537468571456,4,1.4482690910673952,70,8.755496127665829,12.896568378973392,4.6394777238490486,7,0.23816707418997793,0,1.6273409581129943,1.0,9.838644911346221e-16
6,1,step,False,18,2.1977118582756474,0.18495235879132182,0.263495552965022,1.1995074475134946,16.87004217402684,4,1.443738741870929,33,5.036642953042845,6.2376054455124255,1.5765211707915592,2,0.26905150127788624,0,1.6273409581129943,1.0,9.838644911346221e-16
6,1,step,False,19,0.8905675226758757,0.2857228583559248,0.07690053708953833,0.5973469299301543,79.6001769273492,4,1.2791646380629778,128,30.213062681903562,42.1425408445288,8.9860086112394,12,0.2675572292820771,0,1.6273409581129943,1.0,9.838644911346221e-16
6,1,step,False,20,1.1310230282852698,0.21749249664412276,0.13668771394466506,0.6302446691925783,74.3621311687393,4,1.4697135649056174,122,25.350055972965464,34.337063368970774,8.971365031985105,14,0.2234108669443806,0,1.6273409581129943,1.0,9.838644911346221e-16
6,1,step,False,21,2.0401207972277002,0.11609616916583083,0.10018629607509964,1.1638306853755096,56.20392719180741,4,1.334272943232875,93,17.60425583224027,23.710192275256475,6.606932107516386,11,0.05485552172266392,0,1.6273409581129943,1.0,9.838644911346221e-16
6,1,step,False,22,0.9210253947734512,0.2989770969856169,0.12253753551768862,0.5248899521282914,64.23113255828872,4,1.2918368917104768,104,23.935624294868877,31.737084635556386,6.627964564082944,9,0.328566634649648,0,1.6273409581129943,1.0,9.838644911346221e-16
6,1,step,False,23,1.5776915231880368,0.10726985501543104,0.06722009441184132,0.9423351722465786,75.37873253565283,4,1.217459543327222,119,29.76694276056097,41.88065224055272,4.871763050037941,8,0.25795161619480467,0,1.6273409581129943,1.0,9.838644911346221e-16
6,2,step,True,0,2.54098135741418,0.4377895285734686,0.10533064186017933,1.6683342527849552,17.46057952630617,4,1.27484943904016,33,3.5713364182694467,3.9596526428793632,1.5707688609171744,3,0.20801725363517595,0,1.1507038267843115,0.6112469285726547,nan
6,2,step,True,1,0.7412300966119058,0.2546599663279682,0.183944991524154,0.4523221269466964,58.75002316755938,4,1.3885988138108036,102,15.63112552726013,20.811692382096798,5.285404019393518,9,0.08312445607988579,0,1.1507038267843115,0.6112469285726547,nan
6,2,step,True,2,0.2768699161868602,0.21582186331872139,0.45106349745289104,0.341659833482148,59.861531152866775,4,1.334131016019222,107,19.77560628553635,28.279947477810374,3.6135148768569545,7,0.16891150382154413,0,1.1507038267843115,0.6112469285726547,nan
6,2,step,True,3,0.49089716394589106,0.2678635030624087,0.3314081102594584,0.25780268821821556,84.03306920488411,4,1.2510632781073787,137,26.729368976288736,37.332181063753666,7.5079317861965365,12,0.19866367363170698,0,1.1507038267843115,0.6112469285726547,nan
6,2,step,True,4,0.9705931967434145,0.2539347275678741,0.3649086750788676,0.4583565544637617,19.762615612563682,4,1.2898079726077678,47,4.294381018020767,6.0162911824196295,1.7722303826509713,3,0.22496992460305748,0,1.1507038267843115,0.6112469285726547,nan
6,2,step,True,5,1.595701416217555,0.3074288684066143,0.053804243093254184,0.811757240337845,75.81195041346109,4,1.48316733780218,126,22.168112720249866,29.566921696090706,8.683883983667194,13,0.1056807376153999,0,1.1507038267843115,0.6112469285726547,nan
6,2,step,True,6,1.5853100652539636,0.24846289564872961,0.14833105598803048,0.7215622322955737,53.4790893985892,4,1.3239819964929083,95,15.675708134678551,21.688352712563027,6.824192415075044,10,0.12825091388678336,0,1.1507038267843115,0.6112469285726547,nan
6,2,step,True,7,0.4018957436714012,0.674379199623304,0.5315990105554131,0.2722467318637011,96.64326979807032,4,1.184094946286352,153,38.013609380342544,49.72366216335913,7.785684768423504,14,0.13716324653276146,0,1.1507038267843115,0.6112469285726547,nan
6,2,step,True,8,1.2700049529393447,0.10657829482343553,0.12967084321444497,0.6850481526632658,42.525822798838774,4,1.3911741521780545,73,14.347267800105913,22.151850679257993,6.152960032333694,10,0.16536550897396943,0,1.1507038267843115,0.6112469285726547,nan
6,2,step,True,9,1.396706319763929,0.3008565713516141,0.08502041075510425,0.773700771507764,71.97134862060662,4,1.170680791268743,118,25.770105611547855,34.56887735515575,6.3560974621213,10,0.11458622532818721,0,1.1507038267843115,0.6112469285726547,nan
6,2,step,True,10,0.7169159324718162,0.15171015904405058,0.1751292513448041,0.39889246314504756,115.49336898557972,4,1.2014671291458443,171,47.55603798344806,63.67409983812641,12.014032437350073,18,0.1533176327869632,0,1.1507038267843115,0.6112469285726547,nan
6,2,step,True,11,2.103429569382233,0.40791770915337505,0.14969814237956675,1.1211936545110492,48.80161383275155,4,1.3789303085189457,88,12.848347314706809,16.572271466620872,3.652919025358841,7,0.1236848365635632,0,1.1507038267843115,0.6112469285726547,nan
6,2,step,True,12,1.470954417908997,0.11727916910185217,0.04885071827081233,0.8343803663590249,75.62404581090895,4,1.283627964475052,117,26.454689885731135,38.52974915469027,9.674800531408897,13,0.12199081032161843,0,1.1507038267843115,0.6112469285726547,nan
6,2,step,True,13,1.388642514644572,0.1647646714931073,0.11153576650856575,0.7809233377273139,40.89857424422631,4,1.2771140316097331,72,10.617656173155368,13.948737473056104,4.969304980772916,9,0.12094002372564755,0,1.1507038267843115,0.6112469285726547,nan
6,2,step,True,14,3.7373453800473535,0.12445512598216447,0.10974758732324526,2.460869903507289,2.7073364238549575,4,4.564046198290462,8,1.0,1.0,1.0780156009349202,2,0.0,1,1.1507038267843115,0.6112469285726547,nan
6,2,step,True,15,0.40616906286920945,0.2415714037195479,0.43286249733228066,0.4135643299208524,50.47056557527236,4,1.434244672769924,91,14.399061462759018,22.657312925435093,4.772681843895281,8,0.2575408968142366,0,1.1507038267843115,0.6112469285726547,nan
6,2,step,True,16,0.3890029855377656,0.2929358210868677,0.1816422785489786,0.3081396337178968,122.0736781920817,4,1.2172174899420798,178,49.07288690654672,69.80176673758811,10.005544733140766,17,0.1871109977937554,0,1.1507038267843115,0.6112469285726547,nan
6,2,step,True,17,2.1699025667912704,0.3588112820149622,0.18857348268746224,1.2575505083726142,36.98537468571456,4,1.4482690910673952,70,8.451275018214124,11.432447767159573,4.6394777238490486,7,0.10985926364657028,0,1.1507038267843115,0.6112469285726547,nan
6,2,step,True,18,2.1977118582756474,0.18495235879132182,0.263495552965022,1.1995074475134946,16.87004217402684,4,1.443738741870929,33,4.543369576633568,4.9664313089781835,1.5765211707915592,2,0.1301741649928399,0,1.1507038267843115,0.6112469285726547,nan
6,2,step,True,19,0.8905675226758757,0.2857228583559248,0.07690053708953833,0.5973469299301543,79.6001769273492,4,1.2791646380629778,128,28.04044165059101,38.59105250248407,8.9860086112394,12,0.1334958926833123,0,1.1507038267843115,0.6112469285726547,nan
6,2,step,True,20,1.1310230282852698,0.21749249664412276,0.13668771394466506,0.6302446691925783,74.3621311687393,4,1.4697135649056174,122,25.52119940167411,34.217543699299775,8.971365031985105,14,0.10695063896167854,0,1.1507038267843115,0.6112469285726547,nan
6,2,step,True,21,2.0401207972277002,0.11609616916583083,0.10018629607509964,1.1638306853755096,56.20392719180741,4,1.334272943232875,93,13.903804954530896,18.619102584687,6.606932107516386,11,0.0,1,1.1507038267843115,0.6112469285726547,nan
6,2,step,True,22,0.9210253947734512,0.2989770969856169,0.12253753551768862,0.5248899521282914,64.23113255828872,4,1.2918368917104768,104,25.301776951704245,33.71914555829159,6.627964564082944,9,0.26219235387296214,0,1.1507038267843115,0.6112469285726547,nan
6,2,step,True,23,1.5776915231880368,0.10726985501543104,0.06722009441184132,0.9423351722465786,75.37873253565283,4,1.217459543327222,119,26.312846249922355,36.05374664002165,4.871763050037941,8,0.22737869309603806,0,1.1507038267843115,0.6112469285726547,nan
7,0,init,False,0,1.695893548209062,1.4901161193847656e-08,0.19525904343548456,0.9573948863427433,53.465993280249634,4,1.2472880042483732,97,nan,nan,4.120287888145276,8,nan,0,nan,nan,nan
7,0,init,False,1,2.2857085843603824,0.0,0.08816563490338374,1.407207050863268,33.80790741579857,4,1.3955810576463779,68,nan,nan,2.9810949166534595,5,nan,0,nan,nan,nan
7,0,init,False,2,0.7496180157712998,0.0,0.22128192646225855,0.5188666530424966,102.02524851658946,4,1.2462523477289515,158,nan,nan,9.07717937305417,14,nan,0,nan,nan,nan
7,0,init,False,3,0.7321385464267546,0.0,0.43061914756824915,0.4566342126644743,78.43110798093267,4,1.266839737976448,118,nan,nan,8.328805409891904,15,nan,0,nan,nan,nan
7,0,init,False,4,1.3432311769705663,1.4901161193847656e-08,0.022440461770385334,0.9259020799765998,75.99552897688298,4,1.1526094094761743,130,nan,nan,8.62452127794918,14,nan,0,nan,nan,nan
7,0,init,False,5,2.5599472376981836,2.5809568279517847e-08,0.12059792129482677,1.516949512907638,24.62584607685912,4,1.7856351223096008,46,nan,nan,4.010151818914064,6,nan,0,nan,nan,nan
7,0,init,False,6,2.5719546876022785,0.0,0.0803887352418024,1.6257582648923694,25.886473484609475,4,1.3148413721217607,49,nan,nan,3.402165135515465,5,nan,0,nan,nan,nan
7,0,init,False,7,0.5562056173718655,0.0,0.20872328781321825,0.3844420441868076,109.16931197286914,4,1.204066454109447,169,nan,nan,11.45044705075708,14,nan,0,nan,nan,nan
7,0,init,False,8,0.18965584778829725,0.0,0.9143077372142385,0.22116256011098753,78.52859213405438,4,1.3153045139270814,121,nan,nan,9.34625701013372,14,nan,0,nan,nan,nan
7,0,init,False,9,1.7902645027757145,0.0,0.20414307758733768,1.1345627468432873,30.051260915893067,4,1.5234981204062745,62,nan,nan,1.965315136448519,2,nan,0,nan,nan,nan
7,0,init,False,10,1.8688287133032908,0.0,0.10160294257412553,1.164129773233636,13.875457717056847,4,1.5335676978780175,32,nan,nan,1.7723265200975988,4,nan,0,nan,nan,nan
7,0,init,False,11,1.798904448533471,2.1073424255447017e-08,0.06039189156360905,1.01696113752201,22.526533495044212,4,1.4991487356783237,45,nan,nan,2.1093531614939183,3,nan,0,nan,nan,nan
7,0,init,False,12,1.656085565633077,0.0,0.2418351852356281,0.9201230880504457,66.52874753848387,4,1.4668885675408487,111,nan,nan,3.0107832217690316,9,nan,0,nan,nan,nan
7,0,init,False,13,1.4164375940140463,0.0,0.12684618222524793,0.8454071957022431,49.903785347071945,4,1.4397238092834648,87,nan,nan,5.009603394929374,8,nan,0,nan,nan,nan
7,0,init,False,14,0.9095282557893342,0.0,0.5823441853318562,0.5919228099474745,25.982990440588615,4,1.8809392902878954,46,nan,nan,1.7702377377974834,3,nan,0,nan,nan,nan
7,0,init,False,15,0.979959092698329,2.1073424255447017e-08,0.12345671530436549,0.6714650101740443,100.22869046624908,4,1.1588893870320889,154,nan,nan,10.158665906413292,13,nan,0,nan,nan,nan
7,0,init,False,16,0.6074272708457642,2.1073424255447017e-08,0.15945736630496915,0.4085003650284757,114.58790735195603,4,1.2143450195914391,171,nan,nan,9.772091467122381,15,nan,0,nan,nan,nan
7,0,init,False,17,0.7090745349758502,1.4901161193847656e-08,0.28245151927795586,0.5006839274000127,91.91038893568631,4,1.2310369715249714,147,nan,nan,9.667013588058174,16,nan,0,nan,nan,nan
7,0,init,False,18,1.6675110350894953,0.0,0.05872379568227734,1.0925690653641356,63.257256614165854,4,1.2209103837488429,107,nan,nan,7.630103670082665,13,nan,0,nan,nan,nan
7,0,init,False,19,0.9835998101561569,0.0,0.132463352024765,0.6627376854633845,95.24671985369999,4,1.1657662482924642,146,nan,nan,9.929635925404824,12,nan,0,nan,nan,nan
7,0,init,False,20,1.3118515925786611,0.0,0.08429378441610243,0.9235690947304813,32.39522492289318,4,1.297573357104855,59,nan,nan,4.583855728582646,7,nan,0,nan,nan,nan
7,0,init,False,21,2.4897466425669204,0.0,0.1589147823289075,1.7721822389908501,12.877475319551785,4,1.6628685030494748,28,nan,nan,1.213309395418206,2,nan,0,nan,nan,nan
7,0,init,False,22,0.5277176915553676,0.0,0.37647377676361277,0.3747600967617925,109.47356309689263,4,1.2290279960899777,170,nan,nan,9.514466384682287,13,nan,0,nan,nan,nan
7,0,init,False,23,2.43209115517156,0.0,0.08425974037642406,1.4524038013586822,29.217988145921435,4,1.4840626442287876,55,nan,nan,4.552328880685266,7,nan,0,nan,nan,nan
7,1,step,False,0,1.695893548209062,0.1463957056356545,0.19525904343548456,0.9573948863427433,53.465993280249634,4,1.2472880042483732,97,15.507996359957538,23.645960967002807,4.120287888145276,8,0.4167228857758617,0,1.6605951643384131,1.0,6.686953097549401e-16
7,1,step,False,1,2.2857085843603824,0.18953551221448298,0.08816563490338374,1.407207050863268,33.80790741579857,4,1.3955810576463779,68,6.521452823460307,10.042722663536358,2.9810949166534595,5,0.37065101053714977,0,1.6605951643384131,1.0,6.686953097549401e-16
7,1,step,False,2,0.7496180157712998,0.22481142282115102,0.22128192646225855,0.5188666530424966,102.02524851658946,4,1.2462523477289515,158,34.97049595842469,45.117098805605764,9.07717937305417,14,0.27497744303635574,0,1.6605951643384131,1.0,6.686953097549401e-16
7,1,step,False,3,0.7321385464267546,0.4845887774917256,0.43061914756824915,0.4566342126644743,78.43110798093267,4,1.266839737976448,118,26.15095431798394,36.65837000379006,8.328805409891904,15,0.31338158682453904,0,1.6605951643384131,1.0,6.686953097549401e-16
7,1,step,False,4,1.3432311769705663,0.09090682936703798,0.022440461770385334,0.9259020799765998,75.99552897688298,4,1.1526094094761743,130,24.44210631248285,34.81996011635408,8.62452127794918,14,0.2389633776001633,0,1.6605951643384131,1.0,6.686953097549401e-16
7,1,step,False,5,2.5599472376981836,0.2347950152929405,0.12059792129482677,1.516949512907638,24.62584607685912,4,1.7856351223096008,46,5.357523042615443,8.406724959483544,4.010151818914064,6,0.2957764197707269,0,1.6605951643384131,1.0,6.686953097549401e-16
7,1,step,False,6,2.5719546876022785,0.17691010241785,0.0803887352418024,1.6257582648923694,25.886473484609475,4,1.3148413721217607,49,7.442089797589687,11.60852096269116,3.402165135515465,5,0.25614069363354447,0,1.6605951643384131,1.0,6.686953097549401e-16
7,1,step,False,7,0.5562056173718655,0.10102254073006613,0.20872328781321825,0.3844420441868076,109.16931197286914,4,1.204066454109447,169,44.71463294585974,61.689432715257816,11.45044705075708,14,0.3351655256988714,0,1.6605951643384131,1.0,6.686953097549401e-16
7,1,step,False,8,0.18965584778829725,0.3772411573068764,0.9143077372142385,0.22116256011098753,78.52859213405438,4,1.3153045139270814,121,23.813398992061803,33.90219620912647,9.34625701013372,14,0.3354228945364082,0,1.6605951643384131,1.0,6.686953097549401e-16
7,1,step,False,9,1.7902645027757145,0.027143026300370545,0.20414307758733768,1.1345627468432873,30.051260915893067,4,1.5234981204062745,62,7.457892022467633,11.932053152406091,1.965315136448519,2,0.42491708391130345,0,1.6605951643384131,1.0,6.686953097549401e-16
7,1,step,False,10,1.8688287133032908,0.037825245034470906,0.10160294257412553,1.164129773233636,13.875457717056847,4,1.5335676978780175,32,2.8772665735759375,4.694833760672325,1.7723265200975988,4,0.334968648797959,0,1.6605951643384131,1.0,6.686953097549401e-16
7,1,step,False,11,1.798904448533471,0.2214743112430995,0.06039189156360905,1.01696113752201,22.526533495044212,4,1.4991487356783237,45,5.78007146162151,7.526320493440781,2.1093531614939183,3,0.11059974098351431,0,1.6605951643384131,1.0,6.686953097549401e-16
7,1,step,False,12,1.656085565633077,0.4220571212180769,0.2418351852356281,0.9201230880504457,66.52874753848387,4,1.4668885675408487,111,22.07633146972727,31.83853491192256,3.0107832217690316,9,0.099837224914538,0,1.6605951643384131,1.0,6.686953097549401e-16
7,1,step,False,13,1.4164375940140463,0.2711849775374604,0.12684618222524793,0.8454071957022431,49.903785347071945,4,1.4397238092834648,87,9.722569566055254,14.735965812203196,5.009603394929374,8,0.3413551481138244,0,1.6605951643384131,1.0,6.686953097549401e-16
7,1,step,False,14,0.9095282557893342,0.2354026543432889,0.5823441853318562,0.5919228099474745,25.982990440588615,4,1.8809392902878954,46,7.198143495626002,10.72591774988459,1.7702377377974834,3,0.29856192302625323,0,1.6605951643384131,1.0,6.686953097549401e-16
7,1,step,False,15,0.979959092698329,0.09741576207459315,0.12345671530436549,0.6714650101740443,100.22869046624908,4,1.1588893870320889,154,38.69873344675015,53.853702182277424,10.158665906413292,13,0.3431424216703902,0,1.6605951643384131,1.0,6.686953097549401e-16
7,1,step,False,16,0.6074272708457642,0.05233178617904372,0.15945736630496915,0.4085003650284757,114.58790735195603,4,1.2143450195914391,171,48.0641338327472,67.445561422251,9.772091467122381,15,0.3561042062294,0,1.6605951643384131,1.0,6.686953097549401e-16
7,1,step,False,17,0.7090745349758502,0.1247554293097642,0.28245151927795586,0.5006839274000127,91.91038893568631,4,1.2310369715249714,147,30.956332724561626,42.95449234441716,9.667013588058174,16,0.29292033089026953,0,1.6605951643384131,1.0,6.686953097549401e-16
7,1,step,False,18,1.6675110350894953,0.054615066359432404,0.05872379568227734,1.0925690653641356,63.257256614165854,4,1.2209103837488429,107,18.308987459315652,24.98037696756598,7.630103670082665,13,0.22768442835823777,0,1.6605951643384131,1.0,6.686953097549401e-16
7,1,step,False,19,0.9835998101561569,0.05698449283240327,0.132463352024765,0.6627376854633845,95.24671985369999,4,1.1657662482924642,146,38.0516721386496,53.05114956342134,9.929635925404824,12,0.36335980705289034,0,1.6605951643384131,1.0,6.686953097549401e-16
7,1,step,False,20,1.3118515925786611,0.13963871550466725,0.08429378441610243,0.9235690947304813,32.39522492289318,4,1.297573357104855,59,9.105175267293191,13.6607547925201,4.583855728582646,7,0.22827061236875087,0,1.6605951643384131,1.0,6.686953097549401e-16
7,1,step,False,21,2.4897466425669204,0.23104933628293736,0.1589147823289075,1.7721822389908501,12.877475319551785,4,1.6628685030494748,28,2.8940313917716844,3.8037747892889238,1.213309395418206,2,0.3329323244402608,0,1.6605951643384131,1.0,6.686953097549401e-16
7,1,step,False,22,0.5277176915553676,0.2586358940166227,0.37647377676361277,0.3747600967617925,109.47356309689263,4,1.2290279960899777,170,41.3399474802764,56.28471301796256,9.514466384682287,13,0.33602073835835605,0,1.6605951643384131,1.0,6.686953097549401e-16
7,1,step,False,23,2.43209115517156,0.21631335015937372,0.08425974037642406,1.4524038013586822,29.217988145921435,4,1.4840626442287876,55,8.548061119125059,13.752532896366455,4.552328880685266,7,0.387700377477189,0,1.6605951643384131,1.0,6.686953097549401e-16
7,2,step,False,0,1.695893548209062,0.14194836106122094,0.19525904343548456,0.9573948863427433,53.465993280249634,4,1.2472880042483732,97,13.08286750957955,18.074462943111957,4.120287888145276,8,0.2497916706722231,0,1.1742181015092812,0.6065893620252609,7.360436800390136e-16
7,2,step,False,1,2.2857085843603824,0.07070505276826249,0.08816563490338374,1.407207050863268,33.80790741579857,4,1.3955810576463779,68,6.355233823508971,8.882380264774273,2.9810949166534595,5,0.21576153891143224,0,1.1742181015092812,0.6065893620252609,7.360436800390136e-16
7,2,step,False,2,0.7496180157712998,0.2979642486407217,0.22128192646225855,0.5188666530424966,102.02524851658946,4,1.2462523477289515,158,35.92788216578746,48.12248338416883,9.07717937305417,14,0.19378507862941374,0,1.1742181015092812,0.6065893620252609,7.360436800390136e-16
7,2,step,False,3,0.7321385464267546,0.6152349721188729,0.43061914756824915,0.4566342126644743,78.43110798093267,4,1.266839737976448,118,30.686306278469267,42.671623594305025,8.328805409891904,15,0.28444563559551317,0,1.1742181015092812,0.6065893620252609,7.360436800390136e-16
7,2,step,False,4,1.3432311769705663,0.1284323498052533,0.022440461770385334,0.9259020799765998,75.99552897688298,4,1.1526094094761743,130,20.032894399449326,25.6866670101639,8.62452127794918,14,0.16820329875316584,0,1.1742181015092812,0.6065893620252609,7.360436800390136e-16
7,2,step,False,5,2.5599472376981836,0.27325039590869166,0.12059792129482677,1.516949512907638,24.62584607685912,4,1.7856351223096008,46,4.568932926715692,7.271240375248984,4.010151818914064,6,0.22264360054240825,0,1.1742181015092812,0.6065893620252609,7.360436800390136e-16
7,2,step,False,6,2.5719546876022785,0.19477438046287623,0.0803887352418024,1.6257582648923694,25.886473484609475,4,1.3148413721217607,49,5.667663217031407,7.981051967996121,3.402165135515465,5,0.17633983003554493,0,1.1742181015092812,0.6065893620252609,7.360436800390136e-16
7,2,step,False,7,0.5562056173718655,0.042871950589512264,0.20872328781321825,0.3844420441868076,109.16931197286914,4,1.204066454109447,169,45.00699536329808,62.66240136342928,11.45044705075708,14,0.32131465934162745,0,1.1742181015092812,0.6065893620252609,7.360436800390136e-16
7,2,step,False,8,0.18965584778829725,0.22406077457222284,0.9143077372142385,0.22116256011098753,78.52859213405438,4,1.3153045139270814,121,27.881599284961304,39.22056029593432,9.34625701013372,14,0.1841316739483859,0,1.1742181015092812,0.6065893620252609,7.360436800390136e-16
7,2,step,False,9,1.7902645027757145,0.033209408369803156,0.20414307758733768,1.1345627468432873,30.051260915893067,4,1.5234981204062745,62,7.585534248083773,11.393851005639492,1.965315136448519,2,0.2590395658925567,0,1.1742181015092812,0.6065893620252609,7.360436800390136e-16
7,2,step,False,10,1.8688287133032908,0.24139121584576034,0.10160294257412553,1.164129773233636,13.875457717056847,4,1.5335676978780175,32,2.5668745260964965,3.5973997168605854,1.7723265200975988,4,0.2188634153976148,0,1.1742181015092812,0.6065893620252609,7.360436800390136e-16
7,2,step,False,11,1.798904448533471,0.21957324305415718,0.06039189156360905,1.01696113752201,22.526533495044212,4,1.4991487356783237,45,5.82628207156529,7.650349303166479,2.1093531614939183,3,0.09732613378996086,0,1.1742181015092812,0.6065893620252609,7.360436800390136e-16
7,2,step,False,12,1.656085565633077,0.015794076735003573,0.2418351852356281,0.9201230880504457,66.52874753848387,4,1.4668885675408487,111,20.890873829053604,29.59033869473596,3.0107832217690316,9,0.13107796958251536,0,1.1742181015092812,0.6065893620252609,7.360436800390136e-16
7,2,step,False,13,1.4164375940140463,0.03955307267880031,0.12684618222524793,0.8454071957022431,49.903785347071945,4,1.4397238092834648,87,12.469883134158824,19.382847528049624,5.009603394929374,8,0.2436404157640796,0,1.1742181015092812,0.6065893620252609,7.360436800390136e-16
7,2,step,False,14,0.9095282557893342,0.39131679045394746,0.5823441853318562,0.5919228099474745,25.982990440588615,4,1.8809392902878954,46,9.667625596762669,13.986620036422693,1.7702377377974834,3,0.3110762483589332,0,1.1742181015092812,0.6065893620252609,7.360436800390136e-16
7,2,step,False,15,0.979959092698329,0.1014913840510643,0.12345671530436549,0.6714650101740443,100.22869046624908,4,1.1588893870320889,154,36.89867084323578,50.936381948860834,10.158665906413292,13,0.21819663191011698,0,1.1742181015092812,0.6065893620252609,7.360436800390136e-16
7,2,step,False,16,0.6074272708457642,0.05454159333001353,0.15945736630496915,0.4085003650284757,114.58790735195603,4,1.2143450195914391,171,47.822505907257955,66.61276089514573,9.772091467122381,15,0.21223835942201602,0,1.1742181015092812,0.6065893620252609,7.360436800390136e-16
7,2,step,False,17,0.7090745349758502,0.03461997321077788,0.28245151927795586,0.5006839274000127,91.91038893568631,4,1.2310369715249714,147,31.88698057485313,43.91892544464683,9.667013588058174,16,0.2313265625146031,0,1.1742181015092812,0.6065893620252609,7.360436800390136e-16
7,2,step,False,18,1.6675110350894953,0.062300163037282905,0.05872379568227734,1.0925690653641356,63.257256614165854,4,1.2209103837488429,107,17.6927569578369,23.898287122299706,7.630103670082665,13,0.17472139731010175,0,1.1742181015092812,0.6065893620252609,7.360436800390136e-16
7,2,step,False,19,0.9835998101561569,0.035264039459234474,0.132463352024765,0.6627376854633845,95.24671985369999,4,1.1657662482924642,146,35.47091712533383,48.62956613207771,9.929635925404824,12,0.21371686578024168,0,1.1742181015092812,0.6065893620252609,7.360436800390136e-16
7,2,step,False,20,1.3118515925786611,0.1380443106690413,0.08429378441610243,0.9235690947304813,32.39522492289318,4,1.297573357104855,59,10.448840245739522,14.621870970842108,4.583855728582646,7,0.1747641496010822,0,1.1742181015092812,0.6065893620252609,7.360436800390136e-16
7,2,step,False,21,2.4897466425669204,0.3716313950390814,0.1589147823289075,1.7721822389908501,12.877475319551785,4,1.6628685030494748,28,1.6709363843161724,2.081996427906201,1.213309395418206,2,0.2002003313392544,0,1.1742181015092812,0.6065893620252609,7.360436800390136e-16
7,2,step,False,22,0.5277176915553676,0.1628101382740212,0.37647377676361277,0.3747600967617925,109.47356309689263,4,1.2290279960899777,170,42.724493136115186,59.61934924935635,9.514466384682287,13,0.22730149397954819,0,1.1742181015092812,0.6065893620252609,7.360436800390136e-16
7,2,step,False,23,2.43209115517156,0.22695795104498476,0.08425974037642406,1.4524038013586822,29.217988145921435,4,1.4840626442287876,55,7.166466583888015,9.605927055576451,4.552328880685266,7,0.21450886581669337,0,1.1742181015092812,0.6065893620252609,7.360436800390136e-16
7,3,step,False,0,1.695893548209062,0.05005545913268521,0.19525904343548456,0.9573948863427433,53.465993280249634,4,1.2472880042483732,97,13.433444725124458,17.879464681202787,4.120287888145276,8,0.16417352282405087,0,0.8302975821692065,0.3642951250076294,7.032360770197789e-16
7,3,step,False,1,2.2857085843603824,0.05259162946514931,0.08816563490338374,1.407207050863268,33.80790741579857,4,1.3955810576463779,68,6.164359546634532,8.315455571245948,2.9810949166534595,5,0.22883194518708924,0,0.8302975821692065,0.3642951250076294,7.032360770197789e-16
7,3,step,False,2,0.7496180157712998,0.18966863884998927,0.22128192646225855,0.5188666530424966,102.02524851658946,4,1.2462523477289515,158,36.13653281960646,47.998228881866865,9.07717937305417,14,0.1467642948004382,0,0.8302975821692065,0.3642951250076294,7.032360770197789e-16
7,3,step,False,3,0.7321385464267546,0.1094657593784847,0.43061914756824915,0.4566342126644743,78.43110798093267,4,1.266839737976448,118,34.78235627414155,48.40325489681948,8.328805409891904,15,0.17909345879611416,0,0.8302975821692065,0.3642951250076294,7.032360770197789e-16
7,3,step,False,4,1.3432311769705663,0.1324749029667728,0.022440461770385334,0.9259020799765998,75.99552897688298,4,1.1526094094761743,130,20.51305103982036,25.584893753485872,8.62452127794918,14,0.08075921630409659,0,0.8302975821692065,0.3642951250076294,7.032360770197789e-16
7,3,step,False,5,2.5599472376981836,0.21319188182222548,0.12059792129482677,1.516949512907638,24.62584607685912,4,1.7856351223096008,46,5.043559413342993,7.173928739580437,4.010151818914064,6,0.12842005124882644,0,0.8302975821692065,0.3642951250076294,7.032360770197789e-16
7,3,step,False,6,2.5719546876022785,0.2205615404654183,0.0803887352418024,1.6257582648923694,25.886473484609475,4,1.3148413721217607,49,5.801355192909779,7.50570024295961,3.402165135515465,5,0.08432978057709267,0,0.8302975821692065,0.3642951250076294,7.032360770197789e-16
7,3,step,False,7,0.5562056173718655,0.04781256431036043,0.20872328781321825,0.3844420441868076,109.16931197286914,4,1.204066454109447,169,43.468045306255924,59.29162384988548,11.45044705075708,14,0.15938791267168426,0,0.8302975821692065,0.3642951250076294,7.032360770197789e-16
7,3,step,False,8,0.18965584778829725,0.2519543262285975,0.9143077372142385,0.22116256011098753,78.52859213405438,4,1.3153045139270814,121,32.12715814591734,44.128940509098506,9.34625701013372,14,0.11499684876484895,0,0.8302975821692065,0.3642951250076294,7.032360770197789e-16
7,3,step,False,9,1.7902645027757145,0.04346721323319614,0.20414307758733768,1.1345627468432873,30.051260915893067,4,1.5234981204062745,62,8.762928960909566,13.762687545322155,1.965315136448519,2,0.1766370809041111,0,0.8302975821692065,0.3642951250076294,7.032360770197789e-16
7,3,step,False,10,1.8688287133032908,0.19884579131114724,0.10160294257412553,1.164129773233636,13.875457717056847,4,1.5335676978780175,32,2.486237935683621,3.1877753410814607,1.7723265200975988,4,0.23669720958875787,0,0.8302975821692065,0.3642951250076294,7.032360770197789e-16
7,3,step,False,11,1.798904448533471,0.21688935641604465,0.06039189156360905,1.01696113752201,22.526533495044212,4,1.4991487356783237,45,5.943595663789719,8.31727348803495,2.1093531614939183,3,0.1638869911708246,0,0.8302975821692065,0.3642951250076294,7.032360770197789e-16
7,3,step,False,12,1.656085565633077,0.06964626829513695,0.2418351852356281,0.9201230880504457,66.52874753848387,4,1.4668885675408487,111,18.42173773144646,25.269117792845623,3.0107832217690316,9,0.2091356123547095,0,0.8302975821692065,0.3642951250076294,7.032360770197789e-16
7,3,step,False,13,1.4164375940140463,0.046658635824844655,0.12684618222524793,0.8454071957022431,49.903785347071945,4,1.4397238092834648,87,12.848689312361486,19.056464852368144,5.009603394929374,8,0.17649257114321798,0,0.8302975821692065,0.3642951250076294,7.032360770197789e-16
7,3,step,False,14,0.9095282557893342,0.6148533047499397,0.5823441853318562,0.5919228099474745,25.982990440588615,4,1.8809392902878954,46,9.938847549198302,15.293510203354797,1.7702377377974834,3,0.30488844940334264,0,0.8302975821692065,0.3642951250076294,7.032360770197789e-16
7,3,step,False,15,0.979959092698329,0.033395050599331386,0.12345671530436549,0.6714650101740443,100.22869046624908,4,1.1588893870320889,154,34.190105655157254,45.59891396309774,10.158665906413292,13,0.13343400416065349,0,0.8302975821692065,0.3642951250076294,7.032360770197789e-16
7,3,step,False,16,0.6074272708457642,0.09586143765863867,0.15945736630496915,0.4085003650284757,114.58790735195603,4,1.2143450195914391,171,47.04478870687832,62.46526985052134,9.772091467122381,15,0.137039337587718,0,0.8302975821692065,0.3642951250076294,7.032360770197789e-16
7,3,step,False,17,0.7090745349758502,0.06844365025836756,0.28245151927795586,0.5006839274000127,91.91038893568631,4,1.2310369715249714,147,31.998128606877916,42.97114537212222,9.667013588058174,16,0.18013138848265636,0,0.8302975821692065,0.3642951250076294,7.032360770197789e-16
7,3,step,False,18,1.6675110350894953,0.035844514817700956,0.05872379568227734,1.0925690653641356,63.257256614165854,4,1.2209103837488429,107,16.804530524995293,22.793986001348127,7.630103670082665,13,0.08424108653927882,0,0.8302975821692065,0.3642951250076294,7.032360770197789e-16
7,3,step,False,19,0.9835998101561569,0.09970008793569626,0.132463352024765,0.6627376854633845,95.24671985369999,4,1.1657662482924642,146,33.035873411098784,44.632064949728424,9.929635925404824,12,0.13284073858778728,0,0.8302975821692065,0.3642951250076294,7.032360770197789e-16
7,3,step,False,20,1.3118515925786611,0.11102488164201613,0.08429378441610243,0.9235690947304813,32.39522492289318,4,1.297573357104855,59,11.056957680363809,14.088259826506826,4.583855728582646,7,0.08406029226270546,0,0.8302975821692065,0.3642951250076294,7.032360770197789e-16
7,3,step,False,21,2.4897466425669204,0.8069371794460092,0.1589147823289075,1.7721822389908501,12.877475319551785,4,1.6628685030494748,28,1.9790487559453462,2.960985237840962,1.213309395418206,2,0.09273389968463648,0,0.8302975821692065,0.3642951250076294,7.032360770197789e-16
7,3,step,False,22,0.5277176915553676,0.11009906827591918,0.37647377676361277,0.3747600967617925,109.47356309689263,4,1.2290279960899777,170,41.08995971839478,55.557292572239284,9.514466384682287,13,0.18556222358176086,0,0.8302975821692065,0.3642951250076294,7.032360770197789e-16
7,3,step,False,23,2.43209115517156,0.28550743470838585,0.08425974037642406,1.4524038013586822,29.217988145921435,4,1.4840626442287876,55,6.928733892865367,8.468894141744284,4.552328880685266,7,0.12839967168157426,0,0.8302975821692065,0.3642951250076294,7.032360770197789e-16
8,0,init,False,0,1.0378506748875693,0.0,0.12303605294879973,0.6012933781725471,80.38713347296193,4,1.2026616870824982,131,nan,nan,6.409736394929717,11,nan,0,nan,nan,nan
8,0,init,False,1,0.6716561569208681,0.0,0.12568697732852122,0.30461582712940066,110.66944159046545,4,1.1833399203270567,160,nan,nan,9.619335184444632,16,nan,0,nan,nan,nan
8,0,init,False,2,2.0226041686187917,2.1073424255447017e-08,0.16904517333489255,1.2580471060144989,27.076090029182133,4,1.4261710912871275,57,nan,nan,2.638891193165522,4,nan,0,nan,nan,nan
8,0,init,False,3,0.7777394701992171,1.4901161193847656e-08,0.24949333439569482,0.3828333536828489,91.31304504135807,4,1.2207595593000429,140,nan,nan,6.101495755763271,9,nan,0,nan,nan,nan
8,0,init,False,4,0.47784343743739227,1.4901161193847656e-08,0.41991478051445036,0.2921728391935947,101.21065763451463,4,1.28146989511169,148,nan,nan,10.324470345173227,15,nan,0,nan,nan,nan
8,0,init,False,5,0.6531959063139913,0.0,0.23445463581716386,0.40453578366524134,42.28914634096264,4,1.2983931169285168,76,nan,nan,2.65364998644303,6,nan,0,nan,nan,nan
8,0,init,False,6,1.1350102603683618,0.0,0.2129847451316913,0.6711400654645836,53.62026537984196,4,1.208308728279306,99,nan,nan,4.369238642451686,11,nan,0,nan,nan,nan
8,0,init,False,7,1.0600535721639959,0.0,0.26565181881205935,0.8035658186694545,55.050758548392636,4,1.3889876218895796,91,nan,nan,6.062794397403266,10,nan,0,nan,nan,nan
8,0,init,False,8,1.8614204865315083,0.0,0.10258853602998527,1.1101139028193139,52.453877476051616,4,1.254462317202486,94,nan,nan,2.807739901970866,5,nan,0,nan,nan,nan
8,0,init,False,9,3.20983498587541,1.4901161193847656e-08,0.1151591637819622,2.190695482201376,3.6738970218116878,4,3.0083351974084533,8,nan,nan,1.0,1,nan,0,nan,nan,nan
8,0,init,False,10,0.8302344040252218,1.4901161193847656e-08,0.3024570668814359,0.4864733974997199,89.28078021085307,4,1.1786060088213433,135,nan,nan,8.645620349730331,12,nan,0,nan,nan,nan
8,0,init,False,11,0.2031161972728973,0.0,0.3539489107395197,0.14607377248674752,120.36043469189067,4,1.169915737059017,171,nan,nan,13.1426093350954,19,nan,0,nan,nan,nan
8,0,init,False,12,0.8087519726279173,0.0,0.11464679184858678,0.46289950586347306,77.21598082614605,4,1.2865793629860431,127,nan,nan,9.634082022018477,17,nan,0,nan,nan,nan
8,0,init,False,13,2.043123899298297,0.0,0.07303363955223752,1.3078200303194811,38.77488469774087,4,1.517674082475266,76,nan,nan,4.266241509095584,9,nan,0,nan,nan,nan
8,0,init,False,14,0.951778082041314,0.0,0.3592729885583885,0.3889981400938256,38.09994319474929,4,1.6056901379588442,71,nan,nan,2.387540199667094,7,nan,0,nan,nan,nan
8,0,init,False,15,0.4172505094214615,0.0,0.40757618048955757,0.26996132229601627,74.19146716210743,4,1.2295859775099058,124,nan,nan,6.029325570241431,12,nan,0,nan,nan,nan
8,0,init,False,16,0.35411392282486276,0.0,0.4457385179352675,0.2478574893369517,96.19237975674679,4,1.3103526701279253,153,nan,nan,10.988107511941076,16,nan,0,nan,nan,nan
8,0,init,False,17,1.5646563512603404,0.0,0.09669025035476168,0.8270807471974078,64.84271274356155,4,1.2130484449046435,119,nan,nan,8.35214717726898,12,nan,0,nan,nan,nan
8,0,init,False,18,1.8032365558301429,1.4901161193847656e-08,0.07677892529708916,1.0547730329039768,41.454124403351656,4,1.4494181781835445,79,nan,nan,5.111442043284658,9,nan,0,nan,nan,nan
8,0,init,False,19,2.8305949396715846,1.4901161193847656e-08,0.06984983268365177,1.7313165651532458,10.812960344088546,4,2.2426472127309065,24,nan,nan,1.938532512655518,2,nan,0,nan,nan,nan
8,0,init,False,20,0.5059941463453863,0.0,0.34014327200290284,0.3536446661180881,51.6561043131468,4,1.437951901754448,90,nan,nan,7.079871112193736,11,nan,0,nan,nan,nan
8,0,init,False,21,1.8806394974673035,0.0,0.16694469810097767,1.3255865032424996,10.13580479948925,4,2.330469541565189,18,nan,nan,1.1764279143543734,2,nan,0,nan,nan,nan
8,0,init,False,22,1.0642945010013232,0.0,0.4400458830570237,0.733282986456121,50.29420951461046,4,1.385653510564346,83,nan,nan,6.580376277905314,10,nan,0,nan,nan,nan
8,0,init,False,23,1.6477180246523284,2.1073424255447017e-08,0.06168240977399816,0.9798373699576436,58.943900805974884,4,1.2586679152456106,98,nan,nan,6.680324662802827,10,nan,0,nan,nan,nan
8,1,step,True,0,1.0378506748875693,0.0,0.12303605294879973,0.6012933781725471,80.38713347296193,4,1.2026616870824982,131,21.895530188516656,31.773846515058782,6.409736394929717,11,0.30992081449915365,0,1.6121988453621614,1.0,nan
8,1,step,True,1,0.6716561569208681,0.0,0.12568697732852122,0.30461582712940066,110.66944159046545,4,1.1833399203270567,160,49.55694500252269,66.71685685704648,9.619335184444632,16,0.2796808284004938,0,1.6121988453621614,1.0,nan
8,1,step,True,2,2.0226041686187917,2.1073424255447017e-08,0.16904517333489255,1.2580471060144989,27.076090029182133,4,1.4261710912871275,57,4.097863626776006,6.605839520596737,2.638891193165522,4,0.2928245221641411,0,1.6121988453621614,1.0,nan
8,1,step,True,3,0.7777394701992171,1.4901161193847656e-08,0.24949333439569482,0.3828333536828489,91.31304504135807,4,1.2207595593000429,140,29.742003550379085,42.17284181741827,6.101495755763271,9,0.31634998674886566,0,1.6121988453621614,1.0,nan
8,1,step,True,4,0.47784343743739227,1.4901161193847656e-08,0.41991478051445036,0.2921728391935947,101.21065763451463,4,1.28146989511169,148,40.94693627248696,53.84363168088366,10.324470345173227,15,0.18962344692683294,0,1.6121988453621614,1.0,nan
8,1,step,True,5,0.6531959063139913,0.0,0.23445463581716386,0.40453578366524134,42.28914634096264,4,1.2983931169285168,76,11.908013492864018,16.06636886178867,2.65364998644303,6,0.2306873263422387,0,1.6121988453621614,1.0,nan
8,1,step,True,6,1.1350102603683618,0.0,0.2129847451316913,0.6711400654645836,53.62026537984196,4,1.208308728279306,99,15.932256040150145,22.7157232365763,4.369238642451686,11,0.14834785692144759,0,1.6121988453621614,1.0,nan
8,1,step,True,7,1.0600535721639959,0.0,0.26565181881205935,0.8035658186694545,55.050758548392636,4,1.3889876218895796,91,15.858418246996337,23.45324563561238,6.062794397403266,10,0.23390466982866628,0,1.6121988453621614,1.0,nan
8,1,step,True,8,1.8614204865315083,0.0,0.10258853602998527,1.1101139028193139,52.453877476051616,4,1.254462317202486,94,13.79309044455039,19.957087272632027,2.807739901970866,5,0.35790032546040557,0,1.6121988453621614,1.0,nan
8,1,step,True,9,3.20983498587541,1.4901161193847656e-08,0.1151591637819622,2.190695482201376,3.6738970218116878,4,3.0083351974084533,8,1.0,1.0,1.0,1,0.0,1,1.6121988453621614,1.0,nan
8,1,step,True,10,0.8302344040252218,1.4901161193847656e-08,0.3024570668814359,0.4864733974997199,89.28078021085307,4,1.1786060088213433,135,38.61697558121317,50.91782272811072,8.645620349730331,12,0.2667948615963423,0,1.6121988453621614,1.0,nan
8,1,step,True,11,0.2031161972728973,0.0,0.3539489107395197,0.14607377248674752,120.36043469189067,4,1.169915737059017,171,50.37931935446912,69.77606203896397,13.1426093350954,19,0.18223309655440553,0,1.6121988453621614,1.0,nan
8,1,step,True,12,0.8087519726279173,0.0,0.11464679184858678,0.46289950586347306,77.21598082614605,4,1.2865793629860431,127,27.021026391348087,36.56102216299682,9.634082022018477,17,0.3145251470978395,0,1.6121988453621614,1.0,nan
8,1,step,True,13,2.043123899298297,0.0,0.07303363955223752,1.3078200303194811,38.77488469774087,4,1.517674082475266,76,10.464119750646459,14.930083598844334,4.266241509095584,9,0.14919783530822991,0,1.6121988453621614,1.0,nan
8,1,step,True,14,0.951778082041314,0.0,0.3592729885583885,0.3889981400938256,38.09994319474929,4,1.6056901379588442,71,8.333591829611837,12.23917254789896,2.387540199667094,7,0.22721227780269307,0,1.6121988453621614,1.0,nan
8,1,step,True,15,0.4172505094214615,0.0,0.40757618048955757,0.26996132229601627,74.19146716210743,4,1.2295859775099058,124,23.317026386953245,32.89669488422646,6.029325570241431,12,0.27879450254649246,0,1.6121988453621614,1.0,nan
8,1,step,True,16,0.35411392282486276,0.0,0.4457385179352675,0.2478574893369517,96.19237975674679,4,1.3103526701279253,153,34.02945447329896,47.093222834729005,10.988107511941076,16,0.2341371928229339,0,1.6121988453621614,1.0,nan
8,1,step,True,17,1.5646563512603404,0.0,0.09669025035476168,0.8270807471974078,64.84271274356155,4,1.2130484449046435,119,19.250993136177776,27.888448601148742,8.35214717726898,12,0.2973885042016167,0,1.6121988453621614,1.0,nan
8,1,step,True,18,1.8032365558301429,1.4901161193847656e-08,0.07677892529708916,1.0547730329039768,41.454124403351656,4,1.4494181781835445,79,10.001866587350095,14.388125540199326,5.111442043284658,9,0.2594203459408399,0,1.6121988453621614,1.0,nan
8,1,step,True,19,2.8305949396715846,1.4901161193847656e-08,0.06984983268365177,1.7313165651532458,10.812960344088546,4,2.2426472127309065,24,2.9557594645908782,4.07059329073223,1.938532512655518,2,0.45551445126347634,0,1.6121988453621614,1.0,nan
8,1,step,True,20,0.5059941463453863,0.0,0.34014327200290284,0.3536446661180881,51.6561043131468,4,1.437951901754448,90,15.275048253119522,20.235477680902225,7.079871112193736,11,0.2997986765172962,0,1.6121988453621614,1.0,nan
8,1,step,True,21,1.8806394974673035,0.0,0.16694469810097767,1.3255865032424996,10.13580479948925,4,2.330469541565189,18,2.627033594868638,4.05498171134333,1.1764279143543734,2,0.3171929157850836,0,1.6121988453621614,1.0,nan
8,1,step,True,22,1.0642945010013232,0.0,0.4400458830570237,0.733282986456121,50.29420951461046,4,1.385653510564346,83,15.498274758050524,22.790112885775397,6.580376277905314,10,0.3154305709924404,0,1.6121988453621614,1.0,nan
8,1,step,True,23,1.6477180246523284,2.1073424255447017e-08,0.06168240977399816,0.9798373699576436,58.943900805974884,4,1.2586679152456106,98,17.498453573059592,24.57219512039844,6.680324662802827,10,0.3037135198753456,0,1.6121988453621614,1.0,nan
9,0,init,False,0,1.9319150175304767,0.0,0.10922289075720497,1.1741594893840335,50.83765592911183,4,1.5080824678619769,94,nan,nan,4.951049427882265,9,nan,0,nan,nan,nan
9,0,init,False,1,2.297613715968394,0.0,0.16228131059326445,1.3195659414977998,9.036244677316205,4,1.4151987580563266,17,nan,nan,2.4066897298444108,3,nan,0,nan,nan,nan
9,0,init,False,2,0.3806438597462406,0.0,0.7688169237098971,0.3724109192463156,45.72076231280717,4,1.6999048964630479,77,nan,nan,4.235501892019893,7,nan,0,nan,nan,nan
9,0,init,False,3,2.589576667811834,0.0,0.1332238939908978,1.4685184233212882,21.878998199936778,4,1.4101589686111116,41,nan,nan,2.800817358207788,5,nan,0,nan,nan,nan
9,0,init,False,4,0.4350174884567207,1.4901161193847656e-08,0.6324199763837439,0.27689877281712677,46.06352586455857,4,1.326473862479658,82,nan,nan,5.325483028926313,12,nan,0,nan,nan,nan
9,0,init,False,5,1.1156952399600832,0.0,0.18023716553541275,0.6884010975879544,43.374717724875914,4,1.3542569949811656,78,nan,nan,6.563383068922615,12,nan,0,nan,nan,nan
9,0,init,False,6,1.3582674648938677,0.0,0.14676985899851125,0.7762411083543527,79.7391800660551,4,1.1534659600038029,129,nan,nan,7.4425737981421225,12,nan,0,nan,nan,nan
9,0,init,False,7,1.0005504679814938,1.4901161193847656e-08,0.1466242093868162,0.5328449404557218,84.84485484469167,4,1.2284512066025288,138,nan,nan,8.023903022809062,13,nan,0,nan,nan,nan
9,0,init,False,8,1.9666485141928456,0.0,0.19737429712429255,1.2234565165012112,21.853085367342054,4,1.6307073254371576,46,nan,nan,2.3143784434093186,5,nan,0,nan,nan,nan
9,0,init,False,9,0.6243284807757906,1.4901161193847656e-08,0.3279161076603897,0.3349818360725658,97.61428840538967,4,1.249645505709279,154,nan,nan,8.617345995483836,15,nan,0,nan,nan,nan
9,0,init,False,10,1.7743448667122528,0.0,0.13898496592129797,1.0406885577753495,40.70322499449219,4,1.4769839727858245,83,nan,nan,4.418969352691991,7,nan,0,nan,nan,nan
9,0,init,False,11,1.0972591878173263,0.0,0.2792895201560445,0.7425227093851822,65.40928099831156,4,1.2263952143406478,108,nan,nan,5.482957950661375,8,nan,0,nan,nan,nan
9,0,init,False,12,2.5440052353798466,0.0,0.2411229841446357,1.6782903052148672,3.7329969318222256,4,8.4013883568947,6,nan,nan,1.1612495848795443,2,nan,0,nan,nan,nan
9,0,init,False,13,1.065335976205895,0.0,0.15988510373123277,0.48074151789870073,99.54309701714674,4,1.2654416926309866,157,nan,nan,9.377984886071925,15,nan,0,nan,nan,nan
9,0,init,False,14,0.6147355922993071,0.0,0.13444728392954045,0.23553545051378413,101.88338781080608,4,1.2131011237126672,155,nan,nan,10.7325429181916,16,nan,0,nan,nan,nan
9,0,init,False,15,1.1390096535776728,2.1073424255447017e-08,0.09802056962033691,0.6436712604281858,103.97304012625618,4,1.084218045433002,155,nan,nan,9.51158874358387,16,nan,0,nan,nan,nan
9,0,init,False,16,1.2557821063963082,0.0,0.11611579825014204,0.6747425535690329,96.59675285176966,4,1.2449504557197069,153,nan,nan,8.782096652840504,14,nan,0,nan,nan,nan
9,0,init,False,17,2.4046687697579534,2.1073424255447017e-08,0.09742479103182744,1.3791854268956292,33.0812012220659,4,1.6683970443998164,66,nan,nan,3.5513756640917347,7,nan,0,nan,nan,nan
9,0,init,False,18,1.5047639121030847,0.0,0.12618457708691785,0.9314880879902975,54.67622169110198,4,1.5949543931485424,93,nan,nan,5.027811250983838,11,nan,0,nan,nan,nan
9,0,init,False,19,1.497484781295103,1.4901161193847656e-08,0.06854794014301595,0.8961007175209915,52.59368491985117,4,1.1888821417890714,97,nan,nan,4.865930677258875,9,nan,0,nan,nan,nan
9,0,init,False,20,0.3913953812157383,0.0,0.45029835540271934,0.360824054902853,90.62980286426586,4,1.2649703156125822,146,nan,nan,9.406098600296723,15,nan,0,nan,nan,nan
9,0,init,False,21,1.664103941613645,1.4901161193847656e-08,0.07277465176761311,1.1391165315662632,12.120125259295206,4,1.3443735004067154,22,nan,nan,1.7213828827791333,3,nan,0,nan,nan,nan
9,0,init,False,22,1.408979648993165,0.0,0.16533938859444647,0.6915377792758998,53.60540342249233,4,1.421516828106679,102,nan,nan,5.533264505131386,10,nan,0,nan,nan,nan
9,0,init,False,23,0.36411673436852154,0.0,0.12471637197965432,0.2217320279639587,130.4884664982385,4,1.154610501318598,187,nan,nan,11.745620564889926,18,nan,0,nan,nan,nan
9,1,step,False,0,1.9319150175304767,0.266365876969609,0.10922289075720497,1.1741594893840335,50.83765592911183,4,1.5080824678619769,94,11.90028241878269,19.885481576677257,4.951049427882265,9,0.2137658220678191,0,1.7084164625838822,1.0,6.147300391355162e-16
9,1,step,False,1,2.297613715968394,0.07990843214812254,0.16228131059326445,1.3195659414977998,9.036244677316205,4,1.4151987580563266,17,2.900068654688776,3.6404311346157314,2.4066897298444108,3,0.3669897090806626,0,1.7084164625838822,1.0,6.147300391355162e-16
9,1,step,False,2,0.3806438597462406,0.0869006200631386,0.7688169237098971,0.3724109192463156,45.72076231280717,4,1.6999048964630479,77,12.321658107402728,17.692483542791134,4.235501892019893,7,0.3105918443149878,0,1.7084164625838822,1.0,6.147300391355162e-16
9,1,step,False,3,2.589576667811834,0.022927505070975473,0.1332238939908978,1.4685184233212882,21.878998199936778,4,1.4101589686111116,41,4.9456333013376605,6.764442415655159,2.800817358207788,5,0.3356315030783158,0,1.7084164625838822,1.0,6.147300391355162e-16
9,1,step,False,4,0.4350174884567207,0.557907067236821,0.6324199763837439,0.27689877281712677,46.06352586455857,4,1.326473862479658,82,14.101343720952563,20.404649320083315,5.325483028926313,12,0.18399373533387864,0,1.7084164625838822,1.0,6.147300391355162e-16
9,1,step,False,5,1.1156952399600832,0.31133424542497756,0.18023716553541275,0.6884010975879544,43.374717724875914,4,1.3542569949811656,78,12.966592956796749,18.891762767913193,6.563383068922615,12,0.23714967732299916,0,1.7084164625838822,1.0,6.147300391355162e-16
9,1,step,False,6,1.3582674648938677,0.033280430335836476,0.14676985899851125,0.7762411083543527,79.7391800660551,4,1.1534659600038029,129,28.747105336916775,39.920758057570026,7.4425737981421225,12,0.1774995528542032,0,1.7084164625838822,1.0,6.147300391355162e-16
9,1,step,False,7,1.0005504679814938,0.1830809874302768,0.1466242093868162,0.5328449404557218,84.84485484469167,4,1.2284512066025288,138,27.787493253656557,38.74140640264389,8.023903022809062,13,0.26963503812350864,0,1.7084164625838822,1.0,6.147300391355162e-16
9,1,step,False,8,1.9666485141928456,0.27577194506847996,0.19737429712429255,1.2234565165012112,21.853085367342054,4,1.6307073254371576,46,4.198350257121681,6.34125793511293,2.3143784434093186,5,0.4324906015190386,0,1.7084164625838822,1.0,6.147300391355162e-16
9,1,step,False,9,0.6243284807757906,0.10594607347214917,0.3279161076603897,0.3349818360725658,97.61428840538967,4,1.249645505709279,154,36.471645697460836,54.05235222147349,8.617345995483836,15,0.17888776790258415,0,1.7084164625838822,1.0,6.147300391355162e-16
9,1,step,False,10,1.7743448667122528,0.12908672824644252,0.13898496592129797,1.0406885577753495,40.70322499449219,4,1.4769839727858245,83,7.801507214063661,10.397751771224254,4.418969352691991,7,0.3201505683037246,0,1.7084164625838822,1.0,6.147300391355162e-16
9,1,step,False,11,1.0972591878173263,0.11017886960532441,0.2792895201560445,0.7425227093851822,65.40928099831156,4,1.2263952143406478,108,17.425073309112193,24.404618069607093,5.482957950661375,8,0.29977826125226414,0,1.7084164625838822,1.0,6.147300391355162e-16
9,1,step,False,12,2.5440052353798466,0.1680706805802328,0.2411229841446357,1.6782903052148672,3.7329969318222256,4,8.4013883568947,6,1.397180785073378,1.6861237768691777,1.1612495848795443,2,0.35629194406527004,0,1.7084164625838822,1.0,6.147300391355162e-16
9,1,step,False,13,1.065335976205895,0.22216567603270335,0.15988510373123277,0.48074151789870073,99.54309701714674,4,1.2654416926309866,157,35.8242000193221,51.30125971846591,9.377984886071925,15,0.31672139392342086,0,1.7084164625838822,1.0,6.147300391355162e-16
9,1,step,False,14,0.6147355922993071,0.1278411353520684,0.13444728392954045,0.23553545051378413,101.88338781080608,4,1.2131011237126672,155,42.54616209528608,56.32190117238338,10.7325429181916,16,0.292821046379381,0,1.7084164625838822,1.0,6.147300391355162e-16
9,1,step,False,15,1.1390096535776728,0.060109786597150265,0.09802056962033691,0.6436712604281858,103.97304012625618,4,1.084218045433002,155,43.82642858407712,60.958712330623,9.51158874358387,16,0.18434803105826034,0,1.7084164625838822,1.0,6.147300391355162e-16
9,1,step,False,16,1.2557821063963082,0.3641328965301063,0.11611579825014204,0.6747425535690329,96.59675285176966,4,1.2449504557197069,153,29.19509157337148,41.8359724571946,8.782096652840504,14,0.23488095001936538,0,1.7084164625838822,1.0,6.147300391355162e-16
9,1,step,False,17,2.4046687697579534,0.12434870101154613,0.09742479103182744,1.3791854268956292,33.0812012220659,4,1.6683970443998164,66,6.015185002316217,10.612403607488014,3.5513756640917347,7,0.35904131943150636,0,1.7084164625838822,1.0,6.147300391355162e-16
9,1,step,False,18,1.5047639121030847,0.08409089524303788,0.12618457708691785,0.9314880879902975,54.67622169110198,4,1.5949543931485424,93,17.8559324071023,26.138922190522386,5.027811250983838,11,0.3076152017487432,0,1.7084164625838822,1.0,6.147300391355162e-16
9,1,step,False,19,1.497484781295103,0.09192965079621507,0.06854794014301595,0.8961007175209915,52.59368491985117,4,1.1888821417890714,97,12.798893428967256,19.697874575842242,4.865930677258875,9,0.19492073889078446,0,1.7084164625838822,1.0,6.147300391355162e-16
9,1,step,False,20,0.3913953812157383,0.04402239562732543,0.45029835540271934,0.360824054902853,90.62980286426586,4,1.2649703156125822,146,32.1420444826835,46.74980486743438,9.406098600296723,15,0.17559202399008386,0,1.7084164625838822,1.0,6.147300391355162e-16
9,1,step,False,21,1.664103941613645,0.23891369384363395,0.07277465176761311,1.1391165315662632,12.120125259295206,4,1.3443735004067154,22,4.162510646250857,5.824650632433916,1.7213828827791333,3,0.22747990174280774,0,1.7084164625838822,1.0,6.147300391355162e-16
9,1,step,False,22,1.408979648993165,0.3075478861970963,0.16533938859444647,0.6915377792758998,53.60540342249233,4,1.421516828106679,102,11.895609067305841,17.214234912493975,5.533264505131386,10,0.3344991093064228,0,1.7084164625838822,1.0,6.147300391355162e-16
9,1,step,False,23,0.36411673436852154,0.10695502153393004,0.12471637197965432,0.2217320279639587,130.4884664982385,4,1.154610501318598,187,60.77400767995109,82.77528192639559,11.745620564889926,18,0.2589079736384571,0,1.7084164625838822,1.0,6.147300391355162e-16
9,2,step,False,0,1.9319150175304767,0.30822016177785944,0.10922289075720497,1.1741594893840335,50.83765592911183,4,1.5080824678619769,94,7.406973956300187,11.335541754267624,4.951049427882265,9,0.20924264376884447,0,1.2080328657837966,0.6071191877126694,6.703738366706011e-16
9,2,step,False,1,2.297613715968394,0.13078544153650498,0.16228131059326445,1.3195659414977998,9.036244677316205,4,1.4151987580563266,17,1.8356563075345036,2.452712180424152,2.4066897298444108,3,0.20777821165476634,0,1.2080328657837966,0.6071191877126694,6.703738366706011e-16
9,2,step,False,2,0.3806438597462406,0.05145029224887134,0.7688169237098971,0.3724109192463156,45.72076231280717,4,1.6999048964630479,77,14.955298043188707,22.502371375966284,4.235501892019893,7,0.27895852298952645,0,1.2080328657837966,0.6071191877126694,6.703738366706011e-16
9,2,step,False,3,2.589576667811834,0.12306362171701757,0.1332238939908978,1.4685184233212882,21.878998199936778,4,1.4101589686111116,41,3.434298743820622,3.980380073178331,2.800817358207788,5,0.22570195730259054,0,1.2080328657837966,0.6071191877126694,6.703738366706011e-16
9,2,step,False,4,0.4350174884567207,0.6704140778992601,0.6324199763837439,0.27689877281712677,46.06352586455857,4,1.326473862479658,82,15.984970230634682,23.28064520750287,5.325483028926313,12,0.05977334409060797,0,1.2080328657837966,0.6071191877126694,6.703738366706011e-16
9,2,step,False,5,1.1156952399600832,0.3681930576132549,0.18023716553541275,0.6884010975879544,43.374717724875914,4,1.3542569949811656,78,14.315791627974345,19.900635666208796,6.563383068922615,12,0.16473444258929587,0,1.2080328657837966,0.6071191877126694,6.703738366706011e-16
9,2,step,False,6,1.3582674648938677,0.07592678712847384,0.14676985899851125,0.7762411083543527,79.7391800660551,4,1.1534659600038029,129,27.765294602539026,38.3841291130672,7.4425737981421225,12,0.17074827035145157,0,1.2080328657837966,0.6071191877126694,6.703738366706011e-16
9,2,step,False,7,1.0005504679814938,0.23550076179145976,0.1466242093868162,0.5328449404557218,84.84485484469167,4,1.2284512066025288,138,29.987867469177264,42.30525425721036,8.023903022809062,13,0.23796527730337783,0,1.2080328657837966,0.6071191877126694,6.703738366706011e-16
9,2,step,False,8,1.9666485141928456,0.48836415256754656,0.19737429712429255,1.2234565165012112,21.853085367342054,4,1.6307073254371576,46,3.6898351237409943,5.166897767279686,2.3143784434093186,5,0.22039819450682246,0,1.2080328657837966,0.6071191877126694,6.703738366706011e-16
9,2,step,False,9,0.6243284807757906,0.0756375832665285,0.3279161076603897,0.3349818360725658,97.61428840538967,4,1.249645505709279,154,38.10012988834346,54.85079096094796,8.617345995483836,15,0.2631882308465999,0,1.2080328657837966,0.6071191877126694,6.703738366706011e-16
9,2,step,False,10,1.7743448667122528,0.15611948318171884,0.13898496592129797,1.0406885577753495,40.70322499449219,4,1.4769839727858245,83,6.496158091717897,9.080087689135892,4.418969352691991,7,0.21406341054025654,0,1.2080328657837966,0.6071191877126694,6.703738366706011e-16
9,2,step,False,11,1.0972591878173263,0.1731947382447209,0.2792895201560445,0.7425227093851822,65.40928099831156,4,1.2263952143406478,108,19.178715703338614,26.84007206817591,5.482957950661375,8,0.16040493702740938,0,1.2080328657837966,0.6071191877126694,6.703738366706011e-16
9,2,step,False,12,2.5440052353798466,0.16565035465335048,0.2411229841446357,1.6782903052148672,3.7329969318222256,4,8.4013883568947,6,1.5356688439450217,1.9371380213558285,1.1612495848795443,2,0.3286836401413271,0,1.2080328657837966,0.6071191877126694,6.703738366706011e-16
9,2,step,False,13,1.065335976205895,0.1803649363685926,0.15988510373123277,0.48074151789870073,99.54309701714674,4,1.2654416926309866,157,33.20780859493765,45.1346679289502,9.377984886071925,15,0.22020847765574583,0,1.2080328657837966,0.6071191877126694,6.703738366706011e-16
9,2,step,False,14,0.6147355922993071,0.03509572331956558,0.13444728392954045,0.23553545051378413,101.88338781080608,4,1.2131011237126672,155,45.035762371668206,58.864568737072,10.7325429181916,16,0.21452759351017375,0,1.2080328657837966,0.6071191877126694,6.703738366706011e-16
9,2,step,False,15,1.1390096535776728,0.13602972154992188,0.09802056962033691,0.6436712604281858,103.97304012625618,4,1.084218045433002,155,40.72105078366813,53.7698189533945,9.51158874358387,16,0.1876869838122452,0,1.2080328657837966,0.6071191877126694,6.703738366706011e-16
9,2,step,False,16,1.2557821063963082,0.3298373405204377,0.11611579825014204,0.6747425535690329,96.59675285176966,4,1.2449504557197069,153,28.611099493847686,40.4789879467531,8.782096652840504,14,0.20523291269583946,0,1.2080328657837966,0.6071191877126694,6.703738366706011e-16
9,2,step,False,17,2.4046687697579534,0.20047174313154772,0.09742479103182744,1.3791854268956292,33.0812012220659,4,1.6683970443998164,66,3.057885757052732,4.953917026132793,3.5513756640917347,7,0.21395884163626444,0,1.2080328657837966,0.6071191877126694,6.703738366706011e-16
9,2,step,False,18,1.5047639121030847,0.1694650048421807,0.12618457708691785,0.9314880879902975,54.67622169110198,4,1.5949543931485424,93,16.682562573274268,23.852445224992614,5.027811250983838,11,0.2642293409206717,0,1.2080328657837966,0.6071191877126694,6.703738366706011e-16
9,2,step,False,19,1.497484781295103,0.1448786520352239,0.06854794014301595,0.8961007175209915,52.59368491985117,4,1.1888821417890714,97,12.430439807321847,19.720915797903135,4.865930677258875,9,0.2918106502503661,0,1.2080328657837966,0.6071191877126694,6.703738366706011e-16
9,2,step,False,20,0.3913953812157383,0.042990445701868545,0.45029835540271934,0.360824054902853,90.62980286426586,4,1.2649703156125822,146,37.79148733839401,54.01821155269998,9.406098600296723,15,0.15463829384194966,0,1.2080328657837966,0.6071191877126694,6.703738366706011e-16
9,2,step,False,21,1.664103941613645,0.24843524249626386,0.07277465176761311,1.1391165315662632,12.120125259295206,4,1.3443735004067154,22,4.9042693134288085,6.73947886591861,1.7213828827791333,3,0.2408879243605838,0,1.2080328657837966,0.6071191877126694,6.703738366706011e-16
9,2,step,False,22,1.408979648993165,0.2467207507481217,0.16533938859444647,0.6915377792758998,53.60540342249233,4,1.421516828106679,102,11.207469787206001,16.909424190313658,5.533264505131386,10,0.219497239892466,0,1.2080328657837966,0.6071191877126694,6.703738366706011e-16
9,2,step,False,23,0.36411673436852154,0.11188341424719579,0.12471637197965432,0.2217320279639587,130.4884664982385,4,1.154610501318598,187,61.66351484343493,80.415129221077,11.745620564889926,18,0.21318269938845544,0,1.2080328657837966,0.6071191877126694,6.703738366706011e-16
9,3,step,False,0,1.9319150175304767,0.07204925877743035,0.10922289075720497,1.1741594893840335,50.83765592911183,4,1.5080824678619769,94,6.436319431425211,9.597620270487452,4.951049427882265,9,0.14067873268730074,0,0.854208231291941,0.36366502940654755,2.429409570335455e-14
9,3,step,False,1,2.297613715968394,0.24476431766128554,0.16228131059326445,1.3195659414977998,9.036244677316205,4,1.4151987580563266,17,1.40516508392962,1.6960650093258376,2.4066897298444108,3,0.02412608985973179,0,0.854208231291941,0.36366502940654755,2.429409570335455e-14
9,3,step,False,2,0.3806438597462406,0.02307802322231939,0.7688169237098971,0.3724109192463156,45.72076231280717,4,1.6999048964630479,77,17.916700229168434,26.143457488378008,4.235501892019893,7,0.1910518827792272,0,0.854208231291941,0.36366502940654755,2.429409570335455e-14
9,3,step,False,3,2.589576667811834,0.14426914207036606,0.1332238939908978,1.4685184233212882,21.878998199936778,4,1.4101589686111116,41,3.0602709737329388,3.740498423800297,2.800817358207788,5,0.13564153948661867,0,0.854208231291941,0.36366502940654755,2.429409570335455e-14
9,3,step,False,4,0.4350174884567207,0.5455162146373729,0.6324199763837439,0.27689877281712677,46.06352586455857,4,1.326473862479658,82,19.446825670938743,28.94940775869585,5.325483028926313,12,0.10539470020973028,0,0.854208231291941,0.36366502940654755,2.429409570335455e-14
9,3,step,False,5,1.1156952399600832,0.23528359258030135,0.18023716553541275,0.6884010975879544,43.374717724875914,4,1.3542569949811656,78,15.976145102406527,22.76453342182159,6.563383068922615,12,0.11820564030709062,0,0.854208231291941,0.36366502940654755,2.429409570335455e-14
9,3,step,False,6,1.3582674648938677,0.08774723197030337,0.14676985899851125,0.7762411083543527,79.7391800660551,4,1.1534659600038029,129,24.945329601031503,33.36932651865793,7.4425737981421225,12,0.14772026917879047,0,0.854208231291941,0.36366502940654755,2.429409570335455e-14
9,3,step,False,7,1.0005504679814938,0.17785145442026462,0.1466242093868162,0.5328449404557218,84.84485484469167,4,1.2284512066025288,138,32.46199690476919,44.4744277542767,8.023903022809062,13,0.13091620580863406,0,0.854208231291941,0.36366502940654755,2.429409570335455e-14
9,3,step,False,8,1.9666485141928456,0.5640849557465676,0.19737429712429255,1.2234565165012112,21.853085367342054,4,1.6307073254371576,46,4.856016156128415,7.641805414954626,2.3143784434093186,5,0.16623845635353904,0,0.854208231291941,0.36366502940654755,2.429409570335455e-14
9,3,step,False,9,0.6243284807757906,0.11099018384670327,0.3279161076603897,0.3349818360725658,97.61428840538967,4,1.249645505709279,154,39.38728883917875,55.387532462309764,8.617345995483834,15,0.13681127150188918,0,0.854208231291941,0.36366502940654755,2.429409570335455e-14
9,3,step,False,10,1.7743448667122528,0.10695216869816938,0.13898496592129797,1.0406885577753495,40.70322499449219,4,1.4769839727858245,83,6.830162109773127,10.120793480385682,4.418969352691991,7,0.16479349896885784,0,0.854208231291941,0.36366502940654755,2.429409570335455e-14
9,3,step,False,11,1.0972591878173263,0.12219569201068328,0.2792895201560445,0.7425227093851822,65.40928099831156,4,1.2263952143406478,108,20.24979701675709,27.82465664667546,5.482957950661375,8,0.13999004884872404,0,0.854208231291941,0.36366502940654755,2.429409570335455e-14
9,3,step,False,12,2.5440052353798466,0.22211709682073863,0.2411229841446357,1.6782903052148672,3.7329969318222256,4,8.4013883568947,6,1.3658207546937735,1.7474228925438127,1.1612495848795443,2,0.21984608398956929,0,0.854208231291941,0.36366502940654755,2.429409570335455e-14
9,3,step,False,13,1.065335976205895,0.17555033178435234,0.15988510373123277,0.48074151789870073,99.54309701714674,4,1.2654416926309866,157,30.459132848109505,39.48994645082107,9.377984886071925,15,0.10602073406921586,0,0.854208231291941,0.36366502940654755,2.429409570335455e-14
9,3,step,False,14,0.6147355922993071,0.04523309241885844,0.13444728392954045,0.23553545051378413,101.88338781080608,4,1.2131011237126672,155,43.39171076187922,55.33187851168079,10.7325429181916,16,0.11752096322149808,0,0.854208231291941,0.36366502940654755,2.429409570335455e-14
9,3,step,False,15,1.1390096535776728,0.1585758217685198,0.09802056962033691,0.6436712604281858,103.97304012625618,4,1.084218045433002,155,36.41917877558289,46.31547217210933,9.51158874358387,16,0.1296165342535672,0,0.854208231291941,0.36366502940654755,2.429409570335455e-14
9,3,step,False,16,1.2557821063963082,0.16085110412274356,0.11611579825014204,0.6747425535690329,96.59675285176966,4,1.2449504557197069,153,28.12958281798738,39.41500106317493,8.782096652840504,14,0.11941434085711165,0,0.854208231291941,0.36366502940654755,2.429409570335455e-14
9,3,step,False,17,2.4046687697579534,0.2670262390229666,0.09742479103182744,1.3791854268956292,33.0812012220659,4,1.6683970443998164,66,2.4398333674261212,4.032845500242932,3.5513756640917347,7,0.15141794558391333,0,0.854208231291941,0.36366502940654755,2.429409570335455e-14
9,3,step,False,18,1.5047639121030847,0.3056758915162109,0.12618457708691785,0.9314880879902975,54.67622169110198,4,1.5949543931485424,93,15.115054909602776,20.674343423837524,5.027811250983838,11,0.16058984536362958,0,0.854208231291941,0.36366502940654755,2.429409570335455e-14
9,3,step,False,19,1.497484781295103,0.1585958388685002,0.06854794014301595,0.8961007175209915,52.59368491985117,4,1.1888821417890714,97,12.073842347619514,17.453557455804237,4.865930677258875,9,0.11962760898959973,0,0.854208231291941,0.36366502940654755,2.429409570335455e-14
9,3,step,False,20,0.3913953812157383,0.052923359727217144,0.45029835540271934,0.360824054902853,90.62980286426586,4,1.2649703156125822,146,40.19699299172982,54.72715885227482,9.406098600296723,15,0.13247381593121565,0,0.854208231291941,0.36366502940654755,2.429409570335455e-14
9,3,step,False,21,1.664103941613645,0.3825719340180109,0.07277465176761311,1.1391165315662632,12.120125259295206,4,1.3443735004067154,22,4.501243144965278,6.43712546130058,1.7213828827791333,3,0.2730676832372878,0,0.854208231291941,0.36366502940654755,2.429409570335455e-14
9,3,step,False,22,1.408979648993165,0.1970999644690904,0.16533938859444647,0.6915377792758998,53.60540342249233,4,1.421516828106679,102,11.802197099305841,17.554502373008603,5.533264505131386,10,0.11406735568211135,0,0.854208231291941,0.36366502940654755,2.429409570335455e-14
9,3,step,False,23,0.36411673436852154,0.06273784783281712,0.12471637197965432,0.2217320279639587,130.4884664982385,4,1.154610501318598,187,61.13341232449691,79.2219253933608,11.745620564889926,18,0.11510517731283633,0,0.854208231291941,0.36366502940654755,2.429409570335455e-14
