seed,phase_index,phase,failed,center,radius,sine,pilot_sine,gradient_norm,linear_mass,linear_rank,linear_condition,linear_support,function_mass,n_eff,manifold_mass,manifold_neighbors,slope_min_singular,slope_rank_zero,h,alpha,linear_relative_residual_max
0,0,init,False,0,2.013105417584776,0.09359953346025326,0.008784950615525181,1.8505844314827729,45.25131891809136,4,1.1798474781985144,79,nan,nan,1.9339714042658107,2,nan,0,nan,nan,nan
0,0,init,False,1,1.8393261347459855,0.05059907705816816,0.02986034948154258,1.7323095965892685,31.940513081492973,4,1.3217857462609153,65,nan,nan,1.6899042210563766,2,nan,0,nan,nan,nan
0,0,init,False,2,0.8324216477026292,0.07650290041108052,0.05828545491603018,0.8138175959905658,95.70652241506949,4,1.2926125639595911,144,nan,nan,1.9745969579580422,2,nan,0,nan,nan,nan
0,0,init,False,3,1.7671365625020585,0.019501916231392417,0.016366884579059347,1.6589393522596327,57.55429743684587,4,1.4961967445043285,104,nan,nan,1.6899042210563766,2,nan,0,nan,nan,nan
0,0,init,False,4,0.189190438782976,0.9999681140233082,0.23174780656263855,0.2116009355294656,86.61455688672773,4,1.2253467761845325,137,nan,nan,1.9829709890375868,2,nan,0,nan,nan,nan
0,0,init,False,5,0.9624957231516963,0.26596827265980555,0.026095414736561923,0.9130468335775459,100.66230206714853,4,1.401847941884606,152,nan,nan,1.9785656311741677,2,nan,0,nan,nan,nan
0,0,init,False,6,1.878120422772648,0.061860374913681376,0.007307421387373927,1.7770476262235673,56.30447193552446,4,1.227336443590866,96,nan,nan,1.9818897173778984,2,nan,0,nan,nan,nan
0,0,init,False,7,1.1659714895589495,0.15819887906155242,0.06889847409111492,1.0583363434177742,51.99423262134718,4,1.5285894745866542,87,nan,nan,1.91936601892275,2,nan,0,nan,nan,nan
0,0,init,False,8,1.66032737134484,0.24717455308181346,0.022062438422085887,1.5393644378773437,11.819416878870557,4,2.026586931196822,26,nan,nan,1.1330600765125198,2,nan,0,nan,nan,nan
0,0,init,False,9,1.6461682316146562,0.35076078919920844,0.011012639035819229,1.5399699550737824,37.543552928539356,4,1.4412322784247225,65,nan,nan,1.7399403870031194,2,nan,0,nan,nan,nan
0,0,init,False,10,2.4714404049555068,0.012100945697761765,0.012100945697743415,2.291329109434725,10.15448500645655,4,2.4079244265377597,20,nan,nan,1.0,1,nan,0,nan,nan,nan
0,0,init,False,11,0.8931465161478112,0.08880945859300934,0.06975596470743678,0.8428123191856903,43.392081459615156,4,1.5331905489234308,83,nan,nan,1.8169372357711748,2,nan,0,nan,nan,nan
0,0,init,False,12,0.8277010638072685,0.9995552970647462,0.0361756040120959,0.7556822923881173,99.60092708268655,4,1.1788566064618986,158,nan,nan,1.8969084994194811,2,nan,0,nan,nan,nan
0,0,init,False,13,1.6770024361296911,0.25169446313948457,0.017069166835836033,1.5724886134701268,47.8807759883679,4,1.3488019381897085,87,nan,nan,1.9614283183240464,2,nan,0,nan,nan,nan
0,0,init,False,14,2.1318195481244704,0.18152271851529286,0.0360481847677854,1.9377504592421373,43.409210194733,4,1.4174425444032683,70,nan,nan,1.9726392706979032,2,nan,0,nan,nan,nan
0,0,init,False,15,0.8702271550814301,0.06644817779213064,0.01863958534160902,0.818454601411988,96.04184728257837,4,1.263563869945345,147,nan,nan,1.9662572826055287,2,nan,0,nan,nan,nan
0,0,init,False,16,0.7714455089923629,0.05316099901624965,0.05520169065940139,0.7160831071780862,72.69219066972167,4,1.3384043689817446,117,nan,nan,1.9829709890375868,2,nan,0,nan,nan,nan
0,0,init,False,17,0.2875326920240055,0.692422306893104,0.10856438812377903,0.25829200352698317,76.68372379940722,4,1.2368547980033078,133,nan,nan,1.8169372357711748,2,nan,0,nan,nan,nan
0,0,init,False,18,1.2405084321280169,0.08110608926390667,0.08110608926390393,1.113902618646004,6.5091475001375025,4,2.7889278686408487,15,nan,nan,1.0,1,nan,0,nan,nan,nan
0,0,init,False,19,1.7323699323297677,0.045952978661465756,0.017767400567230345,1.6299869636541013,68.81193320483357,4,1.28081094247929,111,nan,nan,1.997911238302115,2,nan,0,nan,nan,nan
0,0,init,False,20,1.2578374095484226,0.17488851695214921,0.0184201003715447,1.1714347945585541,76.88178852690064,4,1.4994073035874473,123,nan,nan,1.9785656311741677,2,nan,0,nan,nan,nan
0,0,init,False,21,1.1944097178215622,0.016407213856756704,0.019612318888695437,1.122431969617695,97.01859239689279,4,1.3516191907056236,147,nan,nan,1.9745969579580422,2,nan,0,nan,nan,nan
0,0,init,False,22,1.2865519208297453,0.020412127857386015,0.00760299590712186,1.171453706840116,57.60596565566867,4,1.1434171490671163,94,nan,nan,1.9883624392731107,2,nan,0,nan,nan,nan
0,0,init,False,23,1.5882846153801122,0.05377831407147657,0.009666271448661298,1.4801728230629443,67.926146062343,4,1.1695569105909993,108,nan,nan,1.997911238302115,2,nan,0,nan,nan,nan
0,1,step,False,0,2.013105417584776,0.11108739757893904,0.008784950615525181,1.8505844314827729,45.25131891809136,4,1.1798474781985144,79,17.4546104486637,23.961986672685068,1.9339714042658107,2,0.2297827034635864,0,1.6633575396573566,1.0,6.886609434791019e-16
0,1,step,False,1,1.8393261347459855,0.0585989772927623,0.02986034948154258,1.7323095965892685,31.940513081492973,4,1.3217857462609153,65,7.579997456447989,11.752720477847017,1.6899042210563766,2,0.3989108125034601,0,1.6633575396573566,1.0,6.886609434791019e-16
0,1,step,False,2,0.8324216477026292,0.07930034894757397,0.05828545491603018,0.8138175959905658,95.70652241506949,4,1.2926125639595911,144,39.04149238121993,53.52184722682377,1.9745969579580422,2,0.4076735610664123,0,1.6633575396573566,1.0,6.886609434791019e-16
0,1,step,False,3,1.7671365625020585,0.019138982102615693,0.016366884579059347,1.6589393522596327,57.55429743684587,4,1.4961967445043285,104,15.163882051344746,22.044532642816744,1.6899042210563766,2,0.3984559031671232,0,1.6633575396573566,1.0,6.886609434791019e-16
0,1,step,False,4,0.189190438782976,0.9939104355441486,0.23174780656263855,0.2116009355294656,86.61455688672773,4,1.2253467761845325,137,25.554443758003906,36.20749948444799,1.9829709890375868,2,0.35088280249282944,0,1.6633575396573566,1.0,6.886609434791019e-16
0,1,step,False,5,0.9624957231516963,0.27097680651350303,0.026095414736561923,0.9130468335775459,100.66230206714853,4,1.401847941884606,152,36.74984926202968,53.28940696474683,1.9785656311741677,2,0.21552185711154181,0,1.6633575396573566,1.0,6.886609434791019e-16
0,1,step,False,6,1.878120422772648,0.05353453756693229,0.007307421387373927,1.7770476262235673,56.30447193552446,4,1.227336443590866,96,16.30466619306752,24.419020375902583,1.9818897173778984,2,0.3448730899407126,0,1.6633575396573566,1.0,6.886609434791019e-16
0,1,step,False,7,1.1659714895589495,0.16152544531754506,0.06889847409111492,1.0583363434177742,51.99423262134718,4,1.5285894745866542,87,16.326597374167847,24.162443271568044,1.91936601892275,2,0.4592816818300382,0,1.6633575396573566,1.0,6.886609434791019e-16
0,1,step,False,8,1.66032737134484,0.3110896867397325,0.022062438422085887,1.5393644378773437,11.819416878870557,4,2.026586931196822,26,6.000000000489575,8.925584573627361,1.1330600765125198,2,0.36737774535308015,0,1.6633575396573566,1.0,6.886609434791019e-16
0,1,step,False,9,1.6461682316146562,0.6364115953474474,0.011012639035819229,1.5399699550737824,37.543552928539356,4,1.4412322784247225,65,8.956131186618911,14.270276243278207,1.7399403870031194,2,0.3853381864089167,0,1.6633575396573566,1.0,6.886609434791019e-16
0,1,step,False,10,2.4714404049555068,0.025630302698588948,0.012100945697743415,2.291329109434725,10.15448500645655,4,2.4079244265377597,20,6.000000000298861,8.05804491552736,1.0,1,0.9316026050732413,0,1.6633575396573566,1.0,6.886609434791019e-16
0,1,step,False,11,0.8931465161478112,0.1574781671073802,0.06975596470743678,0.8428123191856903,43.392081459615156,4,1.5331905489234308,83,9.28373646072881,14.054071923001677,1.8169372357711748,2,0.3709022155706306,0,1.6633575396573566,1.0,6.886609434791019e-16
0,1,step,False,12,0.8277010638072685,0.9987485837487439,0.0361756040120959,0.7556822923881173,99.60092708268655,4,1.1788566064618986,158,32.30047513535959,45.83697318429608,1.8969084994194811,2,0.41408173206235716,0,1.6633575396573566,1.0,6.886609434791019e-16
0,1,step,False,13,1.6770024361296911,0.22310163782429937,0.017069166835836033,1.5724886134701268,47.8807759883679,4,1.3488019381897085,87,11.445401823981266,18.815252933834888,1.9614283183240464,2,0.3495748961032932,0,1.6633575396573566,1.0,6.886609434791019e-16
0,1,step,False,14,2.1318195481244704,0.14586864410639003,0.0360481847677854,1.9377504592421373,43.409210194733,4,1.4174425444032683,70,15.236600952775309,20.434156746746734,1.9726392706979032,2,0.2620887596679692,0,1.6633575396573566,1.0,6.886609434791019e-16
0,1,step,False,15,0.8702271550814301,0.060066914124826114,0.01863958534160902,0.818454601411988,96.04184728257837,4,1.263563869945345,147,43.99338190045703,58.48920776596773,1.9662572826055287,2,0.40338566331655845,0,1.6633575396573566,1.0,6.886609434791019e-16
0,1,step,False,16,0.7714455089923629,0.14678667745356486,0.05520169065940139,0.7160831071780862,72.69219066972167,4,1.3384043689817446,117,23.329803068498148,35.481925059749955,1.9829709890375868,2,0.35090021745130395,0,1.6633575396573566,1.0,6.886609434791019e-16
0,1,step,False,17,0.2875326920240055,0.6251659695838531,0.10856438812377903,0.25829200352698317,76.68372379940722,4,1.2368547980033078,133,26.466136655396323,37.70596262011128,1.8169372357711748,2,0.3821497602752304,0,1.6633575396573566,1.0,6.886609434791019e-16
0,1,step,False,18,1.2405084321280169,0.08732600016904343,0.08110608926390393,1.113902618646004,6.5091475001375025,4,2.7889278686408487,15,6.000000000188077,8.234439146988501,1.0,1,0.6328246135901525,0,1.6633575396573566,1.0,6.886609434791019e-16
0,1,step,False,19,1.7323699323297677,0.06101761793893581,0.017767400567230345,1.6299869636541013,68.81193320483357,4,1.28081094247929,111,24.393795253637936,32.912126769974215,1.997911238302115,2,0.40206449174639686,0,1.6633575396573566,1.0,6.886609434791019e-16
0,1,step,False,20,1.2578374095484226,0.16915382275157692,0.0184201003715447,1.1714347945585541,76.88178852690064,4,1.4994073035874473,123,23.194459139978036,34.79255635761158,1.9785656311741677,2,0.21450836467122664,0,1.6633575396573566,1.0,6.886609434791019e-16
0,1,step,False,21,1.1944097178215622,0.016649080944996147,0.019612318888695437,1.122431969617695,97.01859239689279,4,1.3516191907056236,147,37.18784215673985,49.2169066251834,1.9745969579580422,2,0.40758224122682185,0,1.6633575396573566,1.0,6.886609434791019e-16
0,1,step,False,22,1.2865519208297453,0.020104071880452587,0.00760299590712186,1.171453706840116,57.60596565566867,4,1.1434171490671163,94,18.698269447754594,25.416132723044406,1.9883624392731107,2,0.41189576707344144,0,1.6633575396573566,1.0,6.886609434791019e-16
0,1,step,False,23,1.5882846153801122,0.04450371937146754,0.009666271448661298,1.4801728230629443,67.926146062343,4,1.1695569105909993,108,23.620896660295074,30.167718623983,1.997911238302115,2,0.40208087248663876,0,1.6633575396573566,1.0,6.886609434791019e-16
0,2,step,False,0,2.013105417584776,0.06745182559497669,0.008784950615525181,1.8505844314827729,45.25131891809136,4,1.1798474781985144,79,14.397538670883154,19.15039351696108,1.9339714042658107,2,0.1540998323158194,0,1.1761713958294884,0.6027819365262985,1.3506933042879588e-15
0,2,step,False,1,1.8393261347459855,0.06991424085275864,0.02986034948154258,1.7323095965892685,31.940513081492973,4,1.3217857462609153,65,7.950874777226568,11.529725440193664,1.6899042210563766,2,0.13311973212860748,0,1.1761713958294884,0.6027819365262985,1.3506933042879588e-15
0,2,step,False,2,0.8324216477026292,0.06561020140908051,0.05828545491603018,0.8138175959905658,95.70652241506949,4,1.2926125639595911,144,39.18279162763254,51.7751375359306,1.9745969579580422,2,0.24537976722766208,0,1.1761713958294884,0.6027819365262985,1.3506933042879588e-15
0,2,step,False,3,1.7671365625020585,0.014837732376516009,0.016366884579059347,1.6589393522596327,57.55429743684587,4,1.4961967445043285,104,13.722761842835332,17.99747311319286,1.6899042210563766,2,0.13336181588889662,0,1.1761713958294884,0.6027819365262985,1.3506933042879588e-15
0,2,step,False,4,0.189190438782976,0.9988351543278767,0.23174780656263855,0.2116009355294656,86.61455688672773,4,1.2253467761845325,137,29.685009359597075,41.3309494499291,1.9829709890375868,2,0.23342539274880458,0,1.1761713958294884,0.6027819365262985,1.3506933042879588e-15
0,2,step,False,5,0.9624957231516963,0.2471324569943896,0.026095414736561923,0.9130468335775459,100.66230206714853,4,1.401847941884606,152,39.167859744458646,54.47391180452116,1.9785656311741677,2,0.19901293337820458,0,1.1761713958294884,0.6027819365262985,1.3506933042879588e-15
0,2,step,False,6,1.878120422772648,0.06257004038278953,0.007307421387373927,1.7770476262235673,56.30447193552446,4,1.227336443590866,96,14.346268459259038,19.586851733185597,1.9818897173778984,2,0.21200772979712934,0,1.1761713958294884,0.6027819365262985,1.3506933042879588e-15
0,2,step,False,7,1.1659714895589495,0.201694271603527,0.06889847409111492,1.0583363434177742,51.99423262134718,4,1.5285894745866542,87,17.458147485419527,25.270994806174947,1.91936601892275,2,0.3399742066563066,0,1.1761713958294884,0.6027819365262985,1.3506933042879588e-15
0,2,step,False,8,1.66032737134484,0.1736920200363722,0.022062438422085887,1.5393644378773437,11.819416878870557,4,2.026586931196822,26,6.0000000000196545,9.485212996885373,1.1330600765125198,2,0.24888430417721605,0,1.1761713958294884,0.6027819365262985,1.3506933042879588e-15
0,2,step,False,9,1.6461682316146562,0.3876391951236327,0.011012639035819229,1.5399699550737824,37.543552928539356,4,1.4412322784247225,65,11.550083553537753,18.493569009724776,1.7399403870031194,2,0.16389025955277295,0,1.1761713958294884,0.6027819365262985,1.3506933042879588e-15
0,2,step,False,10,2.4714404049555068,0.02848601805052851,0.012100945697743415,2.291329109434725,10.15448500645655,4,2.4079244265377597,20,6.000000000524874,9.503719208713344,1.0,1,0.7452046893561853,0,1.1761713958294884,0.6027819365262985,1.3506933042879588e-15
0,2,step,False,11,0.8931465161478112,0.12109892045519922,0.06975596470743678,0.8428123191856903,43.392081459615156,4,1.5331905489234308,83,10.6717071818077,15.769077324363886,1.8169372357711748,2,0.24937055343325287,0,1.1761713958294884,0.6027819365262985,1.3506933042879588e-15
0,2,step,False,12,0.8277010638072685,0.9826012672610915,0.0361756040120959,0.7556822923881173,99.60092708268655,4,1.1788566064618986,158,34.853355071684334,49.20254537088965,1.8969084994194811,2,0.29401057143113213,0,1.1761713958294884,0.6027819365262985,1.3506933042879588e-15
0,2,step,False,13,1.6770024361296911,0.18189345908526458,0.017069166835836033,1.5724886134701268,47.8807759883679,4,1.3488019381897085,87,10.088090841173731,15.113380687190556,1.9614283183240464,2,0.2210472848144903,0,1.1761713958294884,0.6027819365262985,1.3506933042879588e-15
0,2,step,False,14,2.1318195481244704,0.29508082501637356,0.0360481847677854,1.9377504592421373,43.409210194733,4,1.4174425444032683,70,12.063814265880884,15.43804077098256,1.9726392706979032,2,0.24197543385606235,0,1.1761713958294884,0.6027819365262985,1.3506933042879588e-15
0,2,step,False,15,0.8702271550814301,0.07530379291201991,0.01863958534160902,0.818454601411988,96.04184728257837,4,1.263563869945345,147,41.568334344263256,55.004097946455325,1.9662572826055287,2,0.2762891800243889,0,1.1761713958294884,0.6027819365262985,1.3506933042879588e-15
0,2,step,False,16,0.7714455089923629,0.06097876800949234,0.05520169065940139,0.7160831071780862,72.69219066972167,4,1.3384043689817446,117,24.935273604589437,37.00158571744194,1.9829709890375868,2,0.23443993268483332,0,1.1761713958294884,0.6027819365262985,1.3506933042879588e-15
0,2,step,False,17,0.2875326920240055,0.632704926366576,0.10856438812377903,0.25829200352698317,76.68372379940722,4,1.2368547980033078,133,28.63374208121311,41.947188814201006,1.8169372357711748,2,0.2509156940062215,0,1.1761713958294884,0.6027819365262985,1.3506933042879588e-15
0,2,step,False,18,1.2405084321280169,0.08684534032527276,0.08110608926390393,1.113902618646004,6.5091475001375025,4,2.7889278686408487,15,6.00000000000316,8.327516268296655,1.0,1,0.2939446082079345,0,1.1761713958294884,0.6027819365262985,1.3506933042879588e-15
0,2,step,False,19,1.7323699323297677,0.061979937467851076,0.017767400567230345,1.6299869636541013,68.81193320483357,4,1.28081094247929,111,20.2871200991689,27.00714194890177,1.997911238302115,2,0.2737004936612005,0,1.1761713958294884,0.6027819365262985,1.3506933042879588e-15
0,2,step,False,20,1.2578374095484226,0.23503598623511934,0.0184201003715447,1.1714347945585541,76.88178852690064,4,1.4994073035874473,123,25.14601628515767,37.471178626657355,1.9785656311741677,2,0.19681143425388226,0,1.1761713958294884,0.6027819365262985,1.3506933042879588e-15
0,2,step,False,21,1.1944097178215622,0.02051823092264535,0.019612318888695437,1.122431969617695,97.01859239689279,4,1.3516191907056236,147,36.12539574322957,47.63008174140781,1.9745969579580422,2,0.24531407533257343,0,1.1761713958294884,0.6027819365262985,1.3506933042879588e-15
0,2,step,False,22,1.2865519208297453,0.019097648687036825,0.00760299590712186,1.171453706840116,57.60596565566867,4,1.1434171490671163,94,19.49720600261763,26.633458661199093,1.9883624392731107,2,0.27591078089728405,0,1.1761713958294884,0.6027819365262985,1.3506933042879588e-15
0,2,step,False,23,1.5882846153801122,0.04677647341087673,0.009666271448661298,1.4801728230629443,67.926146062343,4,1.1695569105909993,108,21.539887785621993,28.153597058596556,1.997911238302115,2,0.273703908894599,0,1.1761713958294884,0.6027819365262985,1.3506933042879588e-15
0,3,step,False,0,2.013105417584776,0.07529116817774133,0.008784950615525181,1.8505844314827729,45.25131891809136,4,1.1798474781985144,79,11.004196930460445,13.44804995325401,1.9339714042658107,2,0.10173731431770276,0,0.8316787698286782,0.35716740787029266,5.6254412736015165e-14
0,3,step,False,1,1.8393261347459855,0.06429187441690411,0.02986034948154258,1.7323095965892685,31.940513081492973,4,1.3217857462609153,65,9.349525140580196,12.41913885414882,1.6899042210563766,2,0.09530474284954067,0,0.8316787698286782,0.35716740787029266,5.6254412736015165e-14
0,3,step,False,2,0.8324216477026292,0.06876507815888361,0.05828545491603018,0.8138175959905658,95.70652241506949,4,1.2926125639595911,144,39.2230513723332,51.17502673517971,1.9745969579580422,2,0.09341339560298005,0,0.8316787698286782,0.35716740787029266,5.6254412736015165e-14
0,3,step,False,3,1.7671365625020585,0.022886009620516023,0.016366884579059347,1.6589393522596327,57.55429743684587,4,1.4961967445043285,104,13.426333059103559,16.591936247102275,1.6899042210563766,2,0.09573395628025795,0,0.8316787698286782,0.35716740787029266,5.6254412736015165e-14
0,3,step,False,4,0.189190438782976,0.983083267934342,0.23174780656263855,0.2116009355294656,86.61455688672773,4,1.2253467761845325,137,33.7288214333842,47.1527953013272,1.9829709890375868,2,0.15910440132916512,0,0.8316787698286782,0.35716740787029266,5.6254412736015165e-14
0,3,step,False,5,0.9624957231516963,0.03240421804045262,0.026095414736561923,0.9130468335775459,100.66230206714853,4,1.401847941884606,152,40.26531297292745,55.45371831421884,1.9785656311741677,2,0.12265343936941915,0,0.8316787698286782,0.35716740787029266,5.6254412736015165e-14
0,3,step,False,6,1.878120422772648,0.06177456631953184,0.007307421387373927,1.7770476262235673,56.30447193552446,4,1.227336443590866,96,14.316921535076393,19.017709315240626,1.9818897173778984,2,0.12634563917821773,0,0.8316787698286782,0.35716740787029266,5.6254412736015165e-14
0,3,step,False,7,1.1659714895589495,0.11285177765957881,0.06889847409111492,1.0583363434177742,51.99423262134718,4,1.5285894745866542,87,18.84422823943744,27.19800181141056,1.91936601892275,2,0.18355672247365457,0,0.8316787698286782,0.35716740787029266,5.6254412736015165e-14
0,3,step,False,8,1.66032737134484,0.07955341467824525,0.022062438422085887,1.5393644378773437,11.819416878870557,4,2.026586931196822,26,6.000000000064835,8.548620298340309,1.1330600765125198,2,0.10419433909474396,0,0.8316787698286782,0.35716740787029266,5.6254412736015165e-14
0,3,step,False,9,1.6461682316146562,0.25321319461454544,0.011012639035819229,1.5399699550737824,37.543552928539356,4,1.4412322784247225,65,11.47506116804207,17.310202772531213,1.7399403870031194,2,0.16197982480616685,0,0.8316787698286782,0.35716740787029266,5.6254412736015165e-14
0,3,step,False,10,2.4714404049555068,0.017950565695026923,0.012100945697743415,2.291329109434725,10.15448500645655,4,2.4079244265377597,20,6.000000000246628,9.205264291441994,1.0,1,0.4375854351590137,0,0.8316787698286782,0.35716740787029266,5.6254412736015165e-14
0,3,step,False,11,0.8931465161478112,0.20010308004860927,0.06975596470743678,0.8428123191856903,43.392081459615156,4,1.5331905489234308,83,13.183368046650717,19.739905318280535,1.8169372357711748,2,0.16816793541685193,0,0.8316787698286782,0.35716740787029266,5.6254412736015165e-14
0,3,step,False,12,0.8277010638072685,0.9978734691628468,0.0361756040120959,0.7556822923881173,99.60092708268655,4,1.1788566064618986,158,38.32742140065899,54.52659998147726,1.8969084994194811,2,0.1540830412078003,0,0.8316787698286782,0.35716740787029266,5.6254412736015165e-14
0,3,step,False,13,1.6770024361296911,0.10615039315352197,0.017069166835836033,1.5724886134701268,47.8807759883679,4,1.3488019381897085,87,10.358148082569404,14.075523860947174,1.9614283183240464,2,0.19963343367861405,0,0.8316787698286782,0.35716740787029266,5.6254412736015165e-14
0,3,step,False,14,2.1318195481244704,0.3028182574638354,0.0360481847677854,1.9377504592421373,43.409210194733,4,1.4174425444032683,70,10.652403640002508,13.3682068727246,1.9726392706979032,2,0.11808925320006881,0,0.8316787698286782,0.35716740787029266,5.6254412736015165e-14
0,3,step,False,15,0.8702271550814301,0.05618285962845673,0.01863958534160902,0.818454601411988,96.04184728257837,4,1.263563869945345,147,36.58934047864753,48.73390170634711,1.9662572826055287,2,0.1347008954725795,0,0.8316787698286782,0.35716740787029266,5.6254412736015165e-14
0,3,step,False,16,0.7714455089923629,0.1842457436976085,0.05520169065940139,0.7160831071780862,72.69219066972167,4,1.3384043689817446,117,28.091364626709833,41.61520040649873,1.9829709890375868,2,0.1581369470960441,0,0.8316787698286782,0.35716740787029266,5.6254412736015165e-14
0,3,step,False,17,0.2875326920240055,0.8094218469117247,0.10856438812377903,0.25829200352698317,76.68372379940722,4,1.2368547980033078,133,31.157607426421492,45.84521236393797,1.8169372357711748,2,0.18081362388306185,0,0.8316787698286782,0.35716740787029266,5.6254412736015165e-14
0,3,step,False,18,1.2405084321280169,0.08596880433388332,0.08110608926390393,1.113902618646004,6.5091475001375025,4,2.7889278686408487,15,6.000000000617079,8.87857927502818,1.0,1,0.20306151044127405,0,0.8316787698286782,0.35716740787029266,5.6254412736015165e-14
0,3,step,False,19,1.7323699323297677,0.032543289421598495,0.017767400567230345,1.6299869636541013,68.81193320483357,4,1.28081094247929,111,17.242333555997057,21.47168136621747,1.997911238302115,2,0.12542337719590693,0,0.8316787698286782,0.35716740787029266,5.6254412736015165e-14
0,3,step,False,20,1.2578374095484226,0.39601964928447625,0.0184201003715447,1.1714347945585541,76.88178852690064,4,1.4994073035874473,123,25.341657218261044,35.690731979525445,1.9785656311741677,2,0.12170876174638047,0,0.8316787698286782,0.35716740787029266,5.6254412736015165e-14
0,3,step,False,21,1.1944097178215622,0.014584718837640825,0.019612318888695437,1.122431969617695,97.01859239689279,4,1.3516191907056236,147,32.437351510905465,42.034112382338144,1.9745969579580422,2,0.09365518997890232,0,0.8316787698286782,0.35716740787029266,5.6254412736015165e-14
0,3,step,False,22,1.2865519208297453,0.024723694140432188,0.00760299590712186,1.171453706840116,57.60596565566867,4,1.1434171490671163,94,18.118765276083547,25.08201551493273,1.9883624392731107,2,0.1350960393621448,0,0.8316787698286782,0.35716740787029266,5.6254412736015165e-14
0,3,step,False,23,1.5882846153801122,0.06543282608953013,0.009666271448661298,1.4801728230629443,67.926146062343,4,1.1695569105909993,108,18.325154433472925,21.9841765363643,1.997911238302115,2,0.125408216817256,0,0.8316787698286782,0.35716740787029266,5.6254412736015165e-14
1,0,init,False,0,1.5749285892107503,0.06937315213119104,0.021897606676460794,1.5352165324677927,58.1255192699806,4,1.3359299744479276,100,nan,nan,1.9862040887012293,2,nan,0,nan,nan,nan
1,0,init,False,1,1.2597795664531544,0.1830196006344204,0.012521526603086119,1.2574605609209226,73.4203802244768,4,1.3014780187753279,119,nan,nan,1.9887540499445318,2,nan,0,nan,nan,nan
1,0,init,False,2,1.321130606706036,0.13301018823765773,0.0353783853533421,1.2968486310961702,64.21333978017283,4,1.3680608408512542,109,nan,nan,1.9352331369596187,2,nan,0,nan,nan,nan
1,0,init,False,3,0.7822524636658202,0.4094833340515445,0.10098316619527041,0.7887976066307316,31.65460114810914,4,1.5401210518536577,63,nan,nan,1.977574109155354,2,nan,0,nan,nan,nan
1,0,init,False,4,0.34434947603663596,0.9431320081864291,0.08760588855588422,0.34933103969013735,110.76965662245044,4,1.2506721675324675,171,nan,nan,1.886813852105647,2,nan,0,nan,nan,nan
1,0,init,False,5,1.4417495312968414,0.13806005818586725,0.02940407296350532,1.4063767490575503,58.85843969092172,4,1.443776098345645,109,nan,nan,1.9545348941838334,2,nan,0,nan,nan,nan
1,0,init,False,6,1.00972397712654,0.0793421323271642,0.033650212390920815,1.0274102334164679,53.26794803322947,4,1.4548996150584552,93,nan,nan,1.985677093526954,2,nan,0,nan,nan,nan
1,0,init,False,7,1.2185947329704703,0.2594105143578355,0.04335301107252063,1.1732784477053118,59.776321990038106,4,1.5824914426247365,102,nan,nan,1.939134373243117,2,nan,0,nan,nan,nan
1,0,init,False,8,1.0529759994370083,0.29591937001446345,0.018025357034565072,1.0304770381052146,90.63043919268989,4,1.2089503562504371,135,nan,nan,1.9929618599760854,2,nan,0,nan,nan,nan
1,0,init,False,9,0.29021406196150945,0.7121386963119692,0.037530307063268015,0.30145115198678174,86.10041172850613,4,1.3027633038404485,140,nan,nan,1.9029064721708686,2,nan,0,nan,nan,nan
1,0,init,False,10,1.385073693952201,0.16287344076853127,0.01817735746341647,1.3746661218999394,71.91980943756451,4,1.3079830281169158,120,nan,nan,1.9989389352592386,2,nan,0,nan,nan,nan
1,0,init,False,11,1.039287979344075,0.3336414897473873,0.06946342990990302,0.9783331104422774,44.593612143074274,4,1.4179461310870287,80,nan,nan,1.88078838835502,2,nan,0,nan,nan,nan
1,0,init,False,12,1.093621695593289,0.2878758130232926,0.006981175685816066,1.0841202588167642,83.87676452846466,4,1.2362845540544831,127,nan,nan,1.9929618599760854,2,nan,0,nan,nan,nan
1,0,init,False,13,0.9736580260817508,0.3765251601185758,0.006691322794632664,0.9635194857550359,60.767410951634155,4,1.3012547771511178,99,nan,nan,1.939134373243117,2,nan,0,nan,nan,nan
1,0,init,False,14,1.313802687997899,0.13127941686223202,0.019463617530753523,1.3225702913491508,76.4711253420775,4,1.2740067003456363,123,nan,nan,1.9989389352592386,2,nan,0,nan,nan,nan
1,0,init,False,15,2.345362840709062,0.12614853136594523,0.02998123573951759,2.3698293887686748,15.315387151269974,4,1.6743011216639352,34,nan,nan,1.179125405711828,2,nan,0,nan,nan,nan
1,0,init,False,16,0.720181991764751,0.5553998836144722,0.06246822600032174,0.6911975456312982,73.38432044625401,4,1.3478844172948343,114,nan,nan,1.9545348941838334,2,nan,0,nan,nan,nan
1,0,init,False,17,1.2805013366604237,0.1463148174694006,0.04619074404007257,1.286407986198546,39.55629964356406,4,1.4893567238615686,75,nan,nan,1.977574109155354,2,nan,0,nan,nan,nan
1,0,init,False,18,0.8160002170453344,0.8219463354988634,0.07184616227630107,0.7857118010309566,80.73122378063826,4,1.2727468403386215,129,nan,nan,1.9002238458215635,2,nan,0,nan,nan,nan
1,0,init,False,19,1.3316689125660606,0.6153896506455554,0.054424848145914695,1.34276851232327,15.966969068378386,4,1.6890374174626903,37,nan,nan,1.537392732156789,2,nan,0,nan,nan,nan
1,0,init,False,20,1.542113069582152,0.1805310010777721,0.006281818426468708,1.5518054332647644,50.35094875946201,4,1.2156112198778257,85,nan,nan,1.9887540499445318,2,nan,0,nan,nan,nan
1,0,init,False,21,2.0051335288065353,0.07568921099446009,0.021950714185393776,1.9742388230003605,35.97508400818381,4,1.362173227191439,63,nan,nan,1.88078838835502,2,nan,0,nan,nan,nan
1,0,init,False,22,2.5644615416402696,0.03409734646122244,0.0340973464612257,2.5633631664374383,17.124575495420004,4,1.6590726355233671,30,nan,nan,1.0,1,nan,0,nan,nan,nan
1,0,init,False,23,1.107052378092518,0.06776444959593132,0.030638821262493697,1.098881262669808,87.14941156343991,4,1.3010299865835984,137,nan,nan,1.996157976826316,2,nan,0,nan,nan,nan
1,1,step,False,0,1.5749285892107503,0.07114433770243477,0.021897606676460794,1.5352165324677927,58.1255192699806,4,1.3359299744479276,100,20.59852130321884,28.479483566494398,1.9862040887012293,2,0.4887588955151563,0,1.6558287014937831,1.0,1.0211727397938875e-15
1,1,step,False,1,1.2597795664531544,0.1981480357803137,0.012521526603086119,1.2574605609209226,73.4203802244768,4,1.3014780187753279,119,28.40386179477597,38.63465136606058,1.9887540499445318,2,0.36905907628154916,0,1.6558287014937831,1.0,1.0211727397938875e-15
1,1,step,False,2,1.321130606706036,0.23969880969338692,0.0353783853533421,1.2968486310961702,64.21333978017283,4,1.3680608408512542,109,17.855639041357886,25.868303825078737,1.9352331369596187,2,0.3226574299499081,0,1.6558287014937831,1.0,1.0211727397938875e-15
1,1,step,False,3,0.7822524636658202,0.2715163412737309,0.10098316619527041,0.7887976066307316,31.65460114810914,4,1.5401210518536577,63,8.489344067855889,12.618002529473353,1.977574109155354,2,0.30439310550265297,0,1.6558287014937831,1.0,1.0211727397938875e-15
1,1,step,False,4,0.34434947603663596,0.8580509345996011,0.08760588855588422,0.34933103969013735,110.76965662245044,4,1.2506721675324675,171,43.47201625408509,59.248157521185114,1.886813852105647,2,0.4558879823046258,0,1.6558287014937831,1.0,1.0211727397938875e-15
1,1,step,False,5,1.4417495312968414,0.41000903155233304,0.02940407296350532,1.4063767490575503,58.85843969092172,4,1.443776098345645,109,19.740985148939526,26.420632451306382,1.9545348941838334,2,0.46939153607760364,0,1.6558287014937831,1.0,1.0211727397938875e-15
1,1,step,False,6,1.00972397712654,0.10329185116763528,0.033650212390920815,1.0274102334164679,53.26794803322947,4,1.4548996150584552,93,13.887473030153876,19.684940243892243,1.985677093526954,2,0.3401159844413792,0,1.6558287014937831,1.0,1.0211727397938875e-15
1,1,step,False,7,1.2185947329704703,0.3138743784021136,0.04335301107252063,1.1732784477053118,59.776321990038106,4,1.5824914426247365,102,18.89287660936788,29.191093076605014,1.939134373243117,2,0.40318274514440566,0,1.6558287014937831,1.0,1.0211727397938875e-15
1,1,step,False,8,1.0529759994370083,0.3776974256745306,0.018025357034565072,1.0304770381052146,90.63043919268989,4,1.2089503562504371,135,32.77956836697321,48.72410113322512,1.9929618599760854,2,0.23137599328177347,0,1.6558287014937831,1.0,1.0211727397938875e-15
1,1,step,False,9,0.29021406196150945,0.7240389287330552,0.037530307063268015,0.30145115198678174,86.10041172850613,4,1.3027633038404485,140,27.769282057771342,40.20620643288194,1.9029064721708686,2,0.4746784586317794,0,1.6558287014937831,1.0,1.0211727397938875e-15
1,1,step,False,10,1.385073693952201,0.21436350370738533,0.01817735746341647,1.3746661218999394,71.91980943756451,4,1.3079830281169158,120,20.951430197476885,31.43172029939866,1.9989389352592386,2,0.33759780761218394,0,1.6558287014937831,1.0,1.0211727397938875e-15
1,1,step,False,11,1.039287979344075,0.3808162894926406,0.06946342990990302,0.9783331104422774,44.593612143074274,4,1.4179461310870287,80,13.294875268863809,18.783504810958583,1.88078838835502,2,0.42528868059218156,0,1.6558287014937831,1.0,1.0211727397938875e-15
1,1,step,False,12,1.093621695593289,0.20617166237589768,0.006981175685816066,1.0841202588167642,83.87676452846466,4,1.2362845540544831,127,27.190900311888967,38.4470171310464,1.9929618599760854,2,0.2318195389566302,0,1.6558287014937831,1.0,1.0211727397938875e-15
1,1,step,False,13,0.9736580260817508,0.33940625269285635,0.006691322794632664,0.9635194857550359,60.767410951634155,4,1.3012547771511178,99,21.54043517163722,30.648319502897117,1.939134373243117,2,0.4017762498351633,0,1.6558287014937831,1.0,1.0211727397938875e-15
1,1,step,False,14,1.313802687997899,0.08047128309553439,0.019463617530753523,1.3225702913491508,76.4711253420775,4,1.2740067003456363,123,23.89193754753978,34.23326527540986,1.9989389352592386,2,0.33760964399127064,0,1.6558287014937831,1.0,1.0211727397938875e-15
1,1,step,False,15,2.345362840709062,0.1806841271124118,0.02998123573951759,2.3698293887686748,15.315387151269974,4,1.6743011216639352,34,6.000000000090481,8.099955904488485,1.179125405711828,2,0.3032813536074094,0,1.6558287014937831,1.0,1.0211727397938875e-15
1,1,step,False,16,0.720181991764751,0.38792515699496527,0.06246822600032174,0.6911975456312982,73.38432044625401,4,1.3478844172948343,114,23.475585983024153,33.17452902246887,1.9545348941838334,2,0.4710210712750247,0,1.6558287014937831,1.0,1.0211727397938875e-15
1,1,step,False,17,1.2805013366604237,0.3215861645902212,0.04619074404007257,1.286407986198546,39.55629964356406,4,1.4893567238615686,75,10.523665166772878,14.662491689527567,1.977574109155354,2,0.30354683375615593,0,1.6558287014937831,1.0,1.0211727397938875e-15
1,1,step,False,18,0.8160002170453344,0.9049867770103487,0.07184616227630107,0.7857118010309566,80.73122378063826,4,1.2727468403386215,129,32.66170119490752,44.752394551646056,1.9002238458215635,2,0.36085288492834217,0,1.6558287014937831,1.0,1.0211727397938875e-15
1,1,step,False,19,1.3316689125660606,0.5051235296759041,0.054424848145914695,1.34276851232327,15.966969068378386,4,1.6890374174626903,37,6.000000000292305,8.313421079909691,1.537392732156789,2,0.38828658808907046,0,1.6558287014937831,1.0,1.0211727397938875e-15
1,1,step,False,20,1.542113069582152,0.22789313496182428,0.006281818426468708,1.5518054332647644,50.35094875946201,4,1.2156112198778257,85,20.03590346947051,26.433112217440037,1.9887540499445318,2,0.3695097049877882,0,1.6558287014937831,1.0,1.0211727397938875e-15
1,1,step,False,21,2.0051335288065353,0.03500308379901214,0.021950714185393776,1.9742388230003605,35.97508400818381,4,1.362173227191439,63,9.382836345731043,13.858680499475671,1.88078838835502,2,0.4273336546267625,0,1.6558287014937831,1.0,1.0211727397938875e-15
1,1,step,False,22,2.5644615416402696,0.029736946323036584,0.0340973464612257,2.5633631664374383,17.124575495420004,4,1.6590726355233671,30,6.000000000420134,8.619297343314832,1.0,1,0.36402087655070614,0,1.6558287014937831,1.0,1.0211727397938875e-15
1,1,step,False,23,1.107052378092518,0.07275538999111299,0.030638821262493697,1.098881262669808,87.14941156343991,4,1.3010299865835984,137,31.026278731325654,43.39158199341926,1.996157976826316,2,0.347218314165937,0,1.6558287014937831,1.0,1.0211727397938875e-15
1,2,step,False,0,1.5749285892107503,0.07286360257146318,0.021897606676460794,1.5352165324677927,58.1255192699806,4,1.3359299744479276,100,20.138826140021564,27.526808209502274,1.9862040887012293,2,0.2803572872848414,0,1.1708477033095694,0.6065483838319778,2.2029926855423798e-14
1,2,step,False,1,1.2597795664531544,0.20345296002146568,0.012521526603086119,1.2574605609209226,73.4203802244768,4,1.3014780187753279,119,29.044055115191952,38.72113729368781,1.9887540499445318,2,0.2289599144377732,0,1.1708477033095694,0.6065483838319778,2.2029926855423798e-14
1,2,step,False,2,1.321130606706036,0.22198100986824304,0.0353783853533421,1.2968486310961702,64.21333978017283,4,1.3680608408512542,109,17.37284107725703,25.482185394775417,1.9352331369596187,2,0.36816229352918284,0,1.1708477033095694,0.6065483838319778,2.2029926855423798e-14
1,2,step,False,3,0.7822524636658202,0.1826181732014159,0.10098316619527041,0.7887976066307316,31.65460114810914,4,1.5401210518536577,63,9.35347144682186,13.852596499794721,1.977574109155354,2,0.33467030947226933,0,1.1708477033095694,0.6065483838319778,2.2029926855423798e-14
1,2,step,False,4,0.34434947603663596,0.8809508063119745,0.08760588855588422,0.34933103969013735,110.76965662245044,4,1.2506721675324675,171,44.028232802810834,58.374660689314254,1.886813852105647,2,0.2848634058485703,0,1.1708477033095694,0.6065483838319778,2.2029926855423798e-14
1,2,step,False,5,1.4417495312968414,0.4403104124444334,0.02940407296350532,1.4063767490575503,58.85843969092172,4,1.443776098345645,109,19.605546127408033,26.156902945640958,1.9545348941838334,2,0.34647564295972816,0,1.1708477033095694,0.6065483838319778,2.2029926855423798e-14
1,2,step,False,6,1.00972397712654,0.11738179429502625,0.033650212390920815,1.0274102334164679,53.26794803322947,4,1.4548996150584552,93,15.837960919165813,21.116663267112667,1.985677093526954,2,0.13383071072899866,0,1.1708477033095694,0.6065483838319778,2.2029926855423798e-14
1,2,step,False,7,1.2185947329704703,0.32571929861475973,0.04335301107252063,1.1732784477053118,59.776321990038106,4,1.5824914426247365,102,17.65955636096575,26.35745780229466,1.939134373243117,2,0.3094596959811201,0,1.1708477033095694,0.6065483838319778,2.2029926855423798e-14
1,2,step,False,8,1.0529759994370083,0.19379700469429617,0.018025357034565072,1.0304770381052146,90.63043919268989,4,1.2089503562504371,135,34.94758802336511,50.01491436528766,1.9929618599760854,2,0.20025343359686315,0,1.1708477033095694,0.6065483838319778,2.2029926855423798e-14
1,2,step,False,9,0.29021406196150945,0.7655287927381349,0.037530307063268015,0.30145115198678174,86.10041172850613,4,1.3027633038404485,140,27.897054865265854,40.23174936909958,1.9029064721708686,2,0.3129599680964958,0,1.1708477033095694,0.6065483838319778,2.2029926855423798e-14
1,2,step,False,10,1.385073693952201,0.2529828603479984,0.01817735746341647,1.3746661218999394,71.91980943756451,4,1.3079830281169158,120,21.365952540499073,30.793496057588527,1.9989389352592386,2,0.19829887150611147,0,1.1708477033095694,0.6065483838319778,2.2029926855423798e-14
1,2,step,False,11,1.039287979344075,0.36503440184721814,0.06946342990990302,0.9783331104422774,44.593612143074274,4,1.4179461310870287,80,13.305326045947309,18.463663752619784,1.88078838835502,2,0.10329080966983988,0,1.1708477033095694,0.6065483838319778,2.2029926855423798e-14
1,2,step,False,12,1.093621695593289,0.5424874436574201,0.006981175685816066,1.0841202588167642,83.87676452846466,4,1.2362845540544831,127,29.310200945210532,40.1824554491818,1.9929618599760854,2,0.1997395052663203,0,1.1708477033095694,0.6065483838319778,2.2029926855423798e-14
1,2,step,False,13,0.9736580260817508,0.33776137346346974,0.006691322794632664,0.9635194857550359,60.767410951634155,4,1.3012547771511178,99,20.614697598419387,29.893103154498256,1.939134373243117,2,0.30956619687283754,0,1.1708477033095694,0.6065483838319778,2.2029926855423798e-14
1,2,step,False,14,1.313802687997899,0.05557018705081395,0.019463617530753523,1.3225702913491508,76.4711253420775,4,1.2740067003456363,123,23.400340065808646,33.22280232052732,1.9989389352592386,2,0.19829219874385154,0,1.1708477033095694,0.6065483838319778,2.2029926855423798e-14
1,2,step,False,15,2.345362840709062,0.15608670848381254,0.02998123573951759,2.3698293887686748,15.315387151269974,4,1.6743011216639352,34,6.000000000293209,8.140297372028819,1.179125405711828,2,0.1868554586527322,0,1.1708477033095694,0.6065483838319778,2.2029926855423798e-14
1,2,step,False,16,0.720181991764751,0.33518203685701836,0.06246822600032174,0.6911975456312982,73.38432044625401,4,1.3478844172948343,114,25.035892930228403,35.91587447461156,1.9545348941838334,2,0.34693176729853853,0,1.1708477033095694,0.6065483838319778,2.2029926855423798e-14
1,2,step,False,17,1.2805013366604237,0.4012953478010516,0.04619074404007257,1.286407986198546,39.55629964356406,4,1.4893567238615686,75,9.51750982975076,13.49530304112961,1.977574109155354,2,0.33365093915813177,0,1.1708477033095694,0.6065483838319778,2.2029926855423798e-14
1,2,step,False,18,0.8160002170453344,0.7892542513334564,0.07184616227630107,0.7857118010309566,80.73122378063826,4,1.2727468403386215,129,33.996332876143065,45.62695152474449,1.9002238458215635,2,0.19146575408601677,0,1.1708477033095694,0.6065483838319778,2.2029926855423798e-14
1,2,step,False,19,1.3316689125660606,0.38990316658076624,0.054424848145914695,1.34276851232327,15.966969068378386,4,1.6890374174626903,37,6.0000000003422365,8.99715907498545,1.537392732156789,2,0.29559338504088145,0,1.1708477033095694,0.6065483838319778,2.2029926855423798e-14
1,2,step,False,20,1.542113069582152,0.19301523770283985,0.006281818426468708,1.5518054332647644,50.35094875946201,4,1.2156112198778257,85,21.259652048488107,28.67012486254315,1.9887540499445318,2,0.22901457620113233,0,1.1708477033095694,0.6065483838319778,2.2029926855423798e-14
1,2,step,False,21,2.0051335288065353,0.08654459912070944,0.021950714185393776,1.9742388230003605,35.97508400818381,4,1.362173227191439,63,6.000000000465373,8.531511978374796,1.88078838835502,2,0.10296625708871239,0,1.1708477033095694,0.6065483838319778,2.2029926855423798e-14
1,2,step,False,22,2.5644615416402696,0.04101561192242367,0.0340973464612257,2.5633631664374383,17.124575495420004,4,1.6590726355233671,30,6.0000000003198055,7.985389484478084,1.0,1,0.15559462252560444,0,1.1708477033095694,0.6065483838319778,2.2029926855423798e-14
1,2,step,False,23,1.107052378092518,0.07346155665617243,0.030638821262493697,1.098881262669808,87.14941156343991,4,1.3010299865835984,137,28.999376556493026,40.8281321094882,1.996157976826316,2,0.20391186985485388,0,1.1708477033095694,0.6065483838319778,2.2029926855423798e-14
1,3,step,False,0,1.5749285892107503,0.0611828192532821,0.021897606676460794,1.5352165324677927,58.1255192699806,4,1.3359299744479276,100,18.692854596580673,25.17441939055803,1.9862040887012293,2,0.17415651561517914,0,0.8279143507468913,0.3665541857481003,2.5782697998458855e-13
1,3,step,False,1,1.2597795664531544,0.2035162580043684,0.012521526603086119,1.2574605609209226,73.4203802244768,4,1.3014780187753279,119,29.2948376088244,39.021098352244266,1.9887540499445318,2,0.10551503925678328,0,0.8279143507468913,0.3665541857481003,2.5782697998458855e-13
1,3,step,False,2,1.321130606706036,0.23755417442305726,0.0353783853533421,1.2968486310961702,64.21333978017283,4,1.3680608408512542,109,18.304933678694706,28.112643345678727,1.9352331369596187,2,0.2014179639249492,0,0.8279143507468913,0.3665541857481003,2.5782697998458855e-13
1,3,step,False,3,0.7822524636658202,0.19127659229195504,0.10098316619527041,0.7887976066307316,31.65460114810914,4,1.5401210518536577,63,8.554844169038812,11.501545264794093,1.977574109155354,2,0.15567326533717818,0,0.8279143507468913,0.3665541857481003,2.5782697998458855e-13
1,3,step,False,4,0.34434947603663596,0.8760216672563547,0.08760588855588422,0.34933103969013735,110.76965662245044,4,1.2506721675324675,171,47.79797777422327,62.70256745703283,1.886813852105647,2,0.16173261667139,0,0.8279143507468913,0.3665541857481003,2.5782697998458855e-13
1,3,step,False,5,1.4417495312968414,0.38857477695110243,0.02940407296350532,1.4063767490575503,58.85843969092172,4,1.443776098345645,109,19.203974858708676,26.066084048361176,1.9545348941838334,2,0.14927213304352666,0,0.8279143507468913,0.3665541857481003,2.5782697998458855e-13
1,3,step,False,6,1.00972397712654,0.04160555073454178,0.033650212390920815,1.0274102334164679,53.26794803322947,4,1.4548996150584552,93,19.315301057793285,25.769755379238727,1.985677093526954,2,0.10039780627771346,0,0.8279143507468913,0.3665541857481003,2.5782697998458855e-13
1,3,step,False,7,1.2185947329704703,0.40202006069429785,0.04335301107252063,1.1732784477053118,59.776321990038106,4,1.5824914426247365,102,18.67672079935523,26.141360823321875,1.939134373243117,2,0.1234936273321749,0,0.8279143507468913,0.3665541857481003,2.5782697998458855e-13
1,3,step,False,8,1.0529759994370083,0.2931468849474948,0.018025357034565072,1.0304770381052146,90.63043919268989,4,1.2089503562504371,135,31.820765673929177,42.90096271146113,1.9929618599760854,2,0.1297358949107194,0,0.8279143507468913,0.3665541857481003,2.5782697998458855e-13
1,3,step,False,9,0.29021406196150945,0.6434187101843973,0.037530307063268015,0.30145115198678174,86.10041172850613,4,1.3027633038404485,140,28.45802015662168,43.59206349498281,1.9029064721708686,2,0.1976556275977379,0,0.8279143507468913,0.3665541857481003,2.5782697998458855e-13
1,3,step,False,10,1.385073693952201,0.19277612708567293,0.01817735746341647,1.3746661218999394,71.91980943756451,4,1.3079830281169158,120,20.48747675123626,27.638822541299728,1.9989389352592386,2,0.10661631907009568,0,0.8279143507468913,0.3665541857481003,2.5782697998458855e-13
1,3,step,False,11,1.039287979344075,0.2951647742912266,0.06946342990990302,0.9783331104422774,44.593612143074274,4,1.4179461310870287,80,14.701660392159758,20.254069726381218,1.88078838835502,2,0.0667356700590179,0,0.8279143507468913,0.3665541857481003,2.5782697998458855e-13
1,3,step,False,12,1.093621695593289,0.7714591015862395,0.006981175685816066,1.0841202588167642,83.87676452846466,4,1.2362845540544831,127,29.995439713066403,40.41720646957731,1.9929618599760854,2,0.13000226293205136,0,0.8279143507468913,0.3665541857481003,2.5782697998458855e-13
1,3,step,False,13,0.9736580260817508,0.25376402548854676,0.006691322794632664,0.9635194857550359,60.767410951634155,4,1.3012547771511178,99,20.114344435025394,27.419867283985454,1.939134373243117,2,0.12542112787928555,0,0.8279143507468913,0.3665541857481003,2.5782697998458855e-13
1,3,step,False,14,1.313802687997899,0.10718562257959485,0.019463617530753523,1.3225702913491508,76.4711253420775,4,1.2740067003456363,123,23.121988701000827,31.313278802016747,1.9989389352592386,2,0.10659335402611039,0,0.8279143507468913,0.3665541857481003,2.5782697998458855e-13
1,3,step,False,15,2.345362840709062,0.051486014957385653,0.02998123573951759,2.3698293887686748,15.315387151269974,4,1.6743011216639352,34,6.000000000043255,8.368290158552043,1.179125405711828,2,0.31140128626885616,0,0.8279143507468913,0.3665541857481003,2.5782697998458855e-13
1,3,step,False,16,0.720181991764751,0.4790002461036572,0.06246822600032174,0.6911975456312982,73.38432044625401,4,1.3478844172948343,114,24.504176031577124,33.33250635143923,1.9545348941838334,2,0.15035526433253296,0,0.8279143507468913,0.3665541857481003,2.5782697998458855e-13
1,3,step,False,17,1.2805013366604237,0.38790930929001194,0.04619074404007257,1.286407986198546,39.55629964356406,4,1.4893567238615686,75,11.10196179995823,16.37424824297946,1.977574109155354,2,0.15545613946768994,0,0.8279143507468913,0.3665541857481003,2.5782697998458855e-13
1,3,step,False,18,0.8160002170453344,0.9371188376759934,0.07184616227630107,0.7857118010309566,80.73122378063826,4,1.2727468403386215,129,33.97331680574176,45.2195772789478,1.9002238458215635,2,0.12479358259266295,0,0.8279143507468913,0.3665541857481003,2.5782697998458855e-13
1,3,step,False,19,1.3316689125660606,0.07542562572882767,0.054424848145914695,1.34276851232327,15.966969068378386,4,1.6890374174626903,37,6.0000000002327125,7.820611591611836,1.537392732156789,2,0.17236348853334754,0,0.8279143507468913,0.3665541857481003,2.5782697998458855e-13
1,3,step,False,20,1.542113069582152,0.16159889979190062,0.006281818426468708,1.5518054332647644,50.35094875946201,4,1.2156112198778257,85,20.327912882545515,26.01273873746486,1.9887540499445318,2,0.10561885046952323,0,0.8279143507468913,0.3665541857481003,2.5782697998458855e-13
1,3,step,False,21,2.0051335288065353,0.06505790390153333,0.021950714185393776,1.9742388230003605,35.97508400818381,4,1.362173227191439,63,6.000000000312836,8.124492250324803,1.88078838835502,2,0.0689473586509358,0,0.8279143507468913,0.3665541857481003,2.5782697998458855e-13
1,3,step,False,22,2.5644615416402696,0.049596132316889564,0.0340973464612257,2.5633631664374383,17.124575495420004,4,1.6590726355233671,30,6.000000000079837,7.938023142457035,1.0,1,0.12374984055257929,0,0.8279143507468913,0.3665541857481003,2.5782697998458855e-13
1,3,step,False,23,1.107052378092518,0.05308944256117821,0.030638821262493697,1.098881262669808,87.14941156343991,4,1.3010299865835984,137,26.70515470502784,36.23238484931362,1.996157976826316,2,0.1547886280830584,0,0.8279143507468913,0.3665541857481003,2.5782697998458855e-13
2,0,init,False,0,1.0467706587360495,0.041632987055741824,0.04818080207143044,1.065614527120084,59.04569452859888,4,1.389966061080823,96,nan,nan,1.896683574196853,2,nan,0,nan,nan,nan
2,0,init,False,1,1.0701418227387929,0.5975923778550287,0.03725360556242452,1.1053002567008543,51.64105542247972,4,1.2390161483685567,93,nan,nan,1.8021840995768605,2,nan,0,nan,nan,nan
2,0,init,False,2,0.7932685761589658,0.07577615443700846,0.04449005377984825,0.8106206378681393,42.34374708505638,4,1.3021521159175078,77,nan,nan,1.9399182951467226,2,nan,0,nan,nan,nan
2,0,init,False,3,0.3205409858769687,0.025897863709453357,0.0889115517279007,0.32860106643734815,84.00726786199591,4,1.300901783066737,130,nan,nan,1.9852605537019181,2,nan,0,nan,nan,nan
2,0,init,False,4,1.2844467353127504,0.37781244149686,0.02815908978755307,1.3287762467247326,7.469383352135623,4,1.6761644872707415,14,nan,nan,1.2331901625011739,2,nan,0,nan,nan,nan
2,0,init,False,5,2.0802561912918844,0.04657871622300943,0.009644631408699837,2.1503651142273097,39.51145944543005,4,1.5192913821130405,72,nan,nan,1.9907518042350216,2,nan,0,nan,nan,nan
2,0,init,False,6,1.2190457946602995,0.07341195551890738,0.02646498131436223,1.304019699539826,72.9073654873682,4,1.2255340651471252,122,nan,nan,1.9712167323469219,2,nan,0,nan,nan,nan
2,0,init,False,7,1.5215077396539407,0.07878722277436481,0.03249728576018745,1.6118185057858692,65.90824151687282,4,1.2594893218466454,114,nan,nan,1.9712167323469219,2,nan,0,nan,nan,nan
2,0,init,False,8,1.0115079638172977,0.040779024149374656,0.04281285562693443,1.0402539668499504,75.22126136979051,4,1.3281580911852546,123,nan,nan,1.9682358536432933,2,nan,0,nan,nan,nan
2,0,init,False,9,0.3423530440072947,0.9534460644194346,0.1487420438488202,0.39462833349611937,35.18788834101062,4,1.3549033565079938,63,nan,nan,1.705843270489426,2,nan,0,nan,nan,nan
2,0,init,False,10,0.3204744605844023,0.29939013515580665,0.07115304953183708,0.317223365294951,87.16048825978412,4,1.2738906059503479,139,nan,nan,1.9865759547048216,2,nan,0,nan,nan,nan
2,0,init,False,11,1.348557138294263,0.2777474023682521,0.016873490355006585,1.4309213818013853,54.85926235489409,4,1.2922969011704626,92,nan,nan,1.8462494348675773,2,nan,0,nan,nan,nan
2,0,init,False,12,1.95878432879614,0.23327833265288012,0.01136017020975995,2.0254609245379407,40.08902068095337,4,1.384946821223811,76,nan,nan,1.9117504658234996,2,nan,0,nan,nan,nan
2,0,init,False,13,2.3633895001822,0.3183385299401462,0.014964964686303628,2.3982427287796764,26.59264496145776,4,1.352033392404459,52,nan,nan,1.5961675626762144,2,nan,0,nan,nan,nan
2,0,init,False,14,1.7825206800460858,0.034920263165683724,0.014728728551662055,1.8821161988121373,46.172091068059316,4,1.3466985252160468,82,nan,nan,1.9907518042350216,2,nan,0,nan,nan,nan
2,0,init,False,15,1.1478094221068595,0.17525732370557282,0.05124397325439869,1.178307628048324,28.877027391427546,4,1.59673346097239,55,nan,nan,1.88720554662088,2,nan,0,nan,nan,nan
2,0,init,False,16,0.7518156372889109,0.02377030757519387,0.012564134322359182,0.8058500529624382,106.71190044916905,4,1.1266294635540246,165,nan,nan,1.9504047492516008,2,nan,0,nan,nan,nan
2,0,init,False,17,1.4618158494836173,0.4046882156166231,0.017268687561480194,1.4834011543436434,35.0073398635863,4,1.3254211573746157,63,nan,nan,1.7223054651688763,2,nan,0,nan,nan,nan
2,0,init,False,18,1.7987267463663223,0.27180114652377896,0.023551931644880328,1.8668543172144307,44.12035323503808,4,1.4784202331339371,84,nan,nan,1.9117504658234996,2,nan,0,nan,nan,nan
2,0,init,False,19,1.6219259550985072,0.10026451282149453,0.013781814922264409,1.6802534881377214,74.42484287557377,4,1.3377405722563598,113,nan,nan,1.8748476070621742,2,nan,0,nan,nan,nan
2,0,init,False,20,0.4967517232200428,0.13857587495458276,0.03748703549697834,0.5386624092673657,75.84888072224115,4,1.410734447486806,127,nan,nan,1.9635791365602837,2,nan,0,nan,nan,nan
2,0,init,False,21,0.2801579968649878,0.1280345291241465,0.15643783055549101,0.2811764722451304,106.18932736682225,4,1.31924396631905,161,nan,nan,1.9919329294882167,2,nan,0,nan,nan,nan
2,0,init,False,22,0.4284902509478303,0.032018389272177414,0.0681996383461825,0.45001950312967354,88.86975276936352,4,1.2797301308079836,138,nan,nan,1.9852605537019181,2,nan,0,nan,nan,nan
2,0,init,False,23,0.8766018881723402,0.043694826234307885,0.028301995934415035,0.9502066118747599,91.8337035908913,4,1.2317549105593442,153,nan,nan,1.9919329294882167,2,nan,0,nan,nan,nan
2,1,step,False,0,1.0467706587360495,0.23586808072615678,0.04818080207143044,1.065614527120084,59.04569452859888,4,1.389966061080823,96,19.776593842374545,29.496742830431185,1.896683574196853,2,0.33110138308988857,0,1.6949287368540935,1.0,3.6482541336089435e-16
2,1,step,False,1,1.0701418227387929,0.5151193228374791,0.03725360556242452,1.1053002567008543,51.64105542247972,4,1.2390161483685567,93,16.77943175354453,22.524447990007843,1.8021840995768605,2,0.44303992163047057,0,1.6949287368540935,1.0,3.6482541336089435e-16
2,1,step,False,2,0.7932685761589658,0.08217672293300303,0.04449005377984825,0.8106206378681393,42.34374708505638,4,1.3021521159175078,77,16.354900382347658,22.399713348815585,1.9399182951467226,2,0.4844936401129276,0,1.6949287368540935,1.0,3.6482541336089435e-16
2,1,step,False,3,0.3205409858769687,0.03493490147708804,0.0889115517279007,0.32860106643734815,84.00726786199591,4,1.300901783066737,130,29.176252212002822,42.60630639616182,1.9852605537019181,2,0.38763138509112277,0,1.6949287368540935,1.0,3.6482541336089435e-16
2,1,step,False,4,1.2844467353127504,0.3558459840138414,0.02815908978755307,1.3287762467247326,7.469383352135623,4,1.6761644872707415,14,6.000000000401242,7.9424714488303465,1.2331901625011739,2,0.3949957739770993,0,1.6949287368540935,1.0,3.6482541336089435e-16
2,1,step,False,5,2.0802561912918844,0.06091080991018316,0.009644631408699837,2.1503651142273097,39.51145944543005,4,1.5192913821130405,72,11.240977815410172,14.022946368431896,1.9907518042350216,2,0.3016410767034887,0,1.6949287368540935,1.0,3.6482541336089435e-16
2,1,step,False,6,1.2190457946602995,0.08563398103033006,0.02646498131436223,1.304019699539826,72.9073654873682,4,1.2255340651471252,122,22.65144161303686,30.46859474134583,1.9712167323469219,2,0.3054474910841333,0,1.6949287368540935,1.0,3.6482541336089435e-16
2,1,step,False,7,1.5215077396539407,0.06437972297277472,0.03249728576018745,1.6118185057858692,65.90824151687282,4,1.2594893218466454,114,22.219354176951285,32.446071434006505,1.9712167323469219,2,0.30533136299374003,0,1.6949287368540935,1.0,3.6482541336089435e-16
2,1,step,False,8,1.0115079638172977,0.03249405539792065,0.04281285562693443,1.0402539668499504,75.22126136979051,4,1.3281580911852546,123,27.91704293999407,36.44179125757889,1.9682358536432933,2,0.3576199411787856,0,1.6949287368540935,1.0,3.6482541336089435e-16
2,1,step,False,9,0.3423530440072947,0.9554843569037168,0.1487420438488202,0.39462833349611937,35.18788834101062,4,1.3549033565079938,63,8.86183472093312,12.404979820776017,1.705843270489426,2,0.49836221949813436,0,1.6949287368540935,1.0,3.6482541336089435e-16
2,1,step,False,10,0.3204744605844023,0.4830664850878469,0.07115304953183708,0.317223365294951,87.16048825978412,4,1.2738906059503479,139,30.738004960022103,42.2178425158871,1.9865759547048216,2,0.6396596286314953,0,1.6949287368540935,1.0,3.6482541336089435e-16
2,1,step,False,11,1.348557138294263,0.4675406019351036,0.016873490355006585,1.4309213818013853,54.85926235489409,4,1.2922969011704626,92,17.05164612994586,24.629664273133443,1.8462494348675773,2,0.420111114766603,0,1.6949287368540935,1.0,3.6482541336089435e-16
2,1,step,False,12,1.95878432879614,0.19927106455385682,0.01136017020975995,2.0254609245379407,40.08902068095337,4,1.384946821223811,76,13.735461525275536,18.818722520805604,1.9117504658234996,2,0.2416241607789932,0,1.6949287368540935,1.0,3.6482541336089435e-16
2,1,step,False,13,2.3633895001822,0.3211704053144453,0.014964964686303628,2.3982427287796764,26.59264496145776,4,1.352033392404459,52,7.475902496093372,10.466105937265866,1.5961675626762144,2,0.35997766160449995,0,1.6949287368540935,1.0,3.6482541336089435e-16
2,1,step,False,14,1.7825206800460858,0.028494938104327544,0.014728728551662055,1.8821161988121373,46.172091068059316,4,1.3466985252160468,82,16.11904513790899,21.546685416902598,1.9907518042350216,2,0.3015797468835413,0,1.6949287368540935,1.0,3.6482541336089435e-16
2,1,step,False,15,1.1478094221068595,0.8552328788850464,0.05124397325439869,1.178307628048324,28.877027391427546,4,1.59673346097239,55,7.160966979626291,10.77413941529456,1.88720554662088,2,0.23277699863623014,0,1.6949287368540935,1.0,3.6482541336089435e-16
2,1,step,False,16,0.7518156372889109,0.02121400823359045,0.012564134322359182,0.8058500529624382,106.71190044916905,4,1.1266294635540246,165,36.22535879486841,49.556704841941325,1.9504047492516008,2,0.40782934623230843,0,1.6949287368540935,1.0,3.6482541336089435e-16
2,1,step,False,17,1.4618158494836173,0.28528157758503375,0.017268687561480194,1.4834011543436434,35.0073398635863,4,1.3254211573746157,63,9.853171079702859,13.593338418183833,1.7223054651688763,2,0.361197441390314,0,1.6949287368540935,1.0,3.6482541336089435e-16
2,1,step,False,18,1.7987267463663223,0.32407678649138244,0.023551931644880328,1.8668543172144307,44.12035323503808,4,1.4784202331339371,84,12.690661207299115,17.41004192114241,1.9117504658234996,2,0.24112110409693727,0,1.6949287368540935,1.0,3.6482541336089435e-16
2,1,step,False,19,1.6219259550985072,0.12374944361450373,0.013781814922264409,1.6802534881377214,74.42484287557377,4,1.3377405722563598,113,30.601027591767718,41.380871693530764,1.8748476070621742,2,0.33326782515508924,0,1.6949287368540935,1.0,3.6482541336089435e-16
2,1,step,False,20,0.4967517232200428,0.1867014653974021,0.03748703549697834,0.5386624092673657,75.84888072224115,4,1.410734447486806,127,18.816311055389633,29.60165141043377,1.9635791365602837,2,0.44998845139950994,0,1.6949287368540935,1.0,3.6482541336089435e-16
2,1,step,False,21,0.2801579968649878,0.1141409176318486,0.15643783055549101,0.2811764722451304,106.18932736682225,4,1.31924396631905,161,37.635997295129684,52.91425200546409,1.9919329294882167,2,0.4415063107856999,0,1.6949287368540935,1.0,3.6482541336089435e-16
2,1,step,False,22,0.4284902509478303,0.04482394314944579,0.0681996383461825,0.45001950312967354,88.86975276936352,4,1.2797301308079836,138,33.205969876835965,46.86479078669111,1.9852605537019181,2,0.3873847431826352,0,1.6949287368540935,1.0,3.6482541336089435e-16
2,1,step,False,23,0.8766018881723402,0.04285040097361533,0.028301995934415035,0.9502066118747599,91.8337035908913,4,1.2317549105593442,153,31.044857366390332,42.51745364896881,1.9919329294882167,2,0.4414570001923233,0,1.6949287368540935,1.0,3.6482541336089435e-16
2,2,step,False,0,1.0467706587360495,0.15710852086921753,0.04818080207143044,1.065614527120084,59.04569452859888,4,1.389966061080823,96,21.06382451924458,31.853029923054233,1.896683574196853,2,0.4396292288559766,0,1.1984956034574787,0.6159327775239944,8.965501132522225e-07
2,2,step,False,1,1.0701418227387929,0.4682129105223761,0.03725360556242452,1.1053002567008543,51.64105542247972,4,1.2390161483685567,93,16.135262419223597,21.282640346857036,1.8021840995768605,2,0.23197712196335574,0,1.1984956034574787,0.6159327775239944,8.965501132522225e-07
2,2,step,False,2,0.7932685761589658,0.2484714703520428,0.04449005377984825,0.8106206378681393,42.34374708505638,4,1.3021521159175078,77,16.691710578573407,22.5455011304351,1.9399182951467226,2,0.19474872374731927,0,1.1984956034574787,0.6159327775239944,8.965501132522225e-07
2,2,step,False,3,0.3205409858769687,0.04404452664015262,0.0889115517279007,0.32860106643734815,84.00726786199591,4,1.300901783066737,130,30.60587205994713,43.87648478506856,1.9852605537019181,2,0.2640724461592615,0,1.1984956034574787,0.6159327775239944,8.965501132522225e-07
2,2,step,False,4,1.2844467353127504,0.16886028871317857,0.02815908978755307,1.3287762467247326,7.469383352135623,4,1.6761644872707415,14,6.000000000146812,7.927722244765086,1.2331901625011739,2,0.2162807255314824,0,1.1984956034574787,0.6159327775239944,8.965501132522225e-07
2,2,step,False,5,2.0802561912918844,0.04990805115348034,0.009644631408699837,2.1503651142273097,39.51145944543005,4,1.5192913821130405,72,9.704011404444774,11.550089518768102,1.9907518042350216,2,0.14162215839059802,0,1.1984956034574787,0.6159327775239944,8.965501132522225e-07
2,2,step,False,6,1.2190457946602995,0.10033826782281582,0.02646498131436223,1.304019699539826,72.9073654873682,4,1.2255340651471252,122,22.128303912605162,30.896170724176827,1.9712167323469219,2,0.18351699613927075,0,1.1984956034574787,0.6159327775239944,8.965501132522225e-07
2,2,step,False,7,1.5215077396539407,0.08337250201935001,0.03249728576018745,1.6118185057858692,65.90824151687282,4,1.2594893218466454,114,18.921900805007624,25.762176575912076,1.9712167323469219,2,0.18352491708955948,0,1.1984956034574787,0.6159327775239944,8.965501132522225e-07
2,2,step,False,8,1.0115079638172977,0.040842119764204356,0.04281285562693443,1.0402539668499504,75.22126136979051,4,1.3281580911852546,123,30.443634156088113,39.85927253827905,1.9682358536432933,2,0.2860884364262331,0,1.1984956034574787,0.6159327775239944,8.965501132522225e-07
2,2,step,False,9,0.3423530440072947,0.9026381880555513,0.1487420438488202,0.39462833349611937,35.18788834101062,4,1.3549033565079938,63,10.19077284567645,15.502745979058233,1.705843270489426,2,0.33525877534882664,0,1.1984956034574787,0.6159327775239944,8.965501132522225e-07
2,2,step,False,10,0.3204744605844023,0.25359180544738313,0.07115304953183708,0.317223365294951,87.16048825978412,4,1.2738906059503479,139,29.842388046799552,43.78177964341553,1.9865759547048216,2,0.26009077830103555,0,1.1984956034574787,0.6159327775239944,8.965501132522225e-07
2,2,step,False,11,1.348557138294263,0.5205588797756842,0.016873490355006585,1.4309213818013853,54.85926235489409,4,1.2922969011704626,92,17.056458669990022,25.308264995869834,1.8462494348675773,2,0.3455069777896649,0,1.1984956034574787,0.6159327775239944,8.965501132522225e-07
2,2,step,False,12,1.95878432879614,0.21403144054013268,0.01136017020975995,2.0254609245379407,40.08902068095337,4,1.384946821223811,76,11.431665592312571,14.948769621507921,1.9117504658234996,2,0.15319557474513962,0,1.1984956034574787,0.6159327775239944,8.965501132522225e-07
2,2,step,False,13,2.3633895001822,0.22359608340568815,0.014964964686303628,2.3982427287796764,26.59264496145776,4,1.352033392404459,52,6.638632579797436,8.170616648500193,1.5961675626762144,2,0.1388422988666055,0,1.1984956034574787,0.6159327775239944,8.965501132522225e-07
2,2,step,False,14,1.7825206800460858,0.03528551450024697,0.014728728551662055,1.8821161988121373,46.172091068059316,4,1.3466985252160468,82,14.015116413345364,17.588689739824016,1.9907518042350216,2,0.14162671257317955,0,1.1984956034574787,0.6159327775239944,8.965501132522225e-07
2,2,step,False,15,1.1478094221068595,0.9999826056971813,0.05124397325439869,1.178307628048324,28.877027391427546,4,1.59673346097239,55,10.336803501410191,15.760703546427356,1.88720554662088,2,0.1950889543950756,0,1.1984956034574787,0.6159327775239944,8.965501132522225e-07
2,2,step,False,16,0.7518156372889109,0.012419248734164385,0.012564134322359182,0.8058500529624382,106.71190044916905,4,1.1266294635540246,165,37.99986163260032,51.28728802891886,1.9504047492516008,2,0.23592306009474912,0,1.1984956034574787,0.6159327775239944,8.965501132522225e-07
2,2,step,False,17,1.4618158494836173,0.3960915777512096,0.017268687561480194,1.4834011543436434,35.0073398635863,4,1.3254211573746157,63,10.197350544523223,13.727500782606151,1.7223054651688763,2,0.23548541962865072,0,1.1984956034574787,0.6159327775239944,8.965501132522225e-07
2,2,step,False,18,1.7987267463663223,0.5923911052824427,0.023551931644880328,1.8668543172144307,44.12035323503808,4,1.4784202331339371,84,12.587944248260863,16.35895172108097,1.9117504658234996,2,0.14728939603110386,0,1.1984956034574787,0.6159327775239944,8.965501132522225e-07
2,2,step,False,19,1.6219259550985072,0.1930071550597739,0.013781814922264409,1.6802534881377214,74.42484287557377,4,1.3377405722563598,113,28.750139816655345,37.3717392823452,1.8748476070621742,2,0.299466454117618,0,1.1984956034574787,0.6159327775239944,8.965501132522225e-07
2,2,step,False,20,0.4967517232200428,0.02590563888412187,0.03748703549697834,0.5386624092673657,75.84888072224115,4,1.410734447486806,127,21.581090330139862,35.21432586976554,1.9635791365602837,2,0.37116250200242057,0,1.1984956034574787,0.6159327775239944,8.965501132522225e-07
2,2,step,False,21,0.2801579968649878,0.13200624319662205,0.15643783055549101,0.2811764722451304,106.18932736682225,4,1.31924396631905,161,35.12424899795667,47.56854985263862,1.9919329294882167,2,0.23130823465872932,0,1.1984956034574787,0.6159327775239944,8.965501132522225e-07
2,2,step,False,22,0.4284902509478303,0.04731467386816789,0.0681996383461825,0.45001950312967354,88.86975276936352,4,1.2797301308079836,138,34.49889223310944,49.277315956959235,1.9852605537019181,2,0.2640187549394538,0,1.1984956034574787,0.6159327775239944,8.965501132522225e-07
2,2,step,False,23,0.8766018881723402,0.0766585104741081,0.028301995934415035,0.9502066118747599,91.8337035908913,4,1.2317549105593442,153,31.10252163959107,41.44420990758163,1.9919329294882167,2,0.2313254277335718,0,1.1984956034574787,0.6159327775239944,8.965501132522225e-07
2,3,step,False,0,1.0467706587360495,0.1390288318242973,0.04818080207143044,1.065614527120084,59.04569452859888,4,1.389966061080823,96,19.21750880721874,27.261755661025823,1.896683574196853,2,0.20590870927928673,0,0.8474643684270466,0.3744431287050247,2.2141388320982077e-13
2,3,step,False,1,1.0701418227387929,0.7130609681676735,0.03725360556242452,1.1053002567008543,51.64105542247972,4,1.2390161483685567,93,17.92557550732746,24.90290102963357,1.8021840995768605,2,0.22981871920745625,0,0.8474643684270466,0.3744431287050247,2.2141388320982077e-13
2,3,step,False,2,0.7932685761589658,0.2883100818555841,0.04449005377984825,0.8106206378681393,42.34374708505638,4,1.3021521159175078,77,17.074255206009532,23.263831326240986,1.9399182951467226,2,0.1500884934987728,0,0.8474643684270466,0.3744431287050247,2.2141388320982077e-13
2,3,step,False,3,0.3205409858769687,0.04016379536201071,0.0889115517279007,0.32860106643734815,84.00726786199591,4,1.300901783066737,130,31.437618131545143,43.26132059375484,1.9852605537019181,2,0.12239455150268301,0,0.8474643684270466,0.3744431287050247,2.2141388320982077e-13
2,3,step,False,4,1.2844467353127504,0.049114254750377166,0.02815908978755307,1.3287762467247326,7.469383352135623,4,1.6761644872707415,14,6.00000000024418,8.193435153503199,1.2331901625011739,2,0.21022084988747047,0,0.8474643684270466,0.3744431287050247,2.2141388320982077e-13
2,3,step,False,5,2.0802561912918844,0.055709730621737216,0.009644631408699837,2.1503651142273097,39.51145944543005,4,1.5192913821130405,72,9.285847077086496,11.877971956713887,1.9907518042350216,2,0.11744450494876842,0,0.8474643684270466,0.3744431287050247,2.2141388320982077e-13
2,3,step,False,6,1.2190457946602995,0.07827076031938046,0.02646498131436223,1.304019699539826,72.9073654873682,4,1.2255340651471252,122,20.83313305689954,28.888528348518165,1.9712167323469219,2,0.1607233284812881,0,0.8474643684270466,0.3744431287050247,2.2141388320982077e-13
2,3,step,False,7,1.5215077396539407,0.0761186472748378,0.03249728576018745,1.6118185057858692,65.90824151687282,4,1.2594893218466454,114,16.757128384748427,20.970006587242082,1.9712167323469219,2,0.16201245429653294,0,0.8474643684270466,0.3744431287050247,2.2141388320982077e-13
2,3,step,False,8,1.0115079638172977,0.032023161025403854,0.04281285562693443,1.0402539668499504,75.22126136979051,4,1.3281580911852546,123,33.01581537557048,43.71108008237612,1.9682358536432933,2,0.18301657628857265,0,0.8474643684270466,0.3744431287050247,2.2141388320982077e-13
2,3,step,False,9,0.3423530440072947,0.7923104105214297,0.1487420438488202,0.39462833349611937,35.18788834101062,4,1.3549033565079938,63,12.145300111306014,18.776646397757673,1.705843270489426,2,0.17450278474587017,0,0.8474643684270466,0.3744431287050247,2.2141388320982077e-13
2,3,step,False,10,0.3204744605844023,0.11105935237739577,0.07115304953183708,0.317223365294951,87.16048825978412,4,1.2738906059503479,139,30.28527125264951,45.1474042146561,1.9865759547048216,2,0.2094588063982884,0,0.8474643684270466,0.3744431287050247,2.2141388320982077e-13
2,3,step,False,11,1.348557138294263,0.9712897956017845,0.016873490355006585,1.4309213818013853,54.85926235489409,4,1.2922969011704626,92,16.136226850957236,23.89861612005407,1.8462494348675773,2,0.10463559676891288,0,0.8474643684270466,0.3744431287050247,2.2141388320982077e-13
2,3,step,False,12,1.95878432879614,0.2674158670441507,0.01136017020975995,2.0254609245379407,40.08902068095337,4,1.384946821223811,76,10.55836587817291,14.016491847788695,1.9117504658234996,2,0.10575870215883452,0,0.8474643684270466,0.3744431287050247,2.2141388320982077e-13
2,3,step,False,13,2.3633895001822,0.2973093367309346,0.014964964686303628,2.3982427287796764,26.59264496145776,4,1.352033392404459,52,6.00000000028632,7.0801245627233405,1.5961675626762144,2,0.20304293232740114,0,0.8474643684270466,0.3744431287050247,2.2141388320982077e-13
2,3,step,False,14,1.7825206800460858,0.04004829210917345,0.014728728551662055,1.8821161988121373,46.172091068059316,4,1.3466985252160468,82,12.32583773246367,14.550754192008725,1.9907518042350216,2,0.117449930211123,0,0.8474643684270466,0.3744431287050247,2.2141388320982077e-13
2,3,step,False,15,1.1478094221068595,0.6905103207513196,0.05124397325439869,1.178307628048324,28.877027391427546,4,1.59673346097239,55,8.402468004819818,11.160768433983973,1.88720554662088,2,0.08045919797531038,0,0.8474643684270466,0.3744431287050247,2.2141388320982077e-13
2,3,step,False,16,0.7518156372889109,0.017955450059450918,0.012564134322359182,0.8058500529624382,106.71190044916905,4,1.1266294635540246,165,37.33573632254631,49.44277314669956,1.9504047492516008,2,0.14484916950501836,0,0.8474643684270466,0.3744431287050247,2.2141388320982077e-13
2,3,step,False,17,1.4618158494836173,0.4555100825348816,0.017268687561480194,1.4834011543436434,35.0073398635863,4,1.3254211573746157,63,13.107146621393033,17.695869903102846,1.7223054651688763,2,0.17424711518292701,0,0.8474643684270466,0.3744431287050247,2.2141388320982077e-13
2,3,step,False,18,1.7987267463663223,0.4907464329814035,0.023551931644880328,1.8668543172144307,44.12035323503808,4,1.4784202331339371,84,16.197444993593766,22.177540171749612,1.9117504658234996,2,0.10589413630827454,0,0.8474643684270466,0.3744431287050247,2.2141388320982077e-13
2,3,step,False,19,1.6219259550985072,0.10282537398729019,0.013781814922264409,1.6802534881377214,74.42484287557377,4,1.3377405722563598,113,27.29479701225758,34.879117070775784,1.8748476070621742,2,0.1756442836388583,0,0.8474643684270466,0.3744431287050247,2.2141388320982077e-13
2,3,step,False,20,0.4967517232200428,0.08318056823373479,0.03748703549697834,0.5386624092673657,75.84888072224115,4,1.410734447486806,127,22.67622268055648,37.390473031687065,1.9635791365602837,2,0.24995277468083932,0,0.8474643684270466,0.3744431287050247,2.2141388320982077e-13
2,3,step,False,21,0.2801579968649878,0.10330950623219394,0.15643783055549101,0.2811764722451304,106.18932736682225,4,1.31924396631905,161,34.51254817576221,47.633461685013,1.9919329294882167,2,0.1299741987459618,0,0.8474643684270466,0.3744431287050247,2.2141388320982077e-13
2,3,step,False,22,0.4284902509478303,0.04168111105695678,0.0681996383461825,0.45001950312967354,88.86975276936352,4,1.2797301308079836,138,33.39712995133569,47.19445070254685,1.9852605537019181,2,0.12221111005133076,0,0.8474643684270466,0.3744431287050247,2.2141388320982077e-13
2,3,step,False,23,0.8766018881723402,0.05256831033624459,0.028301995934415035,0.9502066118747599,91.8337035908913,4,1.2317549105593442,153,31.878931529824843,41.04870340192174,1.9919329294882167,2,0.12960885182660511,0,0.8474643684270466,0.3744431287050247,2.2141388320982077e-13
3,0,init,False,0,2.012293809437055,0.16382526869668737,0.018756199183210028,2.5173316972519997,37.93057280478205,4,1.3455784074471395,70,nan,nan,1.6711481055935113,2,nan,0,nan,nan,nan
3,0,init,False,1,0.7367854000076806,0.79417143118986,0.04486405630963077,0.9381530112434451,57.99527211735812,4,1.3382596057270464,106,nan,nan,1.813677599623502,2,nan,0,nan,nan,nan
3,0,init,False,2,0.6609735095724033,0.24433667621667357,0.013372701083800996,0.8068749115556259,63.15955652333682,4,1.3465946908914779,109,nan,nan,1.9787774660366941,2,nan,0,nan,nan,nan
3,0,init,False,3,1.5791575861932878,0.12014875343544607,0.006385137710751809,1.974818013934592,50.09814652505192,4,1.4943202051199926,94,nan,nan,1.9532540541669454,2,nan,0,nan,nan,nan
3,0,init,False,4,1.2628620126326964,0.22573289123814366,0.008004008129002564,1.573479995383498,82.79149624132033,4,1.204873137523886,136,nan,nan,1.9461552698732438,2,nan,0,nan,nan,nan
3,0,init,False,5,2.203884775882906,0.028767819334195907,0.016379055511242406,2.7074113064142264,26.607861162891997,4,1.6151408514682852,50,nan,nan,1.8448809057704452,2,nan,0,nan,nan,nan
3,0,init,False,6,1.3474154075443938,0.027563698831082787,0.0237557069483054,1.6598355931537507,22.494725083016796,4,1.6539183287774182,46,nan,nan,1.9424306481127915,2,nan,0,nan,nan,nan
3,0,init,False,7,0.637017188984615,0.05089688484420009,0.032755258999041366,0.7935181903461473,88.99898775563832,4,1.2111449125455207,139,nan,nan,1.9965887318648412,2,nan,0,nan,nan,nan
3,0,init,False,8,1.1241654617540675,0.14462921223042727,0.01400713589396037,1.3936737482226658,88.03765048272967,4,1.257016970154669,145,nan,nan,1.9519151203153675,2,nan,0,nan,nan,nan
3,0,init,False,9,0.3160041946949852,0.48958615363604013,0.03318564009626742,0.3992098007986559,108.0706132519012,4,1.2117144547233307,161,nan,nan,1.991312678638586,2,nan,0,nan,nan,nan
3,0,init,False,10,0.5495978082565923,0.37642342861374317,0.07030085998138329,0.6408736572093359,39.635768704361176,4,1.524224254169316,70,nan,nan,1.8122829984255895,2,nan,0,nan,nan,nan
3,0,init,False,11,1.145507073081825,0.243925561661009,0.029551458991351878,1.3979261764127833,53.50595265384432,4,1.3543931342986377,91,nan,nan,1.9532540541669454,2,nan,0,nan,nan,nan
3,0,init,False,12,1.6167986815583852,0.22344092040453378,0.022000665658904902,1.990655970697378,35.30335441281399,4,1.470880390822856,74,nan,nan,1.6188865890601374,2,nan,0,nan,nan,nan
3,0,init,False,13,1.4957891254472597,0.057343810052463334,0.014288880500076873,1.8323331443511297,37.83702709614994,4,1.514555800642806,63,nan,nan,1.9125909793095932,2,nan,0,nan,nan,nan
3,0,init,False,14,1.2928729106443955,0.09547826865619287,0.01600074301288288,1.6073081334941737,59.557835607351116,4,1.3574636402010074,100,nan,nan,1.8320795368845268,2,nan,0,nan,nan,nan
3,0,init,False,15,1.0821811863143032,0.19456944106709648,0.00868335750923116,1.3277461752378807,80.57983105058655,4,1.2621418675497373,123,nan,nan,1.9519151203153675,2,nan,0,nan,nan,nan
3,0,init,False,16,2.2308898068401075,0.03210018445050418,0.01587551009400825,2.6787613247128075,29.913116794190373,4,1.419443889218377,53,nan,nan,1.9125909793095932,2,nan,0,nan,nan,nan
3,0,init,False,17,0.9897997487825622,0.016802619628044375,0.015317781229384363,1.2328630427164144,81.85760306373517,4,1.2668221508812167,130,nan,nan,1.9965887318648412,2,nan,0,nan,nan,nan
3,0,init,False,18,0.5590769175905304,0.2264847357276426,0.06115467045686692,0.6853155502519245,92.05003247630124,4,1.1697464886624773,143,nan,nan,1.991312678638586,2,nan,0,nan,nan,nan
3,0,init,False,19,0.3614042791791365,0.5659507231192252,0.06994133695812473,0.44831401621252115,94.70932325003324,4,1.2914698356524905,147,nan,nan,1.9721894299041662,2,nan,0,nan,nan,nan
3,0,init,False,20,1.1237436745120502,0.08240801099787302,0.036502411921650435,1.3767573330804863,74.65822521997791,4,1.2522667698187906,126,nan,nan,1.8905002466512677,2,nan,0,nan,nan,nan
3,0,init,False,21,0.48646786313588014,0.21342962968316806,0.08295927172955644,0.6388202974049727,78.49371927859829,4,1.2956308258276654,125,nan,nan,1.861148392492176,2,nan,0,nan,nan,nan
3,0,init,False,22,1.1811721758476943,0.20007821937213402,0.014855723679024244,1.4731863504175895,35.3537841656409,4,1.6002462899003156,65,nan,nan,1.813677599623502,2,nan,0,nan,nan,nan
3,0,init,False,23,0.5342055744252718,0.2911752446039983,0.06430906043858739,0.6758729605551194,20.35954427838876,4,1.4853578680848185,45,nan,nan,1.4665348646380127,2,nan,0,nan,nan,nan
3,1,step,False,0,2.012293809437055,0.17132667214762817,0.018756199183210028,2.5173316972519997,37.93057280478205,4,1.3455784074471395,70,10.922416364615072,14.482454994206554,1.6711481055935113,2,0.37304218050713756,0,1.5615755036669832,1.0,1.1730371106605432e-15
3,1,step,False,1,0.7367854000076806,0.8876977563714267,0.04486405630963077,0.9381530112434451,57.99527211735812,4,1.3382596057270464,106,15.010092051920687,22.83846301223448,1.813677599623502,2,0.29247289399631365,0,1.5615755036669832,1.0,1.1730371106605432e-15
3,1,step,False,2,0.6609735095724033,0.30761170853541286,0.013372701083800996,0.8068749115556259,63.15955652333682,4,1.3465946908914779,109,16.773240001704252,26.060001847395142,1.9787774660366941,2,0.4289824144325035,0,1.5615755036669832,1.0,1.1730371106605432e-15
3,1,step,False,3,1.5791575861932878,0.08057784557123761,0.006385137710751809,1.974818013934592,50.09814652505192,4,1.4943202051199926,94,14.899836431441516,19.76585011294503,1.9532540541669454,2,0.29699178018375294,0,1.5615755036669832,1.0,1.1730371106605432e-15
3,1,step,False,4,1.2628620126326964,0.38714812719038266,0.008004008129002564,1.573479995383498,82.79149624132033,4,1.204873137523886,136,30.000734778869607,41.36548508494214,1.9461552698732438,2,0.4910225207771889,0,1.5615755036669832,1.0,1.1730371106605432e-15
3,1,step,False,5,2.203884775882906,0.05690059268578621,0.016379055511242406,2.7074113064142264,26.607861162891997,4,1.6151408514682852,50,6.0000000004595995,9.991526186540185,1.8448809057704452,2,0.3190557449911481,0,1.5615755036669832,1.0,1.1730371106605432e-15
3,1,step,False,6,1.3474154075443938,0.03925313719562891,0.0237557069483054,1.6598355931537507,22.494725083016796,4,1.6539183287774182,46,6.000000000553866,9.549807590621803,1.9424306481127915,2,0.1697541996367979,0,1.5615755036669832,1.0,1.1730371106605432e-15
3,1,step,False,7,0.637017188984615,0.05287533203066618,0.032755258999041366,0.7935181903461473,88.99898775563832,4,1.2111449125455207,139,30.448542280750008,41.1574719300779,1.9965887318648412,2,0.433307785571599,0,1.5615755036669832,1.0,1.1730371106605432e-15
3,1,step,False,8,1.1241654617540675,0.1769567995919304,0.01400713589396037,1.3936737482226658,88.03765048272967,4,1.257016970154669,145,29.053652846562443,41.683052171770576,1.9519151203153675,2,0.46302691882374464,0,1.5615755036669832,1.0,1.1730371106605432e-15
3,1,step,False,9,0.3160041946949852,0.4497150484918726,0.03318564009626742,0.3992098007986559,108.0706132519012,4,1.2117144547233307,161,42.8935622231798,58.530855301915764,1.991312678638586,2,0.22493388867034209,0,1.5615755036669832,1.0,1.1730371106605432e-15
3,1,step,False,10,0.5495978082565923,0.39619110189191314,0.07030085998138329,0.6408736572093359,39.635768704361176,4,1.524224254169316,70,10.636952920369222,14.250463305950456,1.8122829984255895,2,0.3081272964333308,0,1.5615755036669832,1.0,1.1730371106605432e-15
3,1,step,False,11,1.145507073081825,0.28380758536232575,0.029551458991351878,1.3979261764127833,53.50595265384432,4,1.3543931342986377,91,16.987319016572748,22.422380618220046,1.9532540541669454,2,0.2953061572573632,0,1.5615755036669832,1.0,1.1730371106605432e-15
3,1,step,False,12,1.6167986815583852,0.12022945786462495,0.022000665658904902,1.990655970697378,35.30335441281399,4,1.470880390822856,74,8.27525075068241,10.276580991030693,1.6188865890601374,2,0.23805360613364163,0,1.5615755036669832,1.0,1.1730371106605432e-15
3,1,step,False,13,1.4957891254472597,0.08208488669930933,0.014288880500076873,1.8323331443511297,37.83702709614994,4,1.514555800642806,63,14.486518135238502,20.3996384800186,1.9125909793095932,2,0.2562605755591935,0,1.5615755036669832,1.0,1.1730371106605432e-15
3,1,step,False,14,1.2928729106443955,0.22577188332807652,0.01600074301288288,1.6073081334941737,59.557835607351116,4,1.3574636402010074,100,21.64276409526105,30.36216966529646,1.8320795368845268,2,0.423768755283701,0,1.5615755036669832,1.0,1.1730371106605432e-15
3,1,step,False,15,1.0821811863143032,0.2572350411974407,0.00868335750923116,1.3277461752378807,80.57983105058655,4,1.2621418675497373,123,30.556319088868502,43.483785732213775,1.9519151203153675,2,0.46317607361780455,0,1.5615755036669832,1.0,1.1730371106605432e-15
3,1,step,False,16,2.2308898068401075,0.03546102388905719,0.01587551009400825,2.6787613247128075,29.913116794190373,4,1.419443889218377,53,9.17412241406408,12.544210845162215,1.9125909793095932,2,0.2557661634605986,0,1.5615755036669832,1.0,1.1730371106605432e-15
3,1,step,False,17,0.9897997487825622,0.019845497710136255,0.015317781229384363,1.2328630427164144,81.85760306373517,4,1.2668221508812167,130,29.688235730993995,42.488633301819924,1.9965887318648412,2,0.4333070806736601,0,1.5615755036669832,1.0,1.1730371106605432e-15
3,1,step,False,18,0.5590769175905304,0.28973604227882294,0.06115467045686692,0.6853155502519245,92.05003247630124,4,1.1697464886624773,143,34.46379207333563,47.075097607185626,1.991312678638586,2,0.2251871480230664,0,1.5615755036669832,1.0,1.1730371106605432e-15
3,1,step,False,19,0.3614042791791365,0.2604226148709715,0.06994133695812473,0.44831401621252115,94.70932325003324,4,1.2914698356524905,147,32.555472275433054,45.326689933314725,1.9721894299041662,2,0.4716902285186754,0,1.5615755036669832,1.0,1.1730371106605432e-15
3,1,step,False,20,1.1237436745120502,0.09212313478615237,0.036502411921650435,1.3767573330804863,74.65822521997791,4,1.2522667698187906,126,29.580320927251453,39.15800024600011,1.8905002466512677,2,0.44551155275012794,0,1.5615755036669832,1.0,1.1730371106605432e-15
3,1,step,False,21,0.48646786313588014,0.11494283883506508,0.08295927172955644,0.6388202974049727,78.49371927859829,4,1.2956308258276654,125,26.417901366606994,36.81208911139034,1.861148392492176,2,0.45418912417308277,0,1.5615755036669832,1.0,1.1730371106605432e-15
3,1,step,False,22,1.1811721758476943,0.15946309864338248,0.014855723679024244,1.4731863504175895,35.3537841656409,4,1.6002462899003156,65,10.049682712382431,14.14525421403489,1.813677599623502,2,0.32215004550123083,0,1.5615755036669832,1.0,1.1730371106605432e-15
3,1,step,False,23,0.5342055744252718,0.39986475260340304,0.06430906043858739,0.6758729605551194,20.35954427838876,4,1.4853578680848185,45,6.000000000403003,7.9686208448951135,1.4665348646380127,2,0.07104686693471408,0,1.5615755036669832,1.0,1.1730371106605432e-15
3,2,step,False,0,2.012293809437055,0.14406295857958074,0.018756199183210028,2.5173316972519997,37.93057280478205,4,1.3455784074471395,70,10.017237119616897,13.380958324805231,1.6711481055935113,2,0.2374507500828034,0,1.1042006279777221,0.6189601868391037,5.777640719898581e-15
3,2,step,False,1,0.7367854000076806,0.969930499971028,0.04486405630963077,0.9381530112434451,57.99527211735812,4,1.3382596057270464,106,16.09801504673507,24.3043625590429,1.813677599623502,2,0.15323868145699138,0,1.1042006279777221,0.6189601868391037,5.777640719898581e-15
3,2,step,False,2,0.6609735095724033,0.3189298627738743,0.013372701083800996,0.8068749115556259,63.15955652333682,4,1.3465946908914779,109,15.106165756939827,22.618998283600973,1.9787774660366941,2,0.24635868433964916,0,1.1042006279777221,0.6189601868391037,5.777640719898581e-15
3,2,step,False,3,1.5791575861932878,0.06920192989404231,0.006385137710751809,1.974818013934592,50.09814652505192,4,1.4943202051199926,94,14.33718165055821,19.378372235688307,1.9532540541669454,2,0.16804699519571675,0,1.1042006279777221,0.6189601868391037,5.777640719898581e-15
3,2,step,False,4,1.2628620126326964,0.5581009472828533,0.008004008129002564,1.573479995383498,82.79149624132033,4,1.204873137523886,136,28.472330740720945,37.3185233990228,1.9461552698732438,2,0.21207330998280804,0,1.1042006279777221,0.6189601868391037,5.777640719898581e-15
3,2,step,False,5,2.203884775882906,0.047969698271057355,0.016379055511242406,2.7074113064142264,26.607861162891997,4,1.6151408514682852,50,6.000000000319272,8.071675409510089,1.8448809057704452,2,0.18419293914555362,0,1.1042006279777221,0.6189601868391037,5.777640719898581e-15
3,2,step,False,6,1.3474154075443938,0.05263548754167142,0.0237557069483054,1.6598355931537507,22.494725083016796,4,1.6539183287774182,46,6.712548094089478,10.058929221341131,1.9424306481127915,2,0.22114605066447376,0,1.1042006279777221,0.6189601868391037,5.777640719898581e-15
3,2,step,False,7,0.637017188984615,0.04522052611110166,0.032755258999041366,0.7935181903461473,88.99898775563832,4,1.2111449125455207,139,31.16631971008873,43.39892768286612,1.9965887318648412,2,0.22371833213580627,0,1.1042006279777221,0.6189601868391037,5.777640719898581e-15
3,2,step,False,8,1.1241654617540675,0.2749979103758328,0.01400713589396037,1.3936737482226658,88.03765048272967,4,1.257016970154669,145,28.368954619410093,38.68526586162178,1.9519151203153675,2,0.2715037097165455,0,1.1042006279777221,0.6189601868391037,5.777640719898581e-15
3,2,step,False,9,0.3160041946949852,0.4508210533072716,0.03318564009626742,0.3992098007986559,108.0706132519012,4,1.2117144547233307,161,45.80016172472293,60.2250322556782,1.991312678638586,2,0.11913444241787481,0,1.1042006279777221,0.6189601868391037,5.777640719898581e-15
3,2,step,False,10,0.5495978082565923,0.38649644015686474,0.07030085998138329,0.6408736572093359,39.635768704361176,4,1.524224254169316,70,13.172379680642516,18.75376960604052,1.8122829984255895,2,0.22184777878918202,0,1.1042006279777221,0.6189601868391037,5.777640719898581e-15
3,2,step,False,11,1.145507073081825,0.2992391664887067,0.029551458991351878,1.3979261764127833,53.50595265384432,4,1.3543931342986377,91,17.426204113131785,23.820445819973013,1.9532540541669454,2,0.1655779300241897,0,1.1042006279777221,0.6189601868391037,5.777640719898581e-15
3,2,step,False,12,1.6167986815583852,0.14196936934974413,0.022000665658904902,1.990655970697378,35.30335441281399,4,1.470880390822856,74,7.789144621921615,10.240194977352902,1.6188865890601374,2,0.4026690431502343,0,1.1042006279777221,0.6189601868391037,5.777640719898581e-15
3,2,step,False,13,1.4957891254472597,0.076666216796776,0.014288880500076873,1.8323331443511297,37.83702709614994,4,1.514555800642806,63,12.042025425944951,16.695598265486936,1.9125909793095932,2,0.18553323071292774,0,1.1042006279777221,0.6189601868391037,5.777640719898581e-15
3,2,step,False,14,1.2928729106443955,0.02102202389461756,0.01600074301288288,1.6073081334941737,59.557835607351116,4,1.3574636402010074,100,20.085402713648893,27.51038592036832,1.8320795368845268,2,0.20649625737274985,0,1.1042006279777221,0.6189601868391037,5.777640719898581e-15
3,2,step,False,15,1.0821811863143032,0.07229009604295757,0.00868335750923116,1.3277461752378807,80.57983105058655,4,1.2621418675497373,123,31.255685300591594,42.50622812019797,1.9519151203153675,2,0.2701642812290227,0,1.1042006279777221,0.6189601868391037,5.777640719898581e-15
3,2,step,False,16,2.2308898068401075,0.047676820856801985,0.01587551009400825,2.6787613247128075,29.913116794190373,4,1.419443889218377,53,7.103168267596326,9.685953073675307,1.9125909793095932,2,0.18453789242581137,0,1.1042006279777221,0.6189601868391037,5.777640719898581e-15
3,2,step,False,17,0.9897997487825622,0.022454613796467106,0.015317781229384363,1.2328630427164144,81.85760306373517,4,1.2668221508812167,130,28.013716388662345,38.88381386066491,1.9965887318648412,2,0.22370549567259065,0,1.1042006279777221,0.6189601868391037,5.777640719898581e-15
3,2,step,False,18,0.5590769175905304,0.27969752669289616,0.06115467045686692,0.6853155502519245,92.05003247630124,4,1.1697464886624773,143,35.23402232943458,50.16362463092039,1.991312678638586,2,0.1188322463016174,0,1.1042006279777221,0.6189601868391037,5.777640719898581e-15
3,2,step,False,19,0.3614042791791365,0.07519437301682619,0.06994133695812473,0.44831401621252115,94.70932325003324,4,1.2914698356524905,147,32.322484535276686,44.50275590432644,1.9721894299041662,2,0.2499684801797222,0,1.1042006279777221,0.6189601868391037,5.777640719898581e-15
3,2,step,False,20,1.1237436745120502,0.09611471765167859,0.036502411921650435,1.3767573330804863,74.65822521997791,4,1.2522667698187906,126,28.457352488422323,38.56241719991881,1.8905002466512677,2,0.1822505351476163,0,1.1042006279777221,0.6189601868391037,5.777640719898581e-15
3,2,step,False,21,0.48646786313588014,0.08614024949404846,0.08295927172955644,0.6388202974049727,78.49371927859829,4,1.2956308258276654,125,28.522719594234065,39.46707623871257,1.861148392492176,2,0.11700141199785125,0,1.1042006279777221,0.6189601868391037,5.777640719898581e-15
3,2,step,False,22,1.1811721758476943,0.6008531362405771,0.014855723679024244,1.4731863504175895,35.3537841656409,4,1.6002462899003156,65,10.408872597371882,15.111526267082393,1.813677599623502,2,0.18618283125743873,0,1.1042006279777221,0.6189601868391037,5.777640719898581e-15
3,2,step,False,23,0.5342055744252718,0.4436695786475279,0.06430906043858739,0.6758729605551194,20.35954427838876,4,1.4853578680848185,45,7.10837821324649,9.80217113632259,1.4665348646380127,2,0.04450315113939585,0,1.1042006279777221,0.6189601868391037,5.777640719898581e-15
3,3,step,False,0,2.012293809437055,0.08793418550036043,0.018756199183210028,2.5173316972519997,37.93057280478205,4,1.3455784074471395,70,8.254314283141866,10.56657467774823,1.6711481055935113,2,0.2763996086450031,0,0.7807877518334915,0.37707512080669403,2.7905649757667173e-13
3,3,step,False,1,0.7367854000076806,0.9054194587318694,0.04486405630963077,0.9381530112434451,57.99527211735812,4,1.3382596057270464,106,15.687010891932394,21.55290851347892,1.813677599623502,2,0.08130194626455678,0,0.7807877518334915,0.37707512080669403,2.7905649757667173e-13
3,3,step,False,2,0.6609735095724033,0.40358116598903393,0.013372701083800996,0.8068749115556259,63.15955652333682,4,1.3465946908914779,109,17.009272665345677,25.506098740164777,1.9787774660366941,2,0.09426933116050193,0,0.7807877518334915,0.37707512080669403,2.7905649757667173e-13
3,3,step,False,3,1.5791575861932878,0.11908806159811076,0.006385137710751809,1.974818013934592,50.09814652505192,4,1.4943202051199926,94,14.06438322123122,18.90084741498688,1.9532540541669454,2,0.14055964351758374,0,0.7807877518334915,0.37707512080669403,2.7905649757667173e-13
3,3,step,False,4,1.2628620126326964,0.2205774083853592,0.008004008129002564,1.573479995383498,82.79149624132033,4,1.204873137523886,136,28.021550763773842,38.154069792837625,1.9461552698732438,2,0.17508176052236205,0,0.7807877518334915,0.37707512080669403,2.7905649757667173e-13
3,3,step,False,5,2.203884775882906,0.06066690715740794,0.016379055511242406,2.7074113064142264,26.607861162891997,4,1.6151408514682852,50,6.000000000316968,7.874947555054426,1.8448809057704452,2,0.13541827797267317,0,0.7807877518334915,0.37707512080669403,2.7905649757667173e-13
3,3,step,False,6,1.3474154075443938,0.05564024938542705,0.0237557069483054,1.6598355931537507,22.494725083016796,4,1.6539183287774182,46,7.5268088048367146,10.135128269229877,1.9424306481127915,2,0.10564724381996062,0,0.7807877518334915,0.37707512080669403,2.7905649757667173e-13
3,3,step,False,7,0.637017188984615,0.04508399026413881,0.032755258999041366,0.7935181903461473,88.99898775563832,4,1.2111449125455207,139,31.690004841889248,43.343111279676684,1.9965887318648412,2,0.11751053591063444,0,0.7807877518334915,0.37707512080669403,2.7905649757667173e-13
3,3,step,False,8,1.1241654617540675,0.1791799103384025,0.01400713589396037,1.3936737482226658,88.03765048272967,4,1.257016970154669,145,26.219957665517775,35.46365220904462,1.9519151203153675,2,0.14454114596877746,0,0.7807877518334915,0.37707512080669403,2.7905649757667173e-13
3,3,step,False,9,0.3160041946949852,0.4206637012096188,0.03318564009626742,0.3992098007986559,108.0706132519012,4,1.2117144547233307,161,47.1462532050115,61.56434346237635,1.991312678638586,2,0.11133780020822627,0,0.7807877518334915,0.37707512080669403,2.7905649757667173e-13
3,3,step,False,10,0.5495978082565923,0.364474242672588,0.07030085998138329,0.6408736572093359,39.635768704361176,4,1.524224254169316,70,16.25114645784958,24.01028251363039,1.8122829984255895,2,0.10669834468134808,0,0.7807877518334915,0.37707512080669403,2.7905649757667173e-13
3,3,step,False,11,1.145507073081825,0.2725035009404612,0.029551458991351878,1.3979261764127833,53.50595265384432,4,1.3543931342986377,91,17.03242763730738,22.785807017333866,1.9532540541669454,2,0.14008523281775148,0,0.7807877518334915,0.37707512080669403,2.7905649757667173e-13
3,3,step,False,12,1.6167986815583852,0.05727502917821674,0.022000665658904902,1.990655970697378,35.30335441281399,4,1.470880390822856,74,7.409729647971183,11.458606551959894,1.6188865890601374,2,0.24154374367819317,0,0.7807877518334915,0.37707512080669403,2.7905649757667173e-13
3,3,step,False,13,1.4957891254472597,0.07590574450427792,0.014288880500076873,1.8323331443511297,37.83702709614994,4,1.514555800642806,63,9.400060634675999,12.406693506977147,1.9125909793095932,2,0.11903396254262207,0,0.7807877518334915,0.37707512080669403,2.7905649757667173e-13
3,3,step,False,14,1.2928729106443955,0.016702737748746636,0.01600074301288288,1.6073081334941737,59.557835607351116,4,1.3574636402010074,100,15.841964778841675,19.884749626908377,1.8320795368845268,2,0.16133805661308134,0,0.7807877518334915,0.37707512080669403,2.7905649757667173e-13
3,3,step,False,15,1.0821811863143032,0.15093028519323431,0.00868335750923116,1.3277461752378807,80.57983105058655,4,1.2621418675497373,123,29.310059610358078,38.07077233039617,1.9519151203153675,2,0.14231889119342903,0,0.7807877518334915,0.37707512080669403,2.7905649757667173e-13
3,3,step,False,16,2.2308898068401075,0.05769231256107699,0.01587551009400825,2.6787613247128075,29.913116794190373,4,1.419443889218377,53,6.000000000524145,8.272591769919444,1.9125909793095932,2,0.11789481025306899,0,0.7807877518334915,0.37707512080669403,2.7905649757667173e-13
3,3,step,False,17,0.9897997487825622,0.02322074087754799,0.015317781229384363,1.2328630427164144,81.85760306373517,4,1.2668221508812167,130,27.951713688536984,37.58686323269204,1.9965887318648412,2,0.11750510550241326,0,0.7807877518334915,0.37707512080669403,2.7905649757667173e-13
3,3,step,False,18,0.5590769175905304,0.33159923575961037,0.06115467045686692,0.6853155502519245,92.05003247630124,4,1.1697464886624773,143,35.290527161022695,48.71827475660285,1.991312678638586,2,0.11364049243372265,0,0.7807877518334915,0.37707512080669403,2.7905649757667173e-13
3,3,step,False,19,0.3614042791791365,0.17358236335416707,0.06994133695812473,0.44831401621252115,94.70932325003324,4,1.2914698356524905,147,33.04216574732873,47.201781018492476,1.9721894299041662,2,0.15532958835136945,0,0.7807877518334915,0.37707512080669403,2.7905649757667173e-13
3,3,step,False,20,1.1237436745120502,0.10853455073286918,0.036502411921650435,1.3767573330804863,74.65822521997791,4,1.2522667698187906,126,26.966867734895605,37.33983737903747,1.8905002466512677,2,0.15026036001718232,0,0.7807877518334915,0.37707512080669403,2.7905649757667173e-13
3,3,step,False,21,0.48646786313588014,0.09048322014836399,0.08295927172955644,0.6388202974049727,78.49371927859829,4,1.2956308258276654,125,31.179798534393356,40.93911792949251,1.861148392492176,2,0.14132113955886066,0,0.7807877518334915,0.37707512080669403,2.7905649757667173e-13
3,3,step,False,22,1.1811721758476943,0.04291521091517953,0.014855723679024244,1.4731863504175895,35.3537841656409,4,1.6002462899003156,65,14.195366545586714,20.945284091172635,1.813677599623502,2,0.09374973756433248,0,0.7807877518334915,0.37707512080669403,2.7905649757667173e-13
3,3,step,False,23,0.5342055744252718,0.44637591175353564,0.06430906043858739,0.6758729605551194,20.35954427838876,4,1.4853578680848185,45,9.99293807839262,13.396105462201538,1.4665348646380127,2,0.07405986455705144,0,0.7807877518334915,0.37707512080669403,2.7905649757667173e-13
4,0,init,False,0,0.7314387939142174,0.4540804377288542,0.12499646943685655,0.8279096553434722,44.639233131341264,4,1.4717034210320197,80,nan,nan,1.921291848596605,2,nan,0,nan,nan,nan
4,0,init,False,1,0.1901008407877457,0.1184824727360142,0.20860986041439555,0.18252300069432062,95.16254019214296,4,1.1874728407876145,152,nan,nan,1.9477912553766914,2,nan,0,nan,nan,nan
4,0,init,False,2,1.441147482065505,0.038651988868553554,0.0651694376597056,1.5348283315344622,70.04878199399387,4,1.2364578866533147,111,nan,nan,1.9743169948476482,2,nan,0,nan,nan,nan
4,0,init,False,3,0.767155368090763,0.3706111977372092,0.03389728239649398,0.7684819700135798,100.75550557741175,4,1.2565369514170905,162,nan,nan,1.9706891677998413,2,nan,0,nan,nan,nan
4,0,init,False,4,0.5621501343069247,0.40205288978161985,0.05598317285196745,0.523814428274215,89.49245843116506,4,1.1743079759427548,143,nan,nan,1.9604517813814963,2,nan,0,nan,nan,nan
4,0,init,False,5,1.741348863480143,0.08585088780338176,0.022082456135060373,1.818756070110132,46.93688532852703,4,1.300178936994807,78,nan,nan,1.8838894448285903,2,nan,0,nan,nan,nan
4,0,init,False,6,1.1638828463724025,0.09073947728333742,0.03529041754895146,1.1352609875890491,73.73652846831166,4,1.3447438919268,122,nan,nan,1.9604517813814963,2,nan,0,nan,nan,nan
4,0,init,False,7,2.6451436560886648,0.06820698092165718,0.03286526170264207,2.7322601872068626,13.3769927683865,4,1.5612099688142451,29,nan,nan,1.749781075147885,2,nan,0,nan,nan,nan
4,0,init,False,8,1.1773111634983904,0.12708091029731983,0.05159138515007568,1.2988563221041078,64.15268601527599,4,1.229517982047906,102,nan,nan,1.921291848596605,2,nan,0,nan,nan,nan
4,0,init,False,9,2.021911938662873,0.12315312489502192,0.028851578740073613,2.0921527839641096,18.556817078819357,4,1.3693512604865345,39,nan,nan,1.7980786321371711,2,nan,0,nan,nan,nan
4,0,init,False,10,1.5164206506624354,0.07192465541815238,0.03590580119894987,1.5925831899894682,46.70874174669558,4,1.527742603416708,79,nan,nan,1.9588178018667892,2,nan,0,nan,nan,nan
4,0,init,False,11,1.7873261353014271,0.19599643103577913,0.01865532697497849,1.8854470498263307,57.084695115331876,4,1.5808953940501442,96,nan,nan,1.8180108914085578,2,nan,0,nan,nan,nan
4,0,init,False,12,0.4960937291639991,0.2806135266548439,0.032645230584237836,0.4955623674779336,63.6783197134603,4,1.3589012809914252,108,nan,nan,1.989636867712439,2,nan,0,nan,nan,nan
4,0,init,False,13,0.7733730741862967,0.5281499701548141,0.0542485434492037,0.7738316414543221,66.83403132970636,4,1.329152171362885,115,nan,nan,1.9846772113687001,2,nan,0,nan,nan,nan
4,0,init,False,14,1.2441028283176079,0.3642775778202974,0.03195551965473089,1.2656304171095443,58.061725957454186,4,1.2633188937440742,98,nan,nan,1.9619268120859363,2,nan,0,nan,nan,nan
4,0,init,False,15,1.020636180189332,0.2297252045127608,0.08292913823048195,1.0547019669393627,58.51959310555104,4,1.2981172287303016,108,nan,nan,1.9846772113687001,2,nan,0,nan,nan,nan
4,0,init,False,16,0.6465795769665226,0.552025854130119,0.04391348300135792,0.6862382298451719,97.89745695364742,4,1.2003166810382462,147,nan,nan,1.9706891677998413,2,nan,0,nan,nan,nan
4,0,init,False,17,1.3800791253006297,0.30714788884619965,0.023548616775155913,1.3978290723967024,48.80763556737149,4,1.4697516896109295,86,nan,nan,1.9619268120859363,2,nan,0,nan,nan,nan
4,0,init,False,18,1.9545733255213382,0.011983485788966285,0.011983485788984815,2.0478008979822624,7.853191170770043,4,1.7569804946433485,22,nan,nan,1.0,1,nan,0,nan,nan,nan
4,0,init,False,19,0.8642655972196809,0.29925798450289065,0.029162994558327746,0.8819971868647536,61.87620529710102,4,1.340721252836389,104,nan,nan,1.9731418853334413,2,nan,0,nan,nan,nan
4,0,init,False,20,0.4015157065634968,0.4515072907046457,0.05108603367902401,0.3735909365772186,32.3597539167309,4,1.4465041377328534,59,nan,nan,1.9307813251192636,2,nan,0,nan,nan,nan
4,0,init,False,21,1.0339699688965198,0.104501109603127,0.021699757936056194,1.0350423470871113,110.95355214142103,4,1.16420689553413,158,nan,nan,1.940546612896267,2,nan,0,nan,nan,nan
4,0,init,False,22,0.8323167227644012,0.34365768277502334,0.0426427117205285,0.8262545724324061,28.29923000992318,4,1.2823286814629669,48,nan,nan,1.957034295944033,2,nan,0,nan,nan,nan
4,0,init,False,23,0.6269417020834565,0.15132142033104012,0.04458448817435383,0.6252881810471106,84.20743898946,4,1.3641352759470966,132,nan,nan,1.989636867712439,2,nan,0,nan,nan,nan
4,1,step,False,0,0.7314387939142174,0.5244458069500882,0.12499646943685655,0.8279096553434722,44.639233131341264,4,1.4717034210320197,80,10.867840800094928,16.34553838528442,1.921291848596605,2,0.2025974506123629,0,1.5893452000177961,1.0,3.5492227218084186e-16
4,1,step,False,1,0.1901008407877457,0.2253808772121305,0.20860986041439555,0.18252300069432062,95.16254019214296,4,1.1874728407876145,152,30.42662057704763,44.156256981023,1.9477912553766914,2,0.5414131014926605,0,1.5893452000177961,1.0,3.5492227218084186e-16
4,1,step,False,2,1.441147482065505,0.053947471529321604,0.0651694376597056,1.5348283315344622,70.04878199399387,4,1.2364578866533147,111,21.88223548020074,29.81173253236193,1.9743169948476482,2,0.27637732603025156,0,1.5893452000177961,1.0,3.5492227218084186e-16
4,1,step,False,3,0.767155368090763,0.708247849082468,0.03389728239649398,0.7684819700135798,100.75550557741175,4,1.2565369514170905,162,36.94905793727604,50.487823389069,1.9706891677998413,2,0.4042190762270982,0,1.5893452000177961,1.0,3.5492227218084186e-16
4,1,step,False,4,0.5621501343069247,0.4086698099930771,0.05598317285196745,0.523814428274215,89.49245843116506,4,1.1743079759427548,143,35.40288280778162,49.32900839808475,1.9604517813814963,2,0.3191152926286927,0,1.5893452000177961,1.0,3.5492227218084186e-16
4,1,step,False,5,1.741348863480143,0.1664325458334,0.022082456135060373,1.818756070110132,46.93688532852703,4,1.300178936994807,78,14.18712793226074,20.63637407450372,1.8838894448285903,2,0.3111427877747482,0,1.5893452000177961,1.0,3.5492227218084186e-16
4,1,step,False,6,1.1638828463724025,0.08779092456212938,0.03529041754895146,1.1352609875890491,73.73652846831166,4,1.3447438919268,122,27.282808259752084,37.815597881797714,1.9604517813814963,2,0.3179234700745292,0,1.5893452000177961,1.0,3.5492227218084186e-16
4,1,step,False,7,2.6451436560886648,0.11150709431350507,0.03286526170264207,2.7322601872068626,13.3769927683865,4,1.5612099688142451,29,6.00000000042726,9.157163809743498,1.749781075147885,2,0.3541322615147833,0,1.5893452000177961,1.0,3.5492227218084186e-16
4,1,step,False,8,1.1773111634983904,0.057940056548214484,0.05159138515007568,1.2988563221041078,64.15268601527599,4,1.229517982047906,102,22.14512891317337,30.00529150549333,1.921291848596605,2,0.20184012985354952,0,1.5893452000177961,1.0,3.5492227218084186e-16
4,1,step,False,9,2.021911938662873,0.20258643873154888,0.028851578740073613,2.0921527839641096,18.556817078819357,4,1.3693512604865345,39,6.00000000017142,7.867996565455747,1.7980786321371711,2,0.21977228920642464,0,1.5893452000177961,1.0,3.5492227218084186e-16
4,1,step,False,10,1.5164206506624354,0.12246118751012973,0.03590580119894987,1.5925831899894682,46.70874174669558,4,1.527742603416708,79,15.88586239200536,23.671434326590305,1.9588178018667892,2,0.42572396498502746,0,1.5893452000177961,1.0,3.5492227218084186e-16
4,1,step,False,11,1.7873261353014271,0.3718306165639329,0.01865532697497849,1.8854470498263307,57.084695115331876,4,1.5808953940501442,96,16.934463209239592,24.277678458123926,1.8180108914085578,2,0.22259159895426858,0,1.5893452000177961,1.0,3.5492227218084186e-16
4,1,step,False,12,0.4960937291639991,0.34769895839827575,0.032645230584237836,0.4955623674779336,63.6783197134603,4,1.3589012809914252,108,18.425165416187124,25.54088599863783,1.989636867712439,2,0.4544374043621498,0,1.5893452000177961,1.0,3.5492227218084186e-16
4,1,step,False,13,0.7733730741862967,0.5466861341411697,0.0542485434492037,0.7738316414543221,66.83403132970636,4,1.329152171362885,115,18.09668162674781,27.251058628448416,1.9846772113687001,2,0.3557628052289087,0,1.5893452000177961,1.0,3.5492227218084186e-16
4,1,step,False,14,1.2441028283176079,0.4460613115904383,0.03195551965473089,1.2656304171095443,58.061725957454186,4,1.2633188937440742,98,18.681311522456305,25.606853720183594,1.9619268120859363,2,0.24825497016254544,0,1.5893452000177961,1.0,3.5492227218084186e-16
4,1,step,False,15,1.020636180189332,0.35991098467381655,0.08292913823048195,1.0547019669393627,58.51959310555104,4,1.2981172287303016,108,16.919473306581814,25.11235260271079,1.9846772113687001,2,0.3578303862048613,0,1.5893452000177961,1.0,3.5492227218084186e-16
4,1,step,False,16,0.6465795769665226,0.3173930899400644,0.04391348300135792,0.6862382298451719,97.89745695364742,4,1.2003166810382462,147,36.715597490790174,52.64884482421617,1.9706891677998413,2,0.4008964077435447,0,1.5893452000177961,1.0,3.5492227218084186e-16
4,1,step,False,17,1.3800791253006297,0.3643703628255883,0.023548616775155913,1.3978290723967024,48.80763556737149,4,1.4697516896109295,86,13.735150674123815,18.06236898152559,1.9619268120859363,2,0.24621185932417985,0,1.5893452000177961,1.0,3.5492227218084186e-16
4,1,step,False,18,1.9545733255213382,0.023888491541646743,0.011983485788984815,2.0478008979822624,7.853191170770043,4,1.7569804946433485,22,6.000000000348895,9.690096691282585,1.0,1,0.502656634474877,0,1.5893452000177961,1.0,3.5492227218084186e-16
4,1,step,False,19,0.8642655972196809,0.3580316416536579,0.029162994558327746,0.8819971868647536,61.87620529710102,4,1.340721252836389,104,21.447002476224277,28.496418702030272,1.9731418853334413,2,0.23293480708630693,0,1.5893452000177961,1.0,3.5492227218084186e-16
4,1,step,False,20,0.4015157065634968,0.3798104048483377,0.05108603367902401,0.3735909365772186,32.3597539167309,4,1.4465041377328534,59,8.713449693383566,13.394106441929836,1.9307813251192636,2,0.22962210952260967,0,1.5893452000177961,1.0,3.5492227218084186e-16
4,1,step,False,21,1.0339699688965198,0.04322618083163848,0.021699757936056194,1.0350423470871113,110.95355214142103,4,1.16420689553413,158,47.440106444905595,65.38818605400166,1.940546612896267,2,0.2815576936182411,0,1.5893452000177961,1.0,3.5492227218084186e-16
4,1,step,False,22,0.8323167227644012,0.35294482673565286,0.0426427117205285,0.8262545724324061,28.29923000992318,4,1.2823286814629669,48,9.93844657111371,14.007689025494434,1.957034295944033,2,0.26923205020615104,0,1.5893452000177961,1.0,3.5492227218084186e-16
4,1,step,False,23,0.6269417020834565,0.1475338907053638,0.04458448817435383,0.6252881810471106,84.20743898946,4,1.3641352759470966,132,29.45918808884126,41.345521551778255,1.989636867712439,2,0.4546356379223075,0,1.5893452000177961,1.0,3.5492227218084186e-16
4,2,step,False,0,0.7314387939142174,0.5091765836504898,0.12499646943685655,0.8279096553434722,44.639233131341264,4,1.4717034210320197,80,13.270112877471806,19.40919556402805,1.921291848596605,2,0.19799538262775884,0,1.1238367685788733,0.6243355721235275,2.0046178483315438e-14
4,2,step,False,1,0.1901008407877457,0.2719596981319623,0.20860986041439555,0.18252300069432062,95.16254019214296,4,1.1874728407876145,152,30.29703776969154,41.59398274681365,1.9477912553766914,2,0.2068622842368427,0,1.1238367685788733,0.6243355721235275,2.0046178483315438e-14
4,2,step,False,2,1.441147482065505,0.024698989965054503,0.0651694376597056,1.5348283315344622,70.04878199399387,4,1.2364578866533147,111,22.472075382503157,30.02413840241888,1.9743169948476482,2,0.1569528098197894,0,1.1238367685788733,0.6243355721235275,2.0046178483315438e-14
4,2,step,False,3,0.767155368090763,0.8414774347249115,0.03389728239649398,0.7684819700135798,100.75550557741175,4,1.2565369514170905,162,35.00989714370468,46.53019319776528,1.9706891677998413,2,0.20199819210229575,0,1.1238367685788733,0.6243355721235275,2.0046178483315438e-14
4,2,step,False,4,0.5621501343069247,0.40770749238898885,0.05598317285196745,0.523814428274215,89.49245843116506,4,1.1743079759427548,143,34.728982845815935,49.48418502846291,1.9604517813814963,2,0.14674666011168544,0,1.1238367685788733,0.6243355721235275,2.0046178483315438e-14
4,2,step,False,5,1.741348863480143,0.134422991232821,0.022082456135060373,1.818756070110132,46.93688532852703,4,1.300178936994807,78,11.045784757769274,14.951425042874813,1.8838894448285903,2,0.227826932218014,0,1.1238367685788733,0.6243355721235275,2.0046178483315438e-14
4,2,step,False,6,1.1638828463724025,0.08431753212728575,0.03529041754895146,1.1352609875890491,73.73652846831166,4,1.3447438919268,122,28.266234507632596,38.03218817323171,1.9604517813814963,2,0.1484154662141109,0,1.1238367685788733,0.6243355721235275,2.0046178483315438e-14
4,2,step,False,7,2.6451436560886648,0.12272175455713495,0.03286526170264207,2.7322601872068626,13.3769927683865,4,1.5612099688142451,29,6.000000000215815,9.645866931152703,1.749781075147885,2,0.27729370462653624,0,1.1238367685788733,0.6243355721235275,2.0046178483315438e-14
4,2,step,False,8,1.1773111634983904,0.09183394849158547,0.05159138515007568,1.2988563221041078,64.15268601527599,4,1.229517982047906,102,22.154000288941237,29.154627879430038,1.921291848596605,2,0.19808678792067386,0,1.1238367685788733,0.6243355721235275,2.0046178483315438e-14
4,2,step,False,9,2.021911938662873,0.193460508083571,0.028851578740073613,2.0921527839641096,18.556817078819357,4,1.3693512604865345,39,6.000000000098156,7.8722135386947185,1.7980786321371711,2,0.17073065815713598,0,1.1238367685788733,0.6243355721235275,2.0046178483315438e-14
4,2,step,False,10,1.5164206506624354,0.09198741579502737,0.03590580119894987,1.5925831899894682,46.70874174669558,4,1.527742603416708,79,14.620461202718408,21.61704810947443,1.9588178018667892,2,0.23283987080219837,0,1.1238367685788733,0.6243355721235275,2.0046178483315438e-14
4,2,step,False,11,1.7873261353014271,0.4816168760173053,0.01865532697497849,1.8854470498263307,57.084695115331876,4,1.5808953940501442,96,13.358602664466355,19.52921657196502,1.8180108914085578,2,0.15154434443542986,0,1.1238367685788733,0.6243355721235275,2.0046178483315438e-14
4,2,step,False,12,0.4960937291639991,0.2767445877202843,0.032645230584237836,0.4955623674779336,63.6783197134603,4,1.3589012809914252,108,19.72953463618301,27.36144761679797,1.989636867712439,2,0.14385826018998765,0,1.1238367685788733,0.6243355721235275,2.0046178483315438e-14
4,2,step,False,13,0.7733730741862967,0.7192109514628595,0.0542485434492037,0.7738316414543221,66.83403132970636,4,1.329152171362885,115,21.962017962031236,34.511939472848766,1.9846772113687001,2,0.25287890093241494,0,1.1238367685788733,0.6243355721235275,2.0046178483315438e-14
4,2,step,False,14,1.2441028283176079,0.4519292466836153,0.03195551965473089,1.2656304171095443,58.061725957454186,4,1.2633188937440742,98,17.81136215705812,25.082285975141723,1.9619268120859363,2,0.1482765136689192,0,1.1238367685788733,0.6243355721235275,2.0046178483315438e-14
4,2,step,False,15,1.020636180189332,0.22257880034916663,0.08292913823048195,1.0547019669393627,58.51959310555104,4,1.2981172287303016,108,17.35955668514847,23.97539611490701,1.9846772113687001,2,0.25242891129249095,0,1.1238367685788733,0.6243355721235275,2.0046178483315438e-14
4,2,step,False,16,0.6465795769665226,0.08563086735757881,0.04391348300135792,0.6862382298451719,97.89745695364742,4,1.2003166810382462,147,36.4371154021937,51.14865884328251,1.9706891677998413,2,0.19271044602176324,0,1.1238367685788733,0.6243355721235275,2.0046178483315438e-14
4,2,step,False,17,1.3800791253006297,0.3473920817310026,0.023548616775155913,1.3978290723967024,48.80763556737149,4,1.4697516896109295,86,13.17614811351897,17.780424073331357,1.9619268120859363,2,0.15016794529985034,0,1.1238367685788733,0.6243355721235275,2.0046178483315438e-14
4,2,step,False,18,1.9545733255213382,0.01940758392871937,0.011983485788984815,2.0478008979822624,7.853191170770043,4,1.7569804946433485,22,6.000000000638163,10.595398286799401,1.0,1,0.32137625293342303,0,1.1238367685788733,0.6243355721235275,2.0046178483315438e-14
4,2,step,False,19,0.8642655972196809,0.3298081545097862,0.029162994558327746,0.8819971868647536,61.87620529710102,4,1.340721252836389,104,23.239309492496524,30.64564743030914,1.9731418853334413,2,0.17311619902627212,0,1.1238367685788733,0.6243355721235275,2.0046178483315438e-14
4,2,step,False,20,0.4015157065634968,0.3404836903924484,0.05108603367902401,0.3735909365772186,32.3597539167309,4,1.4465041377328534,59,10.461365868268944,15.159413151901866,1.9307813251192636,2,0.2406810349137581,0,1.1238367685788733,0.6243355721235275,2.0046178483315438e-14
4,2,step,False,21,1.0339699688965198,0.027545701779835813,0.021699757936056194,1.0350423470871113,110.95355214142103,4,1.16420689553413,158,46.0944533715515,62.243735126125515,1.940546612896267,2,0.16445436537957114,0,1.1238367685788733,0.6243355721235275,2.0046178483315438e-14
4,2,step,False,22,0.8323167227644012,0.3769220756581244,0.0426427117205285,0.8262545724324061,28.29923000992318,4,1.2823286814629669,48,11.337829390277044,16.654886081864504,1.957034295944033,2,0.20314114907502015,0,1.1238367685788733,0.6243355721235275,2.0046178483315438e-14
4,2,step,False,23,0.6269417020834565,0.15725103659606077,0.04458448817435383,0.6252881810471106,84.20743898946,4,1.3641352759470966,132,30.136747242388005,42.64117278978101,1.989636867712439,2,0.14366074286391384,0,1.1238367685788733,0.6243355721235275,2.0046178483315438e-14
4,3,step,False,0,0.7314387939142174,0.4967210553230309,0.12499646943685655,0.8279096553434722,44.639233131341264,4,1.4717034210320197,80,15.995942891333177,22.80039531977039,1.921291848596605,2,0.10803023572200646,0,0.794672600008898,0.381525918841362,2.287720615786379e-14
4,3,step,False,1,0.1901008407877457,0.2137718030029006,0.20860986041439555,0.18252300069432062,95.16254019214296,4,1.1874728407876145,152,31.50250807536482,43.48484460003339,1.9477912553766914,2,0.1172330196736522,0,0.794672600008898,0.381525918841362,2.287720615786379e-14
4,3,step,False,2,1.441147482065505,0.029639513818892346,0.0651694376597056,1.5348283315344622,70.04878199399387,4,1.2364578866533147,111,20.556739216946404,26.984889511626815,1.9743169948476482,2,0.17138093620883463,0,0.794672600008898,0.381525918841362,2.287720615786379e-14
4,3,step,False,3,0.767155368090763,0.8199989557763472,0.03389728239649398,0.7684819700135798,100.75550557741175,4,1.2565369514170905,162,36.54534519465749,50.340107028315806,1.9706891677998413,2,0.15037882226617189,0,0.794672600008898,0.381525918841362,2.287720615786379e-14
4,3,step,False,4,0.5621501343069247,0.45143108795046794,0.05598317285196745,0.523814428274215,89.49245843116506,4,1.1743079759427548,143,30.74654102530864,42.35029788112068,1.9604517813814963,2,0.08387623074739205,0,0.794672600008898,0.381525918841362,2.287720615786379e-14
4,3,step,False,5,1.741348863480143,0.09082564340105406,0.022082456135060373,1.818756070110132,46.93688532852703,4,1.300178936994807,78,8.70214849885814,11.395851262528996,1.8838894448285903,2,0.1610027961850064,0,0.794672600008898,0.381525918841362,2.287720615786379e-14
4,3,step,False,6,1.1638828463724025,0.05913178548573496,0.03529041754895146,1.1352609875890491,73.73652846831166,4,1.3447438919268,122,29.89658527246871,39.6894718405777,1.9604517813814963,2,0.08373378474896301,0,0.794672600008898,0.381525918841362,2.287720615786379e-14
4,3,step,False,7,2.6451436560886648,0.02946172189406773,0.03286526170264207,2.7322601872068626,13.3769927683865,4,1.5612099688142451,29,6.000000000224073,8.513777656782759,1.749781075147885,2,0.3174389413876227,0,0.794672600008898,0.381525918841362,2.287720615786379e-14
4,3,step,False,8,1.1773111634983904,0.09745169715644607,0.05159138515007568,1.2988563221041078,64.15268601527599,4,1.229517982047906,102,22.163727471238857,28.727692172695782,1.921291848596605,2,0.10796416098035329,0,0.794672600008898,0.381525918841362,2.287720615786379e-14
4,3,step,False,9,2.021911938662873,0.19395488371476116,0.028851578740073613,2.0921527839641096,18.556817078819357,4,1.3693512604865345,39,6.000000000029534,7.802345127084998,1.7980786321371711,2,0.16577977637875224,0,0.794672600008898,0.381525918841362,2.287720615786379e-14
4,3,step,False,10,1.5164206506624354,0.1273427397677692,0.03590580119894987,1.5925831899894682,46.70874174669558,4,1.527742603416708,79,13.536510245333218,17.795261466739873,1.9588178018667892,2,0.12033385988602677,0,0.794672600008898,0.381525918841362,2.287720615786379e-14
4,3,step,False,11,1.7873261353014271,0.36030821488547393,0.01865532697497849,1.8854470498263307,57.084695115331876,4,1.5808953940501442,96,14.238828947764695,22.32387723056434,1.8180108914085578,2,0.108629664709664,0,0.794672600008898,0.381525918841362,2.287720615786379e-14
4,3,step,False,12,0.4960937291639991,0.2594811468334388,0.032645230584237836,0.4955623674779336,63.6783197134603,4,1.3589012809914252,108,21.77382776013578,29.236212922421412,1.989636867712439,2,0.10796924792506579,0,0.794672600008898,0.381525918841362,2.287720615786379e-14
4,3,step,False,13,0.7733730741862967,0.7696906223999849,0.0542485434492037,0.7738316414543221,66.83403132970636,4,1.329152171362885,115,21.29449877167786,31.86682078664236,1.9846772113687001,2,0.11599982196613706,0,0.794672600008898,0.381525918841362,2.287720615786379e-14
4,3,step,False,14,1.2441028283176079,0.8358399514874673,0.03195551965473089,1.2656304171095443,58.061725957454186,4,1.2633188937440742,98,18.022970471993254,24.322241460356246,1.9619268120859363,2,0.08463965446423329,0,0.794672600008898,0.381525918841362,2.287720615786379e-14
4,3,step,False,15,1.020636180189332,0.31941757943543975,0.08292913823048195,1.0547019669393627,58.51959310555104,4,1.2981172287303016,108,19.511475664429476,28.244279012302012,1.9846772113687001,2,0.11426682760640003,0,0.794672600008898,0.381525918841362,2.287720615786379e-14
4,3,step,False,16,0.6465795769665226,0.1631204871717009,0.04391348300135792,0.6862382298451719,97.89745695364742,4,1.2003166810382462,147,35.078042722889016,46.92515297238984,1.9706891677998413,2,0.13484372487771848,0,0.794672600008898,0.381525918841362,2.287720615786379e-14
4,3,step,False,17,1.3800791253006297,0.6072595520726385,0.023548616775155913,1.3978290723967024,48.80763556737149,4,1.4697516896109295,86,14.22424920097173,20.419676515588876,1.9619268120859363,2,0.08004671812294142,0,0.794672600008898,0.381525918841362,2.287720615786379e-14
4,3,step,False,18,1.9545733255213382,0.017693761303365904,0.011983485788984815,2.0478008979822624,7.853191170770043,4,1.7569804946433485,22,6.000000000111096,9.895740617459408,1.0,1,0.2110820954756642,0,0.794672600008898,0.381525918841362,2.287720615786379e-14
4,3,step,False,19,0.8642655972196809,0.7226297362896786,0.029162994558327746,0.8819971868647536,61.87620529710102,4,1.340721252836389,104,24.242050809449648,31.61662843377497,1.9731418853334413,2,0.13272588911237843,0,0.794672600008898,0.381525918841362,2.287720615786379e-14
4,3,step,False,20,0.4015157065634968,0.37173969551971797,0.05108603367902401,0.3735909365772186,32.3597539167309,4,1.4465041377328534,59,11.181352889684334,15.559590734323775,1.9307813251192636,2,0.14103718040972202,0,0.794672600008898,0.381525918841362,2.287720615786379e-14
4,3,step,False,21,1.0339699688965198,0.02785428152841589,0.021699757936056194,1.0350423470871113,110.95355214142103,4,1.16420689553413,158,44.954999291843,57.011932864589944,1.940546612896267,2,0.10816068587377481,0,0.794672600008898,0.381525918841362,2.287720615786379e-14
4,3,step,False,22,0.8323167227644012,0.2567653893156536,0.0426427117205285,0.8262545724324061,28.29923000992318,4,1.2823286814629669,48,11.36888478567732,16.13943748525207,1.957034295944033,2,0.18682503267830536,0,0.794672600008898,0.381525918841362,2.287720615786379e-14
4,3,step,False,23,0.6269417020834565,0.19104020385798434,0.04458448817435383,0.6252881810471106,84.20743898946,4,1.3641352759470966,132,27.959226866116374,38.29551133505561,1.989636867712439,2,0.10761165876993634,0,0.794672600008898,0.381525918841362,2.287720615786379e-14
5,0,init,False,0,1.1820895330230798,0.044253985635373215,0.04035869583350375,1.3205308493571988,38.90297561919407,4,1.5071678897923484,67,nan,nan,1.4394789837423552,2,nan,0,nan,nan,nan
5,0,init,False,1,0.26367240428572386,0.3948600200231447,0.07494799512305703,0.3072425566877361,95.84519872031498,4,1.287746448166381,155,nan,nan,1.9957362361941176,2,nan,0,nan,nan,nan
5,0,init,False,2,1.4340599023864413,0.02239331187563283,0.01699153150942312,1.6834093049777352,55.98291989849718,4,1.3553777963333264,95,nan,nan,1.932051048257838,2,nan,0,nan,nan,nan
5,0,init,False,3,2.0354935116480677,0.014961919359005458,0.020314455231232265,2.3184592410321887,33.44533630616429,4,1.4575318171354017,57,nan,nan,1.8902502288882013,2,nan,0,nan,nan,nan
5,0,init,False,4,1.71708545598336,0.10477869005232023,0.019347188955858154,2.0044515479422866,60.11580097272275,4,1.2389011314110931,99,nan,nan,1.963871617701769,2,nan,0,nan,nan,nan
5,0,init,False,5,1.1181558309160755,0.14112310244136694,0.03906531465243795,1.2819943906319369,61.19777099850654,4,1.4314713500216605,105,nan,nan,1.9800572312973368,2,nan,0,nan,nan,nan
5,0,init,False,6,0.6253378024127711,0.2948247295119157,0.032943841339435856,0.7265596507452452,110.0586936588459,4,1.2500789463895183,165,nan,nan,1.9981884556000848,2,nan,0,nan,nan,nan
5,0,init,False,7,1.2089920649223933,0.20453603393177597,0.028153738681211356,1.3945227132042768,67.29482899156545,4,1.355290842554952,115,nan,nan,1.9688211578688315,2,nan,0,nan,nan,nan
5,0,init,False,8,1.9290127460323419,0.01321333177975506,0.013213331779771863,2.1158955569566795,14.016744934235074,4,1.7009976930557105,28,nan,nan,1.0,1,nan,0,nan,nan,nan
5,0,init,False,9,1.3537456170574012,0.0205802982893111,0.015432508339430596,1.5346146835748673,73.0190906692872,4,1.3651017948003297,121,nan,nan,1.902834728396484,2,nan,0,nan,nan,nan
5,0,init,False,10,1.0134078727473856,0.14301796737258704,0.028018956511523307,1.1574417233603345,73.13296962220065,4,1.3820441899567106,114,nan,nan,1.9800572312973368,2,nan,0,nan,nan,nan
5,0,init,False,11,2.6010207254251076,0.15196706579073055,0.03715831538128594,3.014936898462396,17.438172763650442,4,1.8152890169892664,36,nan,nan,1.748662487838777,2,nan,0,nan,nan,nan
5,0,init,False,12,0.847995390281777,0.16066502295335522,0.01433496036693467,0.9769067086070274,99.09670441818193,4,1.2786510227569414,158,nan,nan,1.9981884556000848,2,nan,0,nan,nan,nan
5,0,init,False,13,1.158477556120006,0.2625969132999803,0.019526607081191263,1.3308456515782385,33.837397863001414,4,1.573040429892719,63,nan,nan,1.6063184411504743,2,nan,0,nan,nan,nan
5,0,init,False,14,1.6911301854914427,0.3487220648286123,0.03508313966492022,1.9751351480992003,36.99050377418594,4,1.5126754161719986,70,nan,nan,1.7613895346052773,2,nan,0,nan,nan,nan
5,0,init,False,15,0.9443564653403165,0.22081133871365805,0.03416559167057861,1.1191635330874687,68.61454808951223,4,1.2549233403767515,114,nan,nan,1.9899784110276135,2,nan,0,nan,nan,nan
5,0,init,False,16,1.469340822890217,0.13994773252979215,0.00806312171554514,1.68131783814039,67.84650810599985,4,1.4085137832519536,117,nan,nan,1.9688211578688315,2,nan,0,nan,nan,nan
5,0,init,False,17,2.426100916153647,0.02632361495099221,0.01875100842011363,2.8244603618533426,30.159664122786523,4,1.3692893234626067,58,nan,nan,1.7795513960211309,2,nan,0,nan,nan,nan
5,0,init,False,18,1.2113073977099769,0.33114811509238684,0.017528453368804982,1.3319503778010993,34.494677777760245,4,1.4694076471196909,65,nan,nan,1.9369174022582767,2,nan,0,nan,nan,nan
5,0,init,False,19,0.6565585810840902,0.08964381946057423,0.019780697732615458,0.740361755085833,94.9924857091055,4,1.1841976947545165,144,nan,nan,1.932051048257838,2,nan,0,nan,nan,nan
5,0,init,False,20,0.22818447607247358,0.5233398886103128,0.11815228373614972,0.26155551232281044,114.43026484318936,4,1.2019047796631555,169,nan,nan,1.9957362361941176,2,nan,0,nan,nan,nan
5,0,init,False,21,2.8435732924836863,0.054814348547710924,0.01571460346110452,3.250121738347597,9.042044717524398,4,1.8542263553963083,21,nan,nan,1.8902502288882013,2,nan,0,nan,nan,nan
5,0,init,False,22,1.170997784687522,0.1785965546148857,0.019882166131309054,1.3768428622797704,82.5520169378254,4,1.1535871122095316,135,nan,nan,1.963871617701769,2,nan,0,nan,nan,nan
5,0,init,False,23,0.7465120467117895,0.4435558026952523,0.013972382639547394,0.8452947497740868,67.49268048574271,4,1.1477873774205645,107,nan,nan,1.9899784110276135,2,nan,0,nan,nan,nan
5,1,step,False,0,1.1820895330230798,0.10896843487200057,0.04035869583350375,1.3205308493571988,38.90297561919407,4,1.5071678897923484,67,11.17293158946632,16.456088780701318,1.4394789837423552,2,0.2814543594221062,0,1.5361907633867116,1.0,4.347090452162304e-16
5,1,step,False,1,0.26367240428572386,0.445370791231731,0.07494799512305703,0.3072425566877361,95.84519872031498,4,1.287746448166381,155,33.67709180614857,47.36336676718726,1.9957362361941176,2,0.31096793196488653,0,1.5361907633867116,1.0,4.347090452162304e-16
5,1,step,False,2,1.4340599023864413,0.046363863667790696,0.01699153150942312,1.6834093049777352,55.98291989849718,4,1.3553777963333264,95,16.2232282358807,24.655222482180157,1.932051048257838,2,0.3461012405338584,0,1.5361907633867116,1.0,4.347090452162304e-16
5,1,step,False,3,2.0354935116480677,0.031351068552952756,0.020314455231232265,2.3184592410321887,33.44533630616429,4,1.4575318171354017,57,11.778477256056245,16.32116319251349,1.8902502288882013,2,0.2410811614620195,0,1.5361907633867116,1.0,4.347090452162304e-16
5,1,step,False,4,1.71708545598336,0.1267824999941346,0.019347188955858154,2.0044515479422866,60.11580097272275,4,1.2389011314110931,99,21.634179176079904,29.941043516514128,1.963871617701769,2,0.37765818263901874,0,1.5361907633867116,1.0,4.347090452162304e-16
5,1,step,False,5,1.1181558309160755,0.1837658725497131,0.03906531465243795,1.2819943906319369,61.19777099850654,4,1.4314713500216605,105,20.09338342682252,27.79327243098916,1.9800572312973368,2,0.27792535875578817,0,1.5361907633867116,1.0,4.347090452162304e-16
5,1,step,False,6,0.6253378024127711,0.39970863499969683,0.032943841339435856,0.7265596507452452,110.0586936588459,4,1.2500789463895183,165,39.19008595268184,52.14454097154675,1.9981884556000848,2,0.2498377717630443,0,1.5361907633867116,1.0,4.347090452162304e-16
5,1,step,False,7,1.2089920649223933,0.17752921513608103,0.028153738681211356,1.3945227132042768,67.29482899156545,4,1.355290842554952,115,22.818660679297867,31.59651724682935,1.9688211578688315,2,0.29944761798010977,0,1.5361907633867116,1.0,4.347090452162304e-16
5,1,step,False,8,1.9290127460323419,0.021378418938799174,0.013213331779771863,2.1158955569566795,14.016744934235074,4,1.7009976930557105,28,6.000000000142502,8.402144971464958,1.0,1,0.5170332260419096,0,1.5361907633867116,1.0,4.347090452162304e-16
5,1,step,False,9,1.3537456170574012,0.02241256091538056,0.015432508339430596,1.5346146835748673,73.0190906692872,4,1.3651017948003297,121,20.507121797576986,32.0715818384732,1.902834728396484,2,0.4476014552370864,0,1.5361907633867116,1.0,4.347090452162304e-16
5,1,step,False,10,1.0134078727473856,0.11782518237889048,0.028018956511523307,1.1574417233603345,73.13296962220065,4,1.3820441899567106,114,25.0304841296724,34.772517725431705,1.9800572312973368,2,0.2766908587462726,0,1.5361907633867116,1.0,4.347090452162304e-16
5,1,step,False,11,2.6010207254251076,0.15858962134666316,0.03715831538128594,3.014936898462396,17.438172763650442,4,1.8152890169892664,36,6.000000000786857,10.061509155140543,1.748662487838777,2,0.3682511987241065,0,1.5361907633867116,1.0,4.347090452162304e-16
5,1,step,False,12,0.847995390281777,0.055611086566127045,0.01433496036693467,0.9769067086070274,99.09670441818193,4,1.2786510227569414,158,36.62482742136224,51.908543908929694,1.9981884556000848,2,0.2498185962191714,0,1.5361907633867116,1.0,4.347090452162304e-16
5,1,step,False,13,1.158477556120006,0.2525331917797707,0.019526607081191263,1.3308456515782385,33.837397863001414,4,1.573040429892719,63,10.120835993986212,13.94226606814005,1.6063184411504743,2,0.3761245386786287,0,1.5361907633867116,1.0,4.347090452162304e-16
5,1,step,False,14,1.6911301854914427,0.4321763808745451,0.03508313966492022,1.9751351480992003,36.99050377418594,4,1.5126754161719986,70,7.82599694807122,12.830351168609024,1.7613895346052773,2,0.367952021430052,0,1.5361907633867116,1.0,4.347090452162304e-16
5,1,step,False,15,0.9443564653403165,0.20135735882984138,0.03416559167057861,1.1191635330874687,68.61454808951223,4,1.2549233403767515,114,24.546968000354262,33.24617060392652,1.9899784110276135,2,0.2209925964672476,0,1.5361907633867116,1.0,4.347090452162304e-16
5,1,step,False,16,1.469340822890217,0.19913223901068336,0.00806312171554514,1.68131783814039,67.84650810599985,4,1.4085137832519536,117,18.534764586363135,28.955810419867785,1.9688211578688315,2,0.29833393772935113,0,1.5361907633867116,1.0,4.347090452162304e-16
5,1,step,False,17,2.426100916153647,0.04129848953536243,0.01875100842011363,2.8244603618533426,30.159664122786523,4,1.3692893234626067,58,6.054047008644099,8.392926223184741,1.7795513960211309,2,0.2135033380967263,0,1.5361907633867116,1.0,4.347090452162304e-16
5,1,step,False,18,1.2113073977099769,0.4164822333423488,0.017528453368804982,1.3319503778010993,34.494677777760245,4,1.4694076471196909,65,10.82602053150082,16.56309678049839,1.9369174022582767,2,0.27532726408844915,0,1.5361907633867116,1.0,4.347090452162304e-16
5,1,step,False,19,0.6565585810840902,0.10161616075364845,0.019780697732615458,0.740361755085833,94.9924857091055,4,1.1841976947545165,144,36.96978609357848,53.55873231954947,1.932051048257838,2,0.34709885263629625,0,1.5361907633867116,1.0,4.347090452162304e-16
5,1,step,False,20,0.22818447607247358,0.5320259570551231,0.11815228373614972,0.26155551232281044,114.43026484318936,4,1.2019047796631555,169,43.83236656690404,62.06222334747862,1.9957362361941176,2,0.30998486145912274,0,1.5361907633867116,1.0,4.347090452162304e-16
5,1,step,False,21,2.8435732924836863,0.045283908187130496,0.01571460346110452,3.250121738347597,9.042044717524398,4,1.8542263553963083,21,6.0000000003773195,7.963532480492461,1.8902502288882013,2,0.24169943893710635,0,1.5361907633867116,1.0,4.347090452162304e-16
5,1,step,False,22,1.170997784687522,0.1589481090362053,0.019882166131309054,1.3768428622797704,82.5520169378254,4,1.1535871122095316,135,29.83058501371553,41.32661134980959,1.963871617701769,2,0.3778438149976126,0,1.5361907633867116,1.0,4.347090452162304e-16
5,1,step,False,23,0.7465120467117895,0.505161507504152,0.013972382639547394,0.8452947497740868,67.49268048574271,4,1.1477873774205645,107,23.706998561935052,32.99485764915649,1.9899784110276135,2,0.22131889088913279,0,1.5361907633867116,1.0,4.347090452162304e-16
5,2,step,False,0,1.1820895330230798,0.09995772113162983,0.04035869583350375,1.3205308493571988,38.90297561919407,4,1.5071678897923484,67,10.405661706280577,16.403763108545824,1.4394789837423552,2,0.16713867799470414,0,1.0862509059868828,0.6168698519468307,5.918486575402872e-14
5,2,step,False,1,0.26367240428572386,0.4962240096701182,0.07494799512305703,0.3072425566877361,95.84519872031498,4,1.287746448166381,155,34.749075027017234,45.9633183841695,1.9957362361941176,2,0.13792377759867974,0,1.0862509059868828,0.6168698519468307,5.918486575402872e-14
5,2,step,False,2,1.4340599023864413,0.08914200664557542,0.01699153150942312,1.6834093049777352,55.98291989849718,4,1.3553777963333264,95,16.485586922251304,25.586568122744573,1.932051048257838,2,0.2791973634854944,0,1.0862509059868828,0.6168698519468307,5.918486575402872e-14
5,2,step,False,3,2.0354935116480677,0.08261227371306992,0.020314455231232265,2.3184592410321887,33.44533630616429,4,1.4575318171354017,57,9.193850356157679,12.170709660538204,1.8902502288882013,2,0.24195505704145445,0,1.0862509059868828,0.6168698519468307,5.918486575402872e-14
5,2,step,False,4,1.71708545598336,0.17400264234250784,0.019347188955858154,2.0044515479422866,60.11580097272275,4,1.2389011314110931,99,16.48698382036611,21.194935170524744,1.963871617701769,2,0.2321959215823586,0,1.0862509059868828,0.6168698519468307,5.918486575402872e-14
5,2,step,False,5,1.1181558309160755,0.16995725246951485,0.03906531465243795,1.2819943906319369,61.19777099850654,4,1.4314713500216605,105,21.47671984874865,28.239677765246572,1.9800572312973368,2,0.14711704591485084,0,1.0862509059868828,0.6168698519468307,5.918486575402872e-14
5,2,step,False,6,0.6253378024127711,0.3454975036502391,0.032943841339435856,0.7265596507452452,110.0586936588459,4,1.2500789463895183,165,42.78669454290732,59.727671762416755,1.9981884556000848,2,0.2293188145977922,0,1.0862509059868828,0.6168698519468307,5.918486575402872e-14
5,2,step,False,7,1.2089920649223933,0.13166686167670325,0.028153738681211356,1.3945227132042768,67.29482899156545,4,1.355290842554952,115,23.104073369771,32.504151135999095,1.9688211578688315,2,0.19911292465147643,0,1.0862509059868828,0.6168698519468307,5.918486575402872e-14
5,2,step,False,8,1.9290127460323419,0.020895089117164665,0.013213331779771863,2.1158955569566795,14.016744934235074,4,1.7009976930557105,28,6.0000000002192095,8.363390546648313,1.0,1,0.3485898655560158,0,1.0862509059868828,0.6168698519468307,5.918486575402872e-14
5,2,step,False,9,1.3537456170574012,0.023095205742462224,0.015432508339430596,1.5346146835748673,73.0190906692872,4,1.3651017948003297,121,18.304230031320223,26.68001756122574,1.902834728396484,2,0.16887401377349104,0,1.0862509059868828,0.6168698519468307,5.918486575402872e-14
5,2,step,False,10,1.0134078727473856,0.12961958852321,0.028018956511523307,1.1574417233603345,73.13296962220065,4,1.3820441899567106,114,27.071379190274985,37.08857981402731,1.9800572312973368,2,0.14641325357019033,0,1.0862509059868828,0.6168698519468307,5.918486575402872e-14
5,2,step,False,11,2.6010207254251076,0.20897243129851015,0.03715831538128594,3.014936898462396,17.438172763650442,4,1.8152890169892664,36,6.00000000014811,9.815150387581546,1.748662487838777,2,0.16729975232724756,0,1.0862509059868828,0.6168698519468307,5.918486575402872e-14
5,2,step,False,12,0.847995390281777,0.10646549098737654,0.01433496036693467,0.9769067086070274,99.09670441818193,4,1.2786510227569414,158,38.131736548645854,52.661696243223226,1.9981884556000848,2,0.22936502231839972,0,1.0862509059868828,0.6168698519468307,5.918486575402872e-14
5,2,step,False,13,1.158477556120006,0.29781442047722956,0.019526607081191263,1.3308456515782385,33.837397863001414,4,1.573040429892719,63,11.62871033355532,16.668569049904836,1.6063184411504743,2,0.2514594957916524,0,1.0862509059868828,0.6168698519468307,5.918486575402872e-14
5,2,step,False,14,1.6911301854914427,0.41503389260038986,0.03508313966492022,1.9751351480992003,36.99050377418594,4,1.5126754161719986,70,7.279568895177443,11.07625372235632,1.7613895346052773,2,0.22979150089421016,0,1.0862509059868828,0.6168698519468307,5.918486575402872e-14
5,2,step,False,15,0.9443564653403165,0.1705018740634194,0.03416559167057861,1.1191635330874687,68.61454808951223,4,1.2549233403767515,114,25.561372919683542,33.42588125014868,1.9899784110276135,2,0.1328300450846838,0,1.0862509059868828,0.6168698519468307,5.918486575402872e-14
5,2,step,False,16,1.469340822890217,0.2168688560636712,0.00806312171554514,1.68131783814039,67.84650810599985,4,1.4085137832519536,117,16.195938870389238,25.844762139606804,1.9688211578688315,2,0.1986815129597629,0,1.0862509059868828,0.6168698519468307,5.918486575402872e-14
5,2,step,False,17,2.426100916153647,0.03925205895077641,0.01875100842011363,2.8244603618533426,30.159664122786523,4,1.3692893234626067,58,6.000000000481354,8.721378067307512,1.7795513960211309,2,0.2795599408903542,0,1.0862509059868828,0.6168698519468307,5.918486575402872e-14
5,2,step,False,18,1.2113073977099769,0.2792477430270347,0.017528453368804982,1.3319503778010993,34.494677777760245,4,1.4694076471196909,65,11.45341784732805,17.083264225059914,1.9369174022582767,2,0.2696642148197474,0,1.0862509059868828,0.6168698519468307,5.918486575402872e-14
5,2,step,False,19,0.6565585810840902,0.059097619485049255,0.019780697732615458,0.740361755085833,94.9924857091055,4,1.1841976947545165,144,39.919302638867705,57.339793481501566,1.932051048257838,2,0.28018533841208243,0,1.0862509059868828,0.6168698519468307,5.918486575402872e-14
5,2,step,False,20,0.22818447607247358,0.5094857414401598,0.11815228373614972,0.26155551232281044,114.43026484318936,4,1.2019047796631555,169,44.58444848403858,61.78920463417204,1.9957362361941176,2,0.1375916286566868,0,1.0862509059868828,0.6168698519468307,5.918486575402872e-14
5,2,step,False,21,2.8435732924836863,0.012588993335033827,0.01571460346110452,3.250121738347597,9.042044717524398,4,1.8542263553963083,21,6.000000000082666,8.753367866632638,1.8902502288882013,2,0.24286517100995136,0,1.0862509059868828,0.6168698519468307,5.918486575402872e-14
5,2,step,False,22,1.170997784687522,0.108102255878499,0.019882166131309054,1.3768428622797704,82.5520169378254,4,1.1535871122095316,135,28.08203929124356,38.84389106548498,1.963871617701769,2,0.23264315332654156,0,1.0862509059868828,0.6168698519468307,5.918486575402872e-14
5,2,step,False,23,0.7465120467117895,0.48930471508059453,0.013972382639547394,0.8452947497740868,67.49268048574271,4,1.1477873774205645,107,25.929119088422706,35.86249414709695,1.9899784110276135,2,0.1323200432240318,0,1.0862509059868828,0.6168698519468307,5.918486575402872e-14
5,3,step,False,0,1.1820895330230798,0.05744904387266432,0.04035869583350375,1.3205308493571988,38.90297561919407,4,1.5071678897923484,67,10.305911606033344,17.019197059139934,1.4394789837423552,2,0.10793366168703256,0,0.7680953816933557,0.37083542346954346,6.958027577655607e-15
5,3,step,False,1,0.26367240428572386,0.5753220533898342,0.07494799512305703,0.3072425566877361,95.84519872031498,4,1.287746448166381,155,37.56748432788597,49.57092085010596,1.9957362361941176,2,0.13377398760121822,0,0.7680953816933557,0.37083542346954346,6.958027577655607e-15
5,3,step,False,2,1.4340599023864413,0.060354903684251816,0.01699153150942312,1.6834093049777352,55.98291989849718,4,1.3553777963333264,95,14.77514815722876,20.092561035830975,1.932051048257838,2,0.08374681307166842,0,0.7680953816933557,0.37083542346954346,6.958027577655607e-15
5,3,step,False,3,2.0354935116480677,0.10096271653283242,0.020314455231232265,2.3184592410321887,33.44533630616429,4,1.4575318171354017,57,8.358328752784136,11.906703697861191,1.8902502288882013,2,0.1336130680789453,0,0.7680953816933557,0.37083542346954346,6.958027577655607e-15
5,3,step,False,4,1.71708545598336,0.18696648328195178,0.019347188955858154,2.0044515479422866,60.11580097272275,4,1.2389011314110931,99,13.637642492296438,16.61308589003323,1.963871617701769,2,0.14670292014142242,0,0.7680953816933557,0.37083542346954346,6.958027577655607e-15
5,3,step,False,5,1.1181558309160755,0.21097324682574575,0.03906531465243795,1.2819943906319369,61.19777099850654,4,1.4314713500216605,105,23.16430999774824,30.64693896469621,1.9800572312973368,2,0.08811611655034972,0,0.7680953816933557,0.37083542346954346,6.958027577655607e-15
5,3,step,False,6,0.6253378024127711,0.2922678225126382,0.032943841339435856,0.7265596507452452,110.0586936588459,4,1.2500789463895183,165,41.829328673036635,56.13955110090827,1.9981884556000848,2,0.12015258694646955,0,0.7680953816933557,0.37083542346954346,6.958027577655607e-15
5,3,step,False,7,1.2089920649223933,0.18836774126330874,0.028153738681211356,1.3945227132042768,67.29482899156545,4,1.355290842554952,115,20.84711740326649,28.36693513278182,1.9688211578688315,2,0.14333654506464302,0,0.7680953816933557,0.37083542346954346,6.958027577655607e-15
5,3,step,False,8,1.9290127460323419,0.017428723211440827,0.013213331779771863,2.1158955569566795,14.016744934235074,4,1.7009976930557105,28,6.00000000001522,8.388615503933835,1.0,1,0.3571449242509081,0,0.7680953816933557,0.37083542346954346,6.958027577655607e-15
5,3,step,False,9,1.3537456170574012,0.020196842038151933,0.015432508339430596,1.5346146835748673,73.0190906692872,4,1.3651017948003297,121,18.112162926081144,24.70199950144808,1.902834728396484,2,0.10051051814670148,0,0.7680953816933557,0.37083542346954346,6.958027577655607e-15
5,3,step,False,10,1.0134078727473856,0.21601420806266045,0.028018956511523307,1.1574417233603345,73.13296962220065,4,1.3820441899567106,114,30.11313730471259,40.50377925479812,1.9800572312973368,2,0.0876987762517183,0,0.7680953816933557,0.37083542346954346,6.958027577655607e-15
5,3,step,False,11,2.6010207254251076,0.11805971658591709,0.03715831538128594,3.014936898462396,17.438172763650442,4,1.8152890169892664,36,6.000000000208221,8.62077675826892,1.748662487838777,2,0.2035039457314579,0,0.7680953816933557,0.37083542346954346,6.958027577655607e-15
5,3,step,False,12,0.847995390281777,0.16540453060713242,0.01433496036693467,0.9769067086070274,99.09670441818193,4,1.2786510227569414,158,39.22947409712589,51.660934287086185,1.9981884556000848,2,0.12015496511468277,0,0.7680953816933557,0.37083542346954346,6.958027577655607e-15
5,3,step,False,13,1.158477556120006,0.25434856171971354,0.019526607081191263,1.3308456515782385,33.837397863001414,4,1.573040429892719,63,13.130852409064307,17.633626387928334,1.6063184411504743,2,0.10085415592127699,0,0.7680953816933557,0.37083542346954346,6.958027577655607e-15
5,3,step,False,14,1.6911301854914427,0.17823286506723326,0.03508313966492022,1.9751351480992003,36.99050377418594,4,1.5126754161719986,70,7.724279018229174,11.13272618649074,1.7613895346052773,2,0.18644477840476179,0,0.7680953816933557,0.37083542346954346,6.958027577655607e-15
5,3,step,False,15,0.9443564653403165,0.2514372345634824,0.03416559167057861,1.1191635330874687,68.61454808951223,4,1.2549233403767515,114,28.346977138306627,37.4475510352604,1.9899784110276135,2,0.09414240998246126,0,0.7680953816933557,0.37083542346954346,6.958027577655607e-15
5,3,step,False,16,1.469340822890217,0.1597672104988847,0.00806312171554514,1.68131783814039,67.84650810599985,4,1.4085137832519536,117,16.0987811205703,24.35176101262189,1.9688211578688315,2,0.14294272708212175,0,0.7680953816933557,0.37083542346954346,6.958027577655607e-15
5,3,step,False,17,2.426100916153647,0.037079760159393016,0.01875100842011363,2.8244603618533426,30.159664122786523,4,1.3692893234626067,58,6.000000000330157,8.148421047408055,1.7795513960211309,2,0.09247292606224757,0,0.7680953816933557,0.37083542346954346,6.958027577655607e-15
5,3,step,False,18,1.2113073977099769,0.26135413660676066,0.017528453368804982,1.3319503778010993,34.494677777760245,4,1.4694076471196909,65,10.06901675858465,14.886081237126291,1.9369174022582767,2,0.16329187850724747,0,0.7680953816933557,0.37083542346954346,6.958027577655607e-15
5,3,step,False,19,0.6565585810840902,0.05209642335744149,0.019780697732615458,0.740361755085833,94.9924857091055,4,1.1841976947545165,144,39.19268833491725,51.70431084295406,1.932051048257838,2,0.08414214715793593,0,0.7680953816933557,0.37083542346954346,6.958027577655607e-15
5,3,step,False,20,0.22818447607247358,0.37584005163863077,0.11815228373614972,0.26155551232281044,114.43026484318936,4,1.2019047796631555,169,45.583604882774885,61.49206081443999,1.9957362361941176,2,0.13324760377308173,0,0.7680953816933557,0.37083542346954346,6.958027577655607e-15
5,3,step,False,21,2.8435732924836863,0.09062266583451721,0.01571460346110452,3.250121738347597,9.042044717524398,4,1.8542263553963083,21,6.000000000028692,8.465581335213962,1.8902502288882013,2,0.13420210928050902,0,0.7680953816933557,0.37083542346954346,6.958027577655607e-15
5,3,step,False,22,1.170997784687522,0.09822497499978744,0.019882166131309054,1.3768428622797704,82.5520169378254,4,1.1535871122095316,135,25.71927993106512,35.29918216881784,1.963871617701769,2,0.1467784153489336,0,0.7680953816933557,0.37083542346954346,6.958027577655607e-15
5,3,step,False,23,0.7465120467117895,0.45342400842480207,0.013972382639547394,0.8452947497740868,67.49268048574271,4,1.1477873774205645,107,27.932849500691695,37.720880699264015,1.9899784110276135,2,0.09508228696533803,0,0.7680953816933557,0.37083542346954346,6.958027577655607e-15
6,0,init,False,0,2.54098135741418,0.30654901735249285,0.015320729395109341,2.3637741207362293,17.46057952630617,4,1.27484943904016,33,nan,nan,1.4179961170620725,2,nan,0,nan,nan,nan
6,0,init,False,1,0.7412300966119058,0.6677463062826113,0.07058018608844666,0.6843285538499039,58.75002316755938,4,1.3885988138108036,102,nan,nan,1.932660153327312,2,nan,0,nan,nan,nan
6,0,init,False,2,0.2768699161868602,0.20139618852661342,0.10832935133554265,0.24468676027889116,59.861531152866775,4,1.334131016019222,107,nan,nan,1.8379689807158708,2,nan,0,nan,nan,nan
6,0,init,False,3,0.49089716394589106,0.28838544653800613,0.10349714730472429,0.45871747085832765,84.03306920488411,4,1.2510632781073787,137,nan,nan,1.9342539498343072,2,nan,0,nan,nan,nan
6,0,init,False,4,0.9705931967434145,0.07521355278662414,0.08819105996785742,0.9702866452597904,19.762615612563682,4,1.2898079726077678,47,nan,nan,1.4738710100138617,2,nan,0,nan,nan,nan
6,0,init,False,5,1.595701416217555,0.02572649773161651,0.01065791766452151,1.405786602795302,75.81195041346109,4,1.48316733780218,126,nan,nan,1.9595921176984104,2,nan,0,nan,nan,nan
6,0,init,False,6,1.5853100652539636,0.36366830969325414,0.04436274073633369,1.3937637290187503,53.4790893985892,4,1.3239819964929083,95,nan,nan,1.9342863401872934,2,nan,0,nan,nan,nan
6,0,init,False,7,0.4018957436714012,0.12669372277527,0.1058086142214447,0.35215020274926095,96.64326979807032,4,1.184094946286352,153,nan,nan,1.915945258610282,2,nan,0,nan,nan,nan
6,0,init,False,8,1.2700049529393447,0.19172655612490624,0.044563710685264595,1.1836435805148768,42.525822798838774,4,1.3911741521780545,73,nan,nan,1.9015374467978774,2,nan,0,nan,nan,nan
6,0,init,False,9,1.396706319763929,0.25530017567794516,0.03422635824013829,1.2891901406218151,71.97134862060662,4,1.170680791268743,118,nan,nan,1.9091030476372128,2,nan,0,nan,nan,nan
6,0,init,False,10,0.7169159324718162,0.27661700193683225,0.054103095329956545,0.6367383662227563,115.49336898557972,4,1.2014671291458443,171,nan,nan,1.9739838250220219,2,nan,0,nan,nan,nan
6,0,init,False,11,2.103429569382233,0.28547210069511797,0.0192103858889299,1.9404298215078988,48.80161383275155,4,1.3789303085189457,88,nan,nan,1.815956329585477,2,nan,0,nan,nan,nan
6,0,init,False,12,1.470954417908997,0.2155394363616469,0.015243876655506354,1.372827832688137,75.62404581090895,4,1.283627964475052,117,nan,nan,1.9342863401872934,2,nan,0,nan,nan,nan
6,0,init,False,13,1.388642514644572,0.1781320945867038,0.02267692948376409,1.2478230804163029,40.89857424422631,4,1.2771140316097331,72,nan,nan,1.8697663796174282,2,nan,0,nan,nan,nan
6,0,init,False,14,3.7373453800473535,0.03871209607934399,0.0463937225010641,3.4508984313276803,2.7073364238549575,4,4.564046198290462,8,nan,nan,1.0780156009349202,2,nan,0,nan,nan,nan
6,0,init,False,15,0.40616906286920945,0.14249112723899338,0.06851590767746317,0.3950157774935046,50.47056557527236,4,1.434244672769924,91,nan,nan,1.9202300112455846,2,nan,0,nan,nan,nan
6,0,init,False,16,0.3890029855377656,0.9297638846590623,0.07025275725362354,0.36204287663122314,122.0736781920817,4,1.2172174899420798,178,nan,nan,1.9484320890971571,2,nan,0,nan,nan,nan
6,0,init,False,17,2.1699025667912704,0.08802828804010032,0.014502617829019116,2.050049184221096,36.98537468571456,4,1.4482690910673952,70,nan,nan,1.8118441481403047,2,nan,0,nan,nan,nan
6,0,init,False,18,2.1977118582756474,0.053075212631414875,0.039128259861931074,2.0274259181858993,16.87004217402684,4,1.443738741870929,33,nan,nan,1.5765211707915592,2,nan,0,nan,nan,nan
6,0,init,False,19,0.8905675226758757,0.6893813136786622,0.02311299486844127,0.821050791540688,79.6001769273492,4,1.2791646380629778,128,nan,nan,1.9288383220347107,2,nan,0,nan,nan,nan
6,0,init,False,20,1.1310230282852698,0.13021124216977328,0.03882455321479261,1.0356074150649899,74.3621311687393,4,1.4697135649056174,122,nan,nan,1.9739838250220219,2,nan,0,nan,nan,nan
6,0,init,False,21,2.0401207972277002,0.19002699672719167,0.02168903215514802,1.818174150113528,56.20392719180741,4,1.334272943232875,93,nan,nan,1.9091030476372128,2,nan,0,nan,nan,nan
6,0,init,False,22,0.9210253947734512,0.12826455660685385,0.050093387650265116,0.8228518287175302,64.23113255828872,4,1.2918368917104768,104,nan,nan,1.9342539498343072,2,nan,0,nan,nan,nan
6,0,init,False,23,1.5776915231880368,0.03447870843539099,0.024253932312113608,1.4349014453941045,75.37873253565283,4,1.217459543327222,119,nan,nan,1.8665334814124632,2,nan,0,nan,nan,nan
6,1,step,False,0,2.54098135741418,0.5441057780274824,0.015320729395109341,2.3637741207362293,17.46057952630617,4,1.27484943904016,33,6.000000000234156,8.247804774044706,1.4179961170620725,2,0.15764048602444525,0,1.6273409581129943,1.0,3.822210820811484e-16
6,1,step,False,1,0.7412300966119058,0.6871803585564455,0.07058018608844666,0.6843285538499039,58.75002316755938,4,1.3885988138108036,102,15.36275977580894,21.212459869668514,1.932660153327312,2,0.3783996439588813,0,1.6273409581129943,1.0,3.822210820811484e-16
6,1,step,False,2,0.2768699161868602,0.14084799329779607,0.10832935133554265,0.24468676027889116,59.861531152866775,4,1.334131016019222,107,16.83259370480924,24.677812307732694,1.8379689807158708,2,0.34153168629975994,0,1.6273409581129943,1.0,3.822210820811484e-16
6,1,step,False,3,0.49089716394589106,0.2895822040081636,0.10349714730472429,0.45871747085832765,84.03306920488411,4,1.2510632781073787,137,26.58959450332477,36.08096288938939,1.9342539498343072,2,0.4380808424912205,0,1.6273409581129943,1.0,3.822210820811484e-16
6,1,step,False,4,0.9705931967434145,0.08186921147659158,0.08819105996785742,0.9702866452597904,19.762615612563682,4,1.2898079726077678,47,6.000000000481441,7.999597581940898,1.4738710100138617,2,0.3007568570876974,0,1.6273409581129943,1.0,3.822210820811484e-16
6,1,step,False,5,1.595701416217555,0.04069578686779674,0.01065791766452151,1.405786602795302,75.81195041346109,4,1.48316733780218,126,23.96852315630904,33.80458412771796,1.9595921176984104,2,0.22521529771162807,0,1.6273409581129943,1.0,3.822210820811484e-16
6,1,step,False,6,1.5853100652539636,0.5335917265525194,0.04436274073633369,1.3937637290187503,53.4790893985892,4,1.3239819964929083,95,13.618710527794772,19.98800139924261,1.9342863401872934,2,0.34414388627640313,0,1.6273409581129943,1.0,3.822210820811484e-16
6,1,step,False,7,0.4018957436714012,0.20499562770726149,0.1058086142214447,0.35215020274926095,96.64326979807032,4,1.184094946286352,153,35.1861851967134,46.97883811133255,1.915945258610282,2,0.4686077467978862,0,1.6273409581129943,1.0,3.822210820811484e-16
6,1,step,False,8,1.2700049529393447,0.22486771664729385,0.044563710685264595,1.1836435805148768,42.525822798838774,4,1.3911741521780545,73,12.732039682213614,20.480168688471355,1.9015374467978774,2,0.40657707422810463,0,1.6273409581129943,1.0,3.822210820811484e-16
6,1,step,False,9,1.396706319763929,0.3775249094269424,0.03422635824013829,1.2891901406218151,71.97134862060662,4,1.170680791268743,118,25.155465580470995,33.63605214959357,1.9091030476372128,2,0.27524906155106393,0,1.6273409581129943,1.0,3.822210820811484e-16
6,1,step,False,10,0.7169159324718162,0.1934353227008667,0.054103095329956545,0.6367383662227563,115.49336898557972,4,1.2014671291458443,171,49.35571960074817,67.07116552927494,1.9739838250220219,2,0.3299102139655819,0,1.6273409581129943,1.0,3.822210820811484e-16
6,1,step,False,11,2.103429569382233,0.48547330950362216,0.0192103858889299,1.9404298215078988,48.80161383275155,4,1.3789303085189457,88,14.519322894768052,19.3033197375298,1.815956329585477,2,0.2763693470466249,0,1.6273409581129943,1.0,3.822210820811484e-16
6,1,step,False,12,1.470954417908997,0.12072681502611009,0.015243876655506354,1.372827832688137,75.62404581090895,4,1.283627964475052,117,25.79336491686083,38.79039582110543,1.9342863401872934,2,0.3449761006723441,0,1.6273409581129943,1.0,3.822210820811484e-16
6,1,step,False,13,1.388642514644572,0.13925302175843748,0.02267692948376409,1.2478230804163029,40.89857424422631,4,1.2771140316097331,72,10.016672991582903,13.1215986348465,1.8697663796174282,2,0.3334655018812766,0,1.6273409581129943,1.0,3.822210820811484e-16
6,1,step,False,14,3.7373453800473535,0.03380110085332709,0.0463937225010641,3.4508984313276803,2.7073364238549575,4,4.564046198290462,8,6.000000000282098,10.874938683933525,1.0780156009349202,2,0.280345390732186,0,1.6273409581129943,1.0,3.822210820811484e-16
6,1,step,False,15,0.40616906286920945,0.21795466202387562,0.06851590767746317,0.3950157774935046,50.47056557527236,4,1.434244672769924,91,12.403690647773246,18.229232119301496,1.9202300112455846,2,0.26116548720377775,0,1.6273409581129943,1.0,3.822210820811484e-16
6,1,step,False,16,0.3890029855377656,0.8180882336378794,0.07025275725362354,0.36204287663122314,122.0736781920817,4,1.2172174899420798,178,48.173609060085724,69.33492169693001,1.9484320890971571,2,0.44583474395547906,0,1.6273409581129943,1.0,3.822210820811484e-16
6,1,step,False,17,2.1699025667912704,0.13884164439645694,0.014502617829019116,2.050049184221096,36.98537468571456,4,1.4482690910673952,70,8.755496127665829,12.896568378973392,1.8118441481403047,2,0.2705662138947831,0,1.6273409581129943,1.0,3.822210820811484e-16
6,1,step,False,18,2.1977118582756474,0.20831651844614635,0.039128259861931074,2.0274259181858993,16.87004217402684,4,1.443738741870929,33,6.000000000251383,7.644120775784168,1.5765211707915592,2,0.3139656669482799,0,1.6273409581129943,1.0,3.822210820811484e-16
6,1,step,False,19,0.8905675226758757,0.722242219806566,0.02311299486844127,0.821050791540688,79.6001769273492,4,1.2791646380629778,128,30.213062681903562,42.1425408445288,1.9288383220347107,2,0.21754485069624838,0,1.6273409581129943,1.0,3.822210820811484e-16
6,1,step,False,20,1.1310230282852698,0.2127612929679503,0.03882455321479261,1.0356074150649899,74.3621311687393,4,1.4697135649056174,122,25.350055972965464,34.337063368970774,1.9739838250220219,2,0.3286298631673865,0,1.6273409581129943,1.0,3.822210820811484e-16
6,1,step,False,21,2.0401207972277002,0.15547475655644036,0.02168903215514802,1.818174150113528,56.20392719180741,4,1.334272943232875,93,17.60425583224027,23.710192275256475,1.9091030476372128,2,0.27985541822946625,0,1.6273409581129943,1.0,3.822210820811484e-16
6,1,step,False,22,0.9210253947734512,0.15146415373486588,0.050093387650265116,0.8228518287175302,64.23113255828872,4,1.2918368917104768,104,23.935624294868877,31.737084635556386,1.9342539498343072,2,0.43557111962163564,0,1.6273409581129943,1.0,3.822210820811484e-16
6,1,step,False,23,1.5776915231880368,0.036734410678731226,0.024253932312113608,1.4349014453941045,75.37873253565283,4,1.217459543327222,119,29.76694276056097,41.88065224055272,1.8665334814124632,2,0.37560208823644203,0,1.6273409581129943,1.0,3.822210820811484e-16
6,2,step,False,0,2.54098135741418,0.12786230790521821,0.015320729395109341,2.3637741207362293,17.46057952630617,4,1.27484943904016,33,6.000000000339692,8.463107904474121,1.4179961170620725,2,0.21372221000618297,0,1.1507038267843115,0.61637744307518,1.161815183991901e-15
6,2,step,False,1,0.7412300966119058,0.48991496516380123,0.07058018608844666,0.6843285538499039,58.75002316755938,4,1.3885988138108036,102,17.563047737551997,25.038006723705205,1.932660153327312,2,0.19938457229726292,0,1.1507038267843115,0.61637744307518,1.161815183991901e-15
6,2,step,False,2,0.2768699161868602,0.15879676407927232,0.10832935133554265,0.24468676027889116,59.861531152866775,4,1.334131016019222,107,19.005990450888728,27.079213993340602,1.8379689807158708,2,0.1558185982273354,0,1.1507038267843115,0.61637744307518,1.161815183991901e-15
6,2,step,False,3,0.49089716394589106,0.3441047008533941,0.10349714730472429,0.45871747085832765,84.03306920488411,4,1.2510632781073787,137,26.405971528616284,36.92388492498268,1.9342539498343072,2,0.26436702019869684,0,1.1507038267843115,0.61637744307518,1.161815183991901e-15
6,2,step,False,4,0.9705931967434145,0.06752090961315488,0.08819105996785742,0.9702866452597904,19.762615612563682,4,1.2898079726077678,47,6.000000000274008,8.412320845868976,1.4738710100138617,2,0.20233776477008372,0,1.1507038267843115,0.61637744307518,1.161815183991901e-15
6,2,step,False,5,1.595701416217555,0.0628906610053084,0.01065791766452151,1.405786602795302,75.81195041346109,4,1.48316733780218,126,20.56494732156588,27.312600992201453,1.9595921176984104,2,0.17664303027518927,0,1.1507038267843115,0.61637744307518,1.161815183991901e-15
6,2,step,False,6,1.5853100652539636,0.543919519607137,0.04436274073633369,1.3937637290187503,53.4790893985892,4,1.3239819964929083,95,16.18302309656788,22.75564001642928,1.9342863401872934,2,0.16833844913872248,0,1.1507038267843115,0.61637744307518,1.161815183991901e-15
6,2,step,False,7,0.4018957436714012,0.18868048667698892,0.1058086142214447,0.35215020274926095,96.64326979807032,4,1.184094946286352,153,38.496485433718924,52.35920487717898,1.915945258610282,2,0.2593851090171189,0,1.1507038267843115,0.61637744307518,1.161815183991901e-15
6,2,step,False,8,1.2700049529393447,0.19499349989239056,0.044563710685264595,1.1836435805148768,42.525822798838774,4,1.3911741521780545,73,13.831512460678086,21.49393498338749,1.9015374467978774,2,0.22358687478492548,0,1.1507038267843115,0.61637744307518,1.161815183991901e-15
6,2,step,False,9,1.396706319763929,0.24842569417611726,0.03422635824013829,1.2891901406218151,71.97134862060662,4,1.170680791268743,118,25.016140458102427,33.457978135740866,1.9091030476372128,2,0.23036470868880918,0,1.1507038267843115,0.61637744307518,1.161815183991901e-15
6,2,step,False,10,0.7169159324718162,0.22541457550401478,0.054103095329956545,0.6367383662227563,115.49336898557972,4,1.2014671291458443,171,48.10120384827155,63.812426778100495,1.9739838250220219,2,0.26098438317525186,0,1.1507038267843115,0.61637744307518,1.161815183991901e-15
6,2,step,False,11,2.103429569382233,0.45164315484074596,0.0192103858889299,1.9404298215078988,48.80161383275155,4,1.3789303085189457,88,13.07069979035238,17.002714675596035,1.815956329585477,2,0.14250255844875495,0,1.1507038267843115,0.61637744307518,1.161815183991901e-15
6,2,step,False,12,1.470954417908997,0.04313033319773314,0.015243876655506354,1.372827832688137,75.62404581090895,4,1.283627964475052,117,26.354404476979564,38.69121008362103,1.9342863401872934,2,0.17114346586388332,0,1.1507038267843115,0.61637744307518,1.161815183991901e-15
6,2,step,False,13,1.388642514644572,0.08580917333755811,0.02267692948376409,1.2478230804163029,40.89857424422631,4,1.2771140316097331,72,10.968494929911657,14.703007969589917,1.8697663796174282,2,0.1562181361099734,0,1.1507038267843115,0.61637744307518,1.161815183991901e-15
6,2,step,False,14,3.7373453800473535,0.04428363848741288,0.0463937225010641,3.4508984313276803,2.7073364238549575,4,4.564046198290462,8,6.0000000010180266,10.458670217065087,1.0780156009349202,2,0.24751297225371055,0,1.1507038267843115,0.61637744307518,1.161815183991901e-15
6,2,step,False,15,0.40616906286920945,0.15966978933401804,0.06851590767746317,0.3950157774935046,50.47056557527236,4,1.434244672769924,91,14.161889770360059,22.37769320749272,1.9202300112455846,2,0.2691857385008555,0,1.1507038267843115,0.61637744307518,1.161815183991901e-15
6,2,step,False,16,0.3890029855377656,0.6051174074556664,0.07025275725362354,0.36204287663122314,122.0736781920817,4,1.2172174899420798,178,48.37711165024837,67.99369787932612,1.9484320890971571,2,0.28733603963340176,0,1.1507038267843115,0.61637744307518,1.161815183991901e-15
6,2,step,False,17,2.1699025667912704,0.13240302909619664,0.014502617829019116,2.050049184221096,36.98537468571456,4,1.4482690910673952,70,7.712004699199607,10.575403245864802,1.8118441481403047,2,0.1244316121049405,0,1.1507038267843115,0.61637744307518,1.161815183991901e-15
6,2,step,False,18,2.1977118582756474,0.08114268115477534,0.039128259861931074,2.0274259181858993,16.87004217402684,4,1.443738741870929,33,6.000000000181077,7.547952400661752,1.5765211707915592,2,0.2157469652597018,0,1.1507038267843115,0.61637744307518,1.161815183991901e-15
6,2,step,False,19,0.8905675226758757,0.24678398585452796,0.02311299486844127,0.821050791540688,79.6001769273492,4,1.2791646380629778,128,31.235622540051512,44.49335951416633,1.9288383220347107,2,0.22220976275844312,0,1.1507038267843115,0.61637744307518,1.161815183991901e-15
6,2,step,False,20,1.1310230282852698,0.23066362690564934,0.03882455321479261,1.0356074150649899,74.3621311687393,4,1.4697135649056174,122,25.172693880421143,33.69906827393718,1.9739838250220219,2,0.25975082015157624,0,1.1507038267843115,0.61637744307518,1.161815183991901e-15
6,2,step,False,21,2.0401207972277002,0.20203128501483228,0.02168903215514802,1.818174150113528,56.20392719180741,4,1.334272943232875,93,13.86804048806373,18.552262775100747,1.9091030476372128,2,0.2292237189265042,0,1.1507038267843115,0.61637744307518,1.161815183991901e-15
6,2,step,False,22,0.9210253947734512,0.15470810130285853,0.050093387650265116,0.8228518287175302,64.23113255828872,4,1.2918368917104768,104,24.42150645031607,32.18742194868366,1.9342539498343072,2,0.26202470744622874,0,1.1507038267843115,0.61637744307518,1.161815183991901e-15
6,2,step,False,23,1.5776915231880368,0.03556353922460639,0.024253932312113608,1.4349014453941045,75.37873253565283,4,1.217459543327222,119,25.921683815882744,35.40069830745165,1.8665334814124632,2,0.25317354929815533,0,1.1507038267843115,0.61637744307518,1.161815183991901e-15
6,3,step,False,0,2.54098135741418,0.09381519160057619,0.015320729395109341,2.3637741207362293,17.46057952630617,4,1.27484943904016,33,6.0000000002426965,7.389096379982168,1.4179961170620725,2,0.2994398630105741,0,0.8136704790564969,0.37013113498687744,6.59722756997554e-14
6,3,step,False,1,0.7412300966119058,0.2548439111895192,0.07058018608844666,0.6843285538499039,58.75002316755938,4,1.3885988138108036,102,19.125985568224205,26.775183725323462,1.932660153327312,2,0.10843421028961607,0,0.8136704790564969,0.37013113498687744,6.59722756997554e-14
6,3,step,False,2,0.2768699161868602,0.15952922108204015,0.10832935133554265,0.24468676027889116,59.861531152866775,4,1.334131016019222,107,21.184518482635784,28.606600334191217,1.8379689807158708,2,0.1439085044607625,0,0.8136704790564969,0.37013113498687744,6.59722756997554e-14
6,3,step,False,3,0.49089716394589106,0.3389956431279846,0.10349714730472429,0.45871747085832765,84.03306920488411,4,1.2510632781073787,137,30.091231680428102,42.55547994935574,1.9342539498343072,2,0.1711757909291971,0,0.8136704790564969,0.37013113498687744,6.59722756997554e-14
6,3,step,False,4,0.9705931967434145,0.05824871579631041,0.08819105996785742,0.9702866452597904,19.762615612563682,4,1.2898079726077678,47,6.000000000703263,9.032438734035729,1.4738710100138617,2,0.08254063575825261,0,0.8136704790564969,0.37013113498687744,6.59722756997554e-14
6,3,step,False,5,1.595701416217555,0.0367992433278965,0.01065791766452151,1.405786602795302,75.81195041346109,4,1.48316733780218,126,19.00547125312221,25.342376115096386,1.9595921176984104,2,0.1438447836180645,0,0.8136704790564969,0.37013113498687744,6.59722756997554e-14
6,3,step,False,6,1.5853100652539636,0.5025834032047075,0.04436274073633369,1.3937637290187503,53.4790893985892,4,1.3239819964929083,95,17.49755295713426,23.729284490750278,1.9342863401872934,2,0.13313741590144415,0,0.8136704790564969,0.37013113498687744,6.59722756997554e-14
6,3,step,False,7,0.4018957436714012,0.12951526870720065,0.1058086142214447,0.35215020274926095,96.64326979807032,4,1.184094946286352,153,37.572713164327915,48.395268982999795,1.915945258610282,2,0.14448286501162377,0,0.8136704790564969,0.37013113498687744,6.59722756997554e-14
6,3,step,False,8,1.2700049529393447,0.19508090754919155,0.044563710685264595,1.1836435805148768,42.525822798838774,4,1.3911741521780545,73,14.015183899241132,20.12119327388869,1.9015374467978774,2,0.1404542435595865,0,0.8136704790564969,0.37013113498687744,6.59722756997554e-14
6,3,step,False,9,1.396706319763929,0.2846748771748329,0.03422635824013829,1.2891901406218151,71.97134862060662,4,1.170680791268743,118,25.149902054390694,34.64219800417658,1.9091030476372128,2,0.11335348998626835,0,0.8136704790564969,0.37013113498687744,6.59722756997554e-14
6,3,step,False,10,0.7169159324718162,0.3090520002795812,0.054103095329956545,0.6367383662227563,115.49336898557972,4,1.2014671291458443,171,45.3797014842393,58.238703850551545,1.9739838250220219,2,0.1050989795707527,0,0.8136704790564969,0.37013113498687744,6.59722756997554e-14
6,3,step,False,11,2.103429569382233,0.5877319981165157,0.0192103858889299,1.9404298215078988,48.80161383275155,4,1.3789303085189457,88,12.495413054445162,15.589841043425693,1.815956329585477,2,0.10169160313618276,0,0.8136704790564969,0.37013113498687744,6.59722756997554e-14
6,3,step,False,12,1.470954417908997,0.08239131621619539,0.015243876655506354,1.372827832688137,75.62404581090895,4,1.283627964475052,117,25.510561622913475,34.516926666005716,1.9342863401872934,2,0.13310557961146685,0,0.8136704790564969,0.37013113498687744,6.59722756997554e-14
6,3,step,False,13,1.388642514644572,0.1219591918338028,0.02267692948376409,1.2478230804163029,40.89857424422631,4,1.2771140316097331,72,14.44140200146002,19.35228309933027,1.8697663796174282,2,0.09296843488072358,0,0.8136704790564969,0.37013113498687744,6.59722756997554e-14
6,3,step,False,14,3.7373453800473535,0.048970396485984904,0.0463937225010641,3.4508984313276803,2.7073364238549575,4,4.564046198290462,8,6.000000000145471,10.104701354408581,1.0780156009349202,2,0.11215727741369806,0,0.8136704790564969,0.37013113498687744,6.59722756997554e-14
6,3,step,False,15,0.40616906286920945,0.10843864969174369,0.06851590767746317,0.3950157774935046,50.47056557527236,4,1.434244672769924,91,18.002608762424913,28.318408463796423,1.9202300112455846,2,0.1520633538638856,0,0.8136704790564969,0.37013113498687744,6.59722756997554e-14
6,3,step,False,16,0.3890029855377656,0.3728223328411227,0.07025275725362354,0.36204287663122314,122.0736781920817,4,1.2172174899420798,178,45.63511503423703,61.78430126302836,1.9484320890971571,2,0.2036908355826594,0,0.8136704790564969,0.37013113498687744,6.59722756997554e-14
6,3,step,False,17,2.1699025667912704,0.04620386969169095,0.014502617829019116,2.050049184221096,36.98537468571456,4,1.4482690910673952,70,7.653988493915058,10.233643914185746,1.8118441481403047,2,0.1414225286818592,0,0.8136704790564969,0.37013113498687744,6.59722756997554e-14
6,3,step,False,18,2.1977118582756474,0.1433266694654202,0.039128259861931074,2.0274259181858993,16.87004217402684,4,1.443738741870929,33,6.000000000113979,6.989114581932588,1.5765211707915592,2,0.14362676463161064,0,0.8136704790564969,0.37013113498687744,6.59722756997554e-14
6,3,step,False,19,0.8905675226758757,0.2583883052303665,0.02311299486844127,0.821050791540688,79.6001769273492,4,1.2791646380629778,128,28.890797221627523,38.10598306376755,1.9288383220347107,2,0.13160394264642142,0,0.8136704790564969,0.37013113498687744,6.59722756997554e-14
6,3,step,False,20,1.1310230282852698,0.10403751527415646,0.03882455321479261,1.0356074150649899,74.3621311687393,4,1.4697135649056174,122,26.50375503405126,36.0610937548325,1.9739838250220219,2,0.10394163931573885,0,0.8136704790564969,0.37013113498687744,6.59722756997554e-14
6,3,step,False,21,2.0401207972277002,0.1615811729219631,0.02168903215514802,1.818174150113528,56.20392719180741,4,1.334272943232875,93,11.184620422004928,15.263761810365821,1.9091030476372128,2,0.11083564557323647,0,0.8136704790564969,0.37013113498687744,6.59722756997554e-14
6,3,step,False,22,0.9210253947734512,0.19140586332578824,0.050093387650265116,0.8228518287175302,64.23113255828872,4,1.2918368917104768,104,22.95229599809357,29.863179200415622,1.9342539498343072,2,0.1756147841527552,0,0.8136704790564969,0.37013113498687744,6.59722756997554e-14
6,3,step,False,23,1.5776915231880368,0.04199957207892117,0.024253932312113608,1.4349014453941045,75.37873253565283,4,1.217459543327222,119,22.552674262150447,28.679064824407558,1.8665334814124632,2,0.08674794174174989,0,0.8136704790564969,0.37013113498687744,6.59722756997554e-14
7,0,init,False,0,1.695893548209062,0.07495487937309148,0.013128328625726373,1.6555952653288502,53.465993280249634,4,1.2472880042483732,97,nan,nan,1.8659966758768327,2,nan,0,nan,nan,nan
7,0,init,False,1,2.2857085843603824,0.04089173126010042,0.012027185716751067,2.181452054203725,33.80790741579857,4,1.3955810576463779,68,nan,nan,1.965315136448519,2,nan,0,nan,nan,nan
7,0,init,False,2,0.7496180157712998,0.13576966547070418,0.056073568821139445,0.6868357800926292,102.02524851658946,4,1.2462523477289515,158,nan,nan,1.987796481030497,2,nan,0,nan,nan,nan
7,0,init,False,3,0.7321385464267546,0.02924827878927664,0.031234763745675537,0.7022290120227177,78.43110798093267,4,1.266839737976448,118,nan,nan,1.9949346388381173,2,nan,0,nan,nan,nan
7,0,init,False,4,1.3432311769705663,0.13225047793911326,0.020085912958466134,1.3057810656001516,75.99552897688298,4,1.1526094094761743,130,nan,nan,1.9964610107314233,2,nan,0,nan,nan,nan
7,0,init,False,5,2.5599472376981836,0.2522702883699384,0.01761314655891115,2.501915044370246,24.62584607685912,4,1.7856351223096008,46,nan,nan,1.9066730325713068,2,nan,0,nan,nan,nan
7,0,init,False,6,2.5719546876022785,0.19007577959763447,0.02238448248182506,2.418392862856482,25.886473484609475,4,1.3148413721217607,49,nan,nan,1.9303013508691633,2,nan,0,nan,nan,nan
7,0,init,False,7,0.5562056173718655,0.06193684666121636,0.020824990095516496,0.5299448386310659,109.16931197286914,4,1.204066454109447,169,nan,nan,1.9949998446129258,2,nan,0,nan,nan,nan
7,0,init,False,8,0.18965584778829725,0.513585986859469,0.14865668406475172,0.18190543715241161,78.52859213405438,4,1.3153045139270814,121,nan,nan,1.9949346388381173,2,nan,0,nan,nan,nan
7,0,init,False,9,1.7902645027757145,0.06695187942505781,0.014371289497127644,1.7013321405379425,30.051260915893067,4,1.5234981204062745,62,nan,nan,1.965315136448519,2,nan,0,nan,nan,nan
7,0,init,False,10,1.8688287133032908,0.04551637970222111,0.04308378255342768,1.7635689087622057,13.875457717056847,4,1.5335676978780175,32,nan,nan,1.411369379115178,2,nan,0,nan,nan,nan
7,0,init,False,11,1.798904448533471,0.12482368732225604,0.05941074699289612,1.7967163228032568,22.526533495044212,4,1.4991487356783237,45,nan,nan,1.584767013444826,2,nan,0,nan,nan,nan
7,0,init,False,12,1.656085565633077,0.1980847333090806,0.0079854355418638,1.6283476729357749,66.52874753848387,4,1.4668885675408487,111,nan,nan,1.5342862695579875,2,nan,0,nan,nan,nan
7,0,init,False,13,1.4164375940140463,0.029721472971540534,0.0368647739196036,1.3610093615055556,49.903785347071945,4,1.4397238092834648,87,nan,nan,1.7649385626699303,2,nan,0,nan,nan,nan
7,0,init,False,14,0.9095282557893342,0.817191318113447,0.04620557995066799,0.9037286572935064,25.982990440588615,4,1.8809392902878954,46,nan,nan,1.584767013444826,2,nan,0,nan,nan,nan
7,0,init,False,15,0.979959092698329,0.030183448188159122,0.024985733823947615,0.9409560781756481,100.22869046624908,4,1.1588893870320889,154,nan,nan,1.9995669218754906,2,nan,0,nan,nan,nan
7,0,init,False,16,0.6074272708457642,0.05985145730657891,0.052839348545790275,0.6078964355417931,114.58790735195603,4,1.2143450195914391,171,nan,nan,1.987794198277854,2,nan,0,nan,nan,nan
7,0,init,False,17,0.7090745349758502,0.08394772308666137,0.0844153969956395,0.6883008307455208,91.91038893568631,4,1.2310369715249714,147,nan,nan,1.9949998446129258,2,nan,0,nan,nan,nan
7,0,init,False,18,1.6675110350894953,0.09718587438065995,0.0039016603149017114,1.6062928130775846,63.257256614165854,4,1.2209103837488429,107,nan,nan,1.9964610107314233,2,nan,0,nan,nan,nan
7,0,init,False,19,0.9835998101561569,0.05135813970422134,0.01964132081397458,0.9434298474016647,95.24671985369999,4,1.1657662482924642,146,nan,nan,1.9995669218754906,2,nan,0,nan,nan,nan
7,0,init,False,20,1.3118515925786611,0.16817307210512128,0.02224576496385522,1.3228936886363727,32.39522492289318,4,1.297573357104855,59,nan,nan,1.9260502713617567,2,nan,0,nan,nan,nan
7,0,init,False,21,2.4897466425669204,0.052819122944541136,0.009236325104039217,2.341584978050483,12.877475319551785,4,1.6628685030494748,28,nan,nan,1.213309395418206,2,nan,0,nan,nan,nan
7,0,init,False,22,0.5277176915553676,0.8147686780726826,0.05435448887106634,0.5002924558347583,109.47356309689263,4,1.2290279960899777,170,nan,nan,1.9613934425095279,2,nan,0,nan,nan,nan
7,0,init,False,23,2.43209115517156,0.2305975092497061,0.0149549635450817,2.3533518522777417,29.217988145921435,4,1.4840626442287876,55,nan,nan,1.9066730325713068,2,nan,0,nan,nan,nan
7,1,step,False,0,1.695893548209062,0.1291099880103198,0.013128328625726373,1.6555952653288502,53.465993280249634,4,1.2472880042483732,97,15.507996359957538,23.645960967002807,1.8659966758768327,2,0.4764996769965969,0,1.6605951643384131,1.0,5.767185680891172e-16
7,1,step,False,1,2.2857085843603824,0.0907111147978037,0.012027185716751067,2.181452054203725,33.80790741579857,4,1.3955810576463779,68,6.521452823460307,10.042722663536358,1.965315136448519,2,0.4258472589313771,0,1.6605951643384131,1.0,5.767185680891172e-16
7,1,step,False,2,0.7496180157712998,0.14434143422556361,0.056073568821139445,0.6868357800926292,102.02524851658946,4,1.2462523477289515,158,34.97049595842469,45.117098805605764,1.987796481030497,2,0.4972613877904687,0,1.6605951643384131,1.0,5.767185680891172e-16
7,1,step,False,3,0.7321385464267546,0.04101151217966856,0.031234763745675537,0.7022290120227177,78.43110798093267,4,1.266839737976448,118,26.15095431798394,36.65837000379006,1.9949346388381173,2,0.38024610556421595,0,1.6605951643384131,1.0,5.767185680891172e-16
7,1,step,False,4,1.3432311769705663,0.14951159317243198,0.020085912958466134,1.3057810656001516,75.99552897688298,4,1.1526094094761743,130,24.44210631248285,34.81996011635408,1.9964610107314233,2,0.4499626061295218,0,1.6605951643384131,1.0,5.767185680891172e-16
7,1,step,False,5,2.5599472376981836,0.3830229141692296,0.01761314655891115,2.501915044370246,24.62584607685912,4,1.7856351223096008,46,6.000000000585682,9.516752299777842,1.9066730325713068,2,0.37848268791108475,0,1.6605951643384131,1.0,5.767185680891172e-16
7,1,step,False,6,2.5719546876022785,0.22725025176260855,0.02238448248182506,2.418392862856482,25.886473484609475,4,1.3148413721217607,49,7.442089797589687,11.60852096269116,1.9303013508691633,2,0.4543065841890641,0,1.6605951643384131,1.0,5.767185680891172e-16
7,1,step,False,7,0.5562056173718655,0.0590005049479874,0.020824990095516496,0.5299448386310659,109.16931197286914,4,1.204066454109447,169,44.71463294585974,61.689432715257816,1.9949998446129258,2,0.44009893447235926,0,1.6605951643384131,1.0,5.767185680891172e-16
7,1,step,False,8,0.18965584778829725,0.5273972973054797,0.14865668406475172,0.18190543715241161,78.52859213405438,4,1.3153045139270814,121,23.813398992061803,33.90219620912647,1.9949346388381173,2,0.3802347093889213,0,1.6605951643384131,1.0,5.767185680891172e-16
7,1,step,False,9,1.7902645027757145,0.03528048200062642,0.014371289497127644,1.7013321405379425,30.051260915893067,4,1.5234981204062745,62,7.457892022467633,11.932053152406091,1.965315136448519,2,0.42567220376565457,0,1.6605951643384131,1.0,5.767185680891172e-16
7,1,step,False,10,1.8688287133032908,0.030400088623364532,0.04308378255342768,1.7635689087622057,13.875457717056847,4,1.5335676978780175,32,6.000000000447641,8.939572542087346,1.411369379115178,2,0.43921490359171134,0,1.6605951643384131,1.0,5.767185680891172e-16
7,1,step,False,11,1.798904448533471,0.23621949551900087,0.05941074699289612,1.7967163228032568,22.526533495044212,4,1.4991487356783237,45,6.000000000287427,7.803363812240605,1.584767013444826,2,0.0988594182262744,0,1.6605951643384131,1.0,5.767185680891172e-16
7,1,step,False,12,1.656085565633077,0.43728548396983896,0.0079854355418638,1.6283476729357749,66.52874753848387,4,1.4668885675408487,111,22.07633146972727,31.83853491192256,1.5342862695579875,2,0.31116355356728476,0,1.6605951643384131,1.0,5.767185680891172e-16
7,1,step,False,13,1.4164375940140463,0.08589932781293706,0.0368647739196036,1.3610093615055556,49.903785347071945,4,1.4397238092834648,87,9.722569566055254,14.735965812203196,1.7649385626699303,2,0.3469540366083699,0,1.6605951643384131,1.0,5.767185680891172e-16
7,1,step,False,14,0.9095282557893342,0.8495520968137616,0.04620557995066799,0.9037286572935064,25.982990440588615,4,1.8809392902878954,46,7.198143495626002,10.72591774988459,1.584767013444826,2,0.0979595738224741,0,1.6605951643384131,1.0,5.767185680891172e-16
7,1,step,False,15,0.979959092698329,0.048264381752834304,0.024985733823947615,0.9409560781756481,100.22869046624908,4,1.1588893870320889,154,38.69873344675015,53.853702182277424,1.9995669218754906,2,0.48135988283740394,0,1.6605951643384131,1.0,5.767185680891172e-16
7,1,step,False,16,0.6074272708457642,0.05074178784839948,0.052839348545790275,0.6078964355417931,114.58790735195603,4,1.2143450195914391,171,48.0641338327472,67.445561422251,1.987794198277854,2,0.4862468240506222,0,1.6605951643384131,1.0,5.767185680891172e-16
7,1,step,False,17,0.7090745349758502,0.07638330922784452,0.0844153969956395,0.6883008307455208,91.91038893568631,4,1.2310369715249714,147,30.956332724561626,42.95449234441716,1.9949998446129258,2,0.4401050690505773,0,1.6605951643384131,1.0,5.767185680891172e-16
7,1,step,False,18,1.6675110350894953,0.08913559882523692,0.0039016603149017114,1.6062928130775846,63.257256614165854,4,1.2209103837488429,107,18.308987459315652,24.98037696756598,1.9964610107314233,2,0.4499350119833686,0,1.6605951643384131,1.0,5.767185680891172e-16
7,1,step,False,19,0.9835998101561569,0.050574101038747786,0.01964132081397458,0.9434298474016647,95.24671985369999,4,1.1657662482924642,146,38.0516721386496,53.05114956342134,1.9995669218754906,2,0.48135765702778277,0,1.6605951643384131,1.0,5.767185680891172e-16
7,1,step,False,20,1.3118515925786611,0.14825243321535775,0.02224576496385522,1.3228936886363727,32.39522492289318,4,1.297573357104855,59,9.105175267293191,13.6607547925201,1.9260502713617567,2,0.23219669025403036,0,1.6605951643384131,1.0,5.767185680891172e-16
7,1,step,False,21,2.4897466425669204,0.08709606646199168,0.009236325104039217,2.341584978050483,12.877475319551785,4,1.6628685030494748,28,6.000000000144624,9.185863555411789,1.213309395418206,2,0.35800036798137,0,1.6605951643384131,1.0,5.767185680891172e-16
7,1,step,False,22,0.5277176915553676,0.8562536437406899,0.05435448887106634,0.5002924558347583,109.47356309689263,4,1.2290279960899777,170,41.3399474802764,56.28471301796256,1.9613934425095279,2,0.4888163843627655,0,1.6605951643384131,1.0,5.767185680891172e-16
7,1,step,False,23,2.43209115517156,0.10219831700853668,0.0149549635450817,2.3533518522777417,29.217988145921435,4,1.4840626442287876,55,8.548061119125059,13.752532896366455,1.9066730325713068,2,0.3857377573278051,0,1.6605951643384131,1.0,5.767185680891172e-16
7,2,step,False,0,1.695893548209062,0.09746066158970199,0.013128328625726373,1.6555952653288502,53.465993280249634,4,1.2472880042483732,97,13.779790035643025,19.711158573861287,1.8659966758768327,2,0.368259022263394,0,1.1742181015092812,0.6032719165086746,5.9339245662258646e-15
7,2,step,False,1,2.2857085843603824,0.10306319310475555,0.012027185716751067,2.181452054203725,33.80790741579857,4,1.3955810576463779,68,6.348138935253011,9.656031950205428,1.965315136448519,2,0.2576390107910756,0,1.1742181015092812,0.6032719165086746,5.9339245662258646e-15
7,2,step,False,2,0.7496180157712998,0.17235916358258244,0.056073568821139445,0.6868357800926292,102.02524851658946,4,1.2462523477289515,158,36.05443044602671,48.33787337746391,1.987796481030497,2,0.2800996197108196,0,1.1742181015092812,0.6032719165086746,5.9339245662258646e-15
7,2,step,False,3,0.7321385464267546,0.04132667030217981,0.031234763745675537,0.7022290120227177,78.43110798093267,4,1.266839737976448,118,29.18039021847653,40.29504468546157,1.9949346388381173,2,0.19611775086541464,0,1.1742181015092812,0.6032719165086746,5.9339245662258646e-15
7,2,step,False,4,1.3432311769705663,0.10417923449034439,0.020085912958466134,1.3057810656001516,75.99552897688298,4,1.1526094094761743,130,20.3676778748925,26.18129971958198,1.9964610107314233,2,0.17332950046468776,0,1.1742181015092812,0.6032719165086746,5.9339245662258646e-15
7,2,step,False,5,2.5599472376981836,0.4090946713457134,0.01761314655891115,2.501915044370246,24.62584607685912,4,1.7856351223096008,46,6.000000000248708,9.214390150000012,1.9066730325713068,2,0.26094755466195824,0,1.1742181015092812,0.6032719165086746,5.9339245662258646e-15
7,2,step,False,6,2.5719546876022785,0.19662137822425776,0.02238448248182506,2.418392862856482,25.886473484609475,4,1.3148413721217607,49,6.000000000148908,8.285747174001315,1.9303013508691633,2,0.23450988979293896,0,1.1742181015092812,0.6032719165086746,5.9339245662258646e-15
7,2,step,False,7,0.5562056173718655,0.07965761282651695,0.020824990095516496,0.5299448386310659,109.16931197286914,4,1.204066454109447,169,45.50019226892622,63.715440610792804,1.9949998446129258,2,0.25354284353334655,0,1.1742181015092812,0.6032719165086746,5.9339245662258646e-15
7,2,step,False,8,0.18965584778829725,0.5415334895572644,0.14865668406475172,0.18190543715241161,78.52859213405438,4,1.3153045139270814,121,29.72576981537772,42.6127267141181,1.9949346388381173,2,0.19605559652053894,0,1.1742181015092812,0.6032719165086746,5.9339245662258646e-15
7,2,step,False,9,1.7902645027757145,0.0401241185358069,0.014371289497127644,1.7013321405379425,30.051260915893067,4,1.5234981204062745,62,7.73258492813844,11.561575769095365,1.965315136448519,2,0.2573498668273923,0,1.1742181015092812,0.6032719165086746,5.9339245662258646e-15
7,2,step,False,10,1.8688287133032908,0.04746508979801222,0.04308378255342768,1.7635689087622057,13.875457717056847,4,1.5335676978780175,32,6.000000000477209,9.280013079631088,1.411369379115178,2,0.4128408279205301,0,1.1742181015092812,0.6032719165086746,5.9339245662258646e-15
7,2,step,False,11,1.798904448533471,0.0736093621379441,0.05941074699289612,1.7967163228032568,22.526533495044212,4,1.4991487356783237,45,6.000000000355897,8.204070755667267,1.584767013444826,2,0.10999939681758505,0,1.1742181015092812,0.6032719165086746,5.9339245662258646e-15
7,2,step,False,12,1.656085565633077,0.3025176420356679,0.0079854355418638,1.6283476729357749,66.52874753848387,4,1.4668885675408487,111,21.17861439309644,29.985269578712494,1.5342862695579875,2,0.2056011471218059,0,1.1742181015092812,0.6032719165086746,5.9339245662258646e-15
7,2,step,False,13,1.4164375940140463,0.024094821392512573,0.0368647739196036,1.3610093615055556,49.903785347071945,4,1.4397238092834648,87,12.448881186078715,19.43276203966673,1.7649385626699303,2,0.26255486039790976,0,1.1742181015092812,0.6032719165086746,5.9339245662258646e-15
7,2,step,False,14,0.9095282557893342,0.9217602217159703,0.04620557995066799,0.9037286572935064,25.982990440588615,4,1.8809392902878954,46,7.354369069720589,10.278340238676677,1.584767013444826,2,0.15950223655658485,0,1.1742181015092812,0.6032719165086746,5.9339245662258646e-15
7,2,step,False,15,0.979959092698329,0.04127468020052023,0.024985733823947615,0.9409560781756481,100.22869046624908,4,1.1588893870320889,154,36.624002116168754,50.380798920113996,1.9995669218754906,2,0.32821272265723317,0,1.1742181015092812,0.6032719165086746,5.9339245662258646e-15
7,2,step,False,16,0.6074272708457642,0.05230897650590516,0.052839348545790275,0.6078964355417931,114.58790735195603,4,1.2143450195914391,171,47.82850920462618,66.14233079121031,1.987794198277854,2,0.23202305304777643,0,1.1742181015092812,0.6032719165086746,5.9339245662258646e-15
7,2,step,False,17,0.7090745349758502,0.10977500311807581,0.0844153969956395,0.6883008307455208,91.91038893568631,4,1.2310369715249714,147,32.905359251516934,45.96959611161295,1.9949998446129258,2,0.25349498615276317,0,1.1742181015092812,0.6032719165086746,5.9339245662258646e-15
7,2,step,False,18,1.6675110350894953,0.12535007494842793,0.0039016603149017114,1.6062928130775846,63.257256614165854,4,1.2209103837488429,107,17.858093826697505,24.045191385993704,1.9964610107314233,2,0.1733108015626381,0,1.1742181015092812,0.6032719165086746,5.9339245662258646e-15
7,2,step,False,19,0.9835998101561569,0.03972154753765601,0.01964132081397458,0.9434298474016647,95.24671985369999,4,1.1657662482924642,146,34.941201096175625,47.61015111175565,1.9995669218754906,2,0.3282130909039667,0,1.1742181015092812,0.6032719165086746,5.9339245662258646e-15
7,2,step,False,20,1.3118515925786611,0.1408753538970889,0.02224576496385522,1.3228936886363727,32.39522492289318,4,1.297573357104855,59,10.667623605799578,14.874288443398985,1.9260502713617567,2,0.1731905197712858,0,1.1742181015092812,0.6032719165086746,5.9339245662258646e-15
7,2,step,False,21,2.4897466425669204,0.013638839563626633,0.009236325104039217,2.341584978050483,12.877475319551785,4,1.6628685030494748,28,6.000000000473904,9.79221634699919,1.213309395418206,2,0.24982707805135174,0,1.1742181015092812,0.6032719165086746,5.9339245662258646e-15
7,2,step,False,22,0.5277176915553676,0.6826765932256678,0.05435448887106634,0.5002924558347583,109.47356309689263,4,1.2290279960899777,170,42.351871727493844,58.920341017990005,1.9613934425095279,2,0.2278391987075229,0,1.1742181015092812,0.6032719165086746,5.9339245662258646e-15
7,2,step,False,23,2.43209115517156,0.08485799560882566,0.0149549635450817,2.3533518522777417,29.217988145921435,4,1.4840626442287876,55,7.101644059866745,9.397359989363913,1.9066730325713068,2,0.25554401453900494,0,1.1742181015092812,0.6032719165086746,5.9339245662258646e-15
7,3,step,False,0,1.695893548209062,0.08990118421207301,0.013128328625726373,1.6555952653288502,53.465993280249634,4,1.2472880042483732,97,13.623550033414498,18.117675118779314,1.8659966758768327,2,0.19810149009341232,0,0.8302975821692065,0.3598342686891556,7.807001882738501e-14
7,3,step,False,1,2.2857085843603824,0.10803752961275064,0.012027185716751067,2.181452054203725,33.80790741579857,4,1.3955810576463779,68,6.000000000007351,8.146070266563694,1.965315136448519,2,0.18268125478367872,0,0.8302975821692065,0.3598342686891556,7.807001882738501e-14
7,3,step,False,2,0.7496180157712998,0.14738062514568798,0.056073568821139445,0.6868357800926292,102.02524851658946,4,1.2462523477289515,158,35.62842415911159,47.64486953293194,1.987796481030497,2,0.17910257877689273,0,0.8302975821692065,0.3598342686891556,7.807001882738501e-14
7,3,step,False,3,0.7321385464267546,0.03202499568554668,0.031234763745675537,0.7022290120227177,78.43110798093267,4,1.266839737976448,118,29.910102879062762,40.18686959577931,1.9949346388381173,2,0.11266477493105986,0,0.8302975821692065,0.3598342686891556,7.807001882738501e-14
7,3,step,False,4,1.3432311769705663,0.1343334891205161,0.020085912958466134,1.3057810656001516,75.99552897688298,4,1.1526094094761743,130,20.791951304117177,25.818558878181374,1.9964610107314233,2,0.14106497665271264,0,0.8302975821692065,0.3598342686891556,7.807001882738501e-14
7,3,step,False,5,2.5599472376981836,0.5233205983811484,0.01761314655891115,2.501915044370246,24.62584607685912,4,1.7856351223096008,46,6.000000000318721,8.745822430064756,1.9066730325713068,2,0.08901409891370518,0,0.8302975821692065,0.3598342686891556,7.807001882738501e-14
7,3,step,False,6,2.5719546876022785,0.21879963440536707,0.02238448248182506,2.418392862856482,25.886473484609475,4,1.3148413721217607,49,6.000000000301613,7.630440393922155,1.9303013508691633,2,0.13970197698215617,0,0.8302975821692065,0.3598342686891556,7.807001882738501e-14
7,3,step,False,7,0.5562056173718655,0.06894247112067228,0.020824990095516496,0.5299448386310659,109.16931197286914,4,1.204066454109447,169,43.601295779690986,59.05153808847046,1.9949998446129258,2,0.14603830773687584,0,0.8302975821692065,0.3598342686891556,7.807001882738501e-14
7,3,step,False,8,0.18965584778829725,0.5203464763674955,0.14865668406475172,0.18190543715241161,78.52859213405438,4,1.3153045139270814,121,35.51499196605708,50.169942561041985,1.9949346388381173,2,0.11266659038852103,0,0.8302975821692065,0.3598342686891556,7.807001882738501e-14
7,3,step,False,9,1.7902645027757145,0.050096520029710066,0.014371289497127644,1.7013321405379425,30.051260915893067,4,1.5234981204062745,62,8.693722730795752,13.163087398936977,1.965315136448519,2,0.18291840971450127,0,0.8302975821692065,0.3598342686891556,7.807001882738501e-14
7,3,step,False,10,1.8688287133032908,0.06009757167590127,0.04308378255342768,1.7635689087622057,13.875457717056847,4,1.5335676978780175,32,6.000000000043118,9.721548575319527,1.411369379115178,2,0.27557025110846367,0,0.8302975821692065,0.3598342686891556,7.807001882738501e-14
7,3,step,False,11,1.798904448533471,0.04414668727165757,0.05941074699289612,1.7967163228032568,22.526533495044212,4,1.4991487356783237,45,6.000000000661572,8.289263219951756,1.584767013444826,2,0.08915539606322595,0,0.8302975821692065,0.3598342686891556,7.807001882738501e-14
7,3,step,False,12,1.656085565633077,0.15229548236476737,0.0079854355418638,1.6283476729357749,66.52874753848387,4,1.4668885675408487,111,19.50480906962679,24.807169846332663,1.5342862695579875,2,0.16433887129856026,0,0.8302975821692065,0.3598342686891556,7.807001882738501e-14
7,3,step,False,13,1.4164375940140463,0.046726665496246586,0.0368647739196036,1.3610093615055556,49.903785347071945,4,1.4397238092834648,87,12.976424462578256,19.1232318294763,1.7649385626699303,2,0.18659605088867612,0,0.8302975821692065,0.3598342686891556,7.807001882738501e-14
7,3,step,False,14,0.9095282557893342,0.9897651997763741,0.04620557995066799,0.9037286572935064,25.982990440588615,4,1.8809392902878954,46,8.442205873660692,12.665177697948915,1.584767013444826,2,0.08333004577349552,0,0.8302975821692065,0.3598342686891556,7.807001882738501e-14
7,3,step,False,15,0.979959092698329,0.009316514511795748,0.024985733823947615,0.9409560781756481,100.22869046624908,4,1.1588893870320889,154,34.44300016818552,45.685435948740796,1.9995669218754906,2,0.19564660346740786,0,0.8302975821692065,0.3598342686891556,7.807001882738501e-14
7,3,step,False,16,0.6074272708457642,0.05795256216543445,0.052839348545790275,0.6078964355417931,114.58790735195603,4,1.2143450195914391,171,46.1403319826058,61.73682550492601,1.987794198277854,2,0.18174876187990383,0,0.8302975821692065,0.3598342686891556,7.807001882738501e-14
7,3,step,False,17,0.7090745349758502,0.15884697128388942,0.0844153969956395,0.6883008307455208,91.91038893568631,4,1.2310369715249714,147,34.679633908821295,47.92160202437364,1.9949998446129258,2,0.1460440084473809,0,0.8302975821692065,0.3598342686891556,7.807001882738501e-14
7,3,step,False,18,1.6675110350894953,0.09468008765281424,0.0039016603149017114,1.6062928130775846,63.257256614165854,4,1.2209103837488429,107,17.51502621806374,23.561670469706204,1.9964610107314233,2,0.1411264423213728,0,0.8302975821692065,0.3598342686891556,7.807001882738501e-14
7,3,step,False,19,0.9835998101561569,0.06471704666898018,0.01964132081397458,0.9434298474016647,95.24671985369999,4,1.1657662482924642,146,33.16985507317986,44.512828157953145,1.9995669218754906,2,0.1956450347262718,0,0.8302975821692065,0.3598342686891556,7.807001882738501e-14
7,3,step,False,20,1.3118515925786611,0.13320887333490747,0.02224576496385522,1.3228936886363727,32.39522492289318,4,1.297573357104855,59,11.46656925403443,14.657830674426418,1.9260502713617567,2,0.08747650946348592,0,0.8302975821692065,0.3598342686891556,7.807001882738501e-14
7,3,step,False,21,2.4897466425669204,0.012356689695043565,0.009236325104039217,2.341584978050483,12.877475319551785,4,1.6628685030494748,28,6.000000000553544,9.730350846819103,1.213309395418206,2,0.2515101264877415,0,0.8302975821692065,0.3598342686891556,7.807001882738501e-14
7,3,step,False,22,0.5277176915553676,0.9957421265690665,0.05435448887106634,0.5002924558347583,109.47356309689263,4,1.2290279960899777,170,41.041129623795136,56.386577253878905,1.9613934425095279,2,0.1241942631203246,0,0.8302975821692065,0.3598342686891556,7.807001882738501e-14
7,3,step,False,23,2.43209115517156,0.31166000613771877,0.0149549635450817,2.3533518522777417,29.217988145921435,4,1.4840626442287876,55,6.622080713818516,7.693545499440745,1.9066730325713068,2,0.08166752834080786,0,0.8302975821692065,0.3598342686891556,7.807001882738501e-14
8,0,init,False,0,1.0378506748875693,0.1766510513940944,0.024448107648888887,0.9721611989393208,80.38713347296193,4,1.2026616870824982,131,nan,nan,1.8799674784600515,2,nan,0,nan,nan,nan
8,0,init,False,1,0.6716561569208681,0.07131387830820282,0.02904855577834807,0.6619618863794174,110.66944159046545,4,1.1833399203270567,160,nan,nan,1.9895180541254227,2,nan,0,nan,nan,nan
8,0,init,False,2,2.0226041686187917,0.23486204353234497,0.019893512575103137,1.8808756034297018,27.076090029182133,4,1.4261710912871275,57,nan,nan,1.7612486260207247,2,nan,0,nan,nan,nan
8,0,init,False,3,0.7777394701992171,0.021906144878522923,0.021949376077373794,0.7691820931964524,91.31304504135807,4,1.2207595593000429,140,nan,nan,1.9703413309776698,2,nan,0,nan,nan,nan
8,0,init,False,4,0.47784343743739227,0.4295958052021586,0.06087721085516319,0.47834832310399245,101.21065763451463,4,1.28146989511169,148,nan,nan,1.989796611737514,2,nan,0,nan,nan,nan
8,0,init,False,5,0.6531959063139913,0.10080998692720564,0.0853653531047773,0.6339376940019136,42.28914634096264,4,1.2983931169285168,76,nan,nan,1.839698390892165,2,nan,0,nan,nan,nan
8,0,init,False,6,1.1350102603683618,0.4590205253351428,0.016100113813006342,1.082658301701166,53.62026537984196,4,1.208308728279306,99,nan,nan,1.8803820365286543,2,nan,0,nan,nan,nan
8,0,init,False,7,1.0600535721639959,0.10117978018872077,0.026222234671470165,1.0094932644424892,55.050758548392636,4,1.3889876218895796,91,nan,nan,1.983604559571531,2,nan,0,nan,nan,nan
8,0,init,False,8,1.8614204865315083,0.11357582914339313,0.019338479384458866,1.7675768336790703,52.453877476051616,4,1.254462317202486,94,nan,nan,1.7612486260207247,2,nan,0,nan,nan,nan
8,0,init,False,9,3.20983498587541,0.030828047273099724,0.030828047273096123,3.1496270917622216,3.6738970218116878,4,3.0083351974084533,8,nan,nan,1.0,1,nan,0,nan,nan,nan
8,0,init,False,10,0.8302344040252218,0.19683116383351967,0.040154671298473166,0.8065812222609943,89.28078021085307,4,1.1786060088213433,135,nan,nan,1.989796611737514,2,nan,0,nan,nan,nan
8,0,init,False,11,0.2031161972728973,0.06592805922814499,0.08565974936738498,0.18520760922467622,120.36043469189067,4,1.169915737059017,171,nan,nan,1.9791875110308839,2,nan,0,nan,nan,nan
8,0,init,False,12,0.8087519726279173,0.0935683337815526,0.021044011699034398,0.7842803396987027,77.21598082614605,4,1.2865793629860431,127,nan,nan,1.9942949225238378,2,nan,0,nan,nan,nan
8,0,init,False,13,2.043123899298297,0.011690597912528923,0.02285064870431689,1.918092790215439,38.77488469774087,4,1.517674082475266,76,nan,nan,1.938532512655518,2,nan,0,nan,nan,nan
8,0,init,False,14,0.951778082041314,0.4629881993408984,0.07523932626156962,0.9389928143185184,38.09994319474929,4,1.6056901379588442,71,nan,nan,1.4700063830408168,2,nan,0,nan,nan,nan
8,0,init,False,15,0.4172505094214615,0.13039538762878972,0.09701373189230406,0.4083956472362564,74.19146716210743,4,1.2295859775099058,124,nan,nan,1.839698390892165,2,nan,0,nan,nan,nan
8,0,init,False,16,0.35411392282486276,0.5267179801025541,0.06582379793901527,0.3510827648390774,96.19237975674679,4,1.3103526701279253,153,nan,nan,1.9942949225238378,2,nan,0,nan,nan,nan
8,0,init,False,17,1.5646563512603404,0.21832424809501536,0.02848805341586147,1.4674485262046588,64.84271274356155,4,1.2130484449046435,119,nan,nan,1.9772665251274,2,nan,0,nan,nan,nan
8,0,init,False,18,1.8032365558301429,0.06955935523307291,0.020820582439888408,1.7004735986353334,41.454124403351656,4,1.4494181781835445,79,nan,nan,1.9081535675414276,2,nan,0,nan,nan,nan
8,0,init,False,19,2.8305949396715846,0.018849422168365073,0.02492801062540619,2.6738320010804277,10.812960344088546,4,2.2426472127309065,24,nan,nan,1.938532512655518,2,nan,0,nan,nan,nan
8,0,init,False,20,0.5059941463453863,0.2204801005237727,0.06377785297834854,0.5162577239441529,51.6561043131468,4,1.437951901754448,90,nan,nan,1.9850312090088384,2,nan,0,nan,nan,nan
8,0,init,False,21,1.8806394974673035,0.06819364655367391,0.06404459534238534,1.7363985317221748,10.13580479948925,4,2.330469541565189,18,nan,nan,1.1764279143543734,2,nan,0,nan,nan,nan
8,0,init,False,22,1.0642945010013232,0.10509694544603723,0.03253876041300117,1.0086617401887235,50.29420951461046,4,1.385653510564346,83,nan,nan,1.8481720603997533,2,nan,0,nan,nan,nan
8,0,init,False,23,1.6477180246523284,0.2585674674670665,0.01584083748252867,1.5057098558785458,58.943900805974884,4,1.2586679152456106,98,nan,nan,1.9772665251274,2,nan,0,nan,nan,nan
8,1,step,False,0,1.0378506748875693,0.19376571012162722,0.024448107648888887,0.9721611989393208,80.38713347296193,4,1.2026616870824982,131,21.895530188516656,31.773846515058782,1.8799674784600515,2,0.3142649445870538,0,1.6121988453621614,1.0,3.8205685983769346e-16
8,1,step,False,1,0.6716561569208681,0.053766707036026345,0.02904855577834807,0.6619618863794174,110.66944159046545,4,1.1833399203270567,160,49.55694500252269,66.71685685704648,1.9895180541254227,2,0.33628166796089615,0,1.6121988453621614,1.0,3.8205685983769346e-16
8,1,step,False,2,2.0226041686187917,0.2945755621013544,0.019893512575103137,1.8808756034297018,27.076090029182133,4,1.4261710912871275,57,6.000000000348885,9.8368651932781,1.7612486260207247,2,0.4740305970827365,0,1.6121988453621614,1.0,3.8205685983769346e-16
8,1,step,False,3,0.7777394701992171,0.02758645171905035,0.021949376077373794,0.7691820931964524,91.31304504135807,4,1.2207595593000429,140,29.742003550379085,42.17284181741827,1.9703413309776698,2,0.31522584613402044,0,1.6121988453621614,1.0,3.8205685983769346e-16
8,1,step,False,4,0.47784343743739227,0.3661432735016272,0.06087721085516319,0.47834832310399245,101.21065763451463,4,1.28146989511169,148,40.94693627248696,53.84363168088366,1.989796611737514,2,0.2979306091211331,0,1.6121988453621614,1.0,3.8205685983769346e-16
8,1,step,False,5,0.6531959063139913,0.09763588007882537,0.0853653531047773,0.6339376940019136,42.28914634096264,4,1.2983931169285168,76,11.908013492864018,16.06636886178867,1.839698390892165,2,0.4637801908869647,0,1.6121988453621614,1.0,3.8205685983769346e-16
8,1,step,False,6,1.1350102603683618,0.33010380480209756,0.016100113813006342,1.082658301701166,53.62026537984196,4,1.208308728279306,99,15.932256040150145,22.7157232365763,1.8803820365286543,2,0.18926513055341532,0,1.6121988453621614,1.0,3.8205685983769346e-16
8,1,step,False,7,1.0600535721639959,0.07623621705583322,0.026222234671470165,1.0094932644424892,55.050758548392636,4,1.3889876218895796,91,15.858418246996337,23.45324563561238,1.983604559571531,2,0.3912539201862345,0,1.6121988453621614,1.0,3.8205685983769346e-16
8,1,step,False,8,1.8614204865315083,0.14452633523246464,0.019338479384458866,1.7675768336790703,52.453877476051616,4,1.254462317202486,94,13.79309044455039,19.957087272632027,1.7612486260207247,2,0.4683802144691051,0,1.6121988453621614,1.0,3.8205685983769346e-16
8,1,step,False,9,3.20983498587541,0.024283428227180017,0.030828047273096123,3.1496270917622216,3.6738970218116878,4,3.0083351974084533,8,6.000000000171458,9.293328704746289,1.0,1,0.6386864179977882,0,1.6121988453621614,1.0,3.8205685983769346e-16
8,1,step,False,10,0.8302344040252218,0.2689928064213111,0.040154671298473166,0.8065812222609943,89.28078021085307,4,1.1786060088213433,135,38.61697558121317,50.91782272811072,1.989796611737514,2,0.29842657680741896,0,1.6121988453621614,1.0,3.8205685983769346e-16
8,1,step,False,11,0.2031161972728973,0.10647921370612569,0.08565974936738498,0.18520760922467622,120.36043469189067,4,1.169915737059017,171,50.37931935446912,69.77606203896397,1.9791875110308839,2,0.27616085611393615,0,1.6121988453621614,1.0,3.8205685983769346e-16
8,1,step,False,12,0.8087519726279173,0.10994333563649228,0.021044011699034398,0.7842803396987027,77.21598082614605,4,1.2865793629860431,127,27.021026391348087,36.56102216299682,1.9942949225238378,2,0.524940561009455,0,1.6121988453621614,1.0,3.8205685983769346e-16
8,1,step,False,13,2.043123899298297,0.026174264875959856,0.02285064870431689,1.918092790215439,38.77488469774087,4,1.517674082475266,76,10.464119750646459,14.930083598844334,1.938532512655518,2,0.5843451818485346,0,1.6121988453621614,1.0,3.8205685983769346e-16
8,1,step,False,14,0.951778082041314,0.593168031141892,0.07523932626156962,0.9389928143185184,38.09994319474929,4,1.6056901379588442,71,8.333591829611837,12.23917254789896,1.4700063830408168,2,0.10169787597226865,0,1.6121988453621614,1.0,3.8205685983769346e-16
8,1,step,False,15,0.4172505094214615,0.14925842942231915,0.09701373189230406,0.4083956472362564,74.19146716210743,4,1.2295859775099058,124,23.317026386953245,32.89669488422646,1.839698390892165,2,0.4598298709259237,0,1.6121988453621614,1.0,3.8205685983769346e-16
8,1,step,False,16,0.35411392282486276,0.5164775684109166,0.06582379793901527,0.3510827648390774,96.19237975674679,4,1.3103526701279253,153,34.02945447329896,47.093222834729005,1.9942949225238378,2,0.5249039380855341,0,1.6121988453621614,1.0,3.8205685983769346e-16
8,1,step,False,17,1.5646563512603404,0.299504993657371,0.02848805341586147,1.4674485262046588,64.84271274356155,4,1.2130484449046435,119,19.250993136177776,27.888448601148742,1.9772665251274,2,0.304477069175919,0,1.6121988453621614,1.0,3.8205685983769346e-16
8,1,step,False,18,1.8032365558301429,0.12377803635675019,0.020820582439888408,1.7004735986353334,41.454124403351656,4,1.4494181781835445,79,10.001866587350095,14.388125540199326,1.9081535675414276,2,0.27120743761862665,0,1.6121988453621614,1.0,3.8205685983769346e-16
8,1,step,False,19,2.8305949396715846,0.03102553551093457,0.02492801062540619,2.6738320010804277,10.812960344088546,4,2.2426472127309065,24,6.000000000503581,8.64036739844342,1.938532512655518,2,0.584055789899006,0,1.6121988453621614,1.0,3.8205685983769346e-16
8,1,step,False,20,0.5059941463453863,0.24956353650737487,0.06377785297834854,0.5162577239441529,51.6561043131468,4,1.437951901754448,90,15.275048253119522,20.235477680902225,1.9850312090088384,2,0.47457807480138436,0,1.6121988453621614,1.0,3.8205685983769346e-16
8,1,step,False,21,1.8806394974673035,0.10819073925809551,0.06404459534238534,1.7363985317221748,10.13580479948925,4,2.330469541565189,18,6.000000000383482,8.970348103672075,1.1764279143543734,2,0.546815528822091,0,1.6121988453621614,1.0,3.8205685983769346e-16
8,1,step,False,22,1.0642945010013232,0.38330215550929425,0.03253876041300117,1.0086617401887235,50.29420951461046,4,1.385653510564346,83,15.498274758050524,22.790112885775397,1.8481720603997533,2,0.335960148132856,0,1.6121988453621614,1.0,3.8205685983769346e-16
8,1,step,False,23,1.6477180246523284,0.18680744110172037,0.01584083748252867,1.5057098558785458,58.943900805974884,4,1.2586679152456106,98,17.498453573059592,24.57219512039844,1.9772665251274,2,0.30394594123690044,0,1.6121988453621614,1.0,3.8205685983769346e-16
8,2,step,False,0,1.0378506748875693,0.1459067986271628,0.024448107648888887,0.9721611989393208,80.38713347296193,4,1.2026616870824982,131,23.5878964423651,33.93367535297337,1.8799674784600515,2,0.30649769645005576,0,1.1399967361767063,0.614716425538063,1.7965934716545466e-15
8,2,step,False,1,0.6716561569208681,0.08925122746044167,0.02904855577834807,0.6619618863794174,110.66944159046545,4,1.1833399203270567,160,49.55380550662452,63.873871580626336,1.9895180541254227,2,0.2503157683508563,0,1.1399967361767063,0.614716425538063,1.7965934716545466e-15
8,2,step,False,2,2.0226041686187917,0.24508753274545705,0.019893512575103137,1.8808756034297018,27.076090029182133,4,1.4261710912871275,57,6.000000000040377,9.488740963083835,1.7612486260207247,2,0.2110619461593028,0,1.1399967361767063,0.614716425538063,1.7965934716545466e-15
8,2,step,False,3,0.7777394701992171,0.03042495824815584,0.021949376077373794,0.7691820931964524,91.31304504135807,4,1.2207595593000429,140,32.38320970019637,45.17677513776322,1.9703413309776698,2,0.23074759876486203,0,1.1399967361767063,0.614716425538063,1.7965934716545466e-15
8,2,step,False,4,0.47784343743739227,0.46142496630427426,0.06087721085516319,0.47834832310399245,101.21065763451463,4,1.28146989511169,148,45.12551408875124,61.08246164838075,1.989796611737514,2,0.19522273510135982,0,1.1399967361767063,0.614716425538063,1.7965934716545466e-15
8,2,step,False,5,0.6531959063139913,0.15453154116709839,0.0853653531047773,0.6339376940019136,42.28914634096264,4,1.2983931169285168,76,13.858862868145343,20.52668884746235,1.839698390892165,2,0.22203900004550428,0,1.1399967361767063,0.614716425538063,1.7965934716545466e-15
8,2,step,False,6,1.1350102603683618,0.17964888724849903,0.016100113813006342,1.082658301701166,53.62026537984196,4,1.208308728279306,99,15.909126294725771,22.331482247393357,1.8803820365286543,2,0.12816898973145632,0,1.1399967361767063,0.614716425538063,1.7965934716545466e-15
8,2,step,False,7,1.0600535721639959,0.12292684634605357,0.026222234671470165,1.0094932644424892,55.050758548392636,4,1.3889876218895796,91,17.75545039283746,26.63233857483676,1.983604559571531,2,0.191365632016443,0,1.1399967361767063,0.614716425538063,1.7965934716545466e-15
8,2,step,False,8,1.8614204865315083,0.09956305575491231,0.019338479384458866,1.7675768336790703,52.453877476051616,4,1.254462317202486,94,10.63076458718552,15.138217893673122,1.7612486260207247,2,0.20789136547932305,0,1.1399967361767063,0.614716425538063,1.7965934716545466e-15
8,2,step,False,9,3.20983498587541,0.027652546580934717,0.030828047273096123,3.1496270917622216,3.6738970218116878,4,3.0083351974084533,8,6.000000000175275,8.852368974394237,1.0,1,0.5793087559874184,0,1.1399967361767063,0.614716425538063,1.7965934716545466e-15
8,2,step,False,10,0.8302344040252218,0.20045430292000183,0.040154671298473166,0.8065812222609943,89.28078021085307,4,1.1786060088213433,135,39.826411739277106,52.82993134645003,1.989796611737514,2,0.1962641746394751,0,1.1399967361767063,0.614716425538063,1.7965934716545466e-15
8,2,step,False,11,0.2031161972728973,0.09668963636066548,0.08565974936738498,0.18520760922467622,120.36043469189067,4,1.169915737059017,171,48.969099858305704,67.32528641324532,1.9791875110308839,2,0.21612653548269276,0,1.1399967361767063,0.614716425538063,1.7965934716545466e-15
8,2,step,False,12,0.8087519726279173,0.11808952839108236,0.021044011699034398,0.7842803396987027,77.21598082614605,4,1.2865793629860431,127,26.565249322848047,36.60001007089851,1.9942949225238378,2,0.33642708425087897,0,1.1399967361767063,0.614716425538063,1.7965934716545466e-15
8,2,step,False,13,2.043123899298297,0.021832956978637894,0.02285064870431689,1.918092790215439,38.77488469774087,4,1.517674082475266,76,7.772735161401696,10.680318532655994,1.938532512655518,2,0.4658652428764454,0,1.1399967361767063,0.614716425538063,1.7965934716545466e-15
8,2,step,False,14,0.951778082041314,0.6347496764247371,0.07523932626156962,0.9389928143185184,38.09994319474929,4,1.6056901379588442,71,10.220333086107242,14.349794893334012,1.4700063830408168,2,0.1847813616652941,0,1.1399967361767063,0.614716425538063,1.7965934716545466e-15
8,2,step,False,15,0.4172505094214615,0.10355973529085491,0.09701373189230406,0.4083956472362564,74.19146716210743,4,1.2295859775099058,124,23.074870458443332,31.740517142036545,1.839698390892165,2,0.21937349800207337,0,1.1399967361767063,0.614716425538063,1.7965934716545466e-15
8,2,step,False,16,0.35411392282486276,0.5242710152114756,0.06582379793901527,0.3510827648390774,96.19237975674679,4,1.3103526701279253,153,32.12289776468723,45.15303582949179,1.9942949225238378,2,0.33619057523290446,0,1.1399967361767063,0.614716425538063,1.7965934716545466e-15
8,2,step,False,17,1.5646563512603404,0.26258373562704784,0.02848805341586147,1.4674485262046588,64.84271274356155,4,1.2130484449046435,119,17.356740749620943,25.4212697755082,1.9772665251274,2,0.2550656878575946,0,1.1399967361767063,0.614716425538063,1.7965934716545466e-15
8,2,step,False,18,1.8032365558301429,0.12283574368218182,0.020820582439888408,1.7004735986353334,41.454124403351656,4,1.4494181781835445,79,7.603831761810942,10.482936022518183,1.9081535675414276,2,0.1798424938984434,0,1.1399967361767063,0.614716425538063,1.7965934716545466e-15
8,2,step,False,19,2.8305949396715846,0.025804495559691512,0.02492801062540619,2.6738320010804277,10.812960344088546,4,2.2426472127309065,24,6.0000000001094,7.977307737329322,1.938532512655518,2,0.4659158416378538,0,1.1399967361767063,0.614716425538063,1.7965934716545466e-15
8,2,step,False,20,0.5059941463453863,0.25300293999453694,0.06377785297834854,0.5162577239441529,51.6561043131468,4,1.437951901754448,90,15.653388811989437,21.401576220909256,1.9850312090088384,2,0.2849477193043431,0,1.1399967361767063,0.614716425538063,1.7965934716545466e-15
8,2,step,False,21,1.8806394974673035,0.11324769560566983,0.06404459534238534,1.7363985317221748,10.13580479948925,4,2.330469541565189,18,6.000000000108674,7.865020958814554,1.1764279143543734,2,0.3113278471229246,0,1.1399967361767063,0.614716425538063,1.7965934716545466e-15
8,2,step,False,22,1.0642945010013232,0.4177041174566448,0.03253876041300117,1.0086617401887235,50.29420951461046,4,1.385653510564346,83,16.61744047764437,24.086645670969155,1.8481720603997533,2,0.28551073559090856,0,1.1399967361767063,0.614716425538063,1.7965934716545466e-15
8,2,step,False,23,1.6477180246523284,0.2125892882591147,0.01584083748252867,1.5057098558785458,58.943900805974884,4,1.2586679152456106,98,15.282558184309869,21.337251520682766,1.9772665251274,2,0.25585218411675653,0,1.1399967361767063,0.614716425538063,1.7965934716545466e-15
8,3,step,False,0,1.0378506748875693,0.15414999900268928,0.024448107648888887,0.9721611989393208,80.38713347296193,4,1.2026616870824982,131,24.305097972613375,33.98004743970233,1.8799674784600515,2,0.19928214908225522,0,0.8060994226810805,0.3655601739883423,7.54128662022002e-15
8,3,step,False,1,0.6716561569208681,0.062298915669021064,0.02904855577834807,0.6619618863794174,110.66944159046545,4,1.1833399203270567,160,48.0633530950805,61.6406440585562,1.9895180541254227,2,0.1345401542573135,0,0.8060994226810805,0.3655601739883423,7.54128662022002e-15
8,3,step,False,2,2.0226041686187917,0.03485201695161243,0.019893512575103137,1.8808756034297018,27.076090029182133,4,1.4261710912871275,57,6.000000000068129,8.371712110432037,1.7612486260207247,2,0.09157779377037618,0,0.8060994226810805,0.3655601739883423,7.54128662022002e-15
8,3,step,False,3,0.7777394701992171,0.01934889564820086,0.021949376077373794,0.7691820931964524,91.31304504135807,4,1.2207595593000429,140,34.407325795161405,46.40524208110099,1.9703413309776698,2,0.11979870545159266,0,0.8060994226810805,0.3655601739883423,7.54128662022002e-15
8,3,step,False,4,0.47784343743739227,0.43499097753070587,0.06087721085516319,0.47834832310399245,101.21065763451463,4,1.28146989511169,148,46.051930663323574,63.14789797822505,1.989796611737514,2,0.18067902175207073,0,0.8060994226810805,0.3655601739883423,7.54128662022002e-15
8,3,step,False,5,0.6531959063139913,0.1842627837492064,0.0853653531047773,0.6339376940019136,42.28914634096264,4,1.2983931169285168,76,18.118386126162996,26.596574764888913,1.839698390892165,2,0.1338758185520608,0,0.8060994226810805,0.3655601739883423,7.54128662022002e-15
8,3,step,False,6,1.1350102603683618,0.05765039593680176,0.016100113813006342,1.082658301701166,53.62026537984196,4,1.208308728279306,99,16.476428332342866,22.574593868676246,1.8803820365286543,2,0.13763681947974593,0,0.8060994226810805,0.3655601739883423,7.54128662022002e-15
8,3,step,False,7,1.0600535721639959,0.15490914179934462,0.026222234671470165,1.0094932644424892,55.050758548392636,4,1.3889876218895796,91,18.559857549951964,25.74428526982358,1.983604559571531,2,0.17245798735200663,0,0.8060994226810805,0.3655601739883423,7.54128662022002e-15
8,3,step,False,8,1.8614204865315083,0.1667252922457293,0.019338479384458866,1.7675768336790703,52.453877476051616,4,1.254462317202486,94,9.016852327232643,11.870658649795091,1.7612486260207247,2,0.10823206829054491,0,0.8060994226810805,0.3655601739883423,7.54128662022002e-15
8,3,step,False,9,3.20983498587541,0.04387161529979138,0.030828047273096123,3.1496270917622216,3.6738970218116878,4,3.0083351974084533,8,6.000000000333545,9.12148601207406,1.0,1,0.5023343295345379,0,0.8060994226810805,0.3655601739883423,7.54128662022002e-15
8,3,step,False,10,0.8302344040252218,0.2677667492446947,0.040154671298473166,0.8065812222609943,89.28078021085307,4,1.1786060088213433,135,37.824820132019696,49.44620932902687,1.989796611737514,2,0.18243919396789862,0,0.8060994226810805,0.3655601739883423,7.54128662022002e-15
8,3,step,False,11,0.2031161972728973,0.11901696692386017,0.08565974936738498,0.18520760922467622,120.36043469189067,4,1.169915737059017,171,48.53920246645113,64.94254702436909,1.9791875110308839,2,0.13821214330039125,0,0.8060994226810805,0.3655601739883423,7.54128662022002e-15
8,3,step,False,12,0.8087519726279173,0.12589358712555718,0.021044011699034398,0.7842803396987027,77.21598082614605,4,1.2865793629860431,127,27.347301939947425,34.96424456522684,1.9942949225238378,2,0.12521243112385988,0,0.8060994226810805,0.3655601739883423,7.54128662022002e-15
8,3,step,False,13,2.043123899298297,0.017797776954721907,0.02285064870431689,1.918092790215439,38.77488469774087,4,1.517674082475266,76,6.000000000318736,7.623518332464513,1.938532512655518,2,0.33106603600940715,0,0.8060994226810805,0.3655601739883423,7.54128662022002e-15
8,3,step,False,14,0.951778082041314,0.08544922736439362,0.07523932626156962,0.9389928143185184,38.09994319474929,4,1.6056901379588442,71,12.480150516945056,19.863867658696265,1.4700063830408168,2,0.12307747913052207,0,0.8060994226810805,0.3655601739883423,7.54128662022002e-15
8,3,step,False,15,0.4172505094214615,0.07679378157677214,0.09701373189230406,0.4083956472362564,74.19146716210743,4,1.2295859775099058,124,23.058330843742787,33.09088652843337,1.839698390892165,2,0.13568666493038442,0,0.8060994226810805,0.3655601739883423,7.54128662022002e-15
8,3,step,False,16,0.35411392282486276,0.4953986494419861,0.06582379793901527,0.3510827648390774,96.19237975674679,4,1.3103526701279253,153,33.76097051118634,49.612185502664275,1.9942949225238378,2,0.12568248947298719,0,0.8060994226810805,0.3655601739883423,7.54128662022002e-15
8,3,step,False,17,1.5646563512603404,0.39190894980190266,0.02848805341586147,1.4674485262046588,64.84271274356155,4,1.2130484449046435,119,13.736758347082686,17.582110498266452,1.9772665251274,2,0.1533003037594449,0,0.8060994226810805,0.3655601739883423,7.54128662022002e-15
8,3,step,False,18,1.8032365558301429,0.04437189295591918,0.020820582439888408,1.7004735986353334,41.454124403351656,4,1.4494181781835445,79,7.4471255926601465,10.253815769230386,1.9081535675414276,2,0.1417275999013383,0,0.8060994226810805,0.3655601739883423,7.54128662022002e-15
8,3,step,False,19,2.8305949396715846,0.021051794462749622,0.02492801062540619,2.6738320010804277,10.812960344088546,4,2.2426472127309065,24,6.000000000012347,7.874755267814502,1.938532512655518,2,0.330982021992479,0,0.8060994226810805,0.3655601739883423,7.54128662022002e-15
8,3,step,False,20,0.5059941463453863,0.16676373772205744,0.06377785297834854,0.5162577239441529,51.6561043131468,4,1.437951901754448,90,15.945162564397066,22.260984072424655,1.9850312090088384,2,0.13784927598695546,0,0.8060994226810805,0.3655601739883423,7.54128662022002e-15
8,3,step,False,21,1.8806394974673035,0.15089460945857194,0.06404459534238534,1.7363985317221748,10.13580479948925,4,2.330469541565189,18,6.000000000098618,7.704875274708982,1.1764279143543734,2,0.38201836008852635,0,0.8060994226810805,0.3655601739883423,7.54128662022002e-15
8,3,step,False,22,1.0642945010013232,0.2042554787636767,0.03253876041300117,1.0086617401887235,50.29420951461046,4,1.385653510564346,83,15.209897510740102,21.944227392474186,1.8481720603997533,2,0.16818615020627922,0,0.8060994226810805,0.3655601739883423,7.54128662022002e-15
8,3,step,False,23,1.6477180246523284,0.13476291858008782,0.01584083748252867,1.5057098558785458,58.943900805974884,4,1.2586679152456106,98,13.349130007561818,18.804879396360644,1.9772665251274,2,0.15102307685608962,0,0.8060994226810805,0.3655601739883423,7.54128662022002e-15
9,0,init,False,0,1.9319150175304767,0.06990778562159858,0.026004264984219042,1.8226334558561954,50.83765592911183,4,1.5080824678619769,94,nan,nan,1.8544286940791677,2,nan,0,nan,nan,nan
9,0,init,False,1,2.297613715968394,0.21246200083609637,0.05434647647835191,2.107996530827345,9.036244677316205,4,1.4151987580563266,17,nan,nan,1.8638105777973535,2,nan,0,nan,nan,nan
9,0,init,False,2,0.3806438597462406,0.016976918720266805,0.058872852916299054,0.36136792458177536,45.72076231280717,4,1.6999048964630479,77,nan,nan,1.8953856621142027,2,nan,0,nan,nan,nan
9,0,init,False,3,2.589576667811834,0.07984781225491555,0.01355487820401633,2.405677798377134,21.878998199936778,4,1.4101589686111116,41,nan,nan,1.7750464262833006,2,nan,0,nan,nan,nan
9,0,init,False,4,0.4350174884567207,0.8828713637312161,0.2758507578043854,0.44516283524055694,46.06352586455857,4,1.326473862479658,82,nan,nan,1.885392675636874,2,nan,0,nan,nan,nan
9,0,init,False,5,1.1156952399600832,0.11397811021403462,0.062470061340291344,1.075700495673267,43.374717724875914,4,1.3542569949811656,78,nan,nan,1.8953861895141322,2,nan,0,nan,nan,nan
9,0,init,False,6,1.3582674648938677,0.019034872120987173,0.0204412408543938,1.2568368325387222,79.7391800660551,4,1.1534659600038029,129,nan,nan,1.992569385593013,2,nan,0,nan,nan,nan
9,0,init,False,7,1.0005504679814938,0.30803237585837184,0.04468075124932747,0.9561346308855808,84.84485484469167,4,1.2284512066025288,138,nan,nan,1.9747230745750688,2,nan,0,nan,nan,nan
9,0,init,False,8,1.9666485141928456,0.4300328090493224,0.05018351450208544,1.8983052475273623,21.853085367342054,4,1.6307073254371576,46,nan,nan,1.5053745214291565,2,nan,0,nan,nan,nan
9,0,init,False,9,0.6243284807757906,0.08473283115977544,0.06431373079930382,0.5877839466040395,97.61428840538967,4,1.249645505709279,154,nan,nan,1.9678718367231038,2,nan,0,nan,nan,nan
9,0,init,False,10,1.7743448667122528,0.10283439718202868,0.01564195578046964,1.6937724672608603,40.70322499449219,4,1.4769839727858245,83,nan,nan,1.7975116114375471,2,nan,0,nan,nan,nan
9,0,init,False,11,1.0972591878173263,0.16173314951408493,0.034206819758067254,1.0275349494712642,65.40928099831156,4,1.2263952143406478,108,nan,nan,1.7750464262833006,2,nan,0,nan,nan,nan
9,0,init,False,12,2.5440052353798466,0.14479978538380323,0.02629522833086255,2.3395624304573666,3.7329969318222256,4,8.4013883568947,6,nan,nan,1.1612495848795443,2,nan,0,nan,nan,nan
9,0,init,False,13,1.065335976205895,0.06880216180322402,0.019806198293060694,0.9941769222172744,99.54309701714674,4,1.2654416926309866,157,nan,nan,1.9742045168984368,2,nan,0,nan,nan,nan
9,0,init,False,14,0.6147355922993071,0.15727485057478616,0.024203500987954533,0.5974048871276363,101.88338781080608,4,1.2131011237126672,155,nan,nan,1.9498783912142836,2,nan,0,nan,nan,nan
9,0,init,False,15,1.1390096535776728,0.03842868888161381,0.023628694641231855,1.0529258038623999,103.97304012625618,4,1.084218045433002,155,nan,nan,1.992569385593013,2,nan,0,nan,nan,nan
9,0,init,False,16,1.2557821063963082,0.33179984017667574,0.03701195006454619,1.2132876026625516,96.59675285176966,4,1.2449504557197069,153,nan,nan,1.8862074807069322,2,nan,0,nan,nan,nan
9,0,init,False,17,2.4046687697579534,0.26880307934597863,0.017935252194883268,2.285630495434766,33.0812012220659,4,1.6683970443998164,66,nan,nan,1.827581012951116,2,nan,0,nan,nan,nan
9,0,init,False,18,1.5047639121030847,0.00959987453465172,0.009730009199002581,1.4023878342049871,54.67622169110198,4,1.5949543931485424,93,nan,nan,1.8953856621142027,2,nan,0,nan,nan,nan
9,0,init,False,19,1.497484781295103,0.019804211660789654,0.03719405108796715,1.3675018152194993,52.59368491985117,4,1.1888821417890714,97,nan,nan,1.9373289947302914,2,nan,0,nan,nan,nan
9,0,init,False,20,0.3913953812157383,0.13945585981807387,0.05634436424635921,0.36466406574564886,90.62980286426586,4,1.2649703156125822,146,nan,nan,1.9333747594044568,2,nan,0,nan,nan,nan
9,0,init,False,21,1.664103941613645,0.07206678663564811,0.07947103937640237,1.5659458769546988,12.120125259295206,4,1.3443735004067154,22,nan,nan,1.5194199312848793,2,nan,0,nan,nan,nan
9,0,init,False,22,1.408979648993165,0.034519616463393264,0.050127629498726546,1.3069270522584986,53.60540342249233,4,1.421516828106679,102,nan,nan,1.9742045168984368,2,nan,0,nan,nan,nan
9,0,init,False,23,0.36411673436852154,0.9941834892795044,0.05526515598002096,0.3386190163775735,130.4884664982385,4,1.154610501318598,187,nan,nan,1.9678718367231038,2,nan,0,nan,nan,nan
9,1,step,False,0,1.9319150175304767,0.3705297636461262,0.026004264984219042,1.8226334558561954,50.83765592911183,4,1.5080824678619769,94,11.90028241878269,19.885481576677257,1.8544286940791677,2,0.35024802617126827,0,1.7084164625838822,1.0,5.459177490329606e-15
9,1,step,False,1,2.297613715968394,0.2669796913700398,0.05434647647835191,2.107996530827345,9.036244677316205,4,1.4151987580563266,17,6.000000000151591,8.759408166587608,1.8638105777973535,2,0.44881063476070804,0,1.7084164625838822,1.0,5.459177490329606e-15
9,1,step,False,2,0.3806438597462406,0.013758033697393167,0.058872852916299054,0.36136792458177536,45.72076231280717,4,1.6999048964630479,77,12.321658107402728,17.692483542791134,1.8953856621142027,2,0.4860228539278412,0,1.7084164625838822,1.0,5.459177490329606e-15
9,1,step,False,3,2.589576667811834,0.09821158976318455,0.01355487820401633,2.405677798377134,21.878998199936778,4,1.4101589686111116,41,6.000000000566928,8.584310529259763,1.7750464262833006,2,0.42546421481434826,0,1.7084164625838822,1.0,5.459177490329606e-15
9,1,step,False,4,0.4350174884567207,0.9022968280636757,0.2758507578043854,0.44516283524055694,46.06352586455857,4,1.326473862479658,82,14.101343720952563,20.404649320083315,1.885392675636874,2,0.3352688190943292,0,1.7084164625838822,1.0,5.459177490329606e-15
9,1,step,False,5,1.1156952399600832,0.0958917495124907,0.062470061340291344,1.075700495673267,43.374717724875914,4,1.3542569949811656,78,12.966592956796749,18.891762767913193,1.8953861895141322,2,0.32421656766941487,0,1.7084164625838822,1.0,5.459177490329606e-15
9,1,step,False,6,1.3582674648938677,0.021639998103070608,0.0204412408543938,1.2568368325387222,79.7391800660551,4,1.1534659600038029,129,28.747105336916775,39.920758057570026,1.992569385593013,2,0.3621754637795645,0,1.7084164625838822,1.0,5.459177490329606e-15
9,1,step,False,7,1.0005504679814938,0.4135717787524518,0.04468075124932747,0.9561346308855808,84.84485484469167,4,1.2284512066025288,138,27.787493253656557,38.74140640264389,1.9747230745750688,2,0.4457201258258562,0,1.7084164625838822,1.0,5.459177490329606e-15
9,1,step,False,8,1.9666485141928456,0.7417367398779837,0.05018351450208544,1.8983052475273623,21.853085367342054,4,1.6307073254371576,46,6.000000000498111,9.104622283626487,1.5053745214291565,2,0.3087000018087589,0,1.7084164625838822,1.0,5.459177490329606e-15
9,1,step,False,9,0.6243284807757906,0.2416261211504721,0.06431373079930382,0.5877839466040395,97.61428840538967,4,1.249645505709279,154,36.471645697460836,54.05235222147349,1.9678718367231038,2,0.3849789289115064,0,1.7084164625838822,1.0,5.459177490329606e-15
9,1,step,False,10,1.7743448667122528,0.39822005491317514,0.01564195578046964,1.6937724672608603,40.70322499449219,4,1.4769839727858245,83,7.801507214063661,10.397751771224254,1.7975116114375471,2,0.36471216721386085,0,1.7084164625838822,1.0,5.459177490329606e-15
9,1,step,False,11,1.0972591878173263,0.1451424083422057,0.034206819758067254,1.0275349494712642,65.40928099831156,4,1.2263952143406478,108,17.425073309112193,24.404618069607093,1.7750464262833006,2,0.42280033662428584,0,1.7084164625838822,1.0,5.459177490329606e-15
9,1,step,False,12,2.5440052353798466,0.13607829632972224,0.02629522833086255,2.3395624304573666,3.7329969318222256,4,8.4013883568947,6,6.0000000003222205,8.534894432161284,1.1612495848795443,2,0.5200585483548692,0,1.7084164625838822,1.0,5.459177490329606e-15
9,1,step,False,13,1.065335976205895,0.026856088113309647,0.019806198293060694,0.9941769222172744,99.54309701714674,4,1.2654416926309866,157,35.8242000193221,51.30125971846591,1.9742045168984368,2,0.3355480966041887,0,1.7084164625838822,1.0,5.459177490329606e-15
9,1,step,False,14,0.6147355922993071,0.1560211512071676,0.024203500987954533,0.5974048871276363,101.88338781080608,4,1.2131011237126672,155,42.54616209528608,56.32190117238338,1.9498783912142836,2,0.44140741938600486,0,1.7084164625838822,1.0,5.459177490329606e-15
9,1,step,False,15,1.1390096535776728,0.030473717743530856,0.023628694641231855,1.0529258038623999,103.97304012625618,4,1.084218045433002,155,43.82642858407712,60.958712330623,1.992569385593013,2,0.36215416555814667,0,1.7084164625838822,1.0,5.459177490329606e-15
9,1,step,False,16,1.2557821063963082,0.508998643277273,0.03701195006454619,1.2132876026625516,96.59675285176966,4,1.2449504557197069,153,29.19509157337148,41.8359724571946,1.8862074807069322,2,0.3449886248323572,0,1.7084164625838822,1.0,5.459177490329606e-15
9,1,step,False,17,2.4046687697579534,0.43245980181407717,0.017935252194883268,2.285630495434766,33.0812012220659,4,1.6683970443998164,66,6.015185002316217,10.612403607488014,1.827581012951116,2,0.3298330481325957,0,1.7084164625838822,1.0,5.459177490329606e-15
9,1,step,False,18,1.5047639121030847,0.01184833647919974,0.009730009199002581,1.4023878342049871,54.67622169110198,4,1.5949543931485424,93,17.8559324071023,26.138922190522386,1.8953856621142027,2,0.48593687109934686,0,1.7084164625838822,1.0,5.459177490329606e-15
9,1,step,False,19,1.497484781295103,0.042288112502762876,0.03719405108796715,1.3675018152194993,52.59368491985117,4,1.1888821417890714,97,12.798893428967256,19.697874575842242,1.9373289947302914,2,0.385436582093717,0,1.7084164625838822,1.0,5.459177490329606e-15
9,1,step,False,20,0.3913953812157383,0.1342272090152607,0.05634436424635921,0.36466406574564886,90.62980286426586,4,1.2649703156125822,146,32.1420444826835,46.74980486743438,1.9333747594044568,2,0.36820616324363487,0,1.7084164625838822,1.0,5.459177490329606e-15
9,1,step,False,21,1.664103941613645,0.16911277835153374,0.07947103937640237,1.5659458769546988,12.120125259295206,4,1.3443735004067154,22,6.000000000377103,8.308842931827598,1.5194199312848793,2,0.26127577393932144,0,1.7084164625838822,1.0,5.459177490329606e-15
9,1,step,False,22,1.408979648993165,0.07627427031508517,0.050127629498726546,1.3069270522584986,53.60540342249233,4,1.421516828106679,102,11.895609067305841,17.214234912493975,1.9742045168984368,2,0.33571922748577643,0,1.7084164625838822,1.0,5.459177490329606e-15
9,1,step,False,23,0.36411673436852154,0.9828790042138545,0.05526515598002096,0.3386190163775735,130.4884664982385,4,1.154610501318598,187,60.77400767995109,82.77528192639559,1.9678718367231038,2,0.38551130975998965,0,1.7084164625838822,1.0,5.459177490329606e-15
9,2,step,False,0,1.9319150175304767,0.159994382958516,0.026004264984219042,1.8226334558561954,50.83765592911183,4,1.5080824678619769,94,6.475043114443096,10.700857412503794,1.8544286940791677,2,0.2506663009000673,0,1.2080328657837966,0.6096130162477493,5.097918504522629e-15
9,2,step,False,1,2.297613715968394,0.15600314324019002,0.05434647647835191,2.107996530827345,9.036244677316205,4,1.4151987580563266,17,6.000000000573735,9.615093542378451,1.8638105777973535,2,0.2661758005568699,0,1.2080328657837966,0.6096130162477493,5.097918504522629e-15
9,2,step,False,2,0.3806438597462406,0.01305239452118248,0.058872852916299054,0.36136792458177536,45.72076231280717,4,1.6999048964630479,77,15.158460697156366,22.749939398199984,1.8953856621142027,2,0.2647544768043777,0,1.2080328657837966,0.6096130162477493,5.097918504522629e-15
9,2,step,False,3,2.589576667811834,0.13713018581118924,0.01355487820401633,2.405677798377134,21.878998199936778,4,1.4101589686111116,41,6.000000000271115,7.8262614420534655,1.7750464262833006,2,0.22964821643667682,0,1.2080328657837966,0.6096130162477493,5.097918504522629e-15
9,2,step,False,4,0.4350174884567207,0.883324140084034,0.2758507578043854,0.44516283524055694,46.06352586455857,4,1.326473862479658,82,16.657656692820616,24.069353485702266,1.885392675636874,2,0.26885603794795127,0,1.2080328657837966,0.6096130162477493,5.097918504522629e-15
9,2,step,False,5,1.1156952399600832,0.024365273558794618,0.062470061340291344,1.075700495673267,43.374717724875914,4,1.3542569949811656,78,13.723158344567072,19.515981486170347,1.8953861895141322,2,0.16738729453128834,0,1.2080328657837966,0.6096130162477493,5.097918504522629e-15
9,2,step,False,6,1.3582674648938677,0.01751685683330832,0.0204412408543938,1.2568368325387222,79.7391800660551,4,1.1534659600038029,129,27.36153569578045,37.91276320398837,1.992569385593013,2,0.2286742184025119,0,1.2080328657837966,0.6096130162477493,5.097918504522629e-15
9,2,step,False,7,1.0005504679814938,0.24243425665291338,0.04468075124932747,0.9561346308855808,84.84485484469167,4,1.2284512066025288,138,29.67952410976852,41.44452003314903,1.9747230745750688,2,0.2692120169858194,0,1.2080328657837966,0.6096130162477493,5.097918504522629e-15
9,2,step,False,8,1.9666485141928456,0.5857189915049005,0.05018351450208544,1.8983052475273623,21.853085367342054,4,1.6307073254371576,46,6.000000000577906,8.572348355913029,1.5053745214291565,2,0.1664068928968058,0,1.2080328657837966,0.6096130162477493,5.097918504522629e-15
9,2,step,False,9,0.6243284807757906,0.33297776804497503,0.06431373079930382,0.5877839466040395,97.61428840538967,4,1.249645505709279,154,35.61520690097386,51.13585879416864,1.9678718367231038,2,0.2726535064835534,0,1.2080328657837966,0.6096130162477493,5.097918504522629e-15
9,2,step,False,10,1.7743448667122528,0.03433576986762113,0.01564195578046964,1.6937724672608603,40.70322499449219,4,1.4769839727858245,83,7.916539003552567,11.522229439379709,1.7975116114375471,2,0.16345200284376088,0,1.2080328657837966,0.6096130162477493,5.097918504522629e-15
9,2,step,False,11,1.0972591878173263,0.12699791100139288,0.034206819758067254,1.0275349494712642,65.40928099831156,4,1.2263952143406478,108,18.868011303884913,26.13491338696432,1.7750464262833006,2,0.23417121592631748,0,1.2080328657837966,0.6096130162477493,5.097918504522629e-15
9,2,step,False,12,2.5440052353798466,0.07881036692765239,0.02629522833086255,2.3395624304573666,3.7329969318222256,4,8.4013883568947,6,6.000000000084487,7.823809165085176,1.1612495848795443,2,0.2764408947869845,0,1.2080328657837966,0.6096130162477493,5.097918504522629e-15
9,2,step,False,13,1.065335976205895,0.04667460559408171,0.019806198293060694,0.9941769222172744,99.54309701714674,4,1.2654416926309866,157,32.800293179261445,44.12590976393008,1.9742045168984368,2,0.21236976293622345,0,1.2080328657837966,0.6096130162477493,5.097918504522629e-15
9,2,step,False,14,0.6147355922993071,0.13012436071762196,0.024203500987954533,0.5974048871276363,101.88338781080608,4,1.2131011237126672,155,44.685128653367585,58.72155702392241,1.9498783912142836,2,0.28496740306768137,0,1.2080328657837966,0.6096130162477493,5.097918504522629e-15
9,2,step,False,15,1.1390096535776728,0.0335282024397125,0.023628694641231855,1.0529258038623999,103.97304012625618,4,1.084218045433002,155,40.78350956608151,53.83613277971929,1.992569385593013,2,0.22868508609975927,0,1.2080328657837966,0.6096130162477493,5.097918504522629e-15
9,2,step,False,16,1.2557821063963082,0.1673767631149699,0.03701195006454619,1.2132876026625516,96.59675285176966,4,1.2449504557197069,153,29.946328245880842,42.30100731230629,1.8862074807069322,2,0.21109757124275047,0,1.2080328657837966,0.6096130162477493,5.097918504522629e-15
9,2,step,False,17,2.4046687697579534,0.29765188336633613,0.017935252194883268,2.285630495434766,33.0812012220659,4,1.6683970443998164,66,6.000000000342311,10.157382114665989,1.827581012951116,2,0.2808977165759441,0,1.2080328657837966,0.6096130162477493,5.097918504522629e-15
9,2,step,False,18,1.5047639121030847,0.01166634935685556,0.009730009199002581,1.4023878342049871,54.67622169110198,4,1.5949543931485424,93,16.47256117605597,23.542555045033907,1.8953856621142027,2,0.2648122213591982,0,1.2080328657837966,0.6096130162477493,5.097918504522629e-15
9,2,step,False,19,1.497484781295103,0.0431450387875969,0.03719405108796715,1.3675018152194993,52.59368491985117,4,1.1888821417890714,97,12.361759008076682,19.618076074146842,1.9373289947302914,2,0.3085032589082247,0,1.2080328657837966,0.6096130162477493,5.097918504522629e-15
9,2,step,False,20,0.3913953812157383,0.13145578868204205,0.05634436424635921,0.36466406574564886,90.62980286426586,4,1.2649703156125822,146,37.429233108354765,53.76348126220147,1.9333747594044568,2,0.2623569576092571,0,1.2080328657837966,0.6096130162477493,5.097918504522629e-15
9,2,step,False,21,1.664103941613645,0.17641740001078773,0.07947103937640237,1.5659458769546988,12.120125259295206,4,1.3443735004067154,22,6.000000000137326,8.227713045247775,1.5194199312848793,2,0.2537097854587693,0,1.2080328657837966,0.6096130162477493,5.097918504522629e-15
9,2,step,False,22,1.408979648993165,0.07854696918254264,0.050127629498726546,1.3069270522584986,53.60540342249233,4,1.421516828106679,102,12.493599582036742,18.731071462290863,1.9742045168984368,2,0.2123934978462051,0,1.2080328657837966,0.6096130162477493,5.097918504522629e-15
9,2,step,False,23,0.36411673436852154,0.9646163260527422,0.05526515598002096,0.3386190163775735,130.4884664982385,4,1.154610501318598,187,63.161882617169105,85.0036511634405,1.9678718367231038,2,0.2731262537087767,0,1.2080328657837966,0.6096130162477493,5.097918504522629e-15
9,3,step,False,0,1.9319150175304767,0.2566918752054226,0.026004264984219042,1.8226334558561954,50.83765592911183,4,1.5080824678619769,94,6.4723298895382495,10.370503292280068,1.8544286940791677,2,0.30204228103613606,0,0.854208231291941,0.36233188211917877,4.1404027186147994e-14
9,3,step,False,1,2.297613715968394,0.03384695729551746,0.05434647647835191,2.107996530827345,9.036244677316205,4,1.4151987580563266,17,6.000000000354792,10.58761397933,1.8638105777973535,2,0.23235499206895335,0,0.854208231291941,0.36233188211917877,4.1404027186147994e-14
9,3,step,False,2,0.3806438597462406,0.025407026884448063,0.058872852916299054,0.36136792458177536,45.72076231280717,4,1.6999048964630479,77,18.20935377261707,26.4560312731727,1.8953856621142027,2,0.17942218331772397,0,0.854208231291941,0.36233188211917877,4.1404027186147994e-14
9,3,step,False,3,2.589576667811834,0.06191309478268449,0.01355487820401633,2.405677798377134,21.878998199936778,4,1.4101589686111116,41,6.000000000263192,7.939159448118225,1.7750464262833006,2,0.13734596977777838,0,0.854208231291941,0.36233188211917877,4.1404027186147994e-14
9,3,step,False,4,0.4350174884567207,0.8334520792335675,0.2758507578043854,0.44516283524055694,46.06352586455857,4,1.326473862479658,82,20.33221325596143,29.608085185404594,1.885392675636874,2,0.14417094453368243,0,0.854208231291941,0.36233188211917877,4.1404027186147994e-14
9,3,step,False,5,1.1156952399600832,0.20922264461189374,0.062470061340291344,1.075700495673267,43.374717724875914,4,1.3542569949811656,78,15.396952914161952,21.311352543063617,1.8953861895141322,2,0.07499001936758168,0,0.854208231291941,0.36233188211917877,4.1404027186147994e-14
9,3,step,False,6,1.3582674648938677,0.02137013728501467,0.0204412408543938,1.2568368325387222,79.7391800660551,4,1.1534659600038029,129,24.469508542994863,32.1085010729008,1.992569385593013,2,0.1765737610844544,0,0.854208231291941,0.36233188211917877,4.1404027186147994e-14
9,3,step,False,7,1.0005504679814938,0.11914903535330891,0.04468075124932747,0.9561346308855808,84.84485484469167,4,1.2284512066025288,138,31.81395705652087,43.12671789386757,1.9747230745750688,2,0.17885110766625748,0,0.854208231291941,0.36233188211917877,4.1404027186147994e-14
9,3,step,False,8,1.9666485141928456,0.23487518154496168,0.05018351450208544,1.8983052475273623,21.853085367342054,4,1.6307073254371576,46,7.81446767286748,11.406481760151994,1.5053745214291565,2,0.09666846085151087,0,0.854208231291941,0.36233188211917877,4.1404027186147994e-14
9,3,step,False,9,0.6243284807757906,0.7644358431079638,0.06431373079930382,0.5877839466040395,97.61428840538967,4,1.249645505709279,154,40.24207367200816,56.05986012033989,1.9678718367231038,2,0.15304771642034323,0,0.854208231291941,0.36233188211917877,4.1404027186147994e-14
9,3,step,False,10,1.7743448667122528,0.4873191987678887,0.01564195578046964,1.6937724672608603,40.70322499449219,4,1.4769839727858245,83,6.525677706385184,9.332547777384955,1.7975116114375471,2,0.2873177694858351,0,0.854208231291941,0.36233188211917877,4.1404027186147994e-14
9,3,step,False,11,1.0972591878173263,0.19262601375662053,0.034206819758067254,1.0275349494712642,65.40928099831156,4,1.2263952143406478,108,20.853187309032194,28.49288709647406,1.7750464262833006,2,0.1481598380338927,0,0.854208231291941,0.36233188211917877,4.1404027186147994e-14
9,3,step,False,12,2.5440052353798466,0.08099260092131824,0.02629522833086255,2.3395624304573666,3.7329969318222256,4,8.4013883568947,6,6.000000000051931,8.182364261868534,1.1612495848795443,2,0.18934031540410434,0,0.854208231291941,0.36233188211917877,4.1404027186147994e-14
9,3,step,False,13,1.065335976205895,0.06821867651491707,0.019806198293060694,0.9941769222172744,99.54309701714674,4,1.2654416926309866,157,32.33478876180227,42.674643708792374,1.9742045168984368,2,0.14301457361431213,0,0.854208231291941,0.36233188211917877,4.1404027186147994e-14
9,3,step,False,14,0.6147355922993071,0.07717854244413788,0.024203500987954533,0.5974048871276363,101.88338781080608,4,1.2131011237126672,155,42.234886532590316,53.15536575202722,1.9498783912142836,2,0.11701016731557967,0,0.854208231291941,0.36233188211917877,4.1404027186147994e-14
9,3,step,False,15,1.1390096535776728,0.037754037524814626,0.023628694641231855,1.0529258038623999,103.97304012625618,4,1.084218045433002,155,36.20803314085741,45.85994752529149,1.992569385593013,2,0.1765658277580628,0,0.854208231291941,0.36233188211917877,4.1404027186147994e-14
9,3,step,False,16,1.2557821063963082,0.10610421499737847,0.03701195006454619,1.2132876026625516,96.59675285176966,4,1.2449504557197069,153,25.07823983018423,35.381886226268584,1.8862074807069322,2,0.1265259776005857,0,0.854208231291941,0.36233188211917877,4.1404027186147994e-14
9,3,step,False,17,2.4046687697579534,0.6354486015903161,0.017935252194883268,2.285630495434766,33.0812012220659,4,1.6683970443998164,66,6.000000000390196,8.693468875302086,1.827581012951116,2,0.22792404138397862,0,0.854208231291941,0.36233188211917877,4.1404027186147994e-14
9,3,step,False,18,1.5047639121030847,0.003353289644492343,0.009730009199002581,1.4023878342049871,54.67622169110198,4,1.5949543931485424,93,15.075441062303346,20.353577392678304,1.8953856621142027,2,0.17965298540214789,0,0.854208231291941,0.36233188211917877,4.1404027186147994e-14
9,3,step,False,19,1.497484781295103,0.10532840100114732,0.03719405108796715,1.3675018152194993,52.59368491985117,4,1.1888821417890714,97,10.97782145801575,15.725727428384925,1.9373289947302914,2,0.16509405000104466,0,0.854208231291941,0.36233188211917877,4.1404027186147994e-14
9,3,step,False,20,0.3913953812157383,0.10199343207678796,0.05634436424635921,0.36466406574564886,90.62980286426586,4,1.2649703156125822,146,41.05410795713373,56.455870683834,1.9333747594044568,2,0.1332709138716638,0,0.854208231291941,0.36233188211917877,4.1404027186147994e-14
9,3,step,False,21,1.664103941613645,0.19250505192999653,0.07947103937640237,1.5659458769546988,12.120125259295206,4,1.3443735004067154,22,6.000000000344485,8.065887801721257,1.5194199312848793,2,0.21970472560476384,0,0.854208231291941,0.36233188211917877,4.1404027186147994e-14
9,3,step,False,22,1.408979648993165,0.041308250510934126,0.050127629498726546,1.3069270522584986,53.60540342249233,4,1.421516828106679,102,11.810953064678818,17.333868222832933,1.9742045168984368,2,0.1437660456039452,0,0.854208231291941,0.36233188211917877,4.1404027186147994e-14
9,3,step,False,23,0.36411673436852154,0.5984345490325454,0.05526515598002096,0.3386190163775735,130.4884664982385,4,1.154610501318598,187,59.75216347407657,81.01996245098546,1.9678718367231038,2,0.15510888752872634,0,0.854208231291941,0.36233188211917877,4.1404027186147994e-14
