seed,phase_index,phase,failed,center,radius,sine,pilot_sine,gradient_norm,linear_mass,linear_rank,linear_condition,linear_support,function_mass,n_eff,manifold_mass,manifold_neighbors,slope_min_singular,slope_rank_zero,h,alpha,linear_relative_residual_max
0,0,init,False,0,2.013105417584776,0.008784950615550456,0.008784950615525181,1.8505844314827729,45.25131891809136,4,1.1798474781985144,79,nan,nan,1.0,1,nan,0,nan,nan,nan
0,0,init,False,1,1.8393261347459855,0.02986034948154258,0.02986034948154258,1.7323095965892685,31.940513081492973,4,1.3217857462609153,65,nan,nan,1.0,1,nan,0,nan,nan,nan
0,0,init,False,2,0.8324216477026292,0.05828545491603018,0.05828545491603018,0.8138175959905658,95.70652241506949,4,1.2926125639595911,144,nan,nan,1.0,1,nan,0,nan,nan,nan
0,0,init,False,3,1.7671365625020585,0.01636688457906613,0.016366884579059347,1.6589393522596327,57.55429743684587,4,1.4961967445043285,104,nan,nan,1.0,1,nan,0,nan,nan,nan
0,0,init,False,4,0.189190438782976,0.2317478065626371,0.23174780656263855,0.2116009355294656,86.61455688672773,4,1.2253467761845325,137,nan,nan,1.0,1,nan,0,nan,nan,nan
0,0,init,False,5,0.9624957231516963,0.026095414736553416,0.026095414736561923,0.9130468335775459,100.66230206714853,4,1.401847941884606,152,nan,nan,1.0,1,nan,0,nan,nan,nan
0,0,init,False,6,1.878120422772648,0.007307421387328348,0.007307421387373927,1.7770476262235673,56.30447193552446,4,1.227336443590866,96,nan,nan,1.0,1,nan,0,nan,nan,nan
0,0,init,False,7,1.1659714895589495,0.06889847409111492,0.06889847409111492,1.0583363434177742,51.99423262134718,4,1.5285894745866542,87,nan,nan,1.0,1,nan,0,nan,nan,nan
0,0,init,False,8,1.66032737134484,0.022062438422085887,0.022062438422085887,1.5393644378773437,11.819416878870557,4,2.026586931196822,26,nan,nan,1.0,1,nan,0,nan,nan,nan
0,0,init,False,9,1.6461682316146562,0.011012639035799066,0.011012639035819229,1.5399699550737824,37.543552928539356,4,1.4412322784247225,65,nan,nan,1.0,1,nan,0,nan,nan,nan
0,0,init,False,10,2.4714404049555068,0.012100945697761765,0.012100945697743415,2.291329109434725,10.15448500645655,4,2.4079244265377597,20,nan,nan,1.0,1,nan,0,nan,nan,nan
0,0,init,False,11,0.8931465161478112,0.06975596470743518,0.06975596470743678,0.8428123191856903,43.392081459615156,4,1.5331905489234308,83,nan,nan,1.0,1,nan,0,nan,nan,nan
0,0,init,False,12,0.8277010638072685,0.036175604012092834,0.0361756040120959,0.7556822923881173,99.60092708268655,4,1.1788566064618986,158,nan,nan,1.0,1,nan,0,nan,nan,nan
0,0,init,False,13,1.6770024361296911,0.017069166835836033,0.017069166835836033,1.5724886134701268,47.8807759883679,4,1.3488019381897085,87,nan,nan,1.0,1,nan,0,nan,nan,nan
0,0,init,False,14,2.1318195481244704,0.036048184767788476,0.0360481847677854,1.9377504592421373,43.409210194733,4,1.4174425444032683,70,nan,nan,1.0,1,nan,0,nan,nan,nan
0,0,init,False,15,0.8702271550814301,0.018639585341603062,0.01863958534160902,0.818454601411988,96.04184728257837,4,1.263563869945345,147,nan,nan,1.0,1,nan,0,nan,nan,nan
0,0,init,False,16,0.7714455089923629,0.05520169065940139,0.05520169065940139,0.7160831071780862,72.69219066972167,4,1.3384043689817446,117,nan,nan,1.0,1,nan,0,nan,nan,nan
0,0,init,False,17,0.2875326920240055,0.10856438812378108,0.10856438812377903,0.25829200352698317,76.68372379940722,4,1.2368547980033078,133,nan,nan,1.0,1,nan,0,nan,nan,nan
0,0,init,False,18,1.2405084321280169,0.08110608926390667,0.08110608926390393,1.113902618646004,6.5091475001375025,4,2.7889278686408487,15,nan,nan,1.0,1,nan,0,nan,nan,nan
0,0,init,False,19,1.7323699323297677,0.017767400567224097,0.017767400567230345,1.6299869636541013,68.81193320483357,4,1.28081094247929,111,nan,nan,1.0,1,nan,0,nan,nan,nan
0,0,init,False,20,1.2578374095484226,0.018420100371532643,0.0184201003715447,1.1714347945585541,76.88178852690064,4,1.4994073035874473,123,nan,nan,1.0,1,nan,0,nan,nan,nan
0,0,init,False,21,1.1944097178215622,0.019612318888701095,0.019612318888695437,1.122431969617695,97.01859239689279,4,1.3516191907056236,147,nan,nan,1.0,1,nan,0,nan,nan,nan
0,0,init,False,22,1.2865519208297453,0.007602995907107257,0.00760299590712186,1.171453706840116,57.60596565566867,4,1.1434171490671163,94,nan,nan,1.0,1,nan,0,nan,nan,nan
0,0,init,False,23,1.5882846153801122,0.009666271448649812,0.009666271448661298,1.4801728230629443,67.926146062343,4,1.1695569105909993,108,nan,nan,1.0,1,nan,0,nan,nan,nan
0,1,step,False,0,2.013105417584776,0.004201471724131826,0.008784950615525181,1.8505844314827729,45.25131891809136,4,1.1798474781985144,79,17.4546104486637,23.961986672685068,1.0,1,0.22728529437949768,0,1.6633575396573566,1.0,7.548508491450133e-16
0,1,step,False,1,1.8393261347459855,0.04238666211018269,0.02986034948154258,1.7323095965892685,31.940513081492973,4,1.3217857462609153,65,7.579997456447989,11.752720477847017,1.0,1,0.5119463637461082,0,1.6633575396573566,1.0,7.548508491450133e-16
0,1,step,False,2,0.8324216477026292,0.0618269020299563,0.05828545491603018,0.8138175959905658,95.70652241506949,4,1.2926125639595911,144,39.04149238121993,53.52184722682377,1.0,1,0.41280510590998387,0,1.6633575396573566,1.0,7.548508491450133e-16
0,1,step,False,3,1.7671365625020585,0.01801649568000657,0.016366884579059347,1.6589393522596327,57.55429743684587,4,1.4961967445043285,104,15.163882051344746,22.044532642816744,1.0,1,0.3976108109374084,0,1.6633575396573566,1.0,7.548508491450133e-16
0,1,step,False,4,0.189190438782976,0.23233752824360476,0.23174780656263855,0.2116009355294656,86.61455688672773,4,1.2253467761845325,137,25.554443758003906,36.20749948444799,1.0,1,0.7177691680784385,0,1.6633575396573566,1.0,7.548508491450133e-16
0,1,step,False,5,0.9624957231516963,0.026817347168018493,0.026095414736561923,0.9130468335775459,100.66230206714853,4,1.401847941884606,152,36.74984926202968,53.28940696474683,1.0,1,0.4161567402148771,0,1.6633575396573566,1.0,7.548508491450133e-16
0,1,step,False,6,1.878120422772648,0.00844874380146022,0.007307421387373927,1.7770476262235673,56.30447193552446,4,1.227336443590866,96,16.30466619306752,24.419020375902583,1.0,1,0.34506797104426296,0,1.6633575396573566,1.0,7.548508491450133e-16
0,1,step,False,7,1.1659714895589495,0.08477117621625467,0.06889847409111492,1.0583363434177742,51.99423262134718,4,1.5285894745866542,87,16.326597374167847,24.162443271568044,1.0,1,0.4622462888412134,0,1.6633575396573566,1.0,7.548508491450133e-16
0,1,step,False,8,1.66032737134484,0.021523553945426658,0.022062438422085887,1.5393644378773437,11.819416878870557,4,2.026586931196822,26,6.000000000489575,8.925584573627361,1.0,1,0.5495300900299098,0,1.6633575396573566,1.0,7.548508491450133e-16
0,1,step,False,9,1.6461682316146562,0.017201243579686505,0.011012639035819229,1.5399699550737824,37.543552928539356,4,1.4412322784247225,65,8.956131186618911,14.270276243278207,1.0,1,0.32998295207758255,0,1.6633575396573566,1.0,7.548508491450133e-16
0,1,step,False,10,2.4714404049555068,0.025630302698588948,0.012100945697743415,2.291329109434725,10.15448500645655,4,2.4079244265377597,20,6.000000000298861,8.05804491552736,1.0,1,0.9316026050732413,0,1.6633575396573566,1.0,7.548508491450133e-16
0,1,step,False,11,0.8931465161478112,0.07928999954780004,0.06975596470743678,0.8428123191856903,43.392081459615156,4,1.5331905489234308,83,9.28373646072881,14.054071923001677,1.0,1,0.34698431510652356,0,1.6633575396573566,1.0,7.548508491450133e-16
0,1,step,False,12,0.8277010638072685,0.029311242400424285,0.0361756040120959,0.7556822923881173,99.60092708268655,4,1.1788566064618986,158,32.30047513535959,45.83697318429608,1.0,1,0.37401854896171843,0,1.6633575396573566,1.0,7.548508491450133e-16
0,1,step,False,13,1.6770024361296911,0.02204624309659553,0.017069166835836033,1.5724886134701268,47.8807759883679,4,1.3488019381897085,87,11.445401823981266,18.815252933834888,1.0,1,0.3447739302775235,0,1.6633575396573566,1.0,7.548508491450133e-16
0,1,step,False,14,2.1318195481244704,0.03931051398591479,0.0360481847677854,1.9377504592421373,43.409210194733,4,1.4174425444032683,70,15.236600952775309,20.434156746746734,1.0,1,0.25658051093783996,0,1.6633575396573566,1.0,7.548508491450133e-16
0,1,step,False,15,0.8702271550814301,0.0256924784570252,0.01863958534160902,0.818454601411988,96.04184728257837,4,1.263563869945345,147,43.99338190045703,58.48920776596773,1.0,1,0.39913277704483463,0,1.6633575396573566,1.0,7.548508491450133e-16
0,1,step,False,16,0.7714455089923629,0.06663242836415986,0.05520169065940139,0.7160831071780862,72.69219066972167,4,1.3384043689817446,117,23.329803068498148,35.481925059749955,1.0,1,0.600940592243406,0,1.6633575396573566,1.0,7.548508491450133e-16
0,1,step,False,17,0.2875326920240055,0.10930472735730973,0.10856438812377903,0.25829200352698317,76.68372379940722,4,1.2368547980033078,133,26.466136655396323,37.70596262011128,1.0,1,0.44228293395484225,0,1.6633575396573566,1.0,7.548508491450133e-16
0,1,step,False,18,1.2405084321280169,0.08732600016904343,0.08110608926390393,1.113902618646004,6.5091475001375025,4,2.7889278686408487,15,6.000000000188077,8.234439146988501,1.0,1,0.6328246135901525,0,1.6633575396573566,1.0,7.548508491450133e-16
0,1,step,False,19,1.7323699323297677,0.016684433210809636,0.017767400567230345,1.6299869636541013,68.81193320483357,4,1.28081094247929,111,24.393795253637936,32.912126769974215,1.0,1,0.5325901308054128,0,1.6633575396573566,1.0,7.548508491450133e-16
0,1,step,False,20,1.2578374095484226,0.020402675163693398,0.0184201003715447,1.1714347945585541,76.88178852690064,4,1.4994073035874473,123,23.194459139978036,34.79255635761158,1.0,1,0.19447978798413101,0,1.6633575396573566,1.0,7.548508491450133e-16
0,1,step,False,21,1.1944097178215622,0.01759157603832461,0.019612318888695437,1.122431969617695,97.01859239689279,4,1.3516191907056236,147,37.18784215673985,49.2169066251834,1.0,1,0.5355398124232482,0,1.6633575396573566,1.0,7.548508491450133e-16
0,1,step,False,22,1.2865519208297453,0.01855295102168228,0.00760299590712186,1.171453706840116,57.60596565566867,4,1.1434171490671163,94,18.698269447754594,25.416132723044406,1.0,1,0.4428045651836429,0,1.6633575396573566,1.0,7.548508491450133e-16
0,1,step,False,23,1.5882846153801122,0.01676197956284497,0.009666271448661298,1.4801728230629443,67.926146062343,4,1.1695569105909993,108,23.620896660295074,30.167718623983,1.0,1,0.4105672752016433,0,1.6633575396573566,1.0,7.548508491450133e-16
0,2,step,False,0,2.013105417584776,0.0035734039106790835,0.008784950615525181,1.8505844314827729,45.25131891809136,4,1.1798474781985144,79,14.59708530481784,19.590958550016957,1.0,1,0.156272458705115,0,1.1761713958294884,0.5968812257051468,1.5496628685979548e-14
0,2,step,False,1,1.8393261347459855,0.028482519172874667,0.02986034948154258,1.7323095965892685,31.940513081492973,4,1.3217857462609153,65,8.102298447972153,11.653770055930687,1.0,1,0.14253521268902603,0,1.1761713958294884,0.5968812257051468,1.5496628685979548e-14
0,2,step,False,2,0.8324216477026292,0.05525939646046224,0.05828545491603018,0.8138175959905658,95.70652241506949,4,1.2926125639595911,144,39.5319417049232,51.99233999976857,1.0,1,0.24876463177282185,0,1.1761713958294884,0.5968812257051468,1.5496628685979548e-14
0,2,step,False,3,1.7671365625020585,0.015827669066172795,0.016366884579059347,1.6589393522596327,57.55429743684587,4,1.4961967445043285,104,13.997079457290358,18.367416104940876,1.0,1,0.13652591304891393,0,1.1761713958294884,0.5968812257051468,1.5496628685979548e-14
0,2,step,False,4,0.189190438782976,0.23367855430322632,0.23174780656263855,0.2116009355294656,86.61455688672773,4,1.2253467761845325,137,26.34902113842286,36.261035342640554,1.0,1,0.28965385867044874,0,1.1761713958294884,0.5968812257051468,1.5496628685979548e-14
0,2,step,False,5,0.9624957231516963,0.028710936362211045,0.026095414736561923,0.9130468335775459,100.66230206714853,4,1.401847941884606,152,39.1636274045233,54.614763960628935,1.0,1,0.2546615125268516,0,1.1761713958294884,0.5968812257051468,1.5496628685979548e-14
0,2,step,False,6,1.878120422772648,0.009747032673743888,0.007307421387373927,1.7770476262235673,56.30447193552446,4,1.227336443590866,96,14.438777481271142,19.5980200964692,1.0,1,0.20631199083898205,0,1.1761713958294884,0.5968812257051468,1.5496628685979548e-14
0,2,step,False,7,1.1659714895589495,0.09060286891651706,0.06889847409111492,1.0583363434177742,51.99423262134718,4,1.5285894745866542,87,17.287334222667717,24.703111387806892,1.0,1,0.3222714315584232,0,1.1761713958294884,0.5968812257051468,1.5496628685979548e-14
0,2,step,False,8,1.66032737134484,0.022529145598817052,0.022062438422085887,1.5393644378773437,11.819416878870557,4,2.026586931196822,26,6.0000000003089315,9.363077806848034,1.0,1,0.2589365805782343,0,1.1761713958294884,0.5968812257051468,1.5496628685979548e-14
0,2,step,False,9,1.6461682316146562,0.007243187461462281,0.011012639035819229,1.5399699550737824,37.543552928539356,4,1.4412322784247225,65,8.626124167136341,12.710338560265912,1.0,1,0.13394331980946278,0,1.1761713958294884,0.5968812257051468,1.5496628685979548e-14
0,2,step,False,10,2.4714404049555068,0.028342447361459223,0.012100945697743415,2.291329109434725,10.15448500645655,4,2.4079244265377597,20,6.000000000191509,9.488821246916828,1.0,1,0.740738144363314,0,1.1761713958294884,0.5968812257051468,1.5496628685979548e-14
0,2,step,False,11,0.8931465161478112,0.08936050778858755,0.06975596470743678,0.8428123191856903,43.392081459615156,4,1.5331905489234308,83,10.531388174775032,15.03350277500886,1.0,1,0.2271876135142158,0,1.1761713958294884,0.5968812257051468,1.5496628685979548e-14
0,2,step,False,12,0.8277010638072685,0.022904901300788292,0.0361756040120959,0.7556822923881173,99.60092708268655,4,1.1788566064618986,158,35.35700601613343,49.4622416972901,1.0,1,0.23775064687791697,0,1.1761713958294884,0.5968812257051468,1.5496628685979548e-14
0,2,step,False,13,1.6770024361296911,0.02306672208745053,0.017069166835836033,1.5724886134701268,47.8807759883679,4,1.3488019381897085,87,8.789030945247143,12.998776201810237,1.0,1,0.43717525788411965,0,1.1761713958294884,0.5968812257051468,1.5496628685979548e-14
0,2,step,False,14,2.1318195481244704,0.039008968786657286,0.0360481847677854,1.9377504592421373,43.409210194733,4,1.4174425444032683,70,11.765830063871906,14.893874504034702,1.0,1,0.1901779634450655,0,1.1761713958294884,0.5968812257051468,1.5496628685979548e-14
0,2,step,False,15,0.8702271550814301,0.027799840146715934,0.01863958534160902,0.818454601411988,96.04184728257837,4,1.263563869945345,147,42.321458214483094,55.684080757061444,1.0,1,0.5108775891484171,0,1.1761713958294884,0.5968812257051468,1.5496628685979548e-14
0,2,step,False,16,0.7714455089923629,0.05975500249729995,0.05520169065940139,0.7160831071780862,72.69219066972167,4,1.3384043689817446,117,25.672063601128663,38.1942100753089,1.0,1,0.3440548014691297,0,1.1761713958294884,0.5968812257051468,1.5496628685979548e-14
0,2,step,False,17,0.2875326920240055,0.11393365199393388,0.10856438812377903,0.25829200352698317,76.68372379940722,4,1.2368547980033078,133,31.198965530244468,44.56546045738338,1.0,1,0.34538777125906217,0,1.1761713958294884,0.5968812257051468,1.5496628685979548e-14
0,2,step,False,18,1.2405084321280169,0.08679595353930324,0.08110608926390393,1.113902618646004,6.5091475001375025,4,2.7889278686408487,15,6.000000000231475,8.332275452966188,1.0,1,0.2924226778585584,0,1.1761713958294884,0.5968812257051468,1.5496628685979548e-14
0,2,step,False,19,1.7323699323297677,0.017085557459677703,0.017767400567230345,1.6299869636541013,68.81193320483357,4,1.28081094247929,111,20.308324581326495,26.938709408260156,1.0,1,0.3719338772583102,0,1.1761713958294884,0.5968812257051468,1.5496628685979548e-14
0,2,step,False,20,1.2578374095484226,0.021536477916784483,0.0184201003715447,1.1714347945585541,76.88178852690064,4,1.4994073035874473,123,26.001500016810695,38.314253177868714,1.0,1,0.20404180663301388,0,1.1761713958294884,0.5968812257051468,1.5496628685979548e-14
0,2,step,False,21,1.1944097178215622,0.015504992724901256,0.019612318888695437,1.122431969617695,97.01859239689279,4,1.3516191907056236,147,36.83137823105869,48.5424771311282,1.0,1,0.35955106129633035,0,1.1761713958294884,0.5968812257051468,1.5496628685979548e-14
0,2,step,False,22,1.2865519208297453,0.012561672109843549,0.00760299590712186,1.171453706840116,57.60596565566867,4,1.1434171490671163,94,19.808019591307325,26.962581770492573,1.0,1,0.28137853873392726,0,1.1761713958294884,0.5968812257051468,1.5496628685979548e-14
0,2,step,False,23,1.5882846153801122,0.016294098484885663,0.009666271448661298,1.4801728230629443,67.926146062343,4,1.1695569105909993,108,21.968388918312478,28.79754234944558,1.0,1,0.2768411486914889,0,1.1761713958294884,0.5968812257051468,1.5496628685979548e-14
0,3,step,False,0,2.013105417584776,0.007429724315996087,0.008784950615525181,1.8505844314827729,45.25131891809136,4,1.1798474781985144,79,11.414061030167655,14.068202631494687,1.0,1,0.10016867816155221,0,0.8316787698286782,0.34968678653240204,9.153775832789751e-14
0,3,step,False,1,1.8393261347459855,0.026325152420244687,0.02986034948154258,1.7323095965892685,31.940513081492973,4,1.3217857462609153,65,9.58140388500162,12.7110737443332,1.0,1,0.11947319666983765,0,0.8316787698286782,0.34968678653240204,9.153775832789751e-14
0,3,step,False,2,0.8324216477026292,0.049925303383589026,0.05828545491603018,0.8138175959905658,95.70652241506949,4,1.2926125639595911,144,40.300354461460586,52.49840178607758,1.0,1,0.09141037465421764,0,0.8316787698286782,0.34968678653240204,9.153775832789751e-14
0,3,step,False,3,1.7671365625020585,0.016809439317036635,0.016366884579059347,1.6589393522596327,57.55429743684587,4,1.4961967445043285,104,13.872052803966225,17.240972375065606,1.0,1,0.09354029137080197,0,0.8316787698286782,0.34968678653240204,9.153775832789751e-14
0,3,step,False,4,0.189190438782976,0.22832312934438304,0.23174780656263855,0.2116009355294656,86.61455688672773,4,1.2253467761845325,137,30.956477361962545,42.72871912170197,1.0,1,0.14956553577799983,0,0.8316787698286782,0.34968678653240204,9.153775832789751e-14
0,3,step,False,5,0.9624957231516963,0.030401061151240125,0.026095414736561923,0.9130468335775459,100.66230206714853,4,1.401847941884606,152,38.15460300592985,52.258534858682644,1.0,1,0.1301224976264441,0,0.8316787698286782,0.34968678653240204,9.153775832789751e-14
0,3,step,False,6,1.878120422772648,0.00816765518243339,0.007307421387373927,1.7770476262235673,56.30447193552446,4,1.227336443590866,96,14.8997449461429,19.958952161842323,1.0,1,0.12489907421526632,0,0.8316787698286782,0.34968678653240204,9.153775832789751e-14
0,3,step,False,7,1.1659714895589495,0.09272104296252856,0.06889847409111492,1.0583363434177742,51.99423262134718,4,1.5285894745866542,87,19.74597519275525,27.991228406214788,1.0,1,0.1606129257908237,0,0.8316787698286782,0.34968678653240204,9.153775832789751e-14
0,3,step,False,8,1.66032737134484,0.023922965284559724,0.022062438422085887,1.5393644378773437,11.819416878870557,4,2.026586931196822,26,6.000000000147451,8.60663425988009,1.0,1,0.1111736737485485,0,0.8316787698286782,0.34968678653240204,9.153775832789751e-14
0,3,step,False,9,1.6461682316146562,0.010251133309814598,0.011012639035819229,1.5399699550737824,37.543552928539356,4,1.4412322784247225,65,8.8912520616914,12.227323892272091,1.0,1,0.11430899264816952,0,0.8316787698286782,0.34968678653240204,9.153775832789751e-14
0,3,step,False,10,2.4714404049555068,0.017725873743565723,0.012100945697743415,2.291329109434725,10.15448500645655,4,2.4079244265377597,20,6.000000000268385,9.189732563170065,1.0,1,0.431363087049364,0,0.8316787698286782,0.34968678653240204,9.153775832789751e-14
0,3,step,False,11,0.8931465161478112,0.08024737704628221,0.06975596470743678,0.8428123191856903,43.392081459615156,4,1.5331905489234308,83,13.660465763802017,19.913317422838393,1.0,1,0.14700131050528467,0,0.8316787698286782,0.34968678653240204,9.153775832789751e-14
0,3,step,False,12,0.8277010638072685,0.01155480555719191,0.0361756040120959,0.7556822923881173,99.60092708268655,4,1.1788566064618986,158,36.02103643624599,48.91411146186324,1.0,1,0.1539880840222027,0,0.8316787698286782,0.34968678653240204,9.153775832789751e-14
0,3,step,False,13,1.6770024361296911,0.022626582544396444,0.017069166835836033,1.5724886134701268,47.8807759883679,4,1.3488019381897085,87,8.353032018133286,10.790053438964218,1.0,1,0.24028534483643132,0,0.8316787698286782,0.34968678653240204,9.153775832789751e-14
0,3,step,False,14,2.1318195481244704,0.04033549769123431,0.0360481847677854,1.9377504592421373,43.409210194733,4,1.4174425444032683,70,9.712483198148945,13.251443245281289,1.0,1,0.1249461606885745,0,0.8316787698286782,0.34968678653240204,9.153775832789751e-14
0,3,step,False,15,0.8702271550814301,0.01708503104655139,0.01863958534160902,0.818454601411988,96.04184728257837,4,1.263563869945345,147,37.720050330588755,49.62419380782085,1.0,1,0.23410620853884534,0,0.8316787698286782,0.34968678653240204,9.153775832789751e-14
0,3,step,False,16,0.7714455089923629,0.06435839700427214,0.05520169065940139,0.7160831071780862,72.69219066972167,4,1.3384043689817446,117,27.931817400969138,40.903660805470366,1.0,1,0.16875073315817363,0,0.8316787698286782,0.34968678653240204,9.153775832789751e-14
0,3,step,False,17,0.2875326920240055,0.15738085600333152,0.10856438812377903,0.25829200352698317,76.68372379940722,4,1.2368547980033078,133,32.73008057262359,45.64831930850559,1.0,1,0.13555219332419252,0,0.8316787698286782,0.34968678653240204,9.153775832789751e-14
0,3,step,False,18,1.2405084321280169,0.0858710080316101,0.08110608926390393,1.113902618646004,6.5091475001375025,4,2.7889278686408487,15,6.00000000066538,8.892718539467051,1.0,1,0.19666337308527052,0,0.8316787698286782,0.34968678653240204,9.153775832789751e-14
0,3,step,False,19,1.7323699323297677,0.018796743549423213,0.017767400567230345,1.6299869636541013,68.81193320483357,4,1.28081094247929,111,17.96969428058909,22.76640902558079,1.0,1,0.1200090574547685,0,0.8316787698286782,0.34968678653240204,9.153775832789751e-14
0,3,step,False,20,1.2578374095484226,0.023795568462774655,0.0184201003715447,1.1714347945585541,76.88178852690064,4,1.4994073035874473,123,27.48295316210819,40.63091901629013,1.0,1,0.11949183058410705,0,0.8316787698286782,0.34968678653240204,9.153775832789751e-14
0,3,step,False,21,1.1944097178215622,0.01507476915651239,0.019612318888695437,1.122431969617695,97.01859239689279,4,1.3516191907056236,147,33.99588227898378,44.11530655143684,1.0,1,0.14519133631347014,0,0.8316787698286782,0.34968678653240204,9.153775832789751e-14
0,3,step,False,22,1.2865519208297453,0.01729454707578976,0.00760299590712186,1.171453706840116,57.60596565566867,4,1.1434171490671163,94,18.872776956739678,26.103410063525107,1.0,1,0.2516768747051856,0,0.8316787698286782,0.34968678653240204,9.153775832789751e-14
0,3,step,False,23,1.5882846153801122,0.01719371126592233,0.009666271448661298,1.4801728230629443,67.926146062343,4,1.1695569105909993,108,18.815725148892042,22.63619873293583,1.0,1,0.1500811341441647,0,0.8316787698286782,0.34968678653240204,9.153775832789751e-14
1,0,init,False,0,1.5749285892107503,0.021897606676470935,0.021897606676460794,1.5352165324677927,58.1255192699806,4,1.3359299744479276,100,nan,nan,1.0,1,nan,0,nan,nan,nan
1,0,init,False,1,1.2597795664531544,0.012521526603086119,0.012521526603086119,1.2574605609209226,73.4203802244768,4,1.3014780187753279,119,nan,nan,1.0,1,nan,0,nan,nan,nan
1,0,init,False,2,1.321130606706036,0.03537838535334837,0.0353783853533421,1.2968486310961702,64.21333978017283,4,1.3680608408512542,109,nan,nan,1.0,1,nan,0,nan,nan,nan
1,0,init,False,3,0.7822524636658202,0.1009831661952715,0.10098316619527041,0.7887976066307316,31.65460114810914,4,1.5401210518536577,63,nan,nan,1.0,1,nan,0,nan,nan,nan
1,0,init,False,4,0.34434947603663596,0.08760588855588296,0.08760588855588422,0.34933103969013735,110.76965662245044,4,1.2506721675324675,171,nan,nan,1.0,1,nan,0,nan,nan,nan
1,0,init,False,5,1.4417495312968414,0.029404072963516645,0.02940407296350532,1.4063767490575503,58.85843969092172,4,1.443776098345645,109,nan,nan,1.0,1,nan,0,nan,nan,nan
1,0,init,False,6,1.00972397712654,0.03365021239091751,0.033650212390920815,1.0274102334164679,53.26794803322947,4,1.4548996150584552,93,nan,nan,1.0,1,nan,0,nan,nan,nan
1,0,init,False,7,1.2185947329704703,0.04335301107251807,0.04335301107252063,1.1732784477053118,59.776321990038106,4,1.5824914426247365,102,nan,nan,1.0,1,nan,0,nan,nan,nan
1,0,init,False,8,1.0529759994370083,0.018025357034565072,0.018025357034565072,1.0304770381052146,90.63043919268989,4,1.2089503562504371,135,nan,nan,1.0,1,nan,0,nan,nan,nan
1,0,init,False,9,0.29021406196150945,0.03753030706326506,0.037530307063268015,0.30145115198678174,86.10041172850613,4,1.3027633038404485,140,nan,nan,1.0,1,nan,0,nan,nan,nan
1,0,init,False,10,1.385073693952201,0.018177357463422576,0.01817735746341647,1.3746661218999394,71.91980943756451,4,1.3079830281169158,120,nan,nan,1.0,1,nan,0,nan,nan,nan
1,0,init,False,11,1.039287979344075,0.06946342990990143,0.06946342990990302,0.9783331104422774,44.593612143074274,4,1.4179461310870287,80,nan,nan,1.0,1,nan,0,nan,nan,nan
1,0,init,False,12,1.093621695593289,0.0069811756858478725,0.006981175685816066,1.0841202588167642,83.87676452846466,4,1.2362845540544831,127,nan,nan,1.0,1,nan,0,nan,nan,nan
1,0,init,False,13,0.9736580260817508,0.006691322794582888,0.006691322794632664,0.9635194857550359,60.767410951634155,4,1.3012547771511178,99,nan,nan,1.0,1,nan,0,nan,nan,nan
1,0,init,False,14,1.313802687997899,0.019463617530753523,0.019463617530753523,1.3225702913491508,76.4711253420775,4,1.2740067003456363,123,nan,nan,1.0,1,nan,0,nan,nan,nan
1,0,init,False,15,2.345362840709062,0.029981235739525,0.02998123573951759,2.3698293887686748,15.315387151269974,4,1.6743011216639352,34,nan,nan,1.0,1,nan,0,nan,nan,nan
1,0,init,False,16,0.720181991764751,0.06246822600032174,0.06246822600032174,0.6911975456312982,73.38432044625401,4,1.3478844172948343,114,nan,nan,1.0,1,nan,0,nan,nan,nan
1,0,init,False,17,1.2805013366604237,0.04619074404007497,0.04619074404007257,1.286407986198546,39.55629964356406,4,1.4893567238615686,75,nan,nan,1.0,1,nan,0,nan,nan,nan
1,0,init,False,18,0.8160002170453344,0.07184616227630107,0.07184616227630107,0.7857118010309566,80.73122378063826,4,1.2727468403386215,129,nan,nan,1.0,1,nan,0,nan,nan,nan
1,0,init,False,19,1.3316689125660606,0.054424848145916735,0.054424848145914695,1.34276851232327,15.966969068378386,4,1.6890374174626903,37,nan,nan,1.0,1,nan,0,nan,nan,nan
1,0,init,False,20,1.542113069582152,0.006281818426468708,0.006281818426468708,1.5518054332647644,50.35094875946201,4,1.2156112198778257,85,nan,nan,1.0,1,nan,0,nan,nan,nan
1,0,init,False,21,2.0051335288065353,0.02195071418538366,0.021950714185393776,1.9742388230003605,35.97508400818381,4,1.362173227191439,63,nan,nan,1.0,1,nan,0,nan,nan,nan
1,0,init,False,22,2.5644615416402696,0.03409734646122244,0.0340973464612257,2.5633631664374383,17.124575495420004,4,1.6590726355233671,30,nan,nan,1.0,1,nan,0,nan,nan,nan
1,0,init,False,23,1.107052378092518,0.030638821262486453,0.030638821262493697,1.098881262669808,87.14941156343991,4,1.3010299865835984,137,nan,nan,1.0,1,nan,0,nan,nan,nan
1,1,step,False,0,1.5749285892107503,0.01020557542108926,0.021897606676460794,1.5352165324677927,58.1255192699806,4,1.3359299744479276,100,20.59852130321884,28.479483566494398,1.0,1,0.4970095577276088,0,1.6558287014937831,1.0,3.2255570866522294e-16
1,1,step,False,1,1.2597795664531544,0.01710434676584785,0.012521526603086119,1.2574605609209226,73.4203802244768,4,1.3014780187753279,119,28.40386179477597,38.63465136606058,1.0,1,0.48240585385275403,0,1.6558287014937831,1.0,3.2255570866522294e-16
1,1,step,False,2,1.321130606706036,0.03668554001668565,0.0353783853533421,1.2968486310961702,64.21333978017283,4,1.3680608408512542,109,17.855639041357886,25.868303825078737,1.0,1,0.2980456882674359,0,1.6558287014937831,1.0,3.2255570866522294e-16
1,1,step,False,3,0.7822524636658202,0.09171476447374362,0.10098316619527041,0.7887976066307316,31.65460114810914,4,1.5401210518536577,63,8.489344067855889,12.618002529473353,1.0,1,0.3920196978255743,0,1.6558287014937831,1.0,3.2255570866522294e-16
1,1,step,False,4,0.34434947603663596,0.09089320560092322,0.08760588855588422,0.34933103969013735,110.76965662245044,4,1.2506721675324675,171,43.47201625408509,59.248157521185114,1.0,1,0.4399674299276988,0,1.6558287014937831,1.0,3.2255570866522294e-16
1,1,step,False,5,1.4417495312968414,0.01976635115899554,0.02940407296350532,1.4063767490575503,58.85843969092172,4,1.443776098345645,109,19.740985148939526,26.420632451306382,1.0,1,0.448051113183992,0,1.6558287014937831,1.0,3.2255570866522294e-16
1,1,step,False,6,1.00972397712654,0.026526747144311053,0.033650212390920815,1.0274102334164679,53.26794803322947,4,1.4548996150584552,93,13.887473030153876,19.684940243892243,1.0,1,0.37460731367381267,0,1.6558287014937831,1.0,3.2255570866522294e-16
1,1,step,False,7,1.2185947329704703,0.0421123067153538,0.04335301107252063,1.1732784477053118,59.776321990038106,4,1.5824914426247365,102,18.89287660936788,29.191093076605014,1.0,1,0.40963107981674224,0,1.6558287014937831,1.0,3.2255570866522294e-16
1,1,step,False,8,1.0529759994370083,0.025407354425552225,0.018025357034565072,1.0304770381052146,90.63043919268989,4,1.2089503562504371,135,32.77956836697321,48.72410113322512,1.0,1,0.4783912940062098,0,1.6558287014937831,1.0,3.2255570866522294e-16
1,1,step,False,9,0.29021406196150945,0.033814047369843094,0.037530307063268015,0.30145115198678174,86.10041172850613,4,1.3027633038404485,140,27.769282057771342,40.20620643288194,1.0,1,0.48295292415830837,0,1.6558287014937831,1.0,3.2255570866522294e-16
1,1,step,False,10,1.385073693952201,0.026394021472701985,0.01817735746341647,1.3746661218999394,71.91980943756451,4,1.3079830281169158,120,20.951430197476885,31.43172029939866,1.0,1,0.3295323402407296,0,1.6558287014937831,1.0,3.2255570866522294e-16
1,1,step,False,11,1.039287979344075,0.06803043870245315,0.06946342990990302,0.9783331104422774,44.593612143074274,4,1.4179461310870287,80,13.294875268863809,18.783504810958583,1.0,1,0.38780568568507495,0,1.6558287014937831,1.0,3.2255570866522294e-16
1,1,step,False,12,1.093621695593289,0.012375924754224893,0.006981175685816066,1.0841202588167642,83.87676452846466,4,1.2362845540544831,127,27.190900311888967,38.4470171310464,1.0,1,0.318686803372524,0,1.6558287014937831,1.0,3.2255570866522294e-16
1,1,step,False,13,0.9736580260817508,0.005769692678049834,0.006691322794632664,0.9635194857550359,60.767410951634155,4,1.3012547771511178,99,21.54043517163722,30.648319502897117,1.0,1,0.5891310376410211,0,1.6558287014937831,1.0,3.2255570866522294e-16
1,1,step,False,14,1.313802687997899,0.030121319917287698,0.019463617530753523,1.3225702913491508,76.4711253420775,4,1.2740067003456363,123,23.89193754753978,34.23326527540986,1.0,1,0.3502142916447641,0,1.6558287014937831,1.0,3.2255570866522294e-16
1,1,step,False,15,2.345362840709062,0.02297432982923561,0.02998123573951759,2.3698293887686748,15.315387151269974,4,1.6743011216639352,34,6.000000000090481,8.099955904488485,1.0,1,0.36370212693998616,0,1.6558287014937831,1.0,3.2255570866522294e-16
1,1,step,False,16,0.720181991764751,0.07009475393217278,0.06246822600032174,0.6911975456312982,73.38432044625401,4,1.3478844172948343,114,23.475585983024153,33.17452902246887,1.0,1,0.5855713204734329,0,1.6558287014937831,1.0,3.2255570866522294e-16
1,1,step,False,17,1.2805013366604237,0.036512908900695994,0.04619074404007257,1.286407986198546,39.55629964356406,4,1.4893567238615686,75,10.523665166772878,14.662491689527567,1.0,1,0.35297941813947764,0,1.6558287014937831,1.0,3.2255570866522294e-16
1,1,step,False,18,0.8160002170453344,0.07138718817583646,0.07184616227630107,0.7857118010309566,80.73122378063826,4,1.2727468403386215,129,32.66170119490752,44.752394551646056,1.0,1,0.3531616155391439,0,1.6558287014937831,1.0,3.2255570866522294e-16
1,1,step,False,19,1.3316689125660606,0.06820615613317482,0.054424848145914695,1.34276851232327,15.966969068378386,4,1.6890374174626903,37,6.000000000292305,8.313421079909691,1.0,1,0.45978322764819,0,1.6558287014937831,1.0,3.2255570866522294e-16
1,1,step,False,20,1.542113069582152,0.012723091400467646,0.006281818426468708,1.5518054332647644,50.35094875946201,4,1.2156112198778257,85,20.03590346947051,26.433112217440037,1.0,1,0.40943881518872083,0,1.6558287014937831,1.0,3.2255570866522294e-16
1,1,step,False,21,2.0051335288065353,0.03134152233218759,0.021950714185393776,1.9742388230003605,35.97508400818381,4,1.362173227191439,63,9.382836345731043,13.858680499475671,1.0,1,0.4527259489437079,0,1.6558287014937831,1.0,3.2255570866522294e-16
1,1,step,False,22,2.5644615416402696,0.029736946323036584,0.0340973464612257,2.5633631664374383,17.124575495420004,4,1.6590726355233671,30,6.000000000420134,8.619297343314832,1.0,1,0.36402087655070614,0,1.6558287014937831,1.0,3.2255570866522294e-16
1,1,step,False,23,1.107052378092518,0.03177462501124007,0.030638821262493697,1.098881262669808,87.14941156343991,4,1.3010299865835984,137,31.026278731325654,43.39158199341926,1.0,1,0.37782923143382796,0,1.6558287014937831,1.0,3.2255570866522294e-16
1,2,step,False,0,1.5749285892107503,0.006246878971383801,0.021897606676460794,1.5352165324677927,58.1255192699806,4,1.3359299744479276,100,19.73235551323984,26.934200402521935,1.0,1,0.30926400124778236,0,1.1708477033095694,0.6076261848211288,3.0818524217958298e-15
1,2,step,False,1,1.2597795664531544,0.014073544031140146,0.012521526603086119,1.2574605609209226,73.4203802244768,4,1.3014780187753279,119,28.743603501576366,38.27774668955073,1.0,1,0.2413742246522335,0,1.1708477033095694,0.6076261848211288,3.0818524217958298e-15
1,2,step,False,2,1.321130606706036,0.03193449344405405,0.0353783853533421,1.2968486310961702,64.21333978017283,4,1.3680608408512542,109,17.611528370285022,27.036687082564026,1.0,1,0.3546402714720554,0,1.1708477033095694,0.6076261848211288,3.0818524217958298e-15
1,2,step,False,3,0.7822524636658202,0.08466173568025227,0.10098316619527041,0.7887976066307316,31.65460114810914,4,1.5401210518536577,63,9.130166944131492,13.666549024491932,1.0,1,0.3609580369983852,0,1.1708477033095694,0.6076261848211288,3.0818524217958298e-15
1,2,step,False,4,0.34434947603663596,0.07592974704517096,0.08760588855588422,0.34933103969013735,110.76965662245044,4,1.2506721675324675,171,44.79003097697246,60.6416778473669,1.0,1,0.3722844253205847,0,1.1708477033095694,0.6076261848211288,3.0818524217958298e-15
1,2,step,False,5,1.4417495312968414,0.023166878288334084,0.02940407296350532,1.4063767490575503,58.85843969092172,4,1.443776098345645,109,18.793957662183868,25.714136563175323,1.0,1,0.31110735979051185,0,1.1708477033095694,0.6076261848211288,3.0818524217958298e-15
1,2,step,False,6,1.00972397712654,0.025719873591414956,0.033650212390920815,1.0274102334164679,53.26794803322947,4,1.4548996150584552,93,15.766860082632755,20.692259304799205,1.0,1,0.1322393110931747,0,1.1708477033095694,0.6076261848211288,3.0818524217958298e-15
1,2,step,False,7,1.2185947329704703,0.03746533331553392,0.04335301107252063,1.1732784477053118,59.776321990038106,4,1.5824914426247365,102,17.736800805871336,26.344005914722967,1.0,1,0.31094654970157254,0,1.1708477033095694,0.6076261848211288,3.0818524217958298e-15
1,2,step,False,8,1.0529759994370083,0.016531782694699525,0.018025357034565072,1.0304770381052146,90.63043919268989,4,1.2089503562504371,135,33.8957146618551,48.78562229757695,1.0,1,0.2045575464637345,0,1.1708477033095694,0.6076261848211288,3.0818524217958298e-15
1,2,step,False,9,0.29021406196150945,0.035140009524739835,0.037530307063268015,0.30145115198678174,86.10041172850613,4,1.3027633038404485,140,32.79705330668146,48.43413897078807,1.0,1,0.277074029493407,0,1.1708477033095694,0.6076261848211288,3.0818524217958298e-15
1,2,step,False,10,1.385073693952201,0.02384431733544101,0.01817735746341647,1.3746661218999394,71.91980943756451,4,1.3079830281169158,120,21.08993533958064,30.389607943837518,1.0,1,0.22905121371965192,0,1.1708477033095694,0.6076261848211288,3.0818524217958298e-15
1,2,step,False,11,1.039287979344075,0.06903402441498956,0.06946342990990302,0.9783331104422774,44.593612143074274,4,1.4179461310870287,80,13.250022098892778,18.85728936847381,1.0,1,0.15183909594909495,0,1.1708477033095694,0.6076261848211288,3.0818524217958298e-15
1,2,step,False,12,1.093621695593289,0.004030224038275901,0.006981175685816066,1.0841202588167642,83.87676452846466,4,1.2362845540544831,127,29.309973870371426,39.76323624904026,1.0,1,0.15042071321681702,0,1.1708477033095694,0.6076261848211288,3.0818524217958298e-15
1,2,step,False,13,0.9736580260817508,0.01168083636033553,0.006691322794632664,0.9635194857550359,60.767410951634155,4,1.3012547771511178,99,19.618373253162826,28.70174015916519,1.0,1,0.3317994588341545,0,1.1708477033095694,0.6076261848211288,3.0818524217958298e-15
1,2,step,False,14,1.313802687997899,0.017947183060386982,0.019463617530753523,1.3225702913491508,76.4711253420775,4,1.2740067003456363,123,23.673457186211337,33.83401304786972,1.0,1,0.19871177563267006,0,1.1708477033095694,0.6076261848211288,3.0818524217958298e-15
1,2,step,False,15,2.345362840709062,0.025929914915230053,0.02998123573951759,2.3698293887686748,15.315387151269974,4,1.6743011216639352,34,6.000000000487255,8.176833963727129,1.0,1,0.2952205855248501,0,1.1708477033095694,0.6076261848211288,3.0818524217958298e-15
1,2,step,False,16,0.720181991764751,0.07391320214481152,0.06246822600032174,0.6911975456312982,73.38432044625401,4,1.3478844172948343,114,25.694147946117926,36.80507996459571,1.0,1,0.32324993977420236,0,1.1708477033095694,0.6076261848211288,3.0818524217958298e-15
1,2,step,False,17,1.2805013366604237,0.02873230518092415,0.04619074404007257,1.286407986198546,39.55629964356406,4,1.4893567238615686,75,9.665394810665397,14.02549746604796,1.0,1,0.4410941071369342,0,1.1708477033095694,0.6076261848211288,3.0818524217958298e-15
1,2,step,False,18,0.8160002170453344,0.06653015469301221,0.07184616227630107,0.7857118010309566,80.73122378063826,4,1.2727468403386215,129,31.487078905846257,40.67425603654241,1.0,1,0.21620205493405537,0,1.1708477033095694,0.6076261848211288,3.0818524217958298e-15
1,2,step,False,19,1.3316689125660606,0.0605551165039129,0.054424848145914695,1.34276851232327,15.966969068378386,4,1.6890374174626903,37,6.000000000421528,9.06203700076426,1.0,1,0.21918850883867042,0,1.1708477033095694,0.6076261848211288,3.0818524217958298e-15
1,2,step,False,20,1.542113069582152,0.010680656769113785,0.006281818426468708,1.5518054332647644,50.35094875946201,4,1.2156112198778257,85,20.874757253150985,28.465822537840243,1.0,1,0.2507292611431892,0,1.1708477033095694,0.6076261848211288,3.0818524217958298e-15
1,2,step,False,21,2.0051335288065353,0.026865828671435193,0.021950714185393776,1.9742388230003605,35.97508400818381,4,1.362173227191439,63,6.000000000448423,8.624749972763944,1.0,1,0.3284704982765556,0,1.1708477033095694,0.6076261848211288,3.0818524217958298e-15
1,2,step,False,22,2.5644615416402696,0.040989814815489446,0.0340973464612257,2.5633631664374383,17.124575495420004,4,1.6590726355233671,30,6.000000000360611,7.987421122537053,1.0,1,0.15582465331289547,0,1.1708477033095694,0.6076261848211288,3.0818524217958298e-15
1,2,step,False,23,1.107052378092518,0.027065742213448228,0.030638821262493697,1.098881262669808,87.14941156343991,4,1.3010299865835984,137,28.49008137925939,40.047035009314534,1.0,1,0.3131315507337006,0,1.1708477033095694,0.6076261848211288,3.0818524217958298e-15
1,3,step,False,0,1.5749285892107503,0.009529202653822741,0.021897606676460794,1.5352165324677927,58.1255192699806,4,1.3359299744479276,100,18.56963101702363,24.950429120396947,1.0,1,0.17146567778634123,0,0.8279143507468913,0.3622208684682846,3.493729425957829e-13
1,3,step,False,1,1.2597795664531544,0.008585787589621455,0.012521526603086119,1.2574605609209226,73.4203802244768,4,1.3014780187753279,119,28.637287214155972,37.95674272204755,1.0,1,0.15593830479726442,0,0.8279143507468913,0.3622208684682846,3.493729425957829e-13
1,3,step,False,2,1.321130606706036,0.03256340353064875,0.0353783853533421,1.2968486310961702,64.21333978017283,4,1.3680608408512542,109,17.261905448148397,26.364520048500466,1.0,1,0.17616784407911942,0,0.8279143507468913,0.3622208684682846,3.493729425957829e-13
1,3,step,False,3,0.7822524636658202,0.08156249380765854,0.10098316619527041,0.7887976066307316,31.65460114810914,4,1.5401210518536577,63,9.063267962858045,12.94342774928377,1.0,1,0.19295733460979747,0,0.8279143507468913,0.3622208684682846,3.493729425957829e-13
1,3,step,False,4,0.34434947603663596,0.07006914931743878,0.08760588855588422,0.34933103969013735,110.76965662245044,4,1.2506721675324675,171,43.42127484836803,57.83921456965406,1.0,1,0.15023415400151405,0,0.8279143507468913,0.3622208684682846,3.493729425957829e-13
1,3,step,False,5,1.4417495312968414,0.02874463822845891,0.02940407296350532,1.4063767490575503,58.85843969092172,4,1.443776098345645,109,19.683435529081244,26.668670795321102,1.0,1,0.2023480999011593,0,0.8279143507468913,0.3622208684682846,3.493729425957829e-13
1,3,step,False,6,1.00972397712654,0.028731158221176188,0.033650212390920815,1.0274102334164679,53.26794803322947,4,1.4548996150584552,93,19.619771166901508,25.912481107568446,1.0,1,0.13629108476759902,0,0.8279143507468913,0.3622208684682846,3.493729425957829e-13
1,3,step,False,7,1.2185947329704703,0.041291102482240445,0.04335301107252063,1.1732784477053118,59.776321990038106,4,1.5824914426247365,102,18.320307305178112,26.300236791478618,1.0,1,0.14276890385576332,0,0.8279143507468913,0.3622208684682846,3.493729425957829e-13
1,3,step,False,8,1.0529759994370083,0.009118183260659607,0.018025357034565072,1.0304770381052146,90.63043919268989,4,1.2089503562504371,135,33.33114182316831,44.67239269340149,1.0,1,0.1268310226908995,0,0.8279143507468913,0.3622208684682846,3.493729425957829e-13
1,3,step,False,9,0.29021406196150945,0.022325373700588718,0.037530307063268015,0.30145115198678174,86.10041172850613,4,1.3027633038404485,140,37.79293087272059,53.24720727361187,1.0,1,0.15717579479693003,0,0.8279143507468913,0.3622208684682846,3.493729425957829e-13
1,3,step,False,10,1.385073693952201,0.017433280657295654,0.01817735746341647,1.3746661218999394,71.91980943756451,4,1.3079830281169158,120,19.883638497536516,26.505028703246307,1.0,1,0.11050978706091381,0,0.8279143507468913,0.3622208684682846,3.493729425957829e-13
1,3,step,False,11,1.039287979344075,0.07401297800552169,0.06946342990990302,0.9783331104422774,44.593612143074274,4,1.4179461310870287,80,12.398084477537378,16.19710533426183,1.0,1,0.06675357007315093,0,0.8279143507468913,0.3622208684682846,3.493729425957829e-13
1,3,step,False,12,1.093621695593289,0.010916701717006608,0.006981175685816066,1.0841202588167642,83.87676452846466,4,1.2362845540544831,127,30.09812710349883,38.68323606604855,1.0,1,0.10361692573588269,0,0.8279143507468913,0.3622208684682846,3.493729425957829e-13
1,3,step,False,13,0.9736580260817508,0.023678476836503343,0.006691322794632664,0.9635194857550359,60.767410951634155,4,1.3012547771511178,99,16.97446271926355,23.69272327622302,1.0,1,0.17946671730247662,0,0.8279143507468913,0.3622208684682846,3.493729425957829e-13
1,3,step,False,14,1.313802687997899,0.012484815759487998,0.019463617530753523,1.3225702913491508,76.4711253420775,4,1.2740067003456363,123,23.783390653171907,31.98533276468749,1.0,1,0.148646633510742,0,0.8279143507468913,0.3622208684682846,3.493729425957829e-13
1,3,step,False,15,2.345362840709062,0.02448904314112316,0.02998123573951759,2.3698293887686748,15.315387151269974,4,1.6743011216639352,34,6.0000000003265574,8.595672719429153,1.0,1,0.3061700654213889,0,0.8279143507468913,0.3622208684682846,3.493729425957829e-13
1,3,step,False,16,0.720181991764751,0.07398057461590954,0.06246822600032174,0.6911975456312982,73.38432044625401,4,1.3478844172948343,114,25.424634755082593,34.40802853921711,1.0,1,0.15319161039096324,0,0.8279143507468913,0.3622208684682846,3.493729425957829e-13
1,3,step,False,17,1.2805013366604237,0.04580341890297959,0.04619074404007257,1.286407986198546,39.55629964356406,4,1.4893567238615686,75,10.553066842232337,16.268858640160378,1.0,1,0.15025481273988775,0,0.8279143507468913,0.3622208684682846,3.493729425957829e-13
1,3,step,False,18,0.8160002170453344,0.07162036102335692,0.07184616227630107,0.7857118010309566,80.73122378063826,4,1.2727468403386215,129,32.524733632947985,41.59963284097425,1.0,1,0.15333927219079502,0,0.8279143507468913,0.3622208684682846,3.493729425957829e-13
1,3,step,False,19,1.3316689125660606,0.0580577601498744,0.054424848145914695,1.34276851232327,15.966969068378386,4,1.6890374174626903,37,6.000000000039117,7.866011097558461,1.0,1,0.11405512846617136,0,0.8279143507468913,0.3622208684682846,3.493729425957829e-13
1,3,step,False,20,1.542113069582152,0.011509581061842073,0.006281818426468708,1.5518054332647644,50.35094875946201,4,1.2156112198778257,85,20.232548594755535,25.647317973897497,1.0,1,0.1060183482082839,0,0.8279143507468913,0.3622208684682846,3.493729425957829e-13
1,3,step,False,21,2.0051335288065353,0.01565427890688267,0.021950714185393776,1.9742388230003605,35.97508400818381,4,1.362173227191439,63,6.000000000613613,8.139890993279428,1.0,1,0.17134062554525264,0,0.8279143507468913,0.3622208684682846,3.493729425957829e-13
1,3,step,False,22,2.5644615416402696,0.04956628586455386,0.0340973464612257,2.5633631664374383,17.124575495420004,4,1.6590726355233671,30,6.000000000147311,7.925069543666256,1.0,1,0.1220001583976946,0,0.8279143507468913,0.3622208684682846,3.493729425957829e-13
1,3,step,False,23,1.107052378092518,0.010204827086052012,0.030638821262493697,1.098881262669808,87.14941156343991,4,1.3010299865835984,137,26.93005868959509,36.626300292340126,1.0,1,0.18781325714205593,0,0.8279143507468913,0.3622208684682846,3.493729425957829e-13
2,0,init,False,0,1.0467706587360495,0.04818080207143044,0.04818080207143044,1.065614527120084,59.04569452859888,4,1.389966061080823,96,nan,nan,1.0,1,nan,0,nan,nan,nan
2,0,init,False,1,1.0701418227387929,0.03725360556243048,0.03725360556242452,1.1053002567008543,51.64105542247972,4,1.2390161483685567,93,nan,nan,1.0,1,nan,0,nan,nan,nan
2,0,init,False,2,0.7932685761589658,0.044490053779853246,0.04449005377984825,0.8106206378681393,42.34374708505638,4,1.3021521159175078,77,nan,nan,1.0,1,nan,0,nan,nan,nan
2,0,init,False,3,0.3205409858769687,0.0889115517279032,0.0889115517279007,0.32860106643734815,84.00726786199591,4,1.300901783066737,130,nan,nan,1.0,1,nan,0,nan,nan,nan
2,0,init,False,4,1.2844467353127504,0.02815908978754913,0.02815908978755307,1.3287762467247326,7.469383352135623,4,1.6761644872707415,14,nan,nan,1.0,1,nan,0,nan,nan,nan
2,0,init,False,5,2.0802561912918844,0.009644631408688325,0.009644631408699837,2.1503651142273097,39.51145944543005,4,1.5192913821130405,72,nan,nan,1.0,1,nan,0,nan,nan,nan
2,0,init,False,6,1.2190457946602995,0.026464981314358035,0.02646498131436223,1.304019699539826,72.9073654873682,4,1.2255340651471252,122,nan,nan,1.0,1,nan,0,nan,nan,nan
2,0,init,False,7,1.5215077396539407,0.032497285760184035,0.03249728576018745,1.6118185057858692,65.90824151687282,4,1.2594893218466454,114,nan,nan,1.0,1,nan,0,nan,nan,nan
2,0,init,False,8,1.0115079638172977,0.04281285562693703,0.04281285562693443,1.0402539668499504,75.22126136979051,4,1.3281580911852546,123,nan,nan,1.0,1,nan,0,nan,nan,nan
2,0,init,False,9,0.3423530440072947,0.14874204384882095,0.1487420438488202,0.39462833349611937,35.18788834101062,4,1.3549033565079938,63,nan,nan,1.0,1,nan,0,nan,nan,nan
2,0,init,False,10,0.3204744605844023,0.07115304953183553,0.07115304953183708,0.317223365294951,87.16048825978412,4,1.2738906059503479,139,nan,nan,1.0,1,nan,0,nan,nan,nan
2,0,init,False,11,1.348557138294263,0.016873490355006585,0.016873490355006585,1.4309213818013853,54.85926235489409,4,1.2922969011704626,92,nan,nan,1.0,1,nan,0,nan,nan,nan
2,0,init,False,12,1.95878432879614,0.011360170209720858,0.01136017020975995,2.0254609245379407,40.08902068095337,4,1.384946821223811,76,nan,nan,1.0,1,nan,0,nan,nan,nan
2,0,init,False,13,2.3633895001822,0.014964964686288789,0.014964964686303628,2.3982427287796764,26.59264496145776,4,1.352033392404459,52,nan,nan,1.0,1,nan,0,nan,nan,nan
2,0,init,False,14,1.7825206800460858,0.014728728551646978,0.014728728551662055,1.8821161988121373,46.172091068059316,4,1.3466985252160468,82,nan,nan,1.0,1,nan,0,nan,nan,nan
2,0,init,False,15,1.1478094221068595,0.05124397325439869,0.05124397325439869,1.178307628048324,28.877027391427546,4,1.59673346097239,55,nan,nan,1.0,1,nan,0,nan,nan,nan
2,0,init,False,16,0.7518156372889109,0.012564134322368019,0.012564134322359182,0.8058500529624382,106.71190044916905,4,1.1266294635540246,165,nan,nan,1.0,1,nan,0,nan,nan,nan
2,0,init,False,17,1.4618158494836173,0.017268687561460907,0.017268687561480194,1.4834011543436434,35.0073398635863,4,1.3254211573746157,63,nan,nan,1.0,1,nan,0,nan,nan,nan
2,0,init,False,18,1.7987267463663223,0.023551931644875616,0.023551931644880328,1.8668543172144307,44.12035323503808,4,1.4784202331339371,84,nan,nan,1.0,1,nan,0,nan,nan,nan
2,0,init,False,19,1.6219259550985072,0.013781814922248297,0.013781814922264409,1.6802534881377214,74.42484287557377,4,1.3377405722563598,113,nan,nan,1.0,1,nan,0,nan,nan,nan
2,0,init,False,20,0.4967517232200428,0.03748703549697538,0.03748703549697834,0.5386624092673657,75.84888072224115,4,1.410734447486806,127,nan,nan,1.0,1,nan,0,nan,nan,nan
2,0,init,False,21,0.2801579968649878,0.1564378305554942,0.15643783055549101,0.2811764722451304,106.18932736682225,4,1.31924396631905,161,nan,nan,1.0,1,nan,0,nan,nan,nan
2,0,init,False,22,0.4284902509478303,0.06819963834618413,0.0681996383461825,0.45001950312967354,88.86975276936352,4,1.2797301308079836,138,nan,nan,1.0,1,nan,0,nan,nan,nan
2,0,init,False,23,0.8766018881723402,0.028301995934403266,0.028301995934415035,0.9502066118747599,91.8337035908913,4,1.2317549105593442,153,nan,nan,1.0,1,nan,0,nan,nan,nan
2,1,step,False,0,1.0467706587360495,0.0660339175242069,0.04818080207143044,1.065614527120084,59.04569452859888,4,1.389966061080823,96,19.776593842374545,29.496742830431185,1.0,1,0.4903200646092978,0,1.6949287368540935,1.0,5.986490585820903e-16
2,1,step,False,1,1.0701418227387929,0.041817415458503905,0.03725360556242452,1.1053002567008543,51.64105542247972,4,1.2390161483685567,93,16.77943175354453,22.524447990007843,1.0,1,0.348870495114402,0,1.6949287368540935,1.0,5.986490585820903e-16
2,1,step,False,2,0.7932685761589658,0.04046990380323974,0.04449005377984825,0.8106206378681393,42.34374708505638,4,1.3021521159175078,77,16.354900382347658,22.399713348815585,1.0,1,0.4826984531179205,0,1.6949287368540935,1.0,5.986490585820903e-16
2,1,step,False,3,0.3205409858769687,0.0822111028043923,0.0889115517279007,0.32860106643734815,84.00726786199591,4,1.300901783066737,130,29.176252212002822,42.60630639616182,1.0,1,0.6316523647827222,0,1.6949287368540935,1.0,5.986490585820903e-16
2,1,step,False,4,1.2844467353127504,0.013454790958833259,0.02815908978755307,1.3287762467247326,7.469383352135623,4,1.6761644872707415,14,6.000000000401242,7.9424714488303465,1.0,1,0.6835377841496921,0,1.6949287368540935,1.0,5.986490585820903e-16
2,1,step,False,5,2.0802561912918844,0.013983558581322802,0.009644631408699837,2.1503651142273097,39.51145944543005,4,1.5192913821130405,72,11.240977815410172,14.022946368431896,1.0,1,0.3238059539956887,0,1.6949287368540935,1.0,5.986490585820903e-16
2,1,step,False,6,1.2190457946602995,0.03586343325490126,0.02646498131436223,1.304019699539826,72.9073654873682,4,1.2255340651471252,122,22.65144161303686,30.46859474134583,1.0,1,0.344350146310297,0,1.6949287368540935,1.0,5.986490585820903e-16
2,1,step,False,7,1.5215077396539407,0.04350321776927895,0.03249728576018745,1.6118185057858692,65.90824151687282,4,1.2594893218466454,114,22.219354176951285,32.446071434006505,1.0,1,0.3028862784380729,0,1.6949287368540935,1.0,5.986490585820903e-16
2,1,step,False,8,1.0115079638172977,0.047256003655132064,0.04281285562693443,1.0402539668499504,75.22126136979051,4,1.3281580911852546,123,27.91704293999407,36.44179125757889,1.0,1,0.3574481893650545,0,1.6949287368540935,1.0,5.986490585820903e-16
2,1,step,False,9,0.3423530440072947,0.1434905914142425,0.1487420438488202,0.39462833349611937,35.18788834101062,4,1.3549033565079938,63,8.86183472093312,12.404979820776017,1.0,1,0.48031840223648764,0,1.6949287368540935,1.0,5.986490585820903e-16
2,1,step,False,10,0.3204744605844023,0.07485647524555704,0.07115304953183708,0.317223365294951,87.16048825978412,4,1.2738906059503479,139,30.738004960022103,42.2178425158871,1.0,1,0.7932015839286058,0,1.6949287368540935,1.0,5.986490585820903e-16
2,1,step,False,11,1.348557138294263,0.025985740447311032,0.016873490355006585,1.4309213818013853,54.85926235489409,4,1.2922969011704626,92,17.05164612994586,24.629664273133443,1.0,1,0.7096907020139591,0,1.6949287368540935,1.0,5.986490585820903e-16
2,1,step,False,12,1.95878432879614,0.015807351600338054,0.01136017020975995,2.0254609245379407,40.08902068095337,4,1.384946821223811,76,13.735461525275536,18.818722520805604,1.0,1,0.3883503742132723,0,1.6949287368540935,1.0,5.986490585820903e-16
2,1,step,False,13,2.3633895001822,0.00617467974424268,0.014964964686303628,2.3982427287796764,26.59264496145776,4,1.352033392404459,52,7.475902496093372,10.466105937265866,1.0,1,0.38014623748026366,0,1.6949287368540935,1.0,5.986490585820903e-16
2,1,step,False,14,1.7825206800460858,0.013852646443814357,0.014728728551662055,1.8821161988121373,46.172091068059316,4,1.3466985252160468,82,16.11904513790899,21.546685416902598,1.0,1,0.29447798786321805,0,1.6949287368540935,1.0,5.986490585820903e-16
2,1,step,False,15,1.1478094221068595,0.0758025028594201,0.05124397325439869,1.178307628048324,28.877027391427546,4,1.59673346097239,55,7.160966979626291,10.77413941529456,1.0,1,0.21755395896595825,0,1.6949287368540935,1.0,5.986490585820903e-16
2,1,step,False,16,0.7518156372889109,0.012791925014104042,0.012564134322359182,0.8058500529624382,106.71190044916905,4,1.1266294635540246,165,36.22535879486841,49.556704841941325,1.0,1,0.4088271665734733,0,1.6949287368540935,1.0,5.986490585820903e-16
2,1,step,False,17,1.4618158494836173,0.02397750163851523,0.017268687561480194,1.4834011543436434,35.0073398635863,4,1.3254211573746157,63,9.853171079702859,13.593338418183833,1.0,1,0.34444120548238294,0,1.6949287368540935,1.0,5.986490585820903e-16
2,1,step,False,18,1.7987267463663223,0.030277214754970246,0.023551931644880328,1.8668543172144307,44.12035323503808,4,1.4784202331339371,84,12.690661207299115,17.41004192114241,1.0,1,0.2399512148857825,0,1.6949287368540935,1.0,5.986490585820903e-16
2,1,step,False,19,1.6219259550985072,0.009429140707171694,0.013781814922264409,1.6802534881377214,74.42484287557377,4,1.3377405722563598,113,30.601027591767718,41.380871693530764,1.0,1,0.3557338255397216,0,1.6949287368540935,1.0,5.986490585820903e-16
2,1,step,False,20,0.4967517232200428,0.03083700523404806,0.03748703549697834,0.5386624092673657,75.84888072224115,4,1.410734447486806,127,18.816311055389633,29.60165141043377,1.0,1,0.466651198525595,0,1.6949287368540935,1.0,5.986490585820903e-16
2,1,step,False,21,0.2801579968649878,0.1516453230248224,0.15643783055549101,0.2811764722451304,106.18932736682225,4,1.31924396631905,161,37.635997295129684,52.91425200546409,1.0,1,0.6369082649372965,0,1.6949287368540935,1.0,5.986490585820903e-16
2,1,step,False,22,0.4284902509478303,0.06981898764012213,0.0681996383461825,0.45001950312967354,88.86975276936352,4,1.2797301308079836,138,33.205969876835965,46.86479078669111,1.0,1,0.375325328846995,0,1.6949287368540935,1.0,5.986490585820903e-16
2,1,step,False,23,0.8766018881723402,0.025128675238744035,0.028301995934415035,0.9502066118747599,91.8337035908913,4,1.2317549105593442,153,31.044857366390332,42.51745364896881,1.0,1,0.4382138905890994,0,1.6949287368540935,1.0,5.986490585820903e-16
2,2,step,False,0,1.0467706587360495,0.06700264126166137,0.04818080207143044,1.065614527120084,59.04569452859888,4,1.389966061080823,96,20.42047659915833,31.031802221277584,1.0,1,0.44908950852027824,0,1.1984956034574787,0.6133460253477097,9.352095441574908e-16
2,2,step,False,1,1.0701418227387929,0.032311681798586706,0.03725360556242452,1.1053002567008543,51.64105542247972,4,1.2390161483685567,93,16.737739222167168,21.94576173380863,1.0,1,0.17183141484234027,0,1.1984956034574787,0.6133460253477097,9.352095441574908e-16
2,2,step,False,2,0.7932685761589658,0.03855491968867287,0.04449005377984825,0.8106206378681393,42.34374708505638,4,1.3021521159175078,77,17.09035342195764,23.132768387199945,1.0,1,0.18437772182836137,0,1.1984956034574787,0.6133460253477097,9.352095441574908e-16
2,2,step,False,3,0.3205409858769687,0.06960150385956103,0.0889115517279007,0.32860106643734815,84.00726786199591,4,1.300901783066737,130,30.85492205862529,44.159771616692346,1.0,1,0.25628947000889923,0,1.1984956034574787,0.6133460253477097,9.352095441574908e-16
2,2,step,False,4,1.2844467353127504,0.010978234584474526,0.02815908978755307,1.3287762467247326,7.469383352135623,4,1.6761644872707415,14,6.000000000117103,7.726681212694751,1.0,1,0.30812459705031137,0,1.1984956034574787,0.6133460253477097,9.352095441574908e-16
2,2,step,False,5,2.0802561912918844,0.018745902807096114,0.009644631408699837,2.1503651142273097,39.51145944543005,4,1.5192913821130405,72,9.81338268669507,11.707504899714516,1.0,1,0.13968625935899093,0,1.1984956034574787,0.6133460253477097,9.352095441574908e-16
2,2,step,False,6,1.2190457946602995,0.0354654181709955,0.02646498131436223,1.304019699539826,72.9073654873682,4,1.2255340651471252,122,22.269355515161113,31.370297193843154,1.0,1,0.2524987355141048,0,1.1984956034574787,0.6133460253477097,9.352095441574908e-16
2,2,step,False,7,1.5215077396539407,0.03551911002093727,0.03249728576018745,1.6118185057858692,65.90824151687282,4,1.2594893218466454,114,18.892261184906406,25.773556475603673,1.0,1,0.1904158181477012,0,1.1984956034574787,0.6133460253477097,9.352095441574908e-16
2,2,step,False,8,1.0115079638172977,0.04676866304182308,0.04281285562693443,1.0402539668499504,75.22126136979051,4,1.3281580911852546,123,30.739410286431724,40.31613875569226,1.0,1,0.2839902889264685,0,1.1984956034574787,0.6133460253477097,9.352095441574908e-16
2,2,step,False,9,0.3423530440072947,0.14347242808296068,0.1487420438488202,0.39462833349611937,35.18788834101062,4,1.3549033565079938,63,10.071729779063785,14.588903875495811,1.0,1,0.28297761415607514,0,1.1984956034574787,0.6133460253477097,9.352095441574908e-16
2,2,step,False,10,0.3204744605844023,0.0864999360521943,0.07115304953183708,0.317223365294951,87.16048825978412,4,1.2738906059503479,139,30.023470684807005,44.252838736302365,1.0,1,0.3317760405692995,0,1.1984956034574787,0.6133460253477097,9.352095441574908e-16
2,2,step,False,11,1.348557138294263,0.021377496134316318,0.016873490355006585,1.4309213818013853,54.85926235489409,4,1.2922969011704626,92,15.954909283900985,24.326067310543856,1.0,1,0.420152397084903,0,1.1984956034574787,0.6133460253477097,9.352095441574908e-16
2,2,step,False,12,1.95878432879614,0.016359452080225958,0.01136017020975995,2.0254609245379407,40.08902068095337,4,1.384946821223811,76,10.750747102299218,14.125165180235058,1.0,1,0.2394858449834251,0,1.1984956034574787,0.6133460253477097,9.352095441574908e-16
2,2,step,False,13,2.3633895001822,0.0115995438918614,0.014964964686303628,2.3982427287796764,26.59264496145776,4,1.352033392404459,52,6.327666411901719,7.856783578466125,1.0,1,0.2781026544301057,0,1.1984956034574787,0.6133460253477097,9.352095441574908e-16
2,2,step,False,14,1.7825206800460858,0.013786528077345319,0.014728728551662055,1.8821161988121373,46.172091068059316,4,1.3466985252160468,82,14.097040319419984,17.748700976051275,1.0,1,0.1986616741680061,0,1.1984956034574787,0.6133460253477097,9.352095441574908e-16
2,2,step,False,15,1.1478094221068595,0.08229531815157765,0.05124397325439869,1.178307628048324,28.877027391427546,4,1.59673346097239,55,8.658046473472494,13.74526823428678,1.0,1,0.13592227152469874,0,1.1984956034574787,0.6133460253477097,9.352095441574908e-16
2,2,step,False,16,0.7518156372889109,0.019154356301424508,0.012564134322359182,0.8058500529624382,106.71190044916905,4,1.1266294635540246,165,38.40991322887668,51.87942762024386,1.0,1,0.3287527505323081,0,1.1984956034574787,0.6133460253477097,9.352095441574908e-16
2,2,step,False,17,1.4618158494836173,0.026939758312610862,0.017268687561480194,1.4834011543436434,35.0073398635863,4,1.3254211573746157,63,10.57719724907509,14.390062583064495,1.0,1,0.2119308411750708,0,1.1984956034574787,0.6133460253477097,9.352095441574908e-16
2,2,step,False,18,1.7987267463663223,0.025968938508445536,0.023551931644880328,1.8668543172144307,44.12035323503808,4,1.4784202331339371,84,12.932354845947192,17.495093158769347,1.0,1,0.12450831224459458,0,1.1984956034574787,0.6133460253477097,9.352095441574908e-16
2,2,step,False,19,1.6219259550985072,0.009783993591580182,0.013781814922264409,1.6802534881377214,74.42484287557377,4,1.3377405722563598,113,28.684175884932532,37.51649703462955,1.0,1,0.309955987930251,0,1.1984956034574787,0.6133460253477097,9.352095441574908e-16
2,2,step,False,20,0.4967517232200428,0.04579127882483813,0.03748703549697834,0.5386624092673657,75.84888072224115,4,1.410734447486806,127,21.981115600505444,35.681185897686085,1.0,1,0.358498553062578,0,1.1984956034574787,0.6133460253477097,9.352095441574908e-16
2,2,step,False,21,0.2801579968649878,0.15295278527861655,0.15643783055549101,0.2811764722451304,106.18932736682225,4,1.31924396631905,161,35.39569413816426,48.60827418965687,1.0,1,0.3623182413194504,0,1.1984956034574787,0.6133460253477097,9.352095441574908e-16
2,2,step,False,22,0.4284902509478303,0.06321657287226505,0.0681996383461825,0.45001950312967354,88.86975276936352,4,1.2797301308079836,138,34.902494592399194,49.75272898055785,1.0,1,0.3926163062785204,0,1.1984956034574787,0.6133460253477097,9.352095441574908e-16
2,2,step,False,23,0.8766018881723402,0.018238894411119144,0.028301995934415035,0.9502066118747599,91.8337035908913,4,1.2317549105593442,153,31.32714034834962,41.7709491309528,1.0,1,0.23376999385522126,0,1.1984956034574787,0.6133460253477097,9.352095441574908e-16
2,3,step,False,0,1.0467706587360495,0.07728739711592948,0.04818080207143044,1.065614527120084,59.04569452859888,4,1.389966061080823,96,19.89573750750212,28.295050509675296,1.0,1,0.2083125402948904,0,0.8474643684270466,0.3689720630645752,1.1673782054084974e-14
2,3,step,False,1,1.0701418227387929,0.018782397432884294,0.03725360556242452,1.1053002567008543,51.64105542247972,4,1.2390161483685567,93,18.153020915243687,24.08529513387562,1.0,1,0.16366084297419659,0,0.8474643684270466,0.3689720630645752,1.1673782054084974e-14
2,3,step,False,2,0.7932685761589658,0.03770216507080411,0.04449005377984825,0.8106206378681393,42.34374708505638,4,1.3021521159175078,77,18.07410227550232,23.785855271095983,1.0,1,0.1494617279855675,0,0.8474643684270466,0.3689720630645752,1.1673782054084974e-14
2,3,step,False,3,0.3205409858769687,0.08186231354194849,0.0889115517279007,0.32860106643734815,84.00726786199591,4,1.300901783066737,130,32.49838851757202,44.27940073375456,1.0,1,0.14101246697953862,0,0.8474643684270466,0.3689720630645752,1.1673782054084974e-14
2,3,step,False,4,1.2844467353127504,0.021633104253648908,0.02815908978755307,1.3287762467247326,7.469383352135623,4,1.6761644872707415,14,6.000000000354575,8.063238906952478,1.0,1,0.13313253427791563,0,0.8474643684270466,0.3689720630645752,1.1673782054084974e-14
2,3,step,False,5,2.0802561912918844,0.019271497529643647,0.009644631408699837,2.1503651142273097,39.51145944543005,4,1.5192913821130405,72,9.693601645873798,12.461358422635671,1.0,1,0.17004952145648217,0,0.8474643684270466,0.3689720630645752,1.1673782054084974e-14
2,3,step,False,6,1.2190457946602995,0.030600283398336234,0.02646498131436223,1.304019699539826,72.9073654873682,4,1.2255340651471252,122,20.192240911686703,27.526974097768075,1.0,1,0.23457674495694553,0,0.8474643684270466,0.3689720630645752,1.1673782054084974e-14
2,3,step,False,7,1.5215077396539407,0.027803303253859577,0.03249728576018745,1.6118185057858692,65.90824151687282,4,1.2594893218466454,114,16.95607380118811,21.610455730431966,1.0,1,0.2024355121330334,0,0.8474643684270466,0.3689720630645752,1.1673782054084974e-14
2,3,step,False,8,1.0115079638172977,0.04123990459022501,0.04281285562693443,1.0402539668499504,75.22126136979051,4,1.3281580911852546,123,33.7957087050465,44.61184049039504,1.0,1,0.18378895415582733,0,0.8474643684270466,0.3689720630645752,1.1673782054084974e-14
2,3,step,False,9,0.3423530440072947,0.15386085905526217,0.1487420438488202,0.39462833349611937,35.18788834101062,4,1.3549033565079938,63,12.328102164796586,17.515889274384286,1.0,1,0.11583342888112012,0,0.8474643684270466,0.3689720630645752,1.1673782054084974e-14
2,3,step,False,10,0.3204744605844023,0.0775943086454503,0.07115304953183708,0.317223365294951,87.16048825978412,4,1.2738906059503479,139,29.818115594263087,43.712879947690205,1.0,1,0.22634453541767532,0,0.8474643684270466,0.3689720630645752,1.1673782054084974e-14
2,3,step,False,11,1.348557138294263,0.029475712324905586,0.016873490355006585,1.4309213818013853,54.85926235489409,4,1.2922969011704626,92,13.64761668441442,18.5520097617409,1.0,1,0.10364813334560131,0,0.8474643684270466,0.3689720630645752,1.1673782054084974e-14
2,3,step,False,12,1.95878432879614,0.019088686826988367,0.01136017020975995,2.0254609245379407,40.08902068095337,4,1.384946821223811,76,8.45195745220207,10.079521161749184,1.0,1,0.1577679160637936,0,0.8474643684270466,0.3689720630645752,1.1673782054084974e-14
2,3,step,False,13,2.3633895001822,0.015415334298522118,0.014964964686303628,2.3982427287796764,26.59264496145776,4,1.352033392404459,52,6.000000000138186,7.290662066091815,1.0,1,0.16511592537913333,0,0.8474643684270466,0.3689720630645752,1.1673782054084974e-14
2,3,step,False,14,1.7825206800460858,0.021346168623504025,0.014728728551662055,1.8821161988121373,46.172091068059316,4,1.3466985252160468,82,12.552969910125658,14.926245816849168,1.0,1,0.11917806485476799,0,0.8474643684270466,0.3689720630645752,1.1673782054084974e-14
2,3,step,False,15,1.1478094221068595,0.06401915912910457,0.05124397325439869,1.178307628048324,28.877027391427546,4,1.59673346097239,55,9.555126136233396,13.446032104662704,1.0,1,0.06081084374600034,0,0.8474643684270466,0.3689720630645752,1.1673782054084974e-14
2,3,step,False,16,0.7518156372889109,0.028375638657214083,0.012564134322359182,0.8058500529624382,106.71190044916905,4,1.1266294635540246,165,38.32654254431033,50.76203488776977,1.0,1,0.14747382329509207,0,0.8474643684270466,0.3689720630645752,1.1673782054084974e-14
2,3,step,False,17,1.4618158494836173,0.02326661282243516,0.017268687561480194,1.4834011543436434,35.0073398635863,4,1.3254211573746157,63,12.269604017976583,17.11556541366125,1.0,1,0.18212665788043692,0,0.8474643684270466,0.3689720630645752,1.1673782054084974e-14
2,3,step,False,18,1.7987267463663223,0.017220196081295328,0.023551931644880328,1.8668543172144307,44.12035323503808,4,1.4784202331339371,84,13.986296120064369,18.187569705996594,1.0,1,0.0731987541045603,0,0.8474643684270466,0.3689720630645752,1.1673782054084974e-14
2,3,step,False,19,1.6219259550985072,0.010814163858757043,0.013781814922264409,1.6802534881377214,74.42484287557377,4,1.3377405722563598,113,25.894654222720398,32.73332184517985,1.0,1,0.17370882542090232,0,0.8474643684270466,0.3689720630645752,1.1673782054084974e-14
2,3,step,False,20,0.4967517232200428,0.0691944526924196,0.03748703549697834,0.5386624092673657,75.84888072224115,4,1.410734447486806,127,24.289853100830705,39.884932769386936,1.0,1,0.25116340747334975,0,0.8474643684270466,0.3689720630645752,1.1673782054084974e-14
2,3,step,False,21,0.2801579968649878,0.14774384186946116,0.15643783055549101,0.2811764722451304,106.18932736682225,4,1.31924396631905,161,33.80044993173203,46.378944638089905,1.0,1,0.10756905826891529,0,0.8474643684270466,0.3689720630645752,1.1673782054084974e-14
2,3,step,False,22,0.4284902509478303,0.06952162367575317,0.0681996383461825,0.45001950312967354,88.86975276936352,4,1.2797301308079836,138,34.289138028247706,47.92718662932791,1.0,1,0.11535223890566873,0,0.8474643684270466,0.3689720630645752,1.1673782054084974e-14
2,3,step,False,23,0.8766018881723402,0.0123799243341268,0.028301995934415035,0.9502066118747599,91.8337035908913,4,1.2317549105593442,153,32.26911133479997,41.80540052692721,1.0,1,0.20085886965551528,0,0.8474643684270466,0.3689720630645752,1.1673782054084974e-14
3,0,init,False,0,2.012293809437055,0.018756199183186353,0.018756199183210028,2.5173316972519997,37.93057280478205,4,1.3455784074471395,70,nan,nan,1.0,1,nan,0,nan,nan,nan
3,0,init,False,1,0.7367854000076806,0.044864056309628295,0.04486405630963077,0.9381530112434451,57.99527211735812,4,1.3382596057270464,106,nan,nan,1.0,1,nan,0,nan,nan,nan
3,0,init,False,2,0.6609735095724033,0.013372701083809299,0.013372701083800996,0.8068749115556259,63.15955652333682,4,1.3465946908914779,109,nan,nan,1.0,1,nan,0,nan,nan,nan
3,0,init,False,3,1.5791575861932878,0.006385137710751809,0.006385137710751809,1.974818013934592,50.09814652505192,4,1.4943202051199926,94,nan,nan,1.0,1,nan,0,nan,nan,nan
3,0,init,False,4,1.2628620126326964,0.008004008129016435,0.008004008129002564,1.573479995383498,82.79149624132033,4,1.204873137523886,136,nan,nan,1.0,1,nan,0,nan,nan,nan
3,0,init,False,5,2.203884775882906,0.016379055511242406,0.016379055511242406,2.7074113064142264,26.607861162891997,4,1.6151408514682852,50,nan,nan,1.0,1,nan,0,nan,nan,nan
3,0,init,False,6,1.3474154075443938,0.023755706948300728,0.0237557069483054,1.6598355931537507,22.494725083016796,4,1.6539183287774182,46,nan,nan,1.0,1,nan,0,nan,nan,nan
3,0,init,False,7,0.637017188984615,0.03275525899904306,0.032755258999041366,0.7935181903461473,88.99898775563832,4,1.2111449125455207,139,nan,nan,1.0,1,nan,0,nan,nan,nan
3,0,init,False,8,1.1241654617540675,0.01400713589396037,0.01400713589396037,1.3936737482226658,88.03765048272967,4,1.257016970154669,145,nan,nan,1.0,1,nan,0,nan,nan,nan
3,0,init,False,9,0.3160041946949852,0.03318564009626742,0.03318564009626742,0.3992098007986559,108.0706132519012,4,1.2117144547233307,161,nan,nan,1.0,1,nan,0,nan,nan,nan
3,0,init,False,10,0.5495978082565923,0.07030085998138645,0.07030085998138329,0.6408736572093359,39.635768704361176,4,1.524224254169316,70,nan,nan,1.0,1,nan,0,nan,nan,nan
3,0,init,False,11,1.145507073081825,0.029551458991355632,0.029551458991351878,1.3979261764127833,53.50595265384432,4,1.3543931342986377,91,nan,nan,1.0,1,nan,0,nan,nan,nan
3,0,init,False,12,1.6167986815583852,0.022000665658899854,0.022000665658904902,1.990655970697378,35.30335441281399,4,1.470880390822856,74,nan,nan,1.0,1,nan,0,nan,nan,nan
3,0,init,False,13,1.4957891254472597,0.014288880500069103,0.014288880500076873,1.8323331443511297,37.83702709614994,4,1.514555800642806,63,nan,nan,1.0,1,nan,0,nan,nan,nan
3,0,init,False,14,1.2928729106443955,0.016000743012869002,0.01600074301288288,1.6073081334941737,59.557835607351116,4,1.3574636402010074,100,nan,nan,1.0,1,nan,0,nan,nan,nan
3,0,init,False,15,1.0821811863143032,0.008683357509192803,0.00868335750923116,1.3277461752378807,80.57983105058655,4,1.2621418675497373,123,nan,nan,1.0,1,nan,0,nan,nan,nan
3,0,init,False,16,2.2308898068401075,0.01587551009400825,0.01587551009400825,2.6787613247128075,29.913116794190373,4,1.419443889218377,53,nan,nan,1.0,1,nan,0,nan,nan,nan
3,0,init,False,17,0.9897997487825622,0.015317781229384363,0.015317781229384363,1.2328630427164144,81.85760306373517,4,1.2668221508812167,130,nan,nan,1.0,1,nan,0,nan,nan,nan
3,0,init,False,18,0.5590769175905304,0.06115467045686692,0.06115467045686692,0.6853155502519245,92.05003247630124,4,1.1697464886624773,143,nan,nan,1.0,1,nan,0,nan,nan,nan
3,0,init,False,19,0.3614042791791365,0.06994133695812473,0.06994133695812473,0.44831401621252115,94.70932325003324,4,1.2914698356524905,147,nan,nan,1.0,1,nan,0,nan,nan,nan
3,0,init,False,20,1.1237436745120502,0.03650241192165348,0.036502411921650435,1.3767573330804863,74.65822521997791,4,1.2522667698187906,126,nan,nan,1.0,1,nan,0,nan,nan,nan
3,0,init,False,21,0.48646786313588014,0.08295927172955644,0.08295927172955644,0.6388202974049727,78.49371927859829,4,1.2956308258276654,125,nan,nan,1.0,1,nan,0,nan,nan,nan
3,0,init,False,22,1.1811721758476943,0.014855723679016771,0.014855723679024244,1.4731863504175895,35.3537841656409,4,1.6002462899003156,65,nan,nan,1.0,1,nan,0,nan,nan,nan
3,0,init,False,23,0.5342055744252718,0.06430906043858395,0.06430906043858739,0.6758729605551194,20.35954427838876,4,1.4853578680848185,45,nan,nan,1.0,1,nan,0,nan,nan,nan
3,1,step,False,0,2.012293809437055,0.018116992408925392,0.018756199183210028,2.5173316972519997,37.93057280478205,4,1.3455784074471395,70,10.922416364615072,14.482454994206554,1.0,1,0.4445345922740112,0,1.5615755036669832,1.0,1.1869428765745926e-15
3,1,step,False,1,0.7367854000076806,0.03122478786777144,0.04486405630963077,0.9381530112434451,57.99527211735812,4,1.3382596057270464,106,15.010092051920687,22.83846301223448,1.0,1,0.3174549329979017,0,1.5615755036669832,1.0,1.1869428765745926e-15
3,1,step,False,2,0.6609735095724033,0.017725425211029756,0.013372701083800996,0.8068749115556259,63.15955652333682,4,1.3465946908914779,109,16.773240001704252,26.060001847395142,1.0,1,0.46843943567792146,0,1.5615755036669832,1.0,1.1869428765745926e-15
3,1,step,False,3,1.5791575861932878,0.004201884367044058,0.006385137710751809,1.974818013934592,50.09814652505192,4,1.4943202051199926,94,14.899836431441516,19.76585011294503,1.0,1,0.3237829098462641,0,1.5615755036669832,1.0,1.1869428765745926e-15
3,1,step,False,4,1.2628620126326964,0.012544552452821626,0.008004008129002564,1.573479995383498,82.79149624132033,4,1.204873137523886,136,30.000734778869607,41.36548508494214,1.0,1,0.5218717289487111,0,1.5615755036669832,1.0,1.1869428765745926e-15
3,1,step,False,5,2.203884775882906,0.014454557176008154,0.016379055511242406,2.7074113064142264,26.607861162891997,4,1.6151408514682852,50,6.0000000004595995,9.991526186540185,1.0,1,0.31287594339043023,0,1.5615755036669832,1.0,1.1869428765745926e-15
3,1,step,False,6,1.3474154075443938,0.025297200614077912,0.0237557069483054,1.6598355931537507,22.494725083016796,4,1.6539183287774182,46,6.000000000553866,9.549807590621803,1.0,1,0.16153891658508254,0,1.5615755036669832,1.0,1.1869428765745926e-15
3,1,step,False,7,0.637017188984615,0.03691107665540766,0.032755258999041366,0.7935181903461473,88.99898775563832,4,1.2111449125455207,139,30.448542280750008,41.1574719300779,1.0,1,0.43368720486663764,0,1.5615755036669832,1.0,1.1869428765745926e-15
3,1,step,False,8,1.1241654617540675,0.015059353387663683,0.01400713589396037,1.3936737482226658,88.03765048272967,4,1.257016970154669,145,29.053652846562443,41.683052171770576,1.0,1,0.469913575132488,0,1.5615755036669832,1.0,1.1869428765745926e-15
3,1,step,False,9,0.3160041946949852,0.040467217280688306,0.03318564009626742,0.3992098007986559,108.0706132519012,4,1.2117144547233307,161,42.8935622231798,58.530855301915764,1.0,1,0.3395671228583406,0,1.5615755036669832,1.0,1.1869428765745926e-15
3,1,step,False,10,0.5495978082565923,0.08157799804531828,0.07030085998138329,0.6408736572093359,39.635768704361176,4,1.524224254169316,70,10.636952920369222,14.250463305950456,1.0,1,0.29670381917455096,0,1.5615755036669832,1.0,1.1869428765745926e-15
3,1,step,False,11,1.145507073081825,0.051960378450958467,0.029551458991351878,1.3979261764127833,53.50595265384432,4,1.3543931342986377,91,16.987319016572748,22.422380618220046,1.0,1,0.3380085940152504,0,1.5615755036669832,1.0,1.1869428765745926e-15
3,1,step,False,12,1.6167986815583852,0.030565129560437297,0.022000665658904902,1.990655970697378,35.30335441281399,4,1.470880390822856,74,8.27525075068241,10.276580991030693,1.0,1,0.2851763950347285,0,1.5615755036669832,1.0,1.1869428765745926e-15
3,1,step,False,13,1.4957891254472597,0.03280802804676166,0.014288880500076873,1.8323331443511297,37.83702709614994,4,1.514555800642806,63,14.486518135238502,20.3996384800186,1.0,1,0.46881131918107033,0,1.5615755036669832,1.0,1.1869428765745926e-15
3,1,step,False,14,1.2928729106443955,0.01807885058840902,0.01600074301288288,1.6073081334941737,59.557835607351116,4,1.3574636402010074,100,21.64276409526105,30.36216966529646,1.0,1,0.45008474846606433,0,1.5615755036669832,1.0,1.1869428765745926e-15
3,1,step,False,15,1.0821811863143032,0.01164988538988605,0.00868335750923116,1.3277461752378807,80.57983105058655,4,1.2621418675497373,123,30.556319088868502,43.483785732213775,1.0,1,0.46878647475294155,0,1.5615755036669832,1.0,1.1869428765745926e-15
3,1,step,False,16,2.2308898068401075,0.029146782777999806,0.01587551009400825,2.6787613247128075,29.913116794190373,4,1.419443889218377,53,9.17412241406408,12.544210845162215,1.0,1,0.25175183648141575,0,1.5615755036669832,1.0,1.1869428765745926e-15
3,1,step,False,17,0.9897997487825622,0.02109525729260512,0.015317781229384363,1.2328630427164144,81.85760306373517,4,1.2668221508812167,130,29.688235730993995,42.488633301819924,1.0,1,0.5447350329781057,0,1.5615755036669832,1.0,1.1869428765745926e-15
3,1,step,False,18,0.5590769175905304,0.06463733087779759,0.06115467045686692,0.6853155502519245,92.05003247630124,4,1.1697464886624773,143,34.46379207333563,47.075097607185626,1.0,1,0.44769687929833935,0,1.5615755036669832,1.0,1.1869428765745926e-15
3,1,step,False,19,0.3614042791791365,0.06513362600999058,0.06994133695812473,0.44831401621252115,94.70932325003324,4,1.2914698356524905,147,32.555472275433054,45.326689933314725,1.0,1,0.5674986746964658,0,1.5615755036669832,1.0,1.1869428765745926e-15
3,1,step,False,20,1.1237436745120502,0.04515477038627765,0.036502411921650435,1.3767573330804863,74.65822521997791,4,1.2522667698187906,126,29.580320927251453,39.15800024600011,1.0,1,0.46153474640358966,0,1.5615755036669832,1.0,1.1869428765745926e-15
3,1,step,False,21,0.48646786313588014,0.09305562352931045,0.08295927172955644,0.6388202974049727,78.49371927859829,4,1.2956308258276654,125,26.417901366606994,36.81208911139034,1.0,1,0.46145181619702824,0,1.5615755036669832,1.0,1.1869428765745926e-15
3,1,step,False,22,1.1811721758476943,0.019209490198034713,0.014855723679024244,1.4731863504175895,35.3537841656409,4,1.6002462899003156,65,10.049682712382431,14.14525421403489,1.0,1,0.34362741363908456,0,1.5615755036669832,1.0,1.1869428765745926e-15
3,1,step,False,23,0.5342055744252718,0.046117995037335754,0.06430906043858739,0.6758729605551194,20.35954427838876,4,1.4853578680848185,45,6.000000000403003,7.9686208448951135,1.0,1,0.11353816404754676,0,1.5615755036669832,1.0,1.1869428765745926e-15
3,2,step,False,0,2.012293809437055,0.016891366815053686,0.018756199183210028,2.5173316972519997,37.93057280478205,4,1.3455784074471395,70,10.272369529053977,13.730326480665296,1.0,1,0.21564016401983344,0,1.1042006279777221,0.6160780042409897,5.355957732247211e-16
3,2,step,False,1,0.7367854000076806,0.03070329601436364,0.04486405630963077,0.9381530112434451,57.99527211735812,4,1.3382596057270464,106,16.38713379963833,24.759136695719494,1.0,1,0.2828587521163115,0,1.1042006279777221,0.6160780042409897,5.355957732247211e-16
3,2,step,False,2,0.6609735095724033,0.030519660398084004,0.013372701083800996,0.8068749115556259,63.15955652333682,4,1.3465946908914779,109,14.647479351381973,22.197282099084866,1.0,1,0.22951163245303738,0,1.1042006279777221,0.6160780042409897,5.355957732247211e-16
3,2,step,False,3,1.5791575861932878,0.007682301839692712,0.006385137710751809,1.974818013934592,50.09814652505192,4,1.4943202051199926,94,14.356835797839576,19.43388544397773,1.0,1,0.17293105428766076,0,1.1042006279777221,0.6160780042409897,5.355957732247211e-16
3,2,step,False,4,1.2628620126326964,0.011477829960544281,0.008004008129002564,1.573479995383498,82.79149624132033,4,1.204873137523886,136,28.268054496558698,36.50437507824778,1.0,1,0.21298373059504008,0,1.1042006279777221,0.6160780042409897,5.355957732247211e-16
3,2,step,False,5,2.203884775882906,0.016769262544530858,0.016379055511242406,2.7074113064142264,26.607861162891997,4,1.6151408514682852,50,6.000000000427603,8.024163979538939,1.0,1,0.1715991455962205,0,1.1042006279777221,0.6160780042409897,5.355957732247211e-16
3,2,step,False,6,1.3474154075443938,0.027519675134023276,0.0237557069483054,1.6598355931537507,22.494725083016796,4,1.6539183287774182,46,6.862046124713691,10.232711984226183,1.0,1,0.21329705308493482,0,1.1042006279777221,0.6160780042409897,5.355957732247211e-16
3,2,step,False,7,0.637017188984615,0.04054118762911937,0.032755258999041366,0.7935181903461473,88.99898775563832,4,1.2111449125455207,139,31.378614255475554,43.70175546334964,1.0,1,0.22936674376834498,0,1.1042006279777221,0.6160780042409897,5.355957732247211e-16
3,2,step,False,8,1.1241654617540675,0.016754125728887674,0.01400713589396037,1.3936737482226658,88.03765048272967,4,1.257016970154669,145,29.24669160950498,40.03325076415222,1.0,1,0.24365343986959895,0,1.1042006279777221,0.6160780042409897,5.355957732247211e-16
3,2,step,False,9,0.3160041946949852,0.03985834430539291,0.03318564009626742,0.3992098007986559,108.0706132519012,4,1.2117144547233307,161,42.83162956007703,57.136750394153175,1.0,1,0.1835575427897805,0,1.1042006279777221,0.6160780042409897,5.355957732247211e-16
3,2,step,False,10,0.5495978082565923,0.08182045027404732,0.07030085998138329,0.6408736572093359,39.635768704361176,4,1.524224254169316,70,13.746794178856252,19.61701399729877,1.0,1,0.20766437357460593,0,1.1042006279777221,0.6160780042409897,5.355957732247211e-16
3,2,step,False,11,1.145507073081825,0.05696757434547834,0.029551458991351878,1.3979261764127833,53.50595265384432,4,1.3543931342986377,91,18.332109278652133,25.360827527602293,1.0,1,0.2604594085936625,0,1.1042006279777221,0.6160780042409897,5.355957732247211e-16
3,2,step,False,12,1.6167986815583852,0.025430506946025222,0.022000665658904902,1.990655970697378,35.30335441281399,4,1.470880390822856,74,7.810018684525836,10.080741057679987,1.0,1,0.3987950534913759,0,1.1042006279777221,0.6160780042409897,5.355957732247211e-16
3,2,step,False,13,1.4957891254472597,0.0362724213801596,0.014288880500076873,1.8323331443511297,37.83702709614994,4,1.514555800642806,63,12.376742670557832,17.263960891027327,1.0,1,0.22708223960869764,0,1.1042006279777221,0.6160780042409897,5.355957732247211e-16
3,2,step,False,14,1.2928729106443955,0.019081584430731848,0.01600074301288288,1.6073081334941737,59.557835607351116,4,1.3574636402010074,100,19.39089357732291,26.897467749380688,1.0,1,0.25612185672568333,0,1.1042006279777221,0.6160780042409897,5.355957732247211e-16
3,2,step,False,15,1.0821811863143032,0.007420734143718376,0.00868335750923116,1.3277461752378807,80.57983105058655,4,1.2621418675497373,123,30.543989209305867,40.969938087433114,1.0,1,0.2445498411043887,0,1.1042006279777221,0.6160780042409897,5.355957732247211e-16
3,2,step,False,16,2.2308898068401075,0.026771189838788,0.01587551009400825,2.6787613247128075,29.913116794190373,4,1.419443889218377,53,7.177118850994111,9.798028708362168,1.0,1,0.178297114994582,0,1.1042006279777221,0.6160780042409897,5.355957732247211e-16
3,2,step,False,17,0.9897997487825622,0.025003822710174314,0.015317781229384363,1.2328630427164144,81.85760306373517,4,1.2668221508812167,130,28.39910430101604,39.43160939296463,1.0,1,0.2223519844684941,0,1.1042006279777221,0.6160780042409897,5.355957732247211e-16
3,2,step,False,18,0.5590769175905304,0.05666216805699599,0.06115467045686692,0.6853155502519245,92.05003247630124,4,1.1697464886624773,143,34.67124164582446,48.88796708864421,1.0,1,0.22010631008718934,0,1.1042006279777221,0.6160780042409897,5.355957732247211e-16
3,2,step,False,19,0.3614042791791365,0.06516341611588373,0.06994133695812473,0.44831401621252115,94.70932325003324,4,1.2914698356524905,147,33.12636914222534,46.01621959955466,1.0,1,0.24246361498537267,0,1.1042006279777221,0.6160780042409897,5.355957732247211e-16
3,2,step,False,20,1.1237436745120502,0.04384160667176307,0.036502411921650435,1.3767573330804863,74.65822521997791,4,1.2522667698187906,126,28.873609778101056,39.23569870240452,1.0,1,0.18553212337013653,0,1.1042006279777221,0.6160780042409897,5.355957732247211e-16
3,2,step,False,21,0.48646786313588014,0.09110002743906896,0.08295927172955644,0.6388202974049727,78.49371927859829,4,1.2956308258276654,125,29.101570112617026,40.235857361562324,1.0,1,0.13228608217879778,0,1.1042006279777221,0.6160780042409897,5.355957732247211e-16
3,2,step,False,22,1.1811721758476943,0.022991654791343213,0.014855723679024244,1.4731863504175895,35.3537841656409,4,1.6002462899003156,65,10.470286681955354,15.382190867623715,1.0,1,0.191314295350255,0,1.1042006279777221,0.6160780042409897,5.355957732247211e-16
3,2,step,False,23,0.5342055744252718,0.0434847620023567,0.06430906043858739,0.6758729605551194,20.35954427838876,4,1.4853578680848185,45,6.676097109219576,9.140193035176953,1.0,1,0.14594726400264485,0,1.1042006279777221,0.6160780042409897,5.355957732247211e-16
3,3,step,False,0,2.012293809437055,0.01640619139088914,0.018756199183210028,2.5173316972519997,37.93057280478205,4,1.3455784074471395,70,9.17288201511621,12.042077958857067,1.0,1,0.2527723905168434,0,0.7807877518334915,0.37476715445518494,4.671547897688398e-14
3,3,step,False,1,0.7367854000076806,0.04470169363003919,0.04486405630963077,0.9381530112434451,57.99527211735812,4,1.3382596057270464,106,15.898932537454423,23.476908297817626,1.0,1,0.19011049049367806,0,0.7807877518334915,0.37476715445518494,4.671547897688398e-14
3,3,step,False,2,0.6609735095724033,0.027721582361528545,0.013372701083800996,0.8068749115556259,63.15955652333682,4,1.3465946908914779,109,17.728477127852663,27.731460316662144,1.0,1,0.10279206305740653,0,0.7807877518334915,0.37476715445518494,4.671547897688398e-14
3,3,step,False,3,1.5791575861932878,0.011444223756233284,0.006385137710751809,1.974818013934592,50.09814652505192,4,1.4943202051199926,94,14.19886341055644,19.333447554938484,1.0,1,0.19235591938629246,0,0.7807877518334915,0.37476715445518494,4.671547897688398e-14
3,3,step,False,4,1.2628620126326964,0.013249490324200489,0.008004008129002564,1.573479995383498,82.79149624132033,4,1.204873137523886,136,27.446704781358186,33.387054709130176,1.0,1,0.09871691118452858,0,0.7807877518334915,0.37476715445518494,4.671547897688398e-14
3,3,step,False,5,2.203884775882906,0.020456543054701376,0.016379055511242406,2.7074113064142264,26.607861162891997,4,1.6151408514682852,50,6.000000000050425,7.962480818643875,1.0,1,0.17477390858693606,0,0.7807877518334915,0.37476715445518494,4.671547897688398e-14
3,3,step,False,6,1.3474154075443938,0.02811116696280658,0.0237557069483054,1.6598355931537507,22.494725083016796,4,1.6539183287774182,46,7.812077558295319,10.484609868152049,1.0,1,0.10933011558775589,0,0.7807877518334915,0.37476715445518494,4.671547897688398e-14
3,3,step,False,7,0.637017188984615,0.04215773032496114,0.032755258999041366,0.7935181903461473,88.99898775563832,4,1.2111449125455207,139,31.931266469662734,43.51782343885954,1.0,1,0.11603233588228844,0,0.7807877518334915,0.37476715445518494,4.671547897688398e-14
3,3,step,False,8,1.1241654617540675,0.016825257711656768,0.01400713589396037,1.3936737482226658,88.03765048272967,4,1.257016970154669,145,30.947851814398838,43.09278351300692,1.0,1,0.1764909154901195,0,0.7807877518334915,0.37476715445518494,4.671547897688398e-14
3,3,step,False,9,0.3160041946949852,0.030019411639663374,0.03318564009626742,0.3992098007986559,108.0706132519012,4,1.2117144547233307,161,41.68856909339765,54.282499391029816,1.0,1,0.14286433204832935,0,0.7807877518334915,0.37476715445518494,4.671547897688398e-14
3,3,step,False,10,0.5495978082565923,0.06359138188652283,0.07030085998138329,0.6408736572093359,39.635768704361176,4,1.524224254169316,70,16.664494644515962,23.608219524122752,1.0,1,0.1303893839706451,0,0.7807877518334915,0.37476715445518494,4.671547897688398e-14
3,3,step,False,11,1.145507073081825,0.049127154434838304,0.029551458991351878,1.3979261764127833,53.50595265384432,4,1.3543931342986377,91,17.72751850792378,23.525635566062785,1.0,1,0.12602646831617548,0,0.7807877518334915,0.37476715445518494,4.671547897688398e-14
3,3,step,False,12,1.6167986815583852,0.014393985600938365,0.022000665658904902,1.990655970697378,35.30335441281399,4,1.470880390822856,74,7.9127277130343545,12.289863362986777,1.0,1,0.26381231578100545,0,0.7807877518334915,0.37476715445518494,4.671547897688398e-14
3,3,step,False,13,1.4957891254472597,0.030634102422866297,0.014288880500076873,1.8323331443511297,37.83702709614994,4,1.514555800642806,63,9.75490308727665,12.924167374602975,1.0,1,0.20053529119253105,0,0.7807877518334915,0.37476715445518494,4.671547897688398e-14
3,3,step,False,14,1.2928729106443955,0.020155952531046524,0.01600074301288288,1.6073081334941737,59.557835607351116,4,1.3574636402010074,100,16.004866179033517,20.115862300890175,1.0,1,0.16160740820363997,0,0.7807877518334915,0.37476715445518494,4.671547897688398e-14
3,3,step,False,15,1.0821811863143032,0.005253185058278515,0.00868335750923116,1.3277461752378807,80.57983105058655,4,1.2621418675497373,123,29.364741120490855,37.71740414075007,1.0,1,0.14183127734007375,0,0.7807877518334915,0.37476715445518494,4.671547897688398e-14
3,3,step,False,16,2.2308898068401075,0.020665151521186843,0.01587551009400825,2.6787613247128075,29.913116794190373,4,1.419443889218377,53,6.000000000043393,8.176224538142733,1.0,1,0.11723322635069294,0,0.7807877518334915,0.37476715445518494,4.671547897688398e-14
3,3,step,False,17,0.9897997487825622,0.02413331408122136,0.015317781229384363,1.2328630427164144,81.85760306373517,4,1.2668221508812167,130,28.478375916559393,38.20382846507624,1.0,1,0.1272273357677544,0,0.7807877518334915,0.37476715445518494,4.671547897688398e-14
3,3,step,False,18,0.5590769175905304,0.031210318215536454,0.06115467045686692,0.6853155502519245,92.05003247630124,4,1.1697464886624773,143,33.136879048033876,46.25634603982438,1.0,1,0.1348315446462611,0,0.7807877518334915,0.37476715445518494,4.671547897688398e-14
3,3,step,False,19,0.3614042791791365,0.07057096634798456,0.06994133695812473,0.44831401621252115,94.70932325003324,4,1.2914698356524905,147,34.07305416731378,48.593461959411364,1.0,1,0.15540250493931998,0,0.7807877518334915,0.37476715445518494,4.671547897688398e-14
3,3,step,False,20,1.1237436745120502,0.05259490100327317,0.036502411921650435,1.3767573330804863,74.65822521997791,4,1.2522667698187906,126,27.426211324572215,38.12857100678959,1.0,1,0.20719323879766233,0,0.7807877518334915,0.37476715445518494,4.671547897688398e-14
3,3,step,False,21,0.48646786313588014,0.08040407396526081,0.08295927172955644,0.6388202974049727,78.49371927859829,4,1.2956308258276654,125,31.54006090970127,41.19204280024426,1.0,1,0.1367559877963035,0,0.7807877518334915,0.37476715445518494,4.671547897688398e-14
3,3,step,False,22,1.1811721758476943,0.014536078623804261,0.014855723679024244,1.4731863504175895,35.3537841656409,4,1.6002462899003156,65,11.647591669872824,18.333979312486086,1.0,1,0.08980269290413478,0,0.7807877518334915,0.37476715445518494,4.671547897688398e-14
3,3,step,False,23,0.5342055744252718,0.04147707909328304,0.06430906043858739,0.6758729605551194,20.35954427838876,4,1.4853578680848185,45,8.754535102711596,11.879334387241354,1.0,1,0.13376665803328264,0,0.7807877518334915,0.37476715445518494,4.671547897688398e-14
4,0,init,False,0,0.7314387939142174,0.12499646943685744,0.12499646943685655,0.8279096553434722,44.639233131341264,4,1.4717034210320197,80,nan,nan,1.0,1,nan,0,nan,nan,nan
4,0,init,False,1,0.1901008407877457,0.20860986041439714,0.20860986041439555,0.18252300069432062,95.16254019214296,4,1.1874728407876145,152,nan,nan,1.0,1,nan,0,nan,nan,nan
4,0,init,False,2,1.441147482065505,0.0651694376597039,0.0651694376597056,1.5348283315344622,70.04878199399387,4,1.2364578866533147,111,nan,nan,1.0,1,nan,0,nan,nan,nan
4,0,init,False,3,0.767155368090763,0.03389728239649398,0.03389728239649398,0.7684819700135798,100.75550557741175,4,1.2565369514170905,162,nan,nan,1.0,1,nan,0,nan,nan,nan
4,0,init,False,4,0.5621501343069247,0.05598317285196943,0.05598317285196745,0.523814428274215,89.49245843116506,4,1.1743079759427548,143,nan,nan,1.0,1,nan,0,nan,nan,nan
4,0,init,False,5,1.741348863480143,0.022082456135055346,0.022082456135060373,1.818756070110132,46.93688532852703,4,1.300178936994807,78,nan,nan,1.0,1,nan,0,nan,nan,nan
4,0,init,False,6,1.1638828463724025,0.035290417548964045,0.03529041754895146,1.1352609875890491,73.73652846831166,4,1.3447438919268,122,nan,nan,1.0,1,nan,0,nan,nan,nan
4,0,init,False,7,2.6451436560886648,0.03286526170264545,0.03286526170264207,2.7322601872068626,13.3769927683865,4,1.5612099688142451,29,nan,nan,1.0,1,nan,0,nan,nan,nan
4,0,init,False,8,1.1773111634983904,0.05159138515007568,0.05159138515007568,1.2988563221041078,64.15268601527599,4,1.229517982047906,102,nan,nan,1.0,1,nan,0,nan,nan,nan
4,0,init,False,9,2.021911938662873,0.028851578740073613,0.028851578740073613,2.0921527839641096,18.556817078819357,4,1.3693512604865345,39,nan,nan,1.0,1,nan,0,nan,nan,nan
4,0,init,False,10,1.5164206506624354,0.03590580119894369,0.03590580119894987,1.5925831899894682,46.70874174669558,4,1.527742603416708,79,nan,nan,1.0,1,nan,0,nan,nan,nan
4,0,init,False,11,1.7873261353014271,0.01865532697497849,0.01865532697497849,1.8854470498263307,57.084695115331876,4,1.5808953940501442,96,nan,nan,1.0,1,nan,0,nan,nan,nan
4,0,init,False,12,0.4960937291639991,0.032645230584241236,0.032645230584237836,0.4955623674779336,63.6783197134603,4,1.3589012809914252,108,nan,nan,1.0,1,nan,0,nan,nan,nan
4,0,init,False,13,0.7733730741862967,0.054248543449207785,0.0542485434492037,0.7738316414543221,66.83403132970636,4,1.329152171362885,115,nan,nan,1.0,1,nan,0,nan,nan,nan
4,0,init,False,14,1.2441028283176079,0.03195551965473784,0.03195551965473089,1.2656304171095443,58.061725957454186,4,1.2633188937440742,98,nan,nan,1.0,1,nan,0,nan,nan,nan
4,0,init,False,15,1.020636180189332,0.08292913823048463,0.08292913823048195,1.0547019669393627,58.51959310555104,4,1.2981172287303016,108,nan,nan,1.0,1,nan,0,nan,nan,nan
4,0,init,False,16,0.6465795769665226,0.043913483001355384,0.04391348300135792,0.6862382298451719,97.89745695364742,4,1.2003166810382462,147,nan,nan,1.0,1,nan,0,nan,nan,nan
4,0,init,False,17,1.3800791253006297,0.023548616775146483,0.023548616775155913,1.3978290723967024,48.80763556737149,4,1.4697516896109295,86,nan,nan,1.0,1,nan,0,nan,nan,nan
4,0,init,False,18,1.9545733255213382,0.011983485788966285,0.011983485788984815,2.0478008979822624,7.853191170770043,4,1.7569804946433485,22,nan,nan,1.0,1,nan,0,nan,nan,nan
4,0,init,False,19,0.8642655972196809,0.029162994558331552,0.029162994558327746,0.8819971868647536,61.87620529710102,4,1.340721252836389,104,nan,nan,1.0,1,nan,0,nan,nan,nan
4,0,init,False,20,0.4015157065634968,0.05108603367902618,0.05108603367902401,0.3735909365772186,32.3597539167309,4,1.4465041377328534,59,nan,nan,1.0,1,nan,0,nan,nan,nan
4,0,init,False,21,1.0339699688965198,0.021699757936056194,0.021699757936056194,1.0350423470871113,110.95355214142103,4,1.16420689553413,158,nan,nan,1.0,1,nan,0,nan,nan,nan
4,0,init,False,22,0.8323167227644012,0.0426427117205311,0.0426427117205285,0.8262545724324061,28.29923000992318,4,1.2823286814629669,48,nan,nan,1.0,1,nan,0,nan,nan,nan
4,0,init,False,23,0.6269417020834565,0.04458448817435632,0.04458448817435383,0.6252881810471106,84.20743898946,4,1.3641352759470966,132,nan,nan,1.0,1,nan,0,nan,nan,nan
4,1,step,False,0,0.7314387939142174,0.12350507863276643,0.12499646943685655,0.8279096553434722,44.639233131341264,4,1.4717034210320197,80,10.867840800094928,16.34553838528442,1.0,1,0.3413891748084754,0,1.5893452000177961,1.0,6.827714672364655e-16
4,1,step,False,1,0.1901008407877457,0.21603135408389315,0.20860986041439555,0.18252300069432062,95.16254019214296,4,1.1874728407876145,152,30.42662057704763,44.156256981023,1.0,1,0.5031018597137307,0,1.5893452000177961,1.0,6.827714672364655e-16
4,1,step,False,2,1.441147482065505,0.06605096458046476,0.0651694376597056,1.5348283315344622,70.04878199399387,4,1.2364578866533147,111,21.88223548020074,29.81173253236193,1.0,1,0.28906352355183706,0,1.5893452000177961,1.0,6.827714672364655e-16
4,1,step,False,3,0.767155368090763,0.042268156398056984,0.03389728239649398,0.7684819700135798,100.75550557741175,4,1.2565369514170905,162,36.94905793727604,50.487823389069,1.0,1,0.3866651207068166,0,1.5893452000177961,1.0,6.827714672364655e-16
4,1,step,False,4,0.5621501343069247,0.05394244107439755,0.05598317285196745,0.523814428274215,89.49245843116506,4,1.1743079759427548,143,35.40288280778162,49.32900839808475,1.0,1,0.5787995935760553,0,1.5893452000177961,1.0,6.827714672364655e-16
4,1,step,False,5,1.741348863480143,0.0072828422998414515,0.022082456135060373,1.818756070110132,46.93688532852703,4,1.300178936994807,78,14.18712793226074,20.63637407450372,1.0,1,0.4890779760789865,0,1.5893452000177961,1.0,6.827714672364655e-16
4,1,step,False,6,1.1638828463724025,0.03256139240274033,0.03529041754895146,1.1352609875890491,73.73652846831166,4,1.3447438919268,122,27.282808259752084,37.815597881797714,1.0,1,0.30147003475665785,0,1.5893452000177961,1.0,6.827714672364655e-16
4,1,step,False,7,2.6451436560886648,0.03968991080695209,0.03286526170264207,2.7322601872068626,13.3769927683865,4,1.5612099688142451,29,6.00000000042726,9.157163809743498,1.0,1,0.5167312335453009,0,1.5893452000177961,1.0,6.827714672364655e-16
4,1,step,False,8,1.1773111634983904,0.06057679457502742,0.05159138515007568,1.2988563221041078,64.15268601527599,4,1.229517982047906,102,22.14512891317337,30.00529150549333,1.0,1,0.20295838227487195,0,1.5893452000177961,1.0,6.827714672364655e-16
4,1,step,False,9,2.021911938662873,0.03149835786550175,0.028851578740073613,2.0921527839641096,18.556817078819357,4,1.3693512604865345,39,6.00000000017142,7.867996565455747,1.0,1,0.31099298911324375,0,1.5893452000177961,1.0,6.827714672364655e-16
4,1,step,False,10,1.5164206506624354,0.03992419386147197,0.03590580119894987,1.5925831899894682,46.70874174669558,4,1.527742603416708,79,15.88586239200536,23.671434326590305,1.0,1,0.4285776977191522,0,1.5893452000177961,1.0,6.827714672364655e-16
4,1,step,False,11,1.7873261353014271,0.02701150872595436,0.01865532697497849,1.8854470498263307,57.084695115331876,4,1.5808953940501442,96,16.934463209239592,24.277678458123926,1.0,1,0.22146315010479334,0,1.5893452000177961,1.0,6.827714672364655e-16
4,1,step,False,12,0.4960937291639991,0.04385919292731912,0.032645230584237836,0.4955623674779336,63.6783197134603,4,1.3589012809914252,108,18.425165416187124,25.54088599863783,1.0,1,0.4234738725313013,0,1.5893452000177961,1.0,6.827714672364655e-16
4,1,step,False,13,0.7733730741862967,0.05714651069215776,0.0542485434492037,0.7738316414543221,66.83403132970636,4,1.329152171362885,115,18.09668162674781,27.251058628448416,1.0,1,0.4374366539989637,0,1.5893452000177961,1.0,6.827714672364655e-16
4,1,step,False,14,1.2441028283176079,0.030093641946974517,0.03195551965473089,1.2656304171095443,58.061725957454186,4,1.2633188937440742,98,18.681311522456305,25.606853720183594,1.0,1,0.35428625532380464,0,1.5893452000177961,1.0,6.827714672364655e-16
4,1,step,False,15,1.020636180189332,0.0895272366085165,0.08292913823048195,1.0547019669393627,58.51959310555104,4,1.2981172287303016,108,16.919473306581814,25.11235260271079,1.0,1,0.4336430981743338,0,1.5893452000177961,1.0,6.827714672364655e-16
4,1,step,False,16,0.6465795769665226,0.04341970649854831,0.04391348300135792,0.6862382298451719,97.89745695364742,4,1.2003166810382462,147,36.715597490790174,52.64884482421617,1.0,1,0.4049497870498937,0,1.5893452000177961,1.0,6.827714672364655e-16
4,1,step,False,17,1.3800791253006297,0.017044650617943906,0.023548616775155913,1.3978290723967024,48.80763556737149,4,1.4697516896109295,86,13.735150674123815,18.06236898152559,1.0,1,0.26040701409997696,0,1.5893452000177961,1.0,6.827714672364655e-16
4,1,step,False,18,1.9545733255213382,0.023888491541646743,0.011983485788984815,2.0478008979822624,7.853191170770043,4,1.7569804946433485,22,6.000000000348895,9.690096691282585,1.0,1,0.502656634474877,0,1.5893452000177961,1.0,6.827714672364655e-16
4,1,step,False,19,0.8642655972196809,0.04852865490087945,0.029162994558327746,0.8819971868647536,61.87620529710102,4,1.340721252836389,104,21.447002476224277,28.496418702030272,1.0,1,0.24874192183904037,0,1.5893452000177961,1.0,6.827714672364655e-16
4,1,step,False,20,0.4015157065634968,0.06916801479266442,0.05108603367902401,0.3735909365772186,32.3597539167309,4,1.4465041377328534,59,8.713449693383566,13.394106441929836,1.0,1,0.23326446637268006,0,1.5893452000177961,1.0,6.827714672364655e-16
4,1,step,False,21,1.0339699688965198,0.018851220594362138,0.021699757936056194,1.0350423470871113,110.95355214142103,4,1.16420689553413,158,47.440106444905595,65.38818605400166,1.0,1,0.40937932230204227,0,1.5893452000177961,1.0,6.827714672364655e-16
4,1,step,False,22,0.8323167227644012,0.03244928377074646,0.0426427117205285,0.8262545724324061,28.29923000992318,4,1.2823286814629669,48,9.93844657111371,14.007689025494434,1.0,1,0.4018681690126778,0,1.5893452000177961,1.0,6.827714672364655e-16
4,1,step,False,23,0.6269417020834565,0.04748498313148418,0.04458448817435383,0.6252881810471106,84.20743898946,4,1.3641352759470966,132,29.45918808884126,41.345521551778255,1.0,1,0.4729424027714736,0,1.5893452000177961,1.0,6.827714672364655e-16
4,2,step,False,0,0.7314387939142174,0.1340815461549798,0.12499646943685655,0.8279096553434722,44.639233131341264,4,1.4717034210320197,80,12.10321143573696,17.244565892110405,1.0,1,0.16591017601070168,0,1.1238367685788733,0.6235782355070114,1.7489831661114885e-15
4,2,step,False,1,0.1901008407877457,0.22179437266671595,0.20860986041439555,0.18252300069432062,95.16254019214296,4,1.1874728407876145,152,31.08046724037578,43.44997560052633,1.0,1,0.1972562352616616,0,1.1238367685788733,0.6235782355070114,1.7489831661114885e-15
4,2,step,False,2,1.441147482065505,0.06842957232702895,0.0651694376597056,1.5348283315344622,70.04878199399387,4,1.2364578866533147,111,22.1307060330549,29.501990859953178,1.0,1,0.16236378372360172,0,1.1238367685788733,0.6235782355070114,1.7489831661114885e-15
4,2,step,False,3,0.767155368090763,0.03576160531668371,0.03389728239649398,0.7684819700135798,100.75550557741175,4,1.2565369514170905,162,36.408432255416166,49.59818875258439,1.0,1,0.225023667054696,0,1.1238367685788733,0.6235782355070114,1.7489831661114885e-15
4,2,step,False,4,0.5621501343069247,0.04941064891594291,0.05598317285196745,0.523814428274215,89.49245843116506,4,1.1743079759427548,143,36.15629161241912,51.604284914381324,1.0,1,0.41747756710099154,0,1.1238367685788733,0.6235782355070114,1.7489831661114885e-15
4,2,step,False,5,1.741348863480143,0.02009644003644827,0.022082456135060373,1.818756070110132,46.93688532852703,4,1.300178936994807,78,11.297062478626504,15.629482098077112,1.0,1,0.2665068756901554,0,1.1238367685788733,0.6235782355070114,1.7489831661114885e-15
4,2,step,False,6,1.1638828463724025,0.03511331635912516,0.03529041754895146,1.1352609875890491,73.73652846831166,4,1.3447438919268,122,28.625474478797887,38.58051929973651,1.0,1,0.17354675996675106,0,1.1238367685788733,0.6235782355070114,1.7489831661114885e-15
4,2,step,False,7,2.6451436560886648,0.045585141545136626,0.03286526170264207,2.7322601872068626,13.3769927683865,4,1.5612099688142451,29,6.000000000139095,9.616635767871392,1.0,1,0.5437354685479224,0,1.1238367685788733,0.6235782355070114,1.7489831661114885e-15
4,2,step,False,8,1.1773111634983904,0.06157308302508493,0.05159138515007568,1.2988563221041078,64.15268601527599,4,1.229517982047906,102,22.307985235913186,29.426750761530055,1.0,1,0.20043422635420738,0,1.1238367685788733,0.6235782355070114,1.7489831661114885e-15
4,2,step,False,9,2.021911938662873,0.0474297265423113,0.028851578740073613,2.0921527839641096,18.556817078819357,4,1.3693512604865345,39,6.0000000004503145,7.794554472053202,1.0,1,0.1549962539456041,0,1.1238367685788733,0.6235782355070114,1.7489831661114885e-15
4,2,step,False,10,1.5164206506624354,0.04065977861063725,0.03590580119894987,1.5925831899894682,46.70874174669558,4,1.527742603416708,79,14.293592340825127,21.170630708427733,1.0,1,0.2379788458437477,0,1.1238367685788733,0.6235782355070114,1.7489831661114885e-15
4,2,step,False,11,1.7873261353014271,0.03282099110817021,0.01865532697497849,1.8854470498263307,57.084695115331876,4,1.5808953940501442,96,13.199203832884926,18.739941263547067,1.0,1,0.14855610624507457,0,1.1238367685788733,0.6235782355070114,1.7489831661114885e-15
4,2,step,False,12,0.4960937291639991,0.05992546322848169,0.032645230584237836,0.4955623674779336,63.6783197134603,4,1.3589012809914252,108,19.081260488527,26.21203248747176,1.0,1,0.19054935271813572,0,1.1238367685788733,0.6235782355070114,1.7489831661114885e-15
4,2,step,False,13,0.7733730741862967,0.060092910016794496,0.0542485434492037,0.7738316414543221,66.83403132970636,4,1.329152171362885,115,20.535187918871543,32.47737235241419,1.0,1,0.15524726348853282,0,1.1238367685788733,0.6235782355070114,1.7489831661114885e-15
4,2,step,False,14,1.2441028283176079,0.036081247411519995,0.03195551965473089,1.2656304171095443,58.061725957454186,4,1.2633188937440742,98,16.794264312111444,22.678045080420073,1.0,1,0.20858848875297917,0,1.1238367685788733,0.6235782355070114,1.7489831661114885e-15
4,2,step,False,15,1.020636180189332,0.08852715902635065,0.08292913823048195,1.0547019669393627,58.51959310555104,4,1.2981172287303016,108,17.520149016805398,24.81784647502405,1.0,1,0.1978048407932845,0,1.1238367685788733,0.6235782355070114,1.7489831661114885e-15
4,2,step,False,16,0.6465795769665226,0.048756762197336094,0.04391348300135792,0.6862382298451719,97.89745695364742,4,1.2003166810382462,147,36.64273130039397,50.87581520648235,1.0,1,0.19496899231828765,0,1.1238367685788733,0.6235782355070114,1.7489831661114885e-15
4,2,step,False,17,1.3800791253006297,0.028330254877807833,0.023548616775155913,1.3978290723967024,48.80763556737149,4,1.4697516896109295,86,12.723577637565374,17.017331877741952,1.0,1,0.24090043958780666,0,1.1238367685788733,0.6235782355070114,1.7489831661114885e-15
4,2,step,False,18,1.9545733255213382,0.01939818537328119,0.011983485788984815,2.0478008979822624,7.853191170770043,4,1.7569804946433485,22,6.000000000553236,10.595315363401209,1.0,1,0.32136747506621216,0,1.1238367685788733,0.6235782355070114,1.7489831661114885e-15
4,2,step,False,19,0.8642655972196809,0.03847984332643997,0.029162994558327746,0.8819971868647536,61.87620529710102,4,1.340721252836389,104,23.688953268851822,31.808596229287737,1.0,1,0.1683857452114831,0,1.1238367685788733,0.6235782355070114,1.7489831661114885e-15
4,2,step,False,20,0.4015157065634968,0.09485651822609191,0.05108603367902401,0.3735909365772186,32.3597539167309,4,1.4465041377328534,59,10.575842506271524,15.399630837021018,1.0,1,0.2501686295716768,0,1.1238367685788733,0.6235782355070114,1.7489831661114885e-15
4,2,step,False,21,1.0339699688965198,0.016514284957195806,0.021699757936056194,1.0350423470871113,110.95355214142103,4,1.16420689553413,158,45.98036499921842,61.81133178006572,1.0,1,0.1631777546618629,0,1.1238367685788733,0.6235782355070114,1.7489831661114885e-15
4,2,step,False,22,0.8323167227644012,0.029771146205676207,0.0426427117205285,0.8262545724324061,28.29923000992318,4,1.2823286814629669,48,11.148157804351372,16.282757292135344,1.0,1,0.35726651278137755,0,1.1238367685788733,0.6235782355070114,1.7489831661114885e-15
4,2,step,False,23,0.6269417020834565,0.04847802758873508,0.04458448817435383,0.6252881810471106,84.20743898946,4,1.3641352759470966,132,30.741610271272272,43.78389451007856,1.0,1,0.2721833169122988,0,1.1238367685788733,0.6235782355070114,1.7489831661114885e-15
4,3,step,False,0,0.7314387939142174,0.13304470131396523,0.12499646943685655,0.8279096553434722,44.639233131341264,4,1.4717034210320197,80,15.151972056334433,21.178194572890288,1.0,1,0.08089073156884964,0,0.794672600008898,0.378113254904747,1.0786195129094075e-14
4,3,step,False,1,0.1901008407877457,0.20270297785996003,0.20860986041439555,0.18252300069432062,95.16254019214296,4,1.1874728407876145,152,33.38635469559293,46.34773896536403,1.0,1,0.11522914821554045,0,0.794672600008898,0.378113254904747,1.0786195129094075e-14
4,3,step,False,2,1.441147482065505,0.06754555461031739,0.0651694376597056,1.5348283315344622,70.04878199399387,4,1.2364578866533147,111,19.961622647998183,25.83611631402938,1.0,1,0.1637022543609399,0,0.794672600008898,0.378113254904747,1.0786195129094075e-14
4,3,step,False,3,0.767155368090763,0.019381507142581803,0.03389728239649398,0.7684819700135798,100.75550557741175,4,1.2565369514170905,162,34.21801872046395,44.28729018421448,1.0,1,0.10730079989311447,0,0.794672600008898,0.378113254904747,1.0786195129094075e-14
4,3,step,False,4,0.5621501343069247,0.054147588694253575,0.05598317285196745,0.523814428274215,89.49245843116506,4,1.1743079759427548,143,34.784799650854794,49.68125599868154,1.0,1,0.15306069521567847,0,0.794672600008898,0.378113254904747,1.0786195129094075e-14
4,3,step,False,5,1.741348863480143,0.02217552705832574,0.022082456135060373,1.818756070110132,46.93688532852703,4,1.300178936994807,78,8.954677019560831,11.801677234517971,1.0,1,0.20271562966651524,0,0.794672600008898,0.378113254904747,1.0786195129094075e-14
4,3,step,False,6,1.1638828463724025,0.04200652605532669,0.03529041754895146,1.1352609875890491,73.73652846831166,4,1.3447438919268,122,29.570360226924578,39.044705944812215,1.0,1,0.08520173828765527,0,0.794672600008898,0.378113254904747,1.0786195129094075e-14
4,3,step,False,7,2.6451436560886648,0.027374870654717512,0.03286526170264207,2.7322601872068626,13.3769927683865,4,1.5612099688142451,29,6.000000000025509,8.529062113290037,1.0,1,0.47537789739383407,0,0.794672600008898,0.378113254904747,1.0786195129094075e-14
4,3,step,False,8,1.1773111634983904,0.05867710344563945,0.05159138515007568,1.2988563221041078,64.15268601527599,4,1.229517982047906,102,22.21880446435825,28.98822708398995,1.0,1,0.13923298313971974,0,0.794672600008898,0.378113254904747,1.0786195129094075e-14
4,3,step,False,9,2.021911938662873,0.05169394167190663,0.028851578740073613,2.0921527839641096,18.556817078819357,4,1.3693512604865345,39,6.000000000085045,7.835749332733103,1.0,1,0.15630691601986438,0,0.794672600008898,0.378113254904747,1.0786195129094075e-14
4,3,step,False,10,1.5164206506624354,0.04386880671578489,0.03590580119894987,1.5925831899894682,46.70874174669558,4,1.527742603416708,79,13.607273551373547,17.750935856398467,1.0,1,0.11863528632454227,0,0.794672600008898,0.378113254904747,1.0786195129094075e-14
4,3,step,False,11,1.7873261353014271,0.019725709615083232,0.01865532697497849,1.8854470498263307,57.084695115331876,4,1.5808953940501442,96,11.14631978258342,16.29917973686974,1.0,1,0.08318375393581069,0,0.794672600008898,0.378113254904747,1.0786195129094075e-14
4,3,step,False,12,0.4960937291639991,0.05593583335282659,0.032645230584237836,0.4955623674779336,63.6783197134603,4,1.3589012809914252,108,21.23428459055819,29.012862066654712,1.0,1,0.12188891604045249,0,0.794672600008898,0.378113254904747,1.0786195129094075e-14
4,3,step,False,13,0.7733730741862967,0.06309683881630364,0.0542485434492037,0.7738316414543221,66.83403132970636,4,1.329152171362885,115,23.490810265650037,34.57786667074365,1.0,1,0.16274087958139996,0,0.794672600008898,0.378113254904747,1.0786195129094075e-14
4,3,step,False,14,1.2441028283176079,0.03395207876288101,0.03195551965473089,1.2656304171095443,58.061725957454186,4,1.2633188937440742,98,14.812154477021972,20.10414585527826,1.0,1,0.11056760131762264,0,0.794672600008898,0.378113254904747,1.0786195129094075e-14
4,3,step,False,15,1.020636180189332,0.0813272454865714,0.08292913823048195,1.0547019669393627,58.51959310555104,4,1.2981172287303016,108,19.462905540356573,26.95377824575814,1.0,1,0.11440279544720641,0,0.794672600008898,0.378113254904747,1.0786195129094075e-14
4,3,step,False,16,0.6465795769665226,0.062372820159806046,0.04391348300135792,0.6862382298451719,97.89745695364742,4,1.2003166810382462,147,35.77660963781576,47.55752593708412,1.0,1,0.13270663816495004,0,0.794672600008898,0.378113254904747,1.0786195129094075e-14
4,3,step,False,17,1.3800791253006297,0.032421655007466466,0.023548616775155913,1.3978290723967024,48.80763556737149,4,1.4697516896109295,86,10.2037800256122,13.822802398304502,1.0,1,0.187273117898924,0,0.794672600008898,0.378113254904747,1.0786195129094075e-14
4,3,step,False,18,1.9545733255213382,0.017686481097319975,0.011983485788984815,2.0478008979822624,7.853191170770043,4,1.7569804946433485,22,6.000000000511194,9.864144794772994,1.0,1,0.21046749537412363,0,0.794672600008898,0.378113254904747,1.0786195129094075e-14
4,3,step,False,19,0.8642655972196809,0.03405169464627035,0.029162994558327746,0.8819971868647536,61.87620529710102,4,1.340721252836389,104,25.776932069864092,34.338936393949055,1.0,1,0.09682999827610946,0,0.794672600008898,0.378113254904747,1.0786195129094075e-14
4,3,step,False,20,0.4015157065634968,0.10577004097888275,0.05108603367902401,0.3735909365772186,32.3597539167309,4,1.4465041377328534,59,12.090537792815756,17.247322801657923,1.0,1,0.14782745419570145,0,0.794672600008898,0.378113254904747,1.0786195129094075e-14
4,3,step,False,21,1.0339699688965198,0.013389635646917893,0.021699757936056194,1.0350423470871113,110.95355214142103,4,1.16420689553413,158,45.41722834050799,57.33826118285314,1.0,1,0.10438571161587662,0,0.794672600008898,0.378113254904747,1.0786195129094075e-14
4,3,step,False,22,0.8323167227644012,0.03820383038435834,0.0426427117205285,0.8262545724324061,28.29923000992318,4,1.2823286814629669,48,12.07342827192954,16.89886384116767,1.0,1,0.0978302627305516,0,0.794672600008898,0.378113254904747,1.0786195129094075e-14
4,3,step,False,23,0.6269417020834565,0.053254134780306085,0.04458448817435383,0.6252881810471106,84.20743898946,4,1.3641352759470966,132,29.9775286376911,41.99906028929669,1.0,1,0.1734570537820051,0,0.794672600008898,0.378113254904747,1.0786195129094075e-14
5,0,init,False,0,1.1820895330230798,0.04035869583351476,0.04035869583350375,1.3205308493571988,38.90297561919407,4,1.5071678897923484,67,nan,nan,1.0,1,nan,0,nan,nan,nan
5,0,init,False,1,0.26367240428572386,0.07494799512305851,0.07494799512305703,0.3072425566877361,95.84519872031498,4,1.287746448166381,155,nan,nan,1.0,1,nan,0,nan,nan,nan
5,0,init,False,2,1.4340599023864413,0.016991531509436185,0.01699153150942312,1.6834093049777352,55.98291989849718,4,1.3553777963333264,95,nan,nan,1.0,1,nan,0,nan,nan,nan
5,0,init,False,3,2.0354935116480677,0.020314455231232265,0.020314455231232265,2.3184592410321887,33.44533630616429,4,1.4575318171354017,57,nan,nan,1.0,1,nan,0,nan,nan,nan
5,0,init,False,4,1.71708545598336,0.01934718895586963,0.019347188955858154,2.0044515479422866,60.11580097272275,4,1.2389011314110931,99,nan,nan,1.0,1,nan,0,nan,nan,nan
5,0,init,False,5,1.1181558309160755,0.03906531465243511,0.03906531465243795,1.2819943906319369,61.19777099850654,4,1.4314713500216605,105,nan,nan,1.0,1,nan,0,nan,nan,nan
5,0,init,False,6,0.6253378024127711,0.032943841339435856,0.032943841339435856,0.7265596507452452,110.0586936588459,4,1.2500789463895183,165,nan,nan,1.0,1,nan,0,nan,nan,nan
5,0,init,False,7,1.2089920649223933,0.028153738681219242,0.028153738681211356,1.3945227132042768,67.29482899156545,4,1.355290842554952,115,nan,nan,1.0,1,nan,0,nan,nan,nan
5,0,init,False,8,1.9290127460323419,0.01321333177975506,0.013213331779771863,2.1158955569566795,14.016744934235074,4,1.7009976930557105,28,nan,nan,1.0,1,nan,0,nan,nan,nan
5,0,init,False,9,1.3537456170574012,0.01543250833943779,0.015432508339430596,1.5346146835748673,73.0190906692872,4,1.3651017948003297,121,nan,nan,1.0,1,nan,0,nan,nan,nan
5,0,init,False,10,1.0134078727473856,0.02801895651153123,0.028018956511523307,1.1574417233603345,73.13296962220065,4,1.3820441899567106,114,nan,nan,1.0,1,nan,0,nan,nan,nan
5,0,init,False,11,2.6010207254251076,0.037158315381282954,0.03715831538128594,3.014936898462396,17.438172763650442,4,1.8152890169892664,36,nan,nan,1.0,1,nan,0,nan,nan,nan
5,0,init,False,12,0.847995390281777,0.014334960366942413,0.01433496036693467,0.9769067086070274,99.09670441818193,4,1.2786510227569414,158,nan,nan,1.0,1,nan,0,nan,nan,nan
5,0,init,False,13,1.158477556120006,0.019526607081179894,0.019526607081191263,1.3308456515782385,33.837397863001414,4,1.573040429892719,63,nan,nan,1.0,1,nan,0,nan,nan,nan
5,0,init,False,14,1.6911301854914427,0.035083139664913894,0.03508313966492022,1.9751351480992003,36.99050377418594,4,1.5126754161719986,70,nan,nan,1.0,1,nan,0,nan,nan,nan
5,0,init,False,15,0.9443564653403165,0.034165591670572114,0.03416559167057861,1.1191635330874687,68.61454808951223,4,1.2549233403767515,114,nan,nan,1.0,1,nan,0,nan,nan,nan
5,0,init,False,16,1.469340822890217,0.008063121715531371,0.00806312171554514,1.68131783814039,67.84650810599985,4,1.4085137832519536,117,nan,nan,1.0,1,nan,0,nan,nan,nan
5,0,init,False,17,2.426100916153647,0.01875100842011363,0.01875100842011363,2.8244603618533426,30.159664122786523,4,1.3692893234626067,58,nan,nan,1.0,1,nan,0,nan,nan,nan
5,0,init,False,18,1.2113073977099769,0.017528453368804982,0.017528453368804982,1.3319503778010993,34.494677777760245,4,1.4694076471196909,65,nan,nan,1.0,1,nan,0,nan,nan,nan
5,0,init,False,19,0.6565585810840902,0.01978069773260423,0.019780697732615458,0.740361755085833,94.9924857091055,4,1.1841976947545165,144,nan,nan,1.0,1,nan,0,nan,nan,nan
5,0,init,False,20,0.22818447607247358,0.11815228373615065,0.11815228373614972,0.26155551232281044,114.43026484318936,4,1.2019047796631555,169,nan,nan,1.0,1,nan,0,nan,nan,nan
5,0,init,False,21,2.8435732924836863,0.015714603461111584,0.01571460346110452,3.250121738347597,9.042044717524398,4,1.8542263553963083,21,nan,nan,1.0,1,nan,0,nan,nan,nan
5,0,init,False,22,1.170997784687522,0.01988216613131464,0.019882166131309054,1.3768428622797704,82.5520169378254,4,1.1535871122095316,135,nan,nan,1.0,1,nan,0,nan,nan,nan
5,0,init,False,23,0.7465120467117895,0.013972382639555341,0.013972382639547394,0.8452947497740868,67.49268048574271,4,1.1477873774205645,107,nan,nan,1.0,1,nan,0,nan,nan,nan
5,1,step,False,0,1.1820895330230798,0.042328095997915406,0.04035869583350375,1.3205308493571988,38.90297561919407,4,1.5071678897923484,67,11.17293158946632,16.456088780701318,1.0,1,0.2829806122664214,0,1.5361907633867116,1.0,6.672021598856732e-16
5,1,step,False,1,0.26367240428572386,0.06755785236700632,0.07494799512305703,0.3072425566877361,95.84519872031498,4,1.287746448166381,155,33.67709180614857,47.36336676718726,1.0,1,0.44958759945045784,0,1.5361907633867116,1.0,6.672021598856732e-16
5,1,step,False,2,1.4340599023864413,0.01813773247361385,0.01699153150942312,1.6834093049777352,55.98291989849718,4,1.3553777963333264,95,16.2232282358807,24.655222482180157,1.0,1,0.3375908588332395,0,1.5361907633867116,1.0,6.672021598856732e-16
5,1,step,False,3,2.0354935116480677,0.018937614617241534,0.020314455231232265,2.3184592410321887,33.44533630616429,4,1.4575318171354017,57,11.778477256056245,16.32116319251349,1.0,1,0.3010666061137722,0,1.5361907633867116,1.0,6.672021598856732e-16
5,1,step,False,4,1.71708545598336,0.029709477008272332,0.019347188955858154,2.0044515479422866,60.11580097272275,4,1.2389011314110931,99,21.634179176079904,29.941043516514128,1.0,1,0.372127664512089,0,1.5361907633867116,1.0,6.672021598856732e-16
5,1,step,False,5,1.1181558309160755,0.05030745335342278,0.03906531465243795,1.2819943906319369,61.19777099850654,4,1.4314713500216605,105,20.09338342682252,27.79327243098916,1.0,1,0.3367655204597393,0,1.5361907633867116,1.0,6.672021598856732e-16
5,1,step,False,6,0.6253378024127711,0.03547006575367696,0.032943841339435856,0.7265596507452452,110.0586936588459,4,1.2500789463895183,165,39.19008595268184,52.14454097154675,1.0,1,0.378056918870959,0,1.5361907633867116,1.0,6.672021598856732e-16
5,1,step,False,7,1.2089920649223933,0.03386112726376356,0.028153738681211356,1.3945227132042768,67.29482899156545,4,1.355290842554952,115,22.818660679297867,31.59651724682935,1.0,1,0.3425692617354208,0,1.5361907633867116,1.0,6.672021598856732e-16
5,1,step,False,8,1.9290127460323419,0.021378418938799174,0.013213331779771863,2.1158955569566795,14.016744934235074,4,1.7009976930557105,28,6.000000000142502,8.402144971464958,1.0,1,0.5170332260419096,0,1.5361907633867116,1.0,6.672021598856732e-16
5,1,step,False,9,1.3537456170574012,0.01271932255381128,0.015432508339430596,1.5346146835748673,73.0190906692872,4,1.3651017948003297,121,20.507121797576986,32.0715818384732,1.0,1,0.5019884332850713,0,1.5361907633867116,1.0,6.672021598856732e-16
5,1,step,False,10,1.0134078727473856,0.03281510029453413,0.028018956511523307,1.1574417233603345,73.13296962220065,4,1.3820441899567106,114,25.0304841296724,34.772517725431705,1.0,1,0.2567809791578437,0,1.5361907633867116,1.0,6.672021598856732e-16
5,1,step,False,11,2.6010207254251076,0.025782250495220264,0.03715831538128594,3.014936898462396,17.438172763650442,4,1.8152890169892664,36,6.000000000786857,10.061509155140543,1.0,1,0.37812495115864864,0,1.5361907633867116,1.0,6.672021598856732e-16
5,1,step,False,12,0.847995390281777,0.017660799058507336,0.01433496036693467,0.9769067086070274,99.09670441818193,4,1.2786510227569414,158,36.62482742136224,51.908543908929694,1.0,1,0.254968342235495,0,1.5361907633867116,1.0,6.672021598856732e-16
5,1,step,False,13,1.158477556120006,0.008782414611630778,0.019526607081191263,1.3308456515782385,33.837397863001414,4,1.573040429892719,63,10.120835993986212,13.94226606814005,1.0,1,0.4678415624237956,0,1.5361907633867116,1.0,6.672021598856732e-16
5,1,step,False,14,1.6911301854914427,0.0457759165934867,0.03508313966492022,1.9751351480992003,36.99050377418594,4,1.5126754161719986,70,7.82599694807122,12.830351168609024,1.0,1,0.43963343296178,0,1.5361907633867116,1.0,6.672021598856732e-16
5,1,step,False,15,0.9443564653403165,0.028318169030731862,0.03416559167057861,1.1191635330874687,68.61454808951223,4,1.2549233403767515,114,24.546968000354262,33.24617060392652,1.0,1,0.22535796839177755,0,1.5361907633867116,1.0,6.672021598856732e-16
5,1,step,False,16,1.469340822890217,0.019485985506751975,0.00806312171554514,1.68131783814039,67.84650810599985,4,1.4085137832519536,117,18.534764586363135,28.955810419867785,1.0,1,0.36703785539812833,0,1.5361907633867116,1.0,6.672021598856732e-16
5,1,step,False,17,2.426100916153647,0.03235206933499902,0.01875100842011363,2.8244603618533426,30.159664122786523,4,1.3692893234626067,58,6.054047008644099,8.392926223184741,1.0,1,0.2137322047087381,0,1.5361907633867116,1.0,6.672021598856732e-16
5,1,step,False,18,1.2113073977099769,0.031019643974936048,0.017528453368804982,1.3319503778010993,34.494677777760245,4,1.4694076471196909,65,10.82602053150082,16.56309678049839,1.0,1,0.3489574829923477,0,1.5361907633867116,1.0,6.672021598856732e-16
5,1,step,False,19,0.6565585810840902,0.02650444945636447,0.019780697732615458,0.740361755085833,94.9924857091055,4,1.1841976947545165,144,36.96978609357848,53.55873231954947,1.0,1,0.4084206828330202,0,1.5361907633867116,1.0,6.672021598856732e-16
5,1,step,False,20,0.22818447607247358,0.11187964437725073,0.11815228373614972,0.26155551232281044,114.43026484318936,4,1.2019047796631555,169,43.83236656690404,62.06222334747862,1.0,1,0.45311538768649995,0,1.5361907633867116,1.0,6.672021598856732e-16
5,1,step,False,21,2.8435732924836863,0.027178462208396002,0.01571460346110452,3.250121738347597,9.042044717524398,4,1.8542263553963083,21,6.0000000003773195,7.963532480492461,1.0,1,0.24883231043819032,0,1.5361907633867116,1.0,6.672021598856732e-16
5,1,step,False,22,1.170997784687522,0.033195564610938574,0.019882166131309054,1.3768428622797704,82.5520169378254,4,1.1535871122095316,135,29.83058501371553,41.32661134980959,1.0,1,0.4268691597898588,0,1.5361907633867116,1.0,6.672021598856732e-16
5,1,step,False,23,0.7465120467117895,0.03661137527613608,0.013972382639547394,0.8452947497740868,67.49268048574271,4,1.1477873774205645,107,23.706998561935052,32.99485764915649,1.0,1,0.33823558826175976,0,1.5361907633867116,1.0,6.672021598856732e-16
5,2,step,False,0,1.1820895330230798,0.024194313609140733,0.04035869583350375,1.3205308493571988,38.90297561919407,4,1.5071678897923484,67,10.463932723248995,16.730683430537617,1.0,1,0.1695154172423583,0,1.0862509059868828,0.6125995963811874,8.183028185054353e-14
5,2,step,False,1,0.26367240428572386,0.07294322041526077,0.07494799512305703,0.3072425566877361,95.84519872031498,4,1.287746448166381,155,33.60465957657147,45.61994692512046,1.0,1,0.2466763117121271,0,1.0862509059868828,0.6125995963811874,8.183028185054353e-14
5,2,step,False,2,1.4340599023864413,0.017022366598288662,0.01699153150942312,1.6834093049777352,55.98291989849718,4,1.3553777963333264,95,17.01757615890636,26.51000610186184,1.0,1,0.26958479974441624,0,1.0862509059868828,0.6125995963811874,8.183028185054353e-14
5,2,step,False,3,2.0354935116480677,0.012354013859304224,0.020314455231232265,2.3184592410321887,33.44533630616429,4,1.4575318171354017,57,9.398847240225086,12.62358173095915,1.0,1,0.24297479339733874,0,1.0862509059868828,0.6125995963811874,8.183028185054353e-14
5,2,step,False,4,1.71708545598336,0.02502427183425845,0.019347188955858154,2.0044515479422866,60.11580097272275,4,1.2389011314110931,99,16.793938376048004,21.618383694428363,1.0,1,0.22863888364935175,0,1.0862509059868828,0.6125995963811874,8.183028185054353e-14
5,2,step,False,5,1.1181558309160755,0.055031455777113214,0.03906531465243795,1.2819943906319369,61.19777099850654,4,1.4314713500216605,105,20.998762052639407,27.62305555592926,1.0,1,0.18981043483678342,0,1.0862509059868828,0.6125995963811874,8.183028185054353e-14
5,2,step,False,6,0.6253378024127711,0.02830309470677127,0.032943841339435856,0.7265596507452452,110.0586936588459,4,1.2500789463895183,165,43.42890135327873,59.627552131647214,1.0,1,0.29585553036886414,0,1.0862509059868828,0.6125995963811874,8.183028185054353e-14
5,2,step,False,7,1.2089920649223933,0.03273998606767943,0.028153738681211356,1.3945227132042768,67.29482899156545,4,1.355290842554952,115,23.37630388623546,33.452510530526126,1.0,1,0.22591876503865976,0,1.0862509059868828,0.6125995963811874,8.183028185054353e-14
5,2,step,False,8,1.9290127460323419,0.020810113074635338,0.013213331779771863,2.1158955569566795,14.016744934235074,4,1.7009976930557105,28,6.000000000190207,8.370177500748474,1.0,1,0.34829323985097393,0,1.0862509059868828,0.6125995963811874,8.183028185054353e-14
5,2,step,False,9,1.3537456170574012,0.0142637334226885,0.015432508339430596,1.5346146835748673,73.0190906692872,4,1.3651017948003297,121,18.562122370492094,27.004634505144395,1.0,1,0.168422309877703,0,1.0862509059868828,0.6125995963811874,8.183028185054353e-14
5,2,step,False,10,1.0134078727473856,0.033122551085433306,0.028018956511523307,1.1574417233603345,73.13296962220065,4,1.3820441899567106,114,27.325106312123296,37.10825254321482,1.0,1,0.16796877737547922,0,1.0862509059868828,0.6125995963811874,8.183028185054353e-14
5,2,step,False,11,2.6010207254251076,0.03616749712239329,0.03715831538128594,3.014936898462396,17.438172763650442,4,1.8152890169892664,36,6.00000000072618,9.527986654218306,1.0,1,0.15760772998766787,0,1.0862509059868828,0.6125995963811874,8.183028185054353e-14
5,2,step,False,12,0.847995390281777,0.013717124025609222,0.01433496036693467,0.9769067086070274,99.09670441818193,4,1.2786510227569414,158,38.738300757583126,53.56554048303399,1.0,1,0.23405266757033155,0,1.0862509059868828,0.6125995963811874,8.183028185054353e-14
5,2,step,False,13,1.158477556120006,0.0074020566085785085,0.019526607081191263,1.3308456515782385,33.837397863001414,4,1.573040429892719,63,11.646438818421982,17.277791656331974,1.0,1,0.2913392586334057,0,1.0862509059868828,0.6125995963811874,8.183028185054353e-14
5,2,step,False,14,1.6911301854914427,0.043547054371549175,0.03508313966492022,1.9751351480992003,36.99050377418594,4,1.5126754161719986,70,6.402716079375376,9.873824037141878,1.0,1,0.18412210298114945,0,1.0862509059868828,0.6125995963811874,8.183028185054353e-14
5,2,step,False,15,0.9443564653403165,0.03207781359322937,0.03416559167057861,1.1191635330874687,68.61454808951223,4,1.2549233403767515,114,24.735556395383803,31.696946779432867,1.0,1,0.14802379997239284,0,1.0862509059868828,0.6125995963811874,8.183028185054353e-14
5,2,step,False,16,1.469340822890217,0.01301999785331541,0.00806312171554514,1.68131783814039,67.84650810599985,4,1.4085137832519536,117,17.241491024303265,26.67270241086527,1.0,1,0.21374446004289946,0,1.0862509059868828,0.6125995963811874,8.183028185054353e-14
5,2,step,False,17,2.426100916153647,0.030571908717401508,0.01875100842011363,2.8244603618533426,30.159664122786523,4,1.3692893234626067,58,6.000000000158187,8.705465120200545,1.0,1,0.3357361806974351,0,1.0862509059868828,0.6125995963811874,8.183028185054353e-14
5,2,step,False,18,1.2113073977099769,0.03909065174541909,0.017528453368804982,1.3319503778010993,34.494677777760245,4,1.4694076471196909,65,10.067121200699608,14.66477437034543,1.0,1,0.31185012856950084,0,1.0862509059868828,0.6125995963811874,8.183028185054353e-14
5,2,step,False,19,0.6565585810840902,0.028490619108936115,0.019780697732615458,0.740361755085833,94.9924857091055,4,1.1841976947545165,144,40.339783183490695,58.322837093791335,1.0,1,0.3165597342065501,0,1.0862509059868828,0.6125995963811874,8.183028185054353e-14
5,2,step,False,20,0.22818447607247358,0.09580364010051196,0.11815228373614972,0.26155551232281044,114.43026484318936,4,1.2019047796631555,169,45.38705797931967,64.08748312291088,1.0,1,0.274255518626768,0,1.0862509059868828,0.6125995963811874,8.183028185054353e-14
5,2,step,False,21,2.8435732924836863,0.027422004287527984,0.01571460346110452,3.250121738347597,9.042044717524398,4,1.8542263553963083,21,6.0000000003799965,8.774944423791709,1.0,1,0.3114723670156843,0,1.0862509059868828,0.6125995963811874,8.183028185054353e-14
5,2,step,False,22,1.170997784687522,0.03067176150085671,0.019882166131309054,1.3768428622797704,82.5520169378254,4,1.1535871122095316,135,27.851262867521847,37.68549111923643,1.0,1,0.24337441749681568,0,1.0862509059868828,0.6125995963811874,8.183028185054353e-14
5,2,step,False,23,0.7465120467117895,0.035014626084109206,0.013972382639547394,0.8452947497740868,67.49268048574271,4,1.1477873774205645,107,25.00039263776537,34.44687942485465,1.0,1,0.23633077384520482,0,1.0862509059868828,0.6125995963811874,8.183028185054353e-14
5,3,step,False,0,1.1820895330230798,0.022609079549383834,0.04035869583350375,1.3205308493571988,38.90297561919407,4,1.5071678897923484,67,10.6681769992887,17.969506169369367,1.0,1,0.11531942945229931,0,0.7680953816933557,0.36637721955776215,1.8409741505361165e-14
5,3,step,False,1,0.26367240428572386,0.06918042868270229,0.07494799512305703,0.3072425566877361,95.84519872031498,4,1.287746448166381,155,33.64498495281189,45.121166547329736,1.0,1,0.15802819072359553,0,0.7680953816933557,0.36637721955776215,1.8409741505361165e-14
5,3,step,False,2,1.4340599023864413,0.02526168456119002,0.01699153150942312,1.6834093049777352,55.98291989849718,4,1.3553777963333264,95,16.00144641022995,22.396119779217752,1.0,1,0.08104573341651207,0,0.7680953816933557,0.36637721955776215,1.8409741505361165e-14
5,3,step,False,3,2.0354935116480677,0.012979753289195935,0.020314455231232265,2.3184592410321887,33.44533630616429,4,1.4575318171354017,57,8.500834663597807,12.107160134332764,1.0,1,0.08430020360901079,0,0.7680953816933557,0.36637721955776215,1.8409741505361165e-14
5,3,step,False,4,1.71708545598336,0.013648635646778566,0.019347188955858154,2.0044515479422866,60.11580097272275,4,1.2389011314110931,99,14.073347083830292,16.977436354293424,1.0,1,0.11461356592908066,0,0.7680953816933557,0.36637721955776215,1.8409741505361165e-14
5,3,step,False,5,1.1181558309160755,0.04146586764826003,0.03906531465243795,1.2819943906319369,61.19777099850654,4,1.4314713500216605,105,22.842134695729513,30.60506498688522,1.0,1,0.11405919230303571,0,0.7680953816933557,0.36637721955776215,1.8409741505361165e-14
5,3,step,False,6,0.6253378024127711,0.01698150450205017,0.032943841339435856,0.7265596507452452,110.0586936588459,4,1.2500789463895183,165,44.39220833367905,60.45408088070958,1.0,1,0.1803020827576572,0,0.7680953816933557,0.36637721955776215,1.8409741505361165e-14
5,3,step,False,7,1.2089920649223933,0.02548941079935703,0.028153738681211356,1.3945227132042768,67.29482899156545,4,1.355290842554952,115,21.18869753035069,28.6013686902434,1.0,1,0.14342561161794987,0,0.7680953816933557,0.36637721955776215,1.8409741505361165e-14
5,3,step,False,8,1.9290127460323419,0.01747638722125072,0.013213331779771863,2.1158955569566795,14.016744934235074,4,1.7009976930557105,28,6.000000000205722,8.37130795544845,1.0,1,0.35391196207035236,0,0.7680953816933557,0.36637721955776215,1.8409741505361165e-14
5,3,step,False,9,1.3537456170574012,0.011719850457762087,0.015432508339430596,1.5346146835748673,73.0190906692872,4,1.3651017948003297,121,18.538061959412563,25.294617135010522,1.0,1,0.10046678719237333,0,0.7680953816933557,0.36637721955776215,1.8409741505361165e-14
5,3,step,False,10,1.0134078727473856,0.043973367529615386,0.028018956511523307,1.1574417233603345,73.13296962220065,4,1.3820441899567106,114,29.58233689778429,39.40975540543968,1.0,1,0.09309668733584021,0,0.7680953816933557,0.36637721955776215,1.8409741505361165e-14
5,3,step,False,11,2.6010207254251076,0.04254456112896017,0.03715831538128594,3.014936898462396,17.438172763650442,4,1.8152890169892664,36,6.000000000302235,7.991140946962924,1.0,1,0.1645024539638103,0,0.7680953816933557,0.36637721955776215,1.8409741505361165e-14
5,3,step,False,12,0.847995390281777,0.01049157002921258,0.01433496036693467,0.9769067086070274,99.09670441818193,4,1.2786510227569414,158,40.44263606449431,53.94959093831872,1.0,1,0.1287294746205754,0,0.7680953816933557,0.36637721955776215,1.8409741505361165e-14
5,3,step,False,13,1.158477556120006,0.009000634840833435,0.019526607081191263,1.3308456515782385,33.837397863001414,4,1.573040429892719,63,12.988756993007447,17.50512632083883,1.0,1,0.0914879096225055,0,0.7680953816933557,0.36637721955776215,1.8409741505361165e-14
5,3,step,False,14,1.6911301854914427,0.0508083276480314,0.03508313966492022,1.9751351480992003,36.99050377418594,4,1.5126754161719986,70,6.070749138546512,9.037901092754417,1.0,1,0.18181773461662834,0,0.7680953816933557,0.36637721955776215,1.8409741505361165e-14
5,3,step,False,15,0.9443564653403165,0.04277752010737063,0.03416559167057861,1.1191635330874687,68.61454808951223,4,1.2549233403767515,114,27.696434030918546,35.85190053820328,1.0,1,0.0916255077462359,0,0.7680953816933557,0.36637721955776215,1.8409741505361165e-14
5,3,step,False,16,1.469340822890217,0.008002908671715483,0.00806312171554514,1.68131783814039,67.84650810599985,4,1.4085137832519536,117,17.135735940222123,24.97371395111788,1.0,1,0.18327094248557377,0,0.7680953816933557,0.36637721955776215,1.8409741505361165e-14
5,3,step,False,17,2.426100916153647,0.027060708203315242,0.01875100842011363,2.8244603618533426,30.159664122786523,4,1.3692893234626067,58,6.000000000163838,8.168615257941042,1.0,1,0.4541123623654811,0,0.7680953816933557,0.36637721955776215,1.8409741505361165e-14
5,3,step,False,18,1.2113073977099769,0.032655770338000094,0.017528453368804982,1.3319503778010993,34.494677777760245,4,1.4694076471196909,65,9.718694588514014,13.751923934256013,1.0,1,0.13021203640025145,0,0.7680953816933557,0.36637721955776215,1.8409741505361165e-14
5,3,step,False,19,0.6565585810840902,0.029650447686373097,0.019780697732615458,0.740361755085833,94.9924857091055,4,1.1841976947545165,144,39.83428994109379,52.77635949813704,1.0,1,0.10915218663516306,0,0.7680953816933557,0.36637721955776215,1.8409741505361165e-14
5,3,step,False,20,0.22818447607247358,0.07492660790781648,0.11815228373614972,0.26155551232281044,114.43026484318936,4,1.2019047796631555,169,44.9339455123384,60.881589697068975,1.0,1,0.1561879542397677,0,0.7680953816933557,0.36637721955776215,1.8409741505361165e-14
5,3,step,False,21,2.8435732924836863,0.02118619088462461,0.01571460346110452,3.250121738347597,9.042044717524398,4,1.8542263553963083,21,6.000000000226836,8.417715095010475,1.0,1,0.31766138049952847,0,0.7680953816933557,0.36637721955776215,1.8409741505361165e-14
5,3,step,False,22,1.170997784687522,0.017260489954552708,0.019882166131309054,1.3768428622797704,82.5520169378254,4,1.1535871122095316,135,25.979375088919173,35.11104815158642,1.0,1,0.17118337839668338,0,0.7680953816933557,0.36637721955776215,1.8409741505361165e-14
5,3,step,False,23,0.7465120467117895,0.021733785424407612,0.013972382639547394,0.8452947497740868,67.49268048574271,4,1.1477873774205645,107,26.63497785783431,36.44765724711939,1.0,1,0.09851184053775189,0,0.7680953816933557,0.36637721955776215,1.8409741505361165e-14
6,0,init,False,0,2.54098135741418,0.015320729395102095,0.015320729395109341,2.3637741207362293,17.46057952630617,4,1.27484943904016,33,nan,nan,1.0,1,nan,0,nan,nan,nan
6,0,init,False,1,0.7412300966119058,0.07058018608844352,0.07058018608844666,0.6843285538499039,58.75002316755938,4,1.3885988138108036,102,nan,nan,1.0,1,nan,0,nan,nan,nan
6,0,init,False,2,0.2768699161868602,0.10832935133554317,0.10832935133554265,0.24468676027889116,59.861531152866775,4,1.334131016019222,107,nan,nan,1.0,1,nan,0,nan,nan,nan
6,0,init,False,3,0.49089716394589106,0.10349714730472535,0.10349714730472429,0.45871747085832765,84.03306920488411,4,1.2510632781073787,137,nan,nan,1.0,1,nan,0,nan,nan,nan
6,0,init,False,4,0.9705931967434145,0.08819105996785868,0.08819105996785742,0.9702866452597904,19.762615612563682,4,1.2898079726077678,47,nan,nan,1.0,1,nan,0,nan,nan,nan
6,0,init,False,5,1.595701416217555,0.010657917664531927,0.01065791766452151,1.405786602795302,75.81195041346109,4,1.48316733780218,126,nan,nan,1.0,1,nan,0,nan,nan,nan
6,0,init,False,6,1.5853100652539636,0.0443627407363362,0.04436274073633369,1.3937637290187503,53.4790893985892,4,1.3239819964929083,95,nan,nan,1.0,1,nan,0,nan,nan,nan
6,0,init,False,7,0.4018957436714012,0.10580861422144576,0.1058086142214447,0.35215020274926095,96.64326979807032,4,1.184094946286352,153,nan,nan,1.0,1,nan,0,nan,nan,nan
6,0,init,False,8,1.2700049529393447,0.04456371068526958,0.044563710685264595,1.1836435805148768,42.525822798838774,4,1.3911741521780545,73,nan,nan,1.0,1,nan,0,nan,nan,nan
6,0,init,False,9,1.396706319763929,0.03422635824014154,0.03422635824013829,1.2891901406218151,71.97134862060662,4,1.170680791268743,118,nan,nan,1.0,1,nan,0,nan,nan,nan
6,0,init,False,10,0.7169159324718162,0.05410309532995859,0.054103095329956545,0.6367383662227563,115.49336898557972,4,1.2014671291458443,171,nan,nan,1.0,1,nan,0,nan,nan,nan
6,0,init,False,11,2.103429569382233,0.01921038588892412,0.0192103858889299,1.9404298215078988,48.80161383275155,4,1.3789303085189457,88,nan,nan,1.0,1,nan,0,nan,nan,nan
6,0,init,False,12,1.470954417908997,0.01524387665552092,0.015243876655506354,1.372827832688137,75.62404581090895,4,1.283627964475052,117,nan,nan,1.0,1,nan,0,nan,nan,nan
6,0,init,False,13,1.388642514644572,0.022676929483768985,0.02267692948376409,1.2478230804163029,40.89857424422631,4,1.2771140316097331,72,nan,nan,1.0,1,nan,0,nan,nan,nan
6,0,init,False,14,3.7373453800473535,0.0463937225010641,0.0463937225010641,3.4508984313276803,2.7073364238549575,4,4.564046198290462,8,nan,nan,1.0,1,nan,0,nan,nan,nan
6,0,init,False,15,0.40616906286920945,0.06851590767745994,0.06851590767746317,0.3950157774935046,50.47056557527236,4,1.434244672769924,91,nan,nan,1.0,1,nan,0,nan,nan,nan
6,0,init,False,16,0.3890029855377656,0.07025275725362354,0.07025275725362354,0.36204287663122314,122.0736781920817,4,1.2172174899420798,178,nan,nan,1.0,1,nan,0,nan,nan,nan
6,0,init,False,17,2.1699025667912704,0.01450261782899615,0.014502617829019116,2.050049184221096,36.98537468571456,4,1.4482690910673952,70,nan,nan,1.0,1,nan,0,nan,nan,nan
6,0,init,False,18,2.1977118582756474,0.03912825986193391,0.039128259861931074,2.0274259181858993,16.87004217402684,4,1.443738741870929,33,nan,nan,1.0,1,nan,0,nan,nan,nan
6,0,init,False,19,0.8905675226758757,0.02311299486845088,0.02311299486844127,0.821050791540688,79.6001769273492,4,1.2791646380629778,128,nan,nan,1.0,1,nan,0,nan,nan,nan
6,0,init,False,20,1.1310230282852698,0.03882455321480119,0.03882455321479261,1.0356074150649899,74.3621311687393,4,1.4697135649056174,122,nan,nan,1.0,1,nan,0,nan,nan,nan
6,0,init,False,21,2.0401207972277002,0.021689032155158258,0.02168903215514802,1.818174150113528,56.20392719180741,4,1.334272943232875,93,nan,nan,1.0,1,nan,0,nan,nan,nan
6,0,init,False,22,0.9210253947734512,0.050093387650265116,0.050093387650265116,0.8228518287175302,64.23113255828872,4,1.2918368917104768,104,nan,nan,1.0,1,nan,0,nan,nan,nan
6,0,init,False,23,1.5776915231880368,0.024253932312104452,0.024253932312113608,1.4349014453941045,75.37873253565283,4,1.217459543327222,119,nan,nan,1.0,1,nan,0,nan,nan,nan
6,1,step,False,0,2.54098135741418,0.01247645115391362,0.015320729395109341,2.3637741207362293,17.46057952630617,4,1.27484943904016,33,6.000000000234156,8.247804774044706,1.0,1,0.7556868887743687,0,1.6273409581129943,1.0,5.986773075904043e-16
6,1,step,False,1,0.7412300966119058,0.06522933281896612,0.07058018608844666,0.6843285538499039,58.75002316755938,4,1.3885988138108036,102,15.36275977580894,21.212459869668514,1.0,1,0.4236583189134537,0,1.6273409581129943,1.0,5.986773075904043e-16
6,1,step,False,2,0.2768699161868602,0.11601656309396459,0.10832935133554265,0.24468676027889116,59.861531152866775,4,1.334131016019222,107,16.83259370480924,24.677812307732694,1.0,1,0.3510377013494529,0,1.6273409581129943,1.0,5.986773075904043e-16
6,1,step,False,3,0.49089716394589106,0.10241485536098625,0.10349714730472429,0.45871747085832765,84.03306920488411,4,1.2510632781073787,137,26.58959450332477,36.08096288938939,1.0,1,0.47768197695944936,0,1.6273409581129943,1.0,5.986773075904043e-16
6,1,step,False,4,0.9705931967434145,0.11807319094998629,0.08819105996785742,0.9702866452597904,19.762615612563682,4,1.2898079726077678,47,6.000000000481441,7.999597581940898,1.0,1,0.3009011383422447,0,1.6273409581129943,1.0,5.986773075904043e-16
6,1,step,False,5,1.595701416217555,0.015523423460887267,0.01065791766452151,1.405786602795302,75.81195041346109,4,1.48316733780218,126,23.96852315630904,33.80458412771796,1.0,1,0.22170979894053322,0,1.6273409581129943,1.0,5.986773075904043e-16
6,1,step,False,6,1.5853100652539636,0.03167980185996871,0.04436274073633369,1.3937637290187503,53.4790893985892,4,1.3239819964929083,95,13.618710527794772,19.98800139924261,1.0,1,0.31961600690078296,0,1.6273409581129943,1.0,5.986773075904043e-16
6,1,step,False,7,0.4018957436714012,0.11456393889291715,0.1058086142214447,0.35215020274926095,96.64326979807032,4,1.184094946286352,153,35.1861851967134,46.97883811133255,1.0,1,0.47783547932408105,0,1.6273409581129943,1.0,5.986773075904043e-16
6,1,step,False,8,1.2700049529393447,0.04625571054100622,0.044563710685264595,1.1836435805148768,42.525822798838774,4,1.3911741521780545,73,12.732039682213614,20.480168688471355,1.0,1,0.43149118433794426,0,1.6273409581129943,1.0,5.986773075904043e-16
6,1,step,False,9,1.396706319763929,0.028170821063649175,0.03422635824013829,1.2891901406218151,71.97134862060662,4,1.170680791268743,118,25.155465580470995,33.63605214959357,1.0,1,0.6239789987213585,0,1.6273409581129943,1.0,5.986773075904043e-16
6,1,step,False,10,0.7169159324718162,0.04609166312374314,0.054103095329956545,0.6367383662227563,115.49336898557972,4,1.2014671291458443,171,49.35571960074817,67.07116552927494,1.0,1,0.43290995701033314,0,1.6273409581129943,1.0,5.986773075904043e-16
6,1,step,False,11,2.103429569382233,0.029007992255997934,0.0192103858889299,1.9404298215078988,48.80161383275155,4,1.3789303085189457,88,14.519322894768052,19.3033197375298,1.0,1,0.2722846639749337,0,1.6273409581129943,1.0,5.986773075904043e-16
6,1,step,False,12,1.470954417908997,0.01575993278589682,0.015243876655506354,1.372827832688137,75.62404581090895,4,1.283627964475052,117,25.79336491686083,38.79039582110543,1.0,1,0.4027345169035181,0,1.6273409581129943,1.0,5.986773075904043e-16
6,1,step,False,13,1.388642514644572,0.028621504950606908,0.02267692948376409,1.2478230804163029,40.89857424422631,4,1.2771140316097331,72,10.016672991582903,13.1215986348465,1.0,1,0.3558905323615841,0,1.6273409581129943,1.0,5.986773075904043e-16
6,1,step,False,14,3.7373453800473535,0.04331433964963751,0.0463937225010641,3.4508984313276803,2.7073364238549575,4,4.564046198290462,8,6.000000000282098,10.874938683933525,1.0,1,1.0869106488259304,0,1.6273409581129943,1.0,5.986773075904043e-16
6,1,step,False,15,0.40616906286920945,0.06581373312515539,0.06851590767746317,0.3950157774935046,50.47056557527236,4,1.434244672769924,91,12.403690647773246,18.229232119301496,1.0,1,0.2639632800264882,0,1.6273409581129943,1.0,5.986773075904043e-16
6,1,step,False,16,0.3890029855377656,0.06102160341372683,0.07025275725362354,0.36204287663122314,122.0736781920817,4,1.2172174899420798,178,48.173609060085724,69.33492169693001,1.0,1,0.6249510816898604,0,1.6273409581129943,1.0,5.986773075904043e-16
6,1,step,False,17,2.1699025667912704,0.018737605672758558,0.014502617829019116,2.050049184221096,36.98537468571456,4,1.4482690910673952,70,8.755496127665829,12.896568378973392,1.0,1,0.25051917255677153,0,1.6273409581129943,1.0,5.986773075904043e-16
6,1,step,False,18,2.1977118582756474,0.041837021321265315,0.039128259861931074,2.0274259181858993,16.87004217402684,4,1.443738741870929,33,6.000000000251383,7.644120775784168,1.0,1,0.3232722382777549,0,1.6273409581129943,1.0,5.986773075904043e-16
6,1,step,False,19,0.8905675226758757,0.03569877666711541,0.02311299486844127,0.821050791540688,79.6001769273492,4,1.2791646380629778,128,30.213062681903562,42.1425408445288,1.0,1,0.42057997211952497,0,1.6273409581129943,1.0,5.986773075904043e-16
6,1,step,False,20,1.1310230282852698,0.040340081556140814,0.03882455321479261,1.0356074150649899,74.3621311687393,4,1.4697135649056174,122,25.350055972965464,34.337063368970774,1.0,1,0.2928685641785628,0,1.6273409581129943,1.0,5.986773075904043e-16
6,1,step,False,21,2.0401207972277002,0.033287315282063086,0.02168903215514802,1.818174150113528,56.20392719180741,4,1.334272943232875,93,17.60425583224027,23.710192275256475,1.0,1,0.3164495392501931,0,1.6273409581129943,1.0,5.986773075904043e-16
6,1,step,False,22,0.9210253947734512,0.06367449766574411,0.050093387650265116,0.8228518287175302,64.23113255828872,4,1.2918368917104768,104,23.935624294868877,31.737084635556386,1.0,1,0.4110585253041426,0,1.6273409581129943,1.0,5.986773075904043e-16
6,1,step,False,23,1.5776915231880368,0.022458609513132905,0.024253932312113608,1.4349014453941045,75.37873253565283,4,1.217459543327222,119,29.76694276056097,41.88065224055272,1.0,1,0.38225564474877677,0,1.6273409581129943,1.0,5.986773075904043e-16
6,2,step,False,0,2.54098135741418,0.023929223949977017,0.015320729395109341,2.3637741207362293,17.46057952630617,4,1.27484943904016,33,6.0000000002051594,7.7827024399658065,1.0,1,0.2695021773189291,0,1.1507038267843115,0.6089911758899689,1.8630707012766104e-15
6,2,step,False,1,0.7412300966119058,0.07443752538182721,0.07058018608844666,0.6843285538499039,58.75002316755938,4,1.3885988138108036,102,16.114089034031114,22.376486941298943,1.0,1,0.2132111925647506,0,1.1507038267843115,0.6089911758899689,1.8630707012766104e-15
6,2,step,False,2,0.2768699161868602,0.12154589546646465,0.10832935133554265,0.24468676027889116,59.861531152866775,4,1.334131016019222,107,19.4445909013454,27.786028067645212,1.0,1,0.16260295982055042,0,1.1507038267843115,0.6089911758899689,1.8630707012766104e-15
6,2,step,False,3,0.49089716394589106,0.1065035496139645,0.10349714730472429,0.45871747085832765,84.03306920488411,4,1.2510632781073787,137,26.110412317194392,36.31770222819368,1.0,1,0.3184861327694997,0,1.1507038267843115,0.6089911758899689,1.8630707012766104e-15
6,2,step,False,4,0.9705931967434145,0.11411594328548201,0.08819105996785742,0.9702866452597904,19.762615612563682,4,1.2898079726077678,47,6.000000000405151,8.389376210806411,1.0,1,0.2042310196586222,0,1.1507038267843115,0.6089911758899689,1.8630707012766104e-15
6,2,step,False,5,1.595701416217555,0.012905608103515183,0.01065791766452151,1.405786602795302,75.81195041346109,4,1.48316733780218,126,20.76346699357385,27.49240535208732,1.0,1,0.16996070881579686,0,1.1507038267843115,0.6089911758899689,1.8630707012766104e-15
6,2,step,False,6,1.5853100652539636,0.03132762472000789,0.04436274073633369,1.3937637290187503,53.4790893985892,4,1.3239819964929083,95,15.213237155442664,21.34588311468537,1.0,1,0.11409671566368537,0,1.1507038267843115,0.6089911758899689,1.8630707012766104e-15
6,2,step,False,7,0.4018957436714012,0.1189019117118448,0.1058086142214447,0.35215020274926095,96.64326979807032,4,1.184094946286352,153,39.70062365384851,54.271314525663136,1.0,1,0.25870004257657986,0,1.1507038267843115,0.6089911758899689,1.8630707012766104e-15
6,2,step,False,8,1.2700049529393447,0.05042726092578777,0.044563710685264595,1.1836435805148768,42.525822798838774,4,1.3911741521780545,73,14.396794674658336,22.229675425965752,1.0,1,0.20469648725827655,0,1.1507038267843115,0.6089911758899689,1.8630707012766104e-15
6,2,step,False,9,1.396706319763929,0.03048563482624021,0.03422635824013829,1.2891901406218151,71.97134862060662,4,1.170680791268743,118,24.859744633826658,32.69576841839154,1.0,1,0.24722700188723157,0,1.1507038267843115,0.6089911758899689,1.8630707012766104e-15
6,2,step,False,10,0.7169159324718162,0.04872264529096828,0.054103095329956545,0.6367383662227563,115.49336898557972,4,1.2014671291458443,171,48.50720634945149,64.49050662516966,1.0,1,0.32439464602354645,0,1.1507038267843115,0.6089911758899689,1.8630707012766104e-15
6,2,step,False,11,2.103429569382233,0.0320171464462352,0.0192103858889299,1.9404298215078988,48.80161383275155,4,1.3789303085189457,88,11.383919068433515,13.745251011858562,1.0,1,0.12246576196632508,0,1.1507038267843115,0.6089911758899689,1.8630707012766104e-15
6,2,step,False,12,1.470954417908997,0.01618551054889876,0.015243876655506354,1.372827832688137,75.62404581090895,4,1.283627964475052,117,25.839122053100596,37.27500624250208,1.0,1,0.32011015184121056,0,1.1507038267843115,0.6089911758899689,1.8630707012766104e-15
6,2,step,False,13,1.388642514644572,0.03415213457934614,0.02267692948376409,1.2478230804163029,40.89857424422631,4,1.2771140316097331,72,11.030396349002109,14.75832774825108,1.0,1,0.16727602807081848,0,1.1507038267843115,0.6089911758899689,1.8630707012766104e-15
6,2,step,False,14,3.7373453800473535,0.04024608860983762,0.0463937225010641,3.4508984313276803,2.7073364238549575,4,4.564046198290462,8,6.000000001462597,10.44938572735676,1.0,1,0.9713048148334728,0,1.1507038267843115,0.6089911758899689,1.8630707012766104e-15
6,2,step,False,15,0.40616906286920945,0.05847920079008816,0.06851590767746317,0.3950157774935046,50.47056557527236,4,1.434244672769924,91,15.104662206703313,23.844763865162243,1.0,1,0.27434417551131796,0,1.1507038267843115,0.6089911758899689,1.8630707012766104e-15
6,2,step,False,16,0.3890029855377656,0.05381104763215464,0.07025275725362354,0.36204287663122314,122.0736781920817,4,1.2172174899420798,178,50.446556694694074,71.95602012018546,1.0,1,0.2598618133786705,0,1.1507038267843115,0.6089911758899689,1.8630707012766104e-15
6,2,step,False,17,2.1699025667912704,0.017305992770465285,0.014502617829019116,2.050049184221096,36.98537468571456,4,1.4482690910673952,70,7.736595111777702,10.98180586651894,1.0,1,0.1410898208798628,0,1.1507038267843115,0.6089911758899689,1.8630707012766104e-15
6,2,step,False,18,2.1977118582756474,0.05771815744424235,0.039128259861931074,2.0274259181858993,16.87004217402684,4,1.443738741870929,33,6.000000000256392,7.351200635716319,1.0,1,0.1979282918638733,0,1.1507038267843115,0.6089911758899689,1.8630707012766104e-15
6,2,step,False,19,0.8905675226758757,0.029952632258179304,0.02311299486844127,0.821050791540688,79.6001769273492,4,1.2791646380629778,128,28.122964887383645,38.663685747115295,1.0,1,0.2899500810169793,0,1.1507038267843115,0.6089911758899689,1.8630707012766104e-15
6,2,step,False,20,1.1310230282852698,0.04362229033044034,0.03882455321479261,1.0356074150649899,74.3621311687393,4,1.4697135649056174,122,26.0117794138147,34.50980711264186,1.0,1,0.2356757800901292,0,1.1507038267843115,0.6089911758899689,1.8630707012766104e-15
6,2,step,False,21,2.0401207972277002,0.03543256873368397,0.02168903215514802,1.818174150113528,56.20392719180741,4,1.334272943232875,93,14.025763121653501,18.711366336879628,1.0,1,0.21954904341220965,0,1.1507038267843115,0.6089911758899689,1.8630707012766104e-15
6,2,step,False,22,0.9210253947734512,0.058820648841906624,0.050093387650265116,0.8228518287175302,64.23113255828872,4,1.2918368917104768,104,24.987194548581517,32.95226859562968,1.0,1,0.25854863546363815,0,1.1507038267843115,0.6089911758899689,1.8630707012766104e-15
6,2,step,False,23,1.5776915231880368,0.01892419624451672,0.024253932312113608,1.4349014453941045,75.37873253565283,4,1.217459543327222,119,26.401266631336743,35.90745000784316,1.0,1,0.2509370590984778,0,1.1507038267843115,0.6089911758899689,1.8630707012766104e-15
6,3,step,False,0,2.54098135741418,0.03404360882666987,0.015320729395109341,2.3637741207362293,17.46057952630617,4,1.27484943904016,33,6.000000000187788,7.39610149110768,1.0,1,0.23018343717386616,0,0.8136704790564969,0.3639957904815674,6.558189137200989e-14
6,3,step,False,1,0.7412300966119058,0.0788770993707053,0.07058018608844666,0.6843285538499039,58.75002316755938,4,1.3885988138108036,102,18.139956796847834,25.113975791704622,1.0,1,0.09529448502271907,0,0.8136704790564969,0.3639957904815674,6.558189137200989e-14
6,3,step,False,2,0.2768699161868602,0.12055114994505482,0.10832935133554265,0.24468676027889116,59.861531152866775,4,1.334131016019222,107,21.490290100736217,29.981492916943683,1.0,1,0.1740441949433866,0,0.8136704790564969,0.3639957904815674,6.558189137200989e-14
6,3,step,False,3,0.49089716394589106,0.09096529912393707,0.10349714730472429,0.45871747085832765,84.03306920488411,4,1.2510632781073787,137,31.219145200542457,44.25416875380134,1.0,1,0.1576097938255081,0,0.8136704790564969,0.3639957904815674,6.558189137200989e-14
6,3,step,False,4,0.9705931967434145,0.10212547716442393,0.08819105996785742,0.9702866452597904,19.762615612563682,4,1.2898079726077678,47,6.013325550382429,9.11560134744435,1.0,1,0.055674090372405984,0,0.8136704790564969,0.3639957904815674,6.558189137200989e-14
6,3,step,False,5,1.595701416217555,0.01699495142297359,0.01065791766452151,1.405786602795302,75.81195041346109,4,1.48316733780218,126,18.829438729014843,25.05753859766829,1.0,1,0.13636141946518396,0,0.8136704790564969,0.3639957904815674,6.558189137200989e-14
6,3,step,False,6,1.5853100652539636,0.039480956461877215,0.04436274073633369,1.3937637290187503,53.4790893985892,4,1.3239819964929083,95,16.238781698550824,21.559869739373866,1.0,1,0.13083598587874504,0,0.8136704790564969,0.3639957904815674,6.558189137200989e-14
6,3,step,False,7,0.4018957436714012,0.11862531379440076,0.1058086142214447,0.35215020274926095,96.64326979807032,4,1.184094946286352,153,38.94942637191214,50.56465347522387,1.0,1,0.15434604215857642,0,0.8136704790564969,0.3639957904815674,6.558189137200989e-14
6,3,step,False,8,1.2700049529393447,0.06095618402341087,0.044563710685264595,1.1836435805148768,42.525822798838774,4,1.3911741521780545,73,14.006988046278783,19.216668901947862,1.0,1,0.13419728409159298,0,0.8136704790564969,0.3639957904815674,6.558189137200989e-14
6,3,step,False,9,1.396706319763929,0.0371828030792061,0.03422635824013829,1.2891901406218151,71.97134862060662,4,1.170680791268743,118,24.075457001089784,31.203304352641073,1.0,1,0.18126307322380278,0,0.8136704790564969,0.3639957904815674,6.558189137200989e-14
6,3,step,False,10,0.7169159324718162,0.051719202059301216,0.054103095329956545,0.6367383662227563,115.49336898557972,4,1.2014671291458443,171,43.318275427415486,55.51937500726495,1.0,1,0.23409900488983074,0,0.8136704790564969,0.3639957904815674,6.558189137200989e-14
6,3,step,False,11,2.103429569382233,0.03427773726312172,0.0192103858889299,1.9404298215078988,48.80161383275155,4,1.3789303085189457,88,10.884165768398107,12.846101587834367,1.0,1,0.09487966584013444,0,0.8136704790564969,0.3639957904815674,6.558189137200989e-14
6,3,step,False,12,1.470954417908997,0.01379516841109005,0.015243876655506354,1.372827832688137,75.62404581090895,4,1.283627964475052,117,25.655742731676106,34.57919541695896,1.0,1,0.1346071095169167,0,0.8136704790564969,0.3639957904815674,6.558189137200989e-14
6,3,step,False,13,1.388642514644572,0.03443115089344458,0.02267692948376409,1.2478230804163029,40.89857424422631,4,1.2771140316097331,72,13.939144945140544,18.21574921359547,1.0,1,0.09356899916725021,0,0.8136704790564969,0.3639957904815674,6.558189137200989e-14
6,3,step,False,14,3.7373453800473535,0.041601672430363376,0.0463937225010641,3.4508984313276803,2.7073364238549575,4,4.564046198290462,8,6.000000000804345,10.099324718321844,1.0,1,0.8982246395830052,0,0.8136704790564969,0.3639957904815674,6.558189137200989e-14
6,3,step,False,15,0.40616906286920945,0.05934214103415959,0.06851590767746317,0.3950157774935046,50.47056557527236,4,1.434244672769924,91,18.839529900661134,29.13443674636975,1.0,1,0.15490625307706693,0,0.8136704790564969,0.3639957904815674,6.558189137200989e-14
6,3,step,False,16,0.3890029855377656,0.05253696202660649,0.07025275725362354,0.36204287663122314,122.0736781920817,4,1.2172174899420798,178,50.734968480182935,70.63567270850913,1.0,1,0.2174641924843436,0,0.8136704790564969,0.3639957904815674,6.558189137200989e-14
6,3,step,False,17,2.1699025667912704,0.019910426555350146,0.014502617829019116,2.050049184221096,36.98537468571456,4,1.4482690910673952,70,7.046401748450437,9.920835416030966,1.0,1,0.18670397166736913,0,0.8136704790564969,0.3639957904815674,6.558189137200989e-14
6,3,step,False,18,2.1977118582756474,0.062377326535098275,0.039128259861931074,2.0274259181858993,16.87004217402684,4,1.443738741870929,33,6.000000000291191,7.111834724678527,1.0,1,0.11150824547471014,0,0.8136704790564969,0.3639957904815674,6.558189137200989e-14
6,3,step,False,19,0.8905675226758757,0.04290238055581971,0.02311299486844127,0.821050791540688,79.6001769273492,4,1.2791646380629778,128,27.49410190768252,36.26179495503739,1.0,1,0.1514978288863608,0,0.8136704790564969,0.3639957904815674,6.558189137200989e-14
6,3,step,False,20,1.1310230282852698,0.030041786494507738,0.03882455321479261,1.0356074150649899,74.3621311687393,4,1.4697135649056174,122,26.777105565814548,36.44072901118087,1.0,1,0.11409381930749073,0,0.8136704790564969,0.3639957904815674,6.558189137200989e-14
6,3,step,False,21,2.0401207972277002,0.02355250290795043,0.02168903215514802,1.818174150113528,56.20392719180741,4,1.334272943232875,93,9.817523583908311,13.336236837134438,1.0,1,0.1010873912366634,0,0.8136704790564969,0.3639957904815674,6.558189137200989e-14
6,3,step,False,22,0.9210253947734512,0.053612855668953185,0.050093387650265116,0.8228518287175302,64.23113255828872,4,1.2918368917104768,104,23.405951234567866,30.225413653235776,1.0,1,0.20241052832795622,0,0.8136704790564969,0.3639957904815674,6.558189137200989e-14
6,3,step,False,23,1.5776915231880368,0.013502791376752383,0.024253932312113608,1.4349014453941045,75.37873253565283,4,1.217459543327222,119,23.03693133819866,29.205515971104735,1.0,1,0.0850407463781729,0,0.8136704790564969,0.3639957904815674,6.558189137200989e-14
7,0,init,False,0,1.695893548209062,0.013128328625726373,0.013128328625726373,1.6555952653288502,53.465993280249634,4,1.2472880042483732,97,nan,nan,1.0,1,nan,0,nan,nan,nan
7,0,init,False,1,2.2857085843603824,0.012027185716760298,0.012027185716751067,2.181452054203725,33.80790741579857,4,1.3955810576463779,68,nan,nan,1.0,1,nan,0,nan,nan,nan
7,0,init,False,2,0.7496180157712998,0.05607356882113549,0.056073568821139445,0.6868357800926292,102.02524851658946,4,1.2462523477289515,158,nan,nan,1.0,1,nan,0,nan,nan,nan
7,0,init,False,3,0.7321385464267546,0.03123476374567198,0.031234763745675537,0.7022290120227177,78.43110798093267,4,1.266839737976448,118,nan,nan,1.0,1,nan,0,nan,nan,nan
7,0,init,False,4,1.3432311769705663,0.020085912958477187,0.020085912958466134,1.3057810656001516,75.99552897688298,4,1.1526094094761743,130,nan,nan,1.0,1,nan,0,nan,nan,nan
7,0,init,False,5,2.5599472376981836,0.017613146558885937,0.01761314655891115,2.501915044370246,24.62584607685912,4,1.7856351223096008,46,nan,nan,1.0,1,nan,0,nan,nan,nan
7,0,init,False,6,2.5719546876022785,0.02238448248182506,0.02238448248182506,2.418392862856482,25.886473484609475,4,1.3148413721217607,49,nan,nan,1.0,1,nan,0,nan,nan,nan
7,0,init,False,7,0.5562056173718655,0.020824990095521825,0.020824990095516496,0.5299448386310659,109.16931197286914,4,1.204066454109447,169,nan,nan,1.0,1,nan,0,nan,nan,nan
7,0,init,False,8,0.18965584778829725,0.14865668406475172,0.14865668406475172,0.18190543715241161,78.52859213405438,4,1.3153045139270814,121,nan,nan,1.0,1,nan,0,nan,nan,nan
7,0,init,False,9,1.7902645027757145,0.014371289497112192,0.014371289497127644,1.7013321405379425,30.051260915893067,4,1.5234981204062745,62,nan,nan,1.0,1,nan,0,nan,nan,nan
7,0,init,False,10,1.8688287133032908,0.04308378255343283,0.04308378255342768,1.7635689087622057,13.875457717056847,4,1.5335676978780175,32,nan,nan,1.0,1,nan,0,nan,nan,nan
7,0,init,False,11,1.798904448533471,0.059410746992897986,0.05941074699289612,1.7967163228032568,22.526533495044212,4,1.4991487356783237,45,nan,nan,1.0,1,nan,0,nan,nan,nan
7,0,init,False,12,1.656085565633077,0.007985435541849897,0.0079854355418638,1.6283476729357749,66.52874753848387,4,1.4668885675408487,111,nan,nan,1.0,1,nan,0,nan,nan,nan
7,0,init,False,13,1.4164375940140463,0.03686477391960962,0.0368647739196036,1.3610093615055556,49.903785347071945,4,1.4397238092834648,87,nan,nan,1.0,1,nan,0,nan,nan,nan
7,0,init,False,14,0.9095282557893342,0.04620557995066799,0.04620557995066799,0.9037286572935064,25.982990440588615,4,1.8809392902878954,46,nan,nan,1.0,1,nan,0,nan,nan,nan
7,0,init,False,15,0.979959092698329,0.024985733823943174,0.024985733823947615,0.9409560781756481,100.22869046624908,4,1.1588893870320889,154,nan,nan,1.0,1,nan,0,nan,nan,nan
7,0,init,False,16,0.6074272708457642,0.05283934854578817,0.052839348545790275,0.6078964355417931,114.58790735195603,4,1.2143450195914391,171,nan,nan,1.0,1,nan,0,nan,nan,nan
7,0,init,False,17,0.7090745349758502,0.0844153969956395,0.0844153969956395,0.6883008307455208,91.91038893568631,4,1.2310369715249714,147,nan,nan,1.0,1,nan,0,nan,nan,nan
7,0,init,False,18,1.6675110350894953,0.0039016603148163457,0.0039016603149017114,1.6062928130775846,63.257256614165854,4,1.2209103837488429,107,nan,nan,1.0,1,nan,0,nan,nan,nan
7,0,init,False,19,0.9835998101561569,0.01964132081397458,0.01964132081397458,0.9434298474016647,95.24671985369999,4,1.1657662482924642,146,nan,nan,1.0,1,nan,0,nan,nan,nan
7,0,init,False,20,1.3118515925786611,0.02224576496385522,0.02224576496385522,1.3228936886363727,32.39522492289318,4,1.297573357104855,59,nan,nan,1.0,1,nan,0,nan,nan,nan
7,0,init,False,21,2.4897466425669204,0.009236325104039217,0.009236325104039217,2.341584978050483,12.877475319551785,4,1.6628685030494748,28,nan,nan,1.0,1,nan,0,nan,nan,nan
7,0,init,False,22,0.5277176915553676,0.05435448887106839,0.05435448887106634,0.5002924558347583,109.47356309689263,4,1.2290279960899777,170,nan,nan,1.0,1,nan,0,nan,nan,nan
7,0,init,False,23,2.43209115517156,0.0149549635450817,0.0149549635450817,2.3533518522777417,29.217988145921435,4,1.4840626442287876,55,nan,nan,1.0,1,nan,0,nan,nan,nan
7,1,step,False,0,1.695893548209062,0.009886489985632563,0.013128328625726373,1.6555952653288502,53.465993280249634,4,1.2472880042483732,97,15.507996359957538,23.645960967002807,1.0,1,0.5002852776836322,0,1.6605951643384131,1.0,4.2320615950485575e-16
7,1,step,False,1,2.2857085843603824,0.01983170869310652,0.012027185716751067,2.181452054203725,33.80790741579857,4,1.3955810576463779,68,6.521452823460307,10.042722663536358,1.0,1,0.4293831950300498,0,1.6605951643384131,1.0,4.2320615950485575e-16
7,1,step,False,2,0.7496180157712998,0.056256483548758424,0.056073568821139445,0.6868357800926292,102.02524851658946,4,1.2462523477289515,158,34.97049595842469,45.117098805605764,1.0,1,0.5422466095448029,0,1.6605951643384131,1.0,4.2320615950485575e-16
7,1,step,False,3,0.7321385464267546,0.038770376196562935,0.031234763745675537,0.7022290120227177,78.43110798093267,4,1.266839737976448,118,26.15095431798394,36.65837000379006,1.0,1,0.3815579920413465,0,1.6605951643384131,1.0,4.2320615950485575e-16
7,1,step,False,4,1.3432311769705663,0.023460966028585092,0.020085912958466134,1.3057810656001516,75.99552897688298,4,1.1526094094761743,130,24.44210631248285,34.81996011635408,1.0,1,0.48523874035963843,0,1.6605951643384131,1.0,4.2320615950485575e-16
7,1,step,False,5,2.5599472376981836,0.02259372696528176,0.01761314655891115,2.501915044370246,24.62584607685912,4,1.7856351223096008,46,6.000000000585682,9.516752299777842,1.0,1,0.30913630920215646,0,1.6605951643384131,1.0,4.2320615950485575e-16
7,1,step,False,6,2.5719546876022785,0.019457686583505926,0.02238448248182506,2.418392862856482,25.886473484609475,4,1.3148413721217607,49,7.442089797589687,11.60852096269116,1.0,1,0.5600743782446724,0,1.6605951643384131,1.0,4.2320615950485575e-16
7,1,step,False,7,0.5562056173718655,0.013629471278399289,0.020824990095516496,0.5299448386310659,109.16931197286914,4,1.204066454109447,169,44.71463294585974,61.689432715257816,1.0,1,0.507380013727424,0,1.6605951643384131,1.0,4.2320615950485575e-16
7,1,step,False,8,0.18965584778829725,0.1696373695347696,0.14865668406475172,0.18190543715241161,78.52859213405438,4,1.3153045139270814,121,23.813398992061803,33.90219620912647,1.0,1,0.4322342171632818,0,1.6605951643384131,1.0,4.2320615950485575e-16
7,1,step,False,9,1.7902645027757145,0.005788532517695597,0.014371289497127644,1.7013321405379425,30.051260915893067,4,1.5234981204062745,62,7.457892022467633,11.932053152406091,1.0,1,0.6219115858811374,0,1.6605951643384131,1.0,4.2320615950485575e-16
7,1,step,False,10,1.8688287133032908,0.02762563868922855,0.04308378255342768,1.7635689087622057,13.875457717056847,4,1.5335676978780175,32,6.000000000447641,8.939572542087346,1.0,1,0.5323189559822202,0,1.6605951643384131,1.0,4.2320615950485575e-16
7,1,step,False,11,1.798904448533471,0.06044195053127709,0.05941074699289612,1.7967163228032568,22.526533495044212,4,1.4991487356783237,45,6.000000000287427,7.803363812240605,1.0,1,0.10784383680577148,0,1.6605951643384131,1.0,4.2320615950485575e-16
7,1,step,False,12,1.656085565633077,0.012829348218240026,0.0079854355418638,1.6283476729357749,66.52874753848387,4,1.4668885675408487,111,22.07633146972727,31.83853491192256,1.0,1,0.283013097553794,0,1.6605951643384131,1.0,4.2320615950485575e-16
7,1,step,False,13,1.4164375940140463,0.02784099488326533,0.0368647739196036,1.3610093615055556,49.903785347071945,4,1.4397238092834648,87,9.722569566055254,14.735965812203196,1.0,1,0.3463804112362255,0,1.6605951643384131,1.0,4.2320615950485575e-16
7,1,step,False,14,0.9095282557893342,0.04277293962463853,0.04620557995066799,0.9037286572935064,25.982990440588615,4,1.8809392902878954,46,7.198143495626002,10.72591774988459,1.0,1,0.35270276590915733,0,1.6605951643384131,1.0,4.2320615950485575e-16
7,1,step,False,15,0.979959092698329,0.023594748381362444,0.024985733823947615,0.9409560781756481,100.22869046624908,4,1.1588893870320889,154,38.69873344675015,53.853702182277424,1.0,1,0.486286002062284,0,1.6605951643384131,1.0,4.2320615950485575e-16
7,1,step,False,16,0.6074272708457642,0.041232014806103216,0.052839348545790275,0.6078964355417931,114.58790735195603,4,1.2143450195914391,171,48.0641338327472,67.445561422251,1.0,1,0.5128983466239927,0,1.6605951643384131,1.0,4.2320615950485575e-16
7,1,step,False,17,0.7090745349758502,0.08209905956757743,0.0844153969956395,0.6883008307455208,91.91038893568631,4,1.2310369715249714,147,30.956332724561626,42.95449234441716,1.0,1,0.4411381791706892,0,1.6605951643384131,1.0,4.2320615950485575e-16
7,1,step,False,18,1.6675110350894953,0.009407452299223283,0.0039016603149017114,1.6062928130775846,63.257256614165854,4,1.2209103837488429,107,18.308987459315652,24.98037696756598,1.0,1,0.4430293040836361,0,1.6605951643384131,1.0,4.2320615950485575e-16
7,1,step,False,19,0.9835998101561569,0.021434695370843606,0.01964132081397458,0.9434298474016647,95.24671985369999,4,1.1657662482924642,146,38.0516721386496,53.05114956342134,1.0,1,0.4808495893550137,0,1.6605951643384131,1.0,4.2320615950485575e-16
7,1,step,False,20,1.3118515925786611,0.023622079240448995,0.02224576496385522,1.3228936886363727,32.39522492289318,4,1.297573357104855,59,9.105175267293191,13.6607547925201,1.0,1,0.23017320193553112,0,1.6605951643384131,1.0,4.2320615950485575e-16
7,1,step,False,21,2.4897466425669204,0.019484429750068054,0.009236325104039217,2.341584978050483,12.877475319551785,4,1.6628685030494748,28,6.000000000144624,9.185863555411789,1.0,1,0.3646814695758522,0,1.6605951643384131,1.0,4.2320615950485575e-16
7,1,step,False,22,0.5277176915553676,0.05204228509190649,0.05435448887106634,0.5002924558347583,109.47356309689263,4,1.2290279960899777,170,41.3399474802764,56.28471301796256,1.0,1,0.5467623502940552,0,1.6605951643384131,1.0,4.2320615950485575e-16
7,1,step,False,23,2.43209115517156,0.027681303562000308,0.0149549635450817,2.3533518522777417,29.217988145921435,4,1.4840626442287876,55,8.548061119125059,13.752532896366455,1.0,1,0.43392333941600264,0,1.6605951643384131,1.0,4.2320615950485575e-16
7,2,step,False,0,1.695893548209062,0.009295192097797722,0.013128328625726373,1.6555952653288502,53.465993280249634,4,1.2472880042483732,97,13.848433149811964,19.082530784551235,1.0,1,0.304223877980708,0,1.1742181015092812,0.6045981049537659,1.257818584659626e-15
7,2,step,False,1,2.2857085843603824,0.019558161657596995,0.012027185716751067,2.181452054203725,33.80790741579857,4,1.3955810576463779,68,6.355314008530108,9.46708411722516,1.0,1,0.3333850309054417,0,1.1742181015092812,0.6045981049537659,1.257818584659626e-15
7,2,step,False,2,0.7496180157712998,0.053495820199439534,0.056073568821139445,0.6868357800926292,102.02524851658946,4,1.2462523477289515,158,35.21045035391825,47.0774668186982,1.0,1,0.26056617550219574,0,1.1742181015092812,0.6045981049537659,1.257818584659626e-15
7,2,step,False,3,0.7321385464267546,0.03852236411613938,0.031234763745675537,0.7022290120227177,78.43110798093267,4,1.266839737976448,118,29.072161812681035,40.171414575067416,1.0,1,0.28123519679104453,0,1.1742181015092812,0.6045981049537659,1.257818584659626e-15
7,2,step,False,4,1.3432311769705663,0.02283565002834129,0.020085912958466134,1.3057810656001516,75.99552897688298,4,1.1526094094761743,130,20.33700115620607,26.127804797270358,1.0,1,0.16769994570117955,0,1.1742181015092812,0.6045981049537659,1.257818584659626e-15
7,2,step,False,5,2.5599472376981836,0.013037127522805694,0.01761314655891115,2.501915044370246,24.62584607685912,4,1.7856351223096008,46,6.000000000405848,9.039132494701947,1.0,1,0.2571446387640737,0,1.1742181015092812,0.6045981049537659,1.257818584659626e-15
7,2,step,False,6,2.5719546876022785,0.014398735690810639,0.02238448248182506,2.418392862856482,25.886473484609475,4,1.3148413721217607,49,6.000000000345352,8.082269317605911,1.0,1,0.22481029358497448,0,1.1742181015092812,0.6045981049537659,1.257818584659626e-15
7,2,step,False,7,0.5562056173718655,0.0171924831810257,0.020824990095516496,0.5299448386310659,109.16931197286914,4,1.204066454109447,169,45.09488553005983,63.16321906090987,1.0,1,0.33577715334371283,0,1.1742181015092812,0.6045981049537659,1.257818584659626e-15
7,2,step,False,8,0.18965584778829725,0.19111490098901657,0.14865668406475172,0.18190543715241161,78.52859213405438,4,1.3153045139270814,121,29.59701360341792,42.93149059167936,1.0,1,0.16981814201217,0,1.1742181015092812,0.6045981049537659,1.257818584659626e-15
7,2,step,False,9,1.7902645027757145,0.009283506166616454,0.014371289497127644,1.7013321405379425,30.051260915893067,4,1.5234981204062745,62,7.615045594188812,11.371791761296182,1.0,1,0.25047361591200984,0,1.1742181015092812,0.6045981049537659,1.257818584659626e-15
7,2,step,False,10,1.8688287133032908,0.027444181682877596,0.04308378255342768,1.7635689087622057,13.875457717056847,4,1.5335676978780175,32,6.000000000514854,9.308289705707846,1.0,1,0.40695462800521254,0,1.1742181015092812,0.6045981049537659,1.257818584659626e-15
7,2,step,False,11,1.798904448533471,0.06226736582887132,0.05941074699289612,1.7967163228032568,22.526533495044212,4,1.4991487356783237,45,6.00000000034663,8.116736639391238,1.0,1,0.10967351106930903,0,1.1742181015092812,0.6045981049537659,1.257818584659626e-15
7,2,step,False,12,1.656085565633077,0.008102042394203321,0.0079854355418638,1.6283476729357749,66.52874753848387,4,1.4668885675408487,111,20.74410853219225,29.094414862633794,1.0,1,0.20525554107649252,0,1.1742181015092812,0.6045981049537659,1.257818584659626e-15
7,2,step,False,13,1.4164375940140463,0.030529763810570477,0.0368647739196036,1.3610093615055556,49.903785347071945,4,1.4397238092834648,87,12.256063553930876,19.435854302913146,1.0,1,0.28149989190529107,0,1.1742181015092812,0.6045981049537659,1.257818584659626e-15
7,2,step,False,14,0.9095282557893342,0.04340716731906168,0.04620557995066799,0.9037286572935064,25.982990440588615,4,1.8809392902878954,46,10.401308581572062,14.925129433871373,1.0,1,0.2296315048755473,0,1.1742181015092812,0.6045981049537659,1.257818584659626e-15
7,2,step,False,15,0.979959092698329,0.017854086252913733,0.024985733823947615,0.9409560781756481,100.22869046624908,4,1.1588893870320889,154,36.18551413447412,49.70975932664713,1.0,1,0.32620718558231765,0,1.1742181015092812,0.6045981049537659,1.257818584659626e-15
7,2,step,False,16,0.6074272708457642,0.04716698266739066,0.052839348545790275,0.6078964355417931,114.58790735195603,4,1.2143450195914391,171,47.648741615953114,65.96178158302472,1.0,1,0.23113761750064712,0,1.1742181015092812,0.6045981049537659,1.257818584659626e-15
7,2,step,False,17,0.7090745349758502,0.10111033631480881,0.0844153969956395,0.6883008307455208,91.91038893568631,4,1.2310369715249714,147,33.06161487752454,46.1766033615519,1.0,1,0.24862098382192643,0,1.1742181015092812,0.6045981049537659,1.257818584659626e-15
7,2,step,False,18,1.6675110350894953,0.010851696278104176,0.0039016603149017114,1.6062928130775846,63.257256614165854,4,1.2209103837488429,107,17.8559146835971,24.202128120163334,1.0,1,0.30446444709995985,0,1.1742181015092812,0.6045981049537659,1.257818584659626e-15
7,2,step,False,19,0.9835998101561569,0.022738656218675057,0.01964132081397458,0.9434298474016647,95.24671985369999,4,1.1657662482924642,146,35.07032790623253,47.878311918990576,1.0,1,0.3257371413885126,0,1.1742181015092812,0.6045981049537659,1.257818584659626e-15
7,2,step,False,20,1.3118515925786611,0.023875704360796775,0.02224576496385522,1.3228936886363727,32.39522492289318,4,1.297573357104855,59,10.33409355427684,14.34914506303164,1.0,1,0.1902452202652396,0,1.1742181015092812,0.6045981049537659,1.257818584659626e-15
7,2,step,False,21,2.4897466425669204,0.01299731111682357,0.009236325104039217,2.341584978050483,12.877475319551785,4,1.6628685030494748,28,6.000000000499265,9.911344470188979,1.0,1,0.44922902970270295,0,1.1742181015092812,0.6045981049537659,1.257818584659626e-15
7,2,step,False,22,0.5277176915553676,0.04574838086057673,0.05435448887106634,0.5002924558347583,109.47356309689263,4,1.2290279960899777,170,42.761956785024395,59.754567815662455,1.0,1,0.3182575313954818,0,1.1742181015092812,0.6045981049537659,1.257818584659626e-15
7,2,step,False,23,2.43209115517156,0.024425720122358573,0.0149549635450817,2.3533518522777417,29.217988145921435,4,1.4840626442287876,55,7.097195644323363,9.433941902747952,1.0,1,0.23526880358280114,0,1.1742181015092812,0.6045981049537659,1.257818584659626e-15
7,3,step,False,0,1.695893548209062,0.010328257722478093,0.013128328625726373,1.6555952653288502,53.465993280249634,4,1.2472880042483732,97,14.409947721037517,19.00894619592189,1.0,1,0.14851404893469244,0,0.8302975821692065,0.3609723150730133,6.978299145993902e-13
7,3,step,False,1,2.2857085843603824,0.02466383937393542,0.012027185716751067,2.181452054203725,33.80790741579857,4,1.3955810576463779,68,6.002871789155899,8.345229070400515,1.0,1,0.29407860979692174,0,0.8302975821692065,0.3609723150730133,6.978299145993902e-13
7,3,step,False,2,0.7496180157712998,0.04187592278451998,0.056073568821139445,0.6868357800926292,102.02524851658946,4,1.2462523477289515,158,33.26775047676136,44.79512998639576,1.0,1,0.19822726424509174,0,0.8302975821692065,0.3609723150730133,6.978299145993902e-13
7,3,step,False,3,0.7321385464267546,0.04440943378762989,0.031234763745675537,0.7022290120227177,78.43110798093267,4,1.266839737976448,118,29.756989511281688,40.0362102790951,1.0,1,0.1521497131170063,0,0.8302975821692065,0.3609723150730133,6.978299145993902e-13
7,3,step,False,4,1.3432311769705663,0.029170683183218228,0.020085912958466134,1.3057810656001516,75.99552897688298,4,1.1526094094761743,130,20.94942865409686,26.27533944346498,1.0,1,0.13310595265142042,0,0.8302975821692065,0.3609723150730133,6.978299145993902e-13
7,3,step,False,5,2.5599472376981836,0.006078784261075189,0.01761314655891115,2.501915044370246,24.62584607685912,4,1.7856351223096008,46,6.000000000168731,8.016744014531668,1.0,1,0.1936586816541458,0,0.8302975821692065,0.3609723150730133,6.978299145993902e-13
7,3,step,False,6,2.5719546876022785,0.012558336973341215,0.02238448248182506,2.418392862856482,25.886473484609475,4,1.3148413721217607,49,6.0000000003139435,7.335028920015379,1.0,1,0.14918762651351045,0,0.8302975821692065,0.3609723150730133,6.978299145993902e-13
7,3,step,False,7,0.5562056173718655,0.04186883983174929,0.020824990095516496,0.5299448386310659,109.16931197286914,4,1.204066454109447,169,43.79197365567992,59.62045345171153,1.0,1,0.15798879254577824,0,0.8302975821692065,0.3609723150730133,6.978299145993902e-13
7,3,step,False,8,0.18965584778829725,0.21273417449739052,0.14865668406475172,0.18190543715241161,78.52859213405438,4,1.3153045139270814,121,33.85764990476228,49.03817663816189,1.0,1,0.13512444880631952,0,0.8302975821692065,0.3609723150730133,6.978299145993902e-13
7,3,step,False,9,1.7902645027757145,0.02162093536965792,0.014371289497127644,1.7013321405379425,30.051260915893067,4,1.5234981204062745,62,8.437338103523892,12.987396222658356,1.0,1,0.18919138356549328,0,0.8302975821692065,0.3609723150730133,6.978299145993902e-13
7,3,step,False,10,1.8688287133032908,0.03285237894435359,0.04308378255342768,1.7635689087622057,13.875457717056847,4,1.5335676978780175,32,6.000000000335358,9.571325251832713,1.0,1,0.2925387916755134,0,0.8302975821692065,0.3609723150730133,6.978299145993902e-13
7,3,step,False,11,1.798904448533471,0.06495232636031596,0.05941074699289612,1.7967163228032568,22.526533495044212,4,1.4991487356783237,45,6.000000000511737,8.36870330212711,1.0,1,0.12359874117807733,0,0.8302975821692065,0.3609723150730133,6.978299145993902e-13
7,3,step,False,12,1.656085565633077,0.012731235525144236,0.0079854355418638,1.6283476729357749,66.52874753848387,4,1.4668885675408487,111,18.739275751552643,25.672632173825697,1.0,1,0.21006465546464093,0,0.8302975821692065,0.3609723150730133,6.978299145993902e-13
7,3,step,False,13,1.4164375940140463,0.034580404384335954,0.0368647739196036,1.3610093615055556,49.903785347071945,4,1.4397238092834648,87,13.04709601189763,19.341281909758973,1.0,1,0.18271676219502586,0,0.8302975821692065,0.3609723150730133,6.978299145993902e-13
7,3,step,False,14,0.9095282557893342,0.05121724832085298,0.04620557995066799,0.9037286572935064,25.982990440588615,4,1.8809392902878954,46,14.277232125214173,20.242457645995092,1.0,1,0.256719248634728,0,0.8302975821692065,0.3609723150730133,6.978299145993902e-13
7,3,step,False,15,0.979959092698329,0.0225019509353457,0.024985733823947615,0.9409560781756481,100.22869046624908,4,1.1588893870320889,154,34.258468882508765,45.478790700833464,1.0,1,0.23536195542469582,0,0.8302975821692065,0.3609723150730133,6.978299145993902e-13
7,3,step,False,16,0.6074272708457642,0.048169617095735716,0.052839348545790275,0.6078964355417931,114.58790735195603,4,1.2143450195914391,171,46.01977579541746,61.62563548073765,1.0,1,0.18119778186395874,0,0.8302975821692065,0.3609723150730133,6.978299145993902e-13
7,3,step,False,17,0.7090745349758502,0.1222495579669702,0.0844153969956395,0.6883008307455208,91.91038893568631,4,1.2310369715249714,147,34.41808735585461,47.323619541665565,1.0,1,0.21215500336240203,0,0.8302975821692065,0.3609723150730133,6.978299145993902e-13
7,3,step,False,18,1.6675110350894953,0.013177842110675138,0.0039016603149017114,1.6062928130775846,63.257256614165854,4,1.2209103837488429,107,16.891911779168428,23.091537667910494,1.0,1,0.14698535346550556,0,0.8302975821692065,0.3609723150730133,6.978299145993902e-13
7,3,step,False,19,0.9835998101561569,0.02091652162935255,0.01964132081397458,0.9434298474016647,95.24671985369999,4,1.1657662482924642,146,33.092597844532676,44.495210317443934,1.0,1,0.1937705938283745,0,0.8302975821692065,0.3609723150730133,6.978299145993902e-13
7,3,step,False,20,1.3118515925786611,0.021302161013765208,0.02224576496385522,1.3228936886363727,32.39522492289318,4,1.297573357104855,59,11.412553367327309,15.00039408850965,1.0,1,0.09196405704943793,0,0.8302975821692065,0.3609723150730133,6.978299145993902e-13
7,3,step,False,21,2.4897466425669204,0.010433841123997147,0.009236325104039217,2.341584978050483,12.877475319551785,4,1.6628685030494748,28,6.0000000002250005,9.728836072488983,1.0,1,0.2512409488969781,0,0.8302975821692065,0.3609723150730133,6.978299145993902e-13
7,3,step,False,22,0.5277176915553676,0.030951389122349057,0.05435448887106634,0.5002924558347583,109.47356309689263,4,1.2290279960899777,170,41.91069088412139,56.05351374219099,1.0,1,0.18670972213823728,0,0.8302975821692065,0.3609723150730133,6.978299145993902e-13
7,3,step,False,23,2.43209115517156,0.02870635992213734,0.0149549635450817,2.3533518522777417,29.217988145921435,4,1.4840626442287876,55,6.759619472874175,7.912276128591797,1.0,1,0.08818715562448416,0,0.8302975821692065,0.3609723150730133,6.978299145993902e-13
8,0,init,False,0,1.0378506748875693,0.02444810764889797,0.024448107648888887,0.9721611989393208,80.38713347296193,4,1.2026616870824982,131,nan,nan,1.0,1,nan,0,nan,nan,nan
8,0,init,False,1,0.6716561569208681,0.029048555778344247,0.02904855577834807,0.6619618863794174,110.66944159046545,4,1.1833399203270567,160,nan,nan,1.0,1,nan,0,nan,nan,nan
8,0,init,False,2,2.0226041686187917,0.019893512575097555,0.019893512575103137,1.8808756034297018,27.076090029182133,4,1.4261710912871275,57,nan,nan,1.0,1,nan,0,nan,nan,nan
8,0,init,False,3,0.7777394701992171,0.021949376077373794,0.021949376077373794,0.7691820931964524,91.31304504135807,4,1.2207595593000429,140,nan,nan,1.0,1,nan,0,nan,nan,nan
8,0,init,False,4,0.47784343743739227,0.060877210855165016,0.06087721085516319,0.47834832310399245,101.21065763451463,4,1.28146989511169,148,nan,nan,1.0,1,nan,0,nan,nan,nan
8,0,init,False,5,0.6531959063139913,0.085365353104776,0.0853653531047773,0.6339376940019136,42.28914634096264,4,1.2983931169285168,76,nan,nan,1.0,1,nan,0,nan,nan,nan
8,0,init,False,6,1.1350102603683618,0.016100113813006342,0.016100113813006342,1.082658301701166,53.62026537984196,4,1.208308728279306,99,nan,nan,1.0,1,nan,0,nan,nan,nan
8,0,init,False,7,1.0600535721639959,0.026222234671474397,0.026222234671470165,1.0094932644424892,55.050758548392636,4,1.3889876218895796,91,nan,nan,1.0,1,nan,0,nan,nan,nan
8,0,init,False,8,1.8614204865315083,0.019338479384464608,0.019338479384458866,1.7675768336790703,52.453877476051616,4,1.254462317202486,94,nan,nan,1.0,1,nan,0,nan,nan,nan
8,0,init,False,9,3.20983498587541,0.030828047273099724,0.030828047273096123,3.1496270917622216,3.6738970218116878,4,3.0083351974084533,8,nan,nan,1.0,1,nan,0,nan,nan,nan
8,0,init,False,10,0.8302344040252218,0.04015467129848422,0.040154671298473166,0.8065812222609943,89.28078021085307,4,1.1786060088213433,135,nan,nan,1.0,1,nan,0,nan,nan,nan
8,0,init,False,11,0.2031161972728973,0.08565974936738369,0.08565974936738498,0.18520760922467622,120.36043469189067,4,1.169915737059017,171,nan,nan,1.0,1,nan,0,nan,nan,nan
8,0,init,False,12,0.8087519726279173,0.021044011699034398,0.021044011699034398,0.7842803396987027,77.21598082614605,4,1.2865793629860431,127,nan,nan,1.0,1,nan,0,nan,nan,nan
8,0,init,False,13,2.043123899298297,0.02285064870431203,0.02285064870431689,1.918092790215439,38.77488469774087,4,1.517674082475266,76,nan,nan,1.0,1,nan,0,nan,nan,nan
8,0,init,False,14,0.951778082041314,0.07523932626156815,0.07523932626156962,0.9389928143185184,38.09994319474929,4,1.6056901379588442,71,nan,nan,1.0,1,nan,0,nan,nan,nan
8,0,init,False,15,0.4172505094214615,0.0970137318923029,0.09701373189230406,0.4083956472362564,74.19146716210743,4,1.2295859775099058,124,nan,nan,1.0,1,nan,0,nan,nan,nan
8,0,init,False,16,0.35411392282486276,0.06582379793901696,0.06582379793901527,0.3510827648390774,96.19237975674679,4,1.3103526701279253,153,nan,nan,1.0,1,nan,0,nan,nan,nan
8,0,init,False,17,1.5646563512603404,0.02848805341586147,0.02848805341586147,1.4674485262046588,64.84271274356155,4,1.2130484449046435,119,nan,nan,1.0,1,nan,0,nan,nan,nan
8,0,init,False,18,1.8032365558301429,0.020820582439888408,0.020820582439888408,1.7004735986353334,41.454124403351656,4,1.4494181781835445,79,nan,nan,1.0,1,nan,0,nan,nan,nan
8,0,init,False,19,2.8305949396715846,0.024928010625392828,0.02492801062540619,2.6738320010804277,10.812960344088546,4,2.2426472127309065,24,nan,nan,1.0,1,nan,0,nan,nan,nan
8,0,init,False,20,0.5059941463453863,0.06377785297834854,0.06377785297834854,0.5162577239441529,51.6561043131468,4,1.437951901754448,90,nan,nan,1.0,1,nan,0,nan,nan,nan
8,0,init,False,21,1.8806394974673035,0.06404459534238707,0.06404459534238534,1.7363985317221748,10.13580479948925,4,2.330469541565189,18,nan,nan,1.0,1,nan,0,nan,nan,nan
8,0,init,False,22,1.0642945010013232,0.03253876041300458,0.03253876041300117,1.0086617401887235,50.29420951461046,4,1.385653510564346,83,nan,nan,1.0,1,nan,0,nan,nan,nan
8,0,init,False,23,1.6477180246523284,0.01584083748252166,0.01584083748252867,1.5057098558785458,58.943900805974884,4,1.2586679152456106,98,nan,nan,1.0,1,nan,0,nan,nan,nan
8,1,step,False,0,1.0378506748875693,0.03131372117434717,0.024448107648888887,0.9721611989393208,80.38713347296193,4,1.2026616870824982,131,21.895530188516656,31.773846515058782,1.0,1,0.4487646828723125,0,1.6121988453621614,1.0,3.8205685983769346e-16
8,1,step,False,1,0.6716561569208681,0.017901759306405477,0.02904855577834807,0.6619618863794174,110.66944159046545,4,1.1833399203270567,160,49.55694500252269,66.71685685704648,1.0,1,0.3400051011555018,0,1.6121988453621614,1.0,3.8205685983769346e-16
8,1,step,False,2,2.0226041686187917,0.031453066979758915,0.019893512575103137,1.8808756034297018,27.076090029182133,4,1.4261710912871275,57,6.000000000348885,9.8368651932781,1.0,1,0.4857552635025538,0,1.6121988453621614,1.0,3.8205685983769346e-16
8,1,step,False,3,0.7777394701992171,0.025056967643689455,0.021949376077373794,0.7691820931964524,91.31304504135807,4,1.2207595593000429,140,29.742003550379085,42.17284181741827,1.0,1,0.3196869706387336,0,1.6121988453621614,1.0,3.8205685983769346e-16
8,1,step,False,4,0.47784343743739227,0.0621571293147234,0.06087721085516319,0.47834832310399245,101.21065763451463,4,1.28146989511169,148,40.94693627248696,53.84363168088366,1.0,1,0.27854545974461203,0,1.6121988453621614,1.0,3.8205685983769346e-16
8,1,step,False,5,0.6531959063139913,0.09436381886698951,0.0853653531047773,0.6339376940019136,42.28914634096264,4,1.2983931169285168,76,11.908013492864018,16.06636886178867,1.0,1,0.4770289019140569,0,1.6121988453621614,1.0,3.8205685983769346e-16
8,1,step,False,6,1.1350102603683618,0.04154187640503543,0.016100113813006342,1.082658301701166,53.62026537984196,4,1.208308728279306,99,15.932256040150145,22.7157232365763,1.0,1,0.49872217469985647,0,1.6121988453621614,1.0,3.8205685983769346e-16
8,1,step,False,7,1.0600535721639959,0.03551438205627933,0.026222234671470165,1.0094932644424892,55.050758548392636,4,1.3889876218895796,91,15.858418246996337,23.45324563561238,1.0,1,0.4191302444263726,0,1.6121988453621614,1.0,3.8205685983769346e-16
8,1,step,False,8,1.8614204865315083,0.03011085423345977,0.019338479384458866,1.7675768336790703,52.453877476051616,4,1.254462317202486,94,13.79309044455039,19.957087272632027,1.0,1,0.4542267053515429,0,1.6121988453621614,1.0,3.8205685983769346e-16
8,1,step,False,9,3.20983498587541,0.024283428227180017,0.030828047273096123,3.1496270917622216,3.6738970218116878,4,3.0083351974084533,8,6.000000000171458,9.293328704746289,1.0,1,0.6386864179977882,0,1.6121988453621614,1.0,3.8205685983769346e-16
8,1,step,False,10,0.8302344040252218,0.04736354575161063,0.040154671298473166,0.8065812222609943,89.28078021085307,4,1.1786060088213433,135,38.61697558121317,50.91782272811072,1.0,1,0.42149587248818327,0,1.6121988453621614,1.0,3.8205685983769346e-16
8,1,step,False,11,0.2031161972728973,0.09915418627866723,0.08565974936738498,0.18520760922467622,120.36043469189067,4,1.169915737059017,171,50.37931935446912,69.77606203896397,1.0,1,0.6034795714636872,0,1.6121988453621614,1.0,3.8205685983769346e-16
8,1,step,False,12,0.8087519726279173,0.01941779869132459,0.021044011699034398,0.7842803396987027,77.21598082614605,4,1.2865793629860431,127,27.021026391348087,36.56102216299682,1.0,1,0.5724977487356143,0,1.6121988453621614,1.0,3.8205685983769346e-16
8,1,step,False,13,2.043123899298297,0.0225178762556785,0.02285064870431689,1.918092790215439,38.77488469774087,4,1.517674082475266,76,10.464119750646459,14.930083598844334,1.0,1,0.6115389887699844,0,1.6121988453621614,1.0,3.8205685983769346e-16
8,1,step,False,14,0.951778082041314,0.08637730741043446,0.07523932626156962,0.9389928143185184,38.09994319474929,4,1.6056901379588442,71,8.333591829611837,12.23917254789896,1.0,1,0.22047420242060978,0,1.6121988453621614,1.0,3.8205685983769346e-16
8,1,step,False,15,0.4172505094214615,0.1006353935378323,0.09701373189230406,0.4083956472362564,74.19146716210743,4,1.2295859775099058,124,23.317026386953245,32.89669488422646,1.0,1,0.6783497660273876,0,1.6121988453621614,1.0,3.8205685983769346e-16
8,1,step,False,16,0.35411392282486276,0.061647213404335266,0.06582379793901527,0.3510827648390774,96.19237975674679,4,1.3103526701279253,153,34.02945447329896,47.093222834729005,1.0,1,0.48352894811052943,0,1.6121988453621614,1.0,3.8205685983769346e-16
8,1,step,False,17,1.5646563512603404,0.03157033852641639,0.02848805341586147,1.4674485262046588,64.84271274356155,4,1.2130484449046435,119,19.250993136177776,27.888448601148742,1.0,1,0.34487064998033373,0,1.6121988453621614,1.0,3.8205685983769346e-16
8,1,step,False,18,1.8032365558301429,0.029748618592586675,0.020820582439888408,1.7004735986353334,41.454124403351656,4,1.4494181781835445,79,10.001866587350095,14.388125540199326,1.0,1,0.25236900961415826,0,1.6121988453621614,1.0,3.8205685983769346e-16
8,1,step,False,19,2.8305949396715846,0.02734904710390133,0.02492801062540619,2.6738320010804277,10.812960344088546,4,2.2426472127309065,24,6.000000000503581,8.64036739844342,1.0,1,0.5775037605341525,0,1.6121988453621614,1.0,3.8205685983769346e-16
8,1,step,False,20,0.5059941463453863,0.06040066961757091,0.06377785297834854,0.5162577239441529,51.6561043131468,4,1.437951901754448,90,15.275048253119522,20.235477680902225,1.0,1,0.5033610377981226,0,1.6121988453621614,1.0,3.8205685983769346e-16
8,1,step,False,21,1.8806394974673035,0.07150129495066047,0.06404459534238534,1.7363985317221748,10.13580479948925,4,2.330469541565189,18,6.000000000383482,8.970348103672075,1.0,1,0.8737931474692799,0,1.6121988453621614,1.0,3.8205685983769346e-16
8,1,step,False,22,1.0642945010013232,0.03155137903641898,0.03253876041300117,1.0086617401887235,50.29420951461046,4,1.385653510564346,83,15.498274758050524,22.790112885775397,1.0,1,0.33534403801414336,0,1.6121988453621614,1.0,3.8205685983769346e-16
8,1,step,False,23,1.6477180246523284,0.021561311462649047,0.01584083748252867,1.5057098558785458,58.943900805974884,4,1.2586679152456106,98,17.498453573059592,24.57219512039844,1.0,1,0.3018405340261575,0,1.6121988453621614,1.0,3.8205685983769346e-16
8,2,step,False,0,1.0378506748875693,0.024813672830953166,0.024448107648888887,0.9721611989393208,80.38713347296193,4,1.2026616870824982,131,23.818466160246505,33.970941426179834,1.0,1,0.28408125285669383,0,1.1399967361767063,0.6137559860944748,2.7882572379087043e-15
8,2,step,False,1,0.6716561569208681,0.021557308659534886,0.02904855577834807,0.6619618863794174,110.66944159046545,4,1.1833399203270567,160,49.67120663397195,64.00214221382258,1.0,1,0.24973394312154962,0,1.1399967361767063,0.6137559860944748,2.7882572379087043e-15
8,2,step,False,2,2.0226041686187917,0.03838677177618304,0.019893512575103137,1.8808756034297018,27.076090029182133,4,1.4261710912871275,57,6.000000000548279,10.153687553241257,1.0,1,0.35460910374765003,0,1.1399967361767063,0.6137559860944748,2.7882572379087043e-15
8,2,step,False,3,0.7777394701992171,0.014581647513748738,0.021949376077373794,0.7691820931964524,91.31304504135807,4,1.2207595593000429,140,32.50626664952957,45.329132011375634,1.0,1,0.23031947528217492,0,1.1399967361767063,0.6137559860944748,2.7882572379087043e-15
8,2,step,False,4,0.47784343743739227,0.06063842100982987,0.06087721085516319,0.47834832310399245,101.21065763451463,4,1.28146989511169,148,46.00799225319955,63.129195424253744,1.0,1,0.1868393869092536,0,1.1399967361767063,0.6137559860944748,2.7882572379087043e-15
8,2,step,False,5,0.6531959063139913,0.10689454430965659,0.0853653531047773,0.6339376940019136,42.28914634096264,4,1.2983931169285168,76,13.787012734439141,20.554206247201844,1.0,1,0.22847038700312397,0,1.1399967361767063,0.6137559860944748,2.7882572379087043e-15
8,2,step,False,6,1.1350102603683618,0.03477590511679812,0.016100113813006342,1.082658301701166,53.62026537984196,4,1.208308728279306,99,14.852498207704516,20.499218702010428,1.0,1,0.24453468374923415,0,1.1399967361767063,0.6137559860944748,2.7882572379087043e-15
8,2,step,False,7,1.0600535721639959,0.03523511420918523,0.026222234671470165,1.0094932644424892,55.050758548392636,4,1.3889876218895796,91,17.829047507885527,26.361326609470098,1.0,1,0.1686971348763683,0,1.1399967361767063,0.6137559860944748,2.7882572379087043e-15
8,2,step,False,8,1.8614204865315083,0.033088661569980894,0.019338479384458866,1.7675768336790703,52.453877476051616,4,1.254462317202486,94,10.855913903928961,15.561723754792084,1.0,1,0.23387541087735805,0,1.1399967361767063,0.6137559860944748,2.7882572379087043e-15
8,2,step,False,9,3.20983498587541,0.02767604164058914,0.030828047273096123,3.1496270917622216,3.6738970218116878,4,3.0083351974084533,8,6.000000000155726,8.850530380085358,1.0,1,0.5792809551733639,0,1.1399967361767063,0.6137559860944748,2.7882572379087043e-15
8,2,step,False,10,0.8302344040252218,0.04387794984485376,0.040154671298473166,0.8065812222609943,89.28078021085307,4,1.1786060088213433,135,38.64361321115081,50.9704693057983,1.0,1,0.3062994697596057,0,1.1399967361767063,0.6137559860944748,2.7882572379087043e-15
8,2,step,False,11,0.2031161972728973,0.11135507348263726,0.08565974936738498,0.18520760922467622,120.36043469189067,4,1.169915737059017,171,49.3764201332958,68.1358443414946,1.0,1,0.27559722147699256,0,1.1399967361767063,0.6137559860944748,2.7882572379087043e-15
8,2,step,False,12,0.8087519726279173,0.02755778688860561,0.021044011699034398,0.7842803396987027,77.21598082614605,4,1.2865793629860431,127,26.970684437419614,37.60050708517571,1.0,1,0.3639652052432921,0,1.1399967361767063,0.6137559860944748,2.7882572379087043e-15
8,2,step,False,13,2.043123899298297,0.01959668354326647,0.02285064870431689,1.918092790215439,38.77488469774087,4,1.517674082475266,76,7.758552608891241,10.633708660713033,1.0,1,0.467406159488913,0,1.1399967361767063,0.6137559860944748,2.7882572379087043e-15
8,2,step,False,14,0.951778082041314,0.07185549615529914,0.07523932626156962,0.9389928143185184,38.09994319474929,4,1.6056901379588442,71,9.355407925388121,14.127192873339187,1.0,1,0.16586045058111262,0,1.1399967361767063,0.6137559860944748,2.7882572379087043e-15
8,2,step,False,15,0.4172505094214615,0.0997913249165612,0.09701373189230406,0.4083956472362564,74.19146716210743,4,1.2295859775099058,124,23.062462562393005,31.619985789099744,1.0,1,0.27450131302633907,0,1.1399967361767063,0.6137559860944748,2.7882572379087043e-15
8,2,step,False,16,0.35411392282486276,0.06087431250352633,0.06582379793901527,0.3510827648390774,96.19237975674679,4,1.3103526701279253,153,33.60671405125816,46.83057658665065,1.0,1,0.35477505227689704,0,1.1399967361767063,0.6137559860944748,2.7882572379087043e-15
8,2,step,False,17,1.5646563512603404,0.03358935561784366,0.02848805341586147,1.4674485262046588,64.84271274356155,4,1.2130484449046435,119,16.617548086044017,24.113427484945845,1.0,1,0.24427277602366695,0,1.1399967361767063,0.6137559860944748,2.7882572379087043e-15
8,2,step,False,18,1.8032365558301429,0.029941277029087183,0.020820582439888408,1.7004735986353334,41.454124403351656,4,1.4494181781835445,79,7.863601871119136,11.224527888879718,1.0,1,0.17779718131473357,0,1.1399967361767063,0.6137559860944748,2.7882572379087043e-15
8,2,step,False,19,2.8305949396715846,0.02721518770229289,0.02492801062540619,2.6738320010804277,10.812960344088546,4,2.2426472127309065,24,6.0000000000018145,7.983026911337673,1.0,1,0.6221728104429272,0,1.1399967361767063,0.6137559860944748,2.7882572379087043e-15
8,2,step,False,20,0.5059941463453863,0.06370288487889025,0.06377785297834854,0.5162577239441529,51.6561043131468,4,1.437951901754448,90,15.119952281591399,20.418462982906224,1.0,1,0.27930216639033567,0,1.1399967361767063,0.6137559860944748,2.7882572379087043e-15
8,2,step,False,21,1.8806394974673035,0.06898426043718676,0.06404459534238534,1.7363985317221748,10.13580479948925,4,2.330469541565189,18,6.000000000099018,8.021134445849887,1.0,1,0.4224152349211415,0,1.1399967361767063,0.6137559860944748,2.7882572379087043e-15
8,2,step,False,22,1.0642945010013232,0.034455648741687266,0.03253876041300117,1.0086617401887235,50.29420951461046,4,1.385653510564346,83,16.487012469806952,23.028706107744192,1.0,1,0.2382359447277415,0,1.1399967361767063,0.6137559860944748,2.7882572379087043e-15
8,2,step,False,23,1.6477180246523284,0.02176554232055306,0.01584083748252867,1.5057098558785458,58.943900805974884,4,1.2586679152456106,98,15.85391117701129,21.85949864787647,1.0,1,0.2964115890217707,0,1.1399967361767063,0.6137559860944748,2.7882572379087043e-15
8,3,step,False,0,1.0378506748875693,0.019542084632461012,0.024448107648888887,0.9721611989393208,80.38713347296193,4,1.2026616870824982,131,24.794676717612017,34.445797088564134,1.0,1,0.178193082786619,0,0.8060994226810805,0.36750371754169464,5.8888366307175316e-15
8,3,step,False,1,0.6716561569208681,0.02639743908130228,0.02904855577834807,0.6619618863794174,110.66944159046545,4,1.1833399203270567,160,47.69951212046914,61.412268067638465,1.0,1,0.12847558173497653,0,0.8060994226810805,0.36750371754169464,5.8888366307175316e-15
8,3,step,False,2,2.0226041686187917,0.026395425007472977,0.019893512575103137,1.8808756034297018,27.076090029182133,4,1.4261710912871275,57,6.000000000320491,9.766803923023113,1.0,1,0.16866172016116765,0,0.8060994226810805,0.36750371754169464,5.8888366307175316e-15
8,3,step,False,3,0.7777394701992171,0.022209690402860128,0.021949376077373794,0.7691820931964524,91.31304504135807,4,1.2207595593000429,140,34.57815862940691,46.899014131509894,1.0,1,0.1223839813798112,0,0.8060994226810805,0.36750371754169464,5.8888366307175316e-15
8,3,step,False,4,0.47784343743739227,0.05638129819715648,0.06087721085516319,0.47834832310399245,101.21065763451463,4,1.28146989511169,148,48.16867078230237,67.76499985810445,1.0,1,0.19723076043821408,0,0.8060994226810805,0.36750371754169464,5.8888366307175316e-15
8,3,step,False,5,0.6531959063139913,0.10303909090668842,0.0853653531047773,0.6339376940019136,42.28914634096264,4,1.2983931169285168,76,17.80037680782606,26.2780103227708,1.0,1,0.15740135323359752,0,0.8060994226810805,0.36750371754169464,5.8888366307175316e-15
8,3,step,False,6,1.1350102603683618,0.020866135079287973,0.016100113813006342,1.082658301701166,53.62026537984196,4,1.208308728279306,99,15.466218508183857,20.837696544996916,1.0,1,0.13940825259734355,0,0.8060994226810805,0.36750371754169464,5.8888366307175316e-15
8,3,step,False,7,1.0600535721639959,0.028061450403523105,0.026222234671470165,1.0094932644424892,55.050758548392636,4,1.3889876218895796,91,18.672207889156162,24.942473061120065,1.0,1,0.16780234926910906,0,0.8060994226810805,0.36750371754169464,5.8888366307175316e-15
8,3,step,False,8,1.8614204865315083,0.033933632948127096,0.019338479384458866,1.7675768336790703,52.453877476051616,4,1.254462317202486,94,8.939544128950068,11.419234441345735,1.0,1,0.17930623135379914,0,0.8060994226810805,0.36750371754169464,5.8888366307175316e-15
8,3,step,False,9,3.20983498587541,0.04383042224436993,0.030828047273096123,3.1496270917622216,3.6738970218116878,4,3.0083351974084533,8,6.000000000466919,9.120951476968985,1.0,1,0.50230957010177,0,0.8060994226810805,0.36750371754169464,5.8888366307175316e-15
8,3,step,False,10,0.8302344040252218,0.044929314255002864,0.040154671298473166,0.8065812222609943,89.28078021085307,4,1.1786060088213433,135,36.70584170915686,48.27639989133752,1.0,1,0.1747022415894488,0,0.8060994226810805,0.36750371754169464,5.8888366307175316e-15
8,3,step,False,11,0.2031161972728973,0.13211641378156222,0.08565974936738498,0.18520760922467622,120.36043469189067,4,1.169915737059017,171,48.11434543519717,64.52349961621238,1.0,1,0.1344969224939744,0,0.8060994226810805,0.36750371754169464,5.8888366307175316e-15
8,3,step,False,12,0.8087519726279173,0.027704843352244247,0.021044011699034398,0.7842803396987027,77.21598082614605,4,1.2865793629860431,127,27.0065340875369,35.15774512032005,1.0,1,0.10625173128989923,0,0.8060994226810805,0.36750371754169464,5.8888366307175316e-15
8,3,step,False,13,2.043123899298297,0.01762128815740487,0.02285064870431689,1.918092790215439,38.77488469774087,4,1.517674082475266,76,6.000000000434885,7.679928108173593,1.0,1,0.336968373992202,0,0.8060994226810805,0.36750371754169464,5.8888366307175316e-15
8,3,step,False,14,0.951778082041314,0.06805127818587756,0.07523932626156962,0.9389928143185184,38.09994319474929,4,1.6056901379588442,71,12.286360796992213,17.440901166268485,1.0,1,0.04857897551541174,0,0.8060994226810805,0.36750371754169464,5.8888366307175316e-15
8,3,step,False,15,0.4172505094214615,0.10831734385969925,0.09701373189230406,0.4083956472362564,74.19146716210743,4,1.2295859775099058,124,22.698038823164108,31.585637485387394,1.0,1,0.11848773990351703,0,0.8060994226810805,0.36750371754169464,5.8888366307175316e-15
8,3,step,False,16,0.35411392282486276,0.04960789927432198,0.06582379793901527,0.3510827648390774,96.19237975674679,4,1.3103526701279253,153,32.81930834171063,44.98404239050378,1.0,1,0.1380267041816323,0,0.8060994226810805,0.36750371754169464,5.8888366307175316e-15
8,3,step,False,17,1.5646563512603404,0.02776608197166579,0.02848805341586147,1.4674485262046588,64.84271274356155,4,1.2130484449046435,119,13.99708239976242,18.367832100493363,1.0,1,0.08121144008229207,0,0.8060994226810805,0.36750371754169464,5.8888366307175316e-15
8,3,step,False,18,1.8032365558301429,0.019927269803875988,0.020820582439888408,1.7004735986353334,41.454124403351656,4,1.4494181781835445,79,7.051099925372469,10.02018704899127,1.0,1,0.17630486327516565,0,0.8060994226810805,0.36750371754169464,5.8888366307175316e-15
8,3,step,False,19,2.8305949396715846,0.02810489619608549,0.02492801062540619,2.6738320010804277,10.812960344088546,4,2.2426472127309065,24,6.000000000099376,7.879811734149308,1.0,1,0.45368946727353326,0,0.8060994226810805,0.36750371754169464,5.8888366307175316e-15
8,3,step,False,20,0.5059941463453863,0.07045456608156644,0.06377785297834854,0.5162577239441529,51.6561043131468,4,1.437951901754448,90,14.824845085202988,19.972996459765437,1.0,1,0.12336821668171837,0,0.8060994226810805,0.36750371754169464,5.8888366307175316e-15
8,3,step,False,21,1.8806394974673035,0.06658632963391753,0.06404459534238534,1.7363985317221748,10.13580479948925,4,2.330469541565189,18,6.000000000121153,8.148700293222312,1.0,1,0.38948196832972126,0,0.8060994226810805,0.36750371754169464,5.8888366307175316e-15
8,3,step,False,22,1.0642945010013232,0.03636937762343466,0.03253876041300117,1.0086617401887235,50.29420951461046,4,1.385653510564346,83,18.25590259090263,25.40589478945397,1.0,1,0.15713298194613895,0,0.8060994226810805,0.36750371754169464,5.8888366307175316e-15
8,3,step,False,23,1.6477180246523284,0.020614144578725107,0.01584083748252867,1.5057098558785458,58.943900805974884,4,1.2586679152456106,98,13.929518922754326,19.401593317832607,1.0,1,0.1671890732779945,0,0.8060994226810805,0.36750371754169464,5.8888366307175316e-15
9,0,init,False,0,1.9319150175304767,0.026004264984219042,0.026004264984219042,1.8226334558561954,50.83765592911183,4,1.5080824678619769,94,nan,nan,1.0,1,nan,0,nan,nan,nan
9,0,init,False,1,2.297613715968394,0.054346476478347824,0.05434647647835191,2.107996530827345,9.036244677316205,4,1.4151987580563266,17,nan,nan,1.0,1,nan,0,nan,nan,nan
9,0,init,False,2,0.3806438597462406,0.058872852916297166,0.058872852916299054,0.36136792458177536,45.72076231280717,4,1.6999048964630479,77,nan,nan,1.0,1,nan,0,nan,nan,nan
9,0,init,False,3,2.589576667811834,0.01355487820401633,0.01355487820401633,2.405677798377134,21.878998199936778,4,1.4101589686111116,41,nan,nan,1.0,1,nan,0,nan,nan,nan
9,0,init,False,4,0.4350174884567207,0.2758507578043858,0.2758507578043854,0.44516283524055694,46.06352586455857,4,1.326473862479658,82,nan,nan,1.0,1,nan,0,nan,nan,nan
9,0,init,False,5,1.1156952399600832,0.06247006134028779,0.062470061340291344,1.075700495673267,43.374717724875914,4,1.3542569949811656,78,nan,nan,1.0,1,nan,0,nan,nan,nan
9,0,init,False,6,1.3582674648938677,0.0204412408543938,0.0204412408543938,1.2568368325387222,79.7391800660551,4,1.1534659600038029,129,nan,nan,1.0,1,nan,0,nan,nan,nan
9,0,init,False,7,1.0005504679814938,0.04468075124932747,0.04468075124932747,0.9561346308855808,84.84485484469167,4,1.2284512066025288,138,nan,nan,1.0,1,nan,0,nan,nan,nan
9,0,init,False,8,1.9666485141928456,0.05018351450208323,0.05018351450208544,1.8983052475273623,21.853085367342054,4,1.6307073254371576,46,nan,nan,1.0,1,nan,0,nan,nan,nan
9,0,init,False,9,0.6243284807757906,0.06431373079929863,0.06431373079930382,0.5877839466040395,97.61428840538967,4,1.249645505709279,154,nan,nan,1.0,1,nan,0,nan,nan,nan
9,0,init,False,10,1.7743448667122528,0.01564195578046964,0.01564195578046964,1.6937724672608603,40.70322499449219,4,1.4769839727858245,83,nan,nan,1.0,1,nan,0,nan,nan,nan
9,0,init,False,11,1.0972591878173263,0.034206819758067254,0.034206819758067254,1.0275349494712642,65.40928099831156,4,1.2263952143406478,108,nan,nan,1.0,1,nan,0,nan,nan,nan
9,0,init,False,12,2.5440052353798466,0.02629522833086255,0.02629522833086255,2.3395624304573666,3.7329969318222256,4,8.4013883568947,6,nan,nan,1.0,1,nan,0,nan,nan,nan
9,0,init,False,13,1.065335976205895,0.01980619829304948,0.019806198293060694,0.9941769222172744,99.54309701714674,4,1.2654416926309866,157,nan,nan,1.0,1,nan,0,nan,nan,nan
9,0,init,False,14,0.6147355922993071,0.024203500987940774,0.024203500987954533,0.5974048871276363,101.88338781080608,4,1.2131011237126672,155,nan,nan,1.0,1,nan,0,nan,nan,nan
9,0,init,False,15,1.1390096535776728,0.023628694641255346,0.023628694641231855,1.0529258038623999,103.97304012625618,4,1.084218045433002,155,nan,nan,1.0,1,nan,0,nan,nan,nan
9,0,init,False,16,1.2557821063963082,0.03701195006453719,0.03701195006454619,1.2132876026625516,96.59675285176966,4,1.2449504557197069,153,nan,nan,1.0,1,nan,0,nan,nan,nan
9,0,init,False,17,2.4046687697579534,0.017935252194889457,0.017935252194883268,2.285630495434766,33.0812012220659,4,1.6683970443998164,66,nan,nan,1.0,1,nan,0,nan,nan,nan
9,0,init,False,18,1.5047639121030847,0.009730009199013992,0.009730009199002581,1.4023878342049871,54.67622169110198,4,1.5949543931485424,93,nan,nan,1.0,1,nan,0,nan,nan,nan
9,0,init,False,19,1.497484781295103,0.03719405108797909,0.03719405108796715,1.3675018152194993,52.59368491985117,4,1.1888821417890714,97,nan,nan,1.0,1,nan,0,nan,nan,nan
9,0,init,False,20,0.3913953812157383,0.05634436424636118,0.05634436424635921,0.36466406574564886,90.62980286426586,4,1.2649703156125822,146,nan,nan,1.0,1,nan,0,nan,nan,nan
9,0,init,False,21,1.664103941613645,0.07947103937640378,0.07947103937640237,1.5659458769546988,12.120125259295206,4,1.3443735004067154,22,nan,nan,1.0,1,nan,0,nan,nan,nan
9,0,init,False,22,1.408979648993165,0.05012762949872876,0.050127629498726546,1.3069270522584986,53.60540342249233,4,1.421516828106679,102,nan,nan,1.0,1,nan,0,nan,nan,nan
9,0,init,False,23,0.36411673436852154,0.05526515598002296,0.05526515598002096,0.3386190163775735,130.4884664982385,4,1.154610501318598,187,nan,nan,1.0,1,nan,0,nan,nan,nan
9,1,step,False,0,1.9319150175304767,0.02839462842128151,0.026004264984219042,1.8226334558561954,50.83765592911183,4,1.5080824678619769,94,11.90028241878269,19.885481576677257,1.0,1,0.5398043954369096,0,1.7084164625838822,1.0,9.131403943486971e-07
9,1,step,False,1,2.297613715968394,0.06642027216760049,0.05434647647835191,2.107996530827345,9.036244677316205,4,1.4151987580563266,17,6.000000000151591,8.759408166587608,1.0,1,0.4958948678072626,0,1.7084164625838822,1.0,9.131403943486971e-07
9,1,step,False,2,0.3806438597462406,0.05520637725394222,0.058872852916299054,0.36136792458177536,45.72076231280717,4,1.6999048964630479,77,12.321658107402728,17.692483542791134,1.0,1,0.5470399550496419,0,1.7084164625838822,1.0,9.131403943486971e-07
9,1,step,False,3,2.589576667811834,0.01305758131028494,0.01355487820401633,2.405677798377134,21.878998199936778,4,1.4101589686111116,41,6.000000000566928,8.584310529259763,1.0,1,0.4313379559670567,0,1.7084164625838822,1.0,9.131403943486971e-07
9,1,step,False,4,0.4350174884567207,0.2834011227185636,0.2758507578043854,0.44516283524055694,46.06352586455857,4,1.326473862479658,82,14.101343720952563,20.404649320083315,1.0,1,0.49817324522964923,0,1.7084164625838822,1.0,9.131403943486971e-07
9,1,step,False,5,1.1156952399600832,0.05823564665262524,0.062470061340291344,1.075700495673267,43.374717724875914,4,1.3542569949811656,78,12.966592956796749,18.891762767913193,1.0,1,0.36662434716058917,0,1.7084164625838822,1.0,9.131403943486971e-07
9,1,step,False,6,1.3582674648938677,0.016139672264344384,0.0204412408543938,1.2568368325387222,79.7391800660551,4,1.1534659600038029,129,28.747105336916775,39.920758057570026,1.0,1,0.3649164171633232,0,1.7084164625838822,1.0,9.131403943486971e-07
9,1,step,False,7,1.0005504679814938,0.046065093076311674,0.04468075124932747,0.9561346308855808,84.84485484469167,4,1.2284512066025288,138,27.787493253656557,38.74140640264389,1.0,1,0.49978337772922254,0,1.7084164625838822,1.0,9.131403943486971e-07
9,1,step,False,8,1.9666485141928456,0.03825262161694844,0.05018351450208544,1.8983052475273623,21.853085367342054,4,1.6307073254371576,46,6.000000000498111,9.104622283626487,1.0,1,0.4778382979445971,0,1.7084164625838822,1.0,9.131403943486971e-07
9,1,step,False,9,0.6243284807757906,0.07339723637424124,0.06431373079930382,0.5877839466040395,97.61428840538967,4,1.249645505709279,154,36.471645697460836,54.05235222147349,1.0,1,0.3816208812719595,0,1.7084164625838822,1.0,9.131403943486971e-07
9,1,step,False,10,1.7743448667122528,0.031390835252071723,0.01564195578046964,1.6937724672608603,40.70322499449219,4,1.4769839727858245,83,7.801507214063661,10.397751771224254,1.0,1,0.38846192681007236,0,1.7084164625838822,1.0,9.131403943486971e-07
9,1,step,False,11,1.0972591878173263,0.03473059555943126,0.034206819758067254,1.0275349494712642,65.40928099831156,4,1.2263952143406478,108,17.425073309112193,24.404618069607093,1.0,1,0.48061645410180975,0,1.7084164625838822,1.0,9.131403943486971e-07
9,1,step,False,12,2.5440052353798466,0.01457967306772491,0.02629522833086255,2.3395624304573666,3.7329969318222256,4,8.4013883568947,6,6.0000000003222205,8.534894432161284,1.0,1,0.7901322837712725,0,1.7084164625838822,1.0,9.131403943486971e-07
9,1,step,False,13,1.065335976205895,0.02012723714751086,0.019806198293060694,0.9941769222172744,99.54309701714674,4,1.2654416926309866,157,35.8242000193221,51.30125971846591,1.0,1,0.459463615928457,0,1.7084164625838822,1.0,9.131403943486971e-07
9,1,step,False,14,0.6147355922993071,0.020834769602765868,0.024203500987954533,0.5974048871276363,101.88338781080608,4,1.2131011237126672,155,42.54616209528608,56.32190117238338,1.0,1,0.3656466261699985,0,1.7084164625838822,1.0,9.131403943486971e-07
9,1,step,False,15,1.1390096535776728,0.018192771285409016,0.023628694641231855,1.0529258038623999,103.97304012625618,4,1.084218045433002,155,43.82642858407712,60.958712330623,1.0,1,0.431410340351674,0,1.7084164625838822,1.0,9.131403943486971e-07
9,1,step,False,16,1.2557821063963082,0.04496904189891794,0.03701195006454619,1.2132876026625516,96.59675285176966,4,1.2449504557197069,153,29.19509157337148,41.8359724571946,1.0,1,0.3203360253794635,0,1.7084164625838822,1.0,9.131403943486971e-07
9,1,step,False,17,2.4046687697579534,0.012715612231311629,0.017935252194883268,2.285630495434766,33.0812012220659,4,1.6683970443998164,66,6.015185002316217,10.612403607488014,1.0,1,0.37678070082033954,0,1.7084164625838822,1.0,9.131403943486971e-07
9,1,step,False,18,1.5047639121030847,0.014139562461465012,0.009730009199002581,1.4023878342049871,54.67622169110198,4,1.5949543931485424,93,17.8559324071023,26.138922190522386,1.0,1,0.48557065821407275,0,1.7084164625838822,1.0,9.131403943486971e-07
9,1,step,False,19,1.497484781295103,0.04512117255240462,0.03719405108796715,1.3675018152194993,52.59368491985117,4,1.1888821417890714,97,12.798893428967256,19.697874575842242,1.0,1,0.5000622766442521,0,1.7084164625838822,1.0,9.131403943486971e-07
9,1,step,False,20,0.3913953812157383,0.04983037998114382,0.05634436424635921,0.36466406574564886,90.62980286426586,4,1.2649703156125822,146,32.1420444826835,46.74980486743438,1.0,1,0.4441511780850886,0,1.7084164625838822,1.0,9.131403943486971e-07
9,1,step,False,21,1.664103941613645,0.11137882020412866,0.07947103937640237,1.5659458769546988,12.120125259295206,4,1.3443735004067154,22,6.000000000377103,8.308842931827598,1.0,1,0.2551691213373385,0,1.7084164625838822,1.0,9.131403943486971e-07
9,1,step,False,22,1.408979648993165,0.04675942230733022,0.050127629498726546,1.3069270522584986,53.60540342249233,4,1.421516828106679,102,11.895609067305841,17.214234912493975,1.0,1,0.3421931812216007,0,1.7084164625838822,1.0,9.131403943486971e-07
9,1,step,False,23,0.36411673436852154,0.049256861782972325,0.05526515598002096,0.3386190163775735,130.4884664982385,4,1.154610501318598,187,60.77400767995109,82.77528192639559,1.0,1,0.5624878464743326,0,1.7084164625838822,1.0,9.131403943486971e-07
9,2,step,False,0,1.9319150175304767,0.027606753808023732,0.026004264984219042,1.8226334558561954,50.83765592911183,4,1.5080824678619769,94,6.510552168940803,9.888289811461854,1.0,1,0.36723803022845164,0,1.2080328657837966,0.6050914376974106,6.179400895155733e-15
9,2,step,False,1,2.297613715968394,0.06667131315145312,0.05434647647835191,2.107996530827345,9.036244677316205,4,1.4151987580563266,17,6.00000000017124,9.321277503825835,1.0,1,0.41645477433712735,0,1.2080328657837966,0.6050914376974106,6.179400895155733e-15
9,2,step,False,2,0.3806438597462406,0.039314205697563526,0.058872852916299054,0.36136792458177536,45.72076231280717,4,1.6999048964630479,77,15.552968961085067,23.427839718816447,1.0,1,0.26123352837677316,0,1.2080328657837966,0.6050914376974106,6.179400895155733e-15
9,2,step,False,3,2.589576667811834,0.015401099235435938,0.01355487820401633,2.405677798377134,21.878998199936778,4,1.4101589686111116,41,6.000000000195737,7.812635172267564,1.0,1,0.39171504501344406,0,1.2080328657837966,0.6050914376974106,6.179400895155733e-15
9,2,step,False,4,0.4350174884567207,0.29345565338674234,0.2758507578043854,0.44516283524055694,46.06352586455857,4,1.326473862479658,82,16.529401524082072,23.318426320026195,1.0,1,0.27770252027613396,0,1.2080328657837966,0.6050914376974106,6.179400895155733e-15
9,2,step,False,5,1.1156952399600832,0.059279020033831314,0.062470061340291344,1.075700495673267,43.374717724875914,4,1.3542569949811656,78,13.870065899203272,19.701547198994426,1.0,1,0.16764243947314666,0,1.2080328657837966,0.6050914376974106,6.179400895155733e-15
9,2,step,False,6,1.3582674648938677,0.015556601626981506,0.0204412408543938,1.2568368325387222,79.7391800660551,4,1.1534659600038029,129,27.848997648677667,38.52470162465626,1.0,1,0.30404087914939043,0,1.2080328657837966,0.6050914376974106,6.179400895155733e-15
9,2,step,False,7,1.0005504679814938,0.05334688986231654,0.04468075124932747,0.9561346308855808,84.84485484469167,4,1.2284512066025288,138,28.883788763688077,40.0600380683861,1.0,1,0.31205553537636876,0,1.2080328657837966,0.6050914376974106,6.179400895155733e-15
9,2,step,False,8,1.9666485141928456,0.030202177023658874,0.05018351450208544,1.8983052475273623,21.853085367342054,4,1.6307073254371576,46,6.000000000476728,9.102642313851838,1.0,1,0.15824256400909023,0,1.2080328657837966,0.6050914376974106,6.179400895155733e-15
9,2,step,False,9,0.6243284807757906,0.09485564748638524,0.06431373079930382,0.5877839466040395,97.61428840538967,4,1.249645505709279,154,38.036736234451105,54.89618623240633,1.0,1,0.2716154994809833,0,1.2080328657837966,0.6050914376974106,6.179400895155733e-15
9,2,step,False,10,1.7743448667122528,0.021466872176784352,0.01564195578046964,1.6937724672608603,40.70322499449219,4,1.4769839727858245,83,6.438421405768983,8.966705057612879,1.0,1,0.318134721996929,0,1.2080328657837966,0.6050914376974106,6.179400895155733e-15
9,2,step,False,11,1.0972591878173263,0.04275329247142748,0.034206819758067254,1.0275349494712642,65.40928099831156,4,1.2263952143406478,108,19.345614454824236,27.244587894112843,1.0,1,0.24369115310163306,0,1.2080328657837966,0.6050914376974106,6.179400895155733e-15
9,2,step,False,12,2.5440052353798466,0.0173440315433009,0.02629522833086255,2.3395624304573666,3.7329969318222256,4,8.4013883568947,6,6.0000000001939116,8.062148574893902,1.0,1,0.2775400324264482,0,1.2080328657837966,0.6050914376974106,6.179400895155733e-15
9,2,step,False,13,1.065335976205895,0.013490511188812232,0.019806198293060694,0.9941769222172744,99.54309701714674,4,1.2654416926309866,157,33.2957646512201,44.864309629971224,1.0,1,0.30877876532174053,0,1.2080328657837966,0.6050914376974106,6.179400895155733e-15
9,2,step,False,14,0.6147355922993071,0.02383590918867302,0.024203500987954533,0.5974048871276363,101.88338781080608,4,1.2131011237126672,155,45.46348232982447,59.33100241243061,1.0,1,0.25312757138005487,0,1.2080328657837966,0.6050914376974106,6.179400895155733e-15
9,2,step,False,15,1.1390096535776728,0.024889148628830685,0.023628694641231855,1.0529258038623999,103.97304012625618,4,1.084218045433002,155,41.27053822193719,54.4265376793932,1.0,1,0.22986916746407263,0,1.2080328657837966,0.6050914376974106,6.179400895155733e-15
9,2,step,False,16,1.2557821063963082,0.03852300143590861,0.03701195006454619,1.2132876026625516,96.59675285176966,4,1.2449504557197069,153,27.615929684096553,39.801198345314866,1.0,1,0.21719378455946317,0,1.2080328657837966,0.6050914376974106,6.179400895155733e-15
9,2,step,False,17,2.4046687697579534,0.01585490150325957,0.017935252194883268,2.285630495434766,33.0812012220659,4,1.6683970443998164,66,6.00000000058451,9.718008649128862,1.0,1,0.267097833755418,0,1.2080328657837966,0.6050914376974106,6.179400895155733e-15
9,2,step,False,18,1.5047639121030847,0.016132338209535076,0.009730009199002581,1.4023878342049871,54.67622169110198,4,1.5949543931485424,93,16.705153166123456,23.817469408401706,1.0,1,0.3659989043204134,0,1.2080328657837966,0.6050914376974106,6.179400895155733e-15
9,2,step,False,19,1.497484781295103,0.043081784886748534,0.03719405108796715,1.3675018152194993,52.59368491985117,4,1.1888821417890714,97,12.441700717923153,19.744073735156665,1.0,1,0.29968053164329067,0,1.2080328657837966,0.6050914376974106,6.179400895155733e-15
9,2,step,False,20,0.3913953812157383,0.058627192555409345,0.05634436424635921,0.36466406574564886,90.62980286426586,4,1.2649703156125822,146,38.00648726407288,54.29765975898647,1.0,1,0.25192910901770427,0,1.2080328657837966,0.6050914376974106,6.179400895155733e-15
9,2,step,False,21,1.664103941613645,0.11052108819972929,0.07947103937640237,1.5659458769546988,12.120125259295206,4,1.3443735004067154,22,6.0000000000107745,8.405775742249638,1.0,1,0.2215178070730682,0,1.2080328657837966,0.6050914376974106,6.179400895155733e-15
9,2,step,False,22,1.408979648993165,0.055369135038814785,0.050127629498726546,1.3069270522584986,53.60540342249233,4,1.421516828106679,102,12.60449790223824,18.651314930425187,1.0,1,0.21861715236442816,0,1.2080328657837966,0.6050914376974106,6.179400895155733e-15
9,2,step,False,23,0.36411673436852154,0.028422671864092284,0.05526515598002096,0.3386190163775735,130.4884664982385,4,1.154610501318598,187,61.100099369193245,79.1342983728329,1.0,1,0.20804138839753378,0,1.2080328657837966,0.6050914376974106,6.179400895155733e-15
9,3,step,False,0,1.9319150175304767,0.01338008235615086,0.026004264984219042,1.8226334558561954,50.83765592911183,4,1.5080824678619769,94,6.775065286343886,10.860907621053213,1.0,1,0.24997763893077846,0,0.854208231291941,0.35929347574710846,3.292593472564559e-14
9,3,step,False,1,2.297613715968394,0.06208341834401077,0.05434647647835191,2.107996530827345,9.036244677316205,4,1.4151987580563266,17,6.0000000005345315,9.56275252736784,1.0,1,0.3173837588695993,0,0.854208231291941,0.35929347574710846,3.292593472564559e-14
9,3,step,False,2,0.3806438597462406,0.06357580575447357,0.058872852916299054,0.36136792458177536,45.72076231280717,4,1.6999048964630479,77,18.484819663204387,26.66748014350694,1.0,1,0.17191755409743206,0,0.854208231291941,0.35929347574710846,3.292593472564559e-14
9,3,step,False,3,2.589576667811834,0.005508875295701697,0.01355487820401633,2.405677798377134,21.878998199936778,4,1.4101589686111116,41,6.000000000397655,8.035570809774232,1.0,1,0.22535225273978438,0,0.854208231291941,0.35929347574710846,3.292593472564559e-14
9,3,step,False,4,0.4350174884567207,0.28757989800576317,0.2758507578043854,0.44516283524055694,46.06352586455857,4,1.326473862479658,82,18.101202749943397,25.509663279566322,1.0,1,0.11003537761176962,0,0.854208231291941,0.35929347574710846,3.292593472564559e-14
9,3,step,False,5,1.1156952399600832,0.061473239917357224,0.062470061340291344,1.075700495673267,43.374717724875914,4,1.3542569949811656,78,16.09994363582304,22.45998520229562,1.0,1,0.0767543392965362,0,0.854208231291941,0.35929347574710846,3.292593472564559e-14
9,3,step,False,6,1.3582674648938677,0.019974572209115506,0.0204412408543938,1.2568368325387222,79.7391800660551,4,1.1534659600038029,129,25.00833725560521,32.88666515216108,1.0,1,0.18137870941598877,0,0.854208231291941,0.35929347574710846,3.292593472564559e-14
9,3,step,False,7,1.0005504679814938,0.05983765564503042,0.04468075124932747,0.9561346308855808,84.84485484469167,4,1.2284512066025288,138,29.58651175182492,39.38624028681762,1.0,1,0.18900972903157323,0,0.854208231291941,0.35929347574710846,3.292593472564559e-14
9,3,step,False,8,1.9666485141928456,0.019595920410129433,0.05018351450208544,1.8983052475273623,21.853085367342054,4,1.6307073254371576,46,6.0000000001445715,8.69173471664988,1.0,1,0.13082092259508338,0,0.854208231291941,0.35929347574710846,3.292593472564559e-14
9,3,step,False,9,0.6243284807757906,0.11365826474841849,0.06431373079930382,0.5877839466040395,97.61428840538967,4,1.249645505709279,154,37.8464705364292,52.5603590929315,1.0,1,0.12925381155584817,0,0.854208231291941,0.35929347574710846,3.292593472564559e-14
9,3,step,False,10,1.7743448667122528,0.021406688294464533,0.01564195578046964,1.6937724672608603,40.70322499449219,4,1.4769839727858245,83,6.721674321212154,9.669172173494456,1.0,1,0.2901300992874814,0,0.854208231291941,0.35929347574710846,3.292593472564559e-14
9,3,step,False,11,1.0972591878173263,0.04809737045891817,0.034206819758067254,1.0275349494712642,65.40928099831156,4,1.2263952143406478,108,22.193562492892404,31.85291435269508,1.0,1,0.16450234756909826,0,0.854208231291941,0.35929347574710846,3.292593472564559e-14
9,3,step,False,12,2.5440052353798466,0.02569936229004842,0.02629522833086255,2.3395624304573666,3.7329969318222256,4,8.4013883568947,6,6.0000000001607905,8.128965940995728,1.0,1,0.17540653218651847,0,0.854208231291941,0.35929347574710846,3.292593472564559e-14
9,3,step,False,13,1.065335976205895,0.013000836382894178,0.019806198293060694,0.9941769222172744,99.54309701714674,4,1.2654416926309866,157,32.31325280742383,42.45545476991245,1.0,1,0.1477762723670664,0,0.854208231291941,0.35929347574710846,3.292593472564559e-14
9,3,step,False,14,0.6147355922993071,0.02397101352309299,0.024203500987954533,0.5974048871276363,101.88338781080608,4,1.2131011237126672,155,44.14694424068274,56.04230885621448,1.0,1,0.11457976079623552,0,0.854208231291941,0.35929347574710846,3.292593472564559e-14
9,3,step,False,15,1.1390096535776728,0.02792456714089287,0.023628694641231855,1.0529258038623999,103.97304012625618,4,1.084218045433002,155,36.758650108562094,46.608284947202534,1.0,1,0.1992865593528028,0,0.854208231291941,0.35929347574710846,3.292593472564559e-14
9,3,step,False,16,1.2557821063963082,0.04231565464087905,0.03701195006454619,1.2132876026625516,96.59675285176966,4,1.2449504557197069,153,26.186405753373318,36.67812563838711,1.0,1,0.12493815546312727,0,0.854208231291941,0.35929347574710846,3.292593472564559e-14
9,3,step,False,17,2.4046687697579534,0.017533271694612104,0.017935252194883268,2.285630495434766,33.0812012220659,4,1.6683970443998164,66,6.000000000271134,8.851511757318708,1.0,1,0.17235423307603603,0,0.854208231291941,0.35929347574710846,3.292593472564559e-14
9,3,step,False,18,1.5047639121030847,0.01304232017653346,0.009730009199002581,1.4023878342049871,54.67622169110198,4,1.5949543931485424,93,15.24299053036123,20.50975212558987,1.0,1,0.21197993498165865,0,0.854208231291941,0.35929347574710846,3.292593472564559e-14
9,3,step,False,19,1.497484781295103,0.038025910048614456,0.03719405108796715,1.3675018152194993,52.59368491985117,4,1.1888821417890714,97,11.511916819794624,16.271515751631117,1.0,1,0.1461996562629594,0,0.854208231291941,0.35929347574710846,3.292593472564559e-14
9,3,step,False,20,0.3913953812157383,0.07124234151460568,0.05634436424635921,0.36466406574564886,90.62980286426586,4,1.2649703156125822,146,41.551452388716726,56.6766248644158,1.0,1,0.13657222281744713,0,0.854208231291941,0.35929347574710846,3.292593472564559e-14
9,3,step,False,21,1.664103941613645,0.10582001640204271,0.07947103937640237,1.5659458769546988,12.120125259295206,4,1.3443735004067154,22,6.00000000003063,7.814204173803267,1.0,1,0.1521561376081106,0,0.854208231291941,0.35929347574710846,3.292593472564559e-14
9,3,step,False,22,1.408979648993165,0.0570199141678048,0.050127629498726546,1.3069270522584986,53.60540342249233,4,1.421516828106679,102,11.823169811245158,17.383808117067506,1.0,1,0.16541507278975284,0,0.854208231291941,0.35929347574710846,3.292593472564559e-14
9,3,step,False,23,0.36411673436852154,0.00729195505593431,0.05526515598002096,0.3386190163775735,130.4884664982385,4,1.154610501318598,187,61.0694894632379,77.55510530038053,1.0,1,0.1556936876450629,0,0.854208231291941,0.35929347574710846,3.292593472564559e-14
