seed,phase_index,phase,failed,center,radius,sine,pilot_sine,gradient_norm,linear_mass,linear_rank,linear_condition,linear_support,function_mass,n_eff,manifold_mass,manifold_neighbors,slope_min_singular,slope_rank_zero,h,alpha,linear_relative_residual_max
0,0,init,False,0,2.013105417584776,0.10690290741397122,0.10690290741397018,1.2082318982774403,45.25131891809136,4,1.1798474781985144,79,nan,nan,1.0,1,nan,0,nan,nan,nan
0,0,init,False,1,1.8393261347459855,0.2414458876514696,0.24144588765146913,1.02054557365162,31.940513081492973,4,1.3217857462609153,65,nan,nan,1.0,1,nan,0,nan,nan,nan
0,0,init,False,2,0.8324216477026292,0.08631309360335346,0.08631309360335346,0.42633961418034694,95.70652241506949,4,1.2926125639595911,144,nan,nan,1.0,1,nan,0,nan,nan,nan
0,0,init,False,3,1.7671365625020585,0.05278562666083619,0.05278562666083619,0.9275987289059564,57.55429743684587,4,1.4961967445043285,104,nan,nan,1.0,1,nan,0,nan,nan,nan
0,0,init,False,4,0.189190438782976,0.41485844329334204,0.4148584432933423,0.28438677205814034,86.61455688672773,4,1.2253467761845325,137,nan,nan,1.0,1,nan,0,nan,nan,nan
0,0,init,False,5,0.9624957231516963,0.19381408199477188,0.19381408199477074,0.6436556018911967,100.66230206714853,4,1.401847941884606,152,nan,nan,1.0,1,nan,0,nan,nan,nan
0,0,init,False,6,1.878120422772648,0.10841157534649429,0.10841157534649223,1.170076458679142,56.30447193552446,4,1.227336443590866,96,nan,nan,1.0,1,nan,0,nan,nan,nan
0,0,init,False,7,1.1659714895589495,0.10507697372296015,0.10507697372295698,0.7127793246699999,51.99423262134718,4,1.5285894745866542,87,nan,nan,1.0,1,nan,0,nan,nan,nan
0,0,init,False,8,1.66032737134484,0.0894926862598072,0.0894926862598072,0.9389377553989154,11.819416878870557,4,2.026586931196822,26,nan,nan,1.0,1,nan,0,nan,nan,nan
0,0,init,False,9,1.6461682316146562,0.2545545490373323,0.2545545490373319,0.9738572244989234,37.543552928539356,4,1.4412322784247225,65,nan,nan,1.0,1,nan,0,nan,nan,nan
0,0,init,False,10,2.4714404049555068,0.16768494336027534,0.16768494336027534,1.7253275857301344,10.15448500645655,4,2.4079244265377597,20,nan,nan,1.0,1,nan,0,nan,nan,nan
0,0,init,False,11,0.8931465161478112,0.30791104675084585,0.307911046750844,0.5910489049098231,43.392081459615156,4,1.5331905489234308,83,nan,nan,1.0,1,nan,0,nan,nan,nan
0,0,init,False,12,0.8277010638072685,0.1677117631609907,0.167711763160992,0.49240734645412415,99.60092708268655,4,1.1788566064618986,158,nan,nan,1.0,1,nan,0,nan,nan,nan
0,0,init,False,13,1.6770024361296911,0.06651795239039342,0.06651795239039174,1.1040497441218842,47.8807759883679,4,1.3488019381897085,87,nan,nan,1.0,1,nan,0,nan,nan,nan
0,0,init,False,14,2.1318195481244704,0.05596476588006575,0.055964765880067734,1.2278878951404717,43.409210194733,4,1.4174425444032683,70,nan,nan,1.0,1,nan,0,nan,nan,nan
0,0,init,False,15,0.8702271550814301,0.13161740889607582,0.13161740889607412,0.5504888608426778,96.04184728257837,4,1.263563869945345,147,nan,nan,1.0,1,nan,0,nan,nan,nan
0,0,init,False,16,0.7714455089923629,0.39883476748606717,0.39883476748606717,0.5196999475222689,72.69219066972167,4,1.3384043689817446,117,nan,nan,1.0,1,nan,0,nan,nan,nan
0,0,init,False,17,0.2875326920240055,0.24231527765564903,0.2423152776556495,0.2732558112361853,76.68372379940722,4,1.2368547980033078,133,nan,nan,1.0,1,nan,0,nan,nan,nan
0,0,init,False,18,1.2405084321280169,0.37494740365869283,0.37494740365869283,0.743132142336476,6.5091475001375025,4,2.7889278686408487,15,nan,nan,1.0,1,nan,0,nan,nan,nan
0,0,init,False,19,1.7323699323297677,0.12211184342088886,0.12211184342088977,1.043615193750532,68.81193320483357,4,1.28081094247929,111,nan,nan,1.0,1,nan,0,nan,nan,nan
0,0,init,False,20,1.2578374095484226,0.17727366067743555,0.1772736606774362,0.833311457521915,76.88178852690064,4,1.4994073035874473,123,nan,nan,1.0,1,nan,0,nan,nan,nan
0,0,init,False,21,1.1944097178215622,0.08456492099424205,0.08456492099423943,0.6624887745711098,97.01859239689279,4,1.3516191907056236,147,nan,nan,1.0,1,nan,0,nan,nan,nan
0,0,init,False,22,1.2865519208297453,0.13373718552482963,0.13373718552482963,0.8923724374919266,57.60596565566867,4,1.1434171490671163,94,nan,nan,1.0,1,nan,0,nan,nan,nan
0,0,init,False,23,1.5882846153801122,0.1373802910210702,0.1373802910210718,0.973890297775329,67.926146062343,4,1.1695569105909993,108,nan,nan,1.0,1,nan,0,nan,nan,nan
0,1,step,False,0,2.013105417584776,0.07732197365761241,0.10690290741397018,1.2082318982774403,45.25131891809136,4,1.1798474781985144,79,17.4546104486637,23.961986672685068,1.0,1,0.22469442456027125,0,1.6633575396573566,1.0,1.328298698009377e-15
0,1,step,False,1,1.8393261347459855,0.15573732417809788,0.24144588765146913,1.02054557365162,31.940513081492973,4,1.3217857462609153,65,7.579997456447989,11.752720477847017,1.0,1,0.5049889657999679,0,1.6633575396573566,1.0,1.328298698009377e-15
0,1,step,False,2,0.8324216477026292,0.07189168829031324,0.08631309360335346,0.42633961418034694,95.70652241506949,4,1.2926125639595911,144,39.04149238121993,53.52184722682377,1.0,1,0.3844583950788103,0,1.6633575396573566,1.0,1.328298698009377e-15
0,1,step,False,3,1.7671365625020585,0.07960603911416314,0.05278562666083619,0.9275987289059564,57.55429743684587,4,1.4961967445043285,104,15.163882051344746,22.044532642816744,1.0,1,0.40881342867374904,0,1.6633575396573566,1.0,1.328298698009377e-15
0,1,step,False,4,0.189190438782976,0.5075225262102904,0.4148584432933423,0.28438677205814034,86.61455688672773,4,1.2253467761845325,137,25.554443758003906,36.20749948444799,1.0,1,0.7375402806700571,0,1.6633575396573566,1.0,1.328298698009377e-15
0,1,step,False,5,0.9624957231516963,0.13465479524895324,0.19381408199477074,0.6436556018911967,100.66230206714853,4,1.401847941884606,152,36.74984926202968,53.28940696474683,1.0,1,0.4280000165380529,0,1.6633575396573566,1.0,1.328298698009377e-15
0,1,step,False,6,1.878120422772648,0.1265430106413298,0.10841157534649223,1.170076458679142,56.30447193552446,4,1.227336443590866,96,16.30466619306752,24.419020375902583,1.0,1,0.3491129758566631,0,1.6633575396573566,1.0,1.328298698009377e-15
0,1,step,False,7,1.1659714895589495,0.11885633789040038,0.10507697372295698,0.7127793246699999,51.99423262134718,4,1.5285894745866542,87,16.326597374167847,24.162443271568044,1.0,1,0.45708901072092806,0,1.6633575396573566,1.0,1.328298698009377e-15
0,1,step,False,8,1.66032737134484,0.0875938150190381,0.0894926862598072,0.9389377553989154,11.819416878870557,4,2.026586931196822,26,2.6138256365694463,3.5187503479523827,1.0,1,0.6665269511471265,0,1.6633575396573566,1.0,1.328298698009377e-15
0,1,step,False,9,1.6461682316146562,0.19894902155947802,0.2545545490373319,0.9738572244989234,37.543552928539356,4,1.4412322784247225,65,8.956131186618911,14.270276243278207,1.0,1,0.35127193861964034,0,1.6633575396573566,1.0,1.328298698009377e-15
0,1,step,False,10,2.4714404049555068,0.187146561932879,0.16768494336027534,1.7253275857301344,10.15448500645655,4,2.4079244265377597,20,2.669960647565716,4.015252184866382,1.0,1,0.4564196426202818,0,1.6633575396573566,1.0,1.328298698009377e-15
0,1,step,False,11,0.8931465161478112,0.366416154187076,0.307911046750844,0.5910489049098231,43.392081459615156,4,1.5331905489234308,83,9.28373646072881,14.054071923001677,1.0,1,0.3164392648722947,0,1.6633575396573566,1.0,1.328298698009377e-15
0,1,step,False,12,0.8277010638072685,0.06390456589654908,0.167711763160992,0.49240734645412415,99.60092708268655,4,1.1788566064618986,158,32.30047513535959,45.83697318429608,1.0,1,0.35397378153357345,0,1.6633575396573566,1.0,1.328298698009377e-15
0,1,step,False,13,1.6770024361296911,0.13508191797677935,0.06651795239039174,1.1040497441218842,47.8807759883679,4,1.3488019381897085,87,11.445401823981266,18.815252933834888,1.0,1,0.3290658380294706,0,1.6633575396573566,1.0,1.328298698009377e-15
0,1,step,False,14,2.1318195481244704,0.0482523005964235,0.055964765880067734,1.2278878951404717,43.409210194733,4,1.4174425444032683,70,15.236600952775309,20.434156746746734,1.0,1,0.25926222790732817,0,1.6633575396573566,1.0,1.328298698009377e-15
0,1,step,False,15,0.8702271550814301,0.15297239657912637,0.13161740889607412,0.5504888608426778,96.04184728257837,4,1.263563869945345,147,43.99338190045703,58.48920776596773,1.0,1,0.40350540330159906,0,1.6633575396573566,1.0,1.328298698009377e-15
0,1,step,False,16,0.7714455089923629,0.21867434207255462,0.39883476748606717,0.5196999475222689,72.69219066972167,4,1.3384043689817446,117,23.329803068498148,35.481925059749955,1.0,1,0.4833830003227279,0,1.6633575396573566,1.0,1.328298698009377e-15
0,1,step,False,17,0.2875326920240055,0.24753620008248609,0.2423152776556495,0.2732558112361853,76.68372379940722,4,1.2368547980033078,133,26.466136655396323,37.70596262011128,1.0,1,0.4304282818585724,0,1.6633575396573566,1.0,1.328298698009377e-15
0,1,step,False,18,1.2405084321280169,0.40344759499235017,0.37494740365869283,0.743132142336476,6.5091475001375025,4,2.7889278686408487,15,2.433744948698688,3.3874532556079515,1.0,1,0.32181078131890356,0,1.6633575396573566,1.0,1.328298698009377e-15
0,1,step,False,19,1.7323699323297677,0.07400208054449958,0.12211184342088977,1.043615193750532,68.81193320483357,4,1.28081094247929,111,24.393795253637936,32.912126769974215,1.0,1,0.5227452735181843,0,1.6633575396573566,1.0,1.328298698009377e-15
0,1,step,False,20,1.2578374095484226,0.08980810093716456,0.1772736606774362,0.833311457521915,76.88178852690064,4,1.4994073035874473,123,23.194459139978036,34.79255635761158,1.0,1,0.19941527433521475,0,1.6633575396573566,1.0,1.328298698009377e-15
0,1,step,False,21,1.1944097178215622,0.02281004180837714,0.08456492099423943,0.6624887745711098,97.01859239689279,4,1.3516191907056236,147,37.18784215673985,49.2169066251834,1.0,1,0.5171291335650973,0,1.6633575396573566,1.0,1.328298698009377e-15
0,1,step,False,22,1.2865519208297453,0.1927444276633917,0.13373718552482963,0.8923724374919266,57.60596565566867,4,1.1434171490671163,94,18.698269447754594,25.416132723044406,1.0,1,0.4368301641587613,0,1.6633575396573566,1.0,1.328298698009377e-15
0,1,step,False,23,1.5882846153801122,0.11492673891255188,0.1373802910210718,0.973890297775329,67.926146062343,4,1.1695569105909993,108,23.620896660295074,30.167718623983,1.0,1,0.3995955552135633,0,1.6633575396573566,1.0,1.328298698009377e-15
0,2,step,False,0,2.013105417584776,0.1609493065913221,0.10690290741397018,1.2082318982774403,45.25131891809136,4,1.1798474781985144,79,14.405664679515361,19.06847090832873,1.0,1,0.1577793832281786,0,1.1761713958294884,0.5952518135309219,5.4833979588540825e-14
0,2,step,False,1,1.8393261347459855,0.2622265248946978,0.24144588765146913,1.02054557365162,31.940513081492973,4,1.3217857462609153,65,8.456710611332253,12.43959723113712,1.0,1,0.12381578277146854,0,1.1761713958294884,0.5952518135309219,5.4833979588540825e-14
0,2,step,False,2,0.8324216477026292,0.07786346959735847,0.08631309360335346,0.42633961418034694,95.70652241506949,4,1.2926125639595911,144,39.97072646214272,52.71323769994545,1.0,1,0.23878194390736765,0,1.1761713958294884,0.5952518135309219,5.4833979588540825e-14
0,2,step,False,3,1.7671365625020585,0.0855635722026203,0.05278562666083619,0.9275987289059564,57.55429743684587,4,1.4961967445043285,104,14.371653989837741,19.21457596126792,1.0,1,0.15196782956801977,0,1.1761713958294884,0.5952518135309219,5.4833979588540825e-14
0,2,step,False,4,0.189190438782976,0.6314947409797472,0.4148584432933423,0.28438677205814034,86.61455688672773,4,1.2253467761845325,137,26.512807953531265,36.48800720177693,1.0,1,0.24296970252567462,0,1.1761713958294884,0.5952518135309219,5.4833979588540825e-14
0,2,step,False,5,0.9624957231516963,0.15462231492456432,0.19381408199477074,0.6436556018911967,100.66230206714853,4,1.401847941884606,152,39.486691004131295,55.527539891097675,1.0,1,0.25499541093694716,0,1.1761713958294884,0.5952518135309219,5.4833979588540825e-14
0,2,step,False,6,1.878120422772648,0.16310115664402655,0.10841157534649223,1.170076458679142,56.30447193552446,4,1.227336443590866,96,15.11567200473221,20.699375015700753,1.0,1,0.2197376332884437,0,1.1761713958294884,0.5952518135309219,5.4833979588540825e-14
0,2,step,False,7,1.1659714895589495,0.1428802867037427,0.10507697372295698,0.7127793246699999,51.99423262134718,4,1.5285894745866542,87,17.03208986951533,24.126056133343813,1.0,1,0.3239549975660778,0,1.1761713958294884,0.5952518135309219,5.4833979588540825e-14
0,2,step,False,8,1.66032737134484,0.058406434854240324,0.0894926862598072,0.9389377553989154,11.819416878870557,4,2.026586931196822,26,2.830966843845957,3.8313374629037837,1.0,1,0.12415789427475397,0,1.1761713958294884,0.5952518135309219,5.4833979588540825e-14
0,2,step,False,9,1.6461682316146562,0.2128466428982018,0.2545545490373319,0.9738572244989234,37.543552928539356,4,1.4412322784247225,65,8.14099507858708,11.726197330793136,1.0,1,0.1903159492039689,0,1.1761713958294884,0.5952518135309219,5.4833979588540825e-14
0,2,step,False,10,2.4714404049555068,0.18972750137340602,0.16768494336027534,1.7253275857301344,10.15448500645655,4,2.4079244265377597,20,1.7235222040009193,2.0669054480029683,1.0,1,0.3044872421137259,0,1.1761713958294884,0.5952518135309219,5.4833979588540825e-14
0,2,step,False,11,0.8931465161478112,0.32669146096301943,0.307911046750844,0.5910489049098231,43.392081459615156,4,1.5331905489234308,83,9.621643204127581,14.282070996578593,1.0,1,0.20827752291664337,0,1.1761713958294884,0.5952518135309219,5.4833979588540825e-14
0,2,step,False,12,0.8277010638072685,0.12327355922648461,0.167711763160992,0.49240734645412415,99.60092708268655,4,1.1788566064618986,158,35.30296348398423,49.47466328237106,1.0,1,0.2448965713213215,0,1.1761713958294884,0.5952518135309219,5.4833979588540825e-14
0,2,step,False,13,1.6770024361296911,0.19927538313115647,0.06651795239039174,1.1040497441218842,47.8807759883679,4,1.3488019381897085,87,9.282540652636605,13.777398113152923,1.0,1,0.4142278587281843,0,1.1761713958294884,0.5952518135309219,5.4833979588540825e-14
0,2,step,False,14,2.1318195481244704,0.04403026247282298,0.055964765880067734,1.2278878951404717,43.409210194733,4,1.4174425444032683,70,11.840541995331519,14.943873045301192,1.0,1,0.21544248955087528,0,1.1761713958294884,0.5952518135309219,5.4833979588540825e-14
0,2,step,False,15,0.8702271550814301,0.21322421241245101,0.13161740889607412,0.5504888608426778,96.04184728257837,4,1.263563869945345,147,42.08734892648733,54.9948229573501,1.0,1,0.5128595818880664,0,1.1761713958294884,0.5952518135309219,5.4833979588540825e-14
0,2,step,False,16,0.7714455089923629,0.3454341743647388,0.39883476748606717,0.5196999475222689,72.69219066972167,4,1.3384043689817446,117,25.42749217568647,37.228555238203086,1.0,1,0.3490834389579123,0,1.1761713958294884,0.5952518135309219,5.4833979588540825e-14
0,2,step,False,17,0.2875326920240055,0.3352760148871599,0.2423152776556495,0.2732558112361853,76.68372379940722,4,1.2368547980033078,133,30.856975531461305,43.58912824561034,1.0,1,0.3108639813656926,0,1.1761713958294884,0.5952518135309219,5.4833979588540825e-14
0,2,step,False,18,1.2405084321280169,0.36482636333054713,0.37494740365869283,0.743132142336476,6.5091475001375025,4,2.7889278686408487,15,2.699002383791892,3.464201350739262,1.0,1,0.10114143663128547,0,1.1761713958294884,0.5952518135309219,5.4833979588540825e-14
0,2,step,False,19,1.7323699323297677,0.043255932607586534,0.12211184342088977,1.043615193750532,68.81193320483357,4,1.28081094247929,111,20.362505935180163,27.21164359843221,1.0,1,0.3837595406649613,0,1.1761713958294884,0.5952518135309219,5.4833979588540825e-14
0,2,step,False,20,1.2578374095484226,0.11828019348140513,0.1772736606774362,0.833311457521915,76.88178852690064,4,1.4994073035874473,123,25.137260501069942,37.090717727518225,1.0,1,0.1996570021788039,0,1.1761713958294884,0.5952518135309219,5.4833979588540825e-14
0,2,step,False,21,1.1944097178215622,0.11030967981269514,0.08456492099423943,0.6624887745711098,97.01859239689279,4,1.3516191907056236,147,36.857593567913995,48.504637916078785,1.0,1,0.3633417562361673,0,1.1761713958294884,0.5952518135309219,5.4833979588540825e-14
0,2,step,False,22,1.2865519208297453,0.3136575431253321,0.13373718552482963,0.8923724374919266,57.60596565566867,4,1.1434171490671163,94,19.806482409927664,26.842686774262425,1.0,1,0.2607872324814518,0,1.1761713958294884,0.5952518135309219,5.4833979588540825e-14
0,2,step,False,23,1.5882846153801122,0.07937732158352268,0.1373802910210718,0.973890297775329,67.926146062343,4,1.1695569105909993,108,22.670165332302087,30.000724740017425,1.0,1,0.29098315323360685,0,1.1761713958294884,0.5952518135309219,5.4833979588540825e-14
0,3,step,False,0,2.013105417584776,0.21535374696168422,0.10690290741397018,1.2082318982774403,45.25131891809136,4,1.1798474781985144,79,11.15000672908318,13.626867456149148,1.0,1,0.11109582135458083,0,0.8316787698286782,0.35078251361846924,1.8347846164032416e-13
0,3,step,False,1,1.8393261347459855,0.36913723595053993,0.24144588765146913,1.02054557365162,31.940513081492973,4,1.3217857462609153,65,10.68644055437717,14.605241428460634,1.0,1,0.11351183557049463,0,0.8316787698286782,0.35078251361846924,1.8347846164032416e-13
0,3,step,False,2,0.8324216477026292,0.1649822617077394,0.08631309360335346,0.42633961418034694,95.70652241506949,4,1.2926125639595911,144,40.759430177572796,53.2884381211898,1.0,1,0.09530283833436484,0,0.8316787698286782,0.35078251361846924,1.8347846164032416e-13
0,3,step,False,3,1.7671365625020585,0.07566342975820618,0.05278562666083619,0.9275987289059564,57.55429743684587,4,1.4961967445043285,104,13.870593044396566,17.27078310078717,1.0,1,0.10380223697163875,0,0.8316787698286782,0.35078251361846924,1.8347846164032416e-13
0,3,step,False,4,0.189190438782976,0.5152903492466447,0.4148584432933423,0.28438677205814034,86.61455688672773,4,1.2253467761845325,137,29.8258826207113,42.74080984466625,1.0,1,0.1325889250116563,0,0.8316787698286782,0.35078251361846924,1.8347846164032416e-13
0,3,step,False,5,0.9624957231516963,0.19930459995362632,0.19381408199477074,0.6436556018911967,100.66230206714853,4,1.401847941884606,152,38.935252276879936,53.5764148682226,1.0,1,0.14366866380111123,0,0.8316787698286782,0.35078251361846924,1.8347846164032416e-13
0,3,step,False,6,1.878120422772648,0.05750073624707409,0.10841157534649223,1.170076458679142,56.30447193552446,4,1.227336443590866,96,14.953544553404946,19.715681845239594,1.0,1,0.1481401849741627,0,0.8316787698286782,0.35078251361846924,1.8347846164032416e-13
0,3,step,False,7,1.1659714895589495,0.2226135292156881,0.10507697372295698,0.7127793246699999,51.99423262134718,4,1.5285894745866542,87,18.288701741536908,25.669909683010356,1.0,1,0.17913943981158295,0,0.8316787698286782,0.35078251361846924,1.8347846164032416e-13
0,3,step,False,8,1.66032737134484,0.08799638532888522,0.0894926862598072,0.9389377553989154,11.819416878870557,4,2.026586931196822,26,4.501236946824444,6.680545595761337,1.0,1,0.09900949636782276,0,0.8316787698286782,0.35078251361846924,1.8347846164032416e-13
0,3,step,False,9,1.6461682316146562,0.11925598496654659,0.2545545490373319,0.9738572244989234,37.543552928539356,4,1.4412322784247225,65,7.771732328967413,10.079703412374016,1.0,1,0.1307325497512486,0,0.8316787698286782,0.35078251361846924,1.8347846164032416e-13
0,3,step,False,10,2.4714404049555068,0.18972750137340602,0.16768494336027534,1.7253275857301344,10.15448500645655,4,2.4079244265377597,20,1.5182186549276189,1.8170248241107037,1.0,1,0.256237571998766,0,0.8316787698286782,0.35078251361846924,1.8347846164032416e-13
0,3,step,False,11,0.8931465161478112,0.4223463323762545,0.307911046750844,0.5910489049098231,43.392081459615156,4,1.5331905489234308,83,12.245123078518015,17.798116354765124,1.0,1,0.12749379808858696,0,0.8316787698286782,0.35078251361846924,1.8347846164032416e-13
0,3,step,False,12,0.8277010638072685,0.11985865990550099,0.167711763160992,0.49240734645412415,99.60092708268655,4,1.1788566064618986,158,36.93502128054601,50.19667348394677,1.0,1,0.15327958414195744,0,0.8316787698286782,0.35078251361846924,1.8347846164032416e-13
0,3,step,False,13,1.6770024361296911,0.16366211681555204,0.06651795239039174,1.1040497441218842,47.8807759883679,4,1.3488019381897085,87,9.554811265002634,13.283194236047253,1.0,1,0.19270988737131559,0,0.8316787698286782,0.35078251361846924,1.8347846164032416e-13
0,3,step,False,14,2.1318195481244704,0.15434923017602326,0.055964765880067734,1.2278878951404717,43.409210194733,4,1.4174425444032683,70,10.054973921461961,13.784405736043858,1.0,1,0.12702267047353802,0,0.8316787698286782,0.35078251361846924,1.8347846164032416e-13
0,3,step,False,15,0.8702271550814301,0.25294669568820355,0.13161740889607412,0.5504888608426778,96.04184728257837,4,1.263563869945345,147,39.004464865087144,50.3831043437142,1.0,1,0.23423541864017167,0,0.8316787698286782,0.35078251361846924,1.8347846164032416e-13
0,3,step,False,16,0.7714455089923629,0.452054679457949,0.39883476748606717,0.5196999475222689,72.69219066972167,4,1.3384043689817446,117,27.165243621672374,37.95806055255481,1.0,1,0.14550724942443152,0,0.8316787698286782,0.35078251361846924,1.8347846164032416e-13
0,3,step,False,17,0.2875326920240055,0.3142243008626825,0.2423152776556495,0.2732558112361853,76.68372379940722,4,1.2368547980033078,133,31.642695076864417,44.30682372939707,1.0,1,0.11662438661535873,0,0.8316787698286782,0.35078251361846924,1.8347846164032416e-13
0,3,step,False,18,1.2405084321280169,0.35040130282024434,0.37494740365869283,0.743132142336476,6.5091475001375025,4,2.7889278686408487,15,2.9296543670540025,3.867398213179202,1.0,1,0.12625315666928139,0,0.8316787698286782,0.35078251361846924,1.8347846164032416e-13
0,3,step,False,19,1.7323699323297677,0.06711651724347006,0.12211184342088977,1.043615193750532,68.81193320483357,4,1.28081094247929,111,17.533541714579332,22.063133794725452,1.0,1,0.13130825348772254,0,0.8316787698286782,0.35078251361846924,1.8347846164032416e-13
0,3,step,False,20,1.2578374095484226,0.1392450035907064,0.1772736606774362,0.833311457521915,76.88178852690064,4,1.4994073035874473,123,25.479236917085977,37.05653710766254,1.0,1,0.11303832634457497,0,0.8316787698286782,0.35078251361846924,1.8347846164032416e-13
0,3,step,False,21,1.1944097178215622,0.1783282151673555,0.08456492099423943,0.6624887745711098,97.01859239689279,4,1.3516191907056236,147,35.63343080734595,47.005438898011064,1.0,1,0.13529335638504927,0,0.8316787698286782,0.35078251361846924,1.8347846164032416e-13
0,3,step,False,22,1.2865519208297453,0.2568984330144592,0.13373718552482963,0.8923724374919266,57.60596565566867,4,1.1434171490671163,94,20.380993802725506,27.635516502725405,1.0,1,0.20973850877684166,0,0.8316787698286782,0.35078251361846924,1.8347846164032416e-13
0,3,step,False,23,1.5882846153801122,0.03670478886769101,0.1373802910210718,0.973890297775329,67.926146062343,4,1.1695569105909993,108,19.179779141624763,23.294675228815606,1.0,1,0.1547674572561632,0,0.8316787698286782,0.35078251361846924,1.8347846164032416e-13
1,0,init,False,0,1.5749285892107503,0.05266626956232097,0.05266626956231886,1.0456497293241727,58.1255192699806,4,1.3359299744479276,100,nan,nan,1.0,1,nan,0,nan,nan,nan
1,0,init,False,1,1.2597795664531544,0.006743372039052877,0.006743372039069341,0.8630006868235384,73.4203802244768,4,1.3014780187753279,119,nan,nan,1.0,1,nan,0,nan,nan,nan
1,0,init,False,2,1.321130606706036,0.11543906753709837,0.11543906753709644,0.8806445562429156,64.21333978017283,4,1.3680608408512542,109,nan,nan,1.0,1,nan,0,nan,nan,nan
1,0,init,False,3,0.7822524636658202,0.4416449657308505,0.44164496573085077,0.5516281588328207,31.65460114810914,4,1.5401210518536577,63,nan,nan,1.0,1,nan,0,nan,nan,nan
1,0,init,False,4,0.34434947603663596,0.2629529020266202,0.2629529020266202,0.26148535687877,110.76965662245044,4,1.2506721675324675,171,nan,nan,1.0,1,nan,0,nan,nan,nan
1,0,init,False,5,1.4417495312968414,0.11580421223612451,0.11580421223612355,0.8189884660021316,58.85843969092172,4,1.443776098345645,109,nan,nan,1.0,1,nan,0,nan,nan,nan
1,0,init,False,6,1.00972397712654,0.1736399606520158,0.17363996065201645,0.5395588078365875,53.26794803322947,4,1.4548996150584552,93,nan,nan,1.0,1,nan,0,nan,nan,nan
1,0,init,False,7,1.2185947329704703,0.2419534762137114,0.24195347621371185,0.8414793850028799,59.776321990038106,4,1.5824914426247365,102,nan,nan,1.0,1,nan,0,nan,nan,nan
1,0,init,False,8,1.0529759994370083,0.22055200303460834,0.22055200303460834,0.6576183775429378,90.63043919268989,4,1.2089503562504371,135,nan,nan,1.0,1,nan,0,nan,nan,nan
1,0,init,False,9,0.29021406196150945,0.9670807746197337,0.9670807746197337,0.1982428341906109,86.10041172850613,4,1.3027633038404485,140,nan,nan,1.0,1,nan,0,nan,nan,nan
1,0,init,False,10,1.385073693952201,0.1321596210350355,0.13215962103503467,0.789350777110115,71.91980943756451,4,1.3079830281169158,120,nan,nan,1.0,1,nan,0,nan,nan,nan
1,0,init,False,11,1.039287979344075,0.23118558247061338,0.23118558247061435,0.5870922888283767,44.593612143074274,4,1.4179461310870287,80,nan,nan,1.0,1,nan,0,nan,nan,nan
1,0,init,False,12,1.093621695593289,0.13041988552657283,0.13041988552657197,0.7660395917318017,83.87676452846466,4,1.2362845540544831,127,nan,nan,1.0,1,nan,0,nan,nan,nan
1,0,init,False,13,0.9736580260817508,0.3084883333299315,0.3084883333299315,0.5869158572797941,60.767410951634155,4,1.3012547771511178,99,nan,nan,1.0,1,nan,0,nan,nan,nan
1,0,init,False,14,1.313802687997899,0.1646470576684292,0.1646470576684292,0.8547961781115798,76.4711253420775,4,1.2740067003456363,123,nan,nan,1.0,1,nan,0,nan,nan,nan
1,0,init,False,15,2.345362840709062,0.18844460267552837,0.18844460267552837,1.3936670035970806,15.315387151269974,4,1.6743011216639352,34,nan,nan,1.0,1,nan,0,nan,nan,nan
1,0,init,False,16,0.720181991764751,0.07242064530018362,0.0724206453001821,0.48166211738700226,73.38432044625401,4,1.3478844172948343,114,nan,nan,1.0,1,nan,0,nan,nan,nan
1,0,init,False,17,1.2805013366604237,0.24353558287222252,0.24353558287222207,0.7707768203473779,39.55629964356406,4,1.4893567238615686,75,nan,nan,1.0,1,nan,0,nan,nan,nan
1,0,init,False,18,0.8160002170453344,0.1885685474603186,0.1885685474603186,0.5495810023567146,80.73122378063826,4,1.2727468403386215,129,nan,nan,1.0,1,nan,0,nan,nan,nan
1,0,init,False,19,1.3316689125660606,0.12630496662992177,0.12630496662992002,0.9147970231724395,15.966969068378386,4,1.6890374174626903,37,nan,nan,1.0,1,nan,0,nan,nan,nan
1,0,init,False,20,1.542113069582152,0.08537846206211722,0.08537846206211981,0.9928620230514716,50.35094875946201,4,1.2156112198778257,85,nan,nan,1.0,1,nan,0,nan,nan,nan
1,0,init,False,21,2.0051335288065353,0.0741215130623265,0.0741215130623265,1.330418673404337,35.97508400818381,4,1.362173227191439,63,nan,nan,1.0,1,nan,0,nan,nan,nan
1,0,init,False,22,2.5644615416402696,0.14977112997604028,0.1497711299760425,1.5824513265501605,17.124575495420004,4,1.6590726355233671,30,nan,nan,1.0,1,nan,0,nan,nan,nan
1,0,init,False,23,1.107052378092518,0.19492534343252446,0.19492534343252502,0.6743392677323732,87.14941156343991,4,1.3010299865835984,137,nan,nan,1.0,1,nan,0,nan,nan,nan
1,1,step,False,0,1.5749285892107503,0.0807675959227254,0.05266626956231886,1.0456497293241727,58.1255192699806,4,1.3359299744479276,100,20.59852130321884,28.479483566494398,1.0,1,0.5020596405858208,0,1.6558287014937831,1.0,4.3803343441718657e-16
1,1,step,False,1,1.2597795664531544,0.07800716758370721,0.006743372039069341,0.8630006868235384,73.4203802244768,4,1.3014780187753279,119,28.40386179477597,38.63465136606058,1.0,1,0.48442697718769123,0,1.6558287014937831,1.0,4.3803343441718657e-16
1,1,step,False,2,1.321130606706036,0.0950323860425926,0.11543906753709644,0.8806445562429156,64.21333978017283,4,1.3680608408512542,109,17.855639041357886,25.868303825078737,1.0,1,0.3160925418304238,0,1.6558287014937831,1.0,4.3803343441718657e-16
1,1,step,False,3,0.7822524636658202,0.3795433570065233,0.44164496573085077,0.5516281588328207,31.65460114810914,4,1.5401210518536577,63,8.489344067855889,12.618002529473353,1.0,1,0.4443511537610807,0,1.6558287014937831,1.0,4.3803343441718657e-16
1,1,step,False,4,0.34434947603663596,0.3309169639548129,0.2629529020266202,0.26148535687877,110.76965662245044,4,1.2506721675324675,171,43.47201625408509,59.248157521185114,1.0,1,0.45877590344485986,0,1.6558287014937831,1.0,4.3803343441718657e-16
1,1,step,False,5,1.4417495312968414,0.15689548232124073,0.11580421223612355,0.8189884660021316,58.85843969092172,4,1.443776098345645,109,19.740985148939526,26.420632451306382,1.0,1,0.4610931901863851,0,1.6558287014937831,1.0,4.3803343441718657e-16
1,1,step,False,6,1.00972397712654,0.14659245942480864,0.17363996065201645,0.5395588078365875,53.26794803322947,4,1.4548996150584552,93,13.887473030153876,19.684940243892243,1.0,1,0.36355074935899506,0,1.6558287014937831,1.0,4.3803343441718657e-16
1,1,step,False,7,1.2185947329704703,0.11451087356281987,0.24195347621371185,0.8414793850028799,59.776321990038106,4,1.5824914426247365,102,18.89287660936788,29.191093076605014,1.0,1,0.3822559223113776,0,1.6558287014937831,1.0,4.3803343441718657e-16
1,1,step,False,8,1.0529759994370083,0.08139047066351844,0.22055200303460834,0.6576183775429378,90.63043919268989,4,1.2089503562504371,135,32.77956836697321,48.72410113322512,1.0,1,0.5039370296099632,0,1.6558287014937831,1.0,4.3803343441718657e-16
1,1,step,False,9,0.29021406196150945,0.8266838811914623,0.9670807746197337,0.1982428341906109,86.10041172850613,4,1.3027633038404485,140,27.769282057771342,40.20620643288194,1.0,1,0.4254097145405581,0,1.6558287014937831,1.0,4.3803343441718657e-16
1,1,step,False,10,1.385073693952201,0.0959522818298216,0.13215962103503467,0.789350777110115,71.91980943756451,4,1.3079830281169158,120,20.951430197476885,31.43172029939866,1.0,1,0.3370550659669567,0,1.6558287014937831,1.0,4.3803343441718657e-16
1,1,step,False,11,1.039287979344075,0.12283032424337098,0.23118558247061435,0.5870922888283767,44.593612143074274,4,1.4179461310870287,80,13.294875268863809,18.783504810958583,1.0,1,0.35950653206492755,0,1.6558287014937831,1.0,4.3803343441718657e-16
1,1,step,False,12,1.093621695593289,0.08400858595005344,0.13041988552657197,0.7660395917318017,83.87676452846466,4,1.2362845540544831,127,27.190900311888967,38.4470171310464,1.0,1,0.37872821638749943,0,1.6558287014937831,1.0,4.3803343441718657e-16
1,1,step,False,13,0.9736580260817508,0.13838363614833973,0.3084883333299315,0.5869158572797941,60.767410951634155,4,1.3012547771511178,99,21.54043517163722,30.648319502897117,1.0,1,0.6293830472957288,0,1.6558287014937831,1.0,4.3803343441718657e-16
1,1,step,False,14,1.313802687997899,0.1366923458448477,0.1646470576684292,0.8547961781115798,76.4711253420775,4,1.2740067003456363,123,23.89193754753978,34.23326527540986,1.0,1,0.36811438826106385,0,1.6558287014937831,1.0,4.3803343441718657e-16
1,1,step,False,15,2.345362840709062,0.23576841937984727,0.18844460267552837,1.3936670035970806,15.315387151269974,4,1.6743011216639352,34,4.427949622695897,5.644182069735404,1.0,1,0.36146789994076406,0,1.6558287014937831,1.0,4.3803343441718657e-16
1,1,step,False,16,0.720181991764751,0.14741283031819521,0.0724206453001821,0.48166211738700226,73.38432044625401,4,1.3478844172948343,114,23.475585983024153,33.17452902246887,1.0,1,0.5647249551702231,0,1.6558287014937831,1.0,4.3803343441718657e-16
1,1,step,False,17,1.2805013366604237,0.25848388423831975,0.24353558287222207,0.7707768203473779,39.55629964356406,4,1.4893567238615686,75,10.523665166772878,14.662491689527567,1.0,1,0.3840026430688983,0,1.6558287014937831,1.0,4.3803343441718657e-16
1,1,step,False,18,0.8160002170453344,0.11967380373073776,0.1885685474603186,0.5495810023567146,80.73122378063826,4,1.2727468403386215,129,32.66170119490752,44.752394551646056,1.0,1,0.2952067537950386,0,1.6558287014937831,1.0,4.3803343441718657e-16
1,1,step,False,19,1.3316689125660606,0.18925349076791975,0.12630496662992002,0.9147970231724395,15.966969068378386,4,1.6890374174626903,37,4.3985871138572925,6.061376886082964,1.0,1,0.5410334693715771,0,1.6558287014937831,1.0,4.3803343441718657e-16
1,1,step,False,20,1.542113069582152,0.0768690931315473,0.08537846206211981,0.9928620230514716,50.35094875946201,4,1.2156112198778257,85,20.03590346947051,26.433112217440037,1.0,1,0.4237614523074155,0,1.6558287014937831,1.0,4.3803343441718657e-16
1,1,step,False,21,2.0051335288065353,0.11258682824120333,0.0741215130623265,1.330418673404337,35.97508400818381,4,1.362173227191439,63,9.382836345731043,13.858680499475671,1.0,1,0.46546266870436775,0,1.6558287014937831,1.0,4.3803343441718657e-16
1,1,step,False,22,2.5644615416402696,0.05569540331671866,0.1497711299760425,1.5824513265501605,17.124575495420004,4,1.6590726355233671,30,5.308346200309086,7.6139791156360435,1.0,1,0.342127075200852,0,1.6558287014937831,1.0,4.3803343441718657e-16
1,1,step,False,23,1.107052378092518,0.2244154792074281,0.19492534343252502,0.6743392677323732,87.14941156343991,4,1.3010299865835984,137,31.026278731325654,43.39158199341926,1.0,1,0.3582884009740833,0,1.6558287014937831,1.0,4.3803343441718657e-16
1,2,step,False,0,1.5749285892107503,0.12498341189418603,0.05266626956231886,1.0456497293241727,58.1255192699806,4,1.3359299744479276,100,20.159199891374143,27.582931760461452,1.0,1,0.31626727104218477,0,1.1708477033095694,0.6037781685590744,1.8557451084131313e-13
1,2,step,False,1,1.2597795664531544,0.11876094225975468,0.006743372039069341,0.8630006868235384,73.4203802244768,4,1.3014780187753279,119,29.353184149438817,39.178636802227565,1.0,1,0.23246040991086828,0,1.1708477033095694,0.6037781685590744,1.8557451084131313e-13
1,2,step,False,2,1.321130606706036,0.20017658870552482,0.11543906753709644,0.8806445562429156,64.21333978017283,4,1.3680608408512542,109,18.179322278810737,27.84298860703574,1.0,1,0.36577723777603843,0,1.1708477033095694,0.6037781685590744,1.8557451084131313e-13
1,2,step,False,3,0.7822524636658202,0.39681888468103776,0.44164496573085077,0.5516281588328207,31.65460114810914,4,1.5401210518536577,63,9.17160745966609,14.029251833504887,1.0,1,0.3462994340596585,0,1.1708477033095694,0.6037781685590744,1.8557451084131313e-13
1,2,step,False,4,0.34434947603663596,0.473033902171519,0.2629529020266202,0.26148535687877,110.76965662245044,4,1.2506721675324675,171,42.39361735027401,56.212294161106996,1.0,1,0.3636547166409838,0,1.1708477033095694,0.6037781685590744,1.8557451084131313e-13
1,2,step,False,5,1.4417495312968414,0.2405745760631272,0.11580421223612355,0.8189884660021316,58.85843969092172,4,1.443776098345645,109,19.252969209154575,26.31054896165313,1.0,1,0.34446376457897415,0,1.1708477033095694,0.6037781685590744,1.8557451084131313e-13
1,2,step,False,6,1.00972397712654,0.2218527732498355,0.17363996065201645,0.5395588078365875,53.26794803322947,4,1.4548996150584552,93,16.089740692656594,21.277765620104848,1.0,1,0.15960316483666864,0,1.1708477033095694,0.6037781685590744,1.8557451084131313e-13
1,2,step,False,7,1.2185947329704703,0.18241366008822987,0.24195347621371185,0.8414793850028799,59.776321990038106,4,1.5824914426247365,102,17.55144090743926,26.272399144467823,1.0,1,0.2912833415885263,0,1.1708477033095694,0.6037781685590744,1.8557451084131313e-13
1,2,step,False,8,1.0529759994370083,0.08494520591175511,0.22055200303460834,0.6576183775429378,90.63043919268989,4,1.2089503562504371,135,33.489213577923984,47.81817392638615,1.0,1,0.23119854526191289,0,1.1708477033095694,0.6037781685590744,1.8557451084131313e-13
1,2,step,False,9,0.29021406196150945,0.6556401344062724,0.9670807746197337,0.1982428341906109,86.10041172850613,4,1.3027633038404485,140,28.88692539482543,40.72601351838711,1.0,1,0.296114788371047,0,1.1708477033095694,0.6037781685590744,1.8557451084131313e-13
1,2,step,False,10,1.385073693952201,0.10827896569529975,0.13215962103503467,0.789350777110115,71.91980943756451,4,1.3079830281169158,120,21.434431156515,30.816097559721165,1.0,1,0.23249426717371166,0,1.1708477033095694,0.6037781685590744,1.8557451084131313e-13
1,2,step,False,11,1.039287979344075,0.07888378274590317,0.23118558247061435,0.5870922888283767,44.593612143074274,4,1.4179461310870287,80,13.177118586909259,18.791254481018996,1.0,1,0.16190325661295388,0,1.1708477033095694,0.6037781685590744,1.8557451084131313e-13
1,2,step,False,12,1.093621695593289,0.053226403673537544,0.13041988552657197,0.7660395917318017,83.87676452846466,4,1.2362845540544831,127,29.864561653479637,40.37458892097374,1.0,1,0.14529428583189188,0,1.1708477033095694,0.6037781685590744,1.8557451084131313e-13
1,2,step,False,13,0.9736580260817508,0.12319807060085416,0.3084883333299315,0.5869158572797941,60.767410951634155,4,1.3012547771511178,99,19.105943494743798,27.921195947536432,1.0,1,0.34659566786700363,0,1.1708477033095694,0.6037781685590744,1.8557451084131313e-13
1,2,step,False,14,1.313802687997899,0.1273502485320478,0.1646470576684292,0.8547961781115798,76.4711253420775,4,1.2740067003456363,123,24.71233054668055,35.64090283581095,1.0,1,0.20733410264461022,0,1.1708477033095694,0.6037781685590744,1.8557451084131313e-13
1,2,step,False,15,2.345362840709062,0.27527172045848397,0.18844460267552837,1.3936670035970806,15.315387151269974,4,1.6743011216639352,34,3.771958917549541,4.87990127198505,1.0,1,0.2620256356648118,0,1.1708477033095694,0.6037781685590744,1.8557451084131313e-13
1,2,step,False,16,0.720181991764751,0.12963919836041218,0.0724206453001821,0.48166211738700226,73.38432044625401,4,1.3478844172948343,114,26.510750574951818,37.92291085156445,1.0,1,0.31073220427299286,0,1.1708477033095694,0.6037781685590744,1.8557451084131313e-13
1,2,step,False,17,1.2805013366604237,0.28215456752195783,0.24353558287222207,0.7707768203473779,39.55629964356406,4,1.4893567238615686,75,10.075692822585287,14.519729919154216,1.0,1,0.41105375516043957,0,1.1708477033095694,0.6037781685590744,1.8557451084131313e-13
1,2,step,False,18,0.8160002170453344,0.10853822762315513,0.1885685474603186,0.5495810023567146,80.73122378063826,4,1.2727468403386215,129,31.705482412847882,41.26589797142766,1.0,1,0.2151844082691361,0,1.1708477033095694,0.6037781685590744,1.8557451084131313e-13
1,2,step,False,19,1.3316689125660606,0.18364801272466225,0.12630496662992002,0.9147970231724395,15.966969068378386,4,1.6890374174626903,37,4.165188243129285,5.965830424530731,1.0,1,0.25758010956201033,0,1.1708477033095694,0.6037781685590744,1.8557451084131313e-13
1,2,step,False,20,1.542113069582152,0.06553457110474536,0.08537846206211981,0.9928620230514716,50.35094875946201,4,1.2156112198778257,85,21.274688879652846,28.948943698555905,1.0,1,0.2549655811779437,0,1.1708477033095694,0.6037781685590744,1.8557451084131313e-13
1,2,step,False,21,2.0051335288065353,0.1405069244346705,0.0741215130623265,1.330418673404337,35.97508400818381,4,1.362173227191439,63,5.909423448748304,8.674194656659184,1.0,1,0.3222057768767606,0,1.1708477033095694,0.6037781685590744,1.8557451084131313e-13
1,2,step,False,22,2.5644615416402696,0.062274273409604244,0.1497711299760425,1.5824513265501605,17.124575495420004,4,1.6590726355233671,30,4.210426351622762,5.770049319670618,1.0,1,0.1498304642206314,0,1.1708477033095694,0.6037781685590744,1.8557451084131313e-13
1,2,step,False,23,1.107052378092518,0.179890240928998,0.19492534343252502,0.6743392677323732,87.14941156343991,4,1.3010299865835984,137,29.554804898328662,41.38259802210147,1.0,1,0.2999695742749187,0,1.1708477033095694,0.6037781685590744,1.8557451084131313e-13
1,3,step,False,0,1.5749285892107503,0.22179580439519467,0.05266626956231886,1.0456497293241727,58.1255192699806,4,1.3359299744479276,100,19.965936241971807,27.54260033236347,1.0,1,0.17421567345584654,0,0.8279143507468913,0.3591412901878357,4.771137130040354e-14
1,3,step,False,1,1.2597795664531544,0.2244406425469839,0.006743372039069341,0.8630006868235384,73.4203802244768,4,1.3014780187753279,119,30.243197340288933,40.22908170553952,1.0,1,0.1606343540077818,0,0.8279143507468913,0.3591412901878357,4.771137130040354e-14
1,3,step,False,2,1.321130606706036,0.20471295831819475,0.11543906753709644,0.8806445562429156,64.21333978017283,4,1.3680608408512542,109,19.14909988288734,27.923694951310697,1.0,1,0.1822919682810789,0,0.8279143507468913,0.3591412901878357,4.771137130040354e-14
1,3,step,False,3,0.7822524636658202,0.4306499291149681,0.44164496573085077,0.5516281588328207,31.65460114810914,4,1.5401210518536577,63,10.006258648253507,15.392198542403227,1.0,1,0.16296349328187293,0,0.8279143507468913,0.3591412901878357,4.771137130040354e-14
1,3,step,False,4,0.34434947603663596,0.5379535872643917,0.2629529020266202,0.26148535687877,110.76965662245044,4,1.2506721675324675,171,40.9774590852659,54.00019885418123,1.0,1,0.17555129223628427,0,0.8279143507468913,0.3591412901878357,4.771137130040354e-14
1,3,step,False,5,1.4417495312968414,0.23357003840142795,0.11580421223612355,0.8189884660021316,58.85843969092172,4,1.443776098345645,109,20.245241300808498,29.14746670313927,1.0,1,0.22456532510901286,0,0.8279143507468913,0.3591412901878357,4.771137130040354e-14
1,3,step,False,6,1.00972397712654,0.2082533470534893,0.17363996065201645,0.5395588078365875,53.26794803322947,4,1.4548996150584552,93,19.258828078538084,25.102588842975578,1.0,1,0.18553350381762662,0,0.8279143507468913,0.3591412901878357,4.771137130040354e-14
1,3,step,False,7,1.2185947329704703,0.20606994825063346,0.24195347621371185,0.8414793850028799,59.776321990038106,4,1.5824914426247365,102,17.509396195849845,25.18695633616389,1.0,1,0.1560454517634103,0,0.8279143507468913,0.3591412901878357,4.771137130040354e-14
1,3,step,False,8,1.0529759994370083,0.059348059743816864,0.22055200303460834,0.6576183775429378,90.63043919268989,4,1.2089503562504371,135,32.60697926472351,43.49203854411348,1.0,1,0.1332045007540119,0,0.8279143507468913,0.3591412901878357,4.771137130040354e-14
1,3,step,False,9,0.29021406196150945,0.5615024877290599,0.9670807746197337,0.1982428341906109,86.10041172850613,4,1.3027633038404485,140,29.217630617491118,39.747802702884286,1.0,1,0.22085144585291053,0,0.8279143507468913,0.3591412901878357,4.771137130040354e-14
1,3,step,False,10,1.385073693952201,0.09358222970221723,0.13215962103503467,0.789350777110115,71.91980943756451,4,1.3079830281169158,120,20.54509988700641,27.356147162072354,1.0,1,0.1124378197228979,0,0.8279143507468913,0.3591412901878357,4.771137130040354e-14
1,3,step,False,11,1.039287979344075,0.06827969285774806,0.23118558247061435,0.5870922888283767,44.593612143074274,4,1.4179461310870287,80,12.700183550926708,16.77737224572415,1.0,1,0.07457448333472302,0,0.8279143507468913,0.3591412901878357,4.771137130040354e-14
1,3,step,False,12,1.093621695593289,0.1354700044090451,0.13041988552657197,0.7660395917318017,83.87676452846466,4,1.2362845540544831,127,31.028233520945633,39.92941508030259,1.0,1,0.09651882703702448,0,0.8279143507468913,0.3591412901878357,4.771137130040354e-14
1,3,step,False,13,0.9736580260817508,0.11399514259300027,0.3084883333299315,0.5869158572797941,60.767410951634155,4,1.3012547771511178,99,16.20054727581339,22.845725623403393,1.0,1,0.18117993906647958,0,0.8279143507468913,0.3591412901878357,4.771137130040354e-14
1,3,step,False,14,1.313802687997899,0.12352421461176719,0.1646470576684292,0.8547961781115798,76.4711253420775,4,1.2740067003456363,123,23.9297043462735,31.759926174258815,1.0,1,0.1644977355931682,0,0.8279143507468913,0.3591412901878357,4.771137130040354e-14
1,3,step,False,15,2.345362840709062,0.2904535855496845,0.18844460267552837,1.3936670035970806,15.315387151269974,4,1.6743011216639352,34,3.1792799323357985,3.9514662150474305,1.0,1,0.1806830196362085,0,0.8279143507468913,0.3591412901878357,4.771137130040354e-14
1,3,step,False,16,0.720181991764751,0.08486455187058005,0.0724206453001821,0.48166211738700226,73.38432044625401,4,1.3478844172948343,114,26.271134212336744,36.0150449312916,1.0,1,0.16733873666369758,0,0.8279143507468913,0.3591412901878357,4.771137130040354e-14
1,3,step,False,17,1.2805013366604237,0.33647809515862903,0.24353558287222207,0.7707768203473779,39.55629964356406,4,1.4893567238615686,75,11.85887552428809,17.84818202099704,1.0,1,0.15593334883837714,0,0.8279143507468913,0.3591412901878357,4.771137130040354e-14
1,3,step,False,18,0.8160002170453344,0.14055647279108924,0.1885685474603186,0.5495810023567146,80.73122378063826,4,1.2727468403386215,129,32.83489593681512,41.58446255238379,1.0,1,0.1509838347008382,0,0.8279143507468913,0.3591412901878357,4.771137130040354e-14
1,3,step,False,19,1.3316689125660606,0.16031932043521782,0.12630496662992002,0.9147970231724395,15.966969068378386,4,1.6890374174626903,37,5.068863358523988,7.019748251282663,1.0,1,0.19463737259909988,0,0.8279143507468913,0.3591412901878357,4.771137130040354e-14
1,3,step,False,20,1.542113069582152,0.030840395621257767,0.08537846206211981,0.9928620230514716,50.35094875946201,4,1.2156112198778257,85,20.667974710763175,26.250221375878855,1.0,1,0.1116537123217219,0,0.8279143507468913,0.3591412901878357,4.771137130040354e-14
1,3,step,False,21,2.0051335288065353,0.16171883412824314,0.0741215130623265,1.330418673404337,35.97508400818381,4,1.362173227191439,63,4.474452926626137,5.90004005550909,1.0,1,0.13651039002240414,0,0.8279143507468913,0.3591412901878357,4.771137130040354e-14
1,3,step,False,22,2.5644615416402696,0.1521268992241557,0.1497711299760425,1.5824513265501605,17.124575495420004,4,1.6590726355233671,30,3.6178329570362573,4.909697930728458,1.0,1,0.10633265618767097,0,0.8279143507468913,0.3591412901878357,4.771137130040354e-14
1,3,step,False,23,1.107052378092518,0.17749361008479445,0.19492534343252502,0.6743392677323732,87.14941156343991,4,1.3010299865835984,137,28.442903722889763,38.60104598189085,1.0,1,0.17764742212349144,0,0.8279143507468913,0.3591412901878357,4.771137130040354e-14
2,0,init,False,0,1.0467706587360495,0.22851500244119868,0.22851500244119818,0.6810330044325779,59.04569452859888,4,1.389966061080823,96,nan,nan,1.0,1,nan,0,nan,nan,nan
2,0,init,False,1,1.0701418227387929,0.1242590027458333,0.12425900274583421,0.7956896675689481,51.64105542247972,4,1.2390161483685567,93,nan,nan,1.0,1,nan,0,nan,nan,nan
2,0,init,False,2,0.7932685761589658,0.2135662286359259,0.21356622863592536,0.5212532946898482,42.34374708505638,4,1.3021521159175078,77,nan,nan,1.0,1,nan,0,nan,nan,nan
2,0,init,False,3,0.3205409858769687,0.4651924320744398,0.4651924320744398,0.2196051088941605,84.00726786199591,4,1.300901783066737,130,nan,nan,1.0,1,nan,0,nan,nan,nan
2,0,init,False,4,1.2844467353127504,0.3230750650443471,0.3230750650443471,1.0882036414207648,7.469383352135623,4,1.6761644872707415,14,nan,nan,1.0,1,nan,0,nan,nan,nan
2,0,init,False,5,2.0802561912918844,0.10292378375608005,0.10292378375607898,1.2605784874453647,39.51145944543005,4,1.5192913821130405,72,nan,nan,1.0,1,nan,0,nan,nan,nan
2,0,init,False,6,1.2190457946602995,0.15879930250395094,0.15879930250394814,0.8107072579918712,72.9073654873682,4,1.2255340651471252,122,nan,nan,1.0,1,nan,0,nan,nan,nan
2,0,init,False,7,1.5215077396539407,0.13509832988052678,0.13509832988052758,1.0433858820927175,65.90824151687282,4,1.2594893218466454,114,nan,nan,1.0,1,nan,0,nan,nan,nan
2,0,init,False,8,1.0115079638172977,0.19362840248183816,0.1936284024818393,0.5657300662748956,75.22126136979051,4,1.3281580911852546,123,nan,nan,1.0,1,nan,0,nan,nan,nan
2,0,init,False,9,0.3423530440072947,0.6418871329045058,0.6418871329045058,0.28585976233832544,35.18788834101062,4,1.3549033565079938,63,nan,nan,1.0,1,nan,0,nan,nan,nan
2,0,init,False,10,0.3204744605844023,0.4811119610242212,0.481111961024221,0.23494589287688908,87.16048825978412,4,1.2738906059503479,139,nan,nan,1.0,1,nan,0,nan,nan,nan
2,0,init,False,11,1.348557138294263,0.19315930164702746,0.1931593016470286,0.9865866211262098,54.85926235489409,4,1.2922969011704626,92,nan,nan,1.0,1,nan,0,nan,nan,nan
2,0,init,False,12,1.95878432879614,0.09208050280730688,0.09208050280730327,1.1303472927735145,40.08902068095337,4,1.384946821223811,76,nan,nan,1.0,1,nan,0,nan,nan,nan
2,0,init,False,13,2.3633895001822,0.09091541469964279,0.09091541469964279,1.4744123258001987,26.59264496145776,4,1.352033392404459,52,nan,nan,1.0,1,nan,0,nan,nan,nan
2,0,init,False,14,1.7825206800460858,0.05249625041188088,0.052496250411876645,1.0193644068760228,46.172091068059316,4,1.3466985252160468,82,nan,nan,1.0,1,nan,0,nan,nan,nan
2,0,init,False,15,1.1478094221068595,0.21946160362443368,0.21946160362443318,0.877361554877913,28.877027391427546,4,1.59673346097239,55,nan,nan,1.0,1,nan,0,nan,nan,nan
2,0,init,False,16,0.7518156372889109,0.38422802762941227,0.3842280276294127,0.420181870454791,106.71190044916905,4,1.1266294635540246,165,nan,nan,1.0,1,nan,0,nan,nan,nan
2,0,init,False,17,1.4618158494836173,0.030111383298292382,0.03011138329827395,1.0922074339596302,35.0073398635863,4,1.3254211573746157,63,nan,nan,1.0,1,nan,0,nan,nan,nan
2,0,init,False,18,1.7987267463663223,0.13713806758589336,0.13713806758589497,0.980701922242823,44.12035323503808,4,1.4784202331339371,84,nan,nan,1.0,1,nan,0,nan,nan,nan
2,0,init,False,19,1.6219259550985072,0.2256926250044479,0.2256926250044474,0.8805342626268562,74.42484287557377,4,1.3377405722563598,113,nan,nan,1.0,1,nan,0,nan,nan,nan
2,0,init,False,20,0.4967517232200428,0.37977740378019104,0.37977740378019104,0.42772438218880854,75.84888072224115,4,1.410734447486806,127,nan,nan,1.0,1,nan,0,nan,nan,nan
2,0,init,False,21,0.2801579968649878,0.5207737417640396,0.52077374176404,0.13843247089108443,106.18932736682225,4,1.31924396631905,161,nan,nan,1.0,1,nan,0,nan,nan,nan
2,0,init,False,22,0.4284902509478303,0.2271678615530471,0.22716786155304758,0.31533300723622376,88.86975276936352,4,1.2797301308079836,138,nan,nan,1.0,1,nan,0,nan,nan,nan
2,0,init,False,23,0.8766018881723402,0.13409260778038312,0.13409260778038312,0.44367666827444185,91.8337035908913,4,1.2317549105593442,153,nan,nan,1.0,1,nan,0,nan,nan,nan
2,1,step,False,0,1.0467706587360495,0.09053494453448521,0.22851500244119818,0.6810330044325779,59.04569452859888,4,1.389966061080823,96,19.776593842374545,29.496742830431185,1.0,1,0.4833194567260337,0,1.6949287368540935,1.0,8.87180638377843e-16
2,1,step,False,1,1.0701418227387929,0.18886748391474004,0.12425900274583421,0.7956896675689481,51.64105542247972,4,1.2390161483685567,93,16.77943175354453,22.524447990007843,1.0,1,0.37146711996252335,0,1.6949287368540935,1.0,8.87180638377843e-16
2,1,step,False,2,0.7932685761589658,0.14810943507931587,0.21356622863592536,0.5212532946898482,42.34374708505638,4,1.3021521159175078,77,16.354900382347658,22.399713348815585,1.0,1,0.45706129212190444,0,1.6949287368540935,1.0,8.87180638377843e-16
2,1,step,False,3,0.3205409858769687,0.28433191830086474,0.4651924320744398,0.2196051088941605,84.00726786199591,4,1.300901783066737,130,29.176252212002822,42.60630639616182,1.0,1,0.6293117096614549,0,1.6949287368540935,1.0,8.87180638377843e-16
2,1,step,False,4,1.2844467353127504,0.33295110016408375,0.3230750650443471,1.0882036414207648,7.469383352135623,4,1.6761644872707415,14,2.6677890471491295,3.957090577021544,1.0,1,0.575840647492441,0,1.6949287368540935,1.0,8.87180638377843e-16
2,1,step,False,5,2.0802561912918844,0.023885461631551134,0.10292378375607898,1.2605784874453647,39.51145944543005,4,1.5192913821130405,72,11.240977815410172,14.022946368431896,1.0,1,0.3127270603508251,0,1.6949287368540935,1.0,8.87180638377843e-16
2,1,step,False,6,1.2190457946602995,0.18097368742222505,0.15879930250394814,0.8107072579918712,72.9073654873682,4,1.2255340651471252,122,22.65144161303686,30.46859474134583,1.0,1,0.26959883666153844,0,1.6949287368540935,1.0,8.87180638377843e-16
2,1,step,False,7,1.5215077396539407,0.17615516972314887,0.13509832988052758,1.0433858820927175,65.90824151687282,4,1.2594893218466454,114,22.219354176951285,32.446071434006505,1.0,1,0.31297334042431507,0,1.6949287368540935,1.0,8.87180638377843e-16
2,1,step,False,8,1.0115079638172977,0.22942423489291566,0.1936284024818393,0.5657300662748956,75.22126136979051,4,1.3281580911852546,123,27.91704293999407,36.44179125757889,1.0,1,0.45507288172767785,0,1.6949287368540935,1.0,8.87180638377843e-16
2,1,step,False,9,0.3423530440072947,0.5791115629902702,0.6418871329045058,0.28585976233832544,35.18788834101062,4,1.3549033565079938,63,8.86183472093312,12.404979820776017,1.0,1,0.6065048522716171,0,1.6949287368540935,1.0,8.87180638377843e-16
2,1,step,False,10,0.3204744605844023,0.4338365800454471,0.481111961024221,0.23494589287688908,87.16048825978412,4,1.2738906059503479,139,30.738004960022103,42.2178425158871,1.0,1,0.7514931128426562,0,1.6949287368540935,1.0,8.87180638377843e-16
2,1,step,False,11,1.348557138294263,0.1352761475696828,0.1931593016470286,0.9865866211262098,54.85926235489409,4,1.2922969011704626,92,17.05164612994586,24.629664273133443,1.0,1,0.7305454598260037,0,1.6949287368540935,1.0,8.87180638377843e-16
2,1,step,False,12,1.95878432879614,0.060730884734258375,0.09208050280730327,1.1303472927735145,40.08902068095337,4,1.384946821223811,76,13.735461525275536,18.818722520805604,1.0,1,0.39254899767550094,0,1.6949287368540935,1.0,8.87180638377843e-16
2,1,step,False,13,2.3633895001822,0.1009812560812635,0.09091541469964279,1.4744123258001987,26.59264496145776,4,1.352033392404459,52,7.475902496093372,10.466105937265866,1.0,1,0.37797296151323295,0,1.6949287368540935,1.0,8.87180638377843e-16
2,1,step,False,14,1.7825206800460858,0.029012327046213753,0.052496250411876645,1.0193644068760228,46.172091068059316,4,1.3466985252160468,82,16.11904513790899,21.546685416902598,1.0,1,0.2967990810085998,0,1.6949287368540935,1.0,8.87180638377843e-16
2,1,step,False,15,1.1478094221068595,0.1999347737110873,0.21946160362443318,0.877361554877913,28.877027391427546,4,1.59673346097239,55,7.160966979626291,10.77413941529456,1.0,1,0.2501179318711198,0,1.6949287368540935,1.0,8.87180638377843e-16
2,1,step,False,16,0.7518156372889109,0.08485795208433701,0.3842280276294127,0.420181870454791,106.71190044916905,4,1.1266294635540246,165,36.22535879486841,49.556704841941325,1.0,1,0.5528085516876905,0,1.6949287368540935,1.0,8.87180638377843e-16
2,1,step,False,17,1.4618158494836173,0.05207680408435154,0.03011138329827395,1.0922074339596302,35.0073398635863,4,1.3254211573746157,63,9.853171079702859,13.593338418183833,1.0,1,0.34268722613238944,0,1.6949287368540935,1.0,8.87180638377843e-16
2,1,step,False,18,1.7987267463663223,0.24097349318104055,0.13713806758589497,0.980701922242823,44.12035323503808,4,1.4784202331339371,84,12.690661207299115,17.41004192114241,1.0,1,0.24049747581054487,0,1.6949287368540935,1.0,8.87180638377843e-16
2,1,step,False,19,1.6219259550985072,0.06119227474849728,0.2256926250044474,0.8805342626268562,74.42484287557377,4,1.3377405722563598,113,30.601027591767718,41.380871693530764,1.0,1,0.4105257767137051,0,1.6949287368540935,1.0,8.87180638377843e-16
2,1,step,False,20,0.4967517232200428,0.30814005202656813,0.37977740378019104,0.42772438218880854,75.84888072224115,4,1.410734447486806,127,18.816311055389633,29.60165141043377,1.0,1,0.4201037935368463,0,1.6949287368540935,1.0,8.87180638377843e-16
2,1,step,False,21,0.2801579968649878,0.35592399776871747,0.52077374176404,0.13843247089108443,106.18932736682225,4,1.31924396631905,161,37.635997295129684,52.91425200546409,1.0,1,0.44023888802731503,0,1.6949287368540935,1.0,8.87180638377843e-16
2,1,step,False,22,0.4284902509478303,0.19855273565869938,0.22716786155304758,0.31533300723622376,88.86975276936352,4,1.2797301308079836,138,33.205969876835965,46.86479078669111,1.0,1,0.356414225077041,0,1.6949287368540935,1.0,8.87180638377843e-16
2,1,step,False,23,0.8766018881723402,0.09511891334039473,0.13409260778038312,0.44367666827444185,91.8337035908913,4,1.2317549105593442,153,31.044857366390332,42.51745364896881,1.0,1,0.43494437257442586,0,1.6949287368540935,1.0,8.87180638377843e-16
2,2,step,False,0,1.0467706587360495,0.1004827746946951,0.22851500244119818,0.6810330044325779,59.04569452859888,4,1.389966061080823,96,20.645735883989197,31.63745895163674,1.0,1,0.44768292072684623,0,1.1984956034574787,0.6096323877573013,6.238506801289699e-15
2,2,step,False,1,1.0701418227387929,0.20355700330279777,0.12425900274583421,0.7956896675689481,51.64105542247972,4,1.2390161483685567,93,15.697982594305008,20.115152504900227,1.0,1,0.16305345569821497,0,1.1984956034574787,0.6096323877573013,6.238506801289699e-15
2,2,step,False,2,0.7932685761589658,0.10028684271912926,0.21356622863592536,0.5212532946898482,42.34374708505638,4,1.3021521159175078,77,17.480360319096,23.794425033884504,1.0,1,0.1888733390276795,0,1.1984956034574787,0.6096323877573013,6.238506801289699e-15
2,2,step,False,3,0.3205409858769687,0.3666084750846783,0.4651924320744398,0.2196051088941605,84.00726786199591,4,1.300901783066737,130,30.91070063293517,43.63577448222074,1.0,1,0.1984585870433985,0,1.1984956034574787,0.6096323877573013,6.238506801289699e-15
2,2,step,False,4,1.2844467353127504,0.30797824472865815,0.3230750650443471,1.0882036414207648,7.469383352135623,4,1.6761644872707415,14,2.921131084918522,4.366932719096706,1.0,1,0.23544492348162566,0,1.1984956034574787,0.6096323877573013,6.238506801289699e-15
2,2,step,False,5,2.0802561912918844,0.06195092025960333,0.10292378375607898,1.2605784874453647,39.51145944543005,4,1.5192913821130405,72,9.869159892987403,11.760055753426236,1.0,1,0.14271473956434985,0,1.1984956034574787,0.6096323877573013,6.238506801289699e-15
2,2,step,False,6,1.2190457946602995,0.20602279633425727,0.15879930250394814,0.8107072579918712,72.9073654873682,4,1.2255340651471252,122,22.55048660835395,31.629485538427296,1.0,1,0.2223318299244519,0,1.1984956034574787,0.6096323877573013,6.238506801289699e-15
2,2,step,False,7,1.5215077396539407,0.19268494091619914,0.13509832988052758,1.0433858820927175,65.90824151687282,4,1.2594893218466454,114,18.581680083421496,25.541653855715232,1.0,1,0.20534849719326187,0,1.1984956034574787,0.6096323877573013,6.238506801289699e-15
2,2,step,False,8,1.0115079638172977,0.2584405436951758,0.1936284024818393,0.5657300662748956,75.22126136979051,4,1.3281580911852546,123,29.952115667364286,38.75101572513096,1.0,1,0.26257518964947296,0,1.1984956034574787,0.6096323877573013,6.238506801289699e-15
2,2,step,False,9,0.3423530440072947,0.4146244625066392,0.6418871329045058,0.28585976233832544,35.18788834101062,4,1.3549033565079938,63,9.390002541862328,13.86811292773545,1.0,1,0.40417365278327916,0,1.1984956034574787,0.6096323877573013,6.238506801289699e-15
2,2,step,False,10,0.3204744605844023,0.2751378038047247,0.481111961024221,0.23494589287688908,87.16048825978412,4,1.2738906059503479,139,31.690533075917784,45.22065112524673,1.0,1,0.29508244339725737,0,1.1984956034574787,0.6096323877573013,6.238506801289699e-15
2,2,step,False,11,1.348557138294263,0.181960627946918,0.1931593016470286,0.9865866211262098,54.85926235489409,4,1.2922969011704626,92,15.315950435044567,23.71586436221101,1.0,1,0.4059624730675419,0,1.1984956034574787,0.6096323877573013,6.238506801289699e-15
2,2,step,False,12,1.95878432879614,0.07836650288816238,0.09208050280730327,1.1303472927735145,40.08902068095337,4,1.384946821223811,76,11.041374591955096,14.576692338078534,1.0,1,0.2391338274437306,0,1.1984956034574787,0.6096323877573013,6.238506801289699e-15
2,2,step,False,13,2.3633895001822,0.10630838697744151,0.09091541469964279,1.4744123258001987,26.59264496145776,4,1.352033392404459,52,6.260050904093283,7.717810235744232,1.0,1,0.28093158218422276,0,1.1984956034574787,0.6096323877573013,6.238506801289699e-15
2,2,step,False,14,1.7825206800460858,0.09974956210388383,0.052496250411876645,1.0193644068760228,46.172091068059316,4,1.3466985252160468,82,14.187437282725627,17.822009713494662,1.0,1,0.1955766028264592,0,1.1984956034574787,0.6096323877573013,6.238506801289699e-15
2,2,step,False,15,1.1478094221068595,0.398570312130132,0.21946160362443318,0.877361554877913,28.877027391427546,4,1.59673346097239,55,6.881410169066657,11.256491357242979,1.0,1,0.19698096704008392,0,1.1984956034574787,0.6096323877573013,6.238506801289699e-15
2,2,step,False,16,0.7518156372889109,0.08874095040445756,0.3842280276294127,0.420181870454791,106.71190044916905,4,1.1266294635540246,165,38.79307941617047,52.99826839131958,1.0,1,0.3266386481408562,0,1.1984956034574787,0.6096323877573013,6.238506801289699e-15
2,2,step,False,17,1.4618158494836173,0.07832159190881992,0.03011138329827395,1.0922074339596302,35.0073398635863,4,1.3254211573746157,63,10.882164335907975,14.892549427808177,1.0,1,0.20233048776735535,0,1.1984956034574787,0.6096323877573013,6.238506801289699e-15
2,2,step,False,18,1.7987267463663223,0.20317889778485823,0.13713806758589497,0.980701922242823,44.12035323503808,4,1.4784202331339371,84,12.56727123466866,17.051537967034204,1.0,1,0.15348452144714309,0,1.1984956034574787,0.6096323877573013,6.238506801289699e-15
2,2,step,False,19,1.6219259550985072,0.08485323984774772,0.2256926250044474,0.8805342626268562,74.42484287557377,4,1.3377405722563598,113,28.793626664898827,37.697801042311085,1.0,1,0.31343196696268105,0,1.1984956034574787,0.6096323877573013,6.238506801289699e-15
2,2,step,False,20,0.4967517232200428,0.29702449703210004,0.37977740378019104,0.42772438218880854,75.84888072224115,4,1.410734447486806,127,21.910244776048636,35.6287685417724,1.0,1,0.3584772328806247,0,1.1984956034574787,0.6096323877573013,6.238506801289699e-15
2,2,step,False,21,0.2801579968649878,0.1748242639969515,0.52077374176404,0.13843247089108443,106.18932736682225,4,1.31924396631905,161,36.66225509688368,49.62967301429912,1.0,1,0.31197433984537887,0,1.1984956034574787,0.6096323877573013,6.238506801289699e-15
2,2,step,False,22,0.4284902509478303,0.14445753427853641,0.22716786155304758,0.31533300723622376,88.86975276936352,4,1.2797301308079836,138,35.52609841722767,50.03996748002164,1.0,1,0.3695695333766979,0,1.1984956034574787,0.6096323877573013,6.238506801289699e-15
2,2,step,False,23,0.8766018881723402,0.10373341439194175,0.13409260778038312,0.44367666827444185,91.8337035908913,4,1.2317549105593442,153,31.489148781418894,41.88362492726129,1.0,1,0.2314275444779107,0,1.1984956034574787,0.6096323877573013,6.238506801289699e-15
2,3,step,False,0,1.0467706587360495,0.2195196726044275,0.22851500244119818,0.6810330044325779,59.04569452859888,4,1.389966061080823,96,18.399071438850047,25.77002993221084,1.0,1,0.22866409662330203,0,0.8474643684270466,0.3691577613353729,4.077179780156308e-14
2,3,step,False,1,1.0701418227387929,0.0819520952081346,0.12425900274583421,0.7956896675689481,51.64105542247972,4,1.2390161483685567,93,16.47309500373461,22.362576450201185,1.0,1,0.1859039664673076,0,0.8474643684270466,0.3691577613353729,4.077179780156308e-14
2,3,step,False,2,0.7932685761589658,0.04439246300616609,0.21356622863592536,0.5212532946898482,42.34374708505638,4,1.3021521159175078,77,18.258118071749923,23.947271652266572,1.0,1,0.12772098884556202,0,0.8474643684270466,0.3691577613353729,4.077179780156308e-14
2,3,step,False,3,0.3205409858769687,0.38940873802721665,0.4651924320744398,0.2196051088941605,84.00726786199591,4,1.300901783066737,130,32.94889682782417,45.010256264132686,1.0,1,0.11443739758616239,0,0.8474643684270466,0.3691577613353729,4.077179780156308e-14
2,3,step,False,4,1.2844467353127504,0.27956502030637237,0.3230750650443471,1.0882036414207648,7.469383352135623,4,1.6761644872707415,14,2.714280644554042,3.5944168257326883,1.0,1,0.11333866692905037,0,0.8474643684270466,0.3691577613353729,4.077179780156308e-14
2,3,step,False,5,2.0802561912918844,0.09258785121266826,0.10292378375607898,1.2605784874453647,39.51145944543005,4,1.5192913821130405,72,9.944969835413772,12.688328691491744,1.0,1,0.1549945586398528,0,0.8474643684270466,0.3691577613353729,4.077179780156308e-14
2,3,step,False,6,1.2190457946602995,0.1809877919531018,0.15879930250394814,0.8107072579918712,72.9073654873682,4,1.2255340651471252,122,20.938778724824072,28.689118934622606,1.0,1,0.2338484965681141,0,0.8474643684270466,0.3691577613353729,4.077179780156308e-14
2,3,step,False,7,1.5215077396539407,0.22365200200356397,0.13509832988052758,1.0433858820927175,65.90824151687282,4,1.2594893218466454,114,15.848981792231061,21.34426408753914,1.0,1,0.29132610845914025,0,0.8474643684270466,0.3691577613353729,4.077179780156308e-14
2,3,step,False,8,1.0115079638172977,0.2650751684300676,0.1936284024818393,0.5657300662748956,75.22126136979051,4,1.3281580911852546,123,32.43891650399704,41.18180775430486,1.0,1,0.10225574037162162,0,0.8474643684270466,0.3691577613353729,4.077179780156308e-14
2,3,step,False,9,0.3423530440072947,0.8369837167082497,0.6418871329045058,0.28585976233832544,35.18788834101062,4,1.3549033565079938,63,10.783036796275102,15.107802935810117,1.0,1,0.19557191759289633,0,0.8474643684270466,0.3691577613353729,4.077179780156308e-14
2,3,step,False,10,0.3204744605844023,0.2878828298069804,0.481111961024221,0.23494589287688908,87.16048825978412,4,1.2738906059503479,139,32.81813593966846,47.94411202915445,1.0,1,0.19420330498345892,0,0.8474643684270466,0.3691577613353729,4.077179780156308e-14
2,3,step,False,11,1.348557138294263,0.2363263124905448,0.1931593016470286,0.9865866211262098,54.85926235489409,4,1.2922969011704626,92,12.591575938238325,16.910584461623586,1.0,1,0.08832921944129571,0,0.8474643684270466,0.3691577613353729,4.077179780156308e-14
2,3,step,False,12,1.95878432879614,0.10483394896811783,0.09208050280730327,1.1303472927735145,40.08902068095337,4,1.384946821223811,76,8.685389674543348,10.16963673043283,1.0,1,0.14014825563831088,0,0.8474643684270466,0.3691577613353729,4.077179780156308e-14
2,3,step,False,13,2.3633895001822,0.09479694477974598,0.09091541469964279,1.4744123258001987,26.59264496145776,4,1.352033392404459,52,5.7708155308786235,7.0610153921414485,1.0,1,0.1780667503270513,0,0.8474643684270466,0.3691577613353729,4.077179780156308e-14
2,3,step,False,14,1.7825206800460858,0.1165650504555832,0.052496250411876645,1.0193644068760228,46.172091068059316,4,1.3466985252160468,82,12.881804004555052,15.541027700730213,1.0,1,0.12416473056420507,0,0.8474643684270466,0.3691577613353729,4.077179780156308e-14
2,3,step,False,15,1.1478094221068595,0.3656572050160908,0.21946160362443318,0.877361554877913,28.877027391427546,4,1.59673346097239,55,8.049803476029252,11.971185310672949,1.0,1,0.11334657888221505,0,0.8474643684270466,0.3691577613353729,4.077179780156308e-14
2,3,step,False,16,0.7518156372889109,0.06349794216399338,0.3842280276294127,0.420181870454791,106.71190044916905,4,1.1266294635540246,165,39.25915082841864,52.23238327999279,1.0,1,0.15378200252895463,0,0.8474643684270466,0.3691577613353729,4.077179780156308e-14
2,3,step,False,17,1.4618158494836173,0.03802171760965994,0.03011138329827395,1.0922074339596302,35.0073398635863,4,1.3254211573746157,63,12.848075276532382,17.822794391338334,1.0,1,0.1710516387454033,0,0.8474643684270466,0.3691577613353729,4.077179780156308e-14
2,3,step,False,18,1.7987267463663223,0.21627612366733076,0.13713806758589497,0.980701922242823,44.12035323503808,4,1.4784202331339371,84,13.817082936556151,17.950398629699617,1.0,1,0.10980376527218375,0,0.8474643684270466,0.3691577613353729,4.077179780156308e-14
2,3,step,False,19,1.6219259550985072,0.19647311644421417,0.2256926250044474,0.8805342626268562,74.42484287557377,4,1.3377405722563598,113,25.804982043526003,32.383322728656196,1.0,1,0.1739188315901282,0,0.8474643684270466,0.3691577613353729,4.077179780156308e-14
2,3,step,False,20,0.4967517232200428,0.3674213094731493,0.37977740378019104,0.42772438218880854,75.84888072224115,4,1.410734447486806,127,26.273888938604106,40.10967569633097,1.0,1,0.22570768521938242,0,0.8474643684270466,0.3691577613353729,4.077179780156308e-14
2,3,step,False,21,0.2801579968649878,0.13354167882035536,0.52077374176404,0.13843247089108443,106.18932736682225,4,1.31924396631905,161,35.58575094256617,47.73745380315634,1.0,1,0.12085000852051953,0,0.8474643684270466,0.3691577613353729,4.077179780156308e-14
2,3,step,False,22,0.4284902509478303,0.1759865436635242,0.22716786155304758,0.31533300723622376,88.86975276936352,4,1.2797301308079836,138,34.5019376129043,48.565437710971764,1.0,1,0.11164373110430865,0,0.8474643684270466,0.3691577613353729,4.077179780156308e-14
2,3,step,False,23,0.8766018881723402,0.17340034529844095,0.13409260778038312,0.44367666827444185,91.8337035908913,4,1.2317549105593442,153,32.36346261494424,41.591207444522304,1.0,1,0.18753080380639384,0,0.8474643684270466,0.3691577613353729,4.077179780156308e-14
3,0,init,False,0,2.012293809437055,0.0838008471334167,0.08380084713341804,1.5402516091339595,37.93057280478205,4,1.3455784074471395,70,nan,nan,1.0,1,nan,0,nan,nan,nan
3,0,init,False,1,0.7367854000076806,0.3033297504573356,0.3033297504573349,0.6440423118210855,57.99527211735812,4,1.3382596057270464,106,nan,nan,1.0,1,nan,0,nan,nan,nan
3,0,init,False,2,0.6609735095724033,0.3862369969522639,0.38623699695226416,0.7646360036319266,63.15955652333682,4,1.3465946908914779,109,nan,nan,1.0,1,nan,0,nan,nan,nan
3,0,init,False,3,1.5791575861932878,0.2435496721736036,0.24354967217360451,1.115232313634725,50.09814652505192,4,1.4943202051199926,94,nan,nan,1.0,1,nan,0,nan,nan,nan
3,0,init,False,4,1.2628620126326964,0.16950896581629626,0.16950896581629626,0.9902355710827684,82.79149624132033,4,1.204873137523886,136,nan,nan,1.0,1,nan,0,nan,nan,nan
3,0,init,False,5,2.203884775882906,0.10451028839151812,0.10451028839151918,1.6749614487151394,26.607861162891997,4,1.6151408514682852,50,nan,nan,1.0,1,nan,0,nan,nan,nan
3,0,init,False,6,1.3474154075443938,0.21320513794625756,0.21320513794625756,0.9864678493589868,22.494725083016796,4,1.6539183287774182,46,nan,nan,1.0,1,nan,0,nan,nan,nan
3,0,init,False,7,0.637017188984615,0.3707487381791445,0.3707487381791445,0.6031598226075812,88.99898775563832,4,1.2111449125455207,139,nan,nan,1.0,1,nan,0,nan,nan,nan
3,0,init,False,8,1.1241654617540675,0.17177864712806748,0.17177864712806812,0.9203420329676484,88.03765048272967,4,1.257016970154669,145,nan,nan,1.0,1,nan,0,nan,nan,nan
3,0,init,False,9,0.3160041946949852,0.4686036486010846,0.4686036486010847,0.23123521902121053,108.0706132519012,4,1.2117144547233307,161,nan,nan,1.0,1,nan,0,nan,nan,nan
3,0,init,False,10,0.5495978082565923,0.42324479036028706,0.42324479036028734,0.5960798006648088,39.635768704361176,4,1.524224254169316,70,nan,nan,1.0,1,nan,0,nan,nan,nan
3,0,init,False,11,1.145507073081825,0.33149742431484513,0.33149742431484497,0.8515123938283693,53.50595265384432,4,1.3543931342986377,91,nan,nan,1.0,1,nan,0,nan,nan,nan
3,0,init,False,12,1.6167986815583852,0.12416861548606999,0.1241686154860682,1.1627560541958475,35.30335441281399,4,1.470880390822856,74,nan,nan,1.0,1,nan,0,nan,nan,nan
3,0,init,False,13,1.4957891254472597,0.2347554513731877,0.23475545137318865,1.2212379390800372,37.83702709614994,4,1.514555800642806,63,nan,nan,1.0,1,nan,0,nan,nan,nan
3,0,init,False,14,1.2928729106443955,0.11101843678701602,0.11101843678701802,1.025695678413242,59.557835607351116,4,1.3574636402010074,100,nan,nan,1.0,1,nan,0,nan,nan,nan
3,0,init,False,15,1.0821811863143032,0.077442052285507,0.077442052285507,0.9211732005257176,80.57983105058655,4,1.2621418675497373,123,nan,nan,1.0,1,nan,0,nan,nan,nan
3,0,init,False,16,2.2308898068401075,0.14838870155022335,0.1483887015502241,1.6678017973001766,29.913116794190373,4,1.419443889218377,53,nan,nan,1.0,1,nan,0,nan,nan,nan
3,0,init,False,17,0.9897997487825622,0.23025120718122355,0.23025120718122502,0.7823522654289061,81.85760306373517,4,1.2668221508812167,130,nan,nan,1.0,1,nan,0,nan,nan,nan
3,0,init,False,18,0.5590769175905304,0.179193688732059,0.17919368873205777,0.5057778254642993,92.05003247630124,4,1.1697464886624773,143,nan,nan,1.0,1,nan,0,nan,nan,nan
3,0,init,False,19,0.3614042791791365,0.5443529209573507,0.5443529209573507,0.4283663315382897,94.70932325003324,4,1.2914698356524905,147,nan,nan,1.0,1,nan,0,nan,nan,nan
3,0,init,False,20,1.1237436745120502,0.15069433990348677,0.1506943399034853,0.8784531211345564,74.65822521997791,4,1.2522667698187906,126,nan,nan,1.0,1,nan,0,nan,nan,nan
3,0,init,False,21,0.48646786313588014,0.8470192076832614,0.8470192076832614,0.3288886919527557,78.49371927859829,4,1.2956308258276654,125,nan,nan,1.0,1,nan,0,nan,nan,nan
3,0,init,False,22,1.1811721758476943,0.13474149447518435,0.13474149447518272,0.7396946074727961,35.3537841656409,4,1.6002462899003156,65,nan,nan,1.0,1,nan,0,nan,nan,nan
3,0,init,False,23,0.5342055744252718,0.1539389125597131,0.15393891255971237,0.5884220754114263,20.35954427838876,4,1.4853578680848185,45,nan,nan,1.0,1,nan,0,nan,nan,nan
3,1,step,False,0,2.012293809437055,0.08570973432603629,0.08380084713341804,1.5402516091339595,37.93057280478205,4,1.3455784074471395,70,10.922416364615072,14.482454994206554,1.0,1,0.4837575403536357,0,1.5615755036669832,1.0,1.0332582645951212e-14
3,1,step,False,1,0.7367854000076806,0.1623819979478683,0.3033297504573349,0.6440423118210855,57.99527211735812,4,1.3382596057270464,106,15.010092051920687,22.83846301223448,1.0,1,0.33464991961189194,0,1.5615755036669832,1.0,1.0332582645951212e-14
3,1,step,False,2,0.6609735095724033,0.4155313237228401,0.38623699695226416,0.7646360036319266,63.15955652333682,4,1.3465946908914779,109,16.773240001704252,26.060001847395142,1.0,1,0.5074761011512033,0,1.5615755036669832,1.0,1.0332582645951212e-14
3,1,step,False,3,1.5791575861932878,0.17343316013752647,0.24354967217360451,1.115232313634725,50.09814652505192,4,1.4943202051199926,94,14.899836431441516,19.76585011294503,1.0,1,0.37468237546885685,0,1.5615755036669832,1.0,1.0332582645951212e-14
3,1,step,False,4,1.2628620126326964,0.19347501898930394,0.16950896581629626,0.9902355710827684,82.79149624132033,4,1.204873137523886,136,30.000734778869607,41.36548508494214,1.0,1,0.5086135964229284,0,1.5615755036669832,1.0,1.0332582645951212e-14
3,1,step,False,5,2.203884775882906,0.06936441021860829,0.10451028839151918,1.6749614487151394,26.607861162891997,4,1.6151408514682852,50,5.701010206032429,9.540497063668147,1.0,1,0.3468888524725858,0,1.5615755036669832,1.0,1.0332582645951212e-14
3,1,step,False,6,1.3474154075443938,0.13990614564873768,0.21320513794625756,0.9864678493589868,22.494725083016796,4,1.6539183287774182,46,5.15968537689842,8.178615756529265,1.0,1,0.15766823598437935,0,1.5615755036669832,1.0,1.0332582645951212e-14
3,1,step,False,7,0.637017188984615,0.1770797416966945,0.3707487381791445,0.6031598226075812,88.99898775563832,4,1.2111449125455207,139,30.448542280750008,41.1574719300779,1.0,1,0.42521576830816554,0,1.5615755036669832,1.0,1.0332582645951212e-14
3,1,step,False,8,1.1241654617540675,0.13829581597856697,0.17177864712806812,0.9203420329676484,88.03765048272967,4,1.257016970154669,145,29.053652846562443,41.683052171770576,1.0,1,0.5090916271774443,0,1.5615755036669832,1.0,1.0332582645951212e-14
3,1,step,False,9,0.3160041946949852,0.4825566038974453,0.4686036486010847,0.23123521902121053,108.0706132519012,4,1.2117144547233307,161,42.8935622231798,58.530855301915764,1.0,1,0.4799592378185198,0,1.5615755036669832,1.0,1.0332582645951212e-14
3,1,step,False,10,0.5495978082565923,0.4346129467399627,0.42324479036028734,0.5960798006648088,39.635768704361176,4,1.524224254169316,70,10.636952920369222,14.250463305950456,1.0,1,0.3551579826714587,0,1.5615755036669832,1.0,1.0332582645951212e-14
3,1,step,False,11,1.145507073081825,0.16009748334376922,0.33149742431484497,0.8515123938283693,53.50595265384432,4,1.3543931342986377,91,16.987319016572748,22.422380618220046,1.0,1,0.3889607849935886,0,1.5615755036669832,1.0,1.0332582645951212e-14
3,1,step,False,12,1.6167986815583852,0.14054541739771648,0.1241686154860682,1.1627560541958475,35.30335441281399,4,1.470880390822856,74,8.27525075068241,10.276580991030693,1.0,1,0.28913777372610805,0,1.5615755036669832,1.0,1.0332582645951212e-14
3,1,step,False,13,1.4957891254472597,0.17822408548314084,0.23475545137318865,1.2212379390800372,37.83702709614994,4,1.514555800642806,63,14.486518135238502,20.3996384800186,1.0,1,0.40258606392197066,0,1.5615755036669832,1.0,1.0332582645951212e-14
3,1,step,False,14,1.2928729106443955,0.06145945889082794,0.11101843678701802,1.025695678413242,59.557835607351116,4,1.3574636402010074,100,21.64276409526105,30.36216966529646,1.0,1,0.4408916871751244,0,1.5615755036669832,1.0,1.0332582645951212e-14
3,1,step,False,15,1.0821811863143032,0.12303468039381477,0.077442052285507,0.9211732005257176,80.57983105058655,4,1.2621418675497373,123,30.556319088868502,43.483785732213775,1.0,1,0.4645940043673995,0,1.5615755036669832,1.0,1.0332582645951212e-14
3,1,step,False,16,2.2308898068401075,0.17519882468076173,0.1483887015502241,1.6678017973001766,29.913116794190373,4,1.419443889218377,53,9.17412241406408,12.544210845162215,1.0,1,0.2311766175285096,0,1.5615755036669832,1.0,1.0332582645951212e-14
3,1,step,False,17,0.9897997487825622,0.1352144342825622,0.23025120718122502,0.7823522654289061,81.85760306373517,4,1.2668221508812167,130,29.688235730993995,42.488633301819924,1.0,1,0.48894196461918205,0,1.5615755036669832,1.0,1.0332582645951212e-14
3,1,step,False,18,0.5590769175905304,0.24375766134906474,0.17919368873205777,0.5057778254642993,92.05003247630124,4,1.1697464886624773,143,34.46379207333563,47.075097607185626,1.0,1,0.45134998073493793,0,1.5615755036669832,1.0,1.0332582645951212e-14
3,1,step,False,19,0.3614042791791365,0.503548451831078,0.5443529209573507,0.4283663315382897,94.70932325003324,4,1.2914698356524905,147,32.555472275433054,45.326689933314725,1.0,1,0.639617725294722,0,1.5615755036669832,1.0,1.0332582645951212e-14
3,1,step,False,20,1.1237436745120502,0.0731523339767272,0.1506943399034853,0.8784531211345564,74.65822521997791,4,1.2522667698187906,126,29.580320927251453,39.15800024600011,1.0,1,0.448836228727165,0,1.5615755036669832,1.0,1.0332582645951212e-14
3,1,step,False,21,0.48646786313588014,0.4227794382745142,0.8470192076832614,0.3288886919527557,78.49371927859829,4,1.2956308258276654,125,26.417901366606994,36.81208911139034,1.0,1,0.32258628575995013,0,1.5615755036669832,1.0,1.0332582645951212e-14
3,1,step,False,22,1.1811721758476943,0.1809969175244048,0.13474149447518272,0.7396946074727961,35.3537841656409,4,1.6002462899003156,65,10.049682712382431,14.14525421403489,1.0,1,0.3049081889237923,0,1.5615755036669832,1.0,1.0332582645951212e-14
3,1,step,False,23,0.5342055744252718,0.1583177575454662,0.15393891255971237,0.5884220754114263,20.35954427838876,4,1.4853578680848185,45,4.6225759309657,5.500069281013567,1.0,1,0.08351616320185558,0,1.5615755036669832,1.0,1.0332582645951212e-14
3,2,step,False,0,2.012293809437055,0.09483547273648534,0.08380084713341804,1.5402516091339595,37.93057280478205,4,1.3455784074471395,70,10.42135560006268,13.974349307477878,1.0,1,0.22710173018347143,0,1.1042006279777221,0.607918843626976,3.728993120792378e-14
3,2,step,False,1,0.7367854000076806,0.032480868677759796,0.3033297504573349,0.6440423118210855,57.99527211735812,4,1.3382596057270464,106,15.514797516615795,22.69060941164052,1.0,1,0.284664179673841,0,1.1042006279777221,0.607918843626976,3.728993120792378e-14
3,2,step,False,2,0.6609735095724033,0.27582060665453445,0.38623699695226416,0.7646360036319266,63.15955652333682,4,1.3465946908914779,109,13.509167908466065,19.549909308341512,1.0,1,0.20032673635094478,0,1.1042006279777221,0.607918843626976,3.728993120792378e-14
3,2,step,False,3,1.5791575861932878,0.11834228993499055,0.24354967217360451,1.115232313634725,50.09814652505192,4,1.4943202051199926,94,14.32527299502381,19.06700149623697,1.0,1,0.17153209397274627,0,1.1042006279777221,0.607918843626976,3.728993120792378e-14
3,2,step,False,4,1.2628620126326964,0.14969825665408937,0.16950896581629626,0.9902355710827684,82.79149624132033,4,1.204873137523886,136,28.83351990826064,37.57251102090844,1.0,1,0.2502220135097853,0,1.1042006279777221,0.607918843626976,3.728993120792378e-14
3,2,step,False,5,2.203884775882906,0.1668985759594586,0.10451028839151918,1.6749614487151394,26.607861162891997,4,1.6151408514682852,50,5.11261045592906,7.355023539722472,1.0,1,0.14019399515315073,0,1.1042006279777221,0.607918843626976,3.728993120792378e-14
3,2,step,False,6,1.3474154075443938,0.09238225501858219,0.21320513794625756,0.9864678493589868,22.494725083016796,4,1.6539183287774182,46,6.815925703378274,10.221059979261751,1.0,1,0.2912522236642697,0,1.1042006279777221,0.607918843626976,3.728993120792378e-14
3,2,step,False,7,0.637017188984615,0.16067366606101052,0.3707487381791445,0.6031598226075812,88.99898775563832,4,1.2111449125455207,139,31.313453187479947,43.605308155633956,1.0,1,0.2380306878837953,0,1.1042006279777221,0.607918843626976,3.728993120792378e-14
3,2,step,False,8,1.1241654617540675,0.13592552443861414,0.17177864712806812,0.9203420329676484,88.03765048272967,4,1.257016970154669,145,29.44445181747736,40.35173788050026,1.0,1,0.2843526369898165,0,1.1042006279777221,0.607918843626976,3.728993120792378e-14
3,2,step,False,9,0.3160041946949852,0.528508194161468,0.4686036486010847,0.23123521902121053,108.0706132519012,4,1.2117144547233307,161,45.72779942035235,60.396174303379034,1.0,1,0.16697669502709317,0,1.1042006279777221,0.607918843626976,3.728993120792378e-14
3,2,step,False,10,0.5495978082565923,0.3715923360959824,0.42324479036028734,0.5960798006648088,39.635768704361176,4,1.524224254169316,70,13.20637794890652,18.50351370294514,1.0,1,0.22779329106451715,0,1.1042006279777221,0.607918843626976,3.728993120792378e-14
3,2,step,False,11,1.145507073081825,0.10507989602285943,0.33149742431484497,0.8515123938283693,53.50595265384432,4,1.3543931342986377,91,17.774441705931064,24.662673531191583,1.0,1,0.27748417530123437,0,1.1042006279777221,0.607918843626976,3.728993120792378e-14
3,2,step,False,12,1.6167986815583852,0.173341463531074,0.1241686154860682,1.1627560541958475,35.30335441281399,4,1.470880390822856,74,8.055963040836847,10.68190861291877,1.0,1,0.4083821023588676,0,1.1042006279777221,0.607918843626976,3.728993120792378e-14
3,2,step,False,13,1.4957891254472597,0.22669708455732268,0.23475545137318865,1.2212379390800372,37.83702709614994,4,1.514555800642806,63,12.68470811789846,18.140941326967653,1.0,1,0.2311022098015815,0,1.1042006279777221,0.607918843626976,3.728993120792378e-14
3,2,step,False,14,1.2928729106443955,0.039101859957238735,0.11101843678701802,1.025695678413242,59.557835607351116,4,1.3574636402010074,100,19.655309349233903,27.25103301842754,1.0,1,0.2686369974086033,0,1.1042006279777221,0.607918843626976,3.728993120792378e-14
3,2,step,False,15,1.0821811863143032,0.11994169338545142,0.077442052285507,0.9211732005257176,80.57983105058655,4,1.2621418675497373,123,31.382400105723647,42.12195874871886,1.0,1,0.24759958442446028,0,1.1042006279777221,0.607918843626976,3.728993120792378e-14
3,2,step,False,16,2.2308898068401075,0.20825686540084415,0.1483887015502241,1.6678017973001766,29.913116794190373,4,1.419443889218377,53,7.629578047810224,10.385576629170794,1.0,1,0.10727558693997521,0,1.1042006279777221,0.607918843626976,3.728993120792378e-14
3,2,step,False,17,0.9897997487825622,0.13038413444041322,0.23025120718122502,0.7823522654289061,81.85760306373517,4,1.2668221508812167,130,28.68357917449999,39.27940825034247,1.0,1,0.21831964587258146,0,1.1042006279777221,0.607918843626976,3.728993120792378e-14
3,2,step,False,18,0.5590769175905304,0.329323148036203,0.17919368873205777,0.5057778254642993,92.05003247630124,4,1.1697464886624773,143,34.14587950935334,46.86088897041784,1.0,1,0.21561250133504156,0,1.1042006279777221,0.607918843626976,3.728993120792378e-14
3,2,step,False,19,0.3614042791791365,0.5463845580562982,0.5443529209573507,0.4283663315382897,94.70932325003324,4,1.2914698356524905,147,31.695729905788905,44.958405502732596,1.0,1,0.2915263466220384,0,1.1042006279777221,0.607918843626976,3.728993120792378e-14
3,2,step,False,20,1.1237436745120502,0.07962239423866024,0.1506943399034853,0.8784531211345564,74.65822521997791,4,1.2522667698187906,126,29.45663032854852,39.77462597770078,1.0,1,0.18547152063164848,0,1.1042006279777221,0.607918843626976,3.728993120792378e-14
3,2,step,False,21,0.48646786313588014,0.33638672680129067,0.8470192076832614,0.3288886919527557,78.49371927859829,4,1.2956308258276654,125,28.127458582666296,37.60457047964272,1.0,1,0.16058532114914992,0,1.1042006279777221,0.607918843626976,3.728993120792378e-14
3,2,step,False,22,1.1811721758476943,0.15720020023253384,0.13474149447518272,0.7396946074727961,35.3537841656409,4,1.6002462899003156,65,9.748276620882267,14.01366444865351,1.0,1,0.21371151134476726,0,1.1042006279777221,0.607918843626976,3.728993120792378e-14
3,2,step,False,23,0.5342055744252718,0.05187006692981826,0.15393891255971237,0.5884220754114263,20.35954427838876,4,1.4853578680848185,45,6.735334743581507,9.220422494810416,1.0,1,0.14206333407664212,0,1.1042006279777221,0.607918843626976,3.728993120792378e-14
3,3,step,False,0,2.012293809437055,0.11802279414163346,0.08380084713341804,1.5402516091339595,37.93057280478205,4,1.3455784074471395,70,9.266121991002946,12.278598832572335,1.0,1,0.2670812872870718,0,0.7807877518334915,0.3677670657634735,1.2114130680109641e-12
3,3,step,False,1,0.7367854000076806,0.22031433480036577,0.3033297504573349,0.6440423118210855,57.99527211735812,4,1.3382596057270464,106,16.629362193580164,25.053407620202886,1.0,1,0.20676881383870943,0,0.7807877518334915,0.3677670657634735,1.2114130680109641e-12
3,3,step,False,2,0.6609735095724033,0.4543905176305848,0.38623699695226416,0.7646360036319266,63.15955652333682,4,1.3465946908914779,109,16.670471564153694,24.973449788052566,1.0,1,0.1290395465817158,0,0.7807877518334915,0.3677670657634735,1.2114130680109641e-12
3,3,step,False,3,1.5791575861932878,0.11763211344622666,0.24354967217360451,1.115232313634725,50.09814652505192,4,1.4943202051199926,94,15.089889569749845,20.219436097844333,1.0,1,0.17771609433472285,0,0.7807877518334915,0.3677670657634735,1.2114130680109641e-12
3,3,step,False,4,1.2628620126326964,0.13672418004387027,0.16950896581629626,0.9902355710827684,82.79149624132033,4,1.204873137523886,136,27.25727351529111,33.21170734259969,1.0,1,0.12935123795831735,0,0.7807877518334915,0.3677670657634735,1.2114130680109641e-12
3,3,step,False,5,2.203884775882906,0.20883176680776538,0.10451028839151918,1.6749614487151394,26.607861162891997,4,1.6151408514682852,50,4.926464968177276,6.609578348120645,1.0,1,0.1269895617870363,0,0.7807877518334915,0.3677670657634735,1.2114130680109641e-12
3,3,step,False,6,1.3474154075443938,0.12588933320682957,0.21320513794625756,0.9864678493589868,22.494725083016796,4,1.6539183287774182,46,7.575710457606058,10.034958639046794,1.0,1,0.10813054968038267,0,0.7807877518334915,0.3677670657634735,1.2114130680109641e-12
3,3,step,False,7,0.637017188984615,0.2027816529538932,0.3707487381791445,0.6031598226075812,88.99898775563832,4,1.2111449125455207,139,32.000682029049756,42.84905771288087,1.0,1,0.11929525405250745,0,0.7807877518334915,0.3677670657634735,1.2114130680109641e-12
3,3,step,False,8,1.1241654617540675,0.11160969536035943,0.17177864712806812,0.9203420329676484,88.03765048272967,4,1.257016970154669,145,29.33385080845054,39.60165777785261,1.0,1,0.1666418884378594,0,0.7807877518334915,0.3677670657634735,1.2114130680109641e-12
3,3,step,False,9,0.3160041946949852,0.25694311053077895,0.4686036486010847,0.23123521902121053,108.0706132519012,4,1.2117144547233307,161,47.87583594444356,62.894868658750546,1.0,1,0.1110704061198515,0,0.7807877518334915,0.3677670657634735,1.2114130680109641e-12
3,3,step,False,10,0.5495978082565923,0.38942528820898087,0.42324479036028734,0.5960798006648088,39.635768704361176,4,1.524224254169316,70,15.137766211235537,21.15084168071962,1.0,1,0.19622949779235044,0,0.7807877518334915,0.3677670657634735,1.2114130680109641e-12
3,3,step,False,11,1.145507073081825,0.1264090658994626,0.33149742431484497,0.8515123938283693,53.50595265384432,4,1.3543931342986377,91,17.13765566870613,22.86982733668369,1.0,1,0.1229762173730896,0,0.7807877518334915,0.3677670657634735,1.2114130680109641e-12
3,3,step,False,12,1.6167986815583852,0.19378241937726295,0.1241686154860682,1.1627560541958475,35.30335441281399,4,1.470880390822856,74,7.970235376680653,11.84139177736475,1.0,1,0.19166839962776408,0,0.7807877518334915,0.3677670657634735,1.2114130680109641e-12
3,3,step,False,13,1.4957891254472597,0.26007769288635874,0.23475545137318865,1.2212379390800372,37.83702709614994,4,1.514555800642806,63,9.02344870286853,12.023469482037255,1.0,1,0.20020109904122632,0,0.7807877518334915,0.3677670657634735,1.2114130680109641e-12
3,3,step,False,14,1.2928729106443955,0.05320537888350931,0.11101843678701802,1.025695678413242,59.557835607351116,4,1.3574636402010074,100,16.60721967018758,21.313968105942703,1.0,1,0.15506103118278025,0,0.7807877518334915,0.3677670657634735,1.2114130680109641e-12
3,3,step,False,15,1.0821811863143032,0.06427418358525726,0.077442052285507,0.9211732005257176,80.57983105058655,4,1.2621418675497373,123,30.1346330716525,38.86877515023954,1.0,1,0.1477457076971133,0,0.7807877518334915,0.3677670657634735,1.2114130680109641e-12
3,3,step,False,16,2.2308898068401075,0.2301961861264013,0.1483887015502241,1.6678017973001766,29.913116794190373,4,1.419443889218377,53,6.746623916546218,8.679084099269314,1.0,1,0.0632283935735232,0,0.7807877518334915,0.3677670657634735,1.2114130680109641e-12
3,3,step,False,17,0.9897997487825622,0.16252222349295337,0.23025120718122502,0.7823522654289061,81.85760306373517,4,1.2668221508812167,130,29.294652026198317,38.6295310157928,1.0,1,0.11448803999939546,0,0.7807877518334915,0.3677670657634735,1.2114130680109641e-12
3,3,step,False,18,0.5590769175905304,0.35372561185299706,0.17919368873205777,0.5057778254642993,92.05003247630124,4,1.1697464886624773,143,33.319160200438155,44.67295729874763,1.0,1,0.1395212590518848,0,0.7807877518334915,0.3677670657634735,1.2114130680109641e-12
3,3,step,False,19,0.3614042791791365,0.6276796981181285,0.5443529209573507,0.4283663315382897,94.70932325003324,4,1.2914698356524905,147,30.168564724299088,42.440072649688915,1.0,1,0.13668011655449752,0,0.7807877518334915,0.3677670657634735,1.2114130680109641e-12
3,3,step,False,20,1.1237436745120502,0.11116450979792024,0.1506943399034853,0.8784531211345564,74.65822521997791,4,1.2522667698187906,126,28.25097163258723,39.32898203465404,1.0,1,0.20608338034423596,0,0.7807877518334915,0.3677670657634735,1.2114130680109641e-12
3,3,step,False,21,0.48646786313588014,0.3055970465270134,0.8470192076832614,0.3288886919527557,78.49371927859829,4,1.2956308258276654,125,31.35789499446463,39.19263204509828,1.0,1,0.11484778594785074,0,0.7807877518334915,0.3677670657634735,1.2114130680109641e-12
3,3,step,False,22,1.1811721758476943,0.09762635315921975,0.13474149447518272,0.7396946074727961,35.3537841656409,4,1.6002462899003156,65,9.076279153577708,13.808091013499393,1.0,1,0.10285143274394451,0,0.7807877518334915,0.3677670657634735,1.2114130680109641e-12
3,3,step,False,23,0.5342055744252718,0.10874877367260252,0.15393891255971237,0.5884220754114263,20.35954427838876,4,1.4853578680848185,45,9.149254547686654,12.512057107014996,1.0,1,0.14153145126436034,0,0.7807877518334915,0.3677670657634735,1.2114130680109641e-12
4,0,init,False,0,0.7314387939142174,0.5073575779719194,0.5073575779719194,0.3488720987583121,44.639233131341264,4,1.4717034210320197,80,nan,nan,1.0,1,nan,0,nan,nan,nan
4,0,init,False,1,0.1901008407877457,0.8060556090402555,0.8060556090402555,0.1562697109825038,95.16254019214296,4,1.1874728407876145,152,nan,nan,1.0,1,nan,0,nan,nan,nan
4,0,init,False,2,1.441147482065505,0.09893059557084154,0.09893059557084266,0.875115265500899,70.04878199399387,4,1.2364578866533147,111,nan,nan,1.0,1,nan,0,nan,nan,nan
4,0,init,False,3,0.767155368090763,0.39211122835536566,0.39211122835536594,0.3000681300408479,100.75550557741175,4,1.2565369514170905,162,nan,nan,1.0,1,nan,0,nan,nan,nan
4,0,init,False,4,0.5621501343069247,0.10521224533694513,0.10521224533694302,0.31103520024761433,89.49245843116506,4,1.1743079759427548,143,nan,nan,1.0,1,nan,0,nan,nan,nan
4,0,init,False,5,1.741348863480143,0.13551876239308233,0.13551876239308314,1.0518740386369914,46.93688532852703,4,1.300178936994807,78,nan,nan,1.0,1,nan,0,nan,nan,nan
4,0,init,False,6,1.1638828463724025,0.06289977297936927,0.06289977297936399,0.622028426472157,73.73652846831166,4,1.3447438919268,122,nan,nan,1.0,1,nan,0,nan,nan,nan
4,0,init,False,7,2.6451436560886648,0.07602073873092921,0.07602073873092775,1.546293103374471,13.3769927683865,4,1.5612099688142451,29,nan,nan,1.0,1,nan,0,nan,nan,nan
4,0,init,False,8,1.1773111634983904,0.23291791713110716,0.23291791713110763,0.7933264009229355,64.15268601527599,4,1.229517982047906,102,nan,nan,1.0,1,nan,0,nan,nan,nan
4,0,init,False,9,2.021911938662873,0.03730169591404009,0.03730169591404009,1.2721400504958391,18.556817078819357,4,1.3693512604865345,39,nan,nan,1.0,1,nan,0,nan,nan,nan
4,0,init,False,10,1.5164206506624354,0.13808931204054958,0.13808931204054878,0.8302204335831187,46.70874174669558,4,1.527742603416708,79,nan,nan,1.0,1,nan,0,nan,nan,nan
4,0,init,False,11,1.7873261353014271,0.2652878563480948,0.26528785634809443,1.126051849928676,57.084695115331876,4,1.5808953940501442,96,nan,nan,1.0,1,nan,0,nan,nan,nan
4,0,init,False,12,0.4960937291639991,0.4108634612164743,0.4108634612164743,0.3111488363554541,63.6783197134603,4,1.3589012809914252,108,nan,nan,1.0,1,nan,0,nan,nan,nan
4,0,init,False,13,0.7733730741862967,0.2556308750535229,0.25563087505352156,0.451534386767639,66.83403132970636,4,1.329152171362885,115,nan,nan,1.0,1,nan,0,nan,nan,nan
4,0,init,False,14,1.2441028283176079,0.08698193174574825,0.08698193174574825,0.7674945914542526,58.061725957454186,4,1.2633188937440742,98,nan,nan,1.0,1,nan,0,nan,nan,nan
4,0,init,False,15,1.020636180189332,0.06380384431239283,0.06380384431239458,0.6787413011425951,58.51959310555104,4,1.2981172287303016,108,nan,nan,1.0,1,nan,0,nan,nan,nan
4,0,init,False,16,0.6465795769665226,0.444736720837922,0.44473672083792226,0.3681701844501494,97.89745695364742,4,1.2003166810382462,147,nan,nan,1.0,1,nan,0,nan,nan,nan
4,0,init,False,17,1.3800791253006297,0.34542194471449855,0.3454219447144979,0.7570265018045935,48.80763556737149,4,1.4697516896109295,86,nan,nan,1.0,1,nan,0,nan,nan,nan
4,0,init,False,18,1.9545733255213382,0.1734032492476009,0.17340324924760217,1.3881731250162486,7.853191170770043,4,1.7569804946433485,22,nan,nan,1.0,1,nan,0,nan,nan,nan
4,0,init,False,19,0.8642655972196809,0.03665801877604915,0.03665801877604915,0.45671670486002897,61.87620529710102,4,1.340721252836389,104,nan,nan,1.0,1,nan,0,nan,nan,nan
4,0,init,False,20,0.4015157065634968,0.735242077860848,0.735242077860848,0.23255373067413956,32.3597539167309,4,1.4465041377328534,59,nan,nan,1.0,1,nan,0,nan,nan,nan
4,0,init,False,21,1.0339699688965198,0.12056576519138043,0.12056576519138043,0.6144482949458159,110.95355214142103,4,1.16420689553413,158,nan,nan,1.0,1,nan,0,nan,nan,nan
4,0,init,False,22,0.8323167227644012,0.13164829101919223,0.13164829101919223,0.5634638051950027,28.29923000992318,4,1.2823286814629669,48,nan,nan,1.0,1,nan,0,nan,nan,nan
4,0,init,False,23,0.6269417020834565,0.38204053994893616,0.38204053994893644,0.33682594423068674,84.20743898946,4,1.3641352759470966,132,nan,nan,1.0,1,nan,0,nan,nan,nan
4,1,step,False,0,0.7314387939142174,0.4351731914199492,0.5073575779719194,0.3488720987583121,44.639233131341264,4,1.4717034210320197,80,10.867840800094928,16.34553838528442,1.0,1,0.33159273937987394,0,1.5893452000177961,1.0,3.9046292662956755e-14
4,1,step,False,1,0.1901008407877457,0.8093248832802508,0.8060556090402555,0.1562697109825038,95.16254019214296,4,1.1874728407876145,152,30.42662057704763,44.156256981023,1.0,1,0.32929148039903866,0,1.5893452000177961,1.0,3.9046292662956755e-14
4,1,step,False,2,1.441147482065505,0.012147008194337384,0.09893059557084266,0.875115265500899,70.04878199399387,4,1.2364578866533147,111,21.88223548020074,29.81173253236193,1.0,1,0.2663148147274659,0,1.5893452000177961,1.0,3.9046292662956755e-14
4,1,step,False,3,0.767155368090763,0.19655298534571086,0.39211122835536594,0.3000681300408479,100.75550557741175,4,1.2565369514170905,162,36.94905793727604,50.487823389069,1.0,1,0.4741745212616739,0,1.5893452000177961,1.0,3.9046292662956755e-14
4,1,step,False,4,0.5621501343069247,0.10058646346297329,0.10521224533694302,0.31103520024761433,89.49245843116506,4,1.1743079759427548,143,35.40288280778162,49.32900839808475,1.0,1,0.5675425651143773,0,1.5893452000177961,1.0,3.9046292662956755e-14
4,1,step,False,5,1.741348863480143,0.13877108707431884,0.13551876239308314,1.0518740386369914,46.93688532852703,4,1.300178936994807,78,14.18712793226074,20.63637407450372,1.0,1,0.5113986449114465,0,1.5893452000177961,1.0,3.9046292662956755e-14
4,1,step,False,6,1.1638828463724025,0.0686680209578199,0.06289977297936399,0.622028426472157,73.73652846831166,4,1.3447438919268,122,27.282808259752084,37.815597881797714,1.0,1,0.2954433770268191,0,1.5893452000177961,1.0,3.9046292662956755e-14
4,1,step,False,7,2.6451436560886648,0.07040116330812847,0.07602073873092775,1.546293103374471,13.3769927683865,4,1.5612099688142451,29,2.6389656743092327,3.812855159915729,1.0,1,0.6091908114684828,0,1.5893452000177961,1.0,3.9046292662956755e-14
4,1,step,False,8,1.1773111634983904,0.14712388518772904,0.23291791713110763,0.7933264009229355,64.15268601527599,4,1.229517982047906,102,22.14512891317337,30.00529150549333,1.0,1,0.2479464292875775,0,1.5893452000177961,1.0,3.9046292662956755e-14
4,1,step,False,9,2.021911938662873,0.09101096048648398,0.03730169591404009,1.2721400504958391,18.556817078819357,4,1.3693512604865345,39,4.501621848275079,5.600855680845511,1.0,1,0.15464986312714238,0,1.5893452000177961,1.0,3.9046292662956755e-14
4,1,step,False,10,1.5164206506624354,0.15016829357682365,0.13808931204054878,0.8302204335831187,46.70874174669558,4,1.527742603416708,79,15.88586239200536,23.671434326590305,1.0,1,0.4010251901564847,0,1.5893452000177961,1.0,3.9046292662956755e-14
4,1,step,False,11,1.7873261353014271,0.09457975431733162,0.26528785634809443,1.126051849928676,57.084695115331876,4,1.5808953940501442,96,16.934463209239592,24.277678458123926,1.0,1,0.18745069764277753,0,1.5893452000177961,1.0,3.9046292662956755e-14
4,1,step,False,12,0.4960937291639991,0.341204379763815,0.4108634612164743,0.3111488363554541,63.6783197134603,4,1.3589012809914252,108,18.425165416187124,25.54088599863783,1.0,1,0.3461057429007882,0,1.5893452000177961,1.0,3.9046292662956755e-14
4,1,step,False,13,0.7733730741862967,0.21423773473961902,0.25563087505352156,0.451534386767639,66.83403132970636,4,1.329152171362885,115,18.09668162674781,27.251058628448416,1.0,1,0.3970140607589151,0,1.5893452000177961,1.0,3.9046292662956755e-14
4,1,step,False,14,1.2441028283176079,0.08351878500083985,0.08698193174574825,0.7674945914542526,58.061725957454186,4,1.2633188937440742,98,18.681311522456305,25.606853720183594,1.0,1,0.3582946773940214,0,1.5893452000177961,1.0,3.9046292662956755e-14
4,1,step,False,15,1.020636180189332,0.10719388275350082,0.06380384431239458,0.6787413011425951,58.51959310555104,4,1.2981172287303016,108,16.919473306581814,25.11235260271079,1.0,1,0.42441282681822307,0,1.5893452000177961,1.0,3.9046292662956755e-14
4,1,step,False,16,0.6465795769665226,0.34667372753013326,0.44473672083792226,0.3681701844501494,97.89745695364742,4,1.2003166810382462,147,36.715597490790174,52.64884482421617,1.0,1,0.47209070187783164,0,1.5893452000177961,1.0,3.9046292662956755e-14
4,1,step,False,17,1.3800791253006297,0.22699310269881143,0.3454219447144979,0.7570265018045935,48.80763556737149,4,1.4697516896109295,86,13.735150674123815,18.06236898152559,1.0,1,0.1989620770051817,0,1.5893452000177961,1.0,3.9046292662956755e-14
4,1,step,False,18,1.9545733255213382,0.1734032492476009,0.17340324924760217,1.3881731250162486,7.853191170770043,4,1.7569804946433485,22,1.323810857228164,1.5861607274659202,1.0,1,0.47713010318065524,0,1.5893452000177961,1.0,3.9046292662956755e-14
4,1,step,False,19,0.8642655972196809,0.04383820566495924,0.03665801877604915,0.45671670486002897,61.87620529710102,4,1.340721252836389,104,21.447002476224277,28.496418702030272,1.0,1,0.24959556939456182,0,1.5893452000177961,1.0,3.9046292662956755e-14
4,1,step,False,20,0.4015157065634968,0.7190713775603729,0.735242077860848,0.23255373067413956,32.3597539167309,4,1.4465041377328534,59,8.713449693383566,13.394106441929836,1.0,1,0.311452896756087,0,1.5893452000177961,1.0,3.9046292662956755e-14
4,1,step,False,21,1.0339699688965198,0.08957001356653806,0.12056576519138043,0.6144482949458159,110.95355214142103,4,1.16420689553413,158,47.440106444905595,65.38818605400166,1.0,1,0.39303736521906996,0,1.5893452000177961,1.0,3.9046292662956755e-14
4,1,step,False,22,0.8323167227644012,0.1126554923891141,0.13164829101919223,0.5634638051950027,28.29923000992318,4,1.2823286814629669,48,9.93844657111371,14.007689025494434,1.0,1,0.4266846853578501,0,1.5893452000177961,1.0,3.9046292662956755e-14
4,1,step,False,23,0.6269417020834565,0.09480376727734564,0.38204053994893644,0.33682594423068674,84.20743898946,4,1.3641352759470966,132,29.45918808884126,41.345521551778255,1.0,1,0.48224170290243007,0,1.5893452000177961,1.0,3.9046292662956755e-14
4,2,step,False,0,0.7314387939142174,0.4820797956432435,0.5073575779719194,0.3488720987583121,44.639233131341264,4,1.4717034210320197,80,12.865446705203478,18.71758624597631,1.0,1,0.20363459382782245,0,1.1238367685788733,0.6190234124660492,5.306012125446841e-14
4,2,step,False,1,0.1901008407877457,0.8116960431852557,0.8060556090402555,0.1562697109825038,95.16254019214296,4,1.1874728407876145,152,27.820358715443987,38.35929472585848,1.0,1,0.20062276975905782,0,1.1238367685788733,0.6190234124660492,5.306012125446841e-14
4,2,step,False,2,1.441147482065505,0.023466188621587183,0.09893059557084266,0.875115265500899,70.04878199399387,4,1.2364578866533147,111,22.56158507924329,30.01233550817239,1.0,1,0.1596875741951323,0,1.1238367685788733,0.6190234124660492,5.306012125446841e-14
4,2,step,False,3,0.767155368090763,0.24932506224620088,0.39211122835536594,0.3000681300408479,100.75550557741175,4,1.2565369514170905,162,37.23229205333367,50.69314730701175,1.0,1,0.2682407507201551,0,1.1238367685788733,0.6190234124660492,5.306012125446841e-14
4,2,step,False,4,0.5621501343069247,0.20940378722492542,0.10521224533694302,0.31103520024761433,89.49245843116506,4,1.1743079759427548,143,36.7071237829501,52.0152412767674,1.0,1,0.4057145310174818,0,1.1238367685788733,0.6190234124660492,5.306012125446841e-14
4,2,step,False,5,1.741348863480143,0.19012703141645226,0.13551876239308314,1.0518740386369914,46.93688532852703,4,1.300178936994807,78,11.65713755090314,16.45912691351563,1.0,1,0.2803828117465348,0,1.1238367685788733,0.6190234124660492,5.306012125446841e-14
4,2,step,False,6,1.1638828463724025,0.09727603633303733,0.06289977297936399,0.622028426472157,73.73652846831166,4,1.3447438919268,122,29.05754146899209,39.13401027645394,1.0,1,0.17783024785174806,0,1.1238367685788733,0.6190234124660492,5.306012125446841e-14
4,2,step,False,7,2.6451436560886648,0.0704011633081253,0.07602073873092775,1.546293103374471,13.3769927683865,4,1.5612099688142451,29,1.589450994183982,1.8749117394782326,1.0,1,0.2942910904405852,0,1.1238367685788733,0.6190234124660492,5.306012125446841e-14
4,2,step,False,8,1.1773111634983904,0.13496100125095228,0.23291791713110763,0.7933264009229355,64.15268601527599,4,1.229517982047906,102,21.829675824886664,28.489499520761033,1.0,1,0.21214281211769814,0,1.1238367685788733,0.6190234124660492,5.306012125446841e-14
4,2,step,False,9,2.021911938662873,0.09517515832422811,0.03730169591404009,1.2721400504958391,18.556817078819357,4,1.3693512604865345,39,4.355634842172027,5.239878566064205,1.0,1,0.16931869860592588,0,1.1238367685788733,0.6190234124660492,5.306012125446841e-14
4,2,step,False,10,1.5164206506624354,0.1268070058400212,0.13808931204054878,0.8302204335831187,46.70874174669558,4,1.527742603416708,79,13.743154099698424,20.565064343918642,1.0,1,0.25191175680668393,0,1.1238367685788733,0.6190234124660492,5.306012125446841e-14
4,2,step,False,11,1.7873261353014271,0.03409117603061353,0.26528785634809443,1.126051849928676,57.084695115331876,4,1.5808953940501442,96,12.700611164205375,17.957322296340056,1.0,1,0.14658246008665798,0,1.1238367685788733,0.6190234124660492,5.306012125446841e-14
4,2,step,False,12,0.4960937291639991,0.26269134863091814,0.4108634612164743,0.3111488363554541,63.6783197134603,4,1.3589012809914252,108,18.71705893389498,25.114835360821537,1.0,1,0.17015309165011086,0,1.1238367685788733,0.6190234124660492,5.306012125446841e-14
4,2,step,False,13,0.7733730741862967,0.2824363994453356,0.25563087505352156,0.451534386767639,66.83403132970636,4,1.329152171362885,115,21.873320145732656,34.569912875698584,1.0,1,0.2258486842335236,0,1.1238367685788733,0.6190234124660492,5.306012125446841e-14
4,2,step,False,14,1.2441028283176079,0.06753798404010307,0.08698193174574825,0.7674945914542526,58.061725957454186,4,1.2633188937440742,98,17.133401256762504,22.849245812179998,1.0,1,0.19109783117162213,0,1.1238367685788733,0.6190234124660492,5.306012125446841e-14
4,2,step,False,15,1.020636180189332,0.09024222007769173,0.06380384431239458,0.6787413011425951,58.51959310555104,4,1.2981172287303016,108,17.899085584065233,25.217354878183432,1.0,1,0.18354692575006779,0,1.1238367685788733,0.6190234124660492,5.306012125446841e-14
4,2,step,False,16,0.6465795769665226,0.27429191885825344,0.44473672083792226,0.3681701844501494,97.89745695364742,4,1.2003166810382462,147,37.49255044914885,52.64818854715489,1.0,1,0.2710405860766446,0,1.1238367685788733,0.6190234124660492,5.306012125446841e-14
4,2,step,False,17,1.3800791253006297,0.19573729279761326,0.3454219447144979,0.7570265018045935,48.80763556737149,4,1.4697516896109295,86,12.542775647984971,16.706858248712834,1.0,1,0.20947524752302144,0,1.1238367685788733,0.6190234124660492,5.306012125446841e-14
4,2,step,False,18,1.9545733255213382,0.1734032492476009,0.17340324924760217,1.3881731250162486,7.853191170770043,4,1.7569804946433485,22,1.3096234659087962,1.5650750562143347,1.0,1,0.09507039469094557,0,1.1238367685788733,0.6190234124660492,5.306012125446841e-14
4,2,step,False,19,0.8642655972196809,0.1676460617023711,0.03665801877604915,0.45671670486002897,61.87620529710102,4,1.340721252836389,104,23.903193202892563,31.949130447083913,1.0,1,0.15722882502261862,0,1.1238367685788733,0.6190234124660492,5.306012125446841e-14
4,2,step,False,20,0.4015157065634968,0.650659301913962,0.735242077860848,0.23255373067413956,32.3597539167309,4,1.4465041377328534,59,8.699534703906552,12.353279204536964,1.0,1,0.1626033026224348,0,1.1238367685788733,0.6190234124660492,5.306012125446841e-14
4,2,step,False,21,1.0339699688965198,0.07088668415423123,0.12056576519138043,0.6144482949458159,110.95355214142103,4,1.16420689553413,158,46.299865187147816,61.8569392195018,1.0,1,0.1724010305767515,0,1.1238367685788733,0.6190234124660492,5.306012125446841e-14
4,2,step,False,22,0.8323167227644012,0.09762125039998927,0.13164829101919223,0.5634638051950027,28.29923000992318,4,1.2823286814629669,48,11.120802040849014,16.308985605821935,1.0,1,0.36435267166705515,0,1.1238367685788733,0.6190234124660492,5.306012125446841e-14
4,2,step,False,23,0.6269417020834565,0.07081060440162355,0.38204053994893644,0.33682594423068674,84.20743898946,4,1.3641352759470966,132,30.888779826747008,43.81392091385452,1.0,1,0.2732206168976288,0,1.1238367685788733,0.6190234124660492,5.306012125446841e-14
4,3,step,False,0,0.7314387939142174,0.5690006531506518,0.5073575779719194,0.3488720987583121,44.639233131341264,4,1.4717034210320197,80,16.007609658313513,22.402991098482428,1.0,1,0.10389947624396169,0,0.794672600008898,0.37764282524585724,4.661261479346974e-14
4,3,step,False,1,0.1901008407877457,0.6734643776735502,0.8060556090402555,0.1562697109825038,95.16254019214296,4,1.1874728407876145,152,28.563261314613758,38.96313268679105,1.0,1,0.12019763833690368,0,0.794672600008898,0.37764282524585724,4.661261479346974e-14
4,3,step,False,2,1.441147482065505,0.044760889574308176,0.09893059557084266,0.875115265500899,70.04878199399387,4,1.2364578866533147,111,20.47630863936768,26.66896756319345,1.0,1,0.16863640784244813,0,0.794672600008898,0.37764282524585724,4.661261479346974e-14
4,3,step,False,3,0.767155368090763,0.2669391335558145,0.39211122835536594,0.3000681300408479,100.75550557741175,4,1.2565369514170905,162,36.798291746632636,48.03071647100425,1.0,1,0.13868596960627147,0,0.794672600008898,0.37764282524585724,4.661261479346974e-14
4,3,step,False,4,0.5621501343069247,0.2867052191158741,0.10521224533694302,0.31103520024761433,89.49245843116506,4,1.1743079759427548,143,35.99375234984239,50.191890407661255,1.0,1,0.12437998585342885,0,0.794672600008898,0.37764282524585724,4.661261479346974e-14
4,3,step,False,5,1.741348863480143,0.26212840821169486,0.13551876239308314,1.0518740386369914,46.93688532852703,4,1.300178936994807,78,9.911700369575001,13.899569607037398,1.0,1,0.21779597315546773,0,0.794672600008898,0.37764282524585724,4.661261479346974e-14
4,3,step,False,6,1.1638828463724025,0.13685140955065755,0.06289977297936399,0.622028426472157,73.73652846831166,4,1.3447438919268,122,28.85671568158812,37.64445518143536,1.0,1,0.0840652993392708,0,0.794672600008898,0.37764282524585724,4.661261479346974e-14
4,3,step,False,7,2.6451436560886648,0.0704011633081253,0.07602073873092775,1.546293103374471,13.3769927683865,4,1.5612099688142451,29,1.1545668006964318,1.3019204513269154,1.0,1,0.1336783442148039,0,0.794672600008898,0.37764282524585724,4.661261479346974e-14
4,3,step,False,8,1.1773111634983904,0.15520504276989178,0.23291791713110763,0.7933264009229355,64.15268601527599,4,1.229517982047906,102,22.025762169410118,29.11027268296259,1.0,1,0.14876541612914648,0,0.794672600008898,0.37764282524585724,4.661261479346974e-14
4,3,step,False,9,2.021911938662873,0.09269427230952158,0.03730169591404009,1.2721400504958391,18.556817078819357,4,1.3693512604865345,39,4.425168555976207,5.832459103126111,1.0,1,0.18154241710440197,0,0.794672600008898,0.37764282524585724,4.661261479346974e-14
4,3,step,False,10,1.5164206506624354,0.07294217329012977,0.13808931204054878,0.8302204335831187,46.70874174669558,4,1.527742603416708,79,11.790583252435756,15.269583280303362,1.0,1,0.11199013405632656,0,0.794672600008898,0.37764282524585724,4.661261479346974e-14
4,3,step,False,11,1.7873261353014271,0.120312875887102,0.26528785634809443,1.126051849928676,57.084695115331876,4,1.5808953940501442,96,10.7175802193304,15.616188997308024,1.0,1,0.0882796465171336,0,0.794672600008898,0.37764282524585724,4.661261479346974e-14
4,3,step,False,12,0.4960937291639991,0.07441214300453075,0.4108634612164743,0.3111488363554541,63.6783197134603,4,1.3589012809914252,108,20.323382147826493,27.182331558244286,1.0,1,0.1079125979369613,0,0.794672600008898,0.37764282524585724,4.661261479346974e-14
4,3,step,False,13,0.7733730741862967,0.32474597102104297,0.25563087505352156,0.451534386767639,66.83403132970636,4,1.329152171362885,115,23.265582632068046,34.217152712216254,1.0,1,0.1426593398717895,0,0.794672600008898,0.37764282524585724,4.661261479346974e-14
4,3,step,False,14,1.2441028283176079,0.07351368142701163,0.08698193174574825,0.7674945914542526,58.061725957454186,4,1.2633188937440742,98,15.887375740502643,21.863032869849484,1.0,1,0.11238371721877236,0,0.794672600008898,0.37764282524585724,4.661261479346974e-14
4,3,step,False,15,1.020636180189332,0.14522430559862012,0.06380384431239458,0.6787413011425951,58.51959310555104,4,1.2981172287303016,108,21.158475026213353,29.653782156738167,1.0,1,0.1147090272173925,0,0.794672600008898,0.37764282524585724,4.661261479346974e-14
4,3,step,False,16,0.6465795769665226,0.29220258483708306,0.44473672083792226,0.3681701844501494,97.89745695364742,4,1.2003166810382462,147,37.26538251844277,51.199058332767216,1.0,1,0.13163467425407935,0,0.794672600008898,0.37764282524585724,4.661261479346974e-14
4,3,step,False,17,1.3800791253006297,0.2809880981935343,0.3454219447144979,0.7570265018045935,48.80763556737149,4,1.4697516896109295,86,10.172376338701056,13.820053155442059,1.0,1,0.16548734040949045,0,0.794672600008898,0.37764282524585724,4.661261479346974e-14
4,3,step,False,18,1.9545733255213382,0.1734032492476009,0.17340324924760217,1.3881731250162486,7.853191170770043,4,1.7569804946433485,22,1.5414590806675905,1.837408473464605,1.0,1,0.1660857833600698,0,0.794672600008898,0.37764282524585724,4.661261479346974e-14
4,3,step,False,19,0.8642655972196809,0.2173308546560399,0.03665801877604915,0.45671670486002897,61.87620529710102,4,1.340721252836389,104,25.77104404719474,34.197998240003635,1.0,1,0.10784500673357895,0,0.794672600008898,0.37764282524585724,4.661261479346974e-14
4,3,step,False,20,0.4015157065634968,0.6280729659142193,0.735242077860848,0.23255373067413956,32.3597539167309,4,1.4465041377328534,59,10.70032506776318,14.85279233586981,1.0,1,0.11513227641580688,0,0.794672600008898,0.37764282524585724,4.661261479346974e-14
4,3,step,False,21,1.0339699688965198,0.06462915847692054,0.12056576519138043,0.6144482949458159,110.95355214142103,4,1.16420689553413,158,45.529805632626186,57.025573256657054,1.0,1,0.08852490074210366,0,0.794672600008898,0.37764282524585724,4.661261479346974e-14
4,3,step,False,22,0.8323167227644012,0.10910701275656474,0.13164829101919223,0.5634638051950027,28.29923000992318,4,1.2823286814629669,48,11.638364958715984,16.29572721767674,1.0,1,0.09904803335367196,0,0.794672600008898,0.37764282524585724,4.661261479346974e-14
4,3,step,False,23,0.6269417020834565,0.15335193544537645,0.38204053994893644,0.33682594423068674,84.20743898946,4,1.3641352759470966,132,30.025135968071943,41.761379022259355,1.0,1,0.17466214677173597,0,0.794672600008898,0.37764282524585724,4.661261479346974e-14
5,0,init,False,0,1.1820895330230798,0.3241116396054079,0.32411163960540756,0.857374985614215,38.90297561919407,4,1.5071678897923484,67,nan,nan,1.0,1,nan,0,nan,nan,nan
5,0,init,False,1,0.26367240428572386,0.16539621168576046,0.16539621168576113,0.22185542112478318,95.84519872031498,4,1.287746448166381,155,nan,nan,1.0,1,nan,0,nan,nan,nan
5,0,init,False,2,1.4340599023864413,0.17459219010075439,0.174592190100755,1.158405486237627,55.98291989849718,4,1.3553777963333264,95,nan,nan,1.0,1,nan,0,nan,nan,nan
5,0,init,False,3,2.0354935116480677,0.05406743463391137,0.05406743463390932,1.7285146722177454,33.44533630616429,4,1.4575318171354017,57,nan,nan,1.0,1,nan,0,nan,nan,nan
5,0,init,False,4,1.71708545598336,0.10099193842856917,0.10099193842856587,1.3571937829292102,60.11580097272275,4,1.2389011314110931,99,nan,nan,1.0,1,nan,0,nan,nan,nan
5,0,init,False,5,1.1181558309160755,0.08198948536465578,0.08198948536465712,0.7935726957298979,61.19777099850654,4,1.4314713500216605,105,nan,nan,1.0,1,nan,0,nan,nan,nan
5,0,init,False,6,0.6253378024127711,0.0994278080918958,0.0994278080918958,0.4892243965605667,110.0586936588459,4,1.2500789463895183,165,nan,nan,1.0,1,nan,0,nan,nan,nan
5,0,init,False,7,1.2089920649223933,0.09013254848285243,0.09013254848285365,0.9641824706292976,67.29482899156545,4,1.355290842554952,115,nan,nan,1.0,1,nan,0,nan,nan,nan
5,0,init,False,8,1.9290127460323419,0.11002760353969684,0.11002760353969786,1.4732891678458182,14.016744934235074,4,1.7009976930557105,28,nan,nan,1.0,1,nan,0,nan,nan,nan
5,0,init,False,9,1.3537456170574012,0.01697244973965534,0.01697244973965534,1.04435512009004,73.0190906692872,4,1.3651017948003297,121,nan,nan,1.0,1,nan,0,nan,nan,nan
5,0,init,False,10,1.0134078727473856,0.157594036012756,0.1575940360127539,0.7596442934490684,73.13296962220065,4,1.3820441899567106,114,nan,nan,1.0,1,nan,0,nan,nan,nan
5,0,init,False,11,2.6010207254251076,0.11251685372823621,0.11251685372823621,1.9476187491606891,17.438172763650442,4,1.8152890169892664,36,nan,nan,1.0,1,nan,0,nan,nan,nan
5,0,init,False,12,0.847995390281777,0.14576423570776575,0.14576423570776728,0.6044797632237658,99.09670441818193,4,1.2786510227569414,158,nan,nan,1.0,1,nan,0,nan,nan,nan
5,0,init,False,13,1.158477556120006,0.18855795233335315,0.18855795233335254,0.861497801534667,33.837397863001414,4,1.573040429892719,63,nan,nan,1.0,1,nan,0,nan,nan,nan
5,0,init,False,14,1.6911301854914427,0.13234764475274036,0.13234764475274036,1.3948780066692326,36.99050377418594,4,1.5126754161719986,70,nan,nan,1.0,1,nan,0,nan,nan,nan
5,0,init,False,15,0.9443564653403165,0.3053697177035067,0.30536971770350596,0.5686140600774047,68.61454808951223,4,1.2549233403767515,114,nan,nan,1.0,1,nan,0,nan,nan,nan
5,0,init,False,16,1.469340822890217,0.05950633472275186,0.059506334722753726,1.0994060958644145,67.84650810599985,4,1.4085137832519536,117,nan,nan,1.0,1,nan,0,nan,nan,nan
5,0,init,False,17,2.426100916153647,0.13396921756337601,0.13396921756337518,1.8155762674298326,30.159664122786523,4,1.3692893234626067,58,nan,nan,1.0,1,nan,0,nan,nan,nan
5,0,init,False,18,1.2113073977099769,0.28248299094411533,0.28248299094411533,0.7543919456706542,34.494677777760245,4,1.4694076471196909,65,nan,nan,1.0,1,nan,0,nan,nan,nan
5,0,init,False,19,0.6565585810840902,0.1692017877160871,0.16920178771608774,0.5798657723895476,94.9924857091055,4,1.1841976947545165,144,nan,nan,1.0,1,nan,0,nan,nan,nan
5,0,init,False,20,0.22818447607247358,0.24247710600803557,0.24247710600803601,0.22721771292319382,114.43026484318936,4,1.2019047796631555,169,nan,nan,1.0,1,nan,0,nan,nan,nan
5,0,init,False,21,2.8435732924836863,0.14108848787634234,0.14108848787634234,2.2355014986939183,9.042044717524398,4,1.8542263553963083,21,nan,nan,1.0,1,nan,0,nan,nan,nan
5,0,init,False,22,1.170997784687522,0.11031236597377861,0.11031236597377962,0.8321436965387609,82.5520169378254,4,1.1535871122095316,135,nan,nan,1.0,1,nan,0,nan,nan,nan
5,0,init,False,23,0.7465120467117895,0.2262188458091572,0.22621884580915622,0.47678905410900263,67.49268048574271,4,1.1477873774205645,107,nan,nan,1.0,1,nan,0,nan,nan,nan
5,1,step,False,0,1.1820895330230798,0.2861510316832885,0.32411163960540756,0.857374985614215,38.90297561919407,4,1.5071678897923484,67,11.17293158946632,16.456088780701318,1.0,1,0.3125833338233604,0,1.5361907633867116,1.0,6.149309358215526e-16
5,1,step,False,1,0.26367240428572386,0.1470106858790655,0.16539621168576113,0.22185542112478318,95.84519872031498,4,1.287746448166381,155,33.67709180614857,47.36336676718726,1.0,1,0.3944907074178804,0,1.5361907633867116,1.0,6.149309358215526e-16
5,1,step,False,2,1.4340599023864413,0.09715919818105533,0.174592190100755,1.158405486237627,55.98291989849718,4,1.3553777963333264,95,16.2232282358807,24.655222482180157,1.0,1,0.3035513089938095,0,1.5361907633867116,1.0,6.149309358215526e-16
5,1,step,False,3,2.0354935116480677,0.0915332581026793,0.05406743463390932,1.7285146722177454,33.44533630616429,4,1.4575318171354017,57,11.778477256056245,16.32116319251349,1.0,1,0.3157119977526626,0,1.5361907633867116,1.0,6.149309358215526e-16
5,1,step,False,4,1.71708545598336,0.06984489291167942,0.10099193842856587,1.3571937829292102,60.11580097272275,4,1.2389011314110931,99,21.634179176079904,29.941043516514128,1.0,1,0.3652941029822828,0,1.5361907633867116,1.0,6.149309358215526e-16
5,1,step,False,5,1.1181558309160755,0.07993524327891162,0.08198948536465712,0.7935726957298979,61.19777099850654,4,1.4314713500216605,105,20.09338342682252,27.79327243098916,1.0,1,0.31235957998000996,0,1.5361907633867116,1.0,6.149309358215526e-16
5,1,step,False,6,0.6253378024127711,0.08363667901792478,0.0994278080918958,0.4892243965605667,110.0586936588459,4,1.2500789463895183,165,39.19008595268184,52.14454097154675,1.0,1,0.3613609470781238,0,1.5361907633867116,1.0,6.149309358215526e-16
5,1,step,False,7,1.2089920649223933,0.08471464010039939,0.09013254848285365,0.9641824706292976,67.29482899156545,4,1.355290842554952,115,22.818660679297867,31.59651724682935,1.0,1,0.32553485134098664,0,1.5361907633867116,1.0,6.149309358215526e-16
5,1,step,False,8,1.9290127460323419,0.08841868570501159,0.11002760353969786,1.4732891678458182,14.016744934235074,4,1.7009976930557105,28,3.703209838202023,4.76234028235751,1.0,1,0.35579761441172136,0,1.5361907633867116,1.0,6.149309358215526e-16
5,1,step,False,9,1.3537456170574012,0.10241851079357664,0.01697244973965534,1.04435512009004,73.0190906692872,4,1.3651017948003297,121,20.507121797576986,32.0715818384732,1.0,1,0.49914813114256085,0,1.5361907633867116,1.0,6.149309358215526e-16
5,1,step,False,10,1.0134078727473856,0.1153701414889233,0.1575940360127539,0.7596442934490684,73.13296962220065,4,1.3820441899567106,114,25.0304841296724,34.772517725431705,1.0,1,0.24535981271775337,0,1.5361907633867116,1.0,6.149309358215526e-16
5,1,step,False,11,2.6010207254251076,0.10331326995681424,0.11251685372823621,1.9476187491606891,17.438172763650442,4,1.8152890169892664,36,2.3514789248089945,3.1391379762235903,1.0,1,0.35715565521242204,0,1.5361907633867116,1.0,6.149309358215526e-16
5,1,step,False,12,0.847995390281777,0.05655914548000378,0.14576423570776728,0.6044797632237658,99.09670441818193,4,1.2786510227569414,158,36.62482742136224,51.908543908929694,1.0,1,0.2436114330201362,0,1.5361907633867116,1.0,6.149309358215526e-16
5,1,step,False,13,1.158477556120006,0.13118579982368803,0.18855795233335254,0.861497801534667,33.837397863001414,4,1.573040429892719,63,10.120835993986212,13.94226606814005,1.0,1,0.39231835051775205,0,1.5361907633867116,1.0,6.149309358215526e-16
5,1,step,False,14,1.6911301854914427,0.025331549653737094,0.13234764475274036,1.3948780066692326,36.99050377418594,4,1.5126754161719986,70,7.82599694807122,12.830351168609024,1.0,1,0.4465088969289498,0,1.5361907633867116,1.0,6.149309358215526e-16
5,1,step,False,15,0.9443564653403165,0.33969207766543497,0.30536971770350596,0.5686140600774047,68.61454808951223,4,1.2549233403767515,114,24.546968000354262,33.24617060392652,1.0,1,0.25141573151138136,0,1.5361907633867116,1.0,6.149309358215526e-16
5,1,step,False,16,1.469340822890217,0.14980485070000002,0.059506334722753726,1.0994060958644145,67.84650810599985,4,1.4085137832519536,117,18.534764586363135,28.955810419867785,1.0,1,0.3679913081794912,0,1.5361907633867116,1.0,6.149309358215526e-16
5,1,step,False,17,2.426100916153647,0.07221451453797946,0.13396921756337518,1.8155762674298326,30.159664122786523,4,1.3692893234626067,58,6.054047008644099,8.392926223184741,1.0,1,0.22067257003551638,0,1.5361907633867116,1.0,6.149309358215526e-16
5,1,step,False,18,1.2113073977099769,0.2054568014574364,0.28248299094411533,0.7543919456706542,34.494677777760245,4,1.4694076471196909,65,10.82602053150082,16.56309678049839,1.0,1,0.33099219041895855,0,1.5361907633867116,1.0,6.149309358215526e-16
5,1,step,False,19,0.6565585810840902,0.08155655594692368,0.16920178771608774,0.5798657723895476,94.9924857091055,4,1.1841976947545165,144,36.96978609357848,53.55873231954947,1.0,1,0.4297889955167578,0,1.5361907633867116,1.0,6.149309358215526e-16
5,1,step,False,20,0.22818447607247358,0.29946653902322584,0.24247710600803601,0.22721771292319382,114.43026484318936,4,1.2019047796631555,169,43.83236656690404,62.06222334747862,1.0,1,0.4640040912013469,0,1.5361907633867116,1.0,6.149309358215526e-16
5,1,step,False,21,2.8435732924836863,0.17644500320932505,0.14108848787634234,2.2355014986939183,9.042044717524398,4,1.8542263553963083,21,2.9464704608905175,4.263150799757599,1.0,1,0.2261299552390794,0,1.5361907633867116,1.0,6.149309358215526e-16
5,1,step,False,22,1.170997784687522,0.054812365178632715,0.11031236597377962,0.8321436965387609,82.5520169378254,4,1.1535871122095316,135,29.83058501371553,41.32661134980959,1.0,1,0.46714023047069275,0,1.5361907633867116,1.0,6.149309358215526e-16
5,1,step,False,23,0.7465120467117895,0.12411465714540183,0.22621884580915622,0.47678905410900263,67.49268048574271,4,1.1477873774205645,107,23.706998561935052,32.99485764915649,1.0,1,0.34103268317991825,0,1.5361907633867116,1.0,6.149309358215526e-16
5,2,step,False,0,1.1820895330230798,0.1508964440488653,0.32411163960540756,0.857374985614215,38.90297561919407,4,1.5071678897923484,67,8.985789124181698,15.128561316467394,1.0,1,0.19107180036144952,0,1.0862509059868828,0.6101364493370056,2.0712484623277966e-15
5,2,step,False,1,0.26367240428572386,0.09727602906085926,0.16539621168576113,0.22185542112478318,95.84519872031498,4,1.287746448166381,155,34.35427368596665,46.639230566280325,1.0,1,0.2101449629663511,0,1.0862509059868828,0.6101364493370056,2.0712484623277966e-15
5,2,step,False,2,1.4340599023864413,0.11955313694962694,0.174592190100755,1.158405486237627,55.98291989849718,4,1.3553777963333264,95,16.41632986027254,25.316384980269117,1.0,1,0.2741830380866237,0,1.0862509059868828,0.6101364493370056,2.0712484623277966e-15
5,2,step,False,3,2.0354935116480677,0.06990035958790254,0.05406743463390932,1.7285146722177454,33.44533630616429,4,1.4575318171354017,57,9.115233363005272,12.105474522671765,1.0,1,0.25428569625664216,0,1.0862509059868828,0.6101364493370056,2.0712484623277966e-15
5,2,step,False,4,1.71708545598336,0.09316177479796894,0.10099193842856587,1.3571937829292102,60.11580097272275,4,1.2389011314110931,99,17.05866714337629,22.048725824741304,1.0,1,0.21826668304394203,0,1.0862509059868828,0.6101364493370056,2.0712484623277966e-15
5,2,step,False,5,1.1181558309160755,0.09920993443312964,0.08198948536465712,0.7935726957298979,61.19777099850654,4,1.4314713500216605,105,21.506375726337446,28.339038695231963,1.0,1,0.1719514619625151,0,1.0862509059868828,0.6101364493370056,2.0712484623277966e-15
5,2,step,False,6,0.6253378024127711,0.18438084968261523,0.0994278080918958,0.4892243965605667,110.0586936588459,4,1.2500789463895183,165,43.75412084750901,60.04848852786747,1.0,1,0.2945691804166757,0,1.0862509059868828,0.6101364493370056,2.0712484623277966e-15
5,2,step,False,7,1.2089920649223933,0.0663251619430605,0.09013254848285365,0.9641824706292976,67.29482899156545,4,1.355290842554952,115,23.834031962292286,34.121082835776974,1.0,1,0.229668406028283,0,1.0862509059868828,0.6101364493370056,2.0712484623277966e-15
5,2,step,False,8,1.9290127460323419,0.10168887421347045,0.11002760353969786,1.4732891678458182,14.016744934235074,4,1.7009976930557105,28,3.6153285776628703,4.8068879887974525,1.0,1,0.3536734870519962,0,1.0862509059868828,0.6101364493370056,2.0712484623277966e-15
5,2,step,False,9,1.3537456170574012,0.16251594694740862,0.01697244973965534,1.04435512009004,73.0190906692872,4,1.3651017948003297,121,18.91339273230575,27.6345099782868,1.0,1,0.1695616750118055,0,1.0862509059868828,0.6101364493370056,2.0712484623277966e-15
5,2,step,False,10,1.0134078727473856,0.10864880132335121,0.1575940360127539,0.7596442934490684,73.13296962220065,4,1.3820441899567106,114,27.478479673651783,37.709265316738154,1.0,1,0.1698836490387502,0,1.0862509059868828,0.6101364493370056,2.0712484623277966e-15
5,2,step,False,11,2.6010207254251076,0.27649239651790136,0.11251685372823621,1.9476187491606891,17.438172763650442,4,1.8152890169892664,36,1.9254515272377257,2.438762800538362,1.0,1,0.2059757580520744,0,1.0862509059868828,0.6101364493370056,2.0712484623277966e-15
5,2,step,False,12,0.847995390281777,0.07694678378602611,0.14576423570776728,0.6044797632237658,99.09670441818193,4,1.2786510227569414,158,39.25603176484873,54.46520595033827,1.0,1,0.24893729320023736,0,1.0862509059868828,0.6101364493370056,2.0712484623277966e-15
5,2,step,False,13,1.158477556120006,0.09202510542640671,0.18855795233335254,0.861497801534667,33.837397863001414,4,1.573040429892719,63,11.47920392124498,16.94479714240726,1.0,1,0.2732903799582885,0,1.0862509059868828,0.6101364493370056,2.0712484623277966e-15
5,2,step,False,14,1.6911301854914427,0.05112977470644696,0.13234764475274036,1.3948780066692326,36.99050377418594,4,1.5126754161719986,70,6.305190040856649,9.656916195128703,1.0,1,0.1837876626425931,0,1.0862509059868828,0.6101364493370056,2.0712484623277966e-15
5,2,step,False,15,0.9443564653403165,0.28168017364753656,0.30536971770350596,0.5686140600774047,68.61454808951223,4,1.2549233403767515,114,24.881603449648757,32.95849521544655,1.0,1,0.22154320012860731,0,1.0862509059868828,0.6101364493370056,2.0712484623277966e-15
5,2,step,False,16,1.469340822890217,0.16858652874614136,0.059506334722753726,1.0994060958644145,67.84650810599985,4,1.4085137832519536,117,17.510259800449344,27.196045574165982,1.0,1,0.21705878564347725,0,1.0862509059868828,0.6101364493370056,2.0712484623277966e-15
5,2,step,False,17,2.426100916153647,0.06616124439069863,0.13396921756337518,1.8155762674298326,30.159664122786523,4,1.3692893234626067,58,4.100340656495686,5.739781606869306,1.0,1,0.28209878261591176,0,1.0862509059868828,0.6101364493370056,2.0712484623277966e-15
5,2,step,False,18,1.2113073977099769,0.21185512456618363,0.28248299094411533,0.7543919456706542,34.494677777760245,4,1.4694076471196909,65,9.826701156820276,14.492636131560038,1.0,1,0.30656501394747787,0,1.0862509059868828,0.6101364493370056,2.0712484623277966e-15
5,2,step,False,19,0.6565585810840902,0.10998217756552263,0.16920178771608774,0.5798657723895476,94.9924857091055,4,1.1841976947545165,144,40.499428719081884,58.13359551762777,1.0,1,0.2972779442892636,0,1.0862509059868828,0.6101364493370056,2.0712484623277966e-15
5,2,step,False,20,0.22818447607247358,0.29067063088996337,0.24247710600803601,0.22721771292319382,114.43026484318936,4,1.2019047796631555,169,44.95843815365531,62.276920419399104,1.0,1,0.2670805404867116,0,1.0862509059868828,0.6101364493370056,2.0712484623277966e-15
5,2,step,False,21,2.8435732924836863,0.18806179445197208,0.14108848787634234,2.2355014986939183,9.042044717524398,4,1.8542263553963083,21,1.6792125470604773,2.237061861899266,1.0,1,0.3303425752573694,0,1.0862509059868828,0.6101364493370056,2.0712484623277966e-15
5,2,step,False,22,1.170997784687522,0.019176977392725614,0.11031236597377962,0.8321436965387609,82.5520169378254,4,1.1535871122095316,135,27.667345817775274,37.59261839258745,1.0,1,0.26002468803500145,0,1.0862509059868828,0.6101364493370056,2.0712484623277966e-15
5,2,step,False,23,0.7465120467117895,0.10790115399112832,0.22621884580915622,0.47678905410900263,67.49268048574271,4,1.1477873774205645,107,24.878784262896982,33.80591239781707,1.0,1,0.23340767639817928,0,1.0862509059868828,0.6101364493370056,2.0712484623277966e-15
5,3,step,True,0,1.1820895330230798,0.1508964440488653,0.32411163960540756,0.857374985614215,38.90297561919407,4,1.5071678897923484,67,9.720503406166179,16.632147579842332,1.0,1,0.1218571723182136,0,0.7680953816933557,0.36357082426548004,nan
5,3,step,True,1,0.26367240428572386,0.09727602906085926,0.16539621168576113,0.22185542112478318,95.84519872031498,4,1.287746448166381,155,35.574932811737774,47.89689703378374,1.0,1,0.16411912719044802,0,0.7680953816933557,0.36357082426548004,nan
5,3,step,True,2,1.4340599023864413,0.11955313694962694,0.174592190100755,1.158405486237627,55.98291989849718,4,1.3553777963333264,95,14.722342002374535,20.48049224756933,1.0,1,0.10374727603105723,0,0.7680953816933557,0.36357082426548004,nan
5,3,step,True,3,2.0354935116480677,0.06990035958790254,0.05406743463390932,1.7285146722177454,33.44533630616429,4,1.4575318171354017,57,8.93117716946791,12.448866278778297,1.0,1,0.08751929477499534,0,0.7680953816933557,0.36357082426548004,nan
5,3,step,True,4,1.71708545598336,0.09316177479796894,0.10099193842856587,1.3571937829292102,60.11580097272275,4,1.2389011314110931,99,14.046925270459251,17.183799416065312,1.0,1,0.13119399252528,0,0.7680953816933557,0.36357082426548004,nan
5,3,step,True,5,1.1181558309160755,0.09920993443312964,0.08198948536465712,0.7935726957298979,61.19777099850654,4,1.4314713500216605,105,23.317307192211018,31.11954666655675,1.0,1,0.08988382998625476,0,0.7680953816933557,0.36357082426548004,nan
5,3,step,True,6,0.6253378024127711,0.18438084968261523,0.0994278080918958,0.4892243965605667,110.0586936588459,4,1.2500789463895183,165,43.454644079918694,58.5876418875263,1.0,1,0.1776861597588042,0,0.7680953816933557,0.36357082426548004,nan
5,3,step,True,7,1.2089920649223933,0.0663251619430605,0.09013254848285365,0.9641824706292976,67.29482899156545,4,1.355290842554952,115,21.899639500032396,29.931954465702674,1.0,1,0.14927758760877227,0,0.7680953816933557,0.36357082426548004,nan
5,3,step,True,8,1.9290127460323419,0.10168887421347045,0.11002760353969786,1.4732891678458182,14.016744934235074,4,1.7009976930557105,28,3.2364985263541275,4.19295474690619,1.0,1,0.2779722293167552,0,0.7680953816933557,0.36357082426548004,nan
5,3,step,True,9,1.3537456170574012,0.16251594694740862,0.01697244973965534,1.04435512009004,73.0190906692872,4,1.3651017948003297,121,19.36623587060674,26.802466680123494,1.0,1,0.12215447607828825,0,0.7680953816933557,0.36357082426548004,nan
5,3,step,True,10,1.0134078727473856,0.10864880132335121,0.1575940360127539,0.7596442934490684,73.13296962220065,4,1.3820441899567106,114,30.21942749659505,40.40738521150535,1.0,1,0.09108940376035743,0,0.7680953816933557,0.36357082426548004,nan
5,3,step,True,11,2.6010207254251076,0.27649239651790136,0.11251685372823621,1.9476187491606891,17.438172763650442,4,1.8152890169892664,36,1.9889066230899384,2.5774575659295107,1.0,1,0.14262159627266122,0,0.7680953816933557,0.36357082426548004,nan
5,3,step,True,12,0.847995390281777,0.07694678378602611,0.14576423570776728,0.6044797632237658,99.09670441818193,4,1.2786510227569414,158,40.98478926925789,55.489032495522906,1.0,1,0.1370276311325273,0,0.7680953816933557,0.36357082426548004,nan
5,3,step,True,13,1.158477556120006,0.09202510542640671,0.18855795233335254,0.861497801534667,33.837397863001414,4,1.573040429892719,63,13.07386247445663,17.62494533225995,1.0,1,0.10104125134368241,0,0.7680953816933557,0.36357082426548004,nan
5,3,step,True,14,1.6911301854914427,0.05112977470644696,0.13234764475274036,1.3948780066692326,36.99050377418594,4,1.5126754161719986,70,6.077725357861532,9.055580824322849,1.0,1,0.17571104993298167,0,0.7680953816933557,0.36357082426548004,nan
5,3,step,True,15,0.9443564653403165,0.28168017364753656,0.30536971770350596,0.5686140600774047,68.61454808951223,4,1.2549233403767515,114,25.908298615818904,34.79174075444053,1.0,1,0.13396903763666004,0,0.7680953816933557,0.36357082426548004,nan
5,3,step,True,16,1.469340822890217,0.16858652874614136,0.059506334722753726,1.0994060958644145,67.84650810599985,4,1.4085137832519536,117,17.35369227845694,25.1816420786907,1.0,1,0.18974088978386522,0,0.7680953816933557,0.36357082426548004,nan
5,3,step,True,17,2.426100916153647,0.06616124439069863,0.13396921756337518,1.8155762674298326,30.159664122786523,4,1.3692893234626067,58,2.877253641638546,3.562954927796053,1.0,1,0.3086665450632186,0,0.7680953816933557,0.36357082426548004,nan
5,3,step,True,18,1.2113073977099769,0.21185512456618363,0.28248299094411533,0.7543919456706542,34.494677777760245,4,1.4694076471196909,65,9.678548198483265,13.791477202195757,1.0,1,0.15559552944259541,0,0.7680953816933557,0.36357082426548004,nan
5,3,step,True,19,0.6565585810840902,0.10998217756552263,0.16920178771608774,0.5798657723895476,94.9924857091055,4,1.1841976947545165,144,40.619166804881665,53.30633542384892,1.0,1,0.10657559509926308,0,0.7680953816933557,0.36357082426548004,nan
5,3,step,True,20,0.22818447607247358,0.29067063088996337,0.24247710600803601,0.22721771292319382,114.43026484318936,4,1.2019047796631555,169,44.43276043718063,61.06112938727416,1.0,1,0.1656199360682808,0,0.7680953816933557,0.36357082426548004,nan
5,3,step,True,21,2.8435732924836863,0.18806179445197208,0.14108848787634234,2.2355014986939183,9.042044717524398,4,1.8542263553963083,21,1.0,1.0,1.0,1,0.0,1,0.7680953816933557,0.36357082426548004,nan
5,3,step,True,22,1.170997784687522,0.019176977392725614,0.11031236597377962,0.8321436965387609,82.5520169378254,4,1.1535871122095316,135,25.67218430271525,34.76591421451696,1.0,1,0.17589402437465046,0,0.7680953816933557,0.36357082426548004,nan
5,3,step,True,23,0.7465120467117895,0.10790115399112832,0.22621884580915622,0.47678905410900263,67.49268048574271,4,1.1477873774205645,107,25.843204022792033,34.841923786018405,1.0,1,0.09744493686750809,0,0.7680953816933557,0.36357082426548004,nan
6,0,init,False,0,2.54098135741418,0.10533064186018039,0.10533064186017933,1.6683342527849552,17.46057952630617,4,1.27484943904016,33,nan,nan,1.0,1,nan,0,nan,nan,nan
6,0,init,False,1,0.7412300966119058,0.18394499152415278,0.183944991524154,0.4523221269466964,58.75002316755938,4,1.3885988138108036,102,nan,nan,1.0,1,nan,0,nan,nan,nan
6,0,init,False,2,0.2768699161868602,0.45106349745289126,0.45106349745289104,0.341659833482148,59.861531152866775,4,1.334131016019222,107,nan,nan,1.0,1,nan,0,nan,nan,nan
6,0,init,False,3,0.49089716394589106,0.3314081102594584,0.3314081102594584,0.25780268821821556,84.03306920488411,4,1.2510632781073787,137,nan,nan,1.0,1,nan,0,nan,nan,nan
6,0,init,False,4,0.9705931967434145,0.36490867507886726,0.3649086750788676,0.4583565544637617,19.762615612563682,4,1.2898079726077678,47,nan,nan,1.0,1,nan,0,nan,nan,nan
6,0,init,False,5,1.595701416217555,0.053804243093254184,0.053804243093254184,0.811757240337845,75.81195041346109,4,1.48316733780218,126,nan,nan,1.0,1,nan,0,nan,nan,nan
6,0,init,False,6,1.5853100652539636,0.14833105598803048,0.14833105598803048,0.7215622322955737,53.4790893985892,4,1.3239819964929083,95,nan,nan,1.0,1,nan,0,nan,nan,nan
6,0,init,False,7,0.4018957436714012,0.5315990105554133,0.5315990105554131,0.2722467318637011,96.64326979807032,4,1.184094946286352,153,nan,nan,1.0,1,nan,0,nan,nan,nan
6,0,init,False,8,1.2700049529393447,0.1296708432144467,0.12967084321444497,0.6850481526632658,42.525822798838774,4,1.3911741521780545,73,nan,nan,1.0,1,nan,0,nan,nan,nan
6,0,init,False,9,1.396706319763929,0.08502041075510162,0.08502041075510425,0.773700771507764,71.97134862060662,4,1.170680791268743,118,nan,nan,1.0,1,nan,0,nan,nan,nan
6,0,init,False,10,0.7169159324718162,0.175129251344806,0.1751292513448041,0.39889246314504756,115.49336898557972,4,1.2014671291458443,171,nan,nan,1.0,1,nan,0,nan,nan,nan
6,0,init,False,11,2.103429569382233,0.149698142379566,0.14969814237956675,1.1211936545110492,48.80161383275155,4,1.3789303085189457,88,nan,nan,1.0,1,nan,0,nan,nan,nan
6,0,init,False,12,1.470954417908997,0.048850718270816884,0.04885071827081233,0.8343803663590249,75.62404581090895,4,1.283627964475052,117,nan,nan,1.0,1,nan,0,nan,nan,nan
6,0,init,False,13,1.388642514644572,0.11153576650856475,0.11153576650856575,0.7809233377273139,40.89857424422631,4,1.2771140316097331,72,nan,nan,1.0,1,nan,0,nan,nan,nan
6,0,init,False,14,3.7373453800473535,0.10974758732324424,0.10974758732324526,2.460869903507289,2.7073364238549575,4,4.564046198290462,8,nan,nan,1.0,1,nan,0,nan,nan,nan
6,0,init,False,15,0.40616906286920945,0.43286249733228066,0.43286249733228066,0.4135643299208524,50.47056557527236,4,1.434244672769924,91,nan,nan,1.0,1,nan,0,nan,nan,nan
6,0,init,False,16,0.3890029855377656,0.181642278548978,0.1816422785489786,0.3081396337178968,122.0736781920817,4,1.2172174899420798,178,nan,nan,1.0,1,nan,0,nan,nan,nan
6,0,init,False,17,2.1699025667912704,0.18857348268746313,0.18857348268746224,1.2575505083726142,36.98537468571456,4,1.4482690910673952,70,nan,nan,1.0,1,nan,0,nan,nan,nan
6,0,init,False,18,2.1977118582756474,0.2634955529650224,0.263495552965022,1.1995074475134946,16.87004217402684,4,1.443738741870929,33,nan,nan,1.0,1,nan,0,nan,nan,nan
6,0,init,False,19,0.8905675226758757,0.07690053708953833,0.07690053708953833,0.5973469299301543,79.6001769273492,4,1.2791646380629778,128,nan,nan,1.0,1,nan,0,nan,nan,nan
6,0,init,False,20,1.1310230282852698,0.1366877139446659,0.13668771394466506,0.6302446691925783,74.3621311687393,4,1.4697135649056174,122,nan,nan,1.0,1,nan,0,nan,nan,nan
6,0,init,False,21,2.0401207972277002,0.10018629607510075,0.10018629607509964,1.1638306853755096,56.20392719180741,4,1.334272943232875,93,nan,nan,1.0,1,nan,0,nan,nan,nan
6,0,init,False,22,0.9210253947734512,0.12253753551768772,0.12253753551768862,0.5248899521282914,64.23113255828872,4,1.2918368917104768,104,nan,nan,1.0,1,nan,0,nan,nan,nan
6,0,init,False,23,1.5776915231880368,0.06722009441183967,0.06722009441184132,0.9423351722465786,75.37873253565283,4,1.217459543327222,119,nan,nan,1.0,1,nan,0,nan,nan,nan
6,1,step,False,0,2.54098135741418,0.12048262665867714,0.10533064186017933,1.6683342527849552,17.46057952630617,4,1.27484943904016,33,4.56212628291968,5.674297662226074,1.0,1,0.634025793785249,0,1.6273409581129943,1.0,2.2243008699606686e-14
6,1,step,False,1,0.7412300966119058,0.3455374632358426,0.183944991524154,0.4523221269466964,58.75002316755938,4,1.3885988138108036,102,15.36275977580894,21.212459869668514,1.0,1,0.39817064161527754,0,1.6273409581129943,1.0,2.2243008699606686e-14
6,1,step,False,2,0.2768699161868602,0.5114091488848339,0.45106349745289104,0.341659833482148,59.861531152866775,4,1.334131016019222,107,16.83259370480924,24.677812307732694,1.0,1,0.41178814594647917,0,1.6273409581129943,1.0,2.2243008699606686e-14
6,1,step,False,3,0.49089716394589106,0.2564715574456185,0.3314081102594584,0.25780268821821556,84.03306920488411,4,1.2510632781073787,137,26.58959450332477,36.08096288938939,1.0,1,0.5256287306708766,0,1.6273409581129943,1.0,2.2243008699606686e-14
6,1,step,False,4,0.9705931967434145,0.3691371259714009,0.3649086750788676,0.4583565544637617,19.762615612563682,4,1.2898079726077678,47,4.038392606080533,5.0076918234151195,1.0,1,0.25804307127852466,0,1.6273409581129943,1.0,2.2243008699606686e-14
6,1,step,False,5,1.595701416217555,0.031622029646215855,0.053804243093254184,0.811757240337845,75.81195041346109,4,1.48316733780218,126,23.96852315630904,33.80458412771796,1.0,1,0.2272244023620939,0,1.6273409581129943,1.0,2.2243008699606686e-14
6,1,step,False,6,1.5853100652539636,0.17843065542994854,0.14833105598803048,0.7215622322955737,53.4790893985892,4,1.3239819964929083,95,13.618710527794772,19.98800139924261,1.0,1,0.33693583357132745,0,1.6273409581129943,1.0,2.2243008699606686e-14
6,1,step,False,7,0.4018957436714012,0.17049645905511138,0.5315990105554131,0.2722467318637011,96.64326979807032,4,1.184094946286352,153,35.1861851967134,46.97883811133255,1.0,1,0.3725462677320476,0,1.6273409581129943,1.0,2.2243008699606686e-14
6,1,step,False,8,1.2700049529393447,0.18666952212007726,0.12967084321444497,0.6850481526632658,42.525822798838774,4,1.3911741521780545,73,12.732039682213614,20.480168688471355,1.0,1,0.42008150139921724,0,1.6273409581129943,1.0,2.2243008699606686e-14
6,1,step,False,9,1.396706319763929,0.11136339344702247,0.08502041075510425,0.773700771507764,71.97134862060662,4,1.170680791268743,118,25.155465580470995,33.63605214959357,1.0,1,0.6420491083599571,0,1.6273409581129943,1.0,2.2243008699606686e-14
6,1,step,False,10,0.7169159324718162,0.12687283975925306,0.1751292513448041,0.39889246314504756,115.49336898557972,4,1.2014671291458443,171,49.35571960074817,67.07116552927494,1.0,1,0.48720919093859283,0,1.6273409581129943,1.0,2.2243008699606686e-14
6,1,step,False,11,2.103429569382233,0.13330744711026363,0.14969814237956675,1.1211936545110492,48.80161383275155,4,1.3789303085189457,88,14.519322894768052,19.3033197375298,1.0,1,0.26120549758583367,0,1.6273409581129943,1.0,2.2243008699606686e-14
6,1,step,False,12,1.470954417908997,0.0863879994573485,0.04885071827081233,0.8343803663590249,75.62404581090895,4,1.283627964475052,117,25.79336491686083,38.79039582110543,1.0,1,0.39509971545144607,0,1.6273409581129943,1.0,2.2243008699606686e-14
6,1,step,False,13,1.388642514644572,0.04387256021836664,0.11153576650856575,0.7809233377273139,40.89857424422631,4,1.2771140316097331,72,10.016672991582903,13.1215986348465,1.0,1,0.3473559513992979,0,1.6273409581129943,1.0,2.2243008699606686e-14
6,1,step,False,14,3.7373453800473535,0.10974758732324424,0.10974758732324526,2.460869903507289,2.7073364238549575,4,4.564046198290462,8,1.029148248488495,1.0582470091303795,1.0,1,0.07586469262007019,0,1.6273409581129943,1.0,2.2243008699606686e-14
6,1,step,False,15,0.40616906286920945,0.3691371533071555,0.43286249733228066,0.4135643299208524,50.47056557527236,4,1.434244672769924,91,12.403690647773246,18.229232119301496,1.0,1,0.21203659428447633,0,1.6273409581129943,1.0,2.2243008699606686e-14
6,1,step,False,16,0.3890029855377656,0.16318658733625385,0.1816422785489786,0.3081396337178968,122.0736781920817,4,1.2172174899420798,178,48.173609060085724,69.33492169693001,1.0,1,0.5969445233071677,0,1.6273409581129943,1.0,2.2243008699606686e-14
6,1,step,False,17,2.1699025667912704,0.049274025075284736,0.18857348268746224,1.2575505083726142,36.98537468571456,4,1.4482690910673952,70,8.755496127665829,12.896568378973392,1.0,1,0.23280018435745597,0,1.6273409581129943,1.0,2.2243008699606686e-14
6,1,step,False,18,2.1977118582756474,0.2612200089365481,0.263495552965022,1.1995074475134946,16.87004217402684,4,1.443738741870929,33,5.036642953042845,6.2376054455124255,1.0,1,0.3152813235281308,0,1.6273409581129943,1.0,2.2243008699606686e-14
6,1,step,False,19,0.8905675226758757,0.04823254616476408,0.07690053708953833,0.5973469299301543,79.6001769273492,4,1.2791646380629778,128,30.213062681903562,42.1425408445288,1.0,1,0.4198255573650671,0,1.6273409581129943,1.0,2.2243008699606686e-14
6,1,step,False,20,1.1310230282852698,0.13065265287514688,0.13668771394466506,0.6302446691925783,74.3621311687393,4,1.4697135649056174,122,25.350055972965464,34.337063368970774,1.0,1,0.26562790680984016,0,1.6273409581129943,1.0,2.2243008699606686e-14
6,1,step,False,21,2.0401207972277002,0.06487718627761563,0.10018629607509964,1.1638306853755096,56.20392719180741,4,1.334272943232875,93,17.60425583224027,23.710192275256475,1.0,1,0.2981504224598031,0,1.6273409581129943,1.0,2.2243008699606686e-14
6,1,step,False,22,0.9210253947734512,0.09357484768823336,0.12253753551768862,0.5248899521282914,64.23113255828872,4,1.2918368917104768,104,23.935624294868877,31.737084635556386,1.0,1,0.3822056243371516,0,1.6273409581129943,1.0,2.2243008699606686e-14
6,1,step,False,23,1.5776915231880368,0.0681456104842534,0.06722009441184132,0.9423351722465786,75.37873253565283,4,1.217459543327222,119,29.76694276056097,41.88065224055272,1.0,1,0.3937617738783561,0,1.6273409581129943,1.0,2.2243008699606686e-14
6,2,step,True,0,2.54098135741418,0.12048262665867714,0.10533064186017933,1.6683342527849552,17.46057952630617,4,1.27484943904016,33,3.598162319401533,3.9877572432400017,1.0,1,0.23221911254839314,0,1.1507038267843115,0.60589399933815,nan
6,2,step,True,1,0.7412300966119058,0.3455374632358426,0.183944991524154,0.4523221269466964,58.75002316755938,4,1.3885988138108036,102,17.750815495339694,25.159091691391378,1.0,1,0.18449473803905103,0,1.1507038267843115,0.60589399933815,nan
6,2,step,True,2,0.2768699161868602,0.5114091488848339,0.45106349745289104,0.341659833482148,59.861531152866775,4,1.334131016019222,107,18.41874786374941,27.337739988656757,1.0,1,0.18829133377084264,0,1.1507038267843115,0.60589399933815,nan
6,2,step,True,3,0.49089716394589106,0.2564715574456185,0.3314081102594584,0.25780268821821556,84.03306920488411,4,1.2510632781073787,137,24.061662650565836,33.02002554539658,1.0,1,0.3788803123784072,0,1.1507038267843115,0.60589399933815,nan
6,2,step,True,4,0.9705931967434145,0.3691371259714009,0.3649086750788676,0.4583565544637617,19.762615612563682,4,1.2898079726077678,47,4.557759148885532,6.365545336682741,1.0,1,0.26629383819646113,0,1.1507038267843115,0.60589399933815,nan
6,2,step,True,5,1.595701416217555,0.031622029646215855,0.053804243093254184,0.811757240337845,75.81195041346109,4,1.48316733780218,126,20.98797978512623,27.745948267271817,1.0,1,0.17787537130593567,0,1.1507038267843115,0.60589399933815,nan
6,2,step,True,6,1.5853100652539636,0.17843065542994854,0.14833105598803048,0.7215622322955737,53.4790893985892,4,1.3239819964929083,95,15.444396336563392,21.608366080574495,1.0,1,0.13578045084870616,0,1.1507038267843115,0.60589399933815,nan
6,2,step,True,7,0.4018957436714012,0.17049645905511138,0.5315990105554131,0.2722467318637011,96.64326979807032,4,1.184094946286352,153,39.69577775462034,53.83695271019077,1.0,1,0.2632111913746933,0,1.1507038267843115,0.60589399933815,nan
6,2,step,True,8,1.2700049529393447,0.18666952212007726,0.12967084321444497,0.6850481526632658,42.525822798838774,4,1.3911741521780545,73,13.478620515230526,20.964342944285832,1.0,1,0.23371665290232052,0,1.1507038267843115,0.60589399933815,nan
6,2,step,True,9,1.396706319763929,0.11136339344702247,0.08502041075510425,0.773700771507764,71.97134862060662,4,1.170680791268743,118,25.607389804136663,33.910038365524905,1.0,1,0.2428396606962502,0,1.1507038267843115,0.60589399933815,nan
6,2,step,True,10,0.7169159324718162,0.12687283975925306,0.1751292513448041,0.39889246314504756,115.49336898557972,4,1.2014671291458443,171,48.443780639485375,64.48000223532927,1.0,1,0.3395206098908641,0,1.1507038267843115,0.60589399933815,nan
6,2,step,True,11,2.103429569382233,0.13330744711026363,0.14969814237956675,1.1211936545110492,48.80161383275155,4,1.3789303085189457,88,11.704370958123649,14.293616085059663,1.0,1,0.1083066510232706,0,1.1507038267843115,0.60589399933815,nan
6,2,step,True,12,1.470954417908997,0.0863879994573485,0.04885071827081233,0.8343803663590249,75.62404581090895,4,1.283627964475052,117,25.92207193605387,37.7016147314712,1.0,1,0.33338467015227813,0,1.1507038267843115,0.60589399933815,nan
6,2,step,True,13,1.388642514644572,0.04387256021836664,0.11153576650856575,0.7809233377273139,40.89857424422631,4,1.2771140316097331,72,11.244884259437072,15.21538965261791,1.0,1,0.18281369607240464,0,1.1507038267843115,0.60589399933815,nan
6,2,step,True,14,3.7373453800473535,0.10974758732324424,0.10974758732324526,2.460869903507289,2.7073364238549575,4,4.564046198290462,8,1.0,1.0,1.0,1,0.0,1,1.1507038267843115,0.60589399933815,nan
6,2,step,True,15,0.40616906286920945,0.3691371533071555,0.43286249733228066,0.4135643299208524,50.47056557527236,4,1.434244672769924,91,13.282667864143761,19.67654282730416,1.0,1,0.19542143634335446,0,1.1507038267843115,0.60589399933815,nan
6,2,step,True,16,0.3890029855377656,0.16318658733625385,0.1816422785489786,0.3081396337178968,122.0736781920817,4,1.2172174899420798,178,51.7440408715375,73.20653821010602,1.0,1,0.24306301350882353,0,1.1507038267843115,0.60589399933815,nan
6,2,step,True,17,2.1699025667912704,0.049274025075284736,0.18857348268746224,1.2575505083726142,36.98537468571456,4,1.4482690910673952,70,7.7312310119129455,11.014605987889805,1.0,1,0.142422298330788,0,1.1507038267843115,0.60589399933815,nan
6,2,step,True,18,2.1977118582756474,0.2612200089365481,0.263495552965022,1.1995074475134946,16.87004217402684,4,1.443738741870929,33,4.563493345931363,5.0101210166209516,1.0,1,0.1888922778829974,0,1.1507038267843115,0.60589399933815,nan
6,2,step,True,19,0.8905675226758757,0.04823254616476408,0.07690053708953833,0.5973469299301543,79.6001769273492,4,1.2791646380629778,128,28.438637865514178,39.24275551806422,1.0,1,0.2917877206755254,0,1.1507038267843115,0.60589399933815,nan
6,2,step,True,20,1.1310230282852698,0.13065265287514688,0.13668771394466506,0.6302446691925783,74.3621311687393,4,1.4697135649056174,122,26.40886599644171,35.12650409767711,1.0,1,0.22478589571646032,0,1.1507038267843115,0.60589399933815,nan
6,2,step,True,21,2.0401207972277002,0.06487718627761563,0.10018629607509964,1.1638306853755096,56.20392719180741,4,1.334272943232875,93,14.13733587327269,18.791817974380297,1.0,1,0.2212621914318506,0,1.1507038267843115,0.60589399933815,nan
6,2,step,True,22,0.9210253947734512,0.09357484768823336,0.12253753551768862,0.5248899521282914,64.23113255828872,4,1.2918368917104768,104,25.166356698368116,33.12052844089748,1.0,1,0.25990813700648946,0,1.1507038267843115,0.60589399933815,nan
6,2,step,True,23,1.5776915231880368,0.0681456104842534,0.06722009441184132,0.9423351722465786,75.37873253565283,4,1.217459543327222,119,26.61095689630213,36.4596416617776,1.0,1,0.26371412167231045,0,1.1507038267843115,0.60589399933815,nan
7,0,init,False,0,1.695893548209062,0.19525904343548456,0.19525904343548456,0.9573948863427433,53.465993280249634,4,1.2472880042483732,97,nan,nan,1.0,1,nan,0,nan,nan,nan
7,0,init,False,1,2.2857085843603824,0.08816563490339002,0.08816563490338374,1.407207050863268,33.80790741579857,4,1.3955810576463779,68,nan,nan,1.0,1,nan,0,nan,nan,nan
7,0,init,False,2,0.7496180157712998,0.22128192646225778,0.22128192646225855,0.5188666530424966,102.02524851658946,4,1.2462523477289515,158,nan,nan,1.0,1,nan,0,nan,nan,nan
7,0,init,False,3,0.7321385464267546,0.43061914756824915,0.43061914756824915,0.4566342126644743,78.43110798093267,4,1.266839737976448,118,nan,nan,1.0,1,nan,0,nan,nan,nan
7,0,init,False,4,1.3432311769705663,0.022440461770385334,0.022440461770385334,0.9259020799765998,75.99552897688298,4,1.1526094094761743,130,nan,nan,1.0,1,nan,0,nan,nan,nan
7,0,init,False,5,2.5599472376981836,0.12059792129482769,0.12059792129482677,1.516949512907638,24.62584607685912,4,1.7856351223096008,46,nan,nan,1.0,1,nan,0,nan,nan,nan
7,0,init,False,6,2.5719546876022785,0.08038873524180516,0.0803887352418024,1.6257582648923694,25.886473484609475,4,1.3148413721217607,49,nan,nan,1.0,1,nan,0,nan,nan,nan
7,0,init,False,7,0.5562056173718655,0.20872328781321878,0.20872328781321825,0.3844420441868076,109.16931197286914,4,1.204066454109447,169,nan,nan,1.0,1,nan,0,nan,nan,nan
7,0,init,False,8,0.18965584778829725,0.9143077372142384,0.9143077372142385,0.22116256011098753,78.52859213405438,4,1.3153045139270814,121,nan,nan,1.0,1,nan,0,nan,nan,nan
7,0,init,False,9,1.7902645027757145,0.2041430775873366,0.20414307758733768,1.1345627468432873,30.051260915893067,4,1.5234981204062745,62,nan,nan,1.0,1,nan,0,nan,nan,nan
7,0,init,False,10,1.8688287133032908,0.10160294257412225,0.10160294257412553,1.164129773233636,13.875457717056847,4,1.5335676978780175,32,nan,nan,1.0,1,nan,0,nan,nan,nan
7,0,init,False,11,1.798904448533471,0.06039189156361457,0.06039189156360905,1.01696113752201,22.526533495044212,4,1.4991487356783237,45,nan,nan,1.0,1,nan,0,nan,nan,nan
7,0,init,False,12,1.656085565633077,0.24183518523562716,0.2418351852356281,0.9201230880504457,66.52874753848387,4,1.4668885675408487,111,nan,nan,1.0,1,nan,0,nan,nan,nan
7,0,init,False,13,1.4164375940140463,0.12684618222524618,0.12684618222524793,0.8454071957022431,49.903785347071945,4,1.4397238092834648,87,nan,nan,1.0,1,nan,0,nan,nan,nan
7,0,init,False,14,0.9095282557893342,0.5823441853318558,0.5823441853318562,0.5919228099474745,25.982990440588615,4,1.8809392902878954,46,nan,nan,1.0,1,nan,0,nan,nan,nan
7,0,init,False,15,0.979959092698329,0.12345671530436458,0.12345671530436549,0.6714650101740443,100.22869046624908,4,1.1588893870320889,154,nan,nan,1.0,1,nan,0,nan,nan,nan
7,0,init,False,16,0.6074272708457642,0.15945736630496707,0.15945736630496915,0.4085003650284757,114.58790735195603,4,1.2143450195914391,171,nan,nan,1.0,1,nan,0,nan,nan,nan
7,0,init,False,17,0.7090745349758502,0.2824515192779555,0.28245151927795586,0.5006839274000127,91.91038893568631,4,1.2310369715249714,147,nan,nan,1.0,1,nan,0,nan,nan,nan
7,0,init,False,18,1.6675110350894953,0.05872379568227734,0.05872379568227734,1.0925690653641356,63.257256614165854,4,1.2209103837488429,107,nan,nan,1.0,1,nan,0,nan,nan,nan
7,0,init,False,19,0.9835998101561569,0.132463352024765,0.132463352024765,0.6627376854633845,95.24671985369999,4,1.1657662482924642,146,nan,nan,1.0,1,nan,0,nan,nan,nan
7,0,init,False,20,1.3118515925786611,0.08429378441610506,0.08429378441610243,0.9235690947304813,32.39522492289318,4,1.297573357104855,59,nan,nan,1.0,1,nan,0,nan,nan,nan
7,0,init,False,21,2.4897466425669204,0.1589147823289075,0.1589147823289075,1.7721822389908501,12.877475319551785,4,1.6628685030494748,28,nan,nan,1.0,1,nan,0,nan,nan,nan
7,0,init,False,22,0.5277176915553676,0.37647377676361266,0.37647377676361277,0.3747600967617925,109.47356309689263,4,1.2290279960899777,170,nan,nan,1.0,1,nan,0,nan,nan,nan
7,0,init,False,23,2.43209115517156,0.08425974037642339,0.08425974037642406,1.4524038013586822,29.217988145921435,4,1.4840626442287876,55,nan,nan,1.0,1,nan,0,nan,nan,nan
7,1,step,False,0,1.695893548209062,0.15447679472257583,0.19525904343548456,0.9573948863427433,53.465993280249634,4,1.2472880042483732,97,15.507996359957538,23.645960967002807,1.0,1,0.533400494739218,0,1.6605951643384131,1.0,1.3623890063333895e-15
7,1,step,False,1,2.2857085843603824,0.13641304764636744,0.08816563490338374,1.407207050863268,33.80790741579857,4,1.3955810576463779,68,6.521452823460307,10.042722663536358,1.0,1,0.39725087951060445,0,1.6605951643384131,1.0,1.3623890063333895e-15
7,1,step,False,2,0.7496180157712998,0.1470359655962912,0.22128192646225855,0.5188666530424966,102.02524851658946,4,1.2462523477289515,158,34.97049595842469,45.117098805605764,1.0,1,0.4753371114794653,0,1.6605951643384131,1.0,1.3623890063333895e-15
7,1,step,False,3,0.7321385464267546,0.2510163982236913,0.43061914756824915,0.4566342126644743,78.43110798093267,4,1.266839737976448,118,26.15095431798394,36.65837000379006,1.0,1,0.3695898111014688,0,1.6605951643384131,1.0,1.3623890063333895e-15
7,1,step,False,4,1.3432311769705663,0.06570691278135285,0.022440461770385334,0.9259020799765998,75.99552897688298,4,1.1526094094761743,130,24.44210631248285,34.81996011635408,1.0,1,0.4796861174429015,0,1.6605951643384131,1.0,1.3623890063333895e-15
7,1,step,False,5,2.5599472376981836,0.14006141586808005,0.12059792129482677,1.516949512907638,24.62584607685912,4,1.7856351223096008,46,5.357523042615443,8.406724959483544,1.0,1,0.32220522353915115,0,1.6605951643384131,1.0,1.3623890063333895e-15
7,1,step,False,6,2.5719546876022785,0.05171523113026875,0.0803887352418024,1.6257582648923694,25.886473484609475,4,1.3148413721217607,49,7.442089797589687,11.60852096269116,1.0,1,0.5463869913982096,0,1.6605951643384131,1.0,1.3623890063333895e-15
7,1,step,False,7,0.5562056173718655,0.21817421155398117,0.20872328781321825,0.3844420441868076,109.16931197286914,4,1.204066454109447,169,44.71463294585974,61.689432715257816,1.0,1,0.5320047090987311,0,1.6605951643384131,1.0,1.3623890063333895e-15
7,1,step,False,8,0.18965584778829725,0.9159641701526985,0.9143077372142385,0.22116256011098753,78.52859213405438,4,1.3153045139270814,121,23.813398992061803,33.90219620912647,1.0,1,0.4069091908112035,0,1.6605951643384131,1.0,1.3623890063333895e-15
7,1,step,False,9,1.7902645027757145,0.08970474735454183,0.20414307758733768,1.1345627468432873,30.051260915893067,4,1.5234981204062745,62,7.457892022467633,11.932053152406091,1.0,1,0.5744332459923702,0,1.6605951643384131,1.0,1.3623890063333895e-15
7,1,step,False,10,1.8688287133032908,0.1150817205752248,0.10160294257412553,1.164129773233636,13.875457717056847,4,1.5335676978780175,32,2.8772665735759375,4.694833760672325,1.0,1,0.3469452157872725,0,1.6605951643384131,1.0,1.3623890063333895e-15
7,1,step,False,11,1.798904448533471,0.10442045197453259,0.06039189156360905,1.01696113752201,22.526533495044212,4,1.4991487356783237,45,5.78007146162151,7.526320493440781,1.0,1,0.10578140168011707,0,1.6605951643384131,1.0,1.3623890063333895e-15
7,1,step,False,12,1.656085565633077,0.1966729038886301,0.2418351852356281,0.9201230880504457,66.52874753848387,4,1.4668885675408487,111,22.07633146972727,31.83853491192256,1.0,1,0.3068530124966845,0,1.6605951643384131,1.0,1.3623890063333895e-15
7,1,step,False,13,1.4164375940140463,0.09396650887355727,0.12684618222524793,0.8454071957022431,49.903785347071945,4,1.4397238092834648,87,9.722569566055254,14.735965812203196,1.0,1,0.31584560249194205,0,1.6605951643384131,1.0,1.3623890063333895e-15
7,1,step,False,14,0.9095282557893342,0.5474507590527847,0.5823441853318562,0.5919228099474745,25.982990440588615,4,1.8809392902878954,46,7.198143495626002,10.72591774988459,1.0,1,0.43735091985279945,0,1.6605951643384131,1.0,1.3623890063333895e-15
7,1,step,False,15,0.979959092698329,0.11371516669472644,0.12345671530436549,0.6714650101740443,100.22869046624908,4,1.1588893870320889,154,38.69873344675015,53.853702182277424,1.0,1,0.4668240341179638,0,1.6605951643384131,1.0,1.3623890063333895e-15
7,1,step,False,16,0.6074272708457642,0.19275814327102903,0.15945736630496915,0.4085003650284757,114.58790735195603,4,1.2143450195914391,171,48.0641338327472,67.445561422251,1.0,1,0.5162515695074796,0,1.6605951643384131,1.0,1.3623890063333895e-15
7,1,step,False,17,0.7090745349758502,0.12674360487503836,0.28245151927795586,0.5006839274000127,91.91038893568631,4,1.2310369715249714,147,30.956332724561626,42.95449234441716,1.0,1,0.46020855001540245,0,1.6605951643384131,1.0,1.3623890063333895e-15
7,1,step,False,18,1.6675110350894953,0.04353973828754984,0.05872379568227734,1.0925690653641356,63.257256614165854,4,1.2209103837488429,107,18.308987459315652,24.98037696756598,1.0,1,0.4442146435423136,0,1.6605951643384131,1.0,1.3623890063333895e-15
7,1,step,False,19,0.9835998101561569,0.0887888867122716,0.132463352024765,0.6627376854633845,95.24671985369999,4,1.1657662482924642,146,38.0516721386496,53.05114956342134,1.0,1,0.46835954461063695,0,1.6605951643384131,1.0,1.3623890063333895e-15
7,1,step,False,20,1.3118515925786611,0.08598298581454865,0.08429378441610243,0.9235690947304813,32.39522492289318,4,1.297573357104855,59,9.105175267293191,13.6607547925201,1.0,1,0.23836105228527504,0,1.6605951643384131,1.0,1.3623890063333895e-15
7,1,step,False,21,2.4897466425669204,0.12965753641854996,0.1589147823289075,1.7721822389908501,12.877475319551785,4,1.6628685030494748,28,2.8940313917716844,3.8037747892889238,1.0,1,0.3460164470881304,0,1.6605951643384131,1.0,1.3623890063333895e-15
7,1,step,False,22,0.5277176915553676,0.29869748981921634,0.37647377676361277,0.3747600967617925,109.47356309689263,4,1.2290279960899777,170,41.3399474802764,56.28471301796256,1.0,1,0.6407550790643667,0,1.6605951643384131,1.0,1.3623890063333895e-15
7,1,step,False,23,2.43209115517156,0.13807134709454288,0.08425974037642406,1.4524038013586822,29.217988145921435,4,1.4840626442287876,55,8.548061119125059,13.752532896366455,1.0,1,0.44350881416739907,0,1.6605951643384131,1.0,1.3623890063333895e-15
7,2,step,False,0,1.695893548209062,0.14595305497695313,0.19525904343548456,0.9573948863427433,53.465993280249634,4,1.2472880042483732,97,13.815881020926046,19.016021935926666,1.0,1,0.32955074687486924,0,1.1742181015092812,0.5928255915641785,2.6964479469076467e-14
7,2,step,False,1,2.2857085843603824,0.18759544747173798,0.08816563490338374,1.407207050863268,33.80790741579857,4,1.3955810576463779,68,7.227355704434017,10.927948003697566,1.0,1,0.3044019673863874,0,1.1742181015092812,0.5928255915641785,2.6964479469076467e-14
7,2,step,False,2,0.7496180157712998,0.163617037574563,0.22128192646225855,0.5188666530424966,102.02524851658946,4,1.2462523477289515,158,37.443957190639196,50.71096831124608,1.0,1,0.25369883674390087,0,1.1742181015092812,0.5928255915641785,2.6964479469076467e-14
7,2,step,False,3,0.7321385464267546,0.2053111110110485,0.43061914756824915,0.4566342126644743,78.43110798093267,4,1.266839737976448,118,30.091145728060496,42.111664684098756,1.0,1,0.29927346039565533,0,1.1742181015092812,0.5928255915641785,2.6964479469076467e-14
7,2,step,False,4,1.3432311769705663,0.05033480002828763,0.022440461770385334,0.9259020799765998,75.99552897688298,4,1.1526094094761743,130,20.90241114829993,27.08665800108674,1.0,1,0.17016643552997066,0,1.1742181015092812,0.5928255915641785,2.6964479469076467e-14
7,2,step,False,5,2.5599472376981836,0.1574775760181722,0.12059792129482677,1.516949512907638,24.62584607685912,4,1.7856351223096008,46,4.758537673262734,7.733746691318027,1.0,1,0.31278660157902755,0,1.1742181015092812,0.5928255915641785,2.6964479469076467e-14
7,2,step,False,6,2.5719546876022785,0.09234297863847474,0.0803887352418024,1.6257582648923694,25.886473484609475,4,1.3148413721217607,49,5.725727161097732,7.725131146927955,1.0,1,0.2054163103888765,0,1.1742181015092812,0.5928255915641785,2.6964479469076467e-14
7,2,step,False,7,0.5562056173718655,0.23603079064517005,0.20872328781321825,0.3844420441868076,109.16931197286914,4,1.204066454109447,169,45.5001719897446,64.35087942011272,1.0,1,0.3407272233063973,0,1.1742181015092812,0.5928255915641785,2.6964479469076467e-14
7,2,step,False,8,0.18965584778829725,0.882491574876988,0.9143077372142385,0.22116256011098753,78.52859213405438,4,1.3153045139270814,121,23.854729682059386,35.188434185807544,1.0,1,0.2636931415143866,0,1.1742181015092812,0.5928255915641785,2.6964479469076467e-14
7,2,step,False,9,1.7902645027757145,0.06982788513359937,0.20414307758733768,1.1345627468432873,30.051260915893067,4,1.5234981204062745,62,7.700721635167865,11.45615886915714,1.0,1,0.26854150886847444,0,1.1742181015092812,0.5928255915641785,2.6964479469076467e-14
7,2,step,False,10,1.8688287133032908,0.17251550833693582,0.10160294257412553,1.164129773233636,13.875457717056847,4,1.5335676978780175,32,2.6605563687226588,3.7229470205120023,1.0,1,0.2734638627418869,0,1.1742181015092812,0.5928255915641785,2.6964479469076467e-14
7,2,step,False,11,1.798904448533471,0.161624502075079,0.06039189156360905,1.01696113752201,22.526533495044212,4,1.4991487356783237,45,5.965001256282327,8.040463340509413,1.0,1,0.11282626347437057,0,1.1742181015092812,0.5928255915641785,2.6964479469076467e-14
7,2,step,False,12,1.656085565633077,0.17879773319497005,0.2418351852356281,0.9201230880504457,66.52874753848387,4,1.4668885675408487,111,21.767387315339615,30.69848342072565,1.0,1,0.20932408960482815,0,1.1742181015092812,0.5928255915641785,2.6964479469076467e-14
7,2,step,False,13,1.4164375940140463,0.06794547294101139,0.12684618222524793,0.8454071957022431,49.903785347071945,4,1.4397238092834648,87,12.362784412035065,19.342224652710705,1.0,1,0.2817976505558228,0,1.1742181015092812,0.5928255915641785,2.6964479469076467e-14
7,2,step,False,14,0.9095282557893342,0.49310377880609785,0.5823441853318562,0.5919228099474745,25.982990440588615,4,1.8809392902878954,46,7.489381277842938,10.194515110505067,1.0,1,0.23504142943354173,0,1.1742181015092812,0.5928255915641785,2.6964479469076467e-14
7,2,step,False,15,0.979959092698329,0.11638904159949524,0.12345671530436549,0.6714650101740443,100.22869046624908,4,1.1588893870320889,154,37.458648431557,51.27552506218557,1.0,1,0.32428361231546826,0,1.1742181015092812,0.5928255915641785,2.6964479469076467e-14
7,2,step,False,16,0.6074272708457642,0.14092857978582274,0.15945736630496915,0.4085003650284757,114.58790735195603,4,1.2143450195914391,171,48.064178715838146,66.01541640864986,1.0,1,0.23924748106016283,0,1.1742181015092812,0.5928255915641785,2.6964479469076467e-14
7,2,step,False,17,0.7090745349758502,0.12357698756246058,0.28245151927795586,0.5006839274000127,91.91038893568631,4,1.2310369715249714,147,31.673804478996047,43.191373980304945,1.0,1,0.25374872441127644,0,1.1742181015092812,0.5928255915641785,2.6964479469076467e-14
7,2,step,False,18,1.6675110350894953,0.06903286326085155,0.05872379568227734,1.0925690653641356,63.257256614165854,4,1.2209103837488429,107,18.56030179656974,25.13568009001525,1.0,1,0.29571370935676367,0,1.1742181015092812,0.5928255915641785,2.6964479469076467e-14
7,2,step,False,19,0.9835998101561569,0.10432024497646936,0.132463352024765,0.6627376854633845,95.24671985369999,4,1.1657662482924642,146,35.9454821092723,48.82213638228934,1.0,1,0.32367692175017937,0,1.1742181015092812,0.5928255915641785,2.6964479469076467e-14
7,2,step,False,20,1.3118515925786611,0.10452151791869028,0.08429378441610243,0.9235690947304813,32.39522492289318,4,1.297573357104855,59,10.605013004450889,14.680662622168288,1.0,1,0.19714707548414673,0,1.1742181015092812,0.5928255915641785,2.6964479469076467e-14
7,2,step,False,21,2.4897466425669204,0.1303658970776214,0.1589147823289075,1.7721822389908501,12.877475319551785,4,1.6628685030494748,28,1.5968394405618267,1.9390105877357697,1.0,1,0.3046045143555714,0,1.1742181015092812,0.5928255915641785,2.6964479469076467e-14
7,2,step,False,22,0.5277176915553676,0.2413437914736877,0.37647377676361277,0.3747600967617925,109.47356309689263,4,1.2290279960899777,170,41.48598463948978,57.798857984808166,1.0,1,0.3467833226275504,0,1.1742181015092812,0.5928255915641785,2.6964479469076467e-14
7,2,step,False,23,2.43209115517156,0.1223187132019686,0.08425974037642406,1.4524038013586822,29.217988145921435,4,1.4840626442287876,55,7.344012793395347,9.713768647887603,1.0,1,0.23465216314207402,0,1.1742181015092812,0.5928255915641785,2.6964479469076467e-14
7,3,step,False,0,1.695893548209062,0.19316159207661937,0.19525904343548456,0.9573948863427433,53.465993280249634,4,1.2472880042483732,97,14.521724061583503,18.709345977558787,1.0,1,0.15579170661868746,0,0.8302975821692065,0.3459242135286331,2.133949895126663e-13
7,3,step,False,1,2.2857085843603824,0.2746571237535122,0.08816563490338374,1.407207050863268,33.80790741579857,4,1.3955810576463779,68,7.359964680568009,9.693927928010273,1.0,1,0.2574067598845283,0,0.8302975821692065,0.3459242135286331,2.133949895126663e-13
7,3,step,False,2,0.7496180157712998,0.2488832812045648,0.22128192646225855,0.5188666530424966,102.02524851658946,4,1.2462523477289515,158,35.833434553273776,48.656725732472026,1.0,1,0.19533968980115757,0,0.8302975821692065,0.3459242135286331,2.133949895126663e-13
7,3,step,False,3,0.7321385464267546,0.23506628599584997,0.43061914756824915,0.4566342126644743,78.43110798093267,4,1.266839737976448,118,32.26969183050772,45.13413445754644,1.0,1,0.18629595207023822,0,0.8302975821692065,0.3459242135286331,2.133949895126663e-13
7,3,step,False,4,1.3432311769705663,0.038508025038008445,0.022440461770385334,0.9259020799765998,75.99552897688298,4,1.1526094094761743,130,21.745137750512715,26.8627639234461,1.0,1,0.1350790977156093,0,0.8302975821692065,0.3459242135286331,2.133949895126663e-13
7,3,step,False,5,2.5599472376981836,0.18708465481513192,0.12059792129482677,1.516949512907638,24.62584607685912,4,1.7856351223096008,46,4.685461095360301,6.192246910343328,1.0,1,0.1400194141703643,0,0.8302975821692065,0.3459242135286331,2.133949895126663e-13
7,3,step,False,6,2.5719546876022785,0.12442348258089725,0.0803887352418024,1.6257582648923694,25.886473484609475,4,1.3148413721217607,49,6.034337756685994,7.616484821260123,1.0,1,0.13923982843837016,0,0.8302975821692065,0.3459242135286331,2.133949895126663e-13
7,3,step,False,7,0.5562056173718655,0.15727670496745094,0.20872328781321825,0.3844420441868076,109.16931197286914,4,1.204066454109447,169,44.40340958841186,61.28300869007504,1.0,1,0.14604154978141953,0,0.8302975821692065,0.3459242135286331,2.133949895126663e-13
7,3,step,False,8,0.18965584778829725,0.6393823548231449,0.9143077372142385,0.22116256011098753,78.52859213405438,4,1.3153045139270814,121,23.669406746525425,32.3616930702255,1.0,1,0.10536094207243278,0,0.8302975821692065,0.3459242135286331,2.133949895126663e-13
7,3,step,False,9,1.7902645027757145,0.07939640776075152,0.20414307758733768,1.1345627468432873,30.051260915893067,4,1.5234981204062745,62,8.969485296215423,14.14481125918199,1.0,1,0.1955571679353821,0,0.8302975821692065,0.3459242135286331,2.133949895126663e-13
7,3,step,False,10,1.8688287133032908,0.1820435158039349,0.10160294257412553,1.164129773233636,13.875457717056847,4,1.5335676978780175,32,2.345871457400442,2.8930223508858512,1.0,1,0.1623466248811238,0,0.8302975821692065,0.3459242135286331,2.133949895126663e-13
7,3,step,False,11,1.798904448533471,0.09329286545511387,0.06039189156360905,1.01696113752201,22.526533495044212,4,1.4991487356783237,45,7.39280355884474,10.718272153403202,1.0,1,0.15036176938463705,0,0.8302975821692065,0.3459242135286331,2.133949895126663e-13
7,3,step,False,12,1.656085565633077,0.17599884842325864,0.2418351852356281,0.9201230880504457,66.52874753848387,4,1.4668885675408487,111,19.532652758477134,26.96036382320229,1.0,1,0.18542206620586194,0,0.8302975821692065,0.3459242135286331,2.133949895126663e-13
7,3,step,False,13,1.4164375940140463,0.051677695309639914,0.12684618222524793,0.8454071957022431,49.903785347071945,4,1.4397238092834648,87,13.449959832284074,19.41116215169281,1.0,1,0.1682859038891376,0,0.8302975821692065,0.3459242135286331,2.133949895126663e-13
7,3,step,False,14,0.9095282557893342,0.5062346764180181,0.5823441853318562,0.5919228099474745,25.982990440588615,4,1.8809392902878954,46,9.198522106650897,12.772228318701407,1.0,1,0.2532251266521742,0,0.8302975821692065,0.3459242135286331,2.133949895126663e-13
7,3,step,False,15,0.979959092698329,0.1474212673166028,0.12345671530436549,0.6714650101740443,100.22869046624908,4,1.1588893870320889,154,35.108274409496865,46.307322987558074,1.0,1,0.25343896748186867,0,0.8302975821692065,0.3459242135286331,2.133949895126663e-13
7,3,step,False,16,0.6074272708457642,0.13710903042570882,0.15945736630496915,0.4085003650284757,114.58790735195603,4,1.2143450195914391,171,48.34266781842655,64.31120077174295,1.0,1,0.1959302018796839,0,0.8302975821692065,0.3459242135286331,2.133949895126663e-13
7,3,step,False,17,0.7090745349758502,0.12341024901541638,0.28245151927795586,0.5006839274000127,91.91038893568631,4,1.2310369715249714,147,32.96889953212428,44.48931050538576,1.0,1,0.22598256122536045,0,0.8302975821692065,0.3459242135286331,2.133949895126663e-13
7,3,step,False,18,1.6675110350894953,0.09607357187424828,0.05872379568227734,1.0925690653641356,63.257256614165854,4,1.2209103837488429,107,18.509291807979523,25.202018776117875,1.0,1,0.16535095051692209,0,0.8302975821692065,0.3459242135286331,2.133949895126663e-13
7,3,step,False,19,0.9835998101561569,0.13206283642756192,0.132463352024765,0.6627376854633845,95.24671985369999,4,1.1657662482924642,146,33.35415056603669,43.99965270504818,1.0,1,0.20759125605596804,0,0.8302975821692065,0.3459242135286331,2.133949895126663e-13
7,3,step,False,20,1.3118515925786611,0.09948475786306286,0.08429378441610243,0.9235690947304813,32.39522492289318,4,1.297573357104855,59,11.446826334475842,14.901172266535557,1.0,1,0.09232128768231863,0,0.8302975821692065,0.3459242135286331,2.133949895126663e-13
7,3,step,False,21,2.4897466425669204,0.1303658970776214,0.1589147823289075,1.7721822389908501,12.877475319551785,4,1.6628685030494748,28,1.020339474283185,1.0406621268797462,1.0,1,0.019291776408731587,0,0.8302975821692065,0.3459242135286331,2.133949895126663e-13
7,3,step,False,22,0.5277176915553676,0.2402643191806272,0.37647377676361277,0.3747600967617925,109.47356309689263,4,1.2290279960899777,170,40.97218408462985,53.851439629615456,1.0,1,0.17883049855824903,0,0.8302975821692065,0.3459242135286331,2.133949895126663e-13
7,3,step,False,23,2.43209115517156,0.10370129592207078,0.08425974037642406,1.4524038013586822,29.217988145921435,4,1.4840626442287876,55,6.865533096191536,7.934672253596533,1.0,1,0.07567978194299202,0,0.8302975821692065,0.3459242135286331,2.133949895126663e-13
8,0,init,False,0,1.0378506748875693,0.12303605294880063,0.12303605294879973,0.6012933781725471,80.38713347296193,4,1.2026616870824982,131,nan,nan,1.0,1,nan,0,nan,nan,nan
8,0,init,False,1,0.6716561569208681,0.12568697732852122,0.12568697732852122,0.30461582712940066,110.66944159046545,4,1.1833399203270567,160,nan,nan,1.0,1,nan,0,nan,nan,nan
8,0,init,False,2,2.0226041686187917,0.16904517333489122,0.16904517333489255,1.2580471060144989,27.076090029182133,4,1.4261710912871275,57,nan,nan,1.0,1,nan,0,nan,nan,nan
8,0,init,False,3,0.7777394701992171,0.24949333439569438,0.24949333439569482,0.3828333536828489,91.31304504135807,4,1.2207595593000429,140,nan,nan,1.0,1,nan,0,nan,nan,nan
8,0,init,False,4,0.47784343743739227,0.41991478051445036,0.41991478051445036,0.2921728391935947,101.21065763451463,4,1.28146989511169,148,nan,nan,1.0,1,nan,0,nan,nan,nan
8,0,init,False,5,0.6531959063139913,0.23445463581716433,0.23445463581716386,0.40453578366524134,42.28914634096264,4,1.2983931169285168,76,nan,nan,1.0,1,nan,0,nan,nan,nan
8,0,init,False,6,1.1350102603683618,0.21298474513168975,0.2129847451316913,0.6711400654645836,53.62026537984196,4,1.208308728279306,99,nan,nan,1.0,1,nan,0,nan,nan,nan
8,0,init,False,7,1.0600535721639959,0.26565181881205935,0.26565181881205935,0.8035658186694545,55.050758548392636,4,1.3889876218895796,91,nan,nan,1.0,1,nan,0,nan,nan,nan
8,0,init,False,8,1.8614204865315083,0.10258853602998527,0.10258853602998527,1.1101139028193139,52.453877476051616,4,1.254462317202486,94,nan,nan,1.0,1,nan,0,nan,nan,nan
8,0,init,False,9,3.20983498587541,0.1151591637819622,0.1151591637819622,2.190695482201376,3.6738970218116878,4,3.0083351974084533,8,nan,nan,1.0,1,nan,0,nan,nan,nan
8,0,init,False,10,0.8302344040252218,0.3024570668814359,0.3024570668814359,0.4864733974997199,89.28078021085307,4,1.1786060088213433,135,nan,nan,1.0,1,nan,0,nan,nan,nan
8,0,init,False,11,0.2031161972728973,0.3539489107395194,0.3539489107395197,0.14607377248674752,120.36043469189067,4,1.169915737059017,171,nan,nan,1.0,1,nan,0,nan,nan,nan
8,0,init,False,12,0.8087519726279173,0.11464679184858774,0.11464679184858678,0.46289950586347306,77.21598082614605,4,1.2865793629860431,127,nan,nan,1.0,1,nan,0,nan,nan,nan
8,0,init,False,13,2.043123899298297,0.07303363955223752,0.07303363955223752,1.3078200303194811,38.77488469774087,4,1.517674082475266,76,nan,nan,1.0,1,nan,0,nan,nan,nan
8,0,init,False,14,0.951778082041314,0.35927298855838785,0.3592729885583885,0.3889981400938256,38.09994319474929,4,1.6056901379588442,71,nan,nan,1.0,1,nan,0,nan,nan,nan
8,0,init,False,15,0.4172505094214615,0.40757618048955785,0.40757618048955757,0.26996132229601627,74.19146716210743,4,1.2295859775099058,124,nan,nan,1.0,1,nan,0,nan,nan,nan
8,0,init,False,16,0.35411392282486276,0.44573851793526775,0.4457385179352675,0.2478574893369517,96.19237975674679,4,1.3103526701279253,153,nan,nan,1.0,1,nan,0,nan,nan,nan
8,0,init,False,17,1.5646563512603404,0.09669025035476284,0.09669025035476168,0.8270807471974078,64.84271274356155,4,1.2130484449046435,119,nan,nan,1.0,1,nan,0,nan,nan,nan
8,0,init,False,18,1.8032365558301429,0.07677892529708916,0.07677892529708916,1.0547730329039768,41.454124403351656,4,1.4494181781835445,79,nan,nan,1.0,1,nan,0,nan,nan,nan
8,0,init,False,19,2.8305949396715846,0.06984983268365495,0.06984983268365177,1.7313165651532458,10.812960344088546,4,2.2426472127309065,24,nan,nan,1.0,1,nan,0,nan,nan,nan
8,0,init,False,20,0.5059941463453863,0.3401432720029035,0.34014327200290284,0.3536446661180881,51.6561043131468,4,1.437951901754448,90,nan,nan,1.0,1,nan,0,nan,nan,nan
8,0,init,False,21,1.8806394974673035,0.16694469810097834,0.16694469810097767,1.3255865032424996,10.13580479948925,4,2.330469541565189,18,nan,nan,1.0,1,nan,0,nan,nan,nan
8,0,init,False,22,1.0642945010013232,0.4400458830570233,0.4400458830570237,0.733282986456121,50.29420951461046,4,1.385653510564346,83,nan,nan,1.0,1,nan,0,nan,nan,nan
8,0,init,False,23,1.6477180246523284,0.06168240977399996,0.06168240977399816,0.9798373699576436,58.943900805974884,4,1.2586679152456106,98,nan,nan,1.0,1,nan,0,nan,nan,nan
8,1,step,True,0,1.0378506748875693,0.12303605294880063,0.12303605294879973,0.6012933781725471,80.38713347296193,4,1.2026616870824982,131,21.895530188516656,31.773846515058782,1.0,1,0.4235260791270288,0,1.6121988453621614,1.0,nan
8,1,step,True,1,0.6716561569208681,0.12568697732852122,0.12568697732852122,0.30461582712940066,110.66944159046545,4,1.1833399203270567,160,49.55694500252269,66.71685685704648,1.0,1,0.33274958310227964,0,1.6121988453621614,1.0,nan
8,1,step,True,2,2.0226041686187917,0.16904517333489122,0.16904517333489255,1.2580471060144989,27.076090029182133,4,1.4261710912871275,57,4.097863626776006,6.605839520596737,1.0,1,0.4017253276532088,0,1.6121988453621614,1.0,nan
8,1,step,True,3,0.7777394701992171,0.24949333439569438,0.24949333439569482,0.3828333536828489,91.31304504135807,4,1.2207595593000429,140,29.742003550379085,42.17284181741827,1.0,1,0.31834572720348625,0,1.6121988453621614,1.0,nan
8,1,step,True,4,0.47784343743739227,0.41991478051445036,0.41991478051445036,0.2921728391935947,101.21065763451463,4,1.28146989511169,148,40.94693627248696,53.84363168088366,1.0,1,0.26681022656898834,0,1.6121988453621614,1.0,nan
8,1,step,True,5,0.6531959063139913,0.23445463581716433,0.23445463581716386,0.40453578366524134,42.28914634096264,4,1.2983931169285168,76,11.908013492864018,16.06636886178867,1.0,1,0.5064781606432377,0,1.6121988453621614,1.0,nan
8,1,step,True,6,1.1350102603683618,0.21298474513168975,0.2129847451316913,0.6711400654645836,53.62026537984196,4,1.208308728279306,99,15.932256040150145,22.7157232365763,1.0,1,0.530624481331228,0,1.6121988453621614,1.0,nan
8,1,step,True,7,1.0600535721639959,0.26565181881205935,0.26565181881205935,0.8035658186694545,55.050758548392636,4,1.3889876218895796,91,15.858418246996337,23.45324563561238,1.0,1,0.39960197827693145,0,1.6121988453621614,1.0,nan
8,1,step,True,8,1.8614204865315083,0.10258853602998527,0.10258853602998527,1.1101139028193139,52.453877476051616,4,1.254462317202486,94,13.79309044455039,19.957087272632027,1.0,1,0.4458590983194686,0,1.6121988453621614,1.0,nan
8,1,step,True,9,3.20983498587541,0.1151591637819622,0.1151591637819622,2.190695482201376,3.6738970218116878,4,3.0083351974084533,8,1.0,1.0,1.0,1,0.0,1,1.6121988453621614,1.0,nan
8,1,step,True,10,0.8302344040252218,0.3024570668814359,0.3024570668814359,0.4864733974997199,89.28078021085307,4,1.1786060088213433,135,38.61697558121317,50.91782272811072,1.0,1,0.3914606860168828,0,1.6121988453621614,1.0,nan
8,1,step,True,11,0.2031161972728973,0.3539489107395194,0.3539489107395197,0.14607377248674752,120.36043469189067,4,1.169915737059017,171,50.37931935446912,69.77606203896397,1.0,1,0.5399488865820026,0,1.6121988453621614,1.0,nan
8,1,step,True,12,0.8087519726279173,0.11464679184858774,0.11464679184858678,0.46289950586347306,77.21598082614605,4,1.2865793629860431,127,27.021026391348087,36.56102216299682,1.0,1,0.5820825715090028,0,1.6121988453621614,1.0,nan
8,1,step,True,13,2.043123899298297,0.07303363955223752,0.07303363955223752,1.3078200303194811,38.77488469774087,4,1.517674082475266,76,10.464119750646459,14.930083598844334,1.0,1,0.6027708770617332,0,1.6121988453621614,1.0,nan
8,1,step,True,14,0.951778082041314,0.35927298855838785,0.3592729885583885,0.3889981400938256,38.09994319474929,4,1.6056901379588442,71,8.333591829611837,12.23917254789896,1.0,1,0.3220022331513221,0,1.6121988453621614,1.0,nan
8,1,step,True,15,0.4172505094214615,0.40757618048955785,0.40757618048955757,0.26996132229601627,74.19146716210743,4,1.2295859775099058,124,23.317026386953245,32.89669488422646,1.0,1,0.5438610258021692,0,1.6121988453621614,1.0,nan
8,1,step,True,16,0.35411392282486276,0.44573851793526775,0.4457385179352675,0.2478574893369517,96.19237975674679,4,1.3103526701279253,153,34.02945447329896,47.093222834729005,1.0,1,0.5002086947441576,0,1.6121988453621614,1.0,nan
8,1,step,True,17,1.5646563512603404,0.09669025035476284,0.09669025035476168,0.8270807471974078,64.84271274356155,4,1.2130484449046435,119,19.250993136177776,27.888448601148742,1.0,1,0.35783068071465146,0,1.6121988453621614,1.0,nan
8,1,step,True,18,1.8032365558301429,0.07677892529708916,0.07677892529708916,1.0547730329039768,41.454124403351656,4,1.4494181781835445,79,10.001866587350095,14.388125540199326,1.0,1,0.23539757774827,0,1.6121988453621614,1.0,nan
8,1,step,True,19,2.8305949396715846,0.06984983268365495,0.06984983268365177,1.7313165651532458,10.812960344088546,4,2.2426472127309065,24,2.9557594645908782,4.07059329073223,1.0,1,0.4447172190166653,0,1.6121988453621614,1.0,nan
8,1,step,True,20,0.5059941463453863,0.3401432720029035,0.34014327200290284,0.3536446661180881,51.6561043131468,4,1.437951901754448,90,15.275048253119522,20.235477680902225,1.0,1,0.4992104730350389,0,1.6121988453621614,1.0,nan
8,1,step,True,21,1.8806394974673035,0.16694469810097834,0.16694469810097767,1.3255865032424996,10.13580479948925,4,2.330469541565189,18,2.627033594868638,4.05498171134333,1.0,1,0.4163586492380578,0,1.6121988453621614,1.0,nan
8,1,step,True,22,1.0642945010013232,0.4400458830570233,0.4400458830570237,0.733282986456121,50.29420951461046,4,1.385653510564346,83,15.498274758050524,22.790112885775397,1.0,1,0.32617544285616223,0,1.6121988453621614,1.0,nan
8,1,step,True,23,1.6477180246523284,0.06168240977399996,0.06168240977399816,0.9798373699576436,58.943900805974884,4,1.2586679152456106,98,17.498453573059592,24.57219512039844,1.0,1,0.3146381826685895,0,1.6121988453621614,1.0,nan
9,0,init,False,0,1.9319150175304767,0.10922289075720396,0.10922289075720497,1.1741594893840335,50.83765592911183,4,1.5080824678619769,94,nan,nan,1.0,1,nan,0,nan,nan,nan
9,0,init,False,1,2.297613715968394,0.16228131059326514,0.16228131059326445,1.3195659414977998,9.036244677316205,4,1.4151987580563266,17,nan,nan,1.0,1,nan,0,nan,nan,nan
9,0,init,False,2,0.3806438597462406,0.7688169237098968,0.7688169237098971,0.3724109192463156,45.72076231280717,4,1.6999048964630479,77,nan,nan,1.0,1,nan,0,nan,nan,nan
9,0,init,False,3,2.589576667811834,0.13322389399089862,0.1332238939908978,1.4685184233212882,21.878998199936778,4,1.4101589686111116,41,nan,nan,1.0,1,nan,0,nan,nan,nan
9,0,init,False,4,0.4350174884567207,0.6324199763837438,0.6324199763837439,0.27689877281712677,46.06352586455857,4,1.326473862479658,82,nan,nan,1.0,1,nan,0,nan,nan,nan
9,0,init,False,5,1.1156952399600832,0.18023716553541028,0.18023716553541275,0.6884010975879544,43.374717724875914,4,1.3542569949811656,78,nan,nan,1.0,1,nan,0,nan,nan,nan
9,0,init,False,6,1.3582674648938677,0.14676985899851352,0.14676985899851125,0.7762411083543527,79.7391800660551,4,1.1534659600038029,129,nan,nan,1.0,1,nan,0,nan,nan,nan
9,0,init,False,7,1.0005504679814938,0.14662420938681772,0.1466242093868162,0.5328449404557218,84.84485484469167,4,1.2284512066025288,138,nan,nan,1.0,1,nan,0,nan,nan,nan
9,0,init,False,8,1.9666485141928456,0.19737429712429255,0.19737429712429255,1.2234565165012112,21.853085367342054,4,1.6307073254371576,46,nan,nan,1.0,1,nan,0,nan,nan,nan
9,0,init,False,9,0.6243284807757906,0.32791610766039003,0.3279161076603897,0.3349818360725658,97.61428840538967,4,1.249645505709279,154,nan,nan,1.0,1,nan,0,nan,nan,nan
9,0,init,False,10,1.7743448667122528,0.13898496592129558,0.13898496592129797,1.0406885577753495,40.70322499449219,4,1.4769839727858245,83,nan,nan,1.0,1,nan,0,nan,nan,nan
9,0,init,False,11,1.0972591878173263,0.2792895201560445,0.2792895201560445,0.7425227093851822,65.40928099831156,4,1.2263952143406478,108,nan,nan,1.0,1,nan,0,nan,nan,nan
9,0,init,False,12,2.5440052353798466,0.2411229841446357,0.2411229841446357,1.6782903052148672,3.7329969318222256,4,8.4013883568947,6,nan,nan,1.0,1,nan,0,nan,nan,nan
9,0,init,False,13,1.065335976205895,0.15988510373123277,0.15988510373123277,0.48074151789870073,99.54309701714674,4,1.2654416926309866,157,nan,nan,1.0,1,nan,0,nan,nan,nan
9,0,init,False,14,0.6147355922993071,0.1344472839295392,0.13444728392954045,0.23553545051378413,101.88338781080608,4,1.2131011237126672,155,nan,nan,1.0,1,nan,0,nan,nan,nan
9,0,init,False,15,1.1390096535776728,0.09802056962033691,0.09802056962033691,0.6436712604281858,103.97304012625618,4,1.084218045433002,155,nan,nan,1.0,1,nan,0,nan,nan,nan
9,0,init,False,16,1.2557821063963082,0.11611579825014204,0.11611579825014204,0.6747425535690329,96.59675285176966,4,1.2449504557197069,153,nan,nan,1.0,1,nan,0,nan,nan,nan
9,0,init,False,17,2.4046687697579534,0.09742479103183085,0.09742479103182744,1.3791854268956292,33.0812012220659,4,1.6683970443998164,66,nan,nan,1.0,1,nan,0,nan,nan,nan
9,0,init,False,18,1.5047639121030847,0.12618457708691697,0.12618457708691785,0.9314880879902975,54.67622169110198,4,1.5949543931485424,93,nan,nan,1.0,1,nan,0,nan,nan,nan
9,0,init,False,19,1.497484781295103,0.0685479401430192,0.06854794014301595,0.8961007175209915,52.59368491985117,4,1.1888821417890714,97,nan,nan,1.0,1,nan,0,nan,nan,nan
9,0,init,False,20,0.3913953812157383,0.45029835540271934,0.45029835540271934,0.360824054902853,90.62980286426586,4,1.2649703156125822,146,nan,nan,1.0,1,nan,0,nan,nan,nan
9,0,init,False,21,1.664103941613645,0.07277465176761158,0.07277465176761311,1.1391165315662632,12.120125259295206,4,1.3443735004067154,22,nan,nan,1.0,1,nan,0,nan,nan,nan
9,0,init,False,22,1.408979648993165,0.16533938859444647,0.16533938859444647,0.6915377792758998,53.60540342249233,4,1.421516828106679,102,nan,nan,1.0,1,nan,0,nan,nan,nan
9,0,init,False,23,0.36411673436852154,0.12471637197965432,0.12471637197965432,0.2217320279639587,130.4884664982385,4,1.154610501318598,187,nan,nan,1.0,1,nan,0,nan,nan,nan
9,1,step,False,0,1.9319150175304767,0.07798967210326903,0.10922289075720497,1.1741594893840335,50.83765592911183,4,1.5080824678619769,94,11.90028241878269,19.885481576677257,1.0,1,0.5705065041770829,0,1.7084164625838822,1.0,9.846042683108022e-16
9,1,step,False,1,2.297613715968394,0.15309369374639217,0.16228131059326445,1.3195659414977998,9.036244677316205,4,1.4151987580563266,17,2.900068654688776,3.6404311346157314,1.0,1,0.47786127836946923,0,1.7084164625838822,1.0,9.846042683108022e-16
9,1,step,False,2,0.3806438597462406,0.6116694875101548,0.7688169237098971,0.3724109192463156,45.72076231280717,4,1.6999048964630479,77,12.321658107402728,17.692483542791134,1.0,1,0.40538145861264574,0,1.7084164625838822,1.0,9.846042683108022e-16
9,1,step,False,3,2.589576667811834,0.12816230054906522,0.1332238939908978,1.4685184233212882,21.878998199936778,4,1.4101589686111116,41,4.9456333013376605,6.764442415655159,1.0,1,0.352203091969063,0,1.7084164625838822,1.0,9.846042683108022e-16
9,1,step,False,4,0.4350174884567207,0.5367050115390729,0.6324199763837439,0.27689877281712677,46.06352586455857,4,1.326473862479658,82,14.101343720952563,20.404649320083315,1.0,1,0.5353009274857351,0,1.7084164625838822,1.0,9.846042683108022e-16
9,1,step,False,5,1.1156952399600832,0.2176386576782918,0.18023716553541275,0.6884010975879544,43.374717724875914,4,1.3542569949811656,78,12.966592956796749,18.891762767913193,1.0,1,0.38492442115323006,0,1.7084164625838822,1.0,9.846042683108022e-16
9,1,step,False,6,1.3582674648938677,0.16244057638015932,0.14676985899851125,0.7762411083543527,79.7391800660551,4,1.1534659600038029,129,28.747105336916775,39.920758057570026,1.0,1,0.3478198763702415,0,1.7084164625838822,1.0,9.846042683108022e-16
9,1,step,False,7,1.0005504679814938,0.07000683475262279,0.1466242093868162,0.5328449404557218,84.84485484469167,4,1.2284512066025288,138,27.787493253656557,38.74140640264389,1.0,1,0.5133471754412577,0,1.7084164625838822,1.0,9.846042683108022e-16
9,1,step,False,8,1.9666485141928456,0.16946881749397474,0.19737429712429255,1.2234565165012112,21.853085367342054,4,1.6307073254371576,46,4.198350257121681,6.34125793511293,1.0,1,0.41259666731024747,0,1.7084164625838822,1.0,9.846042683108022e-16
9,1,step,False,9,0.6243284807757906,0.2059396063921485,0.3279161076603897,0.3349818360725658,97.61428840538967,4,1.249645505709279,154,36.471645697460836,54.05235222147349,1.0,1,0.3878470051200768,0,1.7084164625838822,1.0,9.846042683108022e-16
9,1,step,False,10,1.7743448667122528,0.1874703514434229,0.13898496592129797,1.0406885577753495,40.70322499449219,4,1.4769839727858245,83,7.801507214063661,10.397751771224254,1.0,1,0.377471222158751,0,1.7084164625838822,1.0,9.846042683108022e-16
9,1,step,False,11,1.0972591878173263,0.1194547008377294,0.2792895201560445,0.7425227093851822,65.40928099831156,4,1.2263952143406478,108,17.425073309112193,24.404618069607093,1.0,1,0.41668483654257454,0,1.7084164625838822,1.0,9.846042683108022e-16
9,1,step,False,12,2.5440052353798466,0.2411229841446357,0.2411229841446357,1.6782903052148672,3.7329969318222256,4,8.4013883568947,6,1.397180785073378,1.6861237768691777,1.0,1,0.41400302616445644,0,1.7084164625838822,1.0,9.846042683108022e-16
9,1,step,False,13,1.065335976205895,0.08255203052481042,0.15988510373123277,0.48074151789870073,99.54309701714674,4,1.2654416926309866,157,35.8242000193221,51.30125971846591,1.0,1,0.42450913890843306,0,1.7084164625838822,1.0,9.846042683108022e-16
9,1,step,False,14,0.6147355922993071,0.1154597845256318,0.13444728392954045,0.23553545051378413,101.88338781080608,4,1.2131011237126672,155,42.54616209528608,56.32190117238338,1.0,1,0.353762560417647,0,1.7084164625838822,1.0,9.846042683108022e-16
9,1,step,False,15,1.1390096535776728,0.044016524711505405,0.09802056962033691,0.6436712604281858,103.97304012625618,4,1.084218045433002,155,43.82642858407712,60.958712330623,1.0,1,0.4226795393467343,0,1.7084164625838822,1.0,9.846042683108022e-16
9,1,step,False,16,1.2557821063963082,0.06260007315113902,0.11611579825014204,0.6747425535690329,96.59675285176966,4,1.2449504557197069,153,29.19509157337148,41.8359724571946,1.0,1,0.3209679403932152,0,1.7084164625838822,1.0,9.846042683108022e-16
9,1,step,False,17,2.4046687697579534,0.11941391589074543,0.09742479103182744,1.3791854268956292,33.0812012220659,4,1.6683970443998164,66,6.015185002316217,10.612403607488014,1.0,1,0.3638292712846156,0,1.7084164625838822,1.0,9.846042683108022e-16
9,1,step,False,18,1.5047639121030847,0.08463988369226742,0.12618457708691785,0.9314880879902975,54.67622169110198,4,1.5949543931485424,93,17.8559324071023,26.138922190522386,1.0,1,0.5006121497238025,0,1.7084164625838822,1.0,9.846042683108022e-16
9,1,step,False,19,1.497484781295103,0.1017863909637117,0.06854794014301595,0.8961007175209915,52.59368491985117,4,1.1888821417890714,97,12.798893428967256,19.697874575842242,1.0,1,0.49900846095220397,0,1.7084164625838822,1.0,9.846042683108022e-16
9,1,step,False,20,0.3913953812157383,0.346604275027469,0.45029835540271934,0.360824054902853,90.62980286426586,4,1.2649703156125822,146,32.1420444826835,46.74980486743438,1.0,1,0.3459780232492546,0,1.7084164625838822,1.0,9.846042683108022e-16
9,1,step,False,21,1.664103941613645,0.07158366549934765,0.07277465176761311,1.1391165315662632,12.120125259295206,4,1.3443735004067154,22,4.162510646250857,5.824650632433916,1.0,1,0.22998059643905058,0,1.7084164625838822,1.0,9.846042683108022e-16
9,1,step,False,22,1.408979648993165,0.08120863667263904,0.16533938859444647,0.6915377792758998,53.60540342249233,4,1.421516828106679,102,11.895609067305841,17.214234912493975,1.0,1,0.34678535593669074,0,1.7084164625838822,1.0,9.846042683108022e-16
9,1,step,False,23,0.36411673436852154,0.08423997898821106,0.12471637197965432,0.2217320279639587,130.4884664982385,4,1.154610501318598,187,60.77400767995109,82.77528192639559,1.0,1,0.5695807513049496,0,1.7084164625838822,1.0,9.846042683108022e-16
9,2,step,False,0,1.9319150175304767,0.13478041923085712,0.10922289075720497,1.1741594893840335,50.83765592911183,4,1.5080824678619769,94,6.750790686745842,10.525377780058,1.0,1,0.3517336849889886,0,1.2080328657837966,0.5996461808681488,6.4291406582793264e-15
9,2,step,False,1,2.297613715968394,0.1537239301325809,0.16228131059326445,1.3195659414977998,9.036244677316205,4,1.4151987580563266,17,2.0009435929464114,2.635467048630093,1.0,1,0.4495376001684332,0,1.2080328657837966,0.5996461808681488,6.4291406582793264e-15
9,2,step,False,2,0.3806438597462406,0.36119095805330553,0.7688169237098971,0.3724109192463156,45.72076231280717,4,1.6999048964630479,77,12.376667700091856,18.96510246162093,1.0,1,0.2686796876809391,0,1.2080328657837966,0.5996461808681488,6.4291406582793264e-15
9,2,step,False,3,2.589576667811834,0.14347752345794476,0.1332238939908978,1.4685184233212882,21.878998199936778,4,1.4101589686111116,41,3.6562642712033706,4.391085299976726,1.0,1,0.25729701002343536,0,1.2080328657837966,0.5996461808681488,6.4291406582793264e-15
9,2,step,False,4,0.4350174884567207,0.5790443877503809,0.6324199763837439,0.27689877281712677,46.06352586455857,4,1.326473862479658,82,14.679221219288818,20.365807379056037,1.0,1,0.30879154447128854,0,1.2080328657837966,0.5996461808681488,6.4291406582793264e-15
9,2,step,False,5,1.1156952399600832,0.261112236093422,0.18023716553541275,0.6884010975879544,43.374717724875914,4,1.3542569949811656,78,13.008078017382546,18.38395692064982,1.0,1,0.15290182509830838,0,1.2080328657837966,0.5996461808681488,6.4291406582793264e-15
9,2,step,False,6,1.3582674648938677,0.10609796113922623,0.14676985899851125,0.7762411083543527,79.7391800660551,4,1.1534659600038029,129,28.282120998219114,39.03932599561133,1.0,1,0.3009040292439717,0,1.2080328657837966,0.5996461808681488,6.4291406582793264e-15
9,2,step,False,7,1.0005504679814938,0.1277521765406522,0.1466242093868162,0.5328449404557218,84.84485484469167,4,1.2284512066025288,138,29.573928574594703,41.00763197573248,1.0,1,0.3102846743774791,0,1.2080328657837966,0.5996461808681488,6.4291406582793264e-15
9,2,step,False,8,1.9666485141928456,0.281220440563844,0.19737429712429255,1.2234565165012112,21.853085367342054,4,1.6307073254371576,46,4.279961215749466,6.490746897594004,1.0,1,0.22830920042008887,0,1.2080328657837966,0.5996461808681488,6.4291406582793264e-15
9,2,step,False,9,0.6243284807757906,0.19018665572732435,0.3279161076603897,0.3349818360725658,97.61428840538967,4,1.249645505709279,154,38.15560495292381,55.21802369875718,1.0,1,0.2789148009892625,0,1.2080328657837966,0.5996461808681488,6.4291406582793264e-15
9,2,step,False,10,1.7743448667122528,0.19455374589328436,0.13898496592129797,1.0406885577753495,40.70322499449219,4,1.4769839727858245,83,6.497431151143237,9.037689137900312,1.0,1,0.3156129696408716,0,1.2080328657837966,0.5996461808681488,6.4291406582793264e-15
9,2,step,False,11,1.0972591878173263,0.07752862000588087,0.2792895201560445,0.7425227093851822,65.40928099831156,4,1.2263952143406478,108,19.504942571078093,27.58048253756008,1.0,1,0.2603791190268224,0,1.2080328657837966,0.5996461808681488,6.4291406582793264e-15
9,2,step,False,12,2.5440052353798466,0.2411229841446357,0.2411229841446357,1.6782903052148672,3.7329969318222256,4,8.4013883568947,6,1.328600823829051,1.5931537902722415,1.0,1,0.35647972882847284,0,1.2080328657837966,0.5996461808681488,6.4291406582793264e-15
9,2,step,False,13,1.065335976205895,0.049227833459840345,0.15988510373123277,0.48074151789870073,99.54309701714674,4,1.2654416926309866,157,33.67393191377072,45.13337537698254,1.0,1,0.3054503744863006,0,1.2080328657837966,0.5996461808681488,6.4291406582793264e-15
9,2,step,False,14,0.6147355922993071,0.13789702581950922,0.13444728392954045,0.23553545051378413,101.88338781080608,4,1.2131011237126672,155,46.219617519530914,60.0670786902898,1.0,1,0.2358399212305373,0,1.2080328657837966,0.5996461808681488,6.4291406582793264e-15
9,2,step,False,15,1.1390096535776728,0.09839353040499958,0.09802056962033691,0.6436712604281858,103.97304012625618,4,1.084218045433002,155,42.17025353148536,55.50154898086573,1.0,1,0.22140110069993627,0,1.2080328657837966,0.5996461808681488,6.4291406582793264e-15
9,2,step,False,16,1.2557821063963082,0.044530847425413925,0.11611579825014204,0.6747425535690329,96.59675285176966,4,1.2449504557197069,153,28.052674519071203,40.244587226430546,1.0,1,0.2128136714573382,0,1.2080328657837966,0.5996461808681488,6.4291406582793264e-15
9,2,step,False,17,2.4046687697579534,0.14581649057432658,0.09742479103182744,1.3791854268956292,33.0812012220659,4,1.6683970443998164,66,3.045482369730255,4.8641213799494,1.0,1,0.2043922481068877,0,1.2080328657837966,0.5996461808681488,6.4291406582793264e-15
9,2,step,False,18,1.5047639121030847,0.07916357131889541,0.12618457708691785,0.9314880879902975,54.67622169110198,4,1.5949543931485424,93,17.002013418633016,24.265676180336204,1.0,1,0.3716745300182509,0,1.2080328657837966,0.5996461808681488,6.4291406582793264e-15
9,2,step,False,19,1.497484781295103,0.09925155180857423,0.06854794014301595,0.8961007175209915,52.59368491985117,4,1.1888821417890714,97,12.634329962638155,20.543926528308127,1.0,1,0.33090862132468396,0,1.2080328657837966,0.5996461808681488,6.4291406582793264e-15
9,2,step,False,20,0.3913953812157383,0.31243595091207754,0.45029835540271934,0.360824054902853,90.62980286426586,4,1.2649703156125822,146,38.64898197579873,53.89704268021537,1.0,1,0.237203813704892,0,1.2080328657837966,0.5996461808681488,6.4291406582793264e-15
9,2,step,False,21,1.664103941613645,0.08338426508813615,0.07277465176761311,1.1391165315662632,12.120125259295206,4,1.3443735004067154,22,4.730946566006034,6.310936636848923,1.0,1,0.22440349095971393,0,1.2080328657837966,0.5996461808681488,6.4291406582793264e-15
9,2,step,False,22,1.408979648993165,0.03322530014637117,0.16533938859444647,0.6915377792758998,53.60540342249233,4,1.421516828106679,102,12.2585339462718,18.1056387828212,1.0,1,0.21358431810106715,0,1.2080328657837966,0.5996461808681488,6.4291406582793264e-15
9,2,step,False,23,0.36411673436852154,0.11988101341182719,0.12471637197965432,0.2217320279639587,130.4884664982385,4,1.154610501318598,187,61.46869006196989,79.40285348250228,1.0,1,0.20345794267077993,0,1.2080328657837966,0.5996461808681488,6.4291406582793264e-15
9,3,step,True,0,1.9319150175304767,0.13478041923085712,0.10922289075720497,1.1741594893840335,50.83765592911183,4,1.5080824678619769,94,6.9153463451269594,10.617456891885261,1.0,1,0.15914074392373342,0,0.854208231291941,0.35603825747966766,nan
9,3,step,True,1,2.297613715968394,0.1537239301325809,0.16228131059326445,1.3195659414977998,9.036244677316205,4,1.4151987580563266,17,1.358638352633546,1.6784326443812139,1.0,1,0.11928838559137352,0,0.854208231291941,0.35603825747966766,nan
9,3,step,True,2,0.3806438597462406,0.36119095805330553,0.7688169237098971,0.3724109192463156,45.72076231280717,4,1.6999048964630479,77,16.188595013085283,22.85125318227422,1.0,1,0.14705157426639576,0,0.854208231291941,0.35603825747966766,nan
9,3,step,True,3,2.589576667811834,0.14347752345794476,0.1332238939908978,1.4685184233212882,21.878998199936778,4,1.4101589686111116,41,3.2307252716389385,3.8383925628345232,1.0,1,0.16288624415761754,0,0.854208231291941,0.35603825747966766,nan
9,3,step,True,4,0.4350174884567207,0.5790443877503809,0.6324199763837439,0.27689877281712677,46.06352586455857,4,1.326473862479658,82,14.849423212947618,19.998676149237102,1.0,1,0.09140897126641757,0,0.854208231291941,0.35603825747966766,nan
9,3,step,True,5,1.1156952399600832,0.261112236093422,0.18023716553541275,0.6884010975879544,43.374717724875914,4,1.3542569949811656,78,14.328620719332639,19.248303082440735,1.0,1,0.08176427586538511,0,0.854208231291941,0.35603825747966766,nan
9,3,step,True,6,1.3582674648938677,0.10609796113922623,0.14676985899851125,0.7762411083543527,79.7391800660551,4,1.1534659600038029,129,24.63509608623084,32.3892715346958,1.0,1,0.16886304886403247,0,0.854208231291941,0.35603825747966766,nan
9,3,step,True,7,1.0005504679814938,0.1277521765406522,0.1466242093868162,0.5328449404557218,84.84485484469167,4,1.2284512066025288,138,30.579734778938885,40.5228252284249,1.0,1,0.18527293386809457,0,0.854208231291941,0.35603825747966766,nan
9,3,step,True,8,1.9666485141928456,0.281220440563844,0.19737429712429255,1.2234565165012112,21.853085367342054,4,1.6307073254371576,46,5.08679715049116,7.447509414933246,1.0,1,0.14996166454970214,0,0.854208231291941,0.35603825747966766,nan
9,3,step,True,9,0.6243284807757906,0.19018665572732435,0.3279161076603897,0.3349818360725658,97.61428840538967,4,1.249645505709279,154,38.57157458230997,53.17036315084103,1.0,1,0.15291165984444155,0,0.854208231291941,0.35603825747966766,nan
9,3,step,True,10,1.7743448667122528,0.19455374589328436,0.13898496592129797,1.0406885577753495,40.70322499449219,4,1.4769839727858245,83,7.5742826686057,11.043183731287261,1.0,1,0.20095571533827244,0,0.854208231291941,0.35603825747966766,nan
9,3,step,True,11,1.0972591878173263,0.07752862000588087,0.2792895201560445,0.7425227093851822,65.40928099831156,4,1.2263952143406478,108,22.27802443418918,31.666722307158444,1.0,1,0.15488194835530644,0,0.854208231291941,0.35603825747966766,nan
9,3,step,True,12,2.5440052353798466,0.2411229841446357,0.2411229841446357,1.6782903052148672,3.7329969318222256,4,8.4013883568947,6,1.0,1.0,1.0,1,0.0,1,0.854208231291941,0.35603825747966766,nan
9,3,step,True,13,1.065335976205895,0.049227833459840345,0.15988510373123277,0.48074151789870073,99.54309701714674,4,1.2654416926309866,157,32.9779311767226,43.3668984658683,1.0,1,0.14915108638086438,0,0.854208231291941,0.35603825747966766,nan
9,3,step,True,14,0.6147355922993071,0.13789702581950922,0.13444728392954045,0.23553545051378413,101.88338781080608,4,1.2131011237126672,155,44.468820064142676,56.28879755816466,1.0,1,0.13931880868665622,0,0.854208231291941,0.35603825747966766,nan
9,3,step,True,15,1.1390096535776728,0.09839353040499958,0.09802056962033691,0.6436712604281858,103.97304012625618,4,1.084218045433002,155,37.721280838476524,47.85700308020983,1.0,1,0.20534675563639598,0,0.854208231291941,0.35603825747966766,nan
9,3,step,True,16,1.2557821063963082,0.044530847425413925,0.11611579825014204,0.6747425535690329,96.59675285176966,4,1.2449504557197069,153,26.45778341063793,36.47413706056614,1.0,1,0.10965572348524502,0,0.854208231291941,0.35603825747966766,nan
9,3,step,True,17,2.4046687697579534,0.14581649057432658,0.09742479103182744,1.3791854268956292,33.0812012220659,4,1.6683970443998164,66,2.9896553334824203,5.100677916578436,1.0,1,0.22171490935290217,0,0.854208231291941,0.35603825747966766,nan
9,3,step,True,18,1.5047639121030847,0.07916357131889541,0.12618457708691785,0.9314880879902975,54.67622169110198,4,1.5949543931485424,93,15.24642756224442,20.629345450482447,1.0,1,0.2347949715831853,0,0.854208231291941,0.35603825747966766,nan
9,3,step,True,19,1.497484781295103,0.09925155180857423,0.06854794014301595,0.8961007175209915,52.59368491985117,4,1.1888821417890714,97,11.575923162058219,16.70803067283635,1.0,1,0.15060461585467216,0,0.854208231291941,0.35603825747966766,nan
9,3,step,True,20,0.3913953812157383,0.31243595091207754,0.45029835540271934,0.360824054902853,90.62980286426586,4,1.2649703156125822,146,41.76658929203548,56.0508119045712,1.0,1,0.1441915062789069,0,0.854208231291941,0.35603825747966766,nan
9,3,step,True,21,1.664103941613645,0.08338426508813615,0.07277465176761311,1.1391165315662632,12.120125259295206,4,1.3443735004067154,22,5.317990967051077,7.291620277814223,1.0,1,0.21418688505058625,0,0.854208231291941,0.35603825747966766,nan
9,3,step,True,22,1.408979648993165,0.03322530014637117,0.16533938859444647,0.6915377792758998,53.60540342249233,4,1.421516828106679,102,12.37826756592178,18.369564502553903,1.0,1,0.1501784926945496,0,0.854208231291941,0.35603825747966766,nan
9,3,step,True,23,0.36411673436852154,0.11988101341182719,0.12471637197965432,0.2217320279639587,130.4884664982385,4,1.154610501318598,187,62.50249708556319,80.68834812271288,1.0,1,0.14542233130854462,0,0.854208231291941,0.35603825747966766,nan
