seed,phase_index,phase,failed,center,radius,sine,pilot_sine,gradient_norm,linear_mass,linear_rank,linear_condition,linear_support,function_mass,n_eff,manifold_mass,manifold_neighbors,slope_min_singular,slope_rank_zero,h,alpha,linear_relative_residual_max
0,0,init,False,0,2.013105417584776,0.2174448374097833,0.10690290741397018,1.2082318982774403,45.25131891809136,4,1.1798474781985144,79,nan,nan,5.199216509276192,7,nan,0,nan,nan,nan
0,0,init,False,1,1.8393261347459855,0.13684135871705055,0.24144588765146913,1.02054557365162,31.940513081492973,4,1.3217857462609153,65,nan,nan,1.7467855830685557,3,nan,0,nan,nan,nan
0,0,init,False,2,0.8324216477026292,0.7114630049654028,0.08631309360335346,0.42633961418034694,95.70652241506949,4,1.2926125639595911,144,nan,nan,7.455274159783111,15,nan,0,nan,nan,nan
0,0,init,False,3,1.7671365625020585,0.03961321154255449,0.05278562666083619,0.9275987289059564,57.55429743684587,4,1.4961967445043285,104,nan,nan,2.4831334089574484,6,nan,0,nan,nan,nan
0,0,init,False,4,0.189190438782976,0.9164486239154734,0.4148584432933423,0.28438677205814034,86.61455688672773,4,1.2253467761845325,137,nan,nan,5.648672757964955,8,nan,0,nan,nan,nan
0,0,init,False,5,0.9624957231516963,0.17410547434053184,0.19381408199477074,0.6436556018911967,100.66230206714853,4,1.401847941884606,152,nan,nan,10.822387356278512,16,nan,0,nan,nan,nan
0,0,init,False,6,1.878120422772648,0.10272125230534178,0.10841157534649223,1.170076458679142,56.30447193552446,4,1.227336443590866,96,nan,nan,8.234775900026559,11,nan,0,nan,nan,nan
0,0,init,False,7,1.1659714895589495,0.5560284913512604,0.10507697372295698,0.7127793246699999,51.99423262134718,4,1.5285894745866542,87,nan,nan,5.164622843548024,8,nan,0,nan,nan,nan
0,0,init,False,8,1.66032737134484,0.3616771357720273,0.0894926862598072,0.9389377553989154,11.819416878870557,4,2.026586931196822,26,nan,nan,1.1330600765125198,2,nan,0,nan,nan,nan
0,0,init,False,9,1.6461682316146562,0.7075019780269136,0.2545545490373319,0.9738572244989234,37.543552928539356,4,1.4412322784247225,65,nan,nan,3.917699326606125,7,nan,0,nan,nan,nan
0,0,init,False,10,2.4714404049555068,0.16768494336027534,0.16768494336027534,1.7253275857301344,10.15448500645655,4,2.4079244265377597,20,nan,nan,1.0,1,nan,0,nan,nan,nan
0,0,init,False,11,0.8931465161478112,0.9998410443283556,0.307911046750844,0.5910489049098231,43.392081459615156,4,1.5331905489234308,83,nan,nan,2.5402436398302823,5,nan,0,nan,nan,nan
0,0,init,False,12,0.8277010638072685,0.9234757739790754,0.167711763160992,0.49240734645412415,99.60092708268655,4,1.1788566064618986,158,nan,nan,6.503056898058879,13,nan,0,nan,nan,nan
0,0,init,False,13,1.6770024361296911,0.3951083595202612,0.06651795239039174,1.1040497441218842,47.8807759883679,4,1.3488019381897085,87,nan,nan,5.796094929690578,8,nan,0,nan,nan,nan
0,0,init,False,14,2.1318195481244704,0.3701690372017466,0.055964765880067734,1.2278878951404717,43.409210194733,4,1.4174425444032683,70,nan,nan,7.812080934878535,12,nan,0,nan,nan,nan
0,0,init,False,15,0.8702271550814301,0.12218783213620464,0.13161740889607412,0.5504888608426778,96.04184728257837,4,1.263563869945345,147,nan,nan,11.412974957699697,15,nan,0,nan,nan,nan
0,0,init,False,16,0.7714455089923629,0.182491907186029,0.39883476748606717,0.5196999475222689,72.69219066972167,4,1.3384043689817446,117,nan,nan,6.015499636012028,9,nan,0,nan,nan,nan
0,0,init,False,17,0.2875326920240055,0.6399936474987591,0.2423152776556495,0.2732558112361853,76.68372379940722,4,1.2368547980033078,133,nan,nan,5.400190936511108,11,nan,0,nan,nan,nan
0,0,init,False,18,1.2405084321280169,0.37494740365869283,0.37494740365869283,0.743132142336476,6.5091475001375025,4,2.7889278686408487,15,nan,nan,1.0,1,nan,0,nan,nan,nan
0,0,init,False,19,1.7323699323297677,0.02630230147908508,0.12211184342088977,1.043615193750532,68.81193320483357,4,1.28081094247929,111,nan,nan,9.183849822990116,13,nan,0,nan,nan,nan
0,0,init,False,20,1.2578374095484226,0.14130953068126717,0.1772736606774362,0.833311457521915,76.88178852690064,4,1.4994073035874473,123,nan,nan,8.209530915034605,14,nan,0,nan,nan,nan
0,0,init,False,21,1.1944097178215622,0.351549392869528,0.08456492099423943,0.6624887745711098,97.01859239689279,4,1.3516191907056236,147,nan,nan,9.395631410131399,16,nan,0,nan,nan,nan
0,0,init,False,22,1.2865519208297453,0.12457130572648209,0.13373718552482963,0.8923724374919266,57.60596565566867,4,1.1434171490671163,94,nan,nan,8.398458156802493,12,nan,0,nan,nan,nan
0,0,init,False,23,1.5882846153801122,0.07261729452772442,0.1373802910210718,0.973890297775329,67.926146062343,4,1.1695569105909993,108,nan,nan,9.526759840338313,15,nan,0,nan,nan,nan
0,1,step,False,0,2.013105417584776,0.10968111611451284,0.10690290741397018,1.2082318982774403,45.25131891809136,4,1.1798474781985144,79,17.4546104486637,23.961986672685068,5.199216509276192,7,0.2341878079802342,0,1.6633575396573566,1.0,1.328298698009377e-15
0,1,step,False,1,1.8393261347459855,0.14630869350221143,0.24144588765146913,1.02054557365162,31.940513081492973,4,1.3217857462609153,65,7.579997456447989,11.752720477847017,1.7467855830685557,3,0.4061306769663613,0,1.6633575396573566,1.0,1.328298698009377e-15
0,1,step,False,2,0.8324216477026292,0.6451505337152932,0.08631309360335346,0.42633961418034694,95.70652241506949,4,1.2926125639595911,144,39.04149238121993,53.52184722682377,7.455274159783111,15,0.2008759120254606,0,1.6633575396573566,1.0,1.328298698009377e-15
0,1,step,False,3,1.7671365625020585,0.10251697087741116,0.05278562666083619,0.9275987289059564,57.55429743684587,4,1.4961967445043285,104,15.163882051344746,22.044532642816744,2.4831334089574484,6,0.4079491407907069,0,1.6633575396573566,1.0,1.328298698009377e-15
0,1,step,False,4,0.189190438782976,0.9472416862757038,0.4148584432933423,0.28438677205814034,86.61455688672773,4,1.2253467761845325,137,25.554443758003906,36.20749948444799,5.648672757964955,8,0.33000901055708504,0,1.6633575396573566,1.0,1.328298698009377e-15
0,1,step,False,5,0.9624957231516963,0.3795560231525822,0.19381408199477074,0.6436556018911967,100.66230206714853,4,1.401847941884606,152,36.74984926202968,53.28940696474683,10.822387356278512,16,0.26663680129711903,0,1.6633575396573566,1.0,1.328298698009377e-15
0,1,step,False,6,1.878120422772648,0.3051241838222534,0.10841157534649223,1.170076458679142,56.30447193552446,4,1.227336443590866,96,16.30466619306752,24.419020375902583,8.234775900026559,11,0.28026680844518853,0,1.6633575396573566,1.0,1.328298698009377e-15
0,1,step,False,7,1.1659714895589495,0.41111574254433214,0.10507697372295698,0.7127793246699999,51.99423262134718,4,1.5285894745866542,87,16.326597374167847,24.162443271568044,5.164622843548024,8,0.2291876680159608,0,1.6633575396573566,1.0,1.328298698009377e-15
0,1,step,False,8,1.66032737134484,0.4064611404203257,0.0894926862598072,0.9389377553989154,11.819416878870557,4,2.026586931196822,26,2.6138256365694463,3.5187503479523827,1.1330600765125198,2,0.3462248604752021,0,1.6633575396573566,1.0,1.328298698009377e-15
0,1,step,False,9,1.6461682316146562,0.7673059239712935,0.2545545490373319,0.9738572244989234,37.543552928539356,4,1.4412322784247225,65,8.956131186618911,14.270276243278207,3.917699326606125,7,0.2545284961285963,0,1.6633575396573566,1.0,1.328298698009377e-15
0,1,step,False,10,2.4714404049555068,0.187146561932879,0.16768494336027534,1.7253275857301344,10.15448500645655,4,2.4079244265377597,20,2.669960647565716,4.015252184866382,1.0,1,0.4564196426202818,0,1.6633575396573566,1.0,1.328298698009377e-15
0,1,step,False,11,0.8931465161478112,0.9873117160748385,0.307911046750844,0.5910489049098231,43.392081459615156,4,1.5331905489234308,83,9.28373646072881,14.054071923001677,2.5402436398302823,5,0.36188962938819164,0,1.6633575396573566,1.0,1.328298698009377e-15
0,1,step,False,12,0.8277010638072685,0.912452094242707,0.167711763160992,0.49240734645412415,99.60092708268655,4,1.1788566064618986,158,32.30047513535959,45.83697318429608,6.503056898058879,13,0.3460537097833325,0,1.6633575396573566,1.0,1.328298698009377e-15
0,1,step,False,13,1.6770024361296911,0.5731892448745735,0.06651795239039174,1.1040497441218842,47.8807759883679,4,1.3488019381897085,87,11.445401823981266,18.815252933834888,5.796094929690578,8,0.28866090548570816,0,1.6633575396573566,1.0,1.328298698009377e-15
0,1,step,False,14,2.1318195481244704,0.3341621398472561,0.055964765880067734,1.2278878951404717,43.409210194733,4,1.4174425444032683,70,15.236600952775309,20.434156746746734,7.812080934878535,12,0.27050316949120173,0,1.6633575396573566,1.0,1.328298698009377e-15
0,1,step,False,15,0.8702271550814301,0.16212414913123127,0.13161740889607412,0.5504888608426778,96.04184728257837,4,1.263563869945345,147,43.99338190045703,58.48920776596773,11.412974957699697,15,0.27431398953439745,0,1.6633575396573566,1.0,1.328298698009377e-15
0,1,step,False,16,0.7714455089923629,0.13240174901471916,0.39883476748606717,0.5196999475222689,72.69219066972167,4,1.3384043689817446,117,23.329803068498148,35.481925059749955,6.015499636012028,9,0.23278595649752418,0,1.6633575396573566,1.0,1.328298698009377e-15
0,1,step,False,17,0.2875326920240055,0.6254306579054004,0.2423152776556495,0.2732558112361853,76.68372379940722,4,1.2368547980033078,133,26.466136655396323,37.70596262011128,5.400190936511108,11,0.37727897493305623,0,1.6633575396573566,1.0,1.328298698009377e-15
0,1,step,False,18,1.2405084321280169,0.40344759499235017,0.37494740365869283,0.743132142336476,6.5091475001375025,4,2.7889278686408487,15,2.433744948698688,3.3874532556079515,1.0,1,0.32181078131890356,0,1.6633575396573566,1.0,1.328298698009377e-15
0,1,step,False,19,1.7323699323297677,0.13205692063959473,0.12211184342088977,1.043615193750532,68.81193320483357,4,1.28081094247929,111,24.393795253637936,32.912126769974215,9.183849822990116,13,0.27814097387117903,0,1.6633575396573566,1.0,1.328298698009377e-15
0,1,step,False,20,1.2578374095484226,0.1978712454922625,0.1772736606774362,0.833311457521915,76.88178852690064,4,1.4994073035874473,123,23.194459139978036,34.79255635761158,8.209530915034605,14,0.19815689689292795,0,1.6633575396573566,1.0,1.328298698009377e-15
0,1,step,False,21,1.1944097178215622,0.42474892763485783,0.08456492099423943,0.6624887745711098,97.01859239689279,4,1.3516191907056236,147,37.18784215673985,49.2169066251834,9.395631410131399,16,0.22130818432674942,0,1.6633575396573566,1.0,1.328298698009377e-15
0,1,step,False,22,1.2865519208297453,0.10271009525810132,0.13373718552482963,0.8923724374919266,57.60596565566867,4,1.1434171490671163,94,18.698269447754594,25.416132723044406,8.398458156802493,12,0.27707750895920336,0,1.6633575396573566,1.0,1.328298698009377e-15
0,1,step,False,23,1.5882846153801122,0.04332599071947776,0.1373802910210718,0.973890297775329,67.926146062343,4,1.1695569105909993,108,23.620896660295074,30.167718623983,9.526759840338313,15,0.2765753340690145,0,1.6633575396573566,1.0,1.328298698009377e-15
0,2,step,False,0,2.013105417584776,0.1263109567713703,0.10690290741397018,1.2082318982774403,45.25131891809136,4,1.1798474781985144,79,13.893597985159232,18.428363422495156,5.199216509276192,7,0.16844242364343318,0,1.1761713958294884,0.6081723272800446,2.6619051383388577e-15
0,2,step,False,1,1.8393261347459855,0.16639382288800192,0.24144588765146913,1.02054557365162,31.940513081492973,4,1.3217857462609153,65,7.953767841014599,11.790026276996878,1.7467855830685557,3,0.11971841863669472,0,1.1761713958294884,0.6081723272800446,2.6619051383388577e-15
0,2,step,False,2,0.8324216477026292,0.5790367008590084,0.08631309360335346,0.42633961418034694,95.70652241506949,4,1.2926125639595911,144,40.65461664506796,54.42456674574403,7.455274159783111,15,0.19986764837388568,0,1.1761713958294884,0.6081723272800446,2.6619051383388577e-15
0,2,step,False,3,1.7671365625020585,0.05598907800932159,0.05278562666083619,0.9275987289059564,57.55429743684587,4,1.4961967445043285,104,13.458642540860843,17.82623331610846,2.4831334089574484,6,0.12655787422602333,0,1.1761713958294884,0.6081723272800446,2.6619051383388577e-15
0,2,step,False,4,0.189190438782976,0.9231240769641073,0.4148584432933423,0.28438677205814034,86.61455688672773,4,1.2253467761845325,137,28.972054735552884,40.61283468665924,5.648672757964955,8,0.20685093791976394,0,1.1761713958294884,0.6081723272800446,2.6619051383388577e-15
0,2,step,False,5,0.9624957231516963,0.3915476824156699,0.19381408199477074,0.6436556018911967,100.66230206714853,4,1.401847941884606,152,36.19652885533228,50.66614168868908,10.822387356278512,16,0.21842591394461208,0,1.1761713958294884,0.6081723272800446,2.6619051383388577e-15
0,2,step,False,6,1.878120422772648,0.27952337905127445,0.10841157534649223,1.170076458679142,56.30447193552446,4,1.227336443590866,96,15.207369373975235,21.172991553371162,8.234775900026559,11,0.2455639388763135,0,1.1761713958294884,0.6081723272800446,2.6619051383388577e-15
0,2,step,False,7,1.1659714895589495,0.34071454759713565,0.10507697372295698,0.7127793246699999,51.99423262134718,4,1.5285894745866542,87,16.894608677817008,24.321315271016157,5.164622843548024,8,0.15968733297075452,0,1.1761713958294884,0.6081723272800446,2.6619051383388577e-15
0,2,step,False,8,1.66032737134484,0.49600487652245573,0.0894926862598072,0.9389377553989154,11.819416878870557,4,2.026586931196822,26,2.776231493210957,3.9165349047134264,1.1330600765125198,2,0.15313550358392858,0,1.1761713958294884,0.6081723272800446,2.6619051383388577e-15
0,2,step,False,9,1.6461682316146562,0.8649146878801198,0.2545545490373319,0.9738572244989234,37.543552928539356,4,1.4412322784247225,65,11.106238208565848,17.48744669484735,3.917699326606125,7,0.20018801997341443,0,1.1761713958294884,0.6081723272800446,2.6619051383388577e-15
0,2,step,False,10,2.4714404049555068,0.18816979799040245,0.16768494336027534,1.7253275857301344,10.15448500645655,4,2.4079244265377597,20,1.6732065374836562,1.9865964126250284,1.0,1,0.31885473105897527,0,1.1761713958294884,0.6081723272800446,2.6619051383388577e-15
0,2,step,False,11,0.8931465161478112,0.988320913051049,0.307911046750844,0.5910489049098231,43.392081459615156,4,1.5331905489234308,83,11.14050235772993,15.592090304530776,2.5402436398302823,5,0.2251859056188073,0,1.1761713958294884,0.6081723272800446,2.6619051383388577e-15
0,2,step,False,12,0.8277010638072685,0.922211135315317,0.167711763160992,0.49240734645412415,99.60092708268655,4,1.1788566064618986,158,35.86468058214279,51.27560188304943,6.503056898058879,13,0.21701571273178327,0,1.1761713958294884,0.6081723272800446,2.6619051383388577e-15
0,2,step,False,13,1.6770024361296911,0.5860555928742889,0.06651795239039174,1.1040497441218842,47.8807759883679,4,1.3488019381897085,87,11.304013720003828,17.21636147722691,5.796094929690578,8,0.22982717937363192,0,1.1761713958294884,0.6081723272800446,2.6619051383388577e-15
0,2,step,False,14,2.1318195481244704,0.3842030741704467,0.055964765880067734,1.2278878951404717,43.409210194733,4,1.4174425444032683,70,12.457513890854147,15.691700102030946,7.812080934878535,12,0.23231759242740802,0,1.1761713958294884,0.6081723272800446,2.6619051383388577e-15
0,2,step,False,15,0.8702271550814301,0.18128495238829453,0.13161740889607412,0.5504888608426778,96.04184728257837,4,1.263563869945345,147,40.92255972110471,54.746343379424225,11.412974957699697,15,0.21909754624129468,0,1.1761713958294884,0.6081723272800446,2.6619051383388577e-15
0,2,step,False,16,0.7714455089923629,0.21572886235417696,0.39883476748606717,0.5196999475222689,72.69219066972167,4,1.3384043689817446,117,24.545584105578584,36.37858031957034,6.015499636012028,9,0.174593434189589,0,1.1761713958294884,0.6081723272800446,2.6619051383388577e-15
0,2,step,False,17,0.2875326920240055,0.6657930610017418,0.2423152776556495,0.2732558112361853,76.68372379940722,4,1.2368547980033078,133,30.19523573332072,41.43742487705497,5.400190936511108,11,0.22381589389788112,0,1.1761713958294884,0.6081723272800446,2.6619051383388577e-15
0,2,step,False,18,1.2405084321280169,0.3712620816160339,0.37494740365869283,0.743132142336476,6.5091475001375025,4,2.7889278686408487,15,2.597181757681128,3.3429960570664443,1.0,1,0.10878869299234918,0,1.1761713958294884,0.6081723272800446,2.6619051383388577e-15
0,2,step,False,19,1.7323699323297677,0.1479790859576409,0.12211184342088977,1.043615193750532,68.81193320483357,4,1.28081094247929,111,20.514841971015745,27.448931821534586,9.183849822990116,13,0.2313549226579315,0,1.1761713958294884,0.6081723272800446,2.6619051383388577e-15
0,2,step,False,20,1.2578374095484226,0.14599236300795146,0.1772736606774362,0.833311457521915,76.88178852690064,4,1.4994073035874473,123,22.624020462631282,33.64848036238809,8.209530915034605,14,0.198340386494099,0,1.1761713958294884,0.6081723272800446,2.6619051383388577e-15
0,2,step,False,21,1.1944097178215622,0.38294284569965387,0.08456492099423943,0.6624887745711098,97.01859239689279,4,1.3516191907056236,147,38.20965181865377,50.02837745038144,9.395631410131399,16,0.1982061269524105,0,1.1761713958294884,0.6081723272800446,2.6619051383388577e-15
0,2,step,False,22,1.2865519208297453,0.10443930225329238,0.13373718552482963,0.8923724374919266,57.60596565566867,4,1.1434171490671163,94,19.37570299209288,26.434337280053295,8.398458156802493,12,0.21750636821525107,0,1.1761713958294884,0.6081723272800446,2.6619051383388577e-15
0,2,step,False,23,1.5882846153801122,0.10102268121702616,0.1373802910210718,0.973890297775329,67.926146062343,4,1.1695569105909993,108,21.461660465019865,28.14775794054393,9.526759840338313,15,0.2289955576533169,0,1.1761713958294884,0.6081723272800446,2.6619051383388577e-15
0,3,step,False,0,2.013105417584776,0.10601424643938812,0.10690290741397018,1.2082318982774403,45.25131891809136,4,1.1798474781985144,79,11.51153026010543,14.562639696377316,5.199216509276192,7,0.11014885994830821,0,0.8316787698286782,0.3670121133327484,1.7500008394121418e-14
0,3,step,False,1,1.8393261347459855,0.28446578444386467,0.24144588765146913,1.02054557365162,31.940513081492973,4,1.3217857462609153,65,9.246891649932047,12.611656077254214,1.7467855830685557,3,0.10813412904106033,0,0.8316787698286782,0.3670121133327484,1.7500008394121418e-14
0,3,step,False,2,0.8324216477026292,0.5398663559408925,0.08631309360335346,0.42633961418034694,95.70652241506949,4,1.2926125639595911,144,41.52128523242653,54.71648552347261,7.455274159783111,15,0.0830787443969754,0,0.8316787698286782,0.3670121133327484,1.7500008394121418e-14
0,3,step,False,3,1.7671365625020585,0.08981939956660939,0.05278562666083619,0.9275987289059564,57.55429743684587,4,1.4961967445043285,104,12.867339876250355,15.931027613491892,2.4831334089574484,6,0.09531219666177689,0,0.8316787698286782,0.3670121133327484,1.7500008394121418e-14
0,3,step,False,4,0.189190438782976,0.9095490332638189,0.4148584432933423,0.28438677205814034,86.61455688672773,4,1.2253467761845325,137,33.365229223550294,47.629106838533,5.648672757964955,8,0.1280504219992555,0,0.8316787698286782,0.3670121133327484,1.7500008394121418e-14
0,3,step,False,5,0.9624957231516963,0.3476363489151052,0.19381408199477074,0.6436556018911967,100.66230206714853,4,1.401847941884606,152,33.73172132828758,46.90858234835147,10.822387356278512,16,0.12562709342384412,0,0.8316787698286782,0.3670121133327484,1.7500008394121418e-14
0,3,step,False,6,1.878120422772648,0.21283017048699843,0.10841157534649223,1.170076458679142,56.30447193552446,4,1.227336443590866,96,14.412421807810762,19.192509774674665,8.234775900026559,11,0.1255818930041956,0,0.8316787698286782,0.3670121133327484,1.7500008394121418e-14
0,3,step,False,7,1.1659714895589495,0.423950101616845,0.10507697372295698,0.7127793246699999,51.99423262134718,4,1.5285894745866542,87,17.622295870377517,25.720561619400023,5.164622843548024,8,0.11100333129864684,0,0.8316787698286782,0.3670121133327484,1.7500008394121418e-14
0,3,step,False,8,1.66032737134484,0.387210642521095,0.0894926862598072,0.9389377553989154,11.819416878870557,4,2.026586931196822,26,4.905667175407653,8.312855318840342,1.1330600765125198,2,0.125767300808199,0,0.8316787698286782,0.3670121133327484,1.7500008394121418e-14
0,3,step,False,9,1.6461682316146562,0.8121554088387429,0.2545545490373319,0.9738572244989234,37.543552928539356,4,1.4412322784247225,65,12.646075098506138,19.41408332523549,3.917699326606125,7,0.12392887484667113,0,0.8316787698286782,0.3670121133327484,1.7500008394121418e-14
0,3,step,False,10,2.4714404049555068,0.18816979799040245,0.16768494336027534,1.7253275857301344,10.15448500645655,4,2.4079244265377597,20,1.487938116848044,1.7882151326992222,1.0,1,0.2503107837746095,0,0.8316787698286782,0.3670121133327484,1.7500008394121418e-14
0,3,step,False,11,0.8931465161478112,0.9893994107705871,0.307911046750844,0.5910489049098231,43.392081459615156,4,1.5331905489234308,83,14.249262868111574,21.48520744819015,2.5402436398302823,5,0.13744526385695413,0,0.8316787698286782,0.3670121133327484,1.7500008394121418e-14
0,3,step,False,12,0.8277010638072685,0.9357637850514199,0.167711763160992,0.49240734645412415,99.60092708268655,4,1.1788566064618986,158,41.00127933516986,60.1356219339922,6.503056898058879,13,0.12003532084631346,0,0.8316787698286782,0.3670121133327484,1.7500008394121418e-14
0,3,step,False,13,1.6770024361296911,0.4906655358530002,0.06651795239039174,1.1040497441218842,47.8807759883679,4,1.3488019381897085,87,12.596885151249294,18.605689245800402,5.796094929690578,8,0.1274718699789638,0,0.8316787698286782,0.3670121133327484,1.7500008394121418e-14
0,3,step,False,14,2.1318195481244704,0.39549303139315256,0.055964765880067734,1.2278878951404717,43.409210194733,4,1.4174425444032683,70,10.643009212699058,13.408998495196196,7.812080934878535,12,0.11331437725863718,0,0.8316787698286782,0.3670121133327484,1.7500008394121418e-14
0,3,step,False,15,0.8702271550814301,0.19029791909271665,0.13161740889607412,0.5504888608426778,96.04184728257837,4,1.263563869945345,147,34.39030549453977,45.96805852104936,11.412974957699697,15,0.12442256529154486,0,0.8316787698286782,0.3670121133327484,1.7500008394121418e-14
0,3,step,False,16,0.7714455089923629,0.15772827166281533,0.39883476748606717,0.5196999475222689,72.69219066972167,4,1.3384043689817446,117,24.443909719570396,34.76982356448236,6.015499636012028,9,0.10710398778847151,0,0.8316787698286782,0.3670121133327484,1.7500008394121418e-14
0,3,step,False,17,0.2875326920240055,0.7264442853524522,0.2423152776556495,0.2732558112361853,76.68372379940722,4,1.2368547980033078,133,33.15846926574559,46.85164052500916,5.400190936511108,11,0.12691977772682178,0,0.8316787698286782,0.3670121133327484,1.7500008394121418e-14
0,3,step,False,18,1.2405084321280169,0.3565583171430941,0.37494740365869283,0.743132142336476,6.5091475001375025,4,2.7889278686408487,15,2.730073929631019,3.5843110779771132,1.0,1,0.12111600993793863,0,0.8316787698286782,0.3670121133327484,1.7500008394121418e-14
0,3,step,False,19,1.7323699323297677,0.1329071173703783,0.12211184342088977,1.043615193750532,68.81193320483357,4,1.28081094247929,111,17.354812809588818,21.58264273046515,9.183849822990116,13,0.12409177328966534,0,0.8316787698286782,0.3670121133327484,1.7500008394121418e-14
0,3,step,False,20,1.2578374095484226,0.13859961623341535,0.1772736606774362,0.833311457521915,76.88178852690064,4,1.4994073035874473,123,22.112414219785283,31.667764092933197,8.209530915034605,14,0.08547675921770004,0,0.8316787698286782,0.3670121133327484,1.7500008394121418e-14
0,3,step,False,21,1.1944097178215622,0.322698017414605,0.08456492099423943,0.6624887745711098,97.01859239689279,4,1.3516191907056236,147,38.396005364996775,52.07411180922886,9.395631410131399,16,0.1042421765416455,0,0.8316787698286782,0.3670121133327484,1.7500008394121418e-14
0,3,step,False,22,1.2865519208297453,0.14465501093732086,0.13373718552482963,0.8923724374919266,57.60596565566867,4,1.1434171490671163,94,17.30119051682264,23.65263874194097,8.398458156802493,12,0.12544601279128062,0,0.8316787698286782,0.3670121133327484,1.7500008394121418e-14
0,3,step,False,23,1.5882846153801122,0.11076039077161831,0.1373802910210718,0.973890297775329,67.926146062343,4,1.1695569105909993,108,18.304019891235352,22.2624248166306,9.526759840338313,15,0.12478723537114962,0,0.8316787698286782,0.3670121133327484,1.7500008394121418e-14
1,0,init,False,0,1.5749285892107503,0.15842792477046094,0.05266626956231886,1.0456497293241727,58.1255192699806,4,1.3359299744479276,100,nan,nan,5.238240656996116,9,nan,0,nan,nan,nan
1,0,init,False,1,1.2597795664531544,0.08303181458362677,0.006743372039069341,0.8630006868235384,73.4203802244768,4,1.3014780187753279,119,nan,nan,6.831369053373025,10,nan,0,nan,nan,nan
1,0,init,False,2,1.321130606706036,0.5465428472588522,0.11543906753709644,0.8806445562429156,64.21333978017283,4,1.3680608408512542,109,nan,nan,5.298630926627023,9,nan,0,nan,nan,nan
1,0,init,False,3,0.7822524636658202,0.17743246711632563,0.44164496573085077,0.5516281588328207,31.65460114810914,4,1.5401210518536577,63,nan,nan,2.788851149996098,5,nan,0,nan,nan,nan
1,0,init,False,4,0.34434947603663596,0.05407378571424687,0.2629529020266202,0.26148535687877,110.76965662245044,4,1.2506721675324675,171,nan,nan,11.20504061218888,21,nan,0,nan,nan,nan
1,0,init,False,5,1.4417495312968414,0.6091088099520009,0.11580421223612355,0.8189884660021316,58.85843969092172,4,1.443776098345645,109,nan,nan,4.311402072768068,9,nan,0,nan,nan,nan
1,0,init,False,6,1.00972397712654,0.07148775139552857,0.17363996065201645,0.5395588078365875,53.26794803322947,4,1.4548996150584552,93,nan,nan,7.568142618123886,10,nan,0,nan,nan,nan
1,0,init,False,7,1.2185947329704703,0.1488812836013955,0.24195347621371185,0.8414793850028799,59.776321990038106,4,1.5824914426247365,102,nan,nan,6.188270995063459,12,nan,0,nan,nan,nan
1,0,init,False,8,1.0529759994370083,0.5242669413239024,0.22055200303460834,0.6576183775429378,90.63043919268989,4,1.2089503562504371,135,nan,nan,10.243738806134445,13,nan,0,nan,nan,nan
1,0,init,False,9,0.29021406196150945,0.9972775762942552,0.9670807746197337,0.1982428341906109,86.10041172850613,4,1.3027633038404485,140,nan,nan,10.398365330138075,14,nan,0,nan,nan,nan
1,0,init,False,10,1.385073693952201,0.5844187583838942,0.13215962103503467,0.789350777110115,71.91980943756451,4,1.3079830281169158,120,nan,nan,7.313370634066769,11,nan,0,nan,nan,nan
1,0,init,False,11,1.039287979344075,0.3063894518937626,0.23118558247061435,0.5870922888283767,44.593612143074274,4,1.4179461310870287,80,nan,nan,3.392272490495242,6,nan,0,nan,nan,nan
1,0,init,False,12,1.093621695593289,0.12446355055298274,0.13041988552657197,0.7660395917318017,83.87676452846466,4,1.2362845540544831,127,nan,nan,9.68120711173227,11,nan,0,nan,nan,nan
1,0,init,False,13,0.9736580260817508,0.7903096867468709,0.3084883333299315,0.5869158572797941,60.767410951634155,4,1.3012547771511178,99,nan,nan,6.9109678929701035,12,nan,0,nan,nan,nan
1,0,init,False,14,1.313802687997899,0.37710905669115635,0.1646470576684292,0.8547961781115798,76.4711253420775,4,1.2740067003456363,123,nan,nan,7.941751947079538,10,nan,0,nan,nan,nan
1,0,init,False,15,2.345362840709062,0.24562355743163694,0.18844460267552837,1.3936670035970806,15.315387151269974,4,1.6743011216639352,34,nan,nan,1.3334986384996432,3,nan,0,nan,nan,nan
1,0,init,False,16,0.720181991764751,0.03233784094690507,0.0724206453001821,0.48166211738700226,73.38432044625401,4,1.3478844172948343,114,nan,nan,6.052202474957328,10,nan,0,nan,nan,nan
1,0,init,False,17,1.2805013366604237,0.45030100316853766,0.24353558287222207,0.7707768203473779,39.55629964356406,4,1.4893567238615686,75,nan,nan,3.047920137916333,4,nan,0,nan,nan,nan
1,0,init,False,18,0.8160002170453344,0.6948640048518233,0.1885685474603186,0.5495810023567146,80.73122378063826,4,1.2727468403386215,129,nan,nan,8.40331275726238,14,nan,0,nan,nan,nan
1,0,init,False,19,1.3316689125660606,0.1680939425103951,0.12630496662992002,0.9147970231724395,15.966969068378386,4,1.6890374174626903,37,nan,nan,2.077002984703749,4,nan,0,nan,nan,nan
1,0,init,False,20,1.542113069582152,0.24014172447175758,0.08537846206211981,0.9928620230514716,50.35094875946201,4,1.2156112198778257,85,nan,nan,4.816744564870445,7,nan,0,nan,nan,nan
1,0,init,False,21,2.0051335288065353,0.2438762665289221,0.0741215130623265,1.330418673404337,35.97508400818381,4,1.362173227191439,63,nan,nan,3.877426918209244,7,nan,0,nan,nan,nan
1,0,init,False,22,2.5644615416402696,0.14977112997604028,0.1497711299760425,1.5824513265501605,17.124575495420004,4,1.6590726355233671,30,nan,nan,1.0,1,nan,0,nan,nan,nan
1,0,init,False,23,1.107052378092518,0.4596771889072396,0.19492534343252502,0.6743392677323732,87.14941156343991,4,1.3010299865835984,137,nan,nan,8.080269225827912,12,nan,0,nan,nan,nan
1,1,step,False,0,1.5749285892107503,0.21057764456570768,0.05266626956231886,1.0456497293241727,58.1255192699806,4,1.3359299744479276,100,20.59852130321884,28.479483566494398,5.238240656996116,9,0.2891763042616185,0,1.6558287014937831,1.0,1.0360207495120618e-15
1,1,step,False,1,1.2597795664531544,0.11094513301379794,0.006743372039069341,0.8630006868235384,73.4203802244768,4,1.3014780187753279,119,28.40386179477597,38.63465136606058,6.831369053373025,10,0.35067234354550264,0,1.6558287014937831,1.0,1.0360207495120618e-15
1,1,step,False,2,1.321130606706036,0.5824798665453742,0.11543906753709644,0.8806445562429156,64.21333978017283,4,1.3680608408512542,109,17.855639041357886,25.868303825078737,5.298630926627023,9,0.42081040407852144,0,1.6558287014937831,1.0,1.0360207495120618e-15
1,1,step,False,3,0.7822524636658202,0.07435399146133127,0.44164496573085077,0.5516281588328207,31.65460114810914,4,1.5401210518536577,63,8.489344067855889,12.618002529473353,2.788851149996098,5,0.3569530458952266,0,1.6558287014937831,1.0,1.0360207495120618e-15
1,1,step,False,4,0.34434947603663596,0.10865432983622111,0.2629529020266202,0.26148535687877,110.76965662245044,4,1.2506721675324675,171,43.47201625408509,59.248157521185114,11.20504061218888,21,0.2891219864130743,0,1.6558287014937831,1.0,1.0360207495120618e-15
1,1,step,False,5,1.4417495312968414,0.64987046445597,0.11580421223612355,0.8189884660021316,58.85843969092172,4,1.443776098345645,109,19.740985148939526,26.420632451306382,4.311402072768068,9,0.36962691703193434,0,1.6558287014937831,1.0,1.0360207495120618e-15
1,1,step,False,6,1.00972397712654,0.20579200152555913,0.17363996065201645,0.5395588078365875,53.26794803322947,4,1.4548996150584552,93,13.887473030153876,19.684940243892243,7.568142618123886,10,0.33024120364086834,0,1.6558287014937831,1.0,1.0360207495120618e-15
1,1,step,False,7,1.2185947329704703,0.06000308125644611,0.24195347621371185,0.8414793850028799,59.776321990038106,4,1.5824914426247365,102,18.89287660936788,29.191093076605014,6.188270995063459,12,0.256747368701968,0,1.6558287014937831,1.0,1.0360207495120618e-15
1,1,step,False,8,1.0529759994370083,0.43111747314293847,0.22055200303460834,0.6576183775429378,90.63043919268989,4,1.2089503562504371,135,32.77956836697321,48.72410113322512,10.243738806134445,13,0.32548013379960533,0,1.6558287014937831,1.0,1.0360207495120618e-15
1,1,step,False,9,0.29021406196150945,0.9984295400901849,0.9670807746197337,0.1982428341906109,86.10041172850613,4,1.3027633038404485,140,27.769282057771342,40.20620643288194,10.398365330138075,14,0.31455005201579517,0,1.6558287014937831,1.0,1.0360207495120618e-15
1,1,step,False,10,1.385073693952201,0.5600959744552116,0.13215962103503467,0.789350777110115,71.91980943756451,4,1.3079830281169158,120,20.951430197476885,31.43172029939866,7.313370634066769,11,0.3366005010001311,0,1.6558287014937831,1.0,1.0360207495120618e-15
1,1,step,False,11,1.039287979344075,0.5195610812277341,0.23118558247061435,0.5870922888283767,44.593612143074274,4,1.4179461310870287,80,13.294875268863809,18.783504810958583,3.392272490495242,6,0.3526515878746207,0,1.6558287014937831,1.0,1.0360207495120618e-15
1,1,step,False,12,1.093621695593289,0.14098897757114234,0.13041988552657197,0.7660395917318017,83.87676452846466,4,1.2362845540544831,127,27.190900311888967,38.4470171310464,9.68120711173227,11,0.3409812605052137,0,1.6558287014937831,1.0,1.0360207495120618e-15
1,1,step,False,13,0.9736580260817508,0.7517878215182308,0.3084883333299315,0.5869158572797941,60.767410951634155,4,1.3012547771511178,99,21.54043517163722,30.648319502897117,6.9109678929701035,12,0.28771194772299974,0,1.6558287014937831,1.0,1.0360207495120618e-15
1,1,step,False,14,1.313802687997899,0.35941749058290723,0.1646470576684292,0.8547961781115798,76.4711253420775,4,1.2740067003456363,123,23.89193754753978,34.23326527540986,7.941751947079538,10,0.3461767896164297,0,1.6558287014937831,1.0,1.0360207495120618e-15
1,1,step,False,15,2.345362840709062,0.40483078405482364,0.18844460267552837,1.3936670035970806,15.315387151269974,4,1.6743011216639352,34,4.427949622695897,5.644182069735404,1.3334986384996432,3,0.3233951745079321,0,1.6558287014937831,1.0,1.0360207495120618e-15
1,1,step,False,16,0.720181991764751,0.07789445999263124,0.0724206453001821,0.48166211738700226,73.38432044625401,4,1.3478844172948343,114,23.475585983024153,33.17452902246887,6.052202474957328,10,0.34811229422841516,0,1.6558287014937831,1.0,1.0360207495120618e-15
1,1,step,False,17,1.2805013366604237,0.6658002940499189,0.24353558287222207,0.7707768203473779,39.55629964356406,4,1.4893567238615686,75,10.523665166772878,14.662491689527567,3.047920137916333,4,0.36317450531045337,0,1.6558287014937831,1.0,1.0360207495120618e-15
1,1,step,False,18,0.8160002170453344,0.6697668059570422,0.1885685474603186,0.5495810023567146,80.73122378063826,4,1.2727468403386215,129,32.66170119490752,44.752394551646056,8.40331275726238,14,0.3661316267161735,0,1.6558287014937831,1.0,1.0360207495120618e-15
1,1,step,False,19,1.3316689125660606,0.28493208861954733,0.12630496662992002,0.9147970231724395,15.966969068378386,4,1.6890374174626903,37,4.3985871138572925,6.061376886082964,2.077002984703749,4,0.2860830451724546,0,1.6558287014937831,1.0,1.0360207495120618e-15
1,1,step,False,20,1.542113069582152,0.3095968050660463,0.08537846206211981,0.9928620230514716,50.35094875946201,4,1.2156112198778257,85,20.03590346947051,26.433112217440037,4.816744564870445,7,0.3630151262863639,0,1.6558287014937831,1.0,1.0360207495120618e-15
1,1,step,False,21,2.0051335288065353,0.21782068599366147,0.0741215130623265,1.330418673404337,35.97508400818381,4,1.362173227191439,63,9.382836345731043,13.858680499475671,3.877426918209244,7,0.3455395359795527,0,1.6558287014937831,1.0,1.0360207495120618e-15
1,1,step,False,22,2.5644615416402696,0.05569540331671866,0.1497711299760425,1.5824513265501605,17.124575495420004,4,1.6590726355233671,30,5.308346200309086,7.6139791156360435,1.0,1,0.342127075200852,0,1.6558287014937831,1.0,1.0360207495120618e-15
1,1,step,False,23,1.107052378092518,0.43345849629311767,0.19492534343252502,0.6743392677323732,87.14941156343991,4,1.3010299865835984,137,31.026278731325654,43.39158199341926,8.080269225827912,12,0.3453887449052877,0,1.6558287014937831,1.0,1.0360207495120618e-15
1,2,step,False,0,1.5749285892107503,0.2552119000619767,0.05266626956231886,1.0456497293241727,58.1255192699806,4,1.3359299744479276,100,20.524422419000256,27.886219022072464,5.238240656996116,9,0.23315195987601917,0,1.1708477033095694,0.6099494844675064,6.891367013309558e-14
1,2,step,False,1,1.2597795664531544,0.12647495782878987,0.006743372039069341,0.8630006868235384,73.4203802244768,4,1.3014780187753279,119,28.786421013809125,38.464174097179495,6.831369053373025,10,0.2195354330118953,0,1.1708477033095694,0.6099494844675064,6.891367013309558e-14
1,2,step,False,2,1.321130606706036,0.5905424615945656,0.11543906753709644,0.8806445562429156,64.21333978017283,4,1.3680608408512542,109,17.10390506155504,24.240065720970687,5.298630926627023,9,0.21766935225199102,0,1.1708477033095694,0.6099494844675064,6.891367013309558e-14
1,2,step,False,3,0.7822524636658202,0.2062538768963413,0.44164496573085077,0.5516281588328207,31.65460114810914,4,1.5401210518536577,63,9.549845270079834,14.331056709747806,2.788851149996098,5,0.30155027224445097,0,1.1708477033095694,0.6099494844675064,6.891367013309558e-14
1,2,step,False,4,0.34434947603663596,0.011571668587175326,0.2629529020266202,0.26148535687877,110.76965662245044,4,1.2506721675324675,171,43.95228939471649,59.18099477739926,11.20504061218888,21,0.15072663069685904,0,1.1708477033095694,0.6099494844675064,6.891367013309558e-14
1,2,step,False,5,1.4417495312968414,0.6307063232159343,0.11580421223612355,0.8189884660021316,58.85843969092172,4,1.443776098345645,109,20.413387604045482,27.814881793108288,4.311402072768068,9,0.21329428170358242,0,1.1708477033095694,0.6099494844675064,6.891367013309558e-14
1,2,step,False,6,1.00972397712654,0.3593248427723136,0.17363996065201645,0.5395588078365875,53.26794803322947,4,1.4548996150584552,93,15.205835350545787,20.10926829704883,7.568142618123886,10,0.1357371208999945,0,1.1708477033095694,0.6099494844675064,6.891367013309558e-14
1,2,step,False,7,1.2185947329704703,0.10456613226387985,0.24195347621371185,0.8414793850028799,59.776321990038106,4,1.5824914426247365,102,17.403267674999487,25.958519641002617,6.188270995063459,12,0.2632562497269584,0,1.1708477033095694,0.6099494844675064,6.891367013309558e-14
1,2,step,False,8,1.0529759994370083,0.24080540120836363,0.22055200303460834,0.6576183775429378,90.63043919268989,4,1.2089503562504371,135,34.04368890936526,48.634100119282515,10.243738806134445,13,0.18075686853743747,0,1.1708477033095694,0.6099494844675064,6.891367013309558e-14
1,2,step,False,9,0.29021406196150945,0.9971235713420049,0.9670807746197337,0.1982428341906109,86.10041172850613,4,1.3027633038404485,140,25.217380293013328,35.422170068776815,10.398365330138075,14,0.17253307725618391,0,1.1708477033095694,0.6099494844675064,6.891367013309558e-14
1,2,step,False,10,1.385073693952201,0.46691504813450674,0.13215962103503467,0.789350777110115,71.91980943756451,4,1.3079830281169158,120,22.517670058848477,33.30350232099183,7.313370634066769,11,0.16723851806310022,0,1.1708477033095694,0.6099494844675064,6.891367013309558e-14
1,2,step,False,11,1.039287979344075,0.48596978094255494,0.23118558247061435,0.5870922888283767,44.593612143074274,4,1.4179461310870287,80,12.740050423779774,17.849644765238363,3.392272490495242,6,0.13654826959865218,0,1.1708477033095694,0.6099494844675064,6.891367013309558e-14
1,2,step,False,12,1.093621695593289,0.24489487795723117,0.13041988552657197,0.7660395917318017,83.87676452846466,4,1.2362845540544831,127,28.252013406707242,38.37120240727578,9.68120711173227,11,0.13719409890744044,0,1.1708477033095694,0.6099494844675064,6.891367013309558e-14
1,2,step,False,13,0.9736580260817508,0.6148671477754936,0.3084883333299315,0.5869158572797941,60.767410951634155,4,1.3012547771511178,99,22.44000957614909,33.05256766521112,6.9109678929701035,12,0.23598359167039906,0,1.1708477033095694,0.6099494844675064,6.891367013309558e-14
1,2,step,False,14,1.313802687997899,0.2583836701945047,0.1646470576684292,0.8547961781115798,76.4711253420775,4,1.2740067003456363,123,24.645394051134854,35.20309173972582,7.941751947079538,10,0.1594961560924621,0,1.1708477033095694,0.6099494844675064,6.891367013309558e-14
1,2,step,False,15,2.345362840709062,0.5642697694581444,0.18844460267552837,1.3936670035970806,15.315387151269974,4,1.6743011216639352,34,3.8934104908878697,5.238864284895369,1.3334986384996432,3,0.2895469432853238,0,1.1708477033095694,0.6099494844675064,6.891367013309558e-14
1,2,step,False,16,0.720181991764751,0.040597773606842885,0.0724206453001821,0.48166211738700226,73.38432044625401,4,1.3478844172948343,114,25.571656290245336,36.524744488504204,6.052202474957328,10,0.21626240188121237,0,1.1708477033095694,0.6099494844675064,6.891367013309558e-14
1,2,step,False,17,1.2805013366604237,0.8183914860321766,0.24353558287222207,0.7707768203473779,39.55629964356406,4,1.4893567238615686,75,10.329279109539334,15.09004901727178,3.047920137916333,4,0.3167046520859628,0,1.1708477033095694,0.6099494844675064,6.891367013309558e-14
1,2,step,False,18,0.8160002170453344,0.7459662056203356,0.1885685474603186,0.5495810023567146,80.73122378063826,4,1.2727468403386215,129,32.16410188974453,42.350676632919594,8.40331275726238,14,0.18205101139122706,0,1.1708477033095694,0.6099494844675064,6.891367013309558e-14
1,2,step,False,19,1.3316689125660606,0.47223596891733743,0.12630496662992002,0.9147970231724395,15.966969068378386,4,1.6890374174626903,37,3.253592182943531,4.295172656190312,2.077002984703749,4,0.2338737382806187,0,1.1708477033095694,0.6099494844675064,6.891367013309558e-14
1,2,step,False,20,1.542113069582152,0.2249291291631069,0.08537846206211981,0.9928620230514716,50.35094875946201,4,1.2156112198778257,85,21.398663519484842,28.717848366126937,4.816744564870445,7,0.2268303362609275,0,1.1708477033095694,0.6099494844675064,6.891367013309558e-14
1,2,step,False,21,2.0051335288065353,0.16324213636009335,0.0741215130623265,1.330418673404337,35.97508400818381,4,1.362173227191439,63,6.1556554770301535,9.263932600852995,3.877426918209244,7,0.13019757991023156,0,1.1708477033095694,0.6099494844675064,6.891367013309558e-14
1,2,step,False,22,2.5644615416402696,0.06146099929490497,0.1497711299760425,1.5824513265501605,17.124575495420004,4,1.6590726355233671,30,4.152313169694512,5.704746206981302,1.0,1,0.15023807243947304,0,1.1708477033095694,0.6099494844675064,6.891367013309558e-14
1,2,step,False,23,1.107052378092518,0.3370207083025187,0.19492534343252502,0.6743392677323732,87.14941156343991,4,1.3010299865835984,137,30.2857681232897,41.83291270858472,8.080269225827912,12,0.15959031997025522,0,1.1708477033095694,0.6099494844675064,6.891367013309558e-14
1,3,step,False,0,1.5749285892107503,0.34510659005744776,0.05266626956231886,1.0456497293241727,58.1255192699806,4,1.3359299744479276,100,20.012723871886287,26.57540244975814,5.238240656996116,9,0.11806670946531482,0,0.8279143507468913,0.36730271577835083,9.743248011808126e-15
1,3,step,False,1,1.2597795664531544,0.2347152793776157,0.006743372039069341,0.8630006868235384,73.4203802244768,4,1.3014780187753279,119,28.845789787341058,38.03671004757287,6.831369053373025,10,0.1086576570697363,0,0.8279143507468913,0.36730271577835083,9.743248011808126e-15
1,3,step,False,2,1.321130606706036,0.6718212752013693,0.11543906753709644,0.8806445562429156,64.21333978017283,4,1.3680608408512542,109,18.346134937973044,26.247189116109027,5.298630926627023,9,0.11970436528539256,0,0.8279143507468913,0.36730271577835083,9.743248011808126e-15
1,3,step,False,3,0.7822524636658202,0.2966718312298627,0.44164496573085077,0.5516281588328207,31.65460114810914,4,1.5401210518536577,63,9.577822287463839,14.283611448225745,2.788851149996098,5,0.12362960790147685,0,0.8279143507468913,0.36730271577835083,9.743248011808126e-15
1,3,step,False,4,0.34434947603663596,0.03462938637128744,0.2629529020266202,0.26148535687877,110.76965662245044,4,1.2506721675324675,171,41.66135212802695,55.59583692152616,11.20504061218888,21,0.11506554899893477,0,0.8279143507468913,0.36730271577835083,9.743248011808126e-15
1,3,step,False,5,1.4417495312968414,0.5326553492823498,0.11580421223612355,0.8189884660021316,58.85843969092172,4,1.443776098345645,109,20.325152346851123,28.606231482709887,4.311402072768068,9,0.09394566853541458,0,0.8279143507468913,0.36730271577835083,9.743248011808126e-15
1,3,step,False,6,1.00972397712654,0.24907705284265025,0.17363996065201645,0.5395588078365875,53.26794803322947,4,1.4548996150584552,93,18.450655351340156,24.68086292069108,7.568142618123886,10,0.09684714966865317,0,0.8279143507468913,0.36730271577835083,9.743248011808126e-15
1,3,step,False,7,1.2185947329704703,0.13757355860149206,0.24195347621371185,0.8414793850028799,59.776321990038106,4,1.5824914426247365,102,17.92899380256725,25.796896406916282,6.188270995063459,12,0.1386638489357094,0,0.8279143507468913,0.36730271577835083,9.743248011808126e-15
1,3,step,False,8,1.0529759994370083,0.09750181078241657,0.22055200303460834,0.6576183775429378,90.63043919268989,4,1.2089503562504371,135,31.903220981212456,42.76709375685459,10.243738806134445,13,0.14789749071401548,0,0.8279143507468913,0.36730271577835083,9.743248011808126e-15
1,3,step,False,9,0.29021406196150945,0.9997700349302963,0.9670807746197337,0.1982428341906109,86.10041172850613,4,1.3027633038404485,140,28.405166986236868,41.30577674086993,10.398365330138075,14,0.11202732695207598,0,0.8279143507468913,0.36730271577835083,9.743248011808126e-15
1,3,step,False,10,1.385073693952201,0.3664150525595987,0.13215962103503467,0.789350777110115,71.91980943756451,4,1.3079830281169158,120,22.374003986300117,30.302245745799837,7.313370634066769,11,0.07859774699238811,0,0.8279143507468913,0.36730271577835083,9.743248011808126e-15
1,3,step,False,11,1.039287979344075,0.33516724188667657,0.23118558247061435,0.5870922888283767,44.593612143074274,4,1.4179461310870287,80,14.206748724335302,19.070372757400857,3.392272490495242,6,0.05691305227313844,0,0.8279143507468913,0.36730271577835083,9.743248011808126e-15
1,3,step,False,12,1.093621695593289,0.14902552828874235,0.13041988552657197,0.7660395917318017,83.87676452846466,4,1.2362845540544831,127,28.769851233935317,36.980701394372474,9.68120711173227,11,0.09893168671327918,0,0.8279143507468913,0.36730271577835083,9.743248011808126e-15
1,3,step,False,13,0.9736580260817508,0.4736804835219959,0.3084883333299315,0.5869158572797941,60.767410951634155,4,1.3012547771511178,99,21.28314491070361,29.33994281698617,6.9109678929701035,12,0.14613403687599982,0,0.8279143507468913,0.36730271577835083,9.743248011808126e-15
1,3,step,False,14,1.313802687997899,0.13656886498119566,0.1646470576684292,0.8547961781115798,76.4711253420775,4,1.2740067003456363,123,23.13592516134388,30.801983657735086,7.941751947079538,10,0.07650500459855233,0,0.8279143507468913,0.36730271577835083,9.743248011808126e-15
1,3,step,False,15,2.345362840709062,0.4225810328738846,0.18844460267552837,1.3936670035970806,15.315387151269974,4,1.6743011216639352,34,3.694062597973949,4.6860408266034295,1.3334986384996432,3,0.18322217722755443,0,0.8279143507468913,0.36730271577835083,9.743248011808126e-15
1,3,step,False,16,0.720181991764751,0.1485109517086373,0.0724206453001821,0.48166211738700226,73.38432044625401,4,1.3478844172948343,114,24.550269852020627,33.16037688667723,6.052202474957328,10,0.10104578531843351,0,0.8279143507468913,0.36730271577835083,9.743248011808126e-15
1,3,step,False,17,1.2805013366604237,0.8143450566784087,0.24353558287222207,0.7707768203473779,39.55629964356406,4,1.4893567238615686,75,11.375391396176429,17.787447999689352,3.047920137916333,4,0.17601050702046886,0,0.8279143507468913,0.36730271577835083,9.743248011808126e-15
1,3,step,False,18,0.8160002170453344,0.8388569216263748,0.1885685474603186,0.5495810023567146,80.73122378063826,4,1.2727468403386215,129,33.31982790846268,43.975196456651545,8.40331275726238,14,0.10431920736949286,0,0.8279143507468913,0.36730271577835083,9.743248011808126e-15
1,3,step,False,19,1.3316689125660606,0.5562601275605632,0.12630496662992002,0.9147970231724395,15.966969068378386,4,1.6890374174626903,37,2.8741620577767923,3.6633143017947805,2.077002984703749,4,0.14831229407908791,0,0.8279143507468913,0.36730271577835083,9.743248011808126e-15
1,3,step,False,20,1.542113069582152,0.126271970678336,0.08537846206211981,0.9928620230514716,50.35094875946201,4,1.2156112198778257,85,20.56051627101516,26.548837573247763,4.816744564870445,7,0.11169096732103428,0,0.8279143507468913,0.36730271577835083,9.743248011808126e-15
1,3,step,False,21,2.0051335288065353,0.12408560762303815,0.0741215130623265,1.330418673404337,35.97508400818381,4,1.362173227191439,63,4.667042377716559,5.9229215130808575,3.877426918209244,7,0.10733518434966914,0,0.8279143507468913,0.36730271577835083,9.743248011808126e-15
1,3,step,False,22,2.5644615416402696,0.13706401674450944,0.1497711299760425,1.5824513265501605,17.124575495420004,4,1.6590726355233671,30,3.4865623799363465,4.72432292070519,1.0,1,0.10573178163783176,0,0.8279143507468913,0.36730271577835083,9.743248011808126e-15
1,3,step,False,23,1.107052378092518,0.22042951683047507,0.19492534343252502,0.6743392677323732,87.14941156343991,4,1.3010299865835984,137,30.24548686774328,41.98560371197576,8.080269225827912,12,0.07615522250322834,0,0.8279143507468913,0.36730271577835083,9.743248011808126e-15
2,0,init,False,0,1.0467706587360495,0.5466905261859195,0.22851500244119818,0.6810330044325779,59.04569452859888,4,1.389966061080823,96,nan,nan,5.862727771146699,9,nan,0,nan,nan,nan
2,0,init,False,1,1.0701418227387929,0.4487311535625346,0.12425900274583421,0.7956896675689481,51.64105542247972,4,1.2390161483685567,93,nan,nan,3.834714955441396,10,nan,0,nan,nan,nan
2,0,init,False,2,0.7932685761589658,0.963280200395407,0.21356622863592536,0.5212532946898482,42.34374708505638,4,1.3021521159175078,77,nan,nan,4.499004865583055,6,nan,0,nan,nan,nan
2,0,init,False,3,0.3205409858769687,0.12717770368309503,0.4651924320744398,0.2196051088941605,84.00726786199591,4,1.300901783066737,130,nan,nan,9.395125217389836,12,nan,0,nan,nan,nan
2,0,init,False,4,1.2844467353127504,0.40143014753110623,0.3230750650443471,1.0882036414207648,7.469383352135623,4,1.6761644872707415,14,nan,nan,1.2331901625011739,2,nan,0,nan,nan,nan
2,0,init,False,5,2.0802561912918844,0.10131555719277503,0.10292378375607898,1.2605784874453647,39.51145944543005,4,1.5192913821130405,72,nan,nan,3.8389316012159815,6,nan,0,nan,nan,nan
2,0,init,False,6,1.2190457946602995,0.14279984492243267,0.15879930250394814,0.8107072579918712,72.9073654873682,4,1.2255340651471252,122,nan,nan,7.368267676148906,10,nan,0,nan,nan,nan
2,0,init,False,7,1.5215077396539407,0.1694773122363877,0.13509832988052758,1.0433858820927175,65.90824151687282,4,1.2594893218466454,114,nan,nan,8.378534792757735,14,nan,0,nan,nan,nan
2,0,init,False,8,1.0115079638172977,0.7640605293028391,0.1936284024818393,0.5657300662748956,75.22126136979051,4,1.3281580911852546,123,nan,nan,6.412912375126976,9,nan,0,nan,nan,nan
2,0,init,False,9,0.3423530440072947,0.9995623231008477,0.6418871329045058,0.28585976233832544,35.18788834101062,4,1.3549033565079938,63,nan,nan,3.1712875960203144,7,nan,0,nan,nan,nan
2,0,init,False,10,0.3204744605844023,0.7205706698804379,0.481111961024221,0.23494589287688908,87.16048825978412,4,1.2738906059503479,139,nan,nan,8.537188308423566,12,nan,0,nan,nan,nan
2,0,init,False,11,1.348557138294263,0.21484096523948973,0.1931593016470286,0.9865866211262098,54.85926235489409,4,1.2922969011704626,92,nan,nan,5.991204343832476,9,nan,0,nan,nan,nan
2,0,init,False,12,1.95878432879614,0.040451607705754795,0.09208050280730327,1.1303472927735145,40.08902068095337,4,1.384946821223811,76,nan,nan,3.378532456734667,6,nan,0,nan,nan,nan
2,0,init,False,13,2.3633895001822,0.28194298563632714,0.09091541469964279,1.4744123258001987,26.59264496145776,4,1.352033392404459,52,nan,nan,2.5679215179102286,6,nan,0,nan,nan,nan
2,0,init,False,14,1.7825206800460858,0.03691192790971169,0.052496250411876645,1.0193644068760228,46.172091068059316,4,1.3466985252160468,82,nan,nan,4.6502265177787,7,nan,0,nan,nan,nan
2,0,init,False,15,1.1478094221068595,0.36218344494359483,0.21946160362443318,0.877361554877913,28.877027391427546,4,1.59673346097239,55,nan,nan,4.574281728374072,8,nan,0,nan,nan,nan
2,0,init,False,16,0.7518156372889109,0.997390984066502,0.3842280276294127,0.420181870454791,106.71190044916905,4,1.1266294635540246,165,nan,nan,10.530579947121234,17,nan,0,nan,nan,nan
2,0,init,False,17,1.4618158494836173,0.2893627709393184,0.03011138329827395,1.0922074339596302,35.0073398635863,4,1.3254211573746157,63,nan,nan,2.6312212146443357,5,nan,0,nan,nan,nan
2,0,init,False,18,1.7987267463663223,0.2689388395057871,0.13713806758589497,0.980701922242823,44.12035323503808,4,1.4784202331339371,84,nan,nan,2.9481309407410263,5,nan,0,nan,nan,nan
2,0,init,False,19,1.6219259550985072,0.29310698471576074,0.2256926250044474,0.8805342626268562,74.42484287557377,4,1.3377405722563598,113,nan,nan,5.537092049579155,10,nan,0,nan,nan,nan
2,0,init,False,20,0.4967517232200428,0.4364283862286793,0.37977740378019104,0.42772438218880854,75.84888072224115,4,1.410734447486806,127,nan,nan,9.303967278611493,14,nan,0,nan,nan,nan
2,0,init,False,21,0.2801579968649878,0.9330488911583777,0.52077374176404,0.13843247089108443,106.18932736682225,4,1.31924396631905,161,nan,nan,10.604728075576892,16,nan,0,nan,nan,nan
2,0,init,False,22,0.4284902509478303,0.10405557845571031,0.22716786155304758,0.31533300723622376,88.86975276936352,4,1.2797301308079836,138,nan,nan,8.46629043354273,13,nan,0,nan,nan,nan
2,0,init,False,23,0.8766018881723402,0.9961096421111846,0.13409260778038312,0.44367666827444185,91.8337035908913,4,1.2317549105593442,153,nan,nan,10.283938173797363,17,nan,0,nan,nan,nan
2,1,step,False,0,1.0467706587360495,0.6252778900220008,0.22851500244119818,0.6810330044325779,59.04569452859888,4,1.389966061080823,96,19.776593842374545,29.496742830431185,5.862727771146699,9,0.2901031681255746,0,1.6949287368540935,1.0,9.214039640134934e-07
2,1,step,False,1,1.0701418227387929,0.43267589216725816,0.12425900274583421,0.7956896675689481,51.64105542247972,4,1.2390161483685567,93,16.77943175354453,22.524447990007843,3.834714955441396,10,0.34814546466802293,0,1.6949287368540935,1.0,9.214039640134934e-07
2,1,step,False,2,0.7932685761589658,0.963768752757817,0.21356622863592536,0.5212532946898482,42.34374708505638,4,1.3021521159175078,77,16.354900382347658,22.399713348815585,4.499004865583055,6,0.240211910078179,0,1.6949287368540935,1.0,9.214039640134934e-07
2,1,step,False,3,0.3205409858769687,0.24002557358314838,0.4651924320744398,0.2196051088941605,84.00726786199591,4,1.300901783066737,130,29.176252212002822,42.60630639616182,9.395125217389836,12,0.18600533405232314,0,1.6949287368540935,1.0,9.214039640134934e-07
2,1,step,False,4,1.2844467353127504,0.530413002952615,0.3230750650443471,1.0882036414207648,7.469383352135623,4,1.6761644872707415,14,2.6677890471491295,3.957090577021544,1.2331901625011739,2,0.35311089669929596,0,1.6949287368540935,1.0,9.214039640134934e-07
2,1,step,False,5,2.0802561912918844,0.05278839234270409,0.10292378375607898,1.2605784874453647,39.51145944543005,4,1.5192913821130405,72,11.240977815410172,14.022946368431896,3.8389316012159815,6,0.30509963002928386,0,1.6949287368540935,1.0,9.214039640134934e-07
2,1,step,False,6,1.2190457946602995,0.11971309128572531,0.15879930250394814,0.8107072579918712,72.9073654873682,4,1.2255340651471252,122,22.65144161303686,30.46859474134583,7.368267676148906,10,0.16227906699359337,0,1.6949287368540935,1.0,9.214039640134934e-07
2,1,step,False,7,1.5215077396539407,0.10650305643554366,0.13509832988052758,1.0433858820927175,65.90824151687282,4,1.2594893218466454,114,22.219354176951285,32.446071434006505,8.378534792757735,14,0.18119025993465734,0,1.6949287368540935,1.0,9.214039640134934e-07
2,1,step,False,8,1.0115079638172977,0.7857973625034391,0.1936284024818393,0.5657300662748956,75.22126136979051,4,1.3281580911852546,123,27.91704293999407,36.44179125757889,6.412912375126976,9,0.3404660442254102,0,1.6949287368540935,1.0,9.214039640134934e-07
2,1,step,False,9,0.3423530440072947,0.9750971677865086,0.6418871329045058,0.28585976233832544,35.18788834101062,4,1.3549033565079938,63,8.86183472093312,12.404979820776017,3.1712875960203144,7,0.2009528078915862,0,1.6949287368540935,1.0,9.214039640134934e-07
2,1,step,False,10,0.3204744605844023,0.6864003766906874,0.481111961024221,0.23494589287688908,87.16048825978412,4,1.2738906059503479,139,30.738004960022103,42.2178425158871,8.537188308423566,12,0.34414133860613755,0,1.6949287368540935,1.0,9.214039640134934e-07
2,1,step,False,11,1.348557138294263,0.2680355680530693,0.1931593016470286,0.9865866211262098,54.85926235489409,4,1.2922969011704626,92,17.05164612994586,24.629664273133443,5.991204343832476,9,0.2278441260894783,0,1.6949287368540935,1.0,9.214039640134934e-07
2,1,step,False,12,1.95878432879614,0.10577120260928471,0.09208050280730327,1.1303472927735145,40.08902068095337,4,1.384946821223811,76,13.735461525275536,18.818722520805604,3.378532456734667,6,0.1842413152741238,0,1.6949287368540935,1.0,9.214039640134934e-07
2,1,step,False,13,2.3633895001822,0.35251620550866525,0.09091541469964279,1.4744123258001987,26.59264496145776,4,1.352033392404459,52,7.475902496093372,10.466105937265866,2.5679215179102286,6,0.22421350851031122,0,1.6949287368540935,1.0,9.214039640134934e-07
2,1,step,False,14,1.7825206800460858,0.4307876464658369,0.052496250411876645,1.0193644068760228,46.172091068059316,4,1.3466985252160468,82,16.11904513790899,21.546685416902598,4.6502265177787,7,0.2693510083817592,0,1.6949287368540935,1.0,9.214039640134934e-07
2,1,step,False,15,1.1478094221068595,0.45446160463072194,0.21946160362443318,0.877361554877913,28.877027391427546,4,1.59673346097239,55,7.160966979626291,10.77413941529456,4.574281728374072,8,0.19561372289323561,0,1.6949287368540935,1.0,9.214039640134934e-07
2,1,step,False,16,0.7518156372889109,0.9908174150077956,0.3842280276294127,0.420181870454791,106.71190044916905,4,1.1266294635540246,165,36.22535879486841,49.556704841941325,10.530579947121234,17,0.15151923556877278,0,1.6949287368540935,1.0,9.214039640134934e-07
2,1,step,False,17,1.4618158494836173,0.227134691970461,0.03011138329827395,1.0922074339596302,35.0073398635863,4,1.3254211573746157,63,9.853171079702859,13.593338418183833,2.6312212146443357,5,0.33015179899581854,0,1.6949287368540935,1.0,9.214039640134934e-07
2,1,step,False,18,1.7987267463663223,0.2613413340511201,0.13713806758589497,0.980701922242823,44.12035323503808,4,1.4784202331339371,84,12.690661207299115,17.41004192114241,2.9481309407410263,5,0.24264514557249867,0,1.6949287368540935,1.0,9.214039640134934e-07
2,1,step,False,19,1.6219259550985072,0.3185855246505378,0.2256926250044474,0.8805342626268562,74.42484287557377,4,1.3377405722563598,113,30.601027591767718,41.380871693530764,5.537092049579155,10,0.2414909850226052,0,1.6949287368540935,1.0,9.214039640134934e-07
2,1,step,False,20,0.4967517232200428,0.5429496867575105,0.37977740378019104,0.42772438218880854,75.84888072224115,4,1.410734447486806,127,18.816311055389633,29.60165141043377,9.303967278611493,14,0.206753454258526,0,1.6949287368540935,1.0,9.214039640134934e-07
2,1,step,False,21,0.2801579968649878,0.8994810659708612,0.52077374176404,0.13843247089108443,106.18932736682225,4,1.31924396631905,161,37.635997295129684,52.91425200546409,10.604728075576892,16,0.2560701979057365,0,1.6949287368540935,1.0,9.214039640134934e-07
2,1,step,False,22,0.4284902509478303,0.09668092581923957,0.22716786155304758,0.31533300723622376,88.86975276936352,4,1.2797301308079836,138,33.205969876835965,46.86479078669111,8.46629043354273,13,0.20056061804329775,0,1.6949287368540935,1.0,9.214039640134934e-07
2,1,step,False,23,0.8766018881723402,0.9906294233208244,0.13409260778038312,0.44367666827444185,91.8337035908913,4,1.2317549105593442,153,31.044857366390332,42.51745364896881,10.283938173797363,17,0.1452087384629563,0,1.6949287368540935,1.0,9.214039640134934e-07
2,2,step,False,0,1.0467706587360495,0.5854431613860855,0.22851500244119818,0.6810330044325779,59.04569452859888,4,1.389966061080823,96,19.20514960446629,28.400910961292293,5.8627277711467,9,0.1357384446287405,0,1.1984956034574787,0.6118425279855728,4.825153298142439e-16
2,2,step,False,1,1.0701418227387929,0.2926685269088699,0.12425900274583421,0.7956896675689481,51.64105542247972,4,1.2390161483685567,93,16.000057379914864,20.987214191061874,3.834714955441396,10,0.19379004739809846,0,1.1984956034574787,0.6118425279855728,4.825153298142439e-16
2,2,step,False,2,0.7932685761589658,0.738475825249064,0.21356622863592536,0.5212532946898482,42.34374708505638,4,1.3021521159175078,77,17.798806218437736,24.74556940879994,4.499004865583055,6,0.21635203708428088,0,1.1984956034574787,0.6118425279855728,4.825153298142439e-16
2,2,step,False,3,0.3205409858769687,0.2518332260791563,0.4651924320744398,0.2196051088941605,84.00726786199591,4,1.300901783066737,130,30.490012524888428,42.63307353276942,9.395125217389836,12,0.15760487913811116,0,1.1984956034574787,0.6118425279855728,4.825153298142439e-16
2,2,step,False,4,1.2844467353127504,0.4735535705481974,0.3230750650443471,1.0882036414207648,7.469383352135623,4,1.6761644872707415,14,2.933746451479021,4.429181350476431,1.2331901625011739,2,0.17859006260655946,0,1.1984956034574787,0.6118425279855728,4.825153298142439e-16
2,2,step,False,5,2.0802561912918844,0.08978805843305823,0.10292378375607898,1.2605784874453647,39.51145944543005,4,1.5192913821130405,72,9.829640940786156,11.746630576587865,3.8389316012159815,6,0.13127624839364666,0,1.1984956034574787,0.6118425279855728,4.825153298142439e-16
2,2,step,False,6,1.2190457946602995,0.3215526221040331,0.15879930250394814,0.8107072579918712,72.9073654873682,4,1.2255340651471252,122,22.61795778326898,31.648931953715394,7.368267676148906,10,0.14559809727113948,0,1.1984956034574787,0.6118425279855728,4.825153298142439e-16
2,2,step,False,7,1.5215077396539407,0.1804733791972106,0.13509832988052758,1.0433858820927175,65.90824151687282,4,1.2594893218466454,114,18.84815965298888,25.70479757423808,8.378534792757735,14,0.13726914877309598,0,1.1984956034574787,0.6118425279855728,4.825153298142439e-16
2,2,step,False,8,1.0115079638172977,0.8203420277225207,0.1936284024818393,0.5657300662748956,75.22126136979051,4,1.3281580911852546,123,28.287572614829724,37.41726155927822,6.412912375126976,9,0.2117693337168364,0,1.1984956034574787,0.6118425279855728,4.825153298142439e-16
2,2,step,False,9,0.3423530440072947,0.8986957584572853,0.6418871329045058,0.28585976233832544,35.18788834101062,4,1.3549033565079938,63,9.571999080472562,13.748828675059634,3.1712875960203144,7,0.14314388421661137,0,1.1984956034574787,0.6118425279855728,4.825153298142439e-16
2,2,step,False,10,0.3204744605844023,0.7820734993601337,0.481111961024221,0.23494589287688908,87.16048825978412,4,1.2738906059503479,139,33.404213720549926,47.57510812027895,8.537188308423566,12,0.2322837564085828,0,1.1984956034574787,0.6118425279855728,4.825153298142439e-16
2,2,step,False,11,1.348557138294263,0.4269971630186308,0.1931593016470286,0.9865866211262098,54.85926235489409,4,1.2922969011704626,92,16.358138623859972,24.205605199198622,5.991204343832476,9,0.1966669969898123,0,1.1984956034574787,0.6118425279855728,4.825153298142439e-16
2,2,step,False,12,1.95878432879614,0.1270632533651212,0.09208050280730327,1.1303472927735145,40.08902068095337,4,1.384946821223811,76,10.338130802362233,13.319699072700267,3.378532456734667,6,0.18177057706548144,0,1.1984956034574787,0.6118425279855728,4.825153298142439e-16
2,2,step,False,13,2.3633895001822,0.22232893559268488,0.09091541469964279,1.4744123258001987,26.59264496145776,4,1.352033392404459,52,6.404084455457075,7.878828261939111,2.5679215179102286,6,0.19643902224477838,0,1.1984956034574787,0.6118425279855728,4.825153298142439e-16
2,2,step,False,14,1.7825206800460858,0.27452424809180687,0.052496250411876645,1.0193644068760228,46.172091068059316,4,1.3466985252160468,82,15.362722254328771,20.47105268014922,4.6502265177787,7,0.17385759885523744,0,1.1984956034574787,0.6118425279855728,4.825153298142439e-16
2,2,step,False,15,1.1478094221068595,0.5913756636486922,0.21946160362443318,0.877361554877913,28.877027391427546,4,1.59673346097239,55,7.017145635919434,11.064777001743645,4.574281728374072,8,0.15927329319672096,0,1.1984956034574787,0.6118425279855728,4.825153298142439e-16
2,2,step,False,16,0.7518156372889109,0.9998406843004921,0.3842280276294127,0.420181870454791,106.71190044916905,4,1.1266294635540246,165,37.0050426379041,51.00213664656716,10.530579947121234,17,0.11614111323389881,0,1.1984956034574787,0.6118425279855728,4.825153298142439e-16
2,2,step,False,17,1.4618158494836173,0.22469000667412922,0.03011138329827395,1.0922074339596302,35.0073398635863,4,1.3254211573746157,63,10.338604734250698,13.762864740636363,2.6312212146443357,5,0.22292745454188062,0,1.1984956034574787,0.6118425279855728,4.825153298142439e-16
2,2,step,False,18,1.7987267463663223,0.2987178867876002,0.13713806758589497,0.980701922242823,44.12035323503808,4,1.4784202331339371,84,12.795691384206913,16.855020291906285,2.9481309407410263,5,0.15250293456115585,0,1.1984956034574787,0.6118425279855728,4.825153298142439e-16
2,2,step,False,19,1.6219259550985072,0.33299913791021307,0.2256926250044474,0.8805342626268562,74.42484287557377,4,1.3377405722563598,113,28.364506159265467,37.183976507302575,5.537092049579155,10,0.13052906874989337,0,1.1984956034574787,0.6118425279855728,4.825153298142439e-16
2,2,step,False,20,0.4967517232200428,0.5031893392411517,0.37977740378019104,0.42772438218880854,75.84888072224115,4,1.410734447486806,127,22.99772899241258,35.02289581740309,9.303967278611493,14,0.16283527304388157,0,1.1984956034574787,0.6118425279855728,4.825153298142439e-16
2,2,step,False,21,0.2801579968649878,0.9235514635128627,0.52077374176404,0.13843247089108443,106.18932736682225,4,1.31924396631905,161,37.557737228689525,52.28748957076038,10.604728075576892,16,0.20100470923984787,0,1.1984956034574787,0.6118425279855728,4.825153298142439e-16
2,2,step,False,22,0.4284902509478303,0.11638015985998908,0.22716786155304758,0.31533300723622376,88.86975276936352,4,1.2797301308079836,138,35.29586148772471,51.399020289532714,8.46629043354273,13,0.15388841355608446,0,1.1984956034574787,0.6118425279855728,4.825153298142439e-16
2,2,step,False,23,0.8766018881723402,0.9999159382237548,0.13409260778038312,0.44367666827444185,91.8337035908913,4,1.2317549105593442,153,31.17730209257306,43.30504601211757,10.283938173797361,17,0.1944003346967442,0,1.1984956034574787,0.6118425279855728,4.825153298142439e-16
2,3,step,False,0,1.0467706587360495,0.43248835916239436,0.22851500244119818,0.6810330044325779,59.04569452859888,4,1.389966061080823,96,19.63039255033772,27.310312183411977,5.8627277711467,9,0.06897917082872423,0,0.8474643684270466,0.3684625029563904,1.1381510204741689e-14
2,3,step,False,1,1.0701418227387929,0.09271168008862372,0.12425900274583421,0.7956896675689481,51.64105542247972,4,1.2390161483685567,93,19.37025549656245,26.064249613189915,3.834714955441396,10,0.07939296457825848,0,0.8474643684270466,0.3684625029563904,1.1381510204741689e-14
2,3,step,False,2,0.7932685761589658,0.36888877142289583,0.21356622863592536,0.5212532946898482,42.34374708505638,4,1.3021521159175078,77,14.733151805224448,18.974869314296754,4.499004865583055,6,0.12436713094083551,0,0.8474643684270466,0.3684625029563904,1.1381510204741689e-14
2,3,step,False,3,0.3205409858769687,0.27883709153885305,0.4651924320744398,0.2196051088941605,84.00726786199591,4,1.300901783066737,130,33.35370939174372,45.854126996820035,9.395125217389836,12,0.09744100015379278,0,0.8474643684270466,0.3684625029563904,1.1381510204741689e-14
2,3,step,False,4,1.2844467353127504,0.45654583256144227,0.3230750650443471,1.0882036414207648,7.469383352135623,4,1.6761644872707415,14,2.6011256255195847,3.931573071830817,1.2331901625011739,2,0.19706600202040173,0,0.8474643684270466,0.3684625029563904,1.1381510204741689e-14
2,3,step,False,5,2.0802561912918844,0.21570073467164902,0.10292378375607898,1.2605784874453647,39.51145944543005,4,1.5192913821130405,72,9.614821340738047,12.335199413417063,3.8389316012159815,6,0.1447662139517399,0,0.8474643684270466,0.3684625029563904,1.1381510204741689e-14
2,3,step,False,6,1.2190457946602995,0.2796485338966969,0.15879930250394814,0.8107072579918712,72.9073654873682,4,1.2255340651471252,122,23.611092565331795,33.45318351884661,7.368267676148906,10,0.11127248035964393,0,0.8474643684270466,0.3684625029563904,1.1381510204741689e-14
2,3,step,False,7,1.5215077396539407,0.18205158384399947,0.13509832988052758,1.0433858820927175,65.90824151687282,4,1.2594893218466454,114,15.822438926349918,21.447159496769803,8.378534792757735,14,0.13226842662874136,0,0.8474643684270466,0.3684625029563904,1.1381510204741689e-14
2,3,step,False,8,1.0115079638172977,0.7774258179937391,0.1936284024818393,0.5657300662748956,75.22126136979051,4,1.3281580911852546,123,29.28764153149702,38.31733819064712,6.412912375126976,9,0.1270617217437948,0,0.8474643684270466,0.3684625029563904,1.1381510204741689e-14
2,3,step,False,9,0.3423530440072947,0.7050547609045218,0.6418871329045058,0.28585976233832544,35.18788834101062,4,1.3549033565079938,63,11.444928365240692,16.033527646672688,3.1712875960203144,7,0.16212966997967754,0,0.8474643684270466,0.3684625029563904,1.1381510204741689e-14
2,3,step,False,10,0.3204744605844023,0.7663815359221994,0.481111961024221,0.23494589287688908,87.16048825978412,4,1.2738906059503479,139,34.8107212076345,46.97276475876275,8.537188308423566,12,0.10767477821379698,0,0.8474643684270466,0.3684625029563904,1.1381510204741689e-14
2,3,step,False,11,1.348557138294263,0.32422480345531396,0.1931593016470286,0.9865866211262098,54.85926235489409,4,1.2922969011704626,92,18.00038736962321,26.122715884818113,5.991204343832476,9,0.12906872748347845,0,0.8474643684270466,0.3684625029563904,1.1381510204741689e-14
2,3,step,False,12,1.95878432879614,0.16716045539246951,0.09208050280730327,1.1303472927735145,40.08902068095337,4,1.384946821223811,76,9.275258135138806,11.169341673426972,3.378532456734667,6,0.12215786160525435,0,0.8474643684270466,0.3684625029563904,1.1381510204741689e-14
2,3,step,False,13,2.3633895001822,0.18596065896086394,0.09091541469964279,1.4744123258001987,26.59264496145776,4,1.352033392404459,52,4.811798561376819,6.037779699406962,2.5679215179102286,6,0.22940018296254436,0,0.8474643684270466,0.3684625029563904,1.1381510204741689e-14
2,3,step,False,14,1.7825206800460858,0.22997358573526802,0.052496250411876645,1.0193644068760228,46.172091068059316,4,1.3466985252160468,82,12.809954146236315,15.346923097630032,4.6502265177787,7,0.13605399247467667,0,0.8474643684270466,0.3684625029563904,1.1381510204741689e-14
2,3,step,False,15,1.1478094221068595,0.5410751516328385,0.21946160362443318,0.877361554877913,28.877027391427546,4,1.59673346097239,55,6.8891350759183405,10.86527097040099,4.574281728374072,8,0.10284943871703872,0,0.8474643684270466,0.3684625029563904,1.1381510204741689e-14
2,3,step,False,16,0.7518156372889109,0.9991650721801043,0.3842280276294127,0.420181870454791,106.71190044916905,4,1.1266294635540246,165,34.90930725116227,49.10908962948169,10.530579947121234,17,0.15134078697740505,0,0.8474643684270466,0.3684625029563904,1.1381510204741689e-14
2,3,step,False,17,1.4618158494836173,0.3220530373366943,0.03011138329827395,1.0922074339596302,35.0073398635863,4,1.3254211573746157,63,10.652936528298445,14.719215699600518,2.6312212146443357,5,0.11709218304959117,0,0.8474643684270466,0.3684625029563904,1.1381510204741689e-14
2,3,step,False,18,1.7987267463663223,0.23098094844280198,0.13713806758589497,0.980701922242823,44.12035323503808,4,1.4784202331339371,84,14.870819776722062,19.6592124977127,2.9481309407410263,5,0.09241811490589776,0,0.8474643684270466,0.3684625029563904,1.1381510204741689e-14
2,3,step,False,19,1.6219259550985072,0.21357719825719654,0.2256926250044474,0.8805342626268562,74.42484287557377,4,1.3377405722563598,113,25.510031178095982,32.621049294837576,5.537092049579155,10,0.10844226585082273,0,0.8474643684270466,0.3684625029563904,1.1381510204741689e-14
2,3,step,False,20,0.4967517232200428,0.5037393864324645,0.37977740378019104,0.42772438218880854,75.84888072224115,4,1.410734447486806,127,27.32613018961369,38.384218880152694,9.303967278611493,14,0.11516443314860117,0,0.8474643684270466,0.3684625029563904,1.1381510204741689e-14
2,3,step,False,21,0.2801579968649878,0.8824332498838544,0.52077374176404,0.13843247089108443,106.18932736682225,4,1.31924396631905,161,36.85611679032588,52.040634932798014,10.604728075576892,16,0.13482620643815824,0,0.8474643684270466,0.3684625029563904,1.1381510204741689e-14
2,3,step,False,22,0.4284902509478303,0.19290291492242478,0.22716786155304758,0.31533300723622376,88.86975276936352,4,1.2797301308079836,138,33.56965922003024,48.03359946744173,8.46629043354273,13,0.13791635666659086,0,0.8474643684270466,0.3684625029563904,1.1381510204741689e-14
2,3,step,False,23,0.8766018881723402,0.9998983541341526,0.13409260778038312,0.44367666827444185,91.8337035908913,4,1.2317549105593442,153,30.238223718542454,41.91846951581416,10.283938173797363,17,0.0829669332713131,0,0.8474643684270466,0.3684625029563904,1.1381510204741689e-14
3,0,init,False,0,2.012293809437055,0.06618666564205851,0.08380084713341804,1.5402516091339595,37.93057280478205,4,1.3455784074471395,70,nan,nan,2.3987478743099753,5,nan,0,nan,nan,nan
3,0,init,False,1,0.7367854000076806,0.8404299704150004,0.3033297504573349,0.6440423118210855,57.99527211735812,4,1.3382596057270464,106,nan,nan,4.319028570941812,7,nan,0,nan,nan,nan
3,0,init,False,2,0.6609735095724033,0.21182505871735516,0.38623699695226416,0.7646360036319266,63.15955652333682,4,1.3465946908914779,109,nan,nan,6.59799573995392,10,nan,0,nan,nan,nan
3,0,init,False,3,1.5791575861932878,0.3834956652871797,0.24354967217360451,1.115232313634725,50.09814652505192,4,1.4943202051199926,94,nan,nan,5.7789260660438275,8,nan,0,nan,nan,nan
3,0,init,False,4,1.2628620126326964,0.2660284048840086,0.16950896581629626,0.9902355710827684,82.79149624132033,4,1.204873137523886,136,nan,nan,7.437269315357204,10,nan,0,nan,nan,nan
3,0,init,False,5,2.203884775882906,0.1922985322037476,0.10451028839151918,1.6749614487151394,26.607861162891997,4,1.6151408514682852,50,nan,nan,2.8267201846873764,5,nan,0,nan,nan,nan
3,0,init,False,6,1.3474154075443938,0.33640921831642034,0.21320513794625756,0.9864678493589868,22.494725083016796,4,1.6539183287774182,46,nan,nan,2.615243560051563,4,nan,0,nan,nan,nan
3,0,init,False,7,0.637017188984615,0.7177657004227682,0.3707487381791445,0.6031598226075812,88.99898775563832,4,1.2111449125455207,139,nan,nan,9.682665901664583,13,nan,0,nan,nan,nan
3,0,init,False,8,1.1241654617540675,0.12523620365601038,0.17177864712806812,0.9203420329676484,88.03765048272967,4,1.257016970154669,145,nan,nan,8.152211720119793,13,nan,0,nan,nan,nan
3,0,init,False,9,0.3160041946949852,0.9388168936417055,0.4686036486010847,0.23123521902121053,108.0706132519012,4,1.2117144547233307,161,nan,nan,12.079669779619502,18,nan,0,nan,nan,nan
3,0,init,False,10,0.5495978082565923,0.6514503867697802,0.42324479036028734,0.5960798006648088,39.635768704361176,4,1.524224254169316,70,nan,nan,3.537934644185022,6,nan,0,nan,nan,nan
3,0,init,False,11,1.145507073081825,0.6238552182217091,0.33149742431484497,0.8515123938283693,53.50595265384432,4,1.3543931342986377,91,nan,nan,7.38593777801114,11,nan,0,nan,nan,nan
3,0,init,False,12,1.6167986815583852,0.0723164504123249,0.1241686154860682,1.1627560541958475,35.30335441281399,4,1.470880390822856,74,nan,nan,2.9313321915881727,7,nan,0,nan,nan,nan
3,0,init,False,13,1.4957891254472597,0.15195247746727278,0.23475545137318865,1.2212379390800372,37.83702709614994,4,1.514555800642806,63,nan,nan,2.803091225960861,3,nan,0,nan,nan,nan
3,0,init,False,14,1.2928729106443955,0.25017315254243416,0.11101843678701802,1.025695678413242,59.557835607351116,4,1.3574636402010074,100,nan,nan,6.206718192376204,9,nan,0,nan,nan,nan
3,0,init,False,15,1.0821811863143032,0.10009008729942322,0.077442052285507,0.9211732005257176,80.57983105058655,4,1.2621418675497373,123,nan,nan,7.850604467949541,13,nan,0,nan,nan,nan
3,0,init,False,16,2.2308898068401075,0.12200632250026887,0.1483887015502241,1.6678017973001766,29.913116794190373,4,1.419443889218377,53,nan,nan,2.7772449603376677,3,nan,0,nan,nan,nan
3,0,init,False,17,0.9897997487825622,0.4719394200003932,0.23025120718122502,0.7823522654289061,81.85760306373517,4,1.2668221508812167,130,nan,nan,8.856224368899573,12,nan,0,nan,nan,nan
3,0,init,False,18,0.5590769175905304,0.22808655136818495,0.17919368873205777,0.5057778254642993,92.05003247630124,4,1.1697464886624773,143,nan,nan,9.3643968727245,15,nan,0,nan,nan,nan
3,0,init,False,19,0.3614042791791365,0.5991399361488946,0.5443529209573507,0.4283663315382897,94.70932325003324,4,1.2914698356524905,147,nan,nan,10.537613697884298,15,nan,0,nan,nan,nan
3,0,init,False,20,1.1237436745120502,0.13858776765456082,0.1506943399034853,0.8784531211345564,74.65822521997791,4,1.2522667698187906,126,nan,nan,6.4742167580679,10,nan,0,nan,nan,nan
3,0,init,False,21,0.48646786313588014,0.9691288970816896,0.8470192076832614,0.3288886919527557,78.49371927859829,4,1.2956308258276654,125,nan,nan,9.434113855160204,15,nan,0,nan,nan,nan
3,0,init,False,22,1.1811721758476943,0.7966560606436852,0.13474149447518272,0.7396946074727961,35.3537841656409,4,1.6002462899003156,65,nan,nan,2.340317431032207,3,nan,0,nan,nan,nan
3,0,init,False,23,0.5342055744252718,0.6926528113748045,0.15393891255971237,0.5884220754114263,20.35954427838876,4,1.4853578680848185,45,nan,nan,1.6117748430731833,3,nan,0,nan,nan,nan
3,1,step,False,0,2.012293809437055,0.08959278422661646,0.08380084713341804,1.5402516091339595,37.93057280478205,4,1.3455784074471395,70,10.922416364615072,14.482454994206554,2.3987478743099753,5,0.3622585019738092,0,1.5615755036669832,1.0,4.386205110155375e-16
3,1,step,False,1,0.7367854000076806,0.8839780136617944,0.3033297504573349,0.6440423118210855,57.99527211735812,4,1.3382596057270464,106,15.010092051920687,22.83846301223448,4.319028570941812,7,0.14496732322083225,0,1.5615755036669832,1.0,4.386205110155375e-16
3,1,step,False,2,0.6609735095724033,0.2520600640263093,0.38623699695226416,0.7646360036319266,63.15955652333682,4,1.3465946908914779,109,16.773240001704252,26.060001847395142,6.59799573995392,10,0.25750076272951555,0,1.5615755036669832,1.0,4.386205110155375e-16
3,1,step,False,3,1.5791575861932878,0.47278136264644954,0.24354967217360451,1.115232313634725,50.09814652505192,4,1.4943202051199926,94,14.899836431441516,19.76585011294503,5.7789260660438275,8,0.2899531971647658,0,1.5615755036669832,1.0,4.386205110155375e-16
3,1,step,False,4,1.2628620126326964,0.40775473424646963,0.16950896581629626,0.9902355710827684,82.79149624132033,4,1.204873137523886,136,30.000734778869607,41.36548508494214,7.437269315357204,10,0.2642616117587241,0,1.5615755036669832,1.0,4.386205110155375e-16
3,1,step,False,5,2.203884775882906,0.11726870086271275,0.10451028839151918,1.6749614487151394,26.607861162891997,4,1.6151408514682852,50,5.701010206032429,9.540497063668147,2.8267201846873764,5,0.14493790036308757,0,1.5615755036669832,1.0,4.386205110155375e-16
3,1,step,False,6,1.3474154075443938,0.41777699029217413,0.21320513794625756,0.9864678493589868,22.494725083016796,4,1.6539183287774182,46,5.15968537689842,8.178615756529265,2.615243560051563,4,0.17165085033170827,0,1.5615755036669832,1.0,4.386205110155375e-16
3,1,step,False,7,0.637017188984615,0.816222532118597,0.3707487381791445,0.6031598226075812,88.99898775563832,4,1.2111449125455207,139,30.448542280750008,41.1574719300779,9.682665901664583,13,0.2919340315049238,0,1.5615755036669832,1.0,4.386205110155375e-16
3,1,step,False,8,1.1241654617540675,0.14440725233537732,0.17177864712806812,0.9203420329676484,88.03765048272967,4,1.257016970154669,145,29.053652846562443,41.683052171770576,8.152211720119793,13,0.24335661379897097,0,1.5615755036669832,1.0,4.386205110155375e-16
3,1,step,False,9,0.3160041946949852,0.9781405194245462,0.4686036486010847,0.23123521902121053,108.0706132519012,4,1.2117144547233307,161,42.8935622231798,58.530855301915764,12.079669779619502,18,0.231774004895099,0,1.5615755036669832,1.0,4.386205110155375e-16
3,1,step,False,10,0.5495978082565923,0.9392247617204614,0.42324479036028734,0.5960798006648088,39.635768704361176,4,1.524224254169316,70,10.636952920369222,14.250463305950456,3.537934644185022,6,0.2436684788281403,0,1.5615755036669832,1.0,4.386205110155375e-16
3,1,step,False,11,1.145507073081825,0.6980008094114947,0.33149742431484497,0.8515123938283693,53.50595265384432,4,1.3543931342986377,91,16.987319016572748,22.422380618220046,7.38593777801114,11,0.30633909199900433,0,1.5615755036669832,1.0,4.386205110155375e-16
3,1,step,False,12,1.6167986815583852,0.30641559682388436,0.1241686154860682,1.1627560541958475,35.30335441281399,4,1.470880390822856,74,8.27525075068241,10.276580991030693,2.9313321915881727,7,0.23094181421125565,0,1.5615755036669832,1.0,4.386205110155375e-16
3,1,step,False,13,1.4957891254472597,0.04543627428655947,0.23475545137318865,1.2212379390800372,37.83702709614994,4,1.514555800642806,63,14.486518135238502,20.3996384800186,2.803091225960861,3,0.2546068797981862,0,1.5615755036669832,1.0,4.386205110155375e-16
3,1,step,False,14,1.2928729106443955,0.36234607074738945,0.11101843678701802,1.025695678413242,59.557835607351116,4,1.3574636402010074,100,21.64276409526105,30.36216966529646,6.206718192376204,9,0.2895511061346843,0,1.5615755036669832,1.0,4.386205110155375e-16
3,1,step,False,15,1.0821811863143032,0.1400915976961337,0.077442052285507,0.9211732005257176,80.57983105058655,4,1.2621418675497373,123,30.556319088868502,43.483785732213775,7.850604467949541,13,0.12971174451671075,0,1.5615755036669832,1.0,4.386205110155375e-16
3,1,step,False,16,2.2308898068401075,0.0866977600841193,0.1483887015502241,1.6678017973001766,29.913116794190373,4,1.419443889218377,53,9.17412241406408,12.544210845162215,2.7772449603376677,3,0.25332373170382455,0,1.5615755036669832,1.0,4.386205110155375e-16
3,1,step,False,17,0.9897997487825622,0.6047739642133894,0.23025120718122502,0.7823522654289061,81.85760306373517,4,1.2668221508812167,130,29.688235730993995,42.488633301819924,8.856224368899573,12,0.21816173632037583,0,1.5615755036669832,1.0,4.386205110155375e-16
3,1,step,False,18,0.5590769175905304,0.21591787806627205,0.17919368873205777,0.5057778254642993,92.05003247630124,4,1.1697464886624773,143,34.46379207333563,47.075097607185626,9.3643968727245,15,0.24152738553618847,0,1.5615755036669832,1.0,4.386205110155375e-16
3,1,step,False,19,0.3614042791791365,0.5418021920913983,0.5443529209573507,0.4283663315382897,94.70932325003324,4,1.2914698356524905,147,32.555472275433054,45.326689933314725,10.537613697884298,15,0.23058528397752037,0,1.5615755036669832,1.0,4.386205110155375e-16
3,1,step,False,20,1.1237436745120502,0.09688073432290341,0.1506943399034853,0.8784531211345564,74.65822521997791,4,1.2522667698187906,126,29.580320927251453,39.15800024600011,6.4742167580679,10,0.24666134642435938,0,1.5615755036669832,1.0,4.386205110155375e-16
3,1,step,False,21,0.48646786313588014,0.9355724532414189,0.8470192076832614,0.3288886919527557,78.49371927859829,4,1.2956308258276654,125,26.417901366606994,36.81208911139034,9.434113855160204,15,0.12048936695123304,0,1.5615755036669832,1.0,4.386205110155375e-16
3,1,step,False,22,1.1811721758476943,0.5898330844332142,0.13474149447518272,0.7396946074727961,35.3537841656409,4,1.6002462899003156,65,10.049682712382431,14.14525421403489,2.340317431032207,3,0.3404326532625793,0,1.5615755036669832,1.0,4.386205110155375e-16
3,1,step,False,23,0.5342055744252718,0.7926227112833147,0.15393891255971237,0.5884220754114263,20.35954427838876,4,1.4853578680848185,45,4.6225759309657,5.500069281013567,1.6117748430731833,3,0.1683095447258702,0,1.5615755036669832,1.0,4.386205110155375e-16
3,2,step,False,0,2.012293809437055,0.10564864541490784,0.08380084713341804,1.5402516091339595,37.93057280478205,4,1.3455784074471395,70,10.330457532537668,13.829746930357066,2.3987478743099753,5,0.1803699526110344,0,1.1042006279777221,0.6150597035884857,2.9819291356756042e-15
3,2,step,False,1,0.7367854000076806,0.8694455144277526,0.3033297504573349,0.6440423118210855,57.99527211735812,4,1.3382596057270464,106,17.386520847629395,27.3017710418257,4.319028570941812,7,0.1874075974200733,0,1.1042006279777221,0.6150597035884857,2.9819291356756042e-15
3,2,step,False,2,0.6609735095724033,0.2786629412735499,0.38623699695226416,0.7646360036319266,63.15955652333682,4,1.3465946908914779,109,14.018413068994116,20.518710393639864,6.59799573995392,10,0.20200393961781546,0,1.1042006279777221,0.6150597035884857,2.9819291356756042e-15
3,2,step,False,3,1.5791575861932878,0.5134934378176378,0.24354967217360451,1.115232313634725,50.09814652505192,4,1.4943202051199926,94,14.742802992811892,19.459482947673827,5.7789260660438275,8,0.2052366708188225,0,1.1042006279777221,0.6150597035884857,2.9819291356756042e-15
3,2,step,False,4,1.2628620126326964,0.34740346237799036,0.16950896581629626,0.9902355710827684,82.79149624132033,4,1.204873137523886,136,28.810573457305477,37.90895288006846,7.437269315357204,10,0.15551716915658603,0,1.1042006279777221,0.6150597035884857,2.9819291356756042e-15
3,2,step,False,5,2.203884775882906,0.31354180919751323,0.10451028839151918,1.6749614487151394,26.607861162891997,4,1.6151408514682852,50,5.02755956715616,7.3560044686300285,2.8267201846873764,5,0.20674201097576497,0,1.1042006279777221,0.6150597035884857,2.9819291356756042e-15
3,2,step,False,6,1.3474154075443938,0.2942565710604072,0.21320513794625756,0.9864678493589868,22.494725083016796,4,1.6539183287774182,46,6.846191191325478,10.100750477323738,2.615243560051563,4,0.1217653440444998,0,1.1042006279777221,0.6150597035884857,2.9819291356756042e-15
3,2,step,False,7,0.637017188984615,0.8043429253001392,0.3707487381791445,0.6031598226075812,88.99898775563832,4,1.2111449125455207,139,30.53209053605936,42.68175974705244,9.682665901664583,13,0.19282732389463603,0,1.1042006279777221,0.6150597035884857,2.9819291356756042e-15
3,2,step,False,8,1.1241654617540675,0.209973305423822,0.17177864712806812,0.9203420329676484,88.03765048272967,4,1.257016970154669,145,29.157077530931733,39.448584757807865,8.152211720119793,13,0.23051126270794345,0,1.1042006279777221,0.6150597035884857,2.9819291356756042e-15
3,2,step,False,9,0.3160041946949852,0.9827611960863772,0.4686036486010847,0.23123521902121053,108.0706132519012,4,1.2117144547233307,161,43.73626896263544,57.603044111306225,12.079669779619502,18,0.25226899639698375,0,1.1042006279777221,0.6150597035884857,2.9819291356756042e-15
3,2,step,False,10,0.5495978082565923,0.9585007189662238,0.42324479036028734,0.5960798006648088,39.635768704361176,4,1.524224254169316,70,14.571830448636128,21.63504722255494,3.537934644185022,6,0.13142739284413946,0,1.1042006279777221,0.6150597035884857,2.9819291356756042e-15
3,2,step,False,11,1.145507073081825,0.7515960315579676,0.33149742431484497,0.8515123938283693,53.50595265384432,4,1.3543931342986377,91,17.88180752537717,24.966605915875576,7.38593777801114,11,0.17573825953635488,0,1.1042006279777221,0.6150597035884857,2.9819291356756042e-15
3,2,step,False,12,1.6167986815583852,0.292172771426377,0.1241686154860682,1.1627560541958475,35.30335441281399,4,1.470880390822856,74,7.79157027943167,10.564549994741773,2.9313321915881727,7,0.18262372243530334,0,1.1042006279777221,0.6150597035884857,2.9819291356756042e-15
3,2,step,False,13,1.4957891254472597,0.05839537031577219,0.23475545137318865,1.2212379390800372,37.83702709614994,4,1.514555800642806,63,12.501831262172786,17.540198184612834,2.803091225960861,3,0.22104472738667197,0,1.1042006279777221,0.6150597035884857,2.9819291356756042e-15
3,2,step,False,14,1.2928729106443955,0.397142162122542,0.11101843678701802,1.025695678413242,59.557835607351116,4,1.3574636402010074,100,20.15615996660705,26.484199146722098,6.206718192376204,9,0.22247754340197914,0,1.1042006279777221,0.6150597035884857,2.9819291356756042e-15
3,2,step,False,15,1.0821811863143032,0.2968051642465515,0.077442052285507,0.9211732005257176,80.57983105058655,4,1.2621418675497373,123,31.12019569846484,42.00054207770273,7.850604467949541,13,0.1980153324695191,0,1.1042006279777221,0.6150597035884857,2.9819291356756042e-15
3,2,step,False,16,2.2308898068401075,0.12677914722977765,0.1483887015502241,1.6678017973001766,29.913116794190373,4,1.419443889218377,53,7.051774036699042,9.587063624114315,2.7772449603376677,3,0.21503480139986625,0,1.1042006279777221,0.6150597035884857,2.9819291356756042e-15
3,2,step,False,17,0.9897997487825622,0.580242983471575,0.23025120718122502,0.7823522654289061,81.85760306373517,4,1.2668221508812167,130,26.341050319204783,37.38408192011591,8.856224368899573,12,0.21855033158871684,0,1.1042006279777221,0.6150597035884857,2.9819291356756042e-15
3,2,step,False,18,0.5590769175905304,0.3287978506640137,0.17919368873205777,0.5057778254642993,92.05003247630124,4,1.1697464886624773,143,34.09627917709201,46.76432935746718,9.3643968727245,15,0.15882998758737968,0,1.1042006279777221,0.6150597035884857,2.9819291356756042e-15
3,2,step,False,19,0.3614042791791365,0.5357980271817688,0.5443529209573507,0.4283663315382897,94.70932325003324,4,1.2914698356524905,147,31.99047293526919,45.94914236439506,10.537613697884298,15,0.20874060689804208,0,1.1042006279777221,0.6150597035884857,2.9819291356756042e-15
3,2,step,False,20,1.1237436745120502,0.09032212895378644,0.1506943399034853,0.8784531211345564,74.65822521997791,4,1.2522667698187906,126,30.05151255466468,41.46364243874541,6.4742167580679,10,0.18319781883847375,0,1.1042006279777221,0.6150597035884857,2.9819291356756042e-15
3,2,step,False,21,0.48646786313588014,0.911984385994123,0.8470192076832614,0.3288886919527557,78.49371927859829,4,1.2956308258276654,125,28.89869749458417,41.61358717101487,9.434113855160204,15,0.19902125343648086,0,1.1042006279777221,0.6150597035884857,2.9819291356756042e-15
3,2,step,False,22,1.1811721758476943,0.651708358391737,0.13474149447518272,0.7396946074727961,35.3537841656409,4,1.6002462899003156,65,11.514589256127252,16.537844239954225,2.340317431032207,3,0.1891919404781355,0,1.1042006279777221,0.6150597035884857,2.9819291356756042e-15
3,2,step,False,23,0.5342055744252718,0.8952675246138774,0.15393891255971237,0.5884220754114263,20.35954427838876,4,1.4853578680848185,45,5.4442754404529135,6.857224267305331,1.6117748430731833,3,0.13834791495903562,0,1.1042006279777221,0.6150597035884857,2.9819291356756042e-15
3,3,step,False,0,2.012293809437055,0.10074965391632287,0.08380084713341804,1.5402516091339595,37.93057280478205,4,1.3455784074471395,70,8.571853258188138,11.302789816379153,2.3987478743099753,5,0.1462426416845653,0,0.7807877518334915,0.3754101097583771,2.940755214528278e-15
3,3,step,False,1,0.7367854000076806,0.9977663249443751,0.3033297504573349,0.6440423118210855,57.99527211735812,4,1.3382596057270464,106,19.152459677369873,29.02174213238352,4.319028570941812,7,0.1584075927029824,0,0.7807877518334915,0.3754101097583771,2.940755214528278e-15
3,3,step,False,2,0.6609735095724033,0.27820931079809247,0.38623699695226416,0.7646360036319266,63.15955652333682,4,1.3465946908914779,109,16.85062975827738,24.987341192778608,6.59799573995392,10,0.04752489721402517,0,0.7807877518334915,0.3754101097583771,2.940755214528278e-15
3,3,step,False,3,1.5791575861932878,0.5867868971981172,0.24354967217360451,1.115232313634725,50.09814652505192,4,1.4943202051199926,94,15.455306607024244,20.57455266420557,5.7789260660438275,8,0.08830332405784887,0,0.7807877518334915,0.3754101097583771,2.940755214528278e-15
3,3,step,False,4,1.2628620126326964,0.3927649219497421,0.16950896581629626,0.9902355710827684,82.79149624132033,4,1.204873137523886,136,28.938786364732977,36.33252339472987,7.437269315357204,10,0.10776378345834844,0,0.7807877518334915,0.3754101097583771,2.940755214528278e-15
3,3,step,False,5,2.203884775882906,0.37257960531842527,0.10451028839151918,1.6749614487151394,26.607861162891997,4,1.6151408514682852,50,4.732395310366661,6.195258044028512,2.8267201846873764,5,0.10626626938435078,0,0.7807877518334915,0.3754101097583771,2.940755214528278e-15
3,3,step,False,6,1.3474154075443938,0.08941707046082834,0.21320513794625756,0.9864678493589868,22.494725083016796,4,1.6539183287774182,46,7.9740213392298465,10.81179398502792,2.615243560051563,4,0.10304303888933943,0,0.7807877518334915,0.3754101097583771,2.940755214528278e-15
3,3,step,False,7,0.637017188984615,0.7183545200980431,0.3707487381791445,0.6031598226075812,88.99898775563832,4,1.2111449125455207,139,32.03236935095559,44.67650930362263,9.682665901664583,13,0.12833336168358428,0,0.7807877518334915,0.3754101097583771,2.940755214528278e-15
3,3,step,False,8,1.1241654617540675,0.18370367659870906,0.17177864712806812,0.9203420329676484,88.03765048272967,4,1.257016970154669,145,30.80486010315694,42.246612591829546,8.152211720119793,13,0.07531089722075947,0,0.7807877518334915,0.3754101097583771,2.940755214528278e-15
3,3,step,False,9,0.3160041946949852,0.9684388983740797,0.4686036486010847,0.23123521902121053,108.0706132519012,4,1.2117144547233307,161,44.0260540726592,57.667466481430395,12.079669779619502,18,0.10345418051792331,0,0.7807877518334915,0.3754101097583771,2.940755214528278e-15
3,3,step,False,10,0.5495978082565923,0.9877000634599088,0.42324479036028734,0.5960798006648088,39.635768704361176,4,1.524224254169316,70,14.660627605253978,21.7548928008962,3.537934644185022,6,0.1743517010310362,0,0.7807877518334915,0.3754101097583771,2.940755214528278e-15
3,3,step,False,11,1.145507073081825,0.6303384799355785,0.33149742431484497,0.8515123938283693,53.50595265384432,4,1.3543931342986377,91,17.514152231127802,24.76457876712156,7.38593777801114,11,0.050456250873481864,0,0.7807877518334915,0.3754101097583771,2.940755214528278e-15
3,3,step,False,12,1.6167986815583852,0.19494724817982761,0.1241686154860682,1.1627560541958475,35.30335441281399,4,1.470880390822856,74,8.046994358097718,12.61254159293421,2.9313321915881727,7,0.26875088557629767,0,0.7807877518334915,0.3754101097583771,2.940755214528278e-15
3,3,step,False,13,1.4957891254472597,0.04327908768458309,0.23475545137318865,1.2212379390800372,37.83702709614994,4,1.514555800642806,63,9.811383467733977,12.958888448370034,2.803091225960861,3,0.14329717928645358,0,0.7807877518334915,0.3754101097583771,2.940755214528278e-15
3,3,step,False,14,1.2928729106443955,0.44168613564940523,0.11101843678701802,1.025695678413242,59.557835607351116,4,1.3574636402010074,100,18.91292725289611,24.34278344293319,6.206718192376204,9,0.11467453382543834,0,0.7807877518334915,0.3754101097583771,2.940755214528278e-15
3,3,step,False,15,1.0821811863143032,0.16719540126503396,0.077442052285507,0.9211732005257176,80.57983105058655,4,1.2621418675497373,123,30.430559026333587,39.5546190664344,7.850604467949541,13,0.0926091007448207,0,0.7807877518334915,0.3754101097583771,2.940755214528278e-15
3,3,step,False,16,2.2308898068401075,0.09661603702091542,0.1483887015502241,1.6678017973001766,29.913116794190373,4,1.419443889218377,53,5.661598872780685,7.911543796637497,2.7772449603376677,3,0.14120166440287504,0,0.7807877518334915,0.3754101097583771,2.940755214528278e-15
3,3,step,False,17,0.9897997487825622,0.590488378388041,0.23025120718122502,0.7823522654289061,81.85760306373517,4,1.2668221508812167,130,23.81090191713812,32.65312622770788,8.856224368899573,12,0.07409005929816051,0,0.7807877518334915,0.3754101097583771,2.940755214528278e-15
3,3,step,False,18,0.5590769175905304,0.3315126105812293,0.17919368873205777,0.5057778254642993,92.05003247630124,4,1.1697464886624773,143,33.17983211150633,44.387055621978504,9.3643968727245,15,0.1299452901236663,0,0.7807877518334915,0.3754101097583771,2.940755214528278e-15
3,3,step,False,19,0.3614042791791365,0.5752075960712588,0.5443529209573507,0.4283663315382897,94.70932325003324,4,1.2914698356524905,147,31.19741322091999,45.34539510955509,10.537613697884298,15,0.12009886190041244,0,0.7807877518334915,0.3754101097583771,2.940755214528278e-15
3,3,step,False,20,1.1237436745120502,0.13138339172786762,0.1506943399034853,0.8784531211345564,74.65822521997791,4,1.2522667698187906,126,27.02808053664515,37.580818524045604,6.4742167580679,10,0.16275621256999348,0,0.7807877518334915,0.3754101097583771,2.940755214528278e-15
3,3,step,False,21,0.48646786313588014,0.9352529995813109,0.8470192076832614,0.3288886919527557,78.49371927859829,4,1.2956308258276654,125,30.900504150235527,46.1217002979395,9.434113855160204,15,0.1227837557348885,0,0.7807877518334915,0.3754101097583771,2.940755214528278e-15
3,3,step,False,22,1.1811721758476943,0.9996633362646814,0.13474149447518272,0.7396946074727961,35.3537841656409,4,1.6002462899003156,65,13.8320320625923,19.62592449793004,2.340317431032207,3,0.09367572897431899,0,0.7807877518334915,0.3754101097583771,2.940755214528278e-15
3,3,step,False,23,0.5342055744252718,0.5140699781056145,0.15393891255971237,0.5884220754114263,20.35954427838876,4,1.4853578680848185,45,6.474289821672894,8.222739888449688,1.6117748430731833,3,0.040571117823962284,0,0.7807877518334915,0.3754101097583771,2.940755214528278e-15
4,0,init,False,0,0.7314387939142174,0.9134099762951238,0.5073575779719194,0.3488720987583121,44.639233131341264,4,1.4717034210320197,80,nan,nan,6.743486723225711,11,nan,0,nan,nan,nan
4,0,init,False,1,0.1901008407877457,0.6316347250547342,0.8060556090402555,0.1562697109825038,95.16254019214296,4,1.1874728407876145,152,nan,nan,5.922904203663682,8,nan,0,nan,nan,nan
4,0,init,False,2,1.441147482065505,0.27189256311095783,0.09893059557084266,0.875115265500899,70.04878199399387,4,1.2364578866533147,111,nan,nan,6.939691096062599,11,nan,0,nan,nan,nan
4,0,init,False,3,0.767155368090763,0.9982733360370912,0.39211122835536594,0.3000681300408479,100.75550557741175,4,1.2565369514170905,162,nan,nan,9.798507407639029,16,nan,0,nan,nan,nan
4,0,init,False,4,0.5621501343069247,0.5394383423972646,0.10521224533694302,0.31103520024761433,89.49245843116506,4,1.1743079759427548,143,nan,nan,4.9363596942161205,7,nan,0,nan,nan,nan
4,0,init,False,5,1.741348863480143,0.17238121418530872,0.13551876239308314,1.0518740386369914,46.93688532852703,4,1.300178936994807,78,nan,nan,4.330237583719368,7,nan,0,nan,nan,nan
4,0,init,False,6,1.1638828463724025,0.09151906000735227,0.06289977297936399,0.622028426472157,73.73652846831166,4,1.3447438919268,122,nan,nan,5.2558948172297475,8,nan,0,nan,nan,nan
4,0,init,False,7,2.6451436560886648,0.021279567571159452,0.07602073873092775,1.546293103374471,13.3769927683865,4,1.5612099688142451,29,nan,nan,1.8547885538293745,3,nan,0,nan,nan,nan
4,0,init,False,8,1.1773111634983904,0.33801178299749884,0.23291791713110763,0.7933264009229355,64.15268601527599,4,1.229517982047906,102,nan,nan,9.35280183875865,14,nan,0,nan,nan,nan
4,0,init,False,9,2.021911938662873,0.11474361406792581,0.03730169591404009,1.2721400504958391,18.556817078819357,4,1.3693512604865345,39,nan,nan,2.126737249611038,3,nan,0,nan,nan,nan
4,0,init,False,10,1.5164206506624354,0.32041674946949583,0.13808931204054878,0.8302204335831187,46.70874174669558,4,1.527742603416708,79,nan,nan,4.745877672200862,8,nan,0,nan,nan,nan
4,0,init,False,11,1.7873261353014271,0.4716891606555294,0.26528785634809443,1.126051849928676,57.084695115331876,4,1.5808953940501442,96,nan,nan,4.722580352927004,10,nan,0,nan,nan,nan
4,0,init,False,12,0.4960937291639991,0.11762825114328153,0.4108634612164743,0.3111488363554541,63.6783197134603,4,1.3589012809914252,108,nan,nan,6.920889897012751,12,nan,0,nan,nan,nan
4,0,init,False,13,0.7733730741862967,0.5686333133405138,0.25563087505352156,0.451534386767639,66.83403132970636,4,1.329152171362885,115,nan,nan,7.397742050815116,12,nan,0,nan,nan,nan
4,0,init,False,14,1.2441028283176079,0.5721940478580022,0.08698193174574825,0.7674945914542526,58.061725957454186,4,1.2633188937440742,98,nan,nan,6.996872352729445,11,nan,0,nan,nan,nan
4,0,init,False,15,1.020636180189332,0.09228796980587343,0.06380384431239458,0.6787413011425951,58.51959310555104,4,1.2981172287303016,108,nan,nan,6.89146983461789,10,nan,0,nan,nan,nan
4,0,init,False,16,0.6465795769665226,0.7109960937224411,0.44473672083792226,0.3681701844501494,97.89745695364742,4,1.2003166810382462,147,nan,nan,8.645421951049213,14,nan,0,nan,nan,nan
4,0,init,False,17,1.3800791253006297,0.4309130227943547,0.3454219447144979,0.7570265018045935,48.80763556737149,4,1.4697516896109295,86,nan,nan,6.581611878102242,13,nan,0,nan,nan,nan
4,0,init,False,18,1.9545733255213382,0.1734032492476009,0.17340324924760217,1.3881731250162486,7.853191170770043,4,1.7569804946433485,22,nan,nan,1.0,1,nan,0,nan,nan,nan
4,0,init,False,19,0.8642655972196809,0.9801350443328355,0.03665801877604915,0.45671670486002897,61.87620529710102,4,1.340721252836389,104,nan,nan,5.866067768560746,8,nan,0,nan,nan,nan
4,0,init,False,20,0.4015157065634968,0.10719438345427745,0.735242077860848,0.23255373067413956,32.3597539167309,4,1.4465041377328534,59,nan,nan,3.404123656911282,4,nan,0,nan,nan,nan
4,0,init,False,21,1.0339699688965198,0.11018303079852597,0.12056576519138043,0.6144482949458159,110.95355214142103,4,1.16420689553413,158,nan,nan,9.592316020442885,14,nan,0,nan,nan,nan
4,0,init,False,22,0.8323167227644012,0.9137329070900977,0.13164829101919223,0.5634638051950027,28.29923000992318,4,1.2823286814629669,48,nan,nan,4.825125902989847,7,nan,0,nan,nan,nan
4,0,init,False,23,0.6269417020834565,0.8028927356157243,0.38204053994893644,0.33682594423068674,84.20743898946,4,1.3641352759470966,132,nan,nan,9.148491493685366,16,nan,0,nan,nan,nan
4,1,step,False,0,0.7314387939142174,0.8419883876884183,0.5073575779719194,0.3488720987583121,44.639233131341264,4,1.4717034210320197,80,10.867840800094928,16.34553838528442,6.743486723225711,11,0.3154798800140382,0,1.5893452000177961,1.0,3.7739827418466605e-16
4,1,step,False,1,0.1901008407877457,0.6537478743389135,0.8060556090402555,0.1562697109825038,95.16254019214296,4,1.1874728407876145,152,30.42662057704763,44.156256981023,5.922904203663682,8,0.22724639241481015,0,1.5893452000177961,1.0,3.7739827418466605e-16
4,1,step,False,2,1.441147482065505,0.3357276881184123,0.09893059557084266,0.875115265500899,70.04878199399387,4,1.2364578866533147,111,21.88223548020074,29.81173253236193,6.939691096062599,11,0.2400791244651871,0,1.5893452000177961,1.0,3.7739827418466605e-16
4,1,step,False,3,0.767155368090763,0.9996337771758312,0.39211122835536594,0.3000681300408479,100.75550557741175,4,1.2565369514170905,162,36.94905793727604,50.487823389069,9.798507407639029,16,0.2647819427149531,0,1.5893452000177961,1.0,3.7739827418466605e-16
4,1,step,False,4,0.5621501343069247,0.6488023639720976,0.10521224533694302,0.31103520024761433,89.49245843116506,4,1.1743079759427548,143,35.40288280778162,49.32900839808475,4.9363596942161205,7,0.22874063679588477,0,1.5893452000177961,1.0,3.7739827418466605e-16
4,1,step,False,5,1.741348863480143,0.18911543521954619,0.13551876239308314,1.0518740386369914,46.93688532852703,4,1.300178936994807,78,14.18712793226074,20.63637407450372,4.330237583719368,7,0.3084409901078026,0,1.5893452000177961,1.0,3.7739827418466605e-16
4,1,step,False,6,1.1638828463724025,0.179873113733693,0.06289977297936399,0.622028426472157,73.73652846831166,4,1.3447438919268,122,27.282808259752084,37.815597881797714,5.2558948172297475,8,0.22186846179881223,0,1.5893452000177961,1.0,3.7739827418466605e-16
4,1,step,False,7,2.6451436560886648,0.12205739818336321,0.07602073873092775,1.546293103374471,13.3769927683865,4,1.5612099688142451,29,2.6389656743092327,3.812855159915729,1.8547885538293745,3,0.3559447005943514,0,1.5893452000177961,1.0,3.7739827418466605e-16
4,1,step,False,8,1.1773111634983904,0.3089969385085954,0.23291791713110763,0.7933264009229355,64.15268601527599,4,1.229517982047906,102,22.14512891317337,30.00529150549333,9.35280183875865,14,0.1922660720213716,0,1.5893452000177961,1.0,3.7739827418466605e-16
4,1,step,False,9,2.021911938662873,0.17999248741435384,0.03730169591404009,1.2721400504958391,18.556817078819357,4,1.3693512604865345,39,4.501621848275079,5.600855680845511,2.126737249611038,3,0.1815362601520074,0,1.5893452000177961,1.0,3.7739827418466605e-16
4,1,step,False,10,1.5164206506624354,0.1162651489886174,0.13808931204054878,0.8302204335831187,46.70874174669558,4,1.527742603416708,79,15.88586239200536,23.671434326590305,4.745877672200862,8,0.25285069367571367,0,1.5893452000177961,1.0,3.7739827418466605e-16
4,1,step,False,11,1.7873261353014271,0.591698611794104,0.26528785634809443,1.126051849928676,57.084695115331876,4,1.5808953940501442,96,16.934463209239592,24.277678458123926,4.722580352927004,10,0.2272271480739659,0,1.5893452000177961,1.0,3.7739827418466605e-16
4,1,step,False,12,0.4960937291639991,0.21460805321501572,0.4108634612164743,0.3111488363554541,63.6783197134603,4,1.3589012809914252,108,18.425165416187124,25.54088599863783,6.920889897012751,12,0.24728591341897233,0,1.5893452000177961,1.0,3.7739827418466605e-16
4,1,step,False,13,0.7733730741862967,0.6537141464629018,0.25563087505352156,0.451534386767639,66.83403132970636,4,1.329152171362885,115,18.09668162674781,27.251058628448416,7.397742050815116,12,0.24702456573064618,0,1.5893452000177961,1.0,3.7739827418466605e-16
4,1,step,False,14,1.2441028283176079,0.6116115855727656,0.08698193174574825,0.7674945914542526,58.061725957454186,4,1.2633188937440742,98,18.681311522456305,25.606853720183594,6.996872352729445,11,0.2302476226999321,0,1.5893452000177961,1.0,3.7739827418466605e-16
4,1,step,False,15,1.020636180189332,0.2170147191666121,0.06380384431239458,0.6787413011425951,58.51959310555104,4,1.2981172287303016,108,16.919473306581814,25.11235260271079,6.89146983461789,10,0.24435847333248717,0,1.5893452000177961,1.0,3.7739827418466605e-16
4,1,step,False,16,0.6465795769665226,0.7343910136687133,0.44473672083792226,0.3681701844501494,97.89745695364742,4,1.2003166810382462,147,36.715597490790174,52.64884482421617,8.645421951049213,14,0.2347719206687387,0,1.5893452000177961,1.0,3.7739827418466605e-16
4,1,step,False,17,1.3800791253006297,0.30765462291000695,0.3454219447144979,0.7570265018045935,48.80763556737149,4,1.4697516896109295,86,13.735150674123815,18.06236898152559,6.581611878102242,13,0.13747651911137443,0,1.5893452000177961,1.0,3.7739827418466605e-16
4,1,step,False,18,1.9545733255213382,0.1734032492476009,0.17340324924760217,1.3881731250162486,7.853191170770043,4,1.7569804946433485,22,1.323810857228164,1.5861607274659202,1.0,1,0.47713010318065524,0,1.5893452000177961,1.0,3.7739827418466605e-16
4,1,step,False,19,0.8642655972196809,0.9117958242878742,0.03665801877604915,0.45671670486002897,61.87620529710102,4,1.340721252836389,104,21.447002476224277,28.496418702030272,5.866067768560746,8,0.26540359286983595,0,1.5893452000177961,1.0,3.7739827418466605e-16
4,1,step,False,20,0.4015157065634968,0.1355075755201632,0.735242077860848,0.23255373067413956,32.3597539167309,4,1.4465041377328534,59,8.713449693383566,13.394106441929836,3.404123656911282,4,0.23227829664822072,0,1.5893452000177961,1.0,3.7739827418466605e-16
4,1,step,False,21,1.0339699688965198,0.12911443460220126,0.12056576519138043,0.6144482949458159,110.95355214142103,4,1.16420689553413,158,47.440106444905595,65.38818605400166,9.592316020442885,14,0.2468684214628866,0,1.5893452000177961,1.0,3.7739827418466605e-16
4,1,step,False,22,0.8323167227644012,0.9876745076147122,0.13164829101919223,0.5634638051950027,28.29923000992318,4,1.2823286814629669,48,9.93844657111371,14.007689025494434,4.825125902989847,7,0.29093781603397145,0,1.5893452000177961,1.0,3.7739827418466605e-16
4,1,step,False,23,0.6269417020834565,0.7643475360253569,0.38204053994893644,0.33682594423068674,84.20743898946,4,1.3641352759470966,132,29.45918808884126,41.345521551778255,9.148491493685366,16,0.2541262436278095,0,1.5893452000177961,1.0,3.7739827418466605e-16
4,2,step,False,0,0.7314387939142174,0.797187688027893,0.5073575779719194,0.3488720987583121,44.639233131341264,4,1.4717034210320197,80,12.976682225251995,20.96138356116886,6.743486723225711,11,0.21750584237902268,0,1.1238367685788733,0.6278313994407654,2.4582513840479555e-15
4,2,step,False,1,0.1901008407877457,0.641478249201098,0.8060556090402555,0.1562697109825038,95.16254019214296,4,1.1874728407876145,152,31.13762085330182,42.24951268093463,5.922904203663682,8,0.1643196301103435,0,1.1238367685788733,0.6278313994407654,2.4582513840479555e-15
4,2,step,False,2,1.441147482065505,0.21490028222171603,0.09893059557084266,0.875115265500899,70.04878199399387,4,1.2364578866533147,111,23.63247777149861,32.10363783394161,6.939691096062599,11,0.14299824771487848,0,1.1238367685788733,0.6278313994407654,2.4582513840479555e-15
4,2,step,False,3,0.767155368090763,0.9779784768716355,0.39211122835536594,0.3000681300408479,100.75550557741175,4,1.2565369514170905,162,37.60565776380478,51.20231481316071,9.798507407639029,16,0.21433713686033654,0,1.1238367685788733,0.6278313994407654,2.4582513840479555e-15
4,2,step,False,4,0.5621501343069247,0.6547516196390732,0.10521224533694302,0.31103520024761433,89.49245843116506,4,1.1743079759427548,143,34.37917631968977,48.30142739093051,4.9363596942161205,7,0.12534836008620664,0,1.1238367685788733,0.6278313994407654,2.4582513840479555e-15
4,2,step,False,5,1.741348863480143,0.18063861481048782,0.13551876239308314,1.0518740386369914,46.93688532852703,4,1.300178936994807,78,11.134496592753196,15.626385285055811,4.330237583719368,7,0.26147333031180525,0,1.1238367685788733,0.6278313994407654,2.4582513840479555e-15
4,2,step,False,6,1.1638828463724025,0.22599127125105317,0.06289977297936399,0.622028426472157,73.73652846831166,4,1.3447438919268,122,28.65008667982844,38.842073220103174,5.2558948172297475,8,0.13294139824670556,0,1.1238367685788733,0.6278313994407654,2.4582513840479555e-15
4,2,step,False,7,2.6451436560886648,0.22536425779300098,0.07602073873092775,1.546293103374471,13.3769927683865,4,1.5612099688142451,29,1.5698744787638563,1.8603457275749078,1.8547885538293745,3,0.2962893725318466,0,1.1238367685788733,0.6278313994407654,2.4582513840479555e-15
4,2,step,False,8,1.1773111634983904,0.2748467409921489,0.23291791713110763,0.7933264009229355,64.15268601527599,4,1.229517982047906,102,22.15440652259521,29.673475562989513,9.35280183875865,14,0.19301104222309826,0,1.1238367685788733,0.6278313994407654,2.4582513840479555e-15
4,2,step,False,9,2.021911938662873,0.13775947481406745,0.03730169591404009,1.2721400504958391,18.556817078819357,4,1.3693512604865345,39,4.168997203171447,4.952518530584643,2.126737249611038,3,0.18903009846419494,0,1.1238367685788733,0.6278313994407654,2.4582513840479555e-15
4,2,step,False,10,1.5164206506624354,0.13595114225872224,0.13808931204054878,0.8302204335831187,46.70874174669558,4,1.527742603416708,79,13.878031926224944,21.142150824657673,4.745877672200862,8,0.16735738210148263,0,1.1238367685788733,0.6278313994407654,2.4582513840479555e-15
4,2,step,False,11,1.7873261353014271,0.5996547189483458,0.26528785634809443,1.126051849928676,57.084695115331876,4,1.5808953940501442,96,17.11633045303107,24.765732310049202,4.722580352927004,10,0.15073244147353243,0,1.1238367685788733,0.6278313994407654,2.4582513840479555e-15
4,2,step,False,12,0.4960937291639991,0.14166675736212925,0.4108634612164743,0.3111488363554541,63.6783197134603,4,1.3589012809914252,108,18.564515134550568,24.965987967875083,6.920889897012751,12,0.14671724221638147,0,1.1238367685788733,0.6278313994407654,2.4582513840479555e-15
4,2,step,False,13,0.7733730741862967,0.6806372324742148,0.25563087505352156,0.451534386767639,66.83403132970636,4,1.329152171362885,115,21.065180520275966,32.56448244385124,7.397742050815116,12,0.15100756429522777,0,1.1238367685788733,0.6278313994407654,2.4582513840479555e-15
4,2,step,False,14,1.2441028283176079,0.5632456508025125,0.08698193174574825,0.7674945914542526,58.061725957454186,4,1.2633188937440742,98,17.690152015357818,25.35570878429675,6.996872352729445,11,0.14120174944779673,0,1.1238367685788733,0.6278313994407654,2.4582513840479555e-15
4,2,step,False,15,1.020636180189332,0.13601845290710152,0.06380384431239458,0.6787413011425951,58.51959310555104,4,1.2981172287303016,108,17.58302251243379,24.66639567551106,6.89146983461789,10,0.14299107177940276,0,1.1238367685788733,0.6278313994407654,2.4582513840479555e-15
4,2,step,False,16,0.6465795769665226,0.5921833462359944,0.44473672083792226,0.3681701844501494,97.89745695364742,4,1.2003166810382462,147,36.62296772672701,52.68717882288864,8.645421951049215,14,0.15012330102995267,0,1.1238367685788733,0.6278313994407654,2.4582513840479555e-15
4,2,step,False,17,1.3800791253006297,0.499817203728528,0.3454219447144979,0.7570265018045935,48.80763556737149,4,1.4697516896109295,86,12.930618280581234,17.39226284465944,6.581611878102242,13,0.129933538185765,0,1.1238367685788733,0.6278313994407654,2.4582513840479555e-15
4,2,step,False,18,1.9545733255213382,0.1734032492476009,0.17340324924760217,1.3881731250162486,7.853191170770043,4,1.7569804946433485,22,1.271771638490374,1.506158499547359,1.0,1,0.08848918331152332,0,1.1238367685788733,0.6278313994407654,2.4582513840479555e-15
4,2,step,False,19,0.8642655972196809,0.9415459173804483,0.03665801877604915,0.45671670486002897,61.87620529710102,4,1.340721252836389,104,20.711600069598283,27.137430795926228,5.866067768560746,8,0.16800507066591933,0,1.1238367685788733,0.6278313994407654,2.4582513840479555e-15
4,2,step,False,20,0.4015157065634968,0.07951943530661953,0.735242077860848,0.23255373067413956,32.3597539167309,4,1.4465041377328534,59,10.048666281683577,14.384056711224732,3.404123656911282,4,0.13935529592294038,0,1.1238367685788733,0.6278313994407654,2.4582513840479555e-15
4,2,step,False,21,1.0339699688965198,0.07954662497293559,0.12056576519138043,0.6144482949458159,110.95355214142103,4,1.16420689553413,158,45.91799897625084,62.13297299890465,9.592316020442885,14,0.14676753751364052,0,1.1238367685788733,0.6278313994407654,2.4582513840479555e-15
4,2,step,False,22,0.8323167227644012,0.9772788283370116,0.13164829101919223,0.5634638051950027,28.29923000992318,4,1.2823286814629669,48,10.358114248112292,15.462339016884176,4.825125902989847,7,0.16034574097673573,0,1.1238367685788733,0.6278313994407654,2.4582513840479555e-15
4,2,step,False,23,0.6269417020834565,0.6546140310187846,0.38204053994893644,0.33682594423068674,84.20743898946,4,1.3641352759470966,132,28.831564240630815,39.80557243202442,9.148491493685366,16,0.18821916825730722,0,1.1238367685788733,0.6278313994407654,2.4582513840479555e-15
4,3,step,True,0,0.7314387939142174,0.797187688027893,0.5073575779719194,0.3488720987583121,44.639233131341264,4,1.4717034210320197,80,14.369700100809105,22.36756174086426,6.743486723225711,11,0.11537851045644541,0,0.794672600008898,0.3836401700973511,nan
4,3,step,True,1,0.1901008407877457,0.641478249201098,0.8060556090402555,0.1562697109825038,95.16254019214296,4,1.1874728407876145,152,33.70413791608603,46.31430722873979,5.922904203663682,8,0.11913939669365871,0,0.794672600008898,0.3836401700973511,nan
4,3,step,True,2,1.441147482065505,0.21490028222171603,0.09893059557084266,0.875115265500899,70.04878199399387,4,1.2364578866533147,111,23.352974335147763,31.999291402793517,6.939691096062599,11,0.12196606965091304,0,0.794672600008898,0.3836401700973511,nan
4,3,step,True,3,0.767155368090763,0.9779784768716355,0.39211122835536594,0.3000681300408479,100.75550557741175,4,1.2565369514170905,162,35.78860043120819,48.156776979439314,9.798507407639029,16,0.11902583127640001,0,0.794672600008898,0.3836401700973511,nan
4,3,step,True,4,0.5621501343069247,0.6547516196390732,0.10521224533694302,0.31103520024761433,89.49245843116506,4,1.1743079759427548,143,31.894081307355567,42.852030533787875,4.9363596942161205,7,0.09724086710754168,0,0.794672600008898,0.3836401700973511,nan
4,3,step,True,5,1.741348863480143,0.18063861481048782,0.13551876239308314,1.0518740386369914,46.93688532852703,4,1.300178936994807,78,8.95367196308613,12.161255560309302,4.330237583719368,7,0.09140624142609005,0,0.794672600008898,0.3836401700973511,nan
4,3,step,True,6,1.1638828463724025,0.22599127125105317,0.06289977297936399,0.622028426472157,73.73652846831166,4,1.3447438919268,122,29.48195737844477,39.14689010059292,5.2558948172297475,8,0.10290927711560373,0,0.794672600008898,0.3836401700973511,nan
4,3,step,True,7,2.6451436560886648,0.22536425779300098,0.07602073873092775,1.546293103374471,13.3769927683865,4,1.5612099688142451,29,1.0,1.0,1.8547885538293745,3,0.0,1,0.794672600008898,0.3836401700973511,nan
4,3,step,True,8,1.1773111634983904,0.2748467409921489,0.23291791713110763,0.7933264009229355,64.15268601527599,4,1.229517982047906,102,22.240656527303294,29.581172619101768,9.35280183875865,14,0.10961454215830722,0,0.794672600008898,0.3836401700973511,nan
4,3,step,True,9,2.021911938662873,0.13775947481406745,0.03730169591404009,1.2721400504958391,18.556817078819357,4,1.3693512604865345,39,4.1319523196163965,5.373016780492286,2.126737249611038,3,0.15324175506113047,0,0.794672600008898,0.3836401700973511,nan
4,3,step,True,10,1.5164206506624354,0.13595114225872224,0.13808931204054878,0.8302204335831187,46.70874174669558,4,1.527742603416708,79,11.84535234278824,15.496155655073132,4.745877672200862,8,0.11299389293682188,0,0.794672600008898,0.3836401700973511,nan
4,3,step,True,11,1.7873261353014271,0.5996547189483458,0.26528785634809443,1.126051849928676,57.084695115331876,4,1.5808953940501442,96,18.186661173835663,27.73318641395319,4.722580352927004,10,0.09797755895879377,0,0.794672600008898,0.3836401700973511,nan
4,3,step,True,12,0.4960937291639991,0.14166675736212925,0.4108634612164743,0.3111488363554541,63.6783197134603,4,1.3589012809914252,108,20.021745391931336,26.6544916079913,6.920889897012751,12,0.11122945980087949,0,0.794672600008898,0.3836401700973511,nan
4,3,step,True,13,0.7733730741862967,0.6806372324742148,0.25563087505352156,0.451534386767639,66.83403132970636,4,1.329152171362885,115,22.12356074149835,33.0415641751552,7.397742050815116,12,0.11026284192103382,0,0.794672600008898,0.3836401700973511,nan
4,3,step,True,14,1.2441028283176079,0.5632456508025125,0.08698193174574825,0.7674945914542526,58.061725957454186,4,1.2633188937440742,98,17.500655155524665,23.913068419979002,6.996872352729445,11,0.0,1,0.794672600008898,0.3836401700973511,nan
4,3,step,True,15,1.020636180189332,0.13601845290710152,0.06380384431239458,0.6787413011425951,58.51959310555104,4,1.2981172287303016,108,19.57879401469029,26.96876817798446,6.89146983461789,10,0.11147524658646438,0,0.794672600008898,0.3836401700973511,nan
4,3,step,True,16,0.6465795769665226,0.5921833462359944,0.44473672083792226,0.3681701844501494,97.89745695364742,4,1.2003166810382462,147,39.20129951196114,56.93481588261168,8.645421951049213,14,0.1362872128225591,0,0.794672600008898,0.3836401700973511,nan
4,3,step,True,17,1.3800791253006297,0.499817203728528,0.3454219447144979,0.7570265018045935,48.80763556737149,4,1.4697516896109295,86,11.143865101599168,15.915407647833915,6.581611878102242,13,0.0,1,0.794672600008898,0.3836401700973511,nan
4,3,step,True,18,1.9545733255213382,0.1734032492476009,0.17340324924760217,1.3881731250162486,7.853191170770043,4,1.7569804946433485,22,1.5158028599158966,1.814820590975175,1.0,1,0.16361726177134417,0,0.794672600008898,0.3836401700973511,nan
4,3,step,True,19,0.8642655972196809,0.9415459173804483,0.03665801877604915,0.45671670486002897,61.87620529710102,4,1.340721252836389,104,20.47309266204655,27.343304238373566,5.866067768560746,8,0.1301587259094523,0,0.794672600008898,0.3836401700973511,nan
4,3,step,True,20,0.4015157065634968,0.07951943530661953,0.735242077860848,0.23255373067413956,32.3597539167309,4,1.4465041377328534,59,11.767000947428025,17.494066840194943,3.404123656911282,4,0.13020577520432955,0,0.794672600008898,0.3836401700973511,nan
4,3,step,True,21,1.0339699688965198,0.07954662497293559,0.12056576519138043,0.6144482949458159,110.95355214142103,4,1.16420689553413,158,44.54722877959193,55.97366127672922,9.592316020442885,14,0.08749921862856855,0,0.794672600008898,0.3836401700973511,nan
4,3,step,True,22,0.8323167227644012,0.9772788283370116,0.13164829101919223,0.5634638051950027,28.29923000992318,4,1.2823286814629669,48,9.644113209478633,15.209129313597192,4.825125902989847,7,0.14795362632114606,0,0.794672600008898,0.3836401700973511,nan
4,3,step,True,23,0.6269417020834565,0.6546140310187846,0.38204053994893644,0.33682594423068674,84.20743898946,4,1.3641352759470966,132,27.533111509786924,37.64014530506753,9.148491493685366,16,0.16796788832861026,0,0.794672600008898,0.3836401700973511,nan
5,0,init,False,0,1.1820895330230798,0.30387232982687395,0.32411163960540756,0.857374985614215,38.90297561919407,4,1.5071678897923484,67,nan,nan,1.7944674370949696,3,nan,0,nan,nan,nan
5,0,init,False,1,0.26367240428572386,0.9918011216739288,0.16539621168576113,0.22185542112478318,95.84519872031498,4,1.287746448166381,155,nan,nan,7.937427473803956,13,nan,0,nan,nan,nan
5,0,init,False,2,1.4340599023864413,0.1551045295869219,0.174592190100755,1.158405486237627,55.98291989849718,4,1.3553777963333264,95,nan,nan,5.721854466610058,9,nan,0,nan,nan,nan
5,0,init,False,3,2.0354935116480677,0.25684100250225217,0.05406743463390932,1.7285146722177454,33.44533630616429,4,1.4575318171354017,57,nan,nan,4.256156361404454,6,nan,0,nan,nan,nan
5,0,init,False,4,1.71708545598336,0.13514956678094875,0.10099193842856587,1.3571937829292102,60.11580097272275,4,1.2389011314110931,99,nan,nan,8.084689505960414,15,nan,0,nan,nan,nan
5,0,init,False,5,1.1181558309160755,0.4234993264284338,0.08198948536465712,0.7935726957298979,61.19777099850654,4,1.4314713500216605,105,nan,nan,4.965543066863961,10,nan,0,nan,nan,nan
5,0,init,False,6,0.6253378024127711,0.30528365250814277,0.0994278080918958,0.4892243965605667,110.0586936588459,4,1.2500789463895183,165,nan,nan,11.965773989537007,16,nan,0,nan,nan,nan
5,0,init,False,7,1.2089920649223933,0.5765682338095923,0.09013254848285365,0.9641824706292976,67.29482899156545,4,1.355290842554952,115,nan,nan,7.467199718937111,15,nan,0,nan,nan,nan
5,0,init,False,8,1.9290127460323419,0.11002760353969684,0.11002760353969786,1.4732891678458182,14.016744934235074,4,1.7009976930557105,28,nan,nan,1.0,1,nan,0,nan,nan,nan
5,0,init,False,9,1.3537456170574012,0.41705599621595213,0.01697244973965534,1.04435512009004,73.0190906692872,4,1.3651017948003297,121,nan,nan,5.066774719587965,7,nan,0,nan,nan,nan
5,0,init,False,10,1.0134078727473856,0.1066891234715802,0.1575940360127539,0.7596442934490684,73.13296962220065,4,1.3820441899567106,114,nan,nan,6.622222818662661,12,nan,0,nan,nan,nan
5,0,init,False,11,2.6010207254251076,0.13222733870214592,0.11251685372823621,1.9476187491606891,17.438172763650442,4,1.8152890169892664,36,nan,nan,3.7911502832457087,6,nan,0,nan,nan,nan
5,0,init,False,12,0.847995390281777,0.545904331575216,0.14576423570776728,0.6044797632237658,99.09670441818193,4,1.2786510227569414,158,nan,nan,11.105766533506461,17,nan,0,nan,nan,nan
5,0,init,False,13,1.158477556120006,0.30313003049116216,0.18855795233335254,0.861497801534667,33.837397863001414,4,1.573040429892719,63,nan,nan,1.6317218464138068,3,nan,0,nan,nan,nan
5,0,init,False,14,1.6911301854914427,0.12868447441036776,0.13234764475274036,1.3948780066692326,36.99050377418594,4,1.5126754161719986,70,nan,nan,5.896957053487121,11,nan,0,nan,nan,nan
5,0,init,False,15,0.9443564653403165,0.9672203607280299,0.30536971770350596,0.5686140600774047,68.61454808951223,4,1.2549233403767515,114,nan,nan,5.9329785818427645,9,nan,0,nan,nan,nan
5,0,init,False,16,1.469340822890217,0.4439779121346432,0.059506334722753726,1.0994060958644145,67.84650810599985,4,1.4085137832519536,117,nan,nan,8.163089527135158,12,nan,0,nan,nan,nan
5,0,init,False,17,2.426100916153647,0.10627075021197536,0.13396921756337518,1.8155762674298326,30.159664122786523,4,1.3692893234626067,58,nan,nan,3.3916197808589246,6,nan,0,nan,nan,nan
5,0,init,False,18,1.2113073977099769,0.45989502112364966,0.28248299094411533,0.7543919456706542,34.494677777760245,4,1.4694076471196909,65,nan,nan,2.726178758066487,3,nan,0,nan,nan,nan
5,0,init,False,19,0.6565585810840902,0.34187188290068093,0.16920178771608774,0.5798657723895476,94.9924857091055,4,1.1841976947545165,144,nan,nan,9.015826275953497,13,nan,0,nan,nan,nan
5,0,init,False,20,0.22818447607247358,0.47827905086167116,0.24247710600803601,0.22721771292319382,114.43026484318936,4,1.2019047796631555,169,nan,nan,9.143050345920662,15,nan,0,nan,nan,nan
5,0,init,False,21,2.8435732924836863,0.09063708881124638,0.14108848787634234,2.2355014986939183,9.042044717524398,4,1.8542263553963083,21,nan,nan,1.8902502288882013,2,nan,0,nan,nan,nan
5,0,init,False,22,1.170997784687522,0.32038046146895427,0.11031236597377962,0.8321436965387609,82.5520169378254,4,1.1535871122095316,135,nan,nan,9.423049821765458,14,nan,0,nan,nan,nan
5,0,init,False,23,0.7465120467117895,0.8930275449519361,0.22621884580915622,0.47678905410900263,67.49268048574271,4,1.1477873774205645,107,nan,nan,7.006251404453174,10,nan,0,nan,nan,nan
5,1,step,False,0,1.1820895330230798,0.20630062490741158,0.32411163960540756,0.857374985614215,38.90297561919407,4,1.5071678897923484,67,11.17293158946632,16.456088780701318,1.7944674370949696,3,0.3089654924534212,0,1.5361907633867116,1.0,4.662341351676002e-16
5,1,step,False,1,0.26367240428572386,0.9914075184724125,0.16539621168576113,0.22185542112478318,95.84519872031498,4,1.287746448166381,155,33.67709180614857,47.36336676718726,7.937427473803956,13,0.23783583681614603,0,1.5361907633867116,1.0,4.662341351676002e-16
5,1,step,False,2,1.4340599023864413,0.18930859495399327,0.174592190100755,1.158405486237627,55.98291989849718,4,1.3553777963333264,95,16.2232282358807,24.655222482180157,5.721854466610058,9,0.21073955614543852,0,1.5361907633867116,1.0,4.662341351676002e-16
5,1,step,False,3,2.0354935116480677,0.11117063806376141,0.05406743463390932,1.7285146722177454,33.44533630616429,4,1.4575318171354017,57,11.778477256056245,16.32116319251349,4.256156361404454,6,0.20838787554989077,0,1.5361907633867116,1.0,4.662341351676002e-16
5,1,step,False,4,1.71708545598336,0.2337729104071322,0.10099193842856587,1.3571937829292102,60.11580097272275,4,1.2389011314110931,99,21.634179176079904,29.941043516514128,8.084689505960414,15,0.16545967370344952,0,1.5361907633867116,1.0,4.662341351676002e-16
5,1,step,False,5,1.1181558309160755,0.33407900570440596,0.08198948536465712,0.7935726957298979,61.19777099850654,4,1.4314713500216605,105,20.09338342682252,27.79327243098916,4.965543066863961,10,0.17789312085129894,0,1.5361907633867116,1.0,4.662341351676002e-16
5,1,step,False,6,0.6253378024127711,0.2371384093147219,0.0994278080918958,0.4892243965605667,110.0586936588459,4,1.2500789463895183,165,39.19008595268184,52.14454097154675,11.965773989537007,16,0.19430435328743828,0,1.5361907633867116,1.0,4.662341351676002e-16
5,1,step,False,7,1.2089920649223933,0.41900948367517443,0.09013254848285365,0.9641824706292976,67.29482899156545,4,1.355290842554952,115,22.818660679297867,31.59651724682935,7.467199718937111,15,0.24282454117955438,0,1.5361907633867116,1.0,4.662341351676002e-16
5,1,step,False,8,1.9290127460323419,0.08841868570501159,0.11002760353969786,1.4732891678458182,14.016744934235074,4,1.7009976930557105,28,3.703209838202023,4.76234028235751,1.0,1,0.35579761441172136,0,1.5361907633867116,1.0,4.662341351676002e-16
5,1,step,False,9,1.3537456170574012,0.31453740640596395,0.01697244973965534,1.04435512009004,73.0190906692872,4,1.3651017948003297,121,20.507121797576986,32.0715818384732,5.066774719587965,7,0.31339826188477055,0,1.5361907633867116,1.0,4.662341351676002e-16
5,1,step,False,10,1.0134078727473856,0.078675205165994,0.1575940360127539,0.7596442934490684,73.13296962220065,4,1.3820441899567106,114,25.0304841296724,34.772517725431705,6.622222818662661,12,0.1976732024497274,0,1.5361907633867116,1.0,4.662341351676002e-16
5,1,step,False,11,2.6010207254251076,0.08639725611337185,0.11251685372823621,1.9476187491606891,17.438172763650442,4,1.8152890169892664,36,2.3514789248089945,3.1391379762235903,3.7911502832457087,6,0.2461381671788049,0,1.5361907633867116,1.0,4.662341351676002e-16
5,1,step,False,12,0.847995390281777,0.42789013920626606,0.14576423570776728,0.6044797632237658,99.09670441818193,4,1.2786510227569414,158,36.62482742136224,51.908543908929694,11.105766533506461,17,0.16987312898630239,0,1.5361907633867116,1.0,4.662341351676002e-16
5,1,step,False,13,1.158477556120006,0.21355562875163578,0.18855795233335254,0.861497801534667,33.837397863001414,4,1.573040429892719,63,10.120835993986212,13.94226606814005,1.6317218464138068,3,0.38598159328513665,0,1.5361907633867116,1.0,4.662341351676002e-16
5,1,step,False,14,1.6911301854914427,0.09500136228162077,0.13234764475274036,1.3948780066692326,36.99050377418594,4,1.5126754161719986,70,7.82599694807122,12.830351168609024,5.896957053487121,11,0.2304944591653229,0,1.5361907633867116,1.0,4.662341351676002e-16
5,1,step,False,15,0.9443564653403165,0.9994846135321241,0.30536971770350596,0.5686140600774047,68.61454808951223,4,1.2549233403767515,114,24.546968000354262,33.24617060392652,5.9329785818427645,9,0.2296197696016926,0,1.5361907633867116,1.0,4.662341351676002e-16
5,1,step,False,16,1.469340822890217,0.5223221979316653,0.059506334722753726,1.0994060958644145,67.84650810599985,4,1.4085137832519536,117,18.534764586363135,28.955810419867785,8.163089527135158,12,0.22595253749248587,0,1.5361907633867116,1.0,4.662341351676002e-16
5,1,step,False,17,2.426100916153647,0.1785698214982776,0.13396921756337518,1.8155762674298326,30.159664122786523,4,1.3692893234626067,58,6.054047008644099,8.392926223184741,3.3916197808589246,6,0.21660149175558402,0,1.5361907633867116,1.0,4.662341351676002e-16
5,1,step,False,18,1.2113073977099769,0.48208105344654273,0.28248299094411533,0.7543919456706542,34.494677777760245,4,1.4694076471196909,65,10.82602053150082,16.56309678049839,2.726178758066487,3,0.2567110585013259,0,1.5361907633867116,1.0,4.662341351676002e-16
5,1,step,False,19,0.6565585810840902,0.2342783761950911,0.16920178771608774,0.5798657723895476,94.9924857091055,4,1.1841976947545165,144,36.96978609357848,53.55873231954947,9.015826275953497,13,0.2060200664209558,0,1.5361907633867116,1.0,4.662341351676002e-16
5,1,step,False,20,0.22818447607247358,0.22484144925706684,0.24247710600803601,0.22721771292319382,114.43026484318936,4,1.2019047796631555,169,43.83236656690404,62.06222334747862,9.143050345920662,15,0.23432736467559032,0,1.5361907633867116,1.0,4.662341351676002e-16
5,1,step,False,21,2.8435732924836863,0.07283251078665894,0.14108848787634234,2.2355014986939183,9.042044717524398,4,1.8542263553963083,21,2.9464704608905175,4.263150799757599,1.8902502288882013,2,0.2171796402954946,0,1.5361907633867116,1.0,4.662341351676002e-16
5,1,step,False,22,1.170997784687522,0.4644387797849694,0.11031236597377962,0.8321436965387609,82.5520169378254,4,1.1535871122095316,135,29.83058501371553,41.32661134980959,9.423049821765458,14,0.18070146880308768,0,1.5361907633867116,1.0,4.662341351676002e-16
5,1,step,False,23,0.7465120467117895,0.7820296645225201,0.22621884580915622,0.47678905410900263,67.49268048574271,4,1.1477873774205645,107,23.706998561935052,32.99485764915649,7.006251404453174,10,0.24492383533694626,0,1.5361907633867116,1.0,4.662341351676002e-16
5,2,step,False,0,1.1820895330230798,0.11085221578556094,0.32411163960540756,0.857374985614215,38.90297561919407,4,1.5071678897923484,67,8.997833829325096,14.898459638586948,1.7944674370949696,3,0.17342028109734886,0,1.0862509059868828,0.6216653138399124,4.953084406773111e-16
5,2,step,False,1,0.26367240428572386,0.9869816711163467,0.16539621168576113,0.22185542112478318,95.84519872031498,4,1.287746448166381,155,35.9991930611458,51.73119063456205,7.937427473803956,13,0.23877103077068282,0,1.0862509059868828,0.6216653138399124,4.953084406773111e-16
5,2,step,False,2,1.4340599023864413,0.2339685954547465,0.174592190100755,1.158405486237627,55.98291989849718,4,1.3553777963333264,95,15.359927503337051,22.560961765898536,5.721854466610058,9,0.1208515968561711,0,1.0862509059868828,0.6216653138399124,4.953084406773111e-16
5,2,step,False,3,2.0354935116480677,0.24502240690386576,0.05406743463390932,1.7285146722177454,33.44533630616429,4,1.4575318171354017,57,9.404810933867706,12.931469237265873,4.256156361404454,6,0.21282682814933254,0,1.0862509059868828,0.6216653138399124,4.953084406773111e-16
5,2,step,False,4,1.71708545598336,0.30298782372108474,0.10099193842856587,1.3571937829292102,60.11580097272275,4,1.2389011314110931,99,17.085964418269445,22.16794549374997,8.084689505960414,15,0.12804979198577948,0,1.0862509059868828,0.6216653138399124,4.953084406773111e-16
5,2,step,False,5,1.1181558309160755,0.1740631957366529,0.08198948536465712,0.7935726957298979,61.19777099850654,4,1.4314713500216605,105,21.643700193582244,28.364547234114074,4.965543066863961,10,0.13196274663101762,0,1.0862509059868828,0.6216653138399124,4.953084406773111e-16
5,2,step,False,6,0.6253378024127711,0.2973969904686754,0.0994278080918958,0.4892243965605667,110.0586936588459,4,1.2500789463895183,165,42.86674228934804,58.7259581517327,11.965773989537007,16,0.18190974959277054,0,1.0862509059868828,0.6216653138399124,4.953084406773111e-16
5,2,step,False,7,1.2089920649223933,0.27939041925516706,0.09013254848285365,0.9641824706292976,67.29482899156545,4,1.355290842554952,115,22.88782385620837,31.769859108511373,7.467199718937111,15,0.16030207503446048,0,1.0862509059868828,0.6216653138399124,4.953084406773111e-16
5,2,step,False,8,1.9290127460323419,0.09774911561812427,0.11002760353969786,1.4732891678458182,14.016744934235074,4,1.7009976930557105,28,3.4617972588974286,4.533654385915142,1.0,1,0.3605074270090766,0,1.0862509059868828,0.6216653138399124,4.953084406773111e-16
5,2,step,False,9,1.3537456170574012,0.2235879116529741,0.01697244973965534,1.04435512009004,73.0190906692872,4,1.3651017948003297,121,18.02278062615582,26.375562342270168,5.066774719587965,7,0.17464830976316992,0,1.0862509059868828,0.6216653138399124,4.953084406773111e-16
5,2,step,False,10,1.0134078727473856,0.1446635188739501,0.1575940360127539,0.7596442934490684,73.13296962220065,4,1.3820441899567106,114,26.515575256454742,36.09361520636199,6.622222818662661,12,0.13999776177739048,0,1.0862509059868828,0.6216653138399124,4.953084406773111e-16
5,2,step,False,11,2.6010207254251076,0.09866470724009885,0.11251685372823621,1.9476187491606891,17.438172763650442,4,1.8152890169892664,36,1.9338664369143461,2.395454185854567,3.7911502832457087,6,0.17615059877442088,0,1.0862509059868828,0.6216653138399124,4.953084406773111e-16
5,2,step,False,12,0.847995390281777,0.24543190513290175,0.14576423570776728,0.6044797632237658,99.09670441818193,4,1.2786510227569414,158,37.731545787454536,51.48194674493024,11.105766533506461,17,0.12287933478650695,0,1.0862509059868828,0.6216653138399124,4.953084406773111e-16
5,2,step,False,13,1.158477556120006,0.2908693516572854,0.18855795233335254,0.861497801534667,33.837397863001414,4,1.573040429892719,63,11.36906905839341,16.43202572163737,1.6317218464138068,3,0.2555375431338873,0,1.0862509059868828,0.6216653138399124,4.953084406773111e-16
5,2,step,False,14,1.6911301854914427,0.15450442427984742,0.13234764475274036,1.3948780066692326,36.99050377418594,4,1.5126754161719986,70,5.602716374616384,8.13263923952975,5.896957053487121,11,0.1646645608795656,0,1.0862509059868828,0.6216653138399124,4.953084406773111e-16
5,2,step,False,15,0.9443564653403165,0.9665887291597337,0.30536971770350596,0.5686140600774047,68.61454808951223,4,1.2549233403767515,114,26.95933825542277,40.10561104773533,5.9329785818427645,9,0.22600971661611036,0,1.0862509059868828,0.6216653138399124,4.953084406773111e-16
5,2,step,False,16,1.469340822890217,0.5450853147586505,0.059506334722753726,1.0994060958644145,67.84650810599985,4,1.4085137832519536,117,18.617208350462153,28.681565991301653,8.163089527135158,12,0.16607070764900894,0,1.0862509059868828,0.6216653138399124,4.953084406773111e-16
5,2,step,False,17,2.426100916153647,0.23759300603741557,0.13396921756337518,1.8155762674298326,30.159664122786523,4,1.3692893234626067,58,3.8918579071928168,5.291892279644082,3.3916197808589246,6,0.1379327125408271,0,1.0862509059868828,0.6216653138399124,4.953084406773111e-16
5,2,step,False,18,1.2113073977099769,0.4486681569508716,0.28248299094411533,0.7543919456706542,34.494677777760245,4,1.4694076471196909,65,11.150521623785819,16.597524997805493,2.726178758066487,3,0.27145121508324654,0,1.0862509059868828,0.6216653138399124,4.953084406773111e-16
5,2,step,False,19,0.6565585810840902,0.19973421309214132,0.16920178771608774,0.5798657723895476,94.9924857091055,4,1.1841976947545165,144,39.66703647019057,56.956261169406055,9.015826275953497,13,0.1068648658467209,0,1.0862509059868828,0.6216653138399124,4.953084406773111e-16
5,2,step,False,20,0.22818447607247358,0.12270076347410476,0.24247710600803601,0.22721771292319382,114.43026484318936,4,1.2019047796631555,169,44.45263904555001,63.63218705373273,9.143050345920662,15,0.1777419395064326,0,1.0862509059868828,0.6216653138399124,4.953084406773111e-16
5,2,step,False,21,2.8435732924836863,0.057199210083371414,0.14108848787634234,2.2355014986939183,9.042044717524398,4,1.8542263553963083,21,1.6734894229679842,2.276376327682005,1.8902502288882013,2,0.2930020587053117,0,1.0862509059868828,0.6216653138399124,4.953084406773111e-16
5,2,step,False,22,1.170997784687522,0.4948078180622243,0.11031236597377962,0.8321436965387609,82.5520169378254,4,1.1535871122095316,135,29.93098336348296,42.384757835308065,9.423049821765458,14,0.13720075120677033,0,1.0862509059868828,0.6216653138399124,4.953084406773111e-16
5,2,step,False,23,0.7465120467117895,0.635627657650077,0.22621884580915622,0.47678905410900263,67.49268048574271,4,1.1477873774205645,107,24.773600892568872,33.633445851732546,7.006251404453174,10,0.19348313060645012,0,1.0862509059868828,0.6216653138399124,4.953084406773111e-16
5,3,step,True,0,1.1820895330230798,0.11085221578556094,0.32411163960540756,0.857374985614215,38.90297561919407,4,1.5071678897923484,67,9.986762853740137,15.597514255326452,1.7944674370949696,3,0.06886438791343867,0,0.7680953816933557,0.3742469251155853,nan
5,3,step,True,1,0.26367240428572386,0.9869816711163467,0.16539621168576113,0.22185542112478318,95.84519872031498,4,1.287746448166381,155,37.520274556356256,51.97199258005169,7.937427473803956,13,0.12793929077610727,0,0.7680953816933557,0.3742469251155853,nan
5,3,step,True,2,1.4340599023864413,0.2339685954547465,0.174592190100755,1.158405486237627,55.98291989849718,4,1.3553777963333264,95,13.695333230393217,18.40209954483428,5.721854466610058,9,0.11928565277296611,0,0.7680953816933557,0.3742469251155853,nan
5,3,step,True,3,2.0354935116480677,0.24502240690386576,0.05406743463390932,1.7285146722177454,33.44533630616429,4,1.4575318171354017,57,8.263754279524388,12.229859241665942,4.256156361404454,6,0.0,1,0.7680953816933557,0.3742469251155853,nan
5,3,step,True,4,1.71708545598336,0.30298782372108474,0.10099193842856587,1.3571937829292102,60.11580097272275,4,1.2389011314110931,99,16.33720921933184,21.422934860705762,8.084689505960414,15,0.1011324142463225,0,0.7680953816933557,0.3742469251155853,nan
5,3,step,True,5,1.1181558309160755,0.1740631957366529,0.08198948536465712,0.7935726957298979,61.19777099850654,4,1.4314713500216605,105,22.35216130287959,29.641620810081427,4.965543066863961,10,0.0890225618917411,0,0.7680953816933557,0.3742469251155853,nan
5,3,step,True,6,0.6253378024127711,0.2973969904686754,0.0994278080918958,0.4892243965605667,110.0586936588459,4,1.2500789463895183,165,42.99237086140165,57.57510265067675,11.965773989537007,16,0.12515444058238487,0,0.7680953816933557,0.3742469251155853,nan
5,3,step,True,7,1.2089920649223933,0.27939041925516706,0.09013254848285365,0.9641824706292976,67.29482899156545,4,1.355290842554952,115,21.454347398886426,29.39201447935616,7.467199718937111,15,0.12405766616974133,0,0.7680953816933557,0.3742469251155853,nan
5,3,step,True,8,1.9290127460323419,0.09774911561812427,0.11002760353969786,1.4732891678458182,14.016744934235074,4,1.7009976930557105,28,3.032227492715106,3.819371888794078,1.0,1,0.27473161956276193,0,0.7680953816933557,0.3742469251155853,nan
5,3,step,True,9,1.3537456170574012,0.2235879116529741,0.01697244973965534,1.04435512009004,73.0190906692872,4,1.3651017948003297,121,18.390010037630933,24.46247666196477,5.066774719587965,7,0.0922468921934632,0,0.7680953816933557,0.3742469251155853,nan
5,3,step,True,10,1.0134078727473856,0.1446635188739501,0.1575940360127539,0.7596442934490684,73.13296962220065,4,1.3820441899567106,114,29.630627055402137,40.104851688121855,6.622222818662661,12,0.08129281030810638,0,0.7680953816933557,0.3742469251155853,nan
5,3,step,True,11,2.6010207254251076,0.09866470724009885,0.11251685372823621,1.9476187491606891,17.438172763650442,4,1.8152890169892664,36,1.9794739634095526,2.636884164163514,3.7911502832457087,6,0.1634416437322053,0,0.7680953816933557,0.3742469251155853,nan
5,3,step,True,12,0.847995390281777,0.24543190513290175,0.14576423570776728,0.6044797632237658,99.09670441818193,4,1.2786510227569414,158,38.40670237229712,49.730358198406414,11.105766533506461,17,0.08212330202596162,0,0.7680953816933557,0.3742469251155853,nan
5,3,step,True,13,1.158477556120006,0.2908693516572854,0.18855795233335254,0.861497801534667,33.837397863001414,4,1.573040429892719,63,12.948741660266496,17.66341135791364,1.6317218464138068,3,0.10888225423293367,0,0.7680953816933557,0.3742469251155853,nan
5,3,step,True,14,1.6911301854914427,0.15450442427984742,0.13234764475274036,1.3948780066692326,36.99050377418594,4,1.5126754161719986,70,5.825617589442328,8.313579166593101,5.896957053487121,11,0.1595923174427822,0,0.7680953816933557,0.3742469251155853,nan
5,3,step,True,15,0.9443564653403165,0.9665887291597337,0.30536971770350596,0.5686140600774047,68.61454808951223,4,1.2549233403767515,114,26.937672985651336,38.97265442112606,5.9329785818427645,9,0.13155959836465733,0,0.7680953816933557,0.3742469251155853,nan
5,3,step,True,16,1.469340822890217,0.5450853147586505,0.059506334722753726,1.0994060958644145,67.84650810599985,4,1.4085137832519536,117,17.027432533743184,25.83527793609015,8.163089527135158,12,0.11568174485750732,0,0.7680953816933557,0.3742469251155853,nan
5,3,step,True,17,2.426100916153647,0.23759300603741557,0.13396921756337518,1.8155762674298326,30.159664122786523,4,1.3692893234626067,58,2.6021899238358905,3.0602275098751845,3.3916197808589246,6,0.1725869889186572,0,0.7680953816933557,0.3742469251155853,nan
5,3,step,True,18,1.2113073977099769,0.4486681569508716,0.28248299094411533,0.7543919456706542,34.494677777760245,4,1.4694076471196909,65,10.698058964626435,15.737483146385346,2.726178758066487,3,0.1540174636354966,0,0.7680953816933557,0.3742469251155853,nan
5,3,step,True,19,0.6565585810840902,0.19973421309214132,0.16920178771608774,0.5798657723895476,94.9924857091055,4,1.1841976947545165,144,39.45834301026124,52.4992423891986,9.015826275953497,13,0.10855121884491463,0,0.7680953816933557,0.3742469251155853,nan
5,3,step,True,20,0.22818447607247358,0.12270076347410476,0.24247710600803601,0.22721771292319382,114.43026484318936,4,1.2019047796631555,169,42.408107344936454,57.63362300462503,9.143050345920662,15,0.06086196995812669,0,0.7680953816933557,0.3742469251155853,nan
5,3,step,True,21,2.8435732924836863,0.057199210083371414,0.14108848787634234,2.2355014986939183,9.042044717524398,4,1.8542263553963083,21,1.0,1.0,1.8902502288882013,2,0.0,1,0.7680953816933557,0.3742469251155853,nan
5,3,step,True,22,1.170997784687522,0.4948078180622243,0.11031236597377962,0.8321436965387609,82.5520169378254,4,1.1535871122095316,135,30.820147671207778,42.210304974271246,9.423049821765458,14,0.09537982468545797,0,0.7680953816933557,0.3742469251155853,nan
5,3,step,True,23,0.7465120467117895,0.635627657650077,0.22621884580915622,0.47678905410900263,67.49268048574271,4,1.1477873774205645,107,26.232455295488226,35.29452941871515,7.006251404453174,10,0.10832764526218777,0,0.7680953816933557,0.3742469251155853,nan
6,0,init,False,0,2.54098135741418,0.2852545387883963,0.10533064186017933,1.6683342527849552,17.46057952630617,4,1.27484943904016,33,nan,nan,1.5707688609171744,3,nan,0,nan,nan,nan
6,0,init,False,1,0.7412300966119058,0.10463913593942317,0.183944991524154,0.4523221269466964,58.75002316755938,4,1.3885988138108036,102,nan,nan,5.285404019393518,9,nan,0,nan,nan,nan
6,0,init,False,2,0.2768699161868602,0.18471010012108702,0.45106349745289104,0.341659833482148,59.861531152866775,4,1.334131016019222,107,nan,nan,3.6135148768569545,7,nan,0,nan,nan,nan
6,0,init,False,3,0.49089716394589106,0.8065435945831182,0.3314081102594584,0.25780268821821556,84.03306920488411,4,1.2510632781073787,137,nan,nan,7.5079317861965365,12,nan,0,nan,nan,nan
6,0,init,False,4,0.9705931967434145,0.2470729061031442,0.3649086750788676,0.4583565544637617,19.762615612563682,4,1.2898079726077678,47,nan,nan,1.7722303826509713,3,nan,0,nan,nan,nan
6,0,init,False,5,1.595701416217555,0.49942690763107767,0.053804243093254184,0.811757240337845,75.81195041346109,4,1.48316733780218,126,nan,nan,8.683883983667194,13,nan,0,nan,nan,nan
6,0,init,False,6,1.5853100652539636,0.31644187443691807,0.14833105598803048,0.7215622322955737,53.4790893985892,4,1.3239819964929083,95,nan,nan,6.824192415075044,10,nan,0,nan,nan,nan
6,0,init,False,7,0.4018957436714012,0.8326814268884501,0.5315990105554131,0.2722467318637011,96.64326979807032,4,1.184094946286352,153,nan,nan,7.785684768423504,14,nan,0,nan,nan,nan
6,0,init,False,8,1.2700049529393447,0.1572882743086008,0.12967084321444497,0.6850481526632658,42.525822798838774,4,1.3911741521780545,73,nan,nan,6.152960032333694,10,nan,0,nan,nan,nan
6,0,init,False,9,1.396706319763929,0.17450113840275797,0.08502041075510425,0.773700771507764,71.97134862060662,4,1.170680791268743,118,nan,nan,6.3560974621213,10,nan,0,nan,nan,nan
6,0,init,False,10,0.7169159324718162,0.11125246819770705,0.1751292513448041,0.39889246314504756,115.49336898557972,4,1.2014671291458443,171,nan,nan,12.014032437350073,18,nan,0,nan,nan,nan
6,0,init,False,11,2.103429569382233,0.30510938178240826,0.14969814237956675,1.1211936545110492,48.80161383275155,4,1.3789303085189457,88,nan,nan,3.652919025358841,7,nan,0,nan,nan,nan
6,0,init,False,12,1.470954417908997,0.13608546850884135,0.04885071827081233,0.8343803663590249,75.62404581090895,4,1.283627964475052,117,nan,nan,9.674800531408897,13,nan,0,nan,nan,nan
6,0,init,False,13,1.388642514644572,0.31669562642493865,0.11153576650856575,0.7809233377273139,40.89857424422631,4,1.2771140316097331,72,nan,nan,4.969304980772916,9,nan,0,nan,nan,nan
6,0,init,False,14,3.7373453800473535,0.05313389345617949,0.10974758732324526,2.460869903507289,2.7073364238549575,4,4.564046198290462,8,nan,nan,1.0780156009349202,2,nan,0,nan,nan,nan
6,0,init,False,15,0.40616906286920945,0.4843564406145683,0.43286249733228066,0.4135643299208524,50.47056557527236,4,1.434244672769924,91,nan,nan,4.772681843895281,8,nan,0,nan,nan,nan
6,0,init,False,16,0.3890029855377656,0.7275201767740852,0.1816422785489786,0.3081396337178968,122.0736781920817,4,1.2172174899420798,178,nan,nan,10.005544733140766,17,nan,0,nan,nan,nan
6,0,init,False,17,2.1699025667912704,0.24861771830031867,0.18857348268746224,1.2575505083726142,36.98537468571456,4,1.4482690910673952,70,nan,nan,4.6394777238490486,7,nan,0,nan,nan,nan
6,0,init,False,18,2.1977118582756474,0.16771376173112146,0.263495552965022,1.1995074475134946,16.87004217402684,4,1.443738741870929,33,nan,nan,1.5765211707915592,2,nan,0,nan,nan,nan
6,0,init,False,19,0.8905675226758757,0.2224820886410452,0.07690053708953833,0.5973469299301543,79.6001769273492,4,1.2791646380629778,128,nan,nan,8.9860086112394,12,nan,0,nan,nan,nan
6,0,init,False,20,1.1310230282852698,0.30839596750612064,0.13668771394466506,0.6302446691925783,74.3621311687393,4,1.4697135649056174,122,nan,nan,8.971365031985105,14,nan,0,nan,nan,nan
6,0,init,False,21,2.0401207972277002,0.09211021123325613,0.10018629607509964,1.1638306853755096,56.20392719180741,4,1.334272943232875,93,nan,nan,6.606932107516386,11,nan,0,nan,nan,nan
6,0,init,False,22,0.9210253947734512,0.8145503342243362,0.12253753551768862,0.5248899521282914,64.23113255828872,4,1.2918368917104768,104,nan,nan,6.627964564082944,9,nan,0,nan,nan,nan
6,0,init,False,23,1.5776915231880368,0.3062621658919216,0.06722009441184132,0.9423351722465786,75.37873253565283,4,1.217459543327222,119,nan,nan,4.871763050037941,8,nan,0,nan,nan,nan
6,1,step,False,0,2.54098135741418,0.5750229994137321,0.10533064186017933,1.6683342527849552,17.46057952630617,4,1.27484943904016,33,4.56212628291968,5.674297662226074,1.5707688609171744,3,0.1606829090198505,0,1.6273409581129943,1.0,4.0635028321544732e-16
6,1,step,False,1,0.7412300966119058,0.2547961021197893,0.183944991524154,0.4523221269466964,58.75002316755938,4,1.3885988138108036,102,15.36275977580894,21.212459869668514,5.285404019393518,9,0.18475396525530233,0,1.6273409581129943,1.0,4.0635028321544732e-16
6,1,step,False,2,0.2768699161868602,0.1615844282461469,0.45106349745289104,0.341659833482148,59.861531152866775,4,1.334131016019222,107,16.83259370480924,24.677812307732694,3.6135148768569545,7,0.26599360374930353,0,1.6273409581129943,1.0,4.0635028321544732e-16
6,1,step,False,3,0.49089716394589106,0.7913903518897459,0.3314081102594584,0.25780268821821556,84.03306920488411,4,1.2510632781073787,137,26.58959450332477,36.08096288938939,7.5079317861965365,12,0.27340689295185194,0,1.6273409581129943,1.0,4.0635028321544732e-16
6,1,step,False,4,0.9705931967434145,0.2951122803376807,0.3649086750788676,0.4583565544637617,19.762615612563682,4,1.2898079726077678,47,4.038392606080533,5.0076918234151195,1.7722303826509713,3,0.2656064410705361,0,1.6273409581129943,1.0,4.0635028321544732e-16
6,1,step,False,5,1.595701416217555,0.611887561186692,0.053804243093254184,0.811757240337845,75.81195041346109,4,1.48316733780218,126,23.96852315630904,33.80458412771796,8.683883983667194,13,0.26762283021445116,0,1.6273409581129943,1.0,4.0635028321544732e-16
6,1,step,False,6,1.5853100652539636,0.4327992606541788,0.14833105598803048,0.7215622322955737,53.4790893985892,4,1.3239819964929083,95,13.618710527794772,19.98800139924261,6.824192415075044,10,0.2714496115935847,0,1.6273409581129943,1.0,4.0635028321544732e-16
6,1,step,False,7,0.4018957436714012,0.8415924052208539,0.5315990105554131,0.2722467318637011,96.64326979807032,4,1.184094946286352,153,35.1861851967134,46.97883811133255,7.785684768423504,14,0.25795229396604086,0,1.6273409581129943,1.0,4.0635028321544732e-16
6,1,step,False,8,1.2700049529393447,0.07779088575761132,0.12967084321444497,0.6850481526632658,42.525822798838774,4,1.3911741521780545,73,12.732039682213614,20.480168688471355,6.152960032333694,10,0.2534798910853848,0,1.6273409581129943,1.0,4.0635028321544732e-16
6,1,step,False,9,1.396706319763929,0.3194855151803232,0.08502041075510425,0.773700771507764,71.97134862060662,4,1.170680791268743,118,25.155465580470995,33.63605214959357,6.3560974621213,10,0.260641244184938,0,1.6273409581129943,1.0,4.0635028321544732e-16
6,1,step,False,10,0.7169159324718162,0.21691695136973915,0.1751292513448041,0.39889246314504756,115.49336898557972,4,1.2014671291458443,171,49.35571960074817,67.07116552927494,12.014032437350073,18,0.27978733983304577,0,1.6273409581129943,1.0,4.0635028321544732e-16
6,1,step,False,11,2.103429569382233,0.4482742795759792,0.14969814237956675,1.1211936545110492,48.80161383275155,4,1.3789303085189457,88,14.519322894768052,19.3033197375298,3.652919025358841,7,0.2654485011915608,0,1.6273409581129943,1.0,4.0635028321544732e-16
6,1,step,False,12,1.470954417908997,0.10761022749759032,0.04885071827081233,0.8343803663590249,75.62404581090895,4,1.283627964475052,117,25.79336491686083,38.79039582110543,9.674800531408897,13,0.2949889377368447,0,1.6273409581129943,1.0,4.0635028321544732e-16
6,1,step,False,13,1.388642514644572,0.24723438174595191,0.11153576650856575,0.7809233377273139,40.89857424422631,4,1.2771140316097331,72,10.016672991582903,13.1215986348465,4.969304980772916,9,0.262750057459253,0,1.6273409581129943,1.0,4.0635028321544732e-16
6,1,step,False,14,3.7373453800473535,0.07958542073986741,0.10974758732324526,2.460869903507289,2.7073364238549575,4,4.564046198290462,8,1.029148248488495,1.0582470091303795,1.0780156009349202,2,0.0718153776369851,0,1.6273409581129943,1.0,4.0635028321544732e-16
6,1,step,False,15,0.40616906286920945,0.6195106038778434,0.43286249733228066,0.4135643299208524,50.47056557527236,4,1.434244672769924,91,12.403690647773246,18.229232119301496,4.772681843895281,8,0.21987887798910058,0,1.6273409581129943,1.0,4.0635028321544732e-16
6,1,step,False,16,0.3890029855377656,0.6826300059811726,0.1816422785489786,0.3081396337178968,122.0736781920817,4,1.2172174899420798,178,48.173609060085724,69.33492169693001,10.005544733140766,17,0.28267122976556924,0,1.6273409581129943,1.0,4.0635028321544732e-16
6,1,step,False,17,2.1699025667912704,0.42754600578243146,0.18857348268746224,1.2575505083726142,36.98537468571456,4,1.4482690910673952,70,8.755496127665829,12.896568378973392,4.6394777238490486,7,0.24013955417065877,0,1.6273409581129943,1.0,4.0635028321544732e-16
6,1,step,False,18,2.1977118582756474,0.09420612577199997,0.263495552965022,1.1995074475134946,16.87004217402684,4,1.443738741870929,33,5.036642953042845,6.2376054455124255,1.5765211707915592,2,0.30611835426286016,0,1.6273409581129943,1.0,4.0635028321544732e-16
6,1,step,False,19,0.8905675226758757,0.3900600963004371,0.07690053708953833,0.5973469299301543,79.6001769273492,4,1.2791646380629778,128,30.213062681903562,42.1425408445288,8.9860086112394,12,0.25991281828590124,0,1.6273409581129943,1.0,4.0635028321544732e-16
6,1,step,False,20,1.1310230282852698,0.45923124451720526,0.13668771394466506,0.6302446691925783,74.3621311687393,4,1.4697135649056174,122,25.350055972965464,34.337063368970774,8.971365031985105,14,0.2513318778182268,0,1.6273409581129943,1.0,4.0635028321544732e-16
6,1,step,False,21,2.0401207972277002,0.10965232243041405,0.10018629607509964,1.1638306853755096,56.20392719180741,4,1.334272943232875,93,17.60425583224027,23.710192275256475,6.606932107516386,11,0.05651144553365361,0,1.6273409581129943,1.0,4.0635028321544732e-16
6,1,step,False,22,0.9210253947734512,0.7621195221724354,0.12253753551768862,0.5248899521282914,64.23113255828872,4,1.2918368917104768,104,23.935624294868877,31.737084635556386,6.627964564082944,9,0.2610578408476709,0,1.6273409581129943,1.0,4.0635028321544732e-16
6,1,step,False,23,1.5776915231880368,0.40921728070165764,0.06722009441184132,0.9423351722465786,75.37873253565283,4,1.217459543327222,119,29.76694276056097,41.88065224055272,4.871763050037941,8,0.2776788363629105,0,1.6273409581129943,1.0,4.0635028321544732e-16
6,2,step,True,0,2.54098135741418,0.5750229994137321,0.10533064186017933,1.6683342527849552,17.46057952630617,4,1.27484943904016,33,3.676135660689848,4.2009326950642984,1.5707688609171744,3,0.21472617242778438,0,1.1507038267843115,0.6144198328256607,nan
6,2,step,True,1,0.7412300966119058,0.2547961021197893,0.183944991524154,0.4523221269466964,58.75002316755938,4,1.3885988138108036,102,15.554089795259875,20.843085356791413,5.285404019393518,9,0.08480217330091226,0,1.1507038267843115,0.6144198328256607,nan
6,2,step,True,2,0.2768699161868602,0.1615844282461469,0.45106349745289104,0.341659833482148,59.861531152866775,4,1.334131016019222,107,19.371967879225544,27.66587956910328,3.6135148768569545,7,0.15832273538710956,0,1.1507038267843115,0.6144198328256607,nan
6,2,step,True,3,0.49089716394589106,0.7913903518897459,0.3314081102594584,0.25780268821821556,84.03306920488411,4,1.2510632781073787,137,28.955547068244403,39.18508306880441,7.5079317861965365,12,0.30106463581564963,0,1.1507038267843115,0.6144198328256607,nan
6,2,step,True,4,0.9705931967434145,0.2951122803376807,0.3649086750788676,0.4583565544637617,19.762615612563682,4,1.2898079726077678,47,4.13516023894165,5.563040812567341,1.7722303826509713,3,0.21543761726445046,0,1.1507038267843115,0.6144198328256607,nan
6,2,step,True,5,1.595701416217555,0.611887561186692,0.053804243093254184,0.811757240337845,75.81195041346109,4,1.48316733780218,126,22.511311263346478,29.86788955886839,8.683883983667194,13,0.14788262615923467,0,1.1507038267843115,0.6144198328256607,nan
6,2,step,True,6,1.5853100652539636,0.4327992606541788,0.14833105598803048,0.7215622322955737,53.4790893985892,4,1.3239819964929083,95,15.697150016633222,22.172853348855096,6.824192415075044,10,0.1522864825248579,0,1.1507038267843115,0.6144198328256607,nan
6,2,step,True,7,0.4018957436714012,0.8415924052208539,0.5315990105554131,0.2722467318637011,96.64326979807032,4,1.184094946286352,153,38.37623505161381,51.14516580923713,7.785684768423504,14,0.11653166888266096,0,1.1507038267843115,0.6144198328256607,nan
6,2,step,True,8,1.2700049529393447,0.07779088575761132,0.12967084321444497,0.6850481526632658,42.525822798838774,4,1.3911741521780545,73,14.044269535166416,21.797960988414435,6.152960032333694,10,0.1687027158565948,0,1.1507038267843115,0.6144198328256607,nan
6,2,step,True,9,1.396706319763929,0.3194855151803232,0.08502041075510425,0.773700771507764,71.97134862060662,4,1.170680791268743,118,25.48881438673496,34.20039555222673,6.3560974621213,10,0.11881587629871503,0,1.1507038267843115,0.6144198328256607,nan
6,2,step,True,10,0.7169159324718162,0.21691695136973915,0.1751292513448041,0.39889246314504756,115.49336898557972,4,1.2014671291458443,171,47.10054836960188,63.1075707935019,12.014032437350073,18,0.17523449990061135,0,1.1507038267843115,0.6144198328256607,nan
6,2,step,True,11,2.103429569382233,0.4482742795759792,0.14969814237956675,1.1211936545110492,48.80161383275155,4,1.3789303085189457,88,13.196032604673487,17.28078001309695,3.652919025358841,7,0.1268582132748201,0,1.1507038267843115,0.6144198328256607,nan
6,2,step,True,12,1.470954417908997,0.10761022749759032,0.04885071827081233,0.8343803663590249,75.62404581090895,4,1.283627964475052,117,25.75816072986976,37.50649500322687,9.674800531408897,13,0.12092128755881723,0,1.1507038267843115,0.6144198328256607,nan
6,2,step,True,13,1.388642514644572,0.24723438174595191,0.11153576650856575,0.7809233377273139,40.89857424422631,4,1.2771140316097331,72,10.010910062314332,12.987969085127585,4.969304980772916,9,0.10921425198858346,0,1.1507038267843115,0.6144198328256607,nan
6,2,step,True,14,3.7373453800473535,0.07958542073986741,0.10974758732324526,2.460869903507289,2.7073364238549575,4,4.564046198290462,8,1.0,1.0,1.0780156009349202,2,0.0,1,1.1507038267843115,0.6144198328256607,nan
6,2,step,True,15,0.40616906286920945,0.6195106038778434,0.43286249733228066,0.4135643299208524,50.47056557527236,4,1.434244672769924,91,13.400100751568937,21.12464178498506,4.772681843895281,8,0.28075373677073806,0,1.1507038267843115,0.6144198328256607,nan
6,2,step,True,16,0.3890029855377656,0.6826300059811726,0.1816422785489786,0.3081396337178968,122.0736781920817,4,1.2172174899420798,178,48.43464763933582,68.64877625572518,10.005544733140766,17,0.1408460756539879,0,1.1507038267843115,0.6144198328256607,nan
6,2,step,True,17,2.1699025667912704,0.42754600578243146,0.18857348268746224,1.2575505083726142,36.98537468571456,4,1.4482690910673952,70,8.45041803296391,11.424449144255652,4.6394777238490486,7,0.10714087043913277,0,1.1507038267843115,0.6144198328256607,nan
6,2,step,True,18,2.1977118582756474,0.09420612577199997,0.263495552965022,1.1995074475134946,16.87004217402684,4,1.443738741870929,33,4.5384082434943425,4.964974486390153,1.5765211707915592,2,0.15219083498247984,0,1.1507038267843115,0.6144198328256607,nan
6,2,step,True,19,0.8905675226758757,0.3900600963004371,0.07690053708953833,0.5973469299301543,79.6001769273492,4,1.2791646380629778,128,27.611109034750708,38.001658238114274,8.9860086112394,12,0.13514385363236758,0,1.1507038267843115,0.6144198328256607,nan
6,2,step,True,20,1.1310230282852698,0.45923124451720526,0.13668771394466506,0.6302446691925783,74.3621311687393,4,1.4697135649056174,122,25.103001908899415,33.6340070244866,8.971365031985105,14,0.16064708029785046,0,1.1507038267843115,0.6144198328256607,nan
6,2,step,True,21,2.0401207972277002,0.10965232243041405,0.10018629607509964,1.1638306853755096,56.20392719180741,4,1.334272943232875,93,13.839805422766299,18.441936473780153,6.606932107516386,11,0.0,1,1.1507038267843115,0.6144198328256607,nan
6,2,step,True,22,0.9210253947734512,0.7621195221724354,0.12253753551768862,0.5248899521282914,64.23113255828872,4,1.2918368917104768,104,27.058401632693897,36.99120395317021,6.627964564082944,9,0.25950676795887606,0,1.1507038267843115,0.6144198328256607,nan
6,2,step,True,23,1.5776915231880368,0.40921728070165764,0.06722009441184132,0.9423351722465786,75.37873253565283,4,1.217459543327222,119,26.687781698931005,36.6332187940279,4.871763050037941,8,0.1369424425481359,0,1.1507038267843115,0.6144198328256607,nan
7,0,init,False,0,1.695893548209062,0.19760119975635204,0.19525904343548456,0.9573948863427433,53.465993280249634,4,1.2472880042483732,97,nan,nan,4.120287888145276,8,nan,0,nan,nan,nan
7,0,init,False,1,2.2857085843603824,0.25398129838684497,0.08816563490338374,1.407207050863268,33.80790741579857,4,1.3955810576463779,68,nan,nan,2.9810949166534595,5,nan,0,nan,nan,nan
7,0,init,False,2,0.7496180157712998,0.3977528924486837,0.22128192646225855,0.5188666530424966,102.02524851658946,4,1.2462523477289515,158,nan,nan,9.07717937305417,14,nan,0,nan,nan,nan
7,0,init,False,3,0.7321385464267546,0.8215721156665076,0.43061914756824915,0.4566342126644743,78.43110798093267,4,1.266839737976448,118,nan,nan,8.328805409891904,15,nan,0,nan,nan,nan
7,0,init,False,4,1.3432311769705663,0.12702639906825688,0.022440461770385334,0.9259020799765998,75.99552897688298,4,1.1526094094761743,130,nan,nan,8.62452127794918,14,nan,0,nan,nan,nan
7,0,init,False,5,2.5599472376981836,0.29465960764221066,0.12059792129482677,1.516949512907638,24.62584607685912,4,1.7856351223096008,46,nan,nan,4.010151818914064,6,nan,0,nan,nan,nan
7,0,init,False,6,2.5719546876022785,0.18098966183918358,0.0803887352418024,1.6257582648923694,25.886473484609475,4,1.3148413721217607,49,nan,nan,3.402165135515465,5,nan,0,nan,nan,nan
7,0,init,False,7,0.5562056173718655,0.9320531458282262,0.20872328781321825,0.3844420441868076,109.16931197286914,4,1.204066454109447,169,nan,nan,11.45044705075708,14,nan,0,nan,nan,nan
7,0,init,False,8,0.18965584778829725,0.9992073583735466,0.9143077372142385,0.22116256011098753,78.52859213405438,4,1.3153045139270814,121,nan,nan,9.34625701013372,14,nan,0,nan,nan,nan
7,0,init,False,9,1.7902645027757145,0.18056313175674044,0.20414307758733768,1.1345627468432873,30.051260915893067,4,1.5234981204062745,62,nan,nan,1.965315136448519,2,nan,0,nan,nan,nan
7,0,init,False,10,1.8688287133032908,0.12826986063509085,0.10160294257412553,1.164129773233636,13.875457717056847,4,1.5335676978780175,32,nan,nan,1.7723265200975988,4,nan,0,nan,nan,nan
7,0,init,False,11,1.798904448533471,0.10723916094572564,0.06039189156360905,1.01696113752201,22.526533495044212,4,1.4991487356783237,45,nan,nan,2.1093531614939183,3,nan,0,nan,nan,nan
7,0,init,False,12,1.656085565633077,0.5800198143945501,0.2418351852356281,0.9201230880504457,66.52874753848387,4,1.4668885675408487,111,nan,nan,3.0107832217690316,9,nan,0,nan,nan,nan
7,0,init,False,13,1.4164375940140463,0.5066258408982577,0.12684618222524793,0.8454071957022431,49.903785347071945,4,1.4397238092834648,87,nan,nan,5.009603394929374,8,nan,0,nan,nan,nan
7,0,init,False,14,0.9095282557893342,0.8394638739913507,0.5823441853318562,0.5919228099474745,25.982990440588615,4,1.8809392902878954,46,nan,nan,1.7702377377974834,3,nan,0,nan,nan,nan
7,0,init,False,15,0.979959092698329,0.22887891561579868,0.12345671530436549,0.6714650101740443,100.22869046624908,4,1.1588893870320889,154,nan,nan,10.158665906413292,13,nan,0,nan,nan,nan
7,0,init,False,16,0.6074272708457642,0.13050361254950205,0.15945736630496915,0.4085003650284757,114.58790735195603,4,1.2143450195914391,171,nan,nan,9.772091467122381,15,nan,0,nan,nan,nan
7,0,init,False,17,0.7090745349758502,0.9771185469408791,0.28245151927795586,0.5006839274000127,91.91038893568631,4,1.2310369715249714,147,nan,nan,9.667013588058174,16,nan,0,nan,nan,nan
7,0,init,False,18,1.6675110350894953,0.012239868407160348,0.05872379568227734,1.0925690653641356,63.257256614165854,4,1.2209103837488429,107,nan,nan,7.630103670082665,13,nan,0,nan,nan,nan
7,0,init,False,19,0.9835998101561569,0.17368073660932412,0.132463352024765,0.6627376854633845,95.24671985369999,4,1.1657662482924642,146,nan,nan,9.929635925404824,12,nan,0,nan,nan,nan
7,0,init,False,20,1.3118515925786611,0.159864428644392,0.08429378441610243,0.9235690947304813,32.39522492289318,4,1.297573357104855,59,nan,nan,4.583855728582646,7,nan,0,nan,nan,nan
7,0,init,False,21,2.4897466425669204,0.17401827659164806,0.1589147823289075,1.7721822389908501,12.877475319551785,4,1.6628685030494748,28,nan,nan,1.213309395418206,2,nan,0,nan,nan,nan
7,0,init,False,22,0.5277176915553676,0.9117642739501074,0.37647377676361277,0.3747600967617925,109.47356309689263,4,1.2290279960899777,170,nan,nan,9.514466384682287,13,nan,0,nan,nan,nan
7,0,init,False,23,2.43209115517156,0.20383107744827544,0.08425974037642406,1.4524038013586822,29.217988145921435,4,1.4840626442287876,55,nan,nan,4.552328880685266,7,nan,0,nan,nan,nan
7,1,step,False,0,1.695893548209062,0.311454138992451,0.19525904343548456,0.9573948863427433,53.465993280249634,4,1.2472880042483732,97,15.507996359957538,23.645960967002807,4.120287888145276,8,0.37406678977334545,0,1.6605951643384131,1.0,2.7867991079411594e-16
7,1,step,False,1,2.2857085843603824,0.24598938900842887,0.08816563490338374,1.407207050863268,33.80790741579857,4,1.3955810576463779,68,6.521452823460307,10.042722663536358,2.9810949166534595,5,0.3885888384645118,0,1.6605951643384131,1.0,2.7867991079411594e-16
7,1,step,False,2,0.7496180157712998,0.2905163249961808,0.22128192646225855,0.5188666530424966,102.02524851658946,4,1.2462523477289515,158,34.97049595842469,45.117098805605764,9.07717937305417,14,0.3638827581490654,0,1.6605951643384131,1.0,2.7867991079411594e-16
7,1,step,False,3,0.7321385464267546,0.8577659258903048,0.43061914756824915,0.4566342126644743,78.43110798093267,4,1.266839737976448,118,26.15095431798394,36.65837000379006,8.328805409891904,15,0.3014676291334727,0,1.6605951643384131,1.0,2.7867991079411594e-16
7,1,step,False,4,1.3432311769705663,0.12491588010722797,0.022440461770385334,0.9259020799765998,75.99552897688298,4,1.1526094094761743,130,24.44210631248285,34.81996011635408,8.62452127794918,14,0.22877826042182076,0,1.6605951643384131,1.0,2.7867991079411594e-16
7,1,step,False,5,2.5599472376981836,0.2541849580778889,0.12059792129482677,1.516949512907638,24.62584607685912,4,1.7856351223096008,46,5.357523042615443,8.406724959483544,4.010151818914064,6,0.39688281965236355,0,1.6605951643384131,1.0,2.7867991079411594e-16
7,1,step,False,6,2.5719546876022785,0.20419436945208477,0.0803887352418024,1.6257582648923694,25.886473484609475,4,1.3148413721217607,49,7.442089797589687,11.60852096269116,3.402165135515465,5,0.23307118606932103,0,1.6605951643384131,1.0,2.7867991079411594e-16
7,1,step,False,7,0.5562056173718655,0.9582968445190472,0.20872328781321825,0.3844420441868076,109.16931197286914,4,1.204066454109447,169,44.71463294585974,61.689432715257816,11.45044705075708,14,0.23460753621204827,0,1.6605951643384131,1.0,2.7867991079411594e-16
7,1,step,False,8,0.18965584778829725,0.9997761664299402,0.9143077372142385,0.22116256011098753,78.52859213405438,4,1.3153045139270814,121,23.813398992061803,33.90219620912647,9.34625701013372,14,0.23883408377139204,0,1.6605951643384131,1.0,2.7867991079411594e-16
7,1,step,False,9,1.7902645027757145,0.08032516943770539,0.20414307758733768,1.1345627468432873,30.051260915893067,4,1.5234981204062745,62,7.457892022467633,11.932053152406091,1.965315136448519,2,0.3888857165794904,0,1.6605951643384131,1.0,2.7867991079411594e-16
7,1,step,False,10,1.8688287133032908,0.3753766626567839,0.10160294257412553,1.164129773233636,13.875457717056847,4,1.5335676978780175,32,2.8772665735759375,4.694833760672325,1.7723265200975988,4,0.35064620531268786,0,1.6605951643384131,1.0,2.7867991079411594e-16
7,1,step,False,11,1.798904448533471,0.1536089012378809,0.06039189156360905,1.01696113752201,22.526533495044212,4,1.4991487356783237,45,5.78007146162151,7.526320493440781,2.1093531614939183,3,0.0971594912077768,0,1.6605951643384131,1.0,2.7867991079411594e-16
7,1,step,False,12,1.656085565633077,0.7221898535259317,0.2418351852356281,0.9201230880504457,66.52874753848387,4,1.4668885675408487,111,22.07633146972727,31.83853491192256,3.0107832217690316,9,0.17653104329514832,0,1.6605951643384131,1.0,2.7867991079411594e-16
7,1,step,False,13,1.4164375940140463,0.5734727414819673,0.12684618222524793,0.8454071957022431,49.903785347071945,4,1.4397238092834648,87,9.722569566055254,14.735965812203196,5.009603394929374,8,0.28722307777454353,0,1.6605951643384131,1.0,2.7867991079411594e-16
7,1,step,False,14,0.9095282557893342,0.9255610495332481,0.5823441853318562,0.5919228099474745,25.982990440588615,4,1.8809392902878954,46,7.198143495626002,10.72591774988459,1.7702377377974834,3,0.09556886992556272,0,1.6605951643384131,1.0,2.7867991079411594e-16
7,1,step,False,15,0.979959092698329,0.10778773854559921,0.12345671530436549,0.6714650101740443,100.22869046624908,4,1.1588893870320889,154,38.69873344675015,53.853702182277424,10.158665906413292,13,0.36041903004657344,0,1.6605951643384131,1.0,2.7867991079411594e-16
7,1,step,False,16,0.6074272708457642,0.03973906596015466,0.15945736630496915,0.4085003650284757,114.58790735195603,4,1.2143450195914391,171,48.0641338327472,67.445561422251,9.772091467122381,15,0.36289227545928326,0,1.6605951643384131,1.0,2.7867991079411594e-16
7,1,step,False,17,0.7090745349758502,0.988320587459614,0.28245151927795586,0.5006839274000127,91.91038893568631,4,1.2310369715249714,147,30.956332724561626,42.95449234441716,9.667013588058174,16,0.1744125897703304,0,1.6605951643384131,1.0,2.7867991079411594e-16
7,1,step,False,18,1.6675110350894953,0.08846798836385326,0.05872379568227734,1.0925690653641356,63.257256614165854,4,1.2209103837488429,107,18.308987459315652,24.98037696756598,7.630103670082665,13,0.22762246401119013,0,1.6605951643384131,1.0,2.7867991079411594e-16
7,1,step,False,19,0.9835998101561569,0.07119171340552809,0.132463352024765,0.6627376854633845,95.24671985369999,4,1.1657662482924642,146,38.0516721386496,53.05114956342134,9.929635925404824,12,0.35953397830422723,0,1.6605951643384131,1.0,2.7867991079411594e-16
7,1,step,False,20,1.3118515925786611,0.17042683324438107,0.08429378441610243,0.9235690947304813,32.39522492289318,4,1.297573357104855,59,9.105175267293191,13.6607547925201,4.583855728582646,7,0.2301402969512445,0,1.6605951643384131,1.0,2.7867991079411594e-16
7,1,step,False,21,2.4897466425669204,0.23435189022938627,0.1589147823289075,1.7721822389908501,12.877475319551785,4,1.6628685030494748,28,2.8940313917716844,3.8037747892889238,1.213309395418206,2,0.34570757570248617,0,1.6605951643384131,1.0,2.7867991079411594e-16
7,1,step,False,22,0.5277176915553676,0.9605078293751577,0.37647377676361277,0.3747600967617925,109.47356309689263,4,1.2290279960899777,170,41.3399474802764,56.28471301796256,9.514466384682287,13,0.29718518597630444,0,1.6605951643384131,1.0,2.7867991079411594e-16
7,1,step,False,23,2.43209115517156,0.26350179557184655,0.08425974037642406,1.4524038013586822,29.217988145921435,4,1.4840626442287876,55,8.548061119125059,13.752532896366455,4.552328880685266,7,0.40465441342566233,0,1.6605951643384131,1.0,2.7867991079411594e-16
7,2,step,False,0,1.695893548209062,0.196063488552742,0.19525904343548456,0.9573948863427433,53.465993280249634,4,1.2472880042483732,97,12.635172690493821,17.846363453180665,4.120287888145276,8,0.3335291989985749,0,1.1742181015092812,0.6087003946304321,9.441495258680123e-16
7,2,step,False,1,2.2857085843603824,0.18123083089136394,0.08816563490338374,1.407207050863268,33.80790741579857,4,1.3955810576463779,68,6.521151381918785,9.193787447026194,2.9810949166534595,5,0.1891671326606408,0,1.1742181015092812,0.6087003946304321,9.441495258680123e-16
7,2,step,False,2,0.7496180157712998,0.41294918285584675,0.22128192646225855,0.5188666530424966,102.02524851658946,4,1.2462523477289515,158,36.334613932287475,48.754416457948984,9.07717937305417,14,0.18027524390844132,0,1.1742181015092812,0.6087003946304321,9.441495258680123e-16
7,2,step,False,3,0.7321385464267546,0.7821007766465115,0.43061914756824915,0.4566342126644743,78.43110798093267,4,1.266839737976448,118,28.678186864014616,39.33611434885403,8.328805409891904,15,0.17585898739304223,0,1.1742181015092812,0.6087003946304321,9.441495258680123e-16
7,2,step,False,4,1.3432311769705663,0.1551072471196489,0.022440461770385334,0.9259020799765998,75.99552897688298,4,1.1526094094761743,130,19.778732967704208,25.264556710246527,8.62452127794918,14,0.16637711104290576,0,1.1742181015092812,0.6087003946304321,9.441495258680123e-16
7,2,step,False,5,2.5599472376981836,0.27941401127604865,0.12059792129482677,1.516949512907638,24.62584607685912,4,1.7856351223096008,46,4.546544064248198,7.132256787059121,4.010151818914064,6,0.22254254616202057,0,1.1742181015092812,0.6087003946304321,9.441495258680123e-16
7,2,step,False,6,2.5719546876022785,0.22473375555814837,0.0803887352418024,1.6257582648923694,25.886473484609475,4,1.3148413721217607,49,5.688650127375278,8.050812561800663,3.402165135515465,5,0.170687301448189,0,1.1742181015092812,0.6087003946304321,9.441495258680123e-16
7,2,step,False,7,0.5562056173718655,0.8903337777237208,0.20872328781321825,0.3844420441868076,109.16931197286914,4,1.204066454109447,169,45.80977444422243,61.39003821621476,11.45044705075708,14,0.16667266614060292,0,1.1742181015092812,0.6087003946304321,9.441495258680123e-16
7,2,step,False,8,0.18965584778829725,0.9861881333530657,0.9143077372142385,0.22116256011098753,78.52859213405438,4,1.3153045139270814,121,27.606667990293992,39.575059211252054,9.34625701013372,14,0.17180491297450554,0,1.1742181015092812,0.6087003946304321,9.441495258680123e-16
7,2,step,False,9,1.7902645027757145,0.07212089316124837,0.20414307758733768,1.1345627468432873,30.051260915893067,4,1.5234981204062745,62,7.575150184414181,11.489402408435527,1.965315136448519,2,0.2766878566018242,0,1.1742181015092812,0.6087003946304321,9.441495258680123e-16
7,2,step,False,10,1.8688287133032908,0.40557110574330785,0.10160294257412553,1.164129773233636,13.875457717056847,4,1.5335676978780175,32,2.5168555665980556,3.4958293678820516,1.7723265200975988,4,0.19083165816403388,0,1.1742181015092812,0.6087003946304321,9.441495258680123e-16
7,2,step,False,11,1.798904448533471,0.14865026525813135,0.06039189156360905,1.01696113752201,22.526533495044212,4,1.4991487356783237,45,5.830461936163242,7.629429807886011,2.1093531614939183,3,0.11402607684988315,0,1.1742181015092812,0.6087003946304321,9.441495258680123e-16
7,2,step,False,12,1.656085565633077,0.6500732781479759,0.2418351852356281,0.9201230880504457,66.52874753848387,4,1.4668885675408487,111,23.47843438456987,34.92570840640583,3.0107832217690316,9,0.16445141239377034,0,1.1742181015092812,0.6087003946304321,9.441495258680123e-16
7,2,step,False,13,1.4164375940140463,0.18024492020384195,0.12684618222524793,0.8454071957022431,49.903785347071945,4,1.4397238092834648,87,12.45599399807644,19.221307626997117,5.009603394929374,8,0.18479368749838293,0,1.1742181015092812,0.6087003946304321,9.441495258680123e-16
7,2,step,False,14,0.9095282557893342,0.9750808156055412,0.5823441853318562,0.5919228099474745,25.982990440588615,4,1.8809392902878954,46,7.3386471950588525,10.659104715195955,1.7702377377974834,3,0.179908583708414,0,1.1742181015092812,0.6087003946304321,9.441495258680123e-16
7,2,step,False,15,0.979959092698329,0.21257367796671597,0.12345671530436549,0.6714650101740443,100.22869046624908,4,1.1588893870320889,154,36.616626757369566,50.59560249434048,10.158665906413292,13,0.2139246338612706,0,1.1742181015092812,0.6087003946304321,9.441495258680123e-16
7,2,step,False,16,0.6074272708457642,0.17293376528583587,0.15945736630496915,0.4085003650284757,114.58790735195603,4,1.2143450195914391,171,47.02075348094858,65.16133906033323,9.772091467122381,15,0.1831965255095905,0,1.1742181015092812,0.6087003946304321,9.441495258680123e-16
7,2,step,False,17,0.7090745349758502,0.96229855463066,0.28245151927795586,0.5006839274000127,91.91038893568631,4,1.2310369715249714,147,34.93876843414396,48.34737678135535,9.667013588058174,16,0.12161510773217721,0,1.1742181015092812,0.6087003946304321,9.441495258680123e-16
7,2,step,False,18,1.6675110350894953,0.06308851452831242,0.05872379568227734,1.0925690653641356,63.257256614165854,4,1.2209103837488429,107,17.559710431053908,23.690727402443756,7.630103670082665,13,0.16654382660212141,0,1.1742181015092812,0.6087003946304321,9.441495258680123e-16
7,2,step,False,19,0.9835998101561569,0.14628424936660342,0.132463352024765,0.6627376854633845,95.24671985369999,4,1.1657662482924642,146,34.98413086875062,47.99904645748559,9.929635925404824,12,0.21345921569433585,0,1.1742181015092812,0.6087003946304321,9.441495258680123e-16
7,2,step,False,20,1.3118515925786611,0.15123177401597673,0.08429378441610243,0.9235690947304813,32.39522492289318,4,1.297573357104855,59,10.44155419033625,14.665356575512394,4.583855728582646,7,0.1662011659879961,0,1.1742181015092812,0.6087003946304321,9.441495258680123e-16
7,2,step,False,21,2.4897466425669204,0.3106253779595932,0.1589147823289075,1.7721822389908501,12.877475319551785,4,1.6628685030494748,28,1.4901776052982851,1.7904343263007672,1.213309395418206,2,0.31255225605535786,0,1.1742181015092812,0.6087003946304321,9.441495258680123e-16
7,2,step,False,22,0.5277176915553676,0.8744196151840123,0.37647377676361277,0.3747600967617925,109.47356309689263,4,1.2290279960899777,170,42.90207093929856,58.66192644729148,9.514466384682287,13,0.178144460495697,0,1.1742181015092812,0.6087003946304321,9.441495258680123e-16
7,2,step,False,23,2.43209115517156,0.23727378373011573,0.08425974037642406,1.4524038013586822,29.217988145921435,4,1.4840626442287876,55,7.251172566436259,9.776167943341322,4.552328880685266,7,0.22176071737539554,0,1.1742181015092812,0.6087003946304321,9.441495258680123e-16
7,3,step,True,0,1.695893548209062,0.196063488552742,0.19525904343548456,0.9573948863427433,53.465993280249634,4,1.2472880042483732,97,12.971258360775899,17.10580057706324,4.120287888145276,8,0.16586038171726875,0,0.8302975821692065,0.3678227663040161,nan
7,3,step,True,1,2.2857085843603824,0.18123083089136394,0.08816563490338374,1.407207050863268,33.80790741579857,4,1.3955810576463779,68,6.581159725541743,8.68820273010396,2.9810949166534595,5,0.1806184822380633,0,0.8302975821692065,0.3678227663040161,nan
7,3,step,True,2,0.7496180157712998,0.41294918285584675,0.22128192646225855,0.5188666530424966,102.02524851658946,4,1.2462523477289515,158,37.28585810281048,49.90908550748188,9.07717937305417,14,0.10919727520358079,0,0.8302975821692065,0.3678227663040161,nan
7,3,step,True,3,0.7321385464267546,0.7821007766465115,0.43061914756824915,0.4566342126644743,78.43110798093267,4,1.266839737976448,118,32.64102135691526,45.49079598170253,8.328805409891904,15,0.1253431752339677,0,0.8302975821692065,0.3678227663040161,nan
7,3,step,True,4,1.3432311769705663,0.1551072471196489,0.022440461770385334,0.9259020799765998,75.99552897688298,4,1.1526094094761743,130,19.936914906052618,24.700313771076814,8.62452127794918,14,0.0912803710366309,0,0.8302975821692065,0.3678227663040161,nan
7,3,step,True,5,2.5599472376981836,0.27941401127604865,0.12059792129482677,1.516949512907638,24.62584607685912,4,1.7856351223096008,46,4.9595889923134955,7.139754560623977,4.010151818914064,6,0.11314447727607153,0,0.8302975821692065,0.3678227663040161,nan
7,3,step,True,6,2.5719546876022785,0.22473375555814837,0.0803887352418024,1.6257582648923694,25.886473484609475,4,1.3148413721217607,49,5.839920022030354,7.634995949967187,3.402165135515465,5,0.08712652533572304,0,0.8302975821692065,0.3678227663040161,nan
7,3,step,True,7,0.5562056173718655,0.8903337777237208,0.20872328781321825,0.3844420441868076,109.16931197286914,4,1.204066454109447,169,43.08156964368215,55.80453783304939,11.45044705075708,14,0.11939159704488839,0,0.8302975821692065,0.3678227663040161,nan
7,3,step,True,8,0.18965584778829725,0.9861881333530657,0.9143077372142385,0.22116256011098753,78.52859213405438,4,1.3153045139270814,121,32.20310479801702,46.52155494999112,9.34625701013372,14,0.12929716014054846,0,0.8302975821692065,0.3678227663040161,nan
7,3,step,True,9,1.7902645027757145,0.07212089316124837,0.20414307758733768,1.1345627468432873,30.051260915893067,4,1.5234981204062745,62,8.81389314370477,14.064526916667772,1.965315136448519,2,0.16315183394436997,0,0.8302975821692065,0.3678227663040161,nan
7,3,step,True,10,1.8688287133032908,0.40557110574330785,0.10160294257412553,1.164129773233636,13.875457717056847,4,1.5335676978780175,32,2.774451601110661,3.6639192091749564,1.7723265200975988,4,0.11786273229785262,0,0.8302975821692065,0.3678227663040161,nan
7,3,step,True,11,1.798904448533471,0.14865026525813135,0.06039189156360905,1.01696113752201,22.526533495044212,4,1.4991487356783237,45,6.5485806194449285,9.753735801832748,2.1093531614939183,3,0.10459070606131596,0,0.8302975821692065,0.3678227663040161,nan
7,3,step,True,12,1.656085565633077,0.6500732781479759,0.2418351852356281,0.9201230880504457,66.52874753848387,4,1.4668885675408487,111,20.838226945543553,30.446619407008107,3.0107832217690316,9,0.11565328091847525,0,0.8302975821692065,0.3678227663040161,nan
7,3,step,True,13,1.4164375940140463,0.18024492020384195,0.12684618222524793,0.8454071957022431,49.903785347071945,4,1.4397238092834648,87,12.567537495104622,18.707000487367235,5.009603394929374,8,0.16090955052815845,0,0.8302975821692065,0.3678227663040161,nan
7,3,step,True,14,0.9095282557893342,0.9750808156055412,0.5823441853318562,0.5919228099474745,25.982990440588615,4,1.8809392902878954,46,7.142337291971698,10.663669759219735,1.7702377377974834,3,0.11700453928920536,0,0.8302975821692065,0.3678227663040161,nan
7,3,step,True,15,0.979959092698329,0.21257367796671597,0.12345671530436549,0.6714650101740443,100.22869046624908,4,1.1588893870320889,154,33.69234579871881,45.53364577965048,10.158665906413292,13,0.1212849668228286,0,0.8302975821692065,0.3678227663040161,nan
7,3,step,True,16,0.6074272708457642,0.17293376528583587,0.15945736630496915,0.4085003650284757,114.58790735195603,4,1.2143450195914391,171,47.265132218746466,62.064938781777634,9.772091467122381,15,0.10190857035563071,0,0.8302975821692065,0.3678227663040161,nan
7,3,step,True,17,0.7090745349758502,0.96229855463066,0.28245151927795586,0.5006839274000127,91.91038893568631,4,1.2310369715249714,147,36.194953511059936,50.09478982667304,9.667013588058174,16,0.0,1,0.8302975821692065,0.3678227663040161,nan
7,3,step,True,18,1.6675110350894953,0.06308851452831242,0.05872379568227734,1.0925690653641356,63.257256614165854,4,1.2209103837488429,107,16.478851726891563,22.3315443050797,7.630103670082665,13,0.0992737515114893,0,0.8302975821692065,0.3678227663040161,nan
7,3,step,True,19,0.9835998101561569,0.14628424936660342,0.132463352024765,0.6627376854633845,95.24671985369999,4,1.1657662482924642,146,31.61158770392881,42.8607819907488,9.929635925404824,12,0.12074784605635708,0,0.8302975821692065,0.3678227663040161,nan
7,3,step,True,20,1.3118515925786611,0.15123177401597673,0.08429378441610243,0.9235690947304813,32.39522492289318,4,1.297573357104855,59,10.724511745653574,13.720764402042265,4.583855728582646,7,0.08985591891015171,0,0.8302975821692065,0.3678227663040161,nan
7,3,step,True,21,2.4897466425669204,0.3106253779595932,0.1589147823289075,1.7721822389908501,12.877475319551785,4,1.6628685030494748,28,1.0,1.0,1.213309395418206,2,0.0,1,0.8302975821692065,0.3678227663040161,nan
7,3,step,True,22,0.5277176915553676,0.8744196151840123,0.37647377676361277,0.3747600967617925,109.47356309689263,4,1.2290279960899777,170,41.92341686374021,56.693584139779276,9.514466384682287,13,0.12971693559241845,0,0.8302975821692065,0.3678227663040161,nan
7,3,step,True,23,2.43209115517156,0.23727378373011573,0.08425974037642406,1.4524038013586822,29.217988145921435,4,1.4840626442287876,55,6.923812357527755,8.471945460384843,4.552328880685266,7,0.10915380268918871,0,0.8302975821692065,0.3678227663040161,nan
8,0,init,False,0,1.0378506748875693,0.45802339986954077,0.12303605294879973,0.6012933781725471,80.38713347296193,4,1.2026616870824982,131,nan,nan,6.409736394929717,11,nan,0,nan,nan,nan
8,0,init,False,1,0.6716561569208681,0.11598191499555346,0.12568697732852122,0.30461582712940066,110.66944159046545,4,1.1833399203270567,160,nan,nan,9.619335184444632,16,nan,0,nan,nan,nan
8,0,init,False,2,2.0226041686187917,0.2510047059261982,0.16904517333489255,1.2580471060144989,27.076090029182133,4,1.4261710912871275,57,nan,nan,2.638891193165522,4,nan,0,nan,nan,nan
8,0,init,False,3,0.7777394701992171,0.8048987272416314,0.24949333439569482,0.3828333536828489,91.31304504135807,4,1.2207595593000429,140,nan,nan,6.101495755763271,9,nan,0,nan,nan,nan
8,0,init,False,4,0.47784343743739227,0.76821657164478,0.41991478051445036,0.2921728391935947,101.21065763451463,4,1.28146989511169,148,nan,nan,10.324470345173227,15,nan,0,nan,nan,nan
8,0,init,False,5,0.6531959063139913,0.36059560125529244,0.23445463581716386,0.40453578366524134,42.28914634096264,4,1.2983931169285168,76,nan,nan,2.65364998644303,6,nan,0,nan,nan,nan
8,0,init,False,6,1.1350102603683618,0.49850423908859126,0.2129847451316913,0.6711400654645836,53.62026537984196,4,1.208308728279306,99,nan,nan,4.369238642451686,11,nan,0,nan,nan,nan
8,0,init,False,7,1.0600535721639959,0.1865634275593583,0.26565181881205935,0.8035658186694545,55.050758548392636,4,1.3889876218895796,91,nan,nan,6.062794397403266,10,nan,0,nan,nan,nan
8,0,init,False,8,1.8614204865315083,0.1518414472312305,0.10258853602998527,1.1101139028193139,52.453877476051616,4,1.254462317202486,94,nan,nan,2.807739901970866,5,nan,0,nan,nan,nan
8,0,init,False,9,3.20983498587541,0.1151591637819622,0.1151591637819622,2.190695482201376,3.6738970218116878,4,3.0083351974084533,8,nan,nan,1.0,1,nan,0,nan,nan,nan
8,0,init,False,10,0.8302344040252218,0.15089606490060645,0.3024570668814359,0.4864733974997199,89.28078021085307,4,1.1786060088213433,135,nan,nan,8.645620349730331,12,nan,0,nan,nan,nan
8,0,init,False,11,0.2031161972728973,0.8451885246726276,0.3539489107395197,0.14607377248674752,120.36043469189067,4,1.169915737059017,171,nan,nan,13.1426093350954,19,nan,0,nan,nan,nan
8,0,init,False,12,0.8087519726279173,0.05112581990539686,0.11464679184858678,0.46289950586347306,77.21598082614605,4,1.2865793629860431,127,nan,nan,9.634082022018477,17,nan,0,nan,nan,nan
8,0,init,False,13,2.043123899298297,0.20905757180360185,0.07303363955223752,1.3078200303194811,38.77488469774087,4,1.517674082475266,76,nan,nan,4.266241509095584,9,nan,0,nan,nan,nan
8,0,init,False,14,0.951778082041314,0.9880837862466026,0.3592729885583885,0.3889981400938256,38.09994319474929,4,1.6056901379588442,71,nan,nan,2.387540199667094,7,nan,0,nan,nan,nan
8,0,init,False,15,0.4172505094214615,0.7568941127753871,0.40757618048955757,0.26996132229601627,74.19146716210743,4,1.2295859775099058,124,nan,nan,6.029325570241431,12,nan,0,nan,nan,nan
8,0,init,False,16,0.35411392282486276,0.5237864545894889,0.4457385179352675,0.2478574893369517,96.19237975674679,4,1.3103526701279253,153,nan,nan,10.988107511941076,16,nan,0,nan,nan,nan
8,0,init,False,17,1.5646563512603404,0.03210999259904685,0.09669025035476168,0.8270807471974078,64.84271274356155,4,1.2130484449046435,119,nan,nan,8.35214717726898,12,nan,0,nan,nan,nan
8,0,init,False,18,1.8032365558301429,0.08958084848104168,0.07677892529708916,1.0547730329039768,41.454124403351656,4,1.4494181781835445,79,nan,nan,5.111442043284658,9,nan,0,nan,nan,nan
8,0,init,False,19,2.8305949396715846,0.038202053313304056,0.06984983268365177,1.7313165651532458,10.812960344088546,4,2.2426472127309065,24,nan,nan,1.938532512655518,2,nan,0,nan,nan,nan
8,0,init,False,20,0.5059941463453863,0.32635195609384954,0.34014327200290284,0.3536446661180881,51.6561043131468,4,1.437951901754448,90,nan,nan,7.079871112193736,11,nan,0,nan,nan,nan
8,0,init,False,21,1.8806394974673035,0.15035348662160256,0.16694469810097767,1.3255865032424996,10.13580479948925,4,2.330469541565189,18,nan,nan,1.1764279143543734,2,nan,0,nan,nan,nan
8,0,init,False,22,1.0642945010013232,0.7947545704502638,0.4400458830570237,0.733282986456121,50.29420951461046,4,1.385653510564346,83,nan,nan,6.580376277905314,10,nan,0,nan,nan,nan
8,0,init,False,23,1.6477180246523284,0.19322267987555658,0.06168240977399816,0.9798373699576436,58.943900805974884,4,1.2586679152456106,98,nan,nan,6.680324662802827,10,nan,0,nan,nan,nan
8,1,step,True,0,1.0378506748875693,0.45802339986954077,0.12303605294879973,0.6012933781725471,80.38713347296193,4,1.2026616870824982,131,21.895530188516656,31.773846515058782,6.409736394929717,11,0.2583027167434502,0,1.6121988453621614,1.0,nan
8,1,step,True,1,0.6716561569208681,0.11598191499555346,0.12568697732852122,0.30461582712940066,110.66944159046545,4,1.1833399203270567,160,49.55694500252269,66.71685685704648,9.619335184444632,16,0.29407291419694104,0,1.6121988453621614,1.0,nan
8,1,step,True,2,2.0226041686187917,0.2510047059261982,0.16904517333489255,1.2580471060144989,27.076090029182133,4,1.4261710912871275,57,4.097863626776006,6.605839520596737,2.638891193165522,4,0.3422706909319361,0,1.6121988453621614,1.0,nan
8,1,step,True,3,0.7777394701992171,0.8048987272416314,0.24949333439569482,0.3828333536828489,91.31304504135807,4,1.2207595593000429,140,29.742003550379085,42.17284181741827,6.101495755763271,9,0.2942845363632173,0,1.6121988453621614,1.0,nan
8,1,step,True,4,0.47784343743739227,0.76821657164478,0.41991478051445036,0.2921728391935947,101.21065763451463,4,1.28146989511169,148,40.94693627248696,53.84363168088366,10.324470345173227,15,0.2935059828153602,0,1.6121988453621614,1.0,nan
8,1,step,True,5,0.6531959063139913,0.36059560125529244,0.23445463581716386,0.40453578366524134,42.28914634096264,4,1.2983931169285168,76,11.908013492864018,16.06636886178867,2.65364998644303,6,0.19492945874253712,0,1.6121988453621614,1.0,nan
8,1,step,True,6,1.1350102603683618,0.49850423908859126,0.2129847451316913,0.6711400654645836,53.62026537984196,4,1.208308728279306,99,15.932256040150145,22.7157232365763,4.369238642451686,11,0.19348913698902334,0,1.6121988453621614,1.0,nan
8,1,step,True,7,1.0600535721639959,0.1865634275593583,0.26565181881205935,0.8035658186694545,55.050758548392636,4,1.3889876218895796,91,15.858418246996337,23.45324563561238,6.062794397403266,10,0.24474678159324365,0,1.6121988453621614,1.0,nan
8,1,step,True,8,1.8614204865315083,0.1518414472312305,0.10258853602998527,1.1101139028193139,52.453877476051616,4,1.254462317202486,94,13.79309044455039,19.957087272632027,2.807739901970866,5,0.353119810280452,0,1.6121988453621614,1.0,nan
8,1,step,True,9,3.20983498587541,0.1151591637819622,0.1151591637819622,2.190695482201376,3.6738970218116878,4,3.0083351974084533,8,1.0,1.0,1.0,1,0.0,1,1.6121988453621614,1.0,nan
8,1,step,True,10,0.8302344040252218,0.15089606490060645,0.3024570668814359,0.4864733974997199,89.28078021085307,4,1.1786060088213433,135,38.61697558121317,50.91782272811072,8.645620349730331,12,0.25730433010820686,0,1.6121988453621614,1.0,nan
8,1,step,True,11,0.2031161972728973,0.8451885246726276,0.3539489107395197,0.14607377248674752,120.36043469189067,4,1.169915737059017,171,50.37931935446912,69.77606203896397,13.1426093350954,19,0.2858266418793056,0,1.6121988453621614,1.0,nan
8,1,step,True,12,0.8087519726279173,0.05112581990539686,0.11464679184858678,0.46289950586347306,77.21598082614605,4,1.2865793629860431,127,27.021026391348087,36.56102216299682,9.634082022018477,17,0.31467926225940823,0,1.6121988453621614,1.0,nan
8,1,step,True,13,2.043123899298297,0.20905757180360185,0.07303363955223752,1.3078200303194811,38.77488469774087,4,1.517674082475266,76,10.464119750646459,14.930083598844334,4.266241509095584,9,0.13755891432361084,0,1.6121988453621614,1.0,nan
8,1,step,True,14,0.951778082041314,0.9880837862466026,0.3592729885583885,0.3889981400938256,38.09994319474929,4,1.6056901379588442,71,8.333591829611837,12.23917254789896,2.387540199667094,7,0.17874716479107283,0,1.6121988453621614,1.0,nan
8,1,step,True,15,0.4172505094214615,0.7568941127753871,0.40757618048955757,0.26996132229601627,74.19146716210743,4,1.2295859775099058,124,23.317026386953245,32.89669488422646,6.029325570241431,12,0.2625468583746328,0,1.6121988453621614,1.0,nan
8,1,step,True,16,0.35411392282486276,0.5237864545894889,0.4457385179352675,0.2478574893369517,96.19237975674679,4,1.3103526701279253,153,34.02945447329896,47.093222834729005,10.988107511941076,16,0.3106410630557607,0,1.6121988453621614,1.0,nan
8,1,step,True,17,1.5646563512603404,0.03210999259904685,0.09669025035476168,0.8270807471974078,64.84271274356155,4,1.2130484449046435,119,19.250993136177776,27.888448601148742,8.35214717726898,12,0.3033217256357071,0,1.6121988453621614,1.0,nan
8,1,step,True,18,1.8032365558301429,0.08958084848104168,0.07677892529708916,1.0547730329039768,41.454124403351656,4,1.4494181781835445,79,10.001866587350095,14.388125540199326,5.111442043284658,9,0.27971995948394884,0,1.6121988453621614,1.0,nan
8,1,step,True,19,2.8305949396715846,0.038202053313304056,0.06984983268365177,1.7313165651532458,10.812960344088546,4,2.2426472127309065,24,2.9557594645908782,4.07059329073223,1.938532512655518,2,0.4499781299645484,0,1.6121988453621614,1.0,nan
8,1,step,True,20,0.5059941463453863,0.32635195609384954,0.34014327200290284,0.3536446661180881,51.6561043131468,4,1.437951901754448,90,15.275048253119522,20.235477680902225,7.079871112193736,11,0.3051981757714949,0,1.6121988453621614,1.0,nan
8,1,step,True,21,1.8806394974673035,0.15035348662160256,0.16694469810097767,1.3255865032424996,10.13580479948925,4,2.330469541565189,18,2.627033594868638,4.05498171134333,1.1764279143543734,2,0.4065578603469449,0,1.6121988453621614,1.0,nan
8,1,step,True,22,1.0642945010013232,0.7947545704502638,0.4400458830570237,0.733282986456121,50.29420951461046,4,1.385653510564346,83,15.498274758050524,22.790112885775397,6.580376277905314,10,0.27357022091261846,0,1.6121988453621614,1.0,nan
8,1,step,True,23,1.6477180246523284,0.19322267987555658,0.06168240977399816,0.9798373699576436,58.943900805974884,4,1.2586679152456106,98,17.498453573059592,24.57219512039844,6.680324662802827,10,0.30222053602828597,0,1.6121988453621614,1.0,nan
9,0,init,False,0,1.9319150175304767,0.0964225540233811,0.10922289075720497,1.1741594893840335,50.83765592911183,4,1.5080824678619769,94,nan,nan,4.951049427882265,9,nan,0,nan,nan,nan
9,0,init,False,1,2.297613715968394,0.10746543619213325,0.16228131059326445,1.3195659414977998,9.036244677316205,4,1.4151987580563266,17,nan,nan,2.4066897298444108,3,nan,0,nan,nan,nan
9,0,init,False,2,0.3806438597462406,0.26836232958341033,0.7688169237098971,0.3724109192463156,45.72076231280717,4,1.6999048964630479,77,nan,nan,4.235501892019893,7,nan,0,nan,nan,nan
9,0,init,False,3,2.589576667811834,0.15182398738178862,0.1332238939908978,1.4685184233212882,21.878998199936778,4,1.4101589686111116,41,nan,nan,2.800817358207788,5,nan,0,nan,nan,nan
9,0,init,False,4,0.4350174884567207,0.9340498189995455,0.6324199763837439,0.27689877281712677,46.06352586455857,4,1.326473862479658,82,nan,nan,5.325483028926313,12,nan,0,nan,nan,nan
9,0,init,False,5,1.1156952399600832,0.5694079364874162,0.18023716553541275,0.6884010975879544,43.374717724875914,4,1.3542569949811656,78,nan,nan,6.563383068922615,12,nan,0,nan,nan,nan
9,0,init,False,6,1.3582674648938677,0.086958910636265,0.14676985899851125,0.7762411083543527,79.7391800660551,4,1.1534659600038029,129,nan,nan,7.4425737981421225,12,nan,0,nan,nan,nan
9,0,init,False,7,1.0005504679814938,0.4289034905908832,0.1466242093868162,0.5328449404557218,84.84485484469167,4,1.2284512066025288,138,nan,nan,8.023903022809062,13,nan,0,nan,nan,nan
9,0,init,False,8,1.9666485141928456,0.5615175770706743,0.19737429712429255,1.2234565165012112,21.853085367342054,4,1.6307073254371576,46,nan,nan,2.3143784434093186,5,nan,0,nan,nan,nan
9,0,init,False,9,0.6243284807757906,0.7351573555629678,0.3279161076603897,0.3349818360725658,97.61428840538967,4,1.249645505709279,154,nan,nan,8.617345995483836,15,nan,0,nan,nan,nan
9,0,init,False,10,1.7743448667122528,0.07292458184878106,0.13898496592129797,1.0406885577753495,40.70322499449219,4,1.4769839727858245,83,nan,nan,4.418969352691991,7,nan,0,nan,nan,nan
9,0,init,False,11,1.0972591878173263,0.1412651508162319,0.2792895201560445,0.7425227093851822,65.40928099831156,4,1.2263952143406478,108,nan,nan,5.482957950661375,8,nan,0,nan,nan,nan
9,0,init,False,12,2.5440052353798466,0.2274699586755311,0.2411229841446357,1.6782903052148672,3.7329969318222256,4,8.4013883568947,6,nan,nan,1.1612495848795443,2,nan,0,nan,nan,nan
9,0,init,False,13,1.065335976205895,0.26229050018761824,0.15988510373123277,0.48074151789870073,99.54309701714674,4,1.2654416926309866,157,nan,nan,9.377984886071925,15,nan,0,nan,nan,nan
9,0,init,False,14,0.6147355922993071,0.14600049782223806,0.13444728392954045,0.23553545051378413,101.88338781080608,4,1.2131011237126672,155,nan,nan,10.7325429181916,16,nan,0,nan,nan,nan
9,0,init,False,15,1.1390096535776728,0.03707515495135661,0.09802056962033691,0.6436712604281858,103.97304012625618,4,1.084218045433002,155,nan,nan,9.51158874358387,16,nan,0,nan,nan,nan
9,0,init,False,16,1.2557821063963082,0.9935287705752993,0.11611579825014204,0.6747425535690329,96.59675285176966,4,1.2449504557197069,153,nan,nan,8.782096652840504,14,nan,0,nan,nan,nan
9,0,init,False,17,2.4046687697579534,0.13683497732285957,0.09742479103182744,1.3791854268956292,33.0812012220659,4,1.6683970443998164,66,nan,nan,3.5513756640917347,7,nan,0,nan,nan,nan
9,0,init,False,18,1.5047639121030847,0.3076933297772549,0.12618457708691785,0.9314880879902975,54.67622169110198,4,1.5949543931485424,93,nan,nan,5.027811250983838,11,nan,0,nan,nan,nan
9,0,init,False,19,1.497484781295103,0.16791326528718106,0.06854794014301595,0.8961007175209915,52.59368491985117,4,1.1888821417890714,97,nan,nan,4.865930677258875,9,nan,0,nan,nan,nan
9,0,init,False,20,0.3913953812157383,0.15975864707906717,0.45029835540271934,0.360824054902853,90.62980286426586,4,1.2649703156125822,146,nan,nan,9.406098600296723,15,nan,0,nan,nan,nan
9,0,init,False,21,1.664103941613645,0.22871445266360604,0.07277465176761311,1.1391165315662632,12.120125259295206,4,1.3443735004067154,22,nan,nan,1.7213828827791333,3,nan,0,nan,nan,nan
9,0,init,False,22,1.408979648993165,0.5958332080908636,0.16533938859444647,0.6915377792758998,53.60540342249233,4,1.421516828106679,102,nan,nan,5.533264505131386,10,nan,0,nan,nan,nan
9,0,init,False,23,0.36411673436852154,0.41483525938316274,0.12471637197965432,0.2217320279639587,130.4884664982385,4,1.154610501318598,187,nan,nan,11.745620564889926,18,nan,0,nan,nan,nan
9,1,step,False,0,1.9319150175304767,0.22623182050486967,0.10922289075720497,1.1741594893840335,50.83765592911183,4,1.5080824678619769,94,11.90028241878269,19.885481576677257,4.951049427882265,9,0.21205427195477525,0,1.7084164625838822,1.0,4.702637326444665e-16
9,1,step,False,1,2.297613715968394,0.12977357447330767,0.16228131059326445,1.3195659414977998,9.036244677316205,4,1.4151987580563266,17,2.900068654688776,3.6404311346157314,2.4066897298444108,3,0.34516965955025464,0,1.7084164625838822,1.0,4.702637326444665e-16
9,1,step,False,2,0.3806438597462406,0.2845193763027803,0.7688169237098971,0.3724109192463156,45.72076231280717,4,1.6999048964630479,77,12.321658107402728,17.692483542791134,4.235501892019893,7,0.28248667336783795,0,1.7084164625838822,1.0,4.702637326444665e-16
9,1,step,False,3,2.589576667811834,0.10177153368767408,0.1332238939908978,1.4685184233212882,21.878998199936778,4,1.4101589686111116,41,4.9456333013376605,6.764442415655159,2.800817358207788,5,0.32137204761713295,0,1.7084164625838822,1.0,4.702637326444665e-16
9,1,step,False,4,0.4350174884567207,0.9056824848666141,0.6324199763837439,0.27689877281712677,46.06352586455857,4,1.326473862479658,82,14.101343720952563,20.404649320083315,5.325483028926313,12,0.2336448115701322,0,1.7084164625838822,1.0,4.702637326444665e-16
9,1,step,False,5,1.1156952399600832,0.6344500467958631,0.18023716553541275,0.6884010975879544,43.374717724875914,4,1.3542569949811656,78,12.966592956796749,18.891762767913193,6.563383068922615,12,0.29953846374721566,0,1.7084164625838822,1.0,4.702637326444665e-16
9,1,step,False,6,1.3582674648938677,0.02330511456337585,0.14676985899851125,0.7762411083543527,79.7391800660551,4,1.1534659600038029,129,28.747105336916775,39.920758057570026,7.4425737981421225,12,0.19854599840711498,0,1.7084164625838822,1.0,4.702637326444665e-16
9,1,step,False,7,1.0005504679814938,0.4420258788742896,0.1466242093868162,0.5328449404557218,84.84485484469167,4,1.2284512066025288,138,27.787493253656557,38.74140640264389,8.023903022809062,13,0.3785035536179647,0,1.7084164625838822,1.0,4.702637326444665e-16
9,1,step,False,8,1.9666485141928456,0.8248982872368493,0.19737429712429255,1.2234565165012112,21.853085367342054,4,1.6307073254371576,46,4.198350257121681,6.34125793511293,2.3143784434093186,5,0.2662035111162492,0,1.7084164625838822,1.0,4.702637326444665e-16
9,1,step,False,9,0.6243284807757906,0.8031668296652512,0.3279161076603897,0.3349818360725658,97.61428840538967,4,1.249645505709279,154,36.471645697460836,54.05235222147349,8.617345995483836,15,0.2829195692501123,0,1.7084164625838822,1.0,4.702637326444665e-16
9,1,step,False,10,1.7743448667122528,0.11705981042669372,0.13898496592129797,1.0406885577753495,40.70322499449219,4,1.4769839727858245,83,7.801507214063661,10.397751771224254,4.418969352691991,7,0.3132136661582827,0,1.7084164625838822,1.0,4.702637326444665e-16
9,1,step,False,11,1.0972591878173263,0.1301922284726664,0.2792895201560445,0.7425227093851822,65.40928099831156,4,1.2263952143406478,108,17.425073309112193,24.404618069607093,5.482957950661375,8,0.29929580326061556,0,1.7084164625838822,1.0,4.702637326444665e-16
9,1,step,False,12,2.5440052353798466,0.23510035992416867,0.2411229841446357,1.6782903052148672,3.7329969318222256,4,8.4013883568947,6,1.397180785073378,1.6861237768691777,1.1612495848795443,2,0.41427475188787916,0,1.7084164625838822,1.0,4.702637326444665e-16
9,1,step,False,13,1.065335976205895,0.30776395971044684,0.15988510373123277,0.48074151789870073,99.54309701714674,4,1.2654416926309866,157,35.8242000193221,51.30125971846591,9.377984886071925,15,0.23267795144009748,0,1.7084164625838822,1.0,4.702637326444665e-16
9,1,step,False,14,0.6147355922993071,0.1363796900807111,0.13444728392954045,0.23553545051378413,101.88338781080608,4,1.2131011237126672,155,42.54616209528608,56.32190117238338,10.7325429181916,16,0.3178753299022809,0,1.7084164625838822,1.0,4.702637326444665e-16
9,1,step,False,15,1.1390096535776728,0.05135100602808633,0.09802056962033691,0.6436712604281858,103.97304012625618,4,1.084218045433002,155,43.82642858407712,60.958712330623,9.51158874358387,16,0.19020300661074405,0,1.7084164625838822,1.0,4.702637326444665e-16
9,1,step,False,16,1.2557821063963082,0.9643654443330895,0.11611579825014204,0.6747425535690329,96.59675285176966,4,1.2449504557197069,153,29.19509157337148,41.8359724571946,8.782096652840504,14,0.30806825590353043,0,1.7084164625838822,1.0,4.702637326444665e-16
9,1,step,False,17,2.4046687697579534,0.17987676915334308,0.09742479103182744,1.3791854268956292,33.0812012220659,4,1.6683970443998164,66,6.015185002316217,10.612403607488014,3.5513756640917347,7,0.33341041459100607,0,1.7084164625838822,1.0,4.702637326444665e-16
9,1,step,False,18,1.5047639121030847,0.3155040461372747,0.12618457708691785,0.9314880879902975,54.67622169110198,4,1.5949543931485424,93,17.8559324071023,26.138922190522386,5.027811250983838,11,0.27221586000606224,0,1.7084164625838822,1.0,4.702637326444665e-16
9,1,step,False,19,1.497484781295103,0.2229264225088808,0.06854794014301595,0.8961007175209915,52.59368491985117,4,1.1888821417890714,97,12.798893428967256,19.697874575842242,4.865930677258875,9,0.23461592602858097,0,1.7084164625838822,1.0,4.702637326444665e-16
9,1,step,False,20,0.3913953812157383,0.11119401312141622,0.45029835540271934,0.360824054902853,90.62980286426586,4,1.2649703156125822,146,32.1420444826835,46.74980486743438,9.406098600296723,15,0.1885548578377722,0,1.7084164625838822,1.0,4.702637326444665e-16
9,1,step,False,21,1.664103941613645,0.2377933585716278,0.07277465176761311,1.1391165315662632,12.120125259295206,4,1.3443735004067154,22,4.162510646250857,5.824650632433916,1.7213828827791333,3,0.2605558444835858,0,1.7084164625838822,1.0,4.702637326444665e-16
9,1,step,False,22,1.408979648993165,0.4618817647685724,0.16533938859444647,0.6915377792758998,53.60540342249233,4,1.421516828106679,102,11.895609067305841,17.214234912493975,5.533264505131386,10,0.27219559330331,0,1.7084164625838822,1.0,4.702637326444665e-16
9,1,step,False,23,0.36411673436852154,0.3125249381973553,0.12471637197965432,0.2217320279639587,130.4884664982385,4,1.154610501318598,187,60.77400767995109,82.77528192639559,11.745620564889926,18,0.32797798425856683,0,1.7084164625838822,1.0,4.702637326444665e-16
9,2,step,False,0,1.9319150175304767,0.17351083119475036,0.10922289075720497,1.1741594893840335,50.83765592911183,4,1.5080824678619769,94,7.126390277737936,10.74559943943282,4.951049427882265,9,0.19322185279158732,0,1.2080328657837966,0.6138802915811539,6.154887194170115e-16
9,2,step,False,1,2.297613715968394,0.3766362414790633,0.16228131059326445,1.3195659414977998,9.036244677316205,4,1.4151987580563266,17,1.6804904135429362,2.2495213065031083,2.4066897298444108,3,0.25923653824778853,0,1.2080328657837966,0.6138802915811539,6.154887194170115e-16
9,2,step,False,2,0.3806438597462406,0.3239685593155825,0.7688169237098971,0.3724109192463156,45.72076231280717,4,1.6999048964630479,77,15.221262191323696,22.607791810956684,4.235501892019893,7,0.2597000800217241,0,1.2080328657837966,0.6138802915811539,6.154887194170115e-16
9,2,step,False,3,2.589576667811834,0.1216350653504952,0.1332238939908978,1.4685184233212882,21.878998199936778,4,1.4101589686111116,41,3.5454758228042835,4.1897266771648685,2.800817358207788,5,0.25071572448610446,0,1.2080328657837966,0.6138802915811539,6.154887194170115e-16
9,2,step,False,4,0.4350174884567207,0.9283454376599711,0.6324199763837439,0.27689877281712677,46.06352586455857,4,1.326473862479658,82,15.856573755318518,22.68977857502724,5.325483028926313,12,0.1824782780512626,0,1.2080328657837966,0.6138802915811539,6.154887194170115e-16
9,2,step,False,5,1.1156952399600832,0.6970498012795446,0.18023716553541275,0.6884010975879544,43.374717724875914,4,1.3542569949811656,78,14.794168903787366,20.79461918628598,6.563383068922615,12,0.22322968562530776,0,1.2080328657837966,0.6138802915811539,6.154887194170115e-16
9,2,step,False,6,1.3582674648938677,0.11750098479222311,0.14676985899851125,0.7762411083543527,79.7391800660551,4,1.1534659600038029,129,27.080838406281767,37.544698387335046,7.4425737981421225,12,0.14502544724008865,0,1.2080328657837966,0.6138802915811539,6.154887194170115e-16
9,2,step,False,7,1.0005504679814938,0.371924767514619,0.1466242093868162,0.5328449404557218,84.84485484469167,4,1.2284512066025288,138,30.17261752423341,42.74707596475681,8.023903022809062,13,0.190349412711537,0,1.2080328657837966,0.6138802915811539,6.154887194170115e-16
9,2,step,False,8,1.9666485141928456,0.8700822586392603,0.19737429712429255,1.2234565165012112,21.853085367342054,4,1.6307073254371576,46,5.669683398792771,8.65159934570718,2.3143784434093186,5,0.14200269101952998,0,1.2080328657837966,0.6138802915811539,6.154887194170115e-16
9,2,step,False,9,0.6243284807757906,0.9048226491404572,0.3279161076603897,0.3349818360725658,97.61428840538967,4,1.249645505709279,154,39.3568485045531,55.805321700474195,8.617345995483836,15,0.24898541459456805,0,1.2080328657837966,0.6138802915811539,6.154887194170115e-16
9,2,step,False,10,1.7743448667122528,0.3046972558885898,0.13898496592129797,1.0406885577753495,40.70322499449219,4,1.4769839727858245,83,6.316951780051098,8.772559212843833,4.418969352691991,7,0.18456348933022684,0,1.2080328657837966,0.6138802915811539,6.154887194170115e-16
9,2,step,False,11,1.0972591878173263,0.12040072490253449,0.2792895201560445,0.7425227093851822,65.40928099831156,4,1.2263952143406478,108,18.366648156768406,26.048916764159557,5.482957950661375,8,0.16721238658059523,0,1.2080328657837966,0.6138802915811539,6.154887194170115e-16
9,2,step,False,12,2.5440052353798466,0.2291913410077164,0.2411229841446357,1.6782903052148672,3.7329969318222256,4,8.4013883568947,6,1.3094158285700122,1.5647623516013778,1.1612495848795443,2,0.325987994576317,0,1.2080328657837966,0.6138802915811539,6.154887194170115e-16
9,2,step,False,13,1.065335976205895,0.18658503179823477,0.15988510373123277,0.48074151789870073,99.54309701714674,4,1.2654416926309866,157,32.719876784791865,44.42084858086249,9.377984886071925,15,0.21243869677255636,0,1.2080328657837966,0.6138802915811539,6.154887194170115e-16
9,2,step,False,14,0.6147355922993071,0.12609057650718244,0.13444728392954045,0.23553545051378413,101.88338781080608,4,1.2131011237126672,155,44.40126621181132,58.287208863578705,10.7325429181916,16,0.23607079754589858,0,1.2080328657837966,0.6138802915811539,6.154887194170115e-16
9,2,step,False,15,1.1390096535776728,0.16776445221969008,0.09802056962033691,0.6436712604281858,103.97304012625618,4,1.084218045433002,155,40.21575552130461,53.24890637412091,9.51158874358387,16,0.15829168828840254,0,1.2080328657837966,0.6138802915811539,6.154887194170115e-16
9,2,step,False,16,1.2557821063963082,0.9525128346793049,0.11611579825014204,0.6747425535690329,96.59675285176966,4,1.2449504557197069,153,31.35617585747207,44.92448388162103,8.782096652840504,14,0.2192864188417934,0,1.2080328657837966,0.6138802915811539,6.154887194170115e-16
9,2,step,False,17,2.4046687697579534,0.4486648498318827,0.09742479103182744,1.3791854268956292,33.0812012220659,4,1.6683970443998164,66,2.7145691780988086,4.414609073802779,3.5513756640917347,7,0.25441204986302424,0,1.2080328657837966,0.6138802915811539,6.154887194170115e-16
9,2,step,False,18,1.5047639121030847,0.4092623371387412,0.12618457708691785,0.9314880879902975,54.67622169110198,4,1.5949543931485424,93,16.8736135798772,23.968054626147552,5.027811250983838,11,0.22020133471142253,0,1.2080328657837966,0.6138802915811539,6.154887194170115e-16
9,2,step,False,19,1.497484781295103,0.38400868519087905,0.06854794014301595,0.8961007175209915,52.59368491985117,4,1.1888821417890714,97,11.96740058501099,18.859022272902966,4.865930677258875,9,0.27205098562740426,0,1.2080328657837966,0.6138802915811539,6.154887194170115e-16
9,2,step,False,20,0.3913953812157383,0.07395879073115132,0.45029835540271934,0.360824054902853,90.62980286426586,4,1.2649703156125822,146,36.978458986367535,53.062326741685,9.406098600296723,15,0.14857790796778095,0,1.2080328657837966,0.6138802915811539,6.154887194170115e-16
9,2,step,False,21,1.664103941613645,0.23420906654375273,0.07277465176761311,1.1391165315662632,12.120125259295206,4,1.3443735004067154,22,4.744527634990173,6.566912855194892,1.7213828827791333,3,0.23644764627320716,0,1.2080328657837966,0.6138802915811539,6.154887194170115e-16
9,2,step,False,22,1.408979648993165,0.3068529287930959,0.16533938859444647,0.6915377792758998,53.60540342249233,4,1.421516828106679,102,12.367315381796638,19.386003560910414,5.533264505131386,10,0.19033967764646048,0,1.2080328657837966,0.6138802915811539,6.154887194170115e-16
9,2,step,False,23,0.36411673436852154,0.20168236674348258,0.12471637197965432,0.2217320279639587,130.4884664982385,4,1.154610501318598,187,59.16369950943781,77.1326538606472,11.745620564889926,18,0.18720000944509163,0,1.2080328657837966,0.6138802915811539,6.154887194170115e-16
9,3,step,True,0,1.9319150175304767,0.17351083119475036,0.10922289075720497,1.1741594893840335,50.83765592911183,4,1.5080824678619769,94,6.7865035997922565,10.945214190207336,4.951049427882265,9,0.2099394931881567,0,0.854208231291941,0.3729298710823059,nan
9,3,step,True,1,2.297613715968394,0.3766362414790633,0.16228131059326445,1.3195659414977998,9.036244677316205,4,1.4151987580563266,17,1.0,1.0,2.4066897298444108,3,0.0,1,0.854208231291941,0.3729298710823059,nan
9,3,step,True,2,0.3806438597462406,0.3239685593155825,0.7688169237098971,0.3724109192463156,45.72076231280717,4,1.6999048964630479,77,15.991289215515305,23.236715490523007,4.235501892019893,7,0.13868328886722586,0,0.854208231291941,0.3729298710823059,nan
9,3,step,True,3,2.589576667811834,0.1216350653504952,0.1332238939908978,1.4685184233212882,21.878998199936778,4,1.4101589686111116,41,3.1205467749188087,3.7925734177005586,2.800817358207788,5,0.1506593651014445,0,0.854208231291941,0.3729298710823059,nan
9,3,step,True,4,0.4350174884567207,0.9283454376599711,0.6324199763837439,0.27689877281712677,46.06352586455857,4,1.326473862479658,82,19.07284696886281,27.87891416510948,5.325483028926313,12,0.12044296321438101,0,0.854208231291941,0.3729298710823059,nan
9,3,step,True,5,1.1156952399600832,0.6970498012795446,0.18023716553541275,0.6884010975879544,43.374717724875914,4,1.3542569949811656,78,16.899278962642953,24.909115273977495,6.563383068922615,12,0.0,1,0.854208231291941,0.3729298710823059,nan
9,3,step,True,6,1.3582674648938677,0.11750098479222311,0.14676985899851125,0.7762411083543527,79.7391800660551,4,1.1534659600038029,129,24.39837478955407,32.91754333448211,7.4425737981421225,12,0.13539470491753994,0,0.854208231291941,0.3729298710823059,nan
9,3,step,True,7,1.0005504679814938,0.371924767514619,0.1466242093868162,0.5328449404557218,84.84485484469167,4,1.2284512066025288,138,31.64393683706957,44.006157745488316,8.023903022809062,13,0.1305780504430576,0,0.854208231291941,0.3729298710823059,nan
9,3,step,True,8,1.9666485141928456,0.8700822586392603,0.19737429712429255,1.2234565165012112,21.853085367342054,4,1.6307073254371576,46,8.1321124015958,11.950743365167003,2.3143784434093186,5,0.04521426859214835,0,0.854208231291941,0.3729298710823059,nan
9,3,step,True,9,0.6243284807757906,0.9048226491404572,0.3279161076603897,0.3349818360725658,97.61428840538967,4,1.249645505709279,154,42.059843444215964,57.055585205146116,8.617345995483836,15,0.11951675070995026,0,0.854208231291941,0.3729298710823059,nan
9,3,step,True,10,1.7743448667122528,0.3046972558885898,0.13898496592129797,1.0406885577753495,40.70322499449219,4,1.4769839727858245,83,7.336849821677037,10.798977039461366,4.418969352691991,7,0.15306309938950957,0,0.854208231291941,0.3729298710823059,nan
9,3,step,True,11,1.0972591878173263,0.12040072490253449,0.2792895201560445,0.7425227093851822,65.40928099831156,4,1.2263952143406478,108,18.896047333242183,27.411795154525556,5.482957950661375,8,0.12765097579085452,0,0.854208231291941,0.3729298710823059,nan
9,3,step,True,12,2.5440052353798466,0.2291913410077164,0.2411229841446357,1.6782903052148672,3.7329969318222256,4,8.4013883568947,6,1.0,1.0,1.1612495848795443,2,0.0,1,0.854208231291941,0.3729298710823059,nan
9,3,step,True,13,1.065335976205895,0.18658503179823477,0.15988510373123277,0.48074151789870073,99.54309701714674,4,1.2654416926309866,157,29.252235198821197,38.0643036577921,9.377984886071925,15,0.12020182303789606,0,0.854208231291941,0.3729298710823059,nan
9,3,step,True,14,0.6147355922993071,0.12609057650718244,0.13444728392954045,0.23553545051378413,101.88338781080608,4,1.2131011237126672,155,41.6042396926974,53.21349725088638,10.7325429181916,16,0.12535355883267915,0,0.854208231291941,0.3729298710823059,nan
9,3,step,True,15,1.1390096535776728,0.16776445221969008,0.09802056962033691,0.6436712604281858,103.97304012625618,4,1.084218045433002,155,35.94897664242564,46.125298177856365,9.51158874358387,16,0.1374775351402591,0,0.854208231291941,0.3729298710823059,nan
9,3,step,True,16,1.2557821063963082,0.9525128346793049,0.11611579825014204,0.6747425535690329,96.59675285176966,4,1.2449504557197069,153,32.85216878323805,49.09982039749395,8.782096652840504,14,0.11920872241998394,0,0.854208231291941,0.3729298710823059,nan
9,3,step,True,17,2.4046687697579534,0.4486648498318827,0.09742479103182744,1.3791854268956292,33.0812012220659,4,1.6683970443998164,66,2.2895293828822254,3.644749477605713,3.5513756640917347,7,0.0,1,0.854208231291941,0.3729298710823059,nan
9,3,step,True,18,1.5047639121030847,0.4092623371387412,0.12618457708691785,0.9314880879902975,54.67622169110198,4,1.5949543931485424,93,15.614048166377811,21.992459682883286,5.027811250983838,11,0.0,1,0.854208231291941,0.3729298710823059,nan
9,3,step,True,19,1.497484781295103,0.38400868519087905,0.06854794014301595,0.8961007175209915,52.59368491985117,4,1.1888821417890714,97,12.206176021597535,17.711708146524913,4.865930677258875,9,0.1355672574958627,0,0.854208231291941,0.3729298710823059,nan
9,3,step,True,20,0.3913953812157383,0.07395879073115132,0.45029835540271934,0.360824054902853,90.62980286426586,4,1.2649703156125822,146,39.06856254105539,54.270125862466735,9.406098600296723,15,0.12619993172197677,0,0.854208231291941,0.3729298710823059,nan
9,3,step,True,21,1.664103941613645,0.23420906654375273,0.07277465176761311,1.1391165315662632,12.120125259295206,4,1.3443735004067154,22,4.361916452474967,6.311822185022759,1.7213828827791333,3,0.1524333559974856,0,0.854208231291941,0.3729298710823059,nan
9,3,step,True,22,1.408979648993165,0.3068529287930959,0.16533938859444647,0.6915377792758998,53.60540342249233,4,1.421516828106679,102,11.690292129160254,17.828186800930926,5.533264505131386,10,0.11301676603614294,0,0.854208231291941,0.3729298710823059,nan
9,3,step,True,23,0.36411673436852154,0.20168236674348258,0.12471637197965432,0.2217320279639587,130.4884664982385,4,1.154610501318598,187,58.77423944120177,76.08309108707158,11.745620564889926,18,0.11532477690833327,0,0.854208231291941,0.3729298710823059,nan
