seed,phase_index,phase,failed,center,radius,sine,pilot_sine,gradient_norm,linear_mass,linear_rank,linear_condition,linear_support,function_mass,n_eff,manifold_mass,manifold_neighbors,slope_min_singular,slope_rank_zero,h,alpha,linear_relative_residual_max
0,0,init,False,0,2.013105417584776,0.2174448374097833,0.10690290741397018,1.2082318982774403,45.25131891809136,4,1.1798474781985144,79,nan,nan,5.199216509276192,7,nan,0,nan,nan,nan
0,0,init,False,1,1.8393261347459855,0.13684135871705055,0.24144588765146913,1.02054557365162,31.940513081492973,4,1.3217857462609153,65,nan,nan,1.7467855830685557,3,nan,0,nan,nan,nan
0,0,init,False,2,0.8324216477026292,0.7114630049654028,0.08631309360335346,0.42633961418034694,95.70652241506949,4,1.2926125639595911,144,nan,nan,7.455274159783111,15,nan,0,nan,nan,nan
0,0,init,False,3,1.7671365625020585,0.03961321154255449,0.05278562666083619,0.9275987289059564,57.55429743684587,4,1.4961967445043285,104,nan,nan,2.4831334089574484,6,nan,0,nan,nan,nan
0,0,init,False,4,0.189190438782976,0.9164486239154734,0.4148584432933423,0.28438677205814034,86.61455688672773,4,1.2253467761845325,137,nan,nan,5.648672757964955,8,nan,0,nan,nan,nan
0,0,init,False,5,0.9624957231516963,0.17410547434053184,0.19381408199477074,0.6436556018911967,100.66230206714853,4,1.401847941884606,152,nan,nan,10.822387356278512,16,nan,0,nan,nan,nan
0,0,init,False,6,1.878120422772648,0.10272125230534178,0.10841157534649223,1.170076458679142,56.30447193552446,4,1.227336443590866,96,nan,nan,8.234775900026559,11,nan,0,nan,nan,nan
0,0,init,False,7,1.1659714895589495,0.5560284913512604,0.10507697372295698,0.7127793246699999,51.99423262134718,4,1.5285894745866542,87,nan,nan,5.164622843548024,8,nan,0,nan,nan,nan
0,0,init,False,8,1.66032737134484,0.3616771357720273,0.0894926862598072,0.9389377553989154,11.819416878870557,4,2.026586931196822,26,nan,nan,1.1330600765125198,2,nan,0,nan,nan,nan
0,0,init,False,9,1.6461682316146562,0.7075019780269136,0.2545545490373319,0.9738572244989234,37.543552928539356,4,1.4412322784247225,65,nan,nan,3.917699326606125,7,nan,0,nan,nan,nan
0,0,init,False,10,2.4714404049555068,0.16768494336027534,0.16768494336027534,1.7253275857301344,10.15448500645655,4,2.4079244265377597,20,nan,nan,1.0,1,nan,0,nan,nan,nan
0,0,init,False,11,0.8931465161478112,0.9998410443283556,0.307911046750844,0.5910489049098231,43.392081459615156,4,1.5331905489234308,83,nan,nan,2.5402436398302823,5,nan,0,nan,nan,nan
0,0,init,False,12,0.8277010638072685,0.9234757739790754,0.167711763160992,0.49240734645412415,99.60092708268655,4,1.1788566064618986,158,nan,nan,6.503056898058879,13,nan,0,nan,nan,nan
0,0,init,False,13,1.6770024361296911,0.3951083595202612,0.06651795239039174,1.1040497441218842,47.8807759883679,4,1.3488019381897085,87,nan,nan,5.796094929690578,8,nan,0,nan,nan,nan
0,0,init,False,14,2.1318195481244704,0.3701690372017466,0.055964765880067734,1.2278878951404717,43.409210194733,4,1.4174425444032683,70,nan,nan,7.812080934878535,12,nan,0,nan,nan,nan
0,0,init,False,15,0.8702271550814301,0.12218783213620464,0.13161740889607412,0.5504888608426778,96.04184728257837,4,1.263563869945345,147,nan,nan,11.412974957699697,15,nan,0,nan,nan,nan
0,0,init,False,16,0.7714455089923629,0.182491907186029,0.39883476748606717,0.5196999475222689,72.69219066972167,4,1.3384043689817446,117,nan,nan,6.015499636012028,9,nan,0,nan,nan,nan
0,0,init,False,17,0.2875326920240055,0.6399936474987591,0.2423152776556495,0.2732558112361853,76.68372379940722,4,1.2368547980033078,133,nan,nan,5.400190936511108,11,nan,0,nan,nan,nan
0,0,init,False,18,1.2405084321280169,0.37494740365869283,0.37494740365869283,0.743132142336476,6.5091475001375025,4,2.7889278686408487,15,nan,nan,1.0,1,nan,0,nan,nan,nan
0,0,init,False,19,1.7323699323297677,0.02630230147908508,0.12211184342088977,1.043615193750532,68.81193320483357,4,1.28081094247929,111,nan,nan,9.183849822990116,13,nan,0,nan,nan,nan
0,0,init,False,20,1.2578374095484226,0.14130953068126717,0.1772736606774362,0.833311457521915,76.88178852690064,4,1.4994073035874473,123,nan,nan,8.209530915034605,14,nan,0,nan,nan,nan
0,0,init,False,21,1.1944097178215622,0.351549392869528,0.08456492099423943,0.6624887745711098,97.01859239689279,4,1.3516191907056236,147,nan,nan,9.395631410131399,16,nan,0,nan,nan,nan
0,0,init,False,22,1.2865519208297453,0.12457130572648209,0.13373718552482963,0.8923724374919266,57.60596565566867,4,1.1434171490671163,94,nan,nan,8.398458156802493,12,nan,0,nan,nan,nan
0,0,init,False,23,1.5882846153801122,0.07261729452772442,0.1373802910210718,0.973890297775329,67.926146062343,4,1.1695569105909993,108,nan,nan,9.526759840338313,15,nan,0,nan,nan,nan
0,1,step,False,0,2.013105417584776,0.09569449348744057,0.10690290741397018,1.2082318982774403,45.25131891809136,4,1.1798474781985144,79,17.4546104486637,23.961986672685068,5.199216509276192,7,0.2341878079802342,0,1.6633575396573566,1.0,2.568662888550016e-15
0,1,step,False,1,1.8393261347459855,0.06228791818707128,0.24144588765146913,1.02054557365162,31.940513081492973,4,1.3217857462609153,65,7.579997456447989,11.752720477847017,1.7467855830685557,3,0.4061306769663613,0,1.6633575396573566,1.0,2.568662888550016e-15
0,1,step,False,2,0.8324216477026292,0.6352712060126671,0.08631309360335346,0.42633961418034694,95.70652241506949,4,1.2926125639595911,144,39.04149238121993,53.52184722682377,7.455274159783111,15,0.2008759120254606,0,1.6633575396573566,1.0,2.568662888550016e-15
0,1,step,False,3,1.7671365625020585,0.12881228280443663,0.05278562666083619,0.9275987289059564,57.55429743684587,4,1.4961967445043285,104,15.163882051344746,22.044532642816744,2.4831334089574484,6,0.4079491407907069,0,1.6633575396573566,1.0,2.568662888550016e-15
0,1,step,False,4,0.189190438782976,0.9389547105640794,0.4148584432933423,0.28438677205814034,86.61455688672773,4,1.2253467761845325,137,25.554443758003906,36.20749948444799,5.648672757964955,8,0.33000901055708504,0,1.6633575396573566,1.0,2.568662888550016e-15
0,1,step,False,5,0.9624957231516963,0.41467350460469476,0.19381408199477074,0.6436556018911967,100.66230206714853,4,1.401847941884606,152,36.74984926202968,53.28940696474683,10.822387356278512,16,0.26663680129711903,0,1.6633575396573566,1.0,2.568662888550016e-15
0,1,step,False,6,1.878120422772648,0.19161523271255285,0.10841157534649223,1.170076458679142,56.30447193552446,4,1.227336443590866,96,16.30466619306752,24.419020375902583,8.234775900026559,11,0.28026680844518853,0,1.6633575396573566,1.0,2.568662888550016e-15
0,1,step,False,7,1.1659714895589495,0.39779172953012,0.10507697372295698,0.7127793246699999,51.99423262134718,4,1.5285894745866542,87,16.326597374167847,24.162443271568044,5.164622843548024,8,0.2291876680159608,0,1.6633575396573566,1.0,2.568662888550016e-15
0,1,step,False,8,1.66032737134484,0.4343289020043081,0.0894926862598072,0.9389377553989154,11.819416878870557,4,2.026586931196822,26,2.6138256365694463,3.5187503479523827,1.1330600765125198,2,0.3462248604752021,0,1.6633575396573566,1.0,2.568662888550016e-15
0,1,step,False,9,1.6461682316146562,0.818576314208622,0.2545545490373319,0.9738572244989234,37.543552928539356,4,1.4412322784247225,65,8.956131186618911,14.270276243278207,3.917699326606125,7,0.2545284961285963,0,1.6633575396573566,1.0,2.568662888550016e-15
0,1,step,False,10,2.4714404049555068,0.08567601266526634,0.16768494336027534,1.7253275857301344,10.15448500645655,4,2.4079244265377597,20,2.669960647565716,4.015252184866382,1.0,1,0.4564196426202818,0,1.6633575396573566,1.0,2.568662888550016e-15
0,1,step,False,11,0.8931465161478112,0.9999935211859299,0.307911046750844,0.5910489049098231,43.392081459615156,4,1.5331905489234308,83,9.28373646072881,14.054071923001677,2.5402436398302823,5,0.36188962938819164,0,1.6633575396573566,1.0,2.568662888550016e-15
0,1,step,False,12,0.8277010638072685,0.8802466471605239,0.167711763160992,0.49240734645412415,99.60092708268655,4,1.1788566064618986,158,32.30047513535959,45.83697318429608,6.503056898058879,13,0.3460537097833325,0,1.6633575396573566,1.0,2.568662888550016e-15
0,1,step,False,13,1.6770024361296911,0.4611539393682948,0.06651795239039174,1.1040497441218842,47.8807759883679,4,1.3488019381897085,87,11.445401823981266,18.815252933834888,5.796094929690578,8,0.28866090548570816,0,1.6633575396573566,1.0,2.568662888550016e-15
0,1,step,False,14,2.1318195481244704,0.41326580013949876,0.055964765880067734,1.2278878951404717,43.409210194733,4,1.4174425444032683,70,15.236600952775309,20.434156746746734,7.812080934878535,12,0.27050316949120173,0,1.6633575396573566,1.0,2.568662888550016e-15
0,1,step,False,15,0.8702271550814301,0.23813773191994334,0.13161740889607412,0.5504888608426778,96.04184728257837,4,1.263563869945345,147,43.99338190045703,58.48920776596773,11.412974957699697,15,0.27431398953439745,0,1.6633575396573566,1.0,2.568662888550016e-15
0,1,step,False,16,0.7714455089923629,0.11468620925008063,0.39883476748606717,0.5196999475222689,72.69219066972167,4,1.3384043689817446,117,23.329803068498148,35.481925059749955,6.015499636012028,9,0.23278595649752418,0,1.6633575396573566,1.0,2.568662888550016e-15
0,1,step,False,17,0.2875326920240055,0.5841298200815173,0.2423152776556495,0.2732558112361853,76.68372379940722,4,1.2368547980033078,133,26.466136655396323,37.70596262011128,5.400190936511108,11,0.37727897493305623,0,1.6633575396573566,1.0,2.568662888550016e-15
0,1,step,False,18,1.2405084321280169,0.30660866143546617,0.37494740365869283,0.743132142336476,6.5091475001375025,4,2.7889278686408487,15,2.433744948698688,3.3874532556079515,1.0,1,0.32181078131890356,0,1.6633575396573566,1.0,2.568662888550016e-15
0,1,step,False,19,1.7323699323297677,0.03728641264676282,0.12211184342088977,1.043615193750532,68.81193320483357,4,1.28081094247929,111,24.393795253637936,32.912126769974215,9.183849822990116,13,0.27814097387117903,0,1.6633575396573566,1.0,2.568662888550016e-15
0,1,step,False,20,1.2578374095484226,0.18226348734002454,0.1772736606774362,0.833311457521915,76.88178852690064,4,1.4994073035874473,123,23.194459139978036,34.79255635761158,8.209530915034605,14,0.19815689689292795,0,1.6633575396573566,1.0,2.568662888550016e-15
0,1,step,False,21,1.1944097178215622,0.39566421658476053,0.08456492099423943,0.6624887745711098,97.01859239689279,4,1.3516191907056236,147,37.18784215673985,49.2169066251834,9.395631410131399,16,0.22130818432674942,0,1.6633575396573566,1.0,2.568662888550016e-15
0,1,step,False,22,1.2865519208297453,0.07289100880789434,0.13373718552482963,0.8923724374919266,57.60596565566867,4,1.1434171490671163,94,18.698269447754594,25.416132723044406,8.398458156802493,12,0.27707750895920336,0,1.6633575396573566,1.0,2.568662888550016e-15
0,1,step,False,23,1.5882846153801122,0.060417163846508144,0.1373802910210718,0.973890297775329,67.926146062343,4,1.1695569105909993,108,23.620896660295074,30.167718623983,9.526759840338313,15,0.2765753340690145,0,1.6633575396573566,1.0,2.568662888550016e-15
0,2,step,False,0,2.013105417584776,0.09635705802630459,0.10690290741397018,1.2082318982774403,45.25131891809136,4,1.1798474781985144,79,14.084529393350914,18.842488104807853,5.199216509276192,7,0.16629522734933086,0,1.1761713958294884,0.6075285822153091,1.75290197857333e-15
0,2,step,False,1,1.8393261347459855,0.04815157453203705,0.24144588765146913,1.02054557365162,31.940513081492973,4,1.3217857462609153,65,7.788507645442921,11.388065761307777,1.7467855830685557,3,0.13464412077134819,0,1.1761713958294884,0.6075285822153091,1.75290197857333e-15
0,2,step,False,2,0.8324216477026292,0.5300362608212205,0.08631309360335346,0.42633961418034694,95.70652241506949,4,1.2926125639595911,144,40.61706769725833,54.476480259973776,7.455274159783111,15,0.20726799448672323,0,1.1761713958294884,0.6075285822153091,1.75290197857333e-15
0,2,step,False,3,1.7671365625020585,0.04936402095970394,0.05278562666083619,0.9275987289059564,57.55429743684587,4,1.4961967445043285,104,13.277200436057937,17.425042229796585,2.4831334089574484,6,0.13448046302645894,0,1.1761713958294884,0.6075285822153091,1.75290197857333e-15
0,2,step,False,4,0.189190438782976,0.9610089195446342,0.4148584432933423,0.28438677205814034,86.61455688672773,4,1.2253467761845325,137,29.065299606629807,40.73462744754321,5.648672757964955,8,0.20000065282642518,0,1.1761713958294884,0.6075285822153091,1.75290197857333e-15
0,2,step,False,5,0.9624957231516963,0.3958838529465603,0.19381408199477074,0.6436556018911967,100.66230206714853,4,1.401847941884606,152,36.186202956848945,50.64401239997513,10.822387356278512,16,0.20570666367488052,0,1.1761713958294884,0.6075285822153091,1.75290197857333e-15
0,2,step,False,6,1.878120422772648,0.19386031322141095,0.10841157534649223,1.170076458679142,56.30447193552446,4,1.227336443590866,96,14.745239553726169,20.406920867276106,8.234775900026559,11,0.2304792145645688,0,1.1761713958294884,0.6075285822153091,1.75290197857333e-15
0,2,step,False,7,1.1659714895589495,0.3703767930939707,0.10507697372295698,0.7127793246699999,51.99423262134718,4,1.5285894745866542,87,16.986720342065343,24.480151073987216,5.164622843548024,8,0.1572831595259748,0,1.1761713958294884,0.6075285822153091,1.75290197857333e-15
0,2,step,False,8,1.66032737134484,0.5513038511870665,0.0894926862598072,0.9389377553989154,11.819416878870557,4,2.026586931196822,26,2.6661637120218495,3.474229066068073,1.1330600765125198,2,0.12247416275578502,0,1.1761713958294884,0.6075285822153091,1.75290197857333e-15
0,2,step,False,9,1.6461682316146562,0.9233050918638783,0.2545545490373319,0.9738572244989234,37.543552928539356,4,1.4412322784247225,65,11.633561734749314,18.212545911196994,3.917699326606125,7,0.24169618260452544,0,1.1761713958294884,0.6075285822153091,1.75290197857333e-15
0,2,step,False,10,2.4714404049555068,0.08567601266526374,0.16768494336027534,1.7253275857301344,10.15448500645655,4,2.4079244265377597,20,1.7208404775388224,1.9487171129417626,1.0,1,0.24203924198460236,0,1.1761713958294884,0.6075285822153091,1.75290197857333e-15
0,2,step,False,11,0.8931465161478112,0.9910174415686231,0.307911046750844,0.5910489049098231,43.392081459615156,4,1.5331905489234308,83,11.003748669365248,15.695545425383607,2.5402436398302823,5,0.2732610495223945,0,1.1761713958294884,0.6075285822153091,1.75290197857333e-15
0,2,step,False,12,0.8277010638072685,0.8995783533760433,0.167711763160992,0.49240734645412415,99.60092708268655,4,1.1788566064618986,158,36.10256467174385,51.795068742767235,6.503056898058879,13,0.20187831396109956,0,1.1761713958294884,0.6075285822153091,1.75290197857333e-15
0,2,step,False,13,1.6770024361296911,0.49164531296481445,0.06651795239039174,1.1040497441218842,47.8807759883679,4,1.3488019381897085,87,10.93305196011185,16.957787830292318,5.796094929690578,8,0.21772823412659686,0,1.1761713958294884,0.6075285822153091,1.75290197857333e-15
0,2,step,False,14,2.1318195481244704,0.4611940796120825,0.055964765880067734,1.2278878951404717,43.409210194733,4,1.4174425444032683,70,12.726360716296153,15.903366253544158,7.812080934878535,12,0.22115993645289167,0,1.1761713958294884,0.6075285822153091,1.75290197857333e-15
0,2,step,False,15,0.8702271550814301,0.25812019334761016,0.13161740889607412,0.5504888608426778,96.04184728257837,4,1.263563869945345,147,41.08335287147556,55.15956872378609,11.412974957699697,15,0.20641662063964547,0,1.1761713958294884,0.6075285822153091,1.75290197857333e-15
0,2,step,False,16,0.7714455089923629,0.12559851705541245,0.39883476748606717,0.5196999475222689,72.69219066972167,4,1.3384043689817446,117,24.984166177568216,37.22859843398417,6.015499636012028,9,0.17143727213908494,0,1.1761713958294884,0.6075285822153091,1.75290197857333e-15
0,2,step,False,17,0.2875326920240055,0.6076462663917968,0.2423152776556495,0.2732558112361853,76.68372379940722,4,1.2368547980033078,133,30.28410822757899,41.45638919455761,5.40019093651111,11,0.23039118691493984,0,1.1761713958294884,0.6075285822153091,1.75290197857333e-15
0,2,step,False,18,1.2405084321280169,0.2789412565618244,0.37494740365869283,0.743132142336476,6.5091475001375025,4,2.7889278686408487,15,2.612455660499131,3.7175369941844343,1.0,1,0.1981516992973027,0,1.1761713958294884,0.6075285822153091,1.75290197857333e-15
0,2,step,False,19,1.7323699323297677,0.10685934309475993,0.12211184342088977,1.043615193750532,68.81193320483357,4,1.28081094247929,111,19.978028990870822,26.574207246085464,9.183849822990116,13,0.21753208162497037,0,1.1761713958294884,0.6075285822153091,1.75290197857333e-15
0,2,step,False,20,1.2578374095484226,0.14785728958662356,0.1772736606774362,0.833311457521915,76.88178852690064,4,1.4994073035874473,123,22.983023548100586,34.22133825564742,8.209530915034605,14,0.20448239940009308,0,1.1761713958294884,0.6075285822153091,1.75290197857333e-15
0,2,step,False,21,1.1944097178215622,0.2776427532809608,0.08456492099423943,0.6624887745711098,97.01859239689279,4,1.3516191907056236,147,38.15173518899602,49.963219344722155,9.395631410131399,16,0.20053629308465845,0,1.1761713958294884,0.6075285822153091,1.75290197857333e-15
0,2,step,False,22,1.2865519208297453,0.1651954991398963,0.13373718552482963,0.8923724374919266,57.60596565566867,4,1.1434171490671163,94,19.24756750892849,26.23638105564255,8.398458156802493,12,0.23271722180359403,0,1.1761713958294884,0.6075285822153091,1.75290197857333e-15
0,2,step,False,23,1.5882846153801122,0.15060217653608604,0.1373802910210718,0.973890297775329,67.926146062343,4,1.1695569105909993,108,21.13851956681315,27.561457219623133,9.526759840338313,15,0.21965424796767474,0,1.1761713958294884,0.6075285822153091,1.75290197857333e-15
0,3,step,False,0,2.013105417584776,0.061093295327120205,0.10690290741397018,1.2082318982774403,45.25131891809136,4,1.1798474781985144,79,11.64695216487343,14.866340345342707,5.199216509276192,7,0.11610686425659725,0,0.8316787698286782,0.3647502362728119,1.1469646966458803e-14
0,3,step,False,1,1.8393261347459855,0.049134195353667594,0.24144588765146913,1.02054557365162,31.940513081492973,4,1.3217857462609153,65,8.947884244617484,12.003895528081706,1.7467855830685557,3,0.09237094893932356,0,0.8316787698286782,0.3647502362728119,1.1469646966458803e-14
0,3,step,False,2,0.8324216477026292,0.7014391444788379,0.08631309360335346,0.42633961418034694,95.70652241506949,4,1.2926125639595911,144,41.4030021449099,54.79261437583665,7.455274159783111,15,0.07995337819991728,0,0.8316787698286782,0.3647502362728119,1.1469646966458803e-14
0,3,step,False,3,1.7671365625020585,0.022820056837048748,0.05278562666083619,0.9275987289059564,57.55429743684587,4,1.4961967445043285,104,12.745092967763753,15.48143067627858,2.4831334089574484,6,0.08360163011659748,0,0.8316787698286782,0.3647502362728119,1.1469646966458803e-14
0,3,step,False,4,0.189190438782976,0.984251444993799,0.4148584432933423,0.28438677205814034,86.61455688672773,4,1.2253467761845325,137,33.24192997951313,46.25755349823262,5.648672757964955,8,0.11856124521169444,0,0.8316787698286782,0.3647502362728119,1.1469646966458803e-14
0,3,step,False,5,0.9624957231516963,0.27295574499086944,0.19381408199477074,0.6436556018911967,100.66230206714853,4,1.401847941884606,152,34.17825076591053,47.69710869574755,10.822387356278512,16,0.12133670767657768,0,0.8316787698286782,0.3647502362728119,1.1469646966458803e-14
0,3,step,False,6,1.878120422772648,0.1701333570068862,0.10841157534649223,1.170076458679142,56.30447193552446,4,1.227336443590866,96,13.692668926584169,17.956004724621575,8.234775900026559,11,0.13041925286275297,0,0.8316787698286782,0.3647502362728119,1.1469646966458803e-14
0,3,step,False,7,1.1659714895589495,0.4288831738261743,0.10507697372295698,0.7127793246699999,51.99423262134718,4,1.5285894745866542,87,17.897445798355772,25.923899030294315,5.164622843548024,8,0.11238748947291552,0,0.8316787698286782,0.3647502362728119,1.1469646966458803e-14
0,3,step,False,8,1.66032737134484,0.15448993796908667,0.0894926862598072,0.9389377553989154,11.819416878870557,4,2.026586931196822,26,5.237772839851342,8.881456112301258,1.1330600765125198,2,0.12613735654443206,0,0.8316787698286782,0.3647502362728119,1.1469646966458803e-14
0,3,step,False,9,1.6461682316146562,0.9338245086379697,0.2545545490373319,0.9738572244989234,37.543552928539356,4,1.4412322784247225,65,13.086438061095702,19.810166900894075,3.917699326606125,7,0.12172272939821843,0,0.8316787698286782,0.3647502362728119,1.1469646966458803e-14
0,3,step,False,10,2.4714404049555068,0.08201143509679781,0.16768494336027534,1.7253275857301344,10.15448500645655,4,2.4079244265377597,20,1.7595395368419704,2.005925512584735,1.0,1,0.19467336973557403,0,0.8316787698286782,0.3647502362728119,1.1469646966458803e-14
0,3,step,False,11,0.8931465161478112,0.9787619118328811,0.307911046750844,0.5910489049098231,43.392081459615156,4,1.5331905489234308,83,13.398760773629874,20.66874714386781,2.5402436398302823,5,0.17181211113094766,0,0.8316787698286782,0.3647502362728119,1.1469646966458803e-14
0,3,step,False,12,0.8277010638072685,0.8861690889612177,0.167711763160992,0.49240734645412415,99.60092708268655,4,1.1788566064618986,158,41.831127382092,61.260422132189404,6.503056898058879,13,0.11540751963406769,0,0.8316787698286782,0.3647502362728119,1.1469646966458803e-14
0,3,step,False,13,1.6770024361296911,0.4054242185184878,0.06651795239039174,1.1040497441218842,47.8807759883679,4,1.3488019381897085,87,12.21776771835404,17.926950146055784,5.796094929690578,8,0.1384049279942721,0,0.8316787698286782,0.3647502362728119,1.1469646966458803e-14
0,3,step,False,14,2.1318195481244704,0.5095322262375105,0.055964765880067734,1.2278878951404717,43.409210194733,4,1.4174425444032683,70,11.311734257136774,14.495234935284868,7.812080934878535,12,0.12032335301577483,0,0.8316787698286782,0.3647502362728119,1.1469646966458803e-14
0,3,step,False,15,0.8702271550814301,0.37379160826282576,0.13161740889607412,0.5504888608426778,96.04184728257837,4,1.263563869945345,147,35.300264994758834,47.23127419270731,11.412974957699697,15,0.12936836911237867,0,0.8316787698286782,0.3647502362728119,1.1469646966458803e-14
0,3,step,False,16,0.7714455089923629,0.06803718810569581,0.39883476748606717,0.5196999475222689,72.69219066972167,4,1.3384043689817446,117,25.656776456878138,38.03134529722428,6.015499636012028,9,0.11778800946053597,0,0.8316787698286782,0.3647502362728119,1.1469646966458803e-14
0,3,step,False,17,0.2875326920240055,0.5798643630493842,0.2423152776556495,0.2732558112361853,76.68372379940722,4,1.2368547980033078,133,33.38112019108835,47.78299871148966,5.400190936511108,11,0.13386464605706364,0,0.8316787698286782,0.3647502362728119,1.1469646966458803e-14
0,3,step,False,18,1.2405084321280169,0.26093788451370076,0.37494740365869283,0.743132142336476,6.5091475001375025,4,2.7889278686408487,15,2.189568614924582,2.80598652398284,1.0,1,0.17572693183176605,0,0.8316787698286782,0.3647502362728119,1.1469646966458803e-14
0,3,step,False,19,1.7323699323297677,0.109575501258179,0.12211184342088977,1.043615193750532,68.81193320483357,4,1.28081094247929,111,17.355616596945758,21.848974033063534,9.183849822990116,13,0.1295688534510388,0,0.8316787698286782,0.3647502362728119,1.1469646966458803e-14
0,3,step,False,20,1.2578374095484226,0.11817349619986522,0.1772736606774362,0.833311457521915,76.88178852690064,4,1.4994073035874473,123,22.38851404915691,31.57487741368984,8.209530915034605,14,0.08250714190191591,0,0.8316787698286782,0.3647502362728119,1.1469646966458803e-14
0,3,step,False,21,1.1944097178215622,0.12162441751793818,0.08456492099423943,0.6624887745711098,97.01859239689279,4,1.3516191907056236,147,36.51684804685606,48.54881745368964,9.395631410131399,16,0.11281145969649728,0,0.8316787698286782,0.3647502362728119,1.1469646966458803e-14
0,3,step,False,22,1.2865519208297453,0.2578827332517721,0.13373718552482963,0.8923724374919266,57.60596565566867,4,1.1434171490671163,94,16.795705049617705,22.259631495098837,8.398458156802493,12,0.12754767836424172,0,0.8316787698286782,0.3647502362728119,1.1469646966458803e-14
0,3,step,False,23,1.5882846153801122,0.21494373028696992,0.1373802910210718,0.973890297775329,67.926146062343,4,1.1695569105909993,108,17.819242900108364,21.230873597497514,9.526759840338313,15,0.12782352498984162,0,0.8316787698286782,0.3647502362728119,1.1469646966458803e-14
1,0,init,False,0,1.5749285892107503,0.15842792477046094,0.05266626956231886,1.0456497293241727,58.1255192699806,4,1.3359299744479276,100,nan,nan,5.238240656996116,9,nan,0,nan,nan,nan
1,0,init,False,1,1.2597795664531544,0.08303181458362677,0.006743372039069341,0.8630006868235384,73.4203802244768,4,1.3014780187753279,119,nan,nan,6.831369053373025,10,nan,0,nan,nan,nan
1,0,init,False,2,1.321130606706036,0.5465428472588522,0.11543906753709644,0.8806445562429156,64.21333978017283,4,1.3680608408512542,109,nan,nan,5.298630926627023,9,nan,0,nan,nan,nan
1,0,init,False,3,0.7822524636658202,0.17743246711632563,0.44164496573085077,0.5516281588328207,31.65460114810914,4,1.5401210518536577,63,nan,nan,2.788851149996098,5,nan,0,nan,nan,nan
1,0,init,False,4,0.34434947603663596,0.05407378571424687,0.2629529020266202,0.26148535687877,110.76965662245044,4,1.2506721675324675,171,nan,nan,11.20504061218888,21,nan,0,nan,nan,nan
1,0,init,False,5,1.4417495312968414,0.6091088099520009,0.11580421223612355,0.8189884660021316,58.85843969092172,4,1.443776098345645,109,nan,nan,4.311402072768068,9,nan,0,nan,nan,nan
1,0,init,False,6,1.00972397712654,0.07148775139552857,0.17363996065201645,0.5395588078365875,53.26794803322947,4,1.4548996150584552,93,nan,nan,7.568142618123886,10,nan,0,nan,nan,nan
1,0,init,False,7,1.2185947329704703,0.1488812836013955,0.24195347621371185,0.8414793850028799,59.776321990038106,4,1.5824914426247365,102,nan,nan,6.188270995063459,12,nan,0,nan,nan,nan
1,0,init,False,8,1.0529759994370083,0.5242669413239024,0.22055200303460834,0.6576183775429378,90.63043919268989,4,1.2089503562504371,135,nan,nan,10.243738806134445,13,nan,0,nan,nan,nan
1,0,init,False,9,0.29021406196150945,0.9972775762942552,0.9670807746197337,0.1982428341906109,86.10041172850613,4,1.3027633038404485,140,nan,nan,10.398365330138075,14,nan,0,nan,nan,nan
1,0,init,False,10,1.385073693952201,0.5844187583838942,0.13215962103503467,0.789350777110115,71.91980943756451,4,1.3079830281169158,120,nan,nan,7.313370634066769,11,nan,0,nan,nan,nan
1,0,init,False,11,1.039287979344075,0.3063894518937626,0.23118558247061435,0.5870922888283767,44.593612143074274,4,1.4179461310870287,80,nan,nan,3.392272490495242,6,nan,0,nan,nan,nan
1,0,init,False,12,1.093621695593289,0.12446355055298274,0.13041988552657197,0.7660395917318017,83.87676452846466,4,1.2362845540544831,127,nan,nan,9.68120711173227,11,nan,0,nan,nan,nan
1,0,init,False,13,0.9736580260817508,0.7903096867468709,0.3084883333299315,0.5869158572797941,60.767410951634155,4,1.3012547771511178,99,nan,nan,6.9109678929701035,12,nan,0,nan,nan,nan
1,0,init,False,14,1.313802687997899,0.37710905669115635,0.1646470576684292,0.8547961781115798,76.4711253420775,4,1.2740067003456363,123,nan,nan,7.941751947079538,10,nan,0,nan,nan,nan
1,0,init,False,15,2.345362840709062,0.24562355743163694,0.18844460267552837,1.3936670035970806,15.315387151269974,4,1.6743011216639352,34,nan,nan,1.3334986384996432,3,nan,0,nan,nan,nan
1,0,init,False,16,0.720181991764751,0.03233784094690507,0.0724206453001821,0.48166211738700226,73.38432044625401,4,1.3478844172948343,114,nan,nan,6.052202474957328,10,nan,0,nan,nan,nan
1,0,init,False,17,1.2805013366604237,0.45030100316853766,0.24353558287222207,0.7707768203473779,39.55629964356406,4,1.4893567238615686,75,nan,nan,3.047920137916333,4,nan,0,nan,nan,nan
1,0,init,False,18,0.8160002170453344,0.6948640048518233,0.1885685474603186,0.5495810023567146,80.73122378063826,4,1.2727468403386215,129,nan,nan,8.40331275726238,14,nan,0,nan,nan,nan
1,0,init,False,19,1.3316689125660606,0.1680939425103951,0.12630496662992002,0.9147970231724395,15.966969068378386,4,1.6890374174626903,37,nan,nan,2.077002984703749,4,nan,0,nan,nan,nan
1,0,init,False,20,1.542113069582152,0.24014172447175758,0.08537846206211981,0.9928620230514716,50.35094875946201,4,1.2156112198778257,85,nan,nan,4.816744564870445,7,nan,0,nan,nan,nan
1,0,init,False,21,2.0051335288065353,0.2438762665289221,0.0741215130623265,1.330418673404337,35.97508400818381,4,1.362173227191439,63,nan,nan,3.877426918209244,7,nan,0,nan,nan,nan
1,0,init,False,22,2.5644615416402696,0.14977112997604028,0.1497711299760425,1.5824513265501605,17.124575495420004,4,1.6590726355233671,30,nan,nan,1.0,1,nan,0,nan,nan,nan
1,0,init,False,23,1.107052378092518,0.4596771889072396,0.19492534343252502,0.6743392677323732,87.14941156343991,4,1.3010299865835984,137,nan,nan,8.080269225827912,12,nan,0,nan,nan,nan
1,1,step,False,0,1.5749285892107503,0.21075937876860032,0.05266626956231886,1.0456497293241727,58.1255192699806,4,1.3359299744479276,100,20.59852130321884,28.479483566494398,5.238240656996116,9,0.2891763042616185,0,1.6558287014937831,1.0,5.311992756861758e-16
1,1,step,False,1,1.2597795664531544,0.12735663734453437,0.006743372039069341,0.8630006868235384,73.4203802244768,4,1.3014780187753279,119,28.40386179477597,38.63465136606058,6.831369053373025,10,0.35067234354550264,0,1.6558287014937831,1.0,5.311992756861758e-16
1,1,step,False,2,1.321130606706036,0.6038422196989659,0.11543906753709644,0.8806445562429156,64.21333978017283,4,1.3680608408512542,109,17.855639041357886,25.868303825078737,5.298630926627023,9,0.42081040407852144,0,1.6558287014937831,1.0,5.311992756861758e-16
1,1,step,False,3,0.7822524636658202,0.17299089270077714,0.44164496573085077,0.5516281588328207,31.65460114810914,4,1.5401210518536577,63,8.489344067855889,12.618002529473353,2.788851149996098,5,0.3569530458952266,0,1.6558287014937831,1.0,5.311992756861758e-16
1,1,step,False,4,0.34434947603663596,0.09851153146816843,0.2629529020266202,0.26148535687877,110.76965662245044,4,1.2506721675324675,171,43.47201625408509,59.248157521185114,11.20504061218888,21,0.2891219864130743,0,1.6558287014937831,1.0,5.311992756861758e-16
1,1,step,False,5,1.4417495312968414,0.6402522425672639,0.11580421223612355,0.8189884660021316,58.85843969092172,4,1.443776098345645,109,19.740985148939526,26.420632451306382,4.311402072768068,9,0.36962691703193434,0,1.6558287014937831,1.0,5.311992756861758e-16
1,1,step,False,6,1.00972397712654,0.16117118154133123,0.17363996065201645,0.5395588078365875,53.26794803322947,4,1.4548996150584552,93,13.887473030153876,19.684940243892243,7.568142618123886,10,0.33024120364086834,0,1.6558287014937831,1.0,5.311992756861758e-16
1,1,step,False,7,1.2185947329704703,0.11254086062473147,0.24195347621371185,0.8414793850028799,59.776321990038106,4,1.5824914426247365,102,18.89287660936788,29.191093076605014,6.188270995063459,12,0.256747368701968,0,1.6558287014937831,1.0,5.311992756861758e-16
1,1,step,False,8,1.0529759994370083,0.4634330524649531,0.22055200303460834,0.6576183775429378,90.63043919268989,4,1.2089503562504371,135,32.77956836697321,48.72410113322512,10.243738806134445,13,0.32548013379960533,0,1.6558287014937831,1.0,5.311992756861758e-16
1,1,step,False,9,0.29021406196150945,0.9976749875683787,0.9670807746197337,0.1982428341906109,86.10041172850613,4,1.3027633038404485,140,27.769282057771342,40.20620643288194,10.398365330138075,14,0.31455005201579517,0,1.6558287014937831,1.0,5.311992756861758e-16
1,1,step,False,10,1.385073693952201,0.46385771417544913,0.13215962103503467,0.789350777110115,71.91980943756451,4,1.3079830281169158,120,20.951430197476885,31.43172029939866,7.313370634066769,11,0.3366005010001311,0,1.6558287014937831,1.0,5.311992756861758e-16
1,1,step,False,11,1.039287979344075,0.5317935318698234,0.23118558247061435,0.5870922888283767,44.593612143074274,4,1.4179461310870287,80,13.294875268863809,18.783504810958583,3.392272490495242,6,0.3526515878746207,0,1.6558287014937831,1.0,5.311992756861758e-16
1,1,step,False,12,1.093621695593289,0.14289832302032285,0.13041988552657197,0.7660395917318017,83.87676452846466,4,1.2362845540544831,127,27.190900311888967,38.4470171310464,9.68120711173227,11,0.3409812605052137,0,1.6558287014937831,1.0,5.311992756861758e-16
1,1,step,False,13,0.9736580260817508,0.7743064594965469,0.3084883333299315,0.5869158572797941,60.767410951634155,4,1.3012547771511178,99,21.54043517163722,30.648319502897117,6.9109678929701035,12,0.28771194772299974,0,1.6558287014937831,1.0,5.311992756861758e-16
1,1,step,False,14,1.313802687997899,0.28340872732458433,0.1646470576684292,0.8547961781115798,76.4711253420775,4,1.2740067003456363,123,23.89193754753978,34.23326527540986,7.941751947079538,10,0.3461767896164297,0,1.6558287014937831,1.0,5.311992756861758e-16
1,1,step,False,15,2.345362840709062,0.22508825838754246,0.18844460267552837,1.3936670035970806,15.315387151269974,4,1.6743011216639352,34,4.427949622695897,5.644182069735404,1.3334986384996432,3,0.3233951745079321,0,1.6558287014937831,1.0,5.311992756861758e-16
1,1,step,False,16,0.720181991764751,0.09406435009582433,0.0724206453001821,0.48166211738700226,73.38432044625401,4,1.3478844172948343,114,23.475585983024153,33.17452902246887,6.052202474957328,10,0.34811229422841516,0,1.6558287014937831,1.0,5.311992756861758e-16
1,1,step,False,17,1.2805013366604237,0.4992463661267132,0.24353558287222207,0.7707768203473779,39.55629964356406,4,1.4893567238615686,75,10.523665166772878,14.662491689527567,3.047920137916333,4,0.36317450531045337,0,1.6558287014937831,1.0,5.311992756861758e-16
1,1,step,False,18,0.8160002170453344,0.7421328793879794,0.1885685474603186,0.5495810023567146,80.73122378063826,4,1.2727468403386215,129,32.66170119490752,44.752394551646056,8.40331275726238,14,0.3661316267161735,0,1.6558287014937831,1.0,5.311992756861758e-16
1,1,step,False,19,1.3316689125660606,0.2924377416925626,0.12630496662992002,0.9147970231724395,15.966969068378386,4,1.6890374174626903,37,4.3985871138572925,6.061376886082964,2.077002984703749,4,0.2860830451724546,0,1.6558287014937831,1.0,5.311992756861758e-16
1,1,step,False,20,1.542113069582152,0.2974349976898898,0.08537846206211981,0.9928620230514716,50.35094875946201,4,1.2156112198778257,85,20.03590346947051,26.433112217440037,4.816744564870445,7,0.3630151262863639,0,1.6558287014937831,1.0,5.311992756861758e-16
1,1,step,False,21,2.0051335288065353,0.2572328877568098,0.0741215130623265,1.330418673404337,35.97508400818381,4,1.362173227191439,63,9.382836345731043,13.858680499475671,3.877426918209244,7,0.3455395359795527,0,1.6558287014937831,1.0,5.311992756861758e-16
1,1,step,False,22,2.5644615416402696,0.021431773165292014,0.1497711299760425,1.5824513265501605,17.124575495420004,4,1.6590726355233671,30,5.308346200309086,7.6139791156360435,1.0,1,0.342127075200852,0,1.6558287014937831,1.0,5.311992756861758e-16
1,1,step,False,23,1.107052378092518,0.36108296333391415,0.19492534343252502,0.6743392677323732,87.14941156343991,4,1.3010299865835984,137,31.026278731325654,43.39158199341926,8.080269225827912,12,0.3453887449052877,0,1.6558287014937831,1.0,5.311992756861758e-16
1,2,step,False,0,1.5749285892107503,0.19318888215807054,0.05266626956231886,1.0456497293241727,58.1255192699806,4,1.3359299744479276,100,20.512262776456943,27.84300290082707,5.238240656996116,9,0.2342583839248172,0,1.1708477033095694,0.609335720539093,3.0399228864417303e-15
1,2,step,False,1,1.2597795664531544,0.09884271091997782,0.006743372039069341,0.8630006868235384,73.4203802244768,4,1.3014780187753279,119,28.78636530103574,38.429048318099575,6.831369053373025,10,0.22746750859502335,0,1.1708477033095694,0.609335720539093,3.0399228864417303e-15
1,2,step,False,2,1.321130606706036,0.6157242865556083,0.11543906753709644,0.8806445562429156,64.21333978017283,4,1.3680608408512542,109,17.084608149848215,24.15273849478353,5.298630926627023,9,0.2251817450923164,0,1.1708477033095694,0.609335720539093,3.0399228864417303e-15
1,2,step,False,3,0.7822524636658202,0.07176280860302532,0.44164496573085077,0.5516281588328207,31.65460114810914,4,1.5401210518536577,63,9.352800695789403,13.84187150685431,2.788851149996098,5,0.3285631909356894,0,1.1708477033095694,0.609335720539093,3.0399228864417303e-15
1,2,step,False,4,0.34434947603663596,0.13195741557353055,0.2629529020266202,0.26148535687877,110.76965662245044,4,1.2506721675324675,171,44.17130668635084,59.620008004327374,11.20504061218888,21,0.13855482127047306,0,1.1708477033095694,0.609335720539093,3.0399228864417303e-15
1,2,step,False,5,1.4417495312968414,0.6103172568923118,0.11580421223612355,0.8189884660021316,58.85843969092172,4,1.443776098345645,109,20.311357085850737,27.719449839631732,4.311402072768067,9,0.23401269056193577,0,1.1708477033095694,0.609335720539093,3.0399228864417303e-15
1,2,step,False,6,1.00972397712654,0.09495172325160736,0.17363996065201645,0.5395588078365875,53.26794803322947,4,1.4548996150584552,93,15.365726158994965,20.13937690865496,7.568142618123886,10,0.1282181407231502,0,1.1708477033095694,0.609335720539093,3.0399228864417303e-15
1,2,step,False,7,1.2185947329704703,0.15494914350524122,0.24195347621371185,0.8414793850028799,59.776321990038106,4,1.5824914426247365,102,17.429967437803963,25.935324019872365,6.188270995063459,12,0.25466882226225707,0,1.1708477033095694,0.609335720539093,3.0399228864417303e-15
1,2,step,False,8,1.0529759994370083,0.20777931107828318,0.22055200303460834,0.6576183775429378,90.63043919268989,4,1.2089503562504371,135,34.400574457816916,49.05062141747197,10.243738806134445,13,0.18909731684334408,0,1.1708477033095694,0.609335720539093,3.0399228864417303e-15
1,2,step,False,9,0.29021406196150945,0.9892107822877516,0.9670807746197337,0.1982428341906109,86.10041172850613,4,1.3027633038404485,140,25.369408813066244,35.69530076855501,10.398365330138075,14,0.15501187870185232,0,1.1708477033095694,0.609335720539093,3.0399228864417303e-15
1,2,step,False,10,1.385073693952201,0.29960687081442516,0.13215962103503467,0.789350777110115,71.91980943756451,4,1.3079830281169158,120,22.11563280203936,32.141270603958134,7.313370634066769,11,0.17266983183684576,0,1.1708477033095694,0.609335720539093,3.0399228864417303e-15
1,2,step,False,11,1.039287979344075,0.36987464056715014,0.23118558247061435,0.5870922888283767,44.593612143074274,4,1.4179461310870287,80,12.605032060167026,17.480803307596872,3.392272490495242,6,0.13334259015530683,0,1.1708477033095694,0.609335720539093,3.0399228864417303e-15
1,2,step,False,12,1.093621695593289,0.09234469085581044,0.13041988552657197,0.7660395917318017,83.87676452846466,4,1.2362845540544831,127,28.416734362804103,38.55414407385205,9.68120711173227,11,0.13242866604253228,0,1.1708477033095694,0.609335720539093,3.0399228864417303e-15
1,2,step,False,13,0.9736580260817508,0.5372383996237764,0.3084883333299315,0.5869158572797941,60.767410951634155,4,1.3012547771511178,99,23.03982169620399,34.21922646747955,6.9109678929701035,12,0.23168446481955682,0,1.1708477033095694,0.609335720539093,3.0399228864417303e-15
1,2,step,False,14,1.313802687997899,0.11125226064687628,0.1646470576684292,0.8547961781115798,76.4711253420775,4,1.2740067003456363,123,24.53297761369826,35.22933821499206,7.941751947079538,10,0.15288138252245748,0,1.1708477033095694,0.609335720539093,3.0399228864417303e-15
1,2,step,False,15,2.345362840709062,0.38373129158712377,0.18844460267552837,1.3936670035970806,15.315387151269974,4,1.6743011216639352,34,3.552591840053319,4.483342126756165,1.3334986384996432,3,0.24443174254270136,0,1.1708477033095694,0.609335720539093,3.0399228864417303e-15
1,2,step,False,16,0.720181991764751,0.06411644164626246,0.0724206453001821,0.48166211738700226,73.38432044625401,4,1.3478844172948343,114,25.608371460052616,36.628173440192036,6.052202474957328,10,0.22802624876059951,0,1.1708477033095694,0.609335720539093,3.0399228864417303e-15
1,2,step,False,17,1.2805013366604237,0.7888084418090323,0.24353558287222207,0.7707768203473779,39.55629964356406,4,1.4893567238615686,75,9.6585081627517,13.744718245392006,3.047920137916333,4,0.3666559476307665,0,1.1708477033095694,0.609335720539093,3.0399228864417303e-15
1,2,step,False,18,0.8160002170453344,0.8538454426285031,0.1885685474603186,0.5495810023567146,80.73122378063826,4,1.2727468403386215,129,32.57254587608739,42.99342098153389,8.40331275726238,14,0.2076211660999718,0,1.1708477033095694,0.609335720539093,3.0399228864417303e-15
1,2,step,False,19,1.3316689125660606,0.45415264882568995,0.12630496662992002,0.9147970231724395,15.966969068378386,4,1.6890374174626903,37,3.349622335977048,4.483449387045696,2.077002984703749,4,0.22320032767635867,0,1.1708477033095694,0.609335720539093,3.0399228864417303e-15
1,2,step,False,20,1.542113069582152,0.27077641673472397,0.08537846206211981,0.9928620230514716,50.35094875946201,4,1.2156112198778257,85,21.31736949512902,28.644561612293174,4.8167445648704454,7,0.22538919129560042,0,1.1708477033095694,0.609335720539093,3.0399228864417303e-15
1,2,step,False,21,2.0051335288065353,0.1303370982544309,0.0741215130623265,1.330418673404337,35.97508400818381,4,1.362173227191439,63,6.306154377425692,9.533597738400497,3.877426918209244,7,0.1220190001004085,0,1.1708477033095694,0.609335720539093,3.0399228864417303e-15
1,2,step,False,22,2.5644615416402696,0.011775317745604492,0.1497711299760425,1.5824513265501605,17.124575495420004,4,1.6590726355233671,30,4.161079768643749,5.765636985874589,1.0,1,0.14415587530760865,0,1.1708477033095694,0.609335720539093,3.0399228864417303e-15
1,2,step,False,23,1.107052378092518,0.1956883594933138,0.19492534343252502,0.6743392677323732,87.14941156343991,4,1.3010299865835984,137,29.979191132490214,41.55163982653675,8.080269225827912,12,0.15418768798328825,0,1.1708477033095694,0.609335720539093,3.0399228864417303e-15
1,3,step,False,0,1.5749285892107503,0.20457635548617553,0.05266626956231886,1.0456497293241727,58.1255192699806,4,1.3359299744479276,100,19.483570605906195,25.530176276640326,5.238240656996116,9,0.10687952510031447,0,0.8279143507468913,0.36446043848991394,1.3269054328231272e-15
1,3,step,False,1,1.2597795664531544,0.12211892800369606,0.006743372039069341,0.8630006868235384,73.4203802244768,4,1.3014780187753279,119,28.582862154283724,37.498198998148176,6.831369053373025,10,0.10671856193431818,0,0.8279143507468913,0.36446043848991394,1.3269054328231272e-15
1,3,step,False,2,1.321130606706036,0.6382713996110082,0.11543906753709644,0.8806445562429156,64.21333978017283,4,1.3680608408512542,109,18.50227445952141,26.061471912019577,5.298630926627023,9,0.12065606862549995,0,0.8279143507468913,0.36446043848991394,1.3269054328231272e-15
1,3,step,False,3,0.7822524636658202,0.14372133037304452,0.44164496573085077,0.5516281588328207,31.65460114810914,4,1.5401210518536577,63,8.898682763015803,12.789847628531568,2.788851149996098,5,0.19349755239659047,0,0.8279143507468913,0.36446043848991394,1.3269054328231272e-15
1,3,step,False,4,0.34434947603663596,0.11592858265096213,0.2629529020266202,0.26148535687877,110.76965662245044,4,1.2506721675324675,171,42.668316360450554,56.42564703006409,11.20504061218888,21,0.10751236772388176,0,0.8279143507468913,0.36446043848991394,1.3269054328231272e-15
1,3,step,False,5,1.4417495312968414,0.45901477994700957,0.11580421223612355,0.8189884660021316,58.85843969092172,4,1.443776098345645,109,20.300736312500515,28.498305292731356,4.311402072768068,9,0.1002842972007357,0,0.8279143507468913,0.36446043848991394,1.3269054328231272e-15
1,3,step,False,6,1.00972397712654,0.08343891544851746,0.17363996065201645,0.5395588078365875,53.26794803322947,4,1.4548996150584552,93,18.996853972164907,25.14470208000037,7.568142618123886,10,0.10995235083245207,0,0.8279143507468913,0.36446043848991394,1.3269054328231272e-15
1,3,step,False,7,1.2185947329704703,0.2344699114420077,0.24195347621371185,0.8414793850028799,59.776321990038106,4,1.5824914426247365,102,18.367145436420362,26.323427713069936,6.188270995063459,12,0.13416929245079076,0,0.8279143507468913,0.36446043848991394,1.3269054328231272e-15
1,3,step,False,8,1.0529759994370083,0.16258129774674582,0.22055200303460834,0.6576183775429378,90.63043919268989,4,1.2089503562504371,135,31.46057248808575,42.26814885212408,10.243738806134445,13,0.14901276874447777,0,0.8279143507468913,0.36446043848991394,1.3269054328231272e-15
1,3,step,False,9,0.29021406196150945,0.9955638295356417,0.9670807746197337,0.1982428341906109,86.10041172850613,4,1.3027633038404485,140,29.122953752629027,41.35498960590413,10.398365330138075,14,0.1071065853810309,0,0.8279143507468913,0.36446043848991394,1.3269054328231272e-15
1,3,step,False,10,1.385073693952201,0.1192744796495001,0.13215962103503467,0.789350777110115,71.91980943756451,4,1.3079830281169158,120,21.078371278500537,28.73774304431494,7.313370634066769,11,0.11537305603180735,0,0.8279143507468913,0.36446043848991394,1.3269054328231272e-15
1,3,step,False,11,1.039287979344075,0.1832877227582782,0.23118558247061435,0.5870922888283767,44.593612143074274,4,1.4179461310870287,80,16.51080188971373,23.26869200212771,3.392272490495242,6,0.09142153785201204,0,0.8279143507468913,0.36446043848991394,1.3269054328231272e-15
1,3,step,False,12,1.093621695593289,0.03320826814806661,0.13041988552657197,0.7660395917318017,83.87676452846466,4,1.2362845540544831,127,28.12335484549793,35.898597458438225,9.68120711173227,11,0.11138325173091232,0,0.8279143507468913,0.36446043848991394,1.3269054328231272e-15
1,3,step,False,13,0.9736580260817508,0.4241993107706792,0.3084883333299315,0.5869158572797941,60.767410951634155,4,1.3012547771511178,99,21.049904178893506,28.545249167099826,6.9109678929701035,12,0.14206907679981504,0,0.8279143507468913,0.36446043848991394,1.3269054328231272e-15
1,3,step,False,14,1.313802687997899,0.17804490436305453,0.1646470576684292,0.8547961781115798,76.4711253420775,4,1.2740067003456363,123,23.527630234352003,31.697419577472242,7.941751947079538,10,0.10104489191255293,0,0.8279143507468913,0.36446043848991394,1.3269054328231272e-15
1,3,step,False,15,2.345362840709062,0.1414376378872883,0.18844460267552837,1.3936670035970806,15.315387151269974,4,1.6743011216639352,34,3.244706061602692,3.763876287595908,1.3334986384996432,3,0.15033878070655954,0,0.8279143507468913,0.36446043848991394,1.3269054328231272e-15
1,3,step,False,16,0.720181991764751,0.1641214168239352,0.0724206453001821,0.48166211738700226,73.38432044625401,4,1.3478844172948343,114,24.847576382836262,33.53822443593593,6.052202474957328,10,0.09836317999993742,0,0.8279143507468913,0.36446043848991394,1.3269054328231272e-15
1,3,step,False,17,1.2805013366604237,0.7667250577461185,0.24353558287222207,0.7707768203473779,39.55629964356406,4,1.4893567238615686,75,10.859849893071486,16.469977087592667,3.047920137916333,4,0.19351964461746568,0,0.8279143507468913,0.36446043848991394,1.3269054328231272e-15
1,3,step,False,18,0.8160002170453344,0.9256781859927097,0.1885685474603186,0.5495810023567146,80.73122378063826,4,1.2727468403386215,129,33.7973633604178,43.60323999536876,8.40331275726238,14,0.11020599769775118,0,0.8279143507468913,0.36446043848991394,1.3269054328231272e-15
1,3,step,False,19,1.3316689125660606,0.17906000760555016,0.12630496662992002,0.9147970231724395,15.966969068378386,4,1.6890374174626903,37,3.501337603944208,4.5495421468377675,2.077002984703749,4,0.0995291652863205,0,0.8279143507468913,0.36446043848991394,1.3269054328231272e-15
1,3,step,False,20,1.542113069582152,0.21604752413909478,0.08537846206211981,0.9928620230514716,50.35094875946201,4,1.2156112198778257,85,20.50453763110875,26.247484383564306,4.816744564870445,7,0.1092446061591685,0,0.8279143507468913,0.36446043848991394,1.3269054328231272e-15
1,3,step,False,21,2.0051335288065353,0.12281323028929916,0.0741215130623265,1.330418673404337,35.97508400818381,4,1.362173227191439,63,4.573206288165992,5.699453309903684,3.877426918209244,7,0.08846669234201797,0,0.8279143507468913,0.36446043848991394,1.3269054328231272e-15
1,3,step,False,22,2.5644615416402696,0.0019434850487711416,0.1497711299760425,1.5824513265501605,17.124575495420004,4,1.6590726355233671,30,3.3141097505959047,4.441665898814544,1.0,1,0.09324807139840968,0,0.8279143507468913,0.36446043848991394,1.3269054328231272e-15
1,3,step,False,23,1.107052378092518,0.06618716179857875,0.19492534343252502,0.6743392677323732,87.14941156343991,4,1.3010299865835984,137,28.68329187657774,39.626137205175084,8.080269225827912,12,0.09045681518808339,0,0.8279143507468913,0.36446043848991394,1.3269054328231272e-15
2,0,init,False,0,1.0467706587360495,0.5466905261859195,0.22851500244119818,0.6810330044325779,59.04569452859888,4,1.389966061080823,96,nan,nan,5.862727771146699,9,nan,0,nan,nan,nan
2,0,init,False,1,1.0701418227387929,0.4487311535625346,0.12425900274583421,0.7956896675689481,51.64105542247972,4,1.2390161483685567,93,nan,nan,3.834714955441396,10,nan,0,nan,nan,nan
2,0,init,False,2,0.7932685761589658,0.963280200395407,0.21356622863592536,0.5212532946898482,42.34374708505638,4,1.3021521159175078,77,nan,nan,4.499004865583055,6,nan,0,nan,nan,nan
2,0,init,False,3,0.3205409858769687,0.12717770368309503,0.4651924320744398,0.2196051088941605,84.00726786199591,4,1.300901783066737,130,nan,nan,9.395125217389836,12,nan,0,nan,nan,nan
2,0,init,False,4,1.2844467353127504,0.40143014753110623,0.3230750650443471,1.0882036414207648,7.469383352135623,4,1.6761644872707415,14,nan,nan,1.2331901625011739,2,nan,0,nan,nan,nan
2,0,init,False,5,2.0802561912918844,0.10131555719277503,0.10292378375607898,1.2605784874453647,39.51145944543005,4,1.5192913821130405,72,nan,nan,3.8389316012159815,6,nan,0,nan,nan,nan
2,0,init,False,6,1.2190457946602995,0.14279984492243267,0.15879930250394814,0.8107072579918712,72.9073654873682,4,1.2255340651471252,122,nan,nan,7.368267676148906,10,nan,0,nan,nan,nan
2,0,init,False,7,1.5215077396539407,0.1694773122363877,0.13509832988052758,1.0433858820927175,65.90824151687282,4,1.2594893218466454,114,nan,nan,8.378534792757735,14,nan,0,nan,nan,nan
2,0,init,False,8,1.0115079638172977,0.7640605293028391,0.1936284024818393,0.5657300662748956,75.22126136979051,4,1.3281580911852546,123,nan,nan,6.412912375126976,9,nan,0,nan,nan,nan
2,0,init,False,9,0.3423530440072947,0.9995623231008477,0.6418871329045058,0.28585976233832544,35.18788834101062,4,1.3549033565079938,63,nan,nan,3.1712875960203144,7,nan,0,nan,nan,nan
2,0,init,False,10,0.3204744605844023,0.7205706698804379,0.481111961024221,0.23494589287688908,87.16048825978412,4,1.2738906059503479,139,nan,nan,8.537188308423566,12,nan,0,nan,nan,nan
2,0,init,False,11,1.348557138294263,0.21484096523948973,0.1931593016470286,0.9865866211262098,54.85926235489409,4,1.2922969011704626,92,nan,nan,5.991204343832476,9,nan,0,nan,nan,nan
2,0,init,False,12,1.95878432879614,0.040451607705754795,0.09208050280730327,1.1303472927735145,40.08902068095337,4,1.384946821223811,76,nan,nan,3.378532456734667,6,nan,0,nan,nan,nan
2,0,init,False,13,2.3633895001822,0.28194298563632714,0.09091541469964279,1.4744123258001987,26.59264496145776,4,1.352033392404459,52,nan,nan,2.5679215179102286,6,nan,0,nan,nan,nan
2,0,init,False,14,1.7825206800460858,0.03691192790971169,0.052496250411876645,1.0193644068760228,46.172091068059316,4,1.3466985252160468,82,nan,nan,4.6502265177787,7,nan,0,nan,nan,nan
2,0,init,False,15,1.1478094221068595,0.36218344494359483,0.21946160362443318,0.877361554877913,28.877027391427546,4,1.59673346097239,55,nan,nan,4.574281728374072,8,nan,0,nan,nan,nan
2,0,init,False,16,0.7518156372889109,0.997390984066502,0.3842280276294127,0.420181870454791,106.71190044916905,4,1.1266294635540246,165,nan,nan,10.530579947121234,17,nan,0,nan,nan,nan
2,0,init,False,17,1.4618158494836173,0.2893627709393184,0.03011138329827395,1.0922074339596302,35.0073398635863,4,1.3254211573746157,63,nan,nan,2.6312212146443357,5,nan,0,nan,nan,nan
2,0,init,False,18,1.7987267463663223,0.2689388395057871,0.13713806758589497,0.980701922242823,44.12035323503808,4,1.4784202331339371,84,nan,nan,2.9481309407410263,5,nan,0,nan,nan,nan
2,0,init,False,19,1.6219259550985072,0.29310698471576074,0.2256926250044474,0.8805342626268562,74.42484287557377,4,1.3377405722563598,113,nan,nan,5.537092049579155,10,nan,0,nan,nan,nan
2,0,init,False,20,0.4967517232200428,0.4364283862286793,0.37977740378019104,0.42772438218880854,75.84888072224115,4,1.410734447486806,127,nan,nan,9.303967278611493,14,nan,0,nan,nan,nan
2,0,init,False,21,0.2801579968649878,0.9330488911583777,0.52077374176404,0.13843247089108443,106.18932736682225,4,1.31924396631905,161,nan,nan,10.604728075576892,16,nan,0,nan,nan,nan
2,0,init,False,22,0.4284902509478303,0.10405557845571031,0.22716786155304758,0.31533300723622376,88.86975276936352,4,1.2797301308079836,138,nan,nan,8.46629043354273,13,nan,0,nan,nan,nan
2,0,init,False,23,0.8766018881723402,0.9961096421111846,0.13409260778038312,0.44367666827444185,91.8337035908913,4,1.2317549105593442,153,nan,nan,10.283938173797363,17,nan,0,nan,nan,nan
2,1,step,False,0,1.0467706587360495,0.5815751419324464,0.22851500244119818,0.6810330044325779,59.04569452859888,4,1.389966061080823,96,19.776593842374545,29.496742830431185,5.862727771146699,9,0.2901031681255746,0,1.6949287368540935,1.0,3.0293116921583298e-16
2,1,step,False,1,1.0701418227387929,0.3822144017249566,0.12425900274583421,0.7956896675689481,51.64105542247972,4,1.2390161483685567,93,16.77943175354453,22.524447990007843,3.834714955441396,10,0.34814546466802293,0,1.6949287368540935,1.0,3.0293116921583298e-16
2,1,step,False,2,0.7932685761589658,0.9889824729904849,0.21356622863592536,0.5212532946898482,42.34374708505638,4,1.3021521159175078,77,16.354900382347658,22.399713348815585,4.499004865583055,6,0.240211910078179,0,1.6949287368540935,1.0,3.0293116921583298e-16
2,1,step,False,3,0.3205409858769687,0.24006309088470845,0.4651924320744398,0.2196051088941605,84.00726786199591,4,1.300901783066737,130,29.176252212002822,42.60630639616182,9.395125217389836,12,0.18600533405232314,0,1.6949287368540935,1.0,3.0293116921583298e-16
2,1,step,False,4,1.2844467353127504,0.556039651242332,0.3230750650443471,1.0882036414207648,7.469383352135623,4,1.6761644872707415,14,2.6677890471491295,3.957090577021544,1.2331901625011739,2,0.35311089669929596,0,1.6949287368540935,1.0,3.0293116921583298e-16
2,1,step,False,5,2.0802561912918844,0.05930452823317457,0.10292378375607898,1.2605784874453647,39.51145944543005,4,1.5192913821130405,72,11.240977815410172,14.022946368431896,3.8389316012159815,6,0.30509963002928386,0,1.6949287368540935,1.0,3.0293116921583298e-16
2,1,step,False,6,1.2190457946602995,0.10432793745327545,0.15879930250394814,0.8107072579918712,72.9073654873682,4,1.2255340651471252,122,22.65144161303686,30.46859474134583,7.368267676148906,10,0.16227906699359337,0,1.6949287368540935,1.0,3.0293116921583298e-16
2,1,step,False,7,1.5215077396539407,0.08202707236855619,0.13509832988052758,1.0433858820927175,65.90824151687282,4,1.2594893218466454,114,22.219354176951285,32.446071434006505,8.378534792757735,14,0.18119025993465734,0,1.6949287368540935,1.0,3.0293116921583298e-16
2,1,step,False,8,1.0115079638172977,0.7627184519480734,0.1936284024818393,0.5657300662748956,75.22126136979051,4,1.3281580911852546,123,27.91704293999407,36.44179125757889,6.412912375126976,9,0.3404660442254102,0,1.6949287368540935,1.0,3.0293116921583298e-16
2,1,step,False,9,0.3423530440072947,0.9860933997490865,0.6418871329045058,0.28585976233832544,35.18788834101062,4,1.3549033565079938,63,8.86183472093312,12.404979820776017,3.1712875960203144,7,0.2009528078915862,0,1.6949287368540935,1.0,3.0293116921583298e-16
2,1,step,False,10,0.3204744605844023,0.6707850904409545,0.481111961024221,0.23494589287688908,87.16048825978412,4,1.2738906059503479,139,30.738004960022103,42.2178425158871,8.537188308423566,12,0.34414133860613755,0,1.6949287368540935,1.0,3.0293116921583298e-16
2,1,step,False,11,1.348557138294263,0.22972928428004502,0.1931593016470286,0.9865866211262098,54.85926235489409,4,1.2922969011704626,92,17.05164612994586,24.629664273133443,5.991204343832476,9,0.2278441260894783,0,1.6949287368540935,1.0,3.0293116921583298e-16
2,1,step,False,12,1.95878432879614,0.08752634628365384,0.09208050280730327,1.1303472927735145,40.08902068095337,4,1.384946821223811,76,13.735461525275536,18.818722520805604,3.378532456734667,6,0.1842413152741238,0,1.6949287368540935,1.0,3.0293116921583298e-16
2,1,step,False,13,2.3633895001822,0.2422448145066278,0.09091541469964279,1.4744123258001987,26.59264496145776,4,1.352033392404459,52,7.475902496093372,10.466105937265866,2.5679215179102286,6,0.22421350851031122,0,1.6949287368540935,1.0,3.0293116921583298e-16
2,1,step,False,14,1.7825206800460858,0.4209159849446484,0.052496250411876645,1.0193644068760228,46.172091068059316,4,1.3466985252160468,82,16.11904513790899,21.546685416902598,4.6502265177787,7,0.2693510083817592,0,1.6949287368540935,1.0,3.0293116921583298e-16
2,1,step,False,15,1.1478094221068595,0.4716047399826153,0.21946160362443318,0.877361554877913,28.877027391427546,4,1.59673346097239,55,7.160966979626291,10.77413941529456,4.574281728374072,8,0.19561372289323561,0,1.6949287368540935,1.0,3.0293116921583298e-16
2,1,step,False,16,0.7518156372889109,0.9860837164664601,0.3842280276294127,0.420181870454791,106.71190044916905,4,1.1266294635540246,165,36.22535879486841,49.556704841941325,10.530579947121234,17,0.15151923556877278,0,1.6949287368540935,1.0,3.0293116921583298e-16
2,1,step,False,17,1.4618158494836173,0.27364426112779733,0.03011138329827395,1.0922074339596302,35.0073398635863,4,1.3254211573746157,63,9.853171079702859,13.593338418183833,2.6312212146443357,5,0.33015179899581854,0,1.6949287368540935,1.0,3.0293116921583298e-16
2,1,step,False,18,1.7987267463663223,0.17754776608774947,0.13713806758589497,0.980701922242823,44.12035323503808,4,1.4784202331339371,84,12.690661207299115,17.41004192114241,2.9481309407410263,5,0.24264514557249867,0,1.6949287368540935,1.0,3.0293116921583298e-16
2,1,step,False,19,1.6219259550985072,0.2341192154916843,0.2256926250044474,0.8805342626268562,74.42484287557377,4,1.3377405722563598,113,30.601027591767718,41.380871693530764,5.537092049579155,10,0.2414909850226052,0,1.6949287368540935,1.0,3.0293116921583298e-16
2,1,step,False,20,0.4967517232200428,0.5439815211393602,0.37977740378019104,0.42772438218880854,75.84888072224115,4,1.410734447486806,127,18.816311055389633,29.60165141043377,9.303967278611493,14,0.206753454258526,0,1.6949287368540935,1.0,3.0293116921583298e-16
2,1,step,False,21,0.2801579968649878,0.8926776900306198,0.52077374176404,0.13843247089108443,106.18932736682225,4,1.31924396631905,161,37.635997295129684,52.91425200546409,10.604728075576892,16,0.2560701979057365,0,1.6949287368540935,1.0,3.0293116921583298e-16
2,1,step,False,22,0.4284902509478303,0.11886948789984643,0.22716786155304758,0.31533300723622376,88.86975276936352,4,1.2797301308079836,138,33.205969876835965,46.86479078669111,8.46629043354273,13,0.20056061804329775,0,1.6949287368540935,1.0,3.0293116921583298e-16
2,1,step,False,23,0.8766018881723402,0.9845844942047928,0.13409260778038312,0.44367666827444185,91.8337035908913,4,1.2317549105593442,153,31.044857366390332,42.51745364896881,10.283938173797363,17,0.1452087384629563,0,1.6949287368540935,1.0,3.0293116921583298e-16
2,2,step,False,0,1.0467706587360495,0.4845751729289645,0.22851500244119818,0.6810330044325779,59.04569452859888,4,1.389966061080823,96,19.734561951073083,29.474314762317466,5.862727771146699,9,0.16691442803685627,0,1.1984956034574787,0.6127826869487762,5.764620226869553e-16
2,2,step,False,1,1.0701418227387929,0.3138076192036281,0.12425900274583421,0.7956896675689481,51.64105542247972,4,1.2390161483685567,93,16.22908280623897,21.147636120634868,3.834714955441396,10,0.2153425593969766,0,1.1984956034574787,0.6127826869487762,5.764620226869553e-16
2,2,step,False,2,0.7932685761589658,0.9801459519908382,0.21356622863592536,0.5212532946898482,42.34374708505638,4,1.3021521159175078,77,17.191481763337663,23.967920142448172,4.499004865583055,6,0.19280421560672317,0,1.1984956034574787,0.6127826869487762,5.764620226869553e-16
2,2,step,False,3,0.3205409858769687,0.25131626504055826,0.4651924320744398,0.2196051088941605,84.00726786199591,4,1.300901783066737,130,30.349582086954882,42.6917221797727,9.395125217389836,12,0.15223606736640688,0,1.1984956034574787,0.6127826869487762,5.764620226869553e-16
2,2,step,False,4,1.2844467353127504,0.532206387250862,0.3230750650443471,1.0882036414207648,7.469383352135623,4,1.6761644872707415,14,2.9567327386081477,4.584988227709725,1.2331901625011739,2,0.16597171411315098,0,1.1984956034574787,0.6127826869487762,5.764620226869553e-16
2,2,step,False,5,2.0802561912918844,0.06468093673946597,0.10292378375607898,1.2605784874453647,39.51145944543005,4,1.5192913821130405,72,9.869069075961042,11.821277576596351,3.8389316012159815,6,0.13005936788551833,0,1.1984956034574787,0.6127826869487762,5.764620226869553e-16
2,2,step,False,6,1.2190457946602995,0.18256113758590278,0.15879930250394814,0.8107072579918712,72.9073654873682,4,1.2255340651471252,122,22.433700343983244,31.294113718252294,7.368267676148906,10,0.14686233008749805,0,1.1984956034574787,0.6127826869487762,5.764620226869553e-16
2,2,step,False,7,1.5215077396539407,0.049513525533368255,0.13509832988052758,1.0433858820927175,65.90824151687282,4,1.2594893218466454,114,19.00999012500298,25.873726152919023,8.378534792757735,14,0.14006886207026967,0,1.1984956034574787,0.6127826869487762,5.764620226869553e-16
2,2,step,False,8,1.0115079638172977,0.7811801246010421,0.1936284024818393,0.5657300662748956,75.22126136979051,4,1.3281580911852546,123,28.210152640770524,37.3072738159773,6.412912375126976,9,0.21396302258271274,0,1.1984956034574787,0.6127826869487762,5.764620226869553e-16
2,2,step,False,9,0.3423530440072947,0.942058281311544,0.6418871329045058,0.28585976233832544,35.18788834101062,4,1.3549033565079938,63,9.576803145870459,13.595151334046108,3.1712875960203144,7,0.12237217222926478,0,1.1984956034574787,0.6127826869487762,5.764620226869553e-16
2,2,step,False,10,0.3204744605844023,0.7516348664177563,0.481111961024221,0.23494589287688908,87.16048825978412,4,1.2738906059503479,139,33.276261050517974,47.51272386006034,8.537188308423566,12,0.22367303172135253,0,1.1984956034574787,0.6127826869487762,5.764620226869553e-16
2,2,step,False,11,1.348557138294263,0.3044968276288004,0.1931593016470286,0.9865866211262098,54.85926235489409,4,1.2922969011704626,92,15.898230150120794,23.4985829462191,5.991204343832476,9,0.19759544227858855,0,1.1984956034574787,0.6127826869487762,5.764620226869553e-16
2,2,step,False,12,1.95878432879614,0.1649704155629171,0.09208050280730327,1.1303472927735145,40.08902068095337,4,1.384946821223811,76,10.43097298654937,13.47546252074246,3.378532456734667,6,0.19589350403179887,0,1.1984956034574787,0.6127826869487762,5.764620226869553e-16
2,2,step,False,13,2.3633895001822,0.07090812647447196,0.09091541469964279,1.4744123258001987,26.59264496145776,4,1.352033392404459,52,6.584433811962764,8.118115891243429,2.5679215179102286,6,0.1812700437178726,0,1.1984956034574787,0.6127826869487762,5.764620226869553e-16
2,2,step,False,14,1.7825206800460858,0.23725103362441213,0.052496250411876645,1.0193644068760228,46.172091068059316,4,1.3466985252160468,82,15.364265194352374,20.51312131624285,4.6502265177787,7,0.1807135079071665,0,1.1984956034574787,0.6127826869487762,5.764620226869553e-16
2,2,step,False,15,1.1478094221068595,0.5892601000179953,0.21946160362443318,0.877361554877913,28.877027391427546,4,1.59673346097239,55,7.3655049625476385,11.417169210189604,4.574281728374072,8,0.1517022145497206,0,1.1984956034574787,0.6127826869487762,5.764620226869553e-16
2,2,step,False,16,0.7518156372889109,0.9929879465496775,0.3842280276294127,0.420181870454791,106.71190044916905,4,1.1266294635540246,165,37.243192786886716,51.24060887873969,10.530579947121234,17,0.12004355570536629,0,1.1984956034574787,0.6127826869487762,5.764620226869553e-16
2,2,step,False,17,1.4618158494836173,0.37680339104951693,0.03011138329827395,1.0922074339596302,35.0073398635863,4,1.3254211573746157,63,10.35070008270096,13.796856154491712,2.6312212146443357,5,0.23340622898903715,0,1.1984956034574787,0.6127826869487762,5.764620226869553e-16
2,2,step,False,18,1.7987267463663223,0.3436550327023417,0.13713806758589497,0.980701922242823,44.12035323503808,4,1.4784202331339371,84,12.862110370764281,17.091638715154236,2.9481309407410263,5,0.14928201737469232,0,1.1984956034574787,0.6127826869487762,5.764620226869553e-16
2,2,step,False,19,1.6219259550985072,0.17107153151257065,0.2256926250044474,0.8805342626268562,74.42484287557377,4,1.3377405722563598,113,28.322824757939742,37.15331960251293,5.537092049579155,10,0.12338315980880399,0,1.1984956034574787,0.6127826869487762,5.764620226869553e-16
2,2,step,False,20,0.4967517232200428,0.5035575753848947,0.37977740378019104,0.42772438218880854,75.84888072224115,4,1.410734447486806,127,23.48677842775272,36.64823962481402,9.303967278611493,14,0.15348071826506096,0,1.1984956034574787,0.6127826869487762,5.764620226869553e-16
2,2,step,False,21,0.2801579968649878,0.8911600321481353,0.52077374176404,0.13843247089108443,106.18932736682225,4,1.31924396631905,161,37.44332693333158,52.0662997475222,10.604728075576892,16,0.2043077966244985,0,1.1984956034574787,0.6127826869487762,5.764620226869553e-16
2,2,step,False,22,0.4284902509478303,0.111281085189995,0.22716786155304758,0.31533300723622376,88.86975276936352,4,1.2797301308079836,138,35.01377358384735,50.5728018608419,8.46629043354273,13,0.14529782638179226,0,1.1984956034574787,0.6127826869487762,5.764620226869553e-16
2,2,step,False,23,0.8766018881723402,0.9975374026654268,0.13409260778038312,0.44367666827444185,91.8337035908913,4,1.2317549105593442,153,30.796471401508573,42.263282718170906,10.283938173797363,17,0.1866590711530701,0,1.1984956034574787,0.6127826869487762,5.764620226869553e-16
2,3,step,False,0,1.0467706587360495,0.11411406659455445,0.22851500244119818,0.6810330044325779,59.04569452859888,4,1.389966061080823,96,19.4903354638874,26.967735733410233,5.862727771146699,9,0.10910788544691909,0,0.8474643684270466,0.36989177763462067,3.2232853384086932e-15
2,3,step,False,1,1.0701418227387929,0.4433615649058833,0.12425900274583421,0.7956896675689481,51.64105542247972,4,1.2390161483685567,93,19.561643077253454,25.97739852494738,3.834714955441396,10,0.14334134283900293,0,0.8474643684270466,0.36989177763462067,3.2232853384086932e-15
2,3,step,False,2,0.7932685761589658,0.4999393024844727,0.21356622863592536,0.5212532946898482,42.34374708505638,4,1.3021521159175078,77,15.933335222604786,20.98589684367933,4.499004865583055,6,0.2723115618600057,0,0.8474643684270466,0.36989177763462067,3.2232853384086932e-15
2,3,step,False,3,0.3205409858769687,0.37085774368067914,0.4651924320744398,0.2196051088941605,84.00726786199591,4,1.300901783066737,130,32.71050483080665,44.77026775425309,9.395125217389836,12,0.11884029586334934,0,0.8474643684270466,0.36989177763462067,3.2232853384086932e-15
2,3,step,False,4,1.2844467353127504,0.5421256444409066,0.3230750650443471,1.0882036414207648,7.469383352135623,4,1.6761644872707415,14,2.789550772297765,4.072577762176011,1.2331901625011739,2,0.15402597004263688,0,0.8474643684270466,0.36989177763462067,3.2232853384086932e-15
2,3,step,False,5,2.0802561912918844,0.07960309136251481,0.10292378375607898,1.2605784874453647,39.51145944543005,4,1.5192913821130405,72,9.54477996334191,12.236216928499402,3.8389316012159815,6,0.14242020194155994,0,0.8474643684270466,0.36989177763462067,3.2232853384086932e-15
2,3,step,False,6,1.2190457946602995,0.0686556456921863,0.15879930250394814,0.8107072579918712,72.9073654873682,4,1.2255340651471252,122,22.246357737488204,31.216403053985,7.368267676148906,10,0.11807575440181246,0,0.8474643684270466,0.36989177763462067,3.2232853384086932e-15
2,3,step,False,7,1.5215077396539407,0.12027294754746878,0.13509832988052758,1.0433858820927175,65.90824151687282,4,1.2594893218466454,114,16.370691446372934,20.89138680133478,8.378534792757735,14,0.11888455731018115,0,0.8474643684270466,0.36989177763462067,3.2232853384086932e-15
2,3,step,False,8,1.0115079638172977,0.7156400478516699,0.1936284024818393,0.5657300662748956,75.22126136979051,4,1.3281580911852546,123,29.087154084147905,38.23665502013216,6.412912375126976,9,0.14957845661870992,0,0.8474643684270466,0.36989177763462067,3.2232853384086932e-15
2,3,step,False,9,0.3423530440072947,0.0565239828672761,0.6418871329045058,0.28585976233832544,35.18788834101062,4,1.3549033565079938,63,12.123321177973157,17.447314083110772,3.1712875960203144,7,0.1660350418238412,0,0.8474643684270466,0.36989177763462067,3.2232853384086932e-15
2,3,step,False,10,0.3204744605844023,0.7302539505933165,0.481111961024221,0.23494589287688908,87.16048825978412,4,1.2738906059503479,139,34.394964304046056,46.725279469973614,8.537188308423566,12,0.12934469416881153,0,0.8474643684270466,0.36989177763462067,3.2232853384086932e-15
2,3,step,False,11,1.348557138294263,0.059033573773678426,0.1931593016470286,0.9865866211262098,54.85926235489409,4,1.2922969011704626,92,15.0377824580667,20.607253905247937,5.991204343832476,9,0.12370756841794191,0,0.8474643684270466,0.36989177763462067,3.2232853384086932e-15
2,3,step,False,12,1.95878432879614,0.1362993216799869,0.09208050280730327,1.1303472927735145,40.08902068095337,4,1.384946821223811,76,10.113390715179133,13.013207259231109,3.378532456734667,6,0.106907174236903,0,0.8474643684270466,0.36989177763462067,3.2232853384086932e-15
2,3,step,False,13,2.3633895001822,0.06476730812204026,0.09091541469964279,1.4744123258001987,26.59264496145776,4,1.352033392404459,52,6.195063031885776,7.511004246160447,2.5679215179102286,6,0.12513959469685315,0,0.8474643684270466,0.36989177763462067,3.2232853384086932e-15
2,3,step,False,14,1.7825206800460858,0.07733713069601812,0.052496250411876645,1.0193644068760228,46.172091068059316,4,1.3466985252160468,82,12.6812971331064,15.12218178246066,4.6502265177787,7,0.12926086000482964,0,0.8474643684270466,0.36989177763462067,3.2232853384086932e-15
2,3,step,False,15,1.1478094221068595,0.594648996729296,0.21946160362443318,0.877361554877913,28.877027391427546,4,1.59673346097239,55,7.577111415161886,11.373313361346085,4.574281728374072,8,0.1089889398067633,0,0.8474643684270466,0.36989177763462067,3.2232853384086932e-15
2,3,step,False,16,0.7518156372889109,0.9935933856278804,0.3842280276294127,0.420181870454791,106.71190044916905,4,1.1266294635540246,165,36.22871716752736,51.31086208514723,10.530579947121234,17,0.12117723012624612,0,0.8474643684270466,0.36989177763462067,3.2232853384086932e-15
2,3,step,False,17,1.4618158494836173,0.614616079081013,0.03011138329827395,1.0922074339596302,35.0073398635863,4,1.3254211573746157,63,10.950805877261352,15.820952050021859,2.6312212146443357,5,0.17391973524087287,0,0.8474643684270466,0.36989177763462067,3.2232853384086932e-15
2,3,step,False,18,1.7987267463663223,0.3420570393510414,0.13713806758589497,0.980701922242823,44.12035323503808,4,1.4784202331339371,84,14.548403191270136,18.871030192902467,2.9481309407410263,5,0.11965956448435165,0,0.8474643684270466,0.36989177763462067,3.2232853384086932e-15
2,3,step,False,19,1.6219259550985072,0.06371843965552121,0.2256926250044474,0.8805342626268562,74.42484287557377,4,1.3377405722563598,113,25.55798460055189,32.49647372637071,5.537092049579155,10,0.11106105170966481,0,0.8474643684270466,0.36989177763462067,3.2232853384086932e-15
2,3,step,False,20,0.4967517232200428,0.5097434079995332,0.37977740378019104,0.42772438218880854,75.84888072224115,4,1.410734447486806,127,27.156327612555422,38.81331472516083,9.303967278611493,14,0.11673186448985994,0,0.8474643684270466,0.36989177763462067,3.2232853384086932e-15
2,3,step,False,21,0.2801579968649878,0.7780615260786974,0.52077374176404,0.13843247089108443,106.18932736682225,4,1.31924396631905,161,37.01910994020728,52.06144135427225,10.604728075576892,16,0.11676526224795981,0,0.8474643684270466,0.36989177763462067,3.2232853384086932e-15
2,3,step,False,22,0.4284902509478303,0.3413523184528523,0.22716786155304758,0.31533300723622376,88.86975276936352,4,1.2797301308079836,138,33.73291347165323,47.854521465309155,8.46629043354273,13,0.12196334085852259,0,0.8474643684270466,0.36989177763462067,3.2232853384086932e-15
2,3,step,False,23,0.8766018881723402,0.9957996630000402,0.13409260778038312,0.44367666827444185,91.8337035908913,4,1.2317549105593442,153,28.94846871901936,39.96394727155619,10.283938173797363,17,0.11688121771897855,0,0.8474643684270466,0.36989177763462067,3.2232853384086932e-15
3,0,init,False,0,2.012293809437055,0.06618666564205851,0.08380084713341804,1.5402516091339595,37.93057280478205,4,1.3455784074471395,70,nan,nan,2.3987478743099753,5,nan,0,nan,nan,nan
3,0,init,False,1,0.7367854000076806,0.8404299704150004,0.3033297504573349,0.6440423118210855,57.99527211735812,4,1.3382596057270464,106,nan,nan,4.319028570941812,7,nan,0,nan,nan,nan
3,0,init,False,2,0.6609735095724033,0.21182505871735516,0.38623699695226416,0.7646360036319266,63.15955652333682,4,1.3465946908914779,109,nan,nan,6.59799573995392,10,nan,0,nan,nan,nan
3,0,init,False,3,1.5791575861932878,0.3834956652871797,0.24354967217360451,1.115232313634725,50.09814652505192,4,1.4943202051199926,94,nan,nan,5.7789260660438275,8,nan,0,nan,nan,nan
3,0,init,False,4,1.2628620126326964,0.2660284048840086,0.16950896581629626,0.9902355710827684,82.79149624132033,4,1.204873137523886,136,nan,nan,7.437269315357204,10,nan,0,nan,nan,nan
3,0,init,False,5,2.203884775882906,0.1922985322037476,0.10451028839151918,1.6749614487151394,26.607861162891997,4,1.6151408514682852,50,nan,nan,2.8267201846873764,5,nan,0,nan,nan,nan
3,0,init,False,6,1.3474154075443938,0.33640921831642034,0.21320513794625756,0.9864678493589868,22.494725083016796,4,1.6539183287774182,46,nan,nan,2.615243560051563,4,nan,0,nan,nan,nan
3,0,init,False,7,0.637017188984615,0.7177657004227682,0.3707487381791445,0.6031598226075812,88.99898775563832,4,1.2111449125455207,139,nan,nan,9.682665901664583,13,nan,0,nan,nan,nan
3,0,init,False,8,1.1241654617540675,0.12523620365601038,0.17177864712806812,0.9203420329676484,88.03765048272967,4,1.257016970154669,145,nan,nan,8.152211720119793,13,nan,0,nan,nan,nan
3,0,init,False,9,0.3160041946949852,0.9388168936417055,0.4686036486010847,0.23123521902121053,108.0706132519012,4,1.2117144547233307,161,nan,nan,12.079669779619502,18,nan,0,nan,nan,nan
3,0,init,False,10,0.5495978082565923,0.6514503867697802,0.42324479036028734,0.5960798006648088,39.635768704361176,4,1.524224254169316,70,nan,nan,3.537934644185022,6,nan,0,nan,nan,nan
3,0,init,False,11,1.145507073081825,0.6238552182217091,0.33149742431484497,0.8515123938283693,53.50595265384432,4,1.3543931342986377,91,nan,nan,7.38593777801114,11,nan,0,nan,nan,nan
3,0,init,False,12,1.6167986815583852,0.0723164504123249,0.1241686154860682,1.1627560541958475,35.30335441281399,4,1.470880390822856,74,nan,nan,2.9313321915881727,7,nan,0,nan,nan,nan
3,0,init,False,13,1.4957891254472597,0.15195247746727278,0.23475545137318865,1.2212379390800372,37.83702709614994,4,1.514555800642806,63,nan,nan,2.803091225960861,3,nan,0,nan,nan,nan
3,0,init,False,14,1.2928729106443955,0.25017315254243416,0.11101843678701802,1.025695678413242,59.557835607351116,4,1.3574636402010074,100,nan,nan,6.206718192376204,9,nan,0,nan,nan,nan
3,0,init,False,15,1.0821811863143032,0.10009008729942322,0.077442052285507,0.9211732005257176,80.57983105058655,4,1.2621418675497373,123,nan,nan,7.850604467949541,13,nan,0,nan,nan,nan
3,0,init,False,16,2.2308898068401075,0.12200632250026887,0.1483887015502241,1.6678017973001766,29.913116794190373,4,1.419443889218377,53,nan,nan,2.7772449603376677,3,nan,0,nan,nan,nan
3,0,init,False,17,0.9897997487825622,0.4719394200003932,0.23025120718122502,0.7823522654289061,81.85760306373517,4,1.2668221508812167,130,nan,nan,8.856224368899573,12,nan,0,nan,nan,nan
3,0,init,False,18,0.5590769175905304,0.22808655136818495,0.17919368873205777,0.5057778254642993,92.05003247630124,4,1.1697464886624773,143,nan,nan,9.3643968727245,15,nan,0,nan,nan,nan
3,0,init,False,19,0.3614042791791365,0.5991399361488946,0.5443529209573507,0.4283663315382897,94.70932325003324,4,1.2914698356524905,147,nan,nan,10.537613697884298,15,nan,0,nan,nan,nan
3,0,init,False,20,1.1237436745120502,0.13858776765456082,0.1506943399034853,0.8784531211345564,74.65822521997791,4,1.2522667698187906,126,nan,nan,6.4742167580679,10,nan,0,nan,nan,nan
3,0,init,False,21,0.48646786313588014,0.9691288970816896,0.8470192076832614,0.3288886919527557,78.49371927859829,4,1.2956308258276654,125,nan,nan,9.434113855160204,15,nan,0,nan,nan,nan
3,0,init,False,22,1.1811721758476943,0.7966560606436852,0.13474149447518272,0.7396946074727961,35.3537841656409,4,1.6002462899003156,65,nan,nan,2.340317431032207,3,nan,0,nan,nan,nan
3,0,init,False,23,0.5342055744252718,0.6926528113748045,0.15393891255971237,0.5884220754114263,20.35954427838876,4,1.4853578680848185,45,nan,nan,1.6117748430731833,3,nan,0,nan,nan,nan
3,1,step,False,0,2.012293809437055,0.07150990370223156,0.08380084713341804,1.5402516091339595,37.93057280478205,4,1.3455784074471395,70,10.922416364615072,14.482454994206554,2.3987478743099753,5,0.3622585019738092,0,1.5615755036669832,1.0,4.773999394254233e-16
3,1,step,False,1,0.7367854000076806,0.8815222177587148,0.3033297504573349,0.6440423118210855,57.99527211735812,4,1.3382596057270464,106,15.010092051920687,22.83846301223448,4.319028570941812,7,0.14496732322083225,0,1.5615755036669832,1.0,4.773999394254233e-16
3,1,step,False,2,0.6609735095724033,0.15435341413153633,0.38623699695226416,0.7646360036319266,63.15955652333682,4,1.3465946908914779,109,16.773240001704252,26.060001847395142,6.59799573995392,10,0.25750076272951555,0,1.5615755036669832,1.0,4.773999394254233e-16
3,1,step,False,3,1.5791575861932878,0.44452576267479027,0.24354967217360451,1.115232313634725,50.09814652505192,4,1.4943202051199926,94,14.899836431441516,19.76585011294503,5.7789260660438275,8,0.2899531971647658,0,1.5615755036669832,1.0,4.773999394254233e-16
3,1,step,False,4,1.2628620126326964,0.3366288001007785,0.16950896581629626,0.9902355710827684,82.79149624132033,4,1.204873137523886,136,30.000734778869607,41.36548508494214,7.437269315357204,10,0.2642616117587241,0,1.5615755036669832,1.0,4.773999394254233e-16
3,1,step,False,5,2.203884775882906,0.09373172902071553,0.10451028839151918,1.6749614487151394,26.607861162891997,4,1.6151408514682852,50,5.701010206032429,9.540497063668147,2.8267201846873764,5,0.14493790036308757,0,1.5615755036669832,1.0,4.773999394254233e-16
3,1,step,False,6,1.3474154075443938,0.34707827631363664,0.21320513794625756,0.9864678493589868,22.494725083016796,4,1.6539183287774182,46,5.15968537689842,8.178615756529265,2.615243560051563,4,0.17165085033170827,0,1.5615755036669832,1.0,4.773999394254233e-16
3,1,step,False,7,0.637017188984615,0.6968536401007291,0.3707487381791445,0.6031598226075812,88.99898775563832,4,1.2111449125455207,139,30.448542280750008,41.1574719300779,9.682665901664583,13,0.2919340315049238,0,1.5615755036669832,1.0,4.773999394254233e-16
3,1,step,False,8,1.1241654617540675,0.13428334852272605,0.17177864712806812,0.9203420329676484,88.03765048272967,4,1.257016970154669,145,29.053652846562443,41.683052171770576,8.152211720119793,13,0.24335661379897097,0,1.5615755036669832,1.0,4.773999394254233e-16
3,1,step,False,9,0.3160041946949852,0.9808028575870448,0.4686036486010847,0.23123521902121053,108.0706132519012,4,1.2117144547233307,161,42.8935622231798,58.530855301915764,12.079669779619502,18,0.231774004895099,0,1.5615755036669832,1.0,4.773999394254233e-16
3,1,step,False,10,0.5495978082565923,0.731753778448118,0.42324479036028734,0.5960798006648088,39.635768704361176,4,1.524224254169316,70,10.636952920369222,14.250463305950456,3.537934644185022,6,0.2436684788281403,0,1.5615755036669832,1.0,4.773999394254233e-16
3,1,step,False,11,1.145507073081825,0.6757061124114614,0.33149742431484497,0.8515123938283693,53.50595265384432,4,1.3543931342986377,91,16.987319016572748,22.422380618220046,7.38593777801114,11,0.30633909199900433,0,1.5615755036669832,1.0,4.773999394254233e-16
3,1,step,False,12,1.6167986815583852,0.15425585486988438,0.1241686154860682,1.1627560541958475,35.30335441281399,4,1.470880390822856,74,8.27525075068241,10.276580991030693,2.9313321915881727,7,0.23094181421125565,0,1.5615755036669832,1.0,4.773999394254233e-16
3,1,step,False,13,1.4957891254472597,0.028355150771992667,0.23475545137318865,1.2212379390800372,37.83702709614994,4,1.514555800642806,63,14.486518135238502,20.3996384800186,2.803091225960861,3,0.2546068797981862,0,1.5615755036669832,1.0,4.773999394254233e-16
3,1,step,False,14,1.2928729106443955,0.41490203629077266,0.11101843678701802,1.025695678413242,59.557835607351116,4,1.3574636402010074,100,21.64276409526105,30.36216966529646,6.206718192376204,9,0.2895511061346843,0,1.5615755036669832,1.0,4.773999394254233e-16
3,1,step,False,15,1.0821811863143032,0.15820824034852998,0.077442052285507,0.9211732005257176,80.57983105058655,4,1.2621418675497373,123,30.556319088868502,43.483785732213775,7.850604467949541,13,0.12971174451671075,0,1.5615755036669832,1.0,4.773999394254233e-16
3,1,step,False,16,2.2308898068401075,0.1021333019610369,0.1483887015502241,1.6678017973001766,29.913116794190373,4,1.419443889218377,53,9.17412241406408,12.544210845162215,2.7772449603376677,3,0.25332373170382455,0,1.5615755036669832,1.0,4.773999394254233e-16
3,1,step,False,17,0.9897997487825622,0.5728262071528106,0.23025120718122502,0.7823522654289061,81.85760306373517,4,1.2668221508812167,130,29.688235730993995,42.488633301819924,8.856224368899573,12,0.21816173632037583,0,1.5615755036669832,1.0,4.773999394254233e-16
3,1,step,False,18,0.5590769175905304,0.23665921772206625,0.17919368873205777,0.5057778254642993,92.05003247630124,4,1.1697464886624773,143,34.46379207333563,47.075097607185626,9.3643968727245,15,0.24152738553618847,0,1.5615755036669832,1.0,4.773999394254233e-16
3,1,step,False,19,0.3614042791791365,0.5432547845491861,0.5443529209573507,0.4283663315382897,94.70932325003324,4,1.2914698356524905,147,32.555472275433054,45.326689933314725,10.537613697884298,15,0.23058528397752037,0,1.5615755036669832,1.0,4.773999394254233e-16
3,1,step,False,20,1.1237436745120502,0.1240427961627221,0.1506943399034853,0.8784531211345564,74.65822521997791,4,1.2522667698187906,126,29.580320927251453,39.15800024600011,6.4742167580679,10,0.24666134642435938,0,1.5615755036669832,1.0,4.773999394254233e-16
3,1,step,False,21,0.48646786313588014,0.93013755893025,0.8470192076832614,0.3288886919527557,78.49371927859829,4,1.2956308258276654,125,26.417901366606994,36.81208911139034,9.434113855160204,15,0.12048936695123304,0,1.5615755036669832,1.0,4.773999394254233e-16
3,1,step,False,22,1.1811721758476943,0.552826727677848,0.13474149447518272,0.7396946074727961,35.3537841656409,4,1.6002462899003156,65,10.049682712382431,14.14525421403489,2.340317431032207,3,0.3404326532625793,0,1.5615755036669832,1.0,4.773999394254233e-16
3,1,step,False,23,0.5342055744252718,0.8617646467466017,0.15393891255971237,0.5884220754114263,20.35954427838876,4,1.4853578680848185,45,4.6225759309657,5.500069281013567,1.6117748430731833,3,0.1683095447258702,0,1.5615755036669832,1.0,4.773999394254233e-16
3,2,step,False,0,2.012293809437055,0.10228875808028705,0.08380084713341804,1.5402516091339595,37.93057280478205,4,1.3455784074471395,70,10.187130111975414,13.577497546763041,2.3987478743099753,5,0.17705694418022871,0,1.1042006279777221,0.6143205016851425,2.126528831636431e-15
3,2,step,False,1,0.7367854000076806,0.7073423517858752,0.3033297504573349,0.6440423118210855,57.99527211735812,4,1.3382596057270464,106,17.10799433265619,26.631697007707224,4.319028570941812,7,0.11388268799884937,0,1.1042006279777221,0.6143205016851425,2.126528831636431e-15
3,2,step,False,2,0.6609735095724033,0.27104262407595603,0.38623699695226416,0.7646360036319266,63.15955652333682,4,1.3465946908914779,109,14.598875142848993,22.01831411404736,6.59799573995392,10,0.2043013124016366,0,1.1042006279777221,0.6143205016851425,2.126528831636431e-15
3,2,step,False,3,1.5791575861932878,0.42572959785170655,0.24354967217360451,1.115232313634725,50.09814652505192,4,1.4943202051199926,94,14.881444791510209,19.72581904373984,5.7789260660438275,8,0.190579764727773,0,1.1042006279777221,0.6143205016851425,2.126528831636431e-15
3,2,step,False,4,1.2628620126326964,0.3042916886899694,0.16950896581629626,0.9902355710827684,82.79149624132033,4,1.204873137523886,136,28.773253923219936,37.53436413950175,7.437269315357204,10,0.15293447907117366,0,1.1042006279777221,0.6143205016851425,2.126528831636431e-15
3,2,step,False,5,2.203884775882906,0.09924935907338701,0.10451028839151918,1.6749614487151394,26.607861162891997,4,1.6151408514682852,50,5.062047800653065,7.409360398474782,2.8267201846873764,5,0.20200398274703507,0,1.1042006279777221,0.6143205016851425,2.126528831636431e-15
3,2,step,False,6,1.3474154075443938,0.18712930743137632,0.21320513794625756,0.9864678493589868,22.494725083016796,4,1.6539183287774182,46,6.977632130703571,10.291238786032805,2.615243560051563,4,0.12042902700995675,0,1.1042006279777221,0.6143205016851425,2.126528831636431e-15
3,2,step,False,7,0.637017188984615,0.6630820839346874,0.3707487381791445,0.6031598226075812,88.99898775563832,4,1.2111449125455207,139,30.324050750618024,42.76848924200027,9.682665901664583,13,0.2221076552928015,0,1.1042006279777221,0.6143205016851425,2.126528831636431e-15
3,2,step,False,8,1.1241654617540675,0.20247211824460362,0.17177864712806812,0.9203420329676484,88.03765048272967,4,1.257016970154669,145,29.077303135815352,39.32767207735282,8.152211720119793,13,0.23668059047134368,0,1.1042006279777221,0.6143205016851425,2.126528831636431e-15
3,2,step,False,9,0.3160041946949852,0.9939533074051006,0.4686036486010847,0.23123521902121053,108.0706132519012,4,1.2117144547233307,161,43.82791345777983,57.61378274858188,12.079669779619502,18,0.2501097056183087,0,1.1042006279777221,0.6143205016851425,2.126528831636431e-15
3,2,step,False,10,0.5495978082565923,0.3095723432177169,0.42324479036028734,0.5960798006648088,39.635768704361176,4,1.524224254169316,70,12.163253279577107,17.66290468288673,3.537934644185022,6,0.22879280577764854,0,1.1042006279777221,0.6143205016851425,2.126528831636431e-15
3,2,step,False,11,1.145507073081825,0.6755994977054447,0.33149742431484497,0.8515123938283693,53.50595265384432,4,1.3543931342986377,91,18.007374429347532,25.197297575477975,7.38593777801114,11,0.1720007161599637,0,1.1042006279777221,0.6143205016851425,2.126528831636431e-15
3,2,step,False,12,1.6167986815583852,0.09699666521125566,0.1241686154860682,1.1627560541958475,35.30335441281399,4,1.470880390822856,74,7.786292172007951,10.118861487895494,2.931332191588173,7,0.22031277309957725,0,1.1042006279777221,0.6143205016851425,2.126528831636431e-15
3,2,step,False,13,1.4957891254472597,0.05380616237038454,0.23475545137318865,1.2212379390800372,37.83702709614994,4,1.514555800642806,63,12.675669543663272,17.694564562296314,2.803091225960861,3,0.21178309430218809,0,1.1042006279777221,0.6143205016851425,2.126528831636431e-15
3,2,step,False,14,1.2928729106443955,0.22552878185887243,0.11101843678701802,1.025695678413242,59.557835607351116,4,1.3574636402010074,100,20.63590385979713,26.788139904889828,6.206718192376204,9,0.19193481240679974,0,1.1042006279777221,0.6143205016851425,2.126528831636431e-15
3,2,step,False,15,1.0821811863143032,0.3303047551002594,0.077442052285507,0.9211732005257176,80.57983105058655,4,1.2621418675497373,123,31.127626331145986,41.997872050988306,7.850604467949541,13,0.17170718900405826,0,1.1042006279777221,0.6143205016851425,2.126528831636431e-15
3,2,step,False,16,2.2308898068401075,0.13035899670571047,0.1483887015502241,1.6678017973001766,29.913116794190373,4,1.419443889218377,53,6.949269972107057,9.421819149641722,2.7772449603376677,3,0.20949274928997277,0,1.1042006279777221,0.6143205016851425,2.126528831636431e-15
3,2,step,False,17,0.9897997487825622,0.4327306044516274,0.23025120718122502,0.7823522654289061,81.85760306373517,4,1.2668221508812167,130,26.67579095394524,37.7833881219276,8.856224368899573,12,0.2330434625175718,0,1.1042006279777221,0.6143205016851425,2.126528831636431e-15
3,2,step,False,18,0.5590769175905304,0.4140064961215474,0.17919368873205777,0.5057778254642993,92.05003247630124,4,1.1697464886624773,143,34.234702179633715,46.978243457952836,9.3643968727245,15,0.15575078988086907,0,1.1042006279777221,0.6143205016851425,2.126528831636431e-15
3,2,step,False,19,0.3614042791791365,0.5670527648289833,0.5443529209573507,0.4283663315382897,94.70932325003324,4,1.2914698356524905,147,31.933747416361662,45.862318520736174,10.537613697884298,15,0.20191201871752001,0,1.1042006279777221,0.6143205016851425,2.126528831636431e-15
3,2,step,False,20,1.1237436745120502,0.053631108523585845,0.1506943399034853,0.8784531211345564,74.65822521997791,4,1.2522667698187906,126,30.4360882757593,42.09418928329369,6.4742167580679,10,0.18228626072407725,0,1.1042006279777221,0.6143205016851425,2.126528831636431e-15
3,2,step,False,21,0.48646786313588014,0.9111266010876224,0.8470192076832614,0.3288886919527557,78.49371927859829,4,1.2956308258276654,125,29.085280620453673,42.070897489164224,9.434113855160204,15,0.17575828941902064,0,1.1042006279777221,0.6143205016851425,2.126528831636431e-15
3,2,step,False,22,1.1811721758476943,0.7601509518973546,0.13474149447518272,0.7396946074727961,35.3537841656409,4,1.6002462899003156,65,12.158596056275522,18.31305804957971,2.340317431032207,3,0.13648570708827237,0,1.1042006279777221,0.6143205016851425,2.126528831636431e-15
3,2,step,False,23,0.5342055744252718,0.9284336832731589,0.15393891255971237,0.5884220754114263,20.35954427838876,4,1.4853578680848185,45,5.312775893481911,6.568673287325043,1.6117748430731833,3,0.11422642202360044,0,1.1042006279777221,0.6143205016851425,2.126528831636431e-15
3,3,step,False,0,2.012293809437055,0.028340720677731832,0.08380084713341804,1.5402516091339595,37.93057280478205,4,1.3455784074471395,70,8.805912744210584,11.268049106644417,2.3987478743099753,5,0.24159213785402078,0,0.7807877518334915,0.3740689158439636,5.828504654141132e-14
3,3,step,False,1,0.7367854000076806,0.4051141725790765,0.3033297504573349,0.6440423118210855,57.99527211735812,4,1.3382596057270464,106,17.381593773870836,25.290707585830393,4.319028570941812,7,0.12085806655094297,0,0.7807877518334915,0.3740689158439636,5.828504654141132e-14
3,3,step,False,2,0.6609735095724033,0.35415176753926614,0.38623699695226416,0.7646360036319266,63.15955652333682,4,1.3465946908914779,109,16.634571882967524,24.27146098701004,6.59799573995392,10,0.07348836368803946,0,0.7807877518334915,0.3740689158439636,5.828504654141132e-14
3,3,step,False,3,1.5791575861932878,0.22043286661902312,0.24354967217360451,1.115232313634725,50.09814652505192,4,1.4943202051199926,94,15.473619069605851,20.418910795946065,5.7789260660438275,8,0.07018107421195927,0,0.7807877518334915,0.3740689158439636,5.828504654141132e-14
3,3,step,False,4,1.2628620126326964,0.06841750599833378,0.16950896581629626,0.9902355710827684,82.79149624132033,4,1.204873137523886,136,30.067807077295996,38.02380481312192,7.437269315357204,10,0.09183002101635984,0,0.7807877518334915,0.3740689158439636,5.828504654141132e-14
3,3,step,False,5,2.203884775882906,0.09992392685222541,0.10451028839151918,1.6749614487151394,26.607861162891997,4,1.6151408514682852,50,4.707975511519819,6.274575686148274,2.8267201846873764,5,0.11174417354195765,0,0.7807877518334915,0.3740689158439636,5.828504654141132e-14
3,3,step,False,6,1.3474154075443938,0.08091531589438453,0.21320513794625756,0.9864678493589868,22.494725083016796,4,1.6539183287774182,46,8.075292595892922,10.938349910266309,2.615243560051563,4,0.0940057756499625,0,0.7807877518334915,0.3740689158439636,5.828504654141132e-14
3,3,step,False,7,0.637017188984615,0.5283168642601932,0.3707487381791445,0.6031598226075812,88.99898775563832,4,1.2111449125455207,139,28.871348980941104,39.77523281779787,9.682665901664583,13,0.1563799718994513,0,0.7807877518334915,0.3740689158439636,5.828504654141132e-14
3,3,step,False,8,1.1241654617540675,0.1980407559667004,0.17177864712806812,0.9203420329676484,88.03765048272967,4,1.257016970154669,145,31.33875074415735,43.203784968264074,8.152211720119793,13,0.07264943367317342,0,0.7807877518334915,0.3740689158439636,5.828504654141132e-14
3,3,step,False,9,0.3160041946949852,0.9949034688757329,0.4686036486010847,0.23123521902121053,108.0706132519012,4,1.2117144547233307,161,43.48546435550027,57.006017253235335,12.079669779619502,18,0.10303752060563781,0,0.7807877518334915,0.3740689158439636,5.828504654141132e-14
3,3,step,False,10,0.5495978082565923,0.2475773867344051,0.42324479036028734,0.5960798006648088,39.635768704361176,4,1.524224254169316,70,15.814697860711252,22.95610739566505,3.537934644185022,6,0.11179492200976121,0,0.7807877518334915,0.3740689158439636,5.828504654141132e-14
3,3,step,False,11,1.145507073081825,0.5894736159342593,0.33149742431484497,0.8515123938283693,53.50595265384432,4,1.3543931342986377,91,17.78108654544979,25.358785175743485,7.38593777801114,11,0.07153189502240846,0,0.7807877518334915,0.3740689158439636,5.828504654141132e-14
3,3,step,False,12,1.6167986815583852,0.09867413650564606,0.1241686154860682,1.1627560541958475,35.30335441281399,4,1.470880390822856,74,7.994978633811819,12.157162291151502,2.9313321915881727,7,0.24910035561779825,0,0.7807877518334915,0.3740689158439636,5.828504654141132e-14
3,3,step,False,13,1.4957891254472597,0.06893524550802259,0.23475545137318865,1.2212379390800372,37.83702709614994,4,1.514555800642806,63,10.60849485248718,14.02988298071921,2.803091225960861,3,0.15518135212469786,0,0.7807877518334915,0.3740689158439636,5.828504654141132e-14
3,3,step,False,14,1.2928729106443955,0.16294249717721274,0.11101843678701802,1.025695678413242,59.557835607351116,4,1.3574636402010074,100,18.42545529732148,22.78865449827639,6.206718192376204,9,0.15020220371770185,0,0.7807877518334915,0.3740689158439636,5.828504654141132e-14
3,3,step,False,15,1.0821811863143032,0.21651965632431397,0.077442052285507,0.9211732005257176,80.57983105058655,4,1.2621418675497373,123,31.034150246411617,40.34773108798885,7.850604467949541,13,0.06241559569528625,0,0.7807877518334915,0.3740689158439636,5.828504654141132e-14
3,3,step,False,16,2.2308898068401075,0.14869952938812703,0.1483887015502241,1.6678017973001766,29.913116794190373,4,1.419443889218377,53,5.38004941337238,7.477736043499469,2.7772449603376677,3,0.15230687281625066,0,0.7807877518334915,0.3740689158439636,5.828504654141132e-14
3,3,step,False,17,0.9897997487825622,0.29573750463701237,0.23025120718122502,0.7823522654289061,81.85760306373517,4,1.2668221508812167,130,24.909915200967863,33.80629205698842,8.856224368899573,12,0.0910310570258789,0,0.7807877518334915,0.3740689158439636,5.828504654141132e-14
3,3,step,False,18,0.5590769175905304,0.27371193853428616,0.17919368873205777,0.5057778254642993,92.05003247630124,4,1.1697464886624773,143,33.55365098541879,44.50714668666817,9.3643968727245,15,0.11695648033942509,0,0.7807877518334915,0.3740689158439636,5.828504654141132e-14
3,3,step,False,19,0.3614042791791365,0.5930134537111941,0.5443529209573507,0.4283663315382897,94.70932325003324,4,1.2914698356524905,147,30.181815130708408,42.76842455090575,10.537613697884298,15,0.10070874757622779,0,0.7807877518334915,0.3740689158439636,5.828504654141132e-14
3,3,step,False,20,1.1237436745120502,0.09535153600746392,0.1506943399034853,0.8784531211345564,74.65822521997791,4,1.2522667698187906,126,27.90357601531394,38.9487282453093,6.4742167580679,10,0.17004002949898994,0,0.7807877518334915,0.3740689158439636,5.828504654141132e-14
3,3,step,False,21,0.48646786313588014,0.9078072268915821,0.8470192076832614,0.3288886919527557,78.49371927859829,4,1.2956308258276654,125,31.142789153038233,46.35582524157889,9.434113855160204,15,0.1319400052108486,0,0.7807877518334915,0.3740689158439636,5.828504654141132e-14
3,3,step,False,22,1.1811721758476943,0.8829204788759221,0.13474149447518272,0.7396946074727961,35.3537841656409,4,1.6002462899003156,65,13.890037654965646,20.466846721008736,2.340317431032207,3,0.14570254374362046,0,0.7807877518334915,0.3740689158439636,5.828504654141132e-14
3,3,step,False,23,0.5342055744252718,0.6715436967612023,0.15393891255971237,0.5884220754114263,20.35954427838876,4,1.4853578680848185,45,6.53698916126786,8.344559243800353,1.6117748430731833,3,0.043888901649910425,0,0.7807877518334915,0.3740689158439636,5.828504654141132e-14
4,0,init,False,0,0.7314387939142174,0.9134099762951238,0.5073575779719194,0.3488720987583121,44.639233131341264,4,1.4717034210320197,80,nan,nan,6.743486723225711,11,nan,0,nan,nan,nan
4,0,init,False,1,0.1901008407877457,0.6316347250547342,0.8060556090402555,0.1562697109825038,95.16254019214296,4,1.1874728407876145,152,nan,nan,5.922904203663682,8,nan,0,nan,nan,nan
4,0,init,False,2,1.441147482065505,0.27189256311095783,0.09893059557084266,0.875115265500899,70.04878199399387,4,1.2364578866533147,111,nan,nan,6.939691096062599,11,nan,0,nan,nan,nan
4,0,init,False,3,0.767155368090763,0.9982733360370912,0.39211122835536594,0.3000681300408479,100.75550557741175,4,1.2565369514170905,162,nan,nan,9.798507407639029,16,nan,0,nan,nan,nan
4,0,init,False,4,0.5621501343069247,0.5394383423972646,0.10521224533694302,0.31103520024761433,89.49245843116506,4,1.1743079759427548,143,nan,nan,4.9363596942161205,7,nan,0,nan,nan,nan
4,0,init,False,5,1.741348863480143,0.17238121418530872,0.13551876239308314,1.0518740386369914,46.93688532852703,4,1.300178936994807,78,nan,nan,4.330237583719368,7,nan,0,nan,nan,nan
4,0,init,False,6,1.1638828463724025,0.09151906000735227,0.06289977297936399,0.622028426472157,73.73652846831166,4,1.3447438919268,122,nan,nan,5.2558948172297475,8,nan,0,nan,nan,nan
4,0,init,False,7,2.6451436560886648,0.021279567571159452,0.07602073873092775,1.546293103374471,13.3769927683865,4,1.5612099688142451,29,nan,nan,1.8547885538293745,3,nan,0,nan,nan,nan
4,0,init,False,8,1.1773111634983904,0.33801178299749884,0.23291791713110763,0.7933264009229355,64.15268601527599,4,1.229517982047906,102,nan,nan,9.35280183875865,14,nan,0,nan,nan,nan
4,0,init,False,9,2.021911938662873,0.11474361406792581,0.03730169591404009,1.2721400504958391,18.556817078819357,4,1.3693512604865345,39,nan,nan,2.126737249611038,3,nan,0,nan,nan,nan
4,0,init,False,10,1.5164206506624354,0.32041674946949583,0.13808931204054878,0.8302204335831187,46.70874174669558,4,1.527742603416708,79,nan,nan,4.745877672200862,8,nan,0,nan,nan,nan
4,0,init,False,11,1.7873261353014271,0.4716891606555294,0.26528785634809443,1.126051849928676,57.084695115331876,4,1.5808953940501442,96,nan,nan,4.722580352927004,10,nan,0,nan,nan,nan
4,0,init,False,12,0.4960937291639991,0.11762825114328153,0.4108634612164743,0.3111488363554541,63.6783197134603,4,1.3589012809914252,108,nan,nan,6.920889897012751,12,nan,0,nan,nan,nan
4,0,init,False,13,0.7733730741862967,0.5686333133405138,0.25563087505352156,0.451534386767639,66.83403132970636,4,1.329152171362885,115,nan,nan,7.397742050815116,12,nan,0,nan,nan,nan
4,0,init,False,14,1.2441028283176079,0.5721940478580022,0.08698193174574825,0.7674945914542526,58.061725957454186,4,1.2633188937440742,98,nan,nan,6.996872352729445,11,nan,0,nan,nan,nan
4,0,init,False,15,1.020636180189332,0.09228796980587343,0.06380384431239458,0.6787413011425951,58.51959310555104,4,1.2981172287303016,108,nan,nan,6.89146983461789,10,nan,0,nan,nan,nan
4,0,init,False,16,0.6465795769665226,0.7109960937224411,0.44473672083792226,0.3681701844501494,97.89745695364742,4,1.2003166810382462,147,nan,nan,8.645421951049213,14,nan,0,nan,nan,nan
4,0,init,False,17,1.3800791253006297,0.4309130227943547,0.3454219447144979,0.7570265018045935,48.80763556737149,4,1.4697516896109295,86,nan,nan,6.581611878102242,13,nan,0,nan,nan,nan
4,0,init,False,18,1.9545733255213382,0.1734032492476009,0.17340324924760217,1.3881731250162486,7.853191170770043,4,1.7569804946433485,22,nan,nan,1.0,1,nan,0,nan,nan,nan
4,0,init,False,19,0.8642655972196809,0.9801350443328355,0.03665801877604915,0.45671670486002897,61.87620529710102,4,1.340721252836389,104,nan,nan,5.866067768560746,8,nan,0,nan,nan,nan
4,0,init,False,20,0.4015157065634968,0.10719438345427745,0.735242077860848,0.23255373067413956,32.3597539167309,4,1.4465041377328534,59,nan,nan,3.404123656911282,4,nan,0,nan,nan,nan
4,0,init,False,21,1.0339699688965198,0.11018303079852597,0.12056576519138043,0.6144482949458159,110.95355214142103,4,1.16420689553413,158,nan,nan,9.592316020442885,14,nan,0,nan,nan,nan
4,0,init,False,22,0.8323167227644012,0.9137329070900977,0.13164829101919223,0.5634638051950027,28.29923000992318,4,1.2823286814629669,48,nan,nan,4.825125902989847,7,nan,0,nan,nan,nan
4,0,init,False,23,0.6269417020834565,0.8028927356157243,0.38204053994893644,0.33682594423068674,84.20743898946,4,1.3641352759470966,132,nan,nan,9.148491493685366,16,nan,0,nan,nan,nan
4,1,step,False,0,0.7314387939142174,0.7495952156512675,0.5073575779719194,0.3488720987583121,44.639233131341264,4,1.4717034210320197,80,10.867840800094928,16.34553838528442,6.743486723225711,11,0.3154798800140382,0,1.5893452000177961,1.0,4.895552677779945e-16
4,1,step,False,1,0.1901008407877457,0.606732592621014,0.8060556090402555,0.1562697109825038,95.16254019214296,4,1.1874728407876145,152,30.42662057704763,44.156256981023,5.922904203663682,8,0.22724639241481015,0,1.5893452000177961,1.0,4.895552677779945e-16
4,1,step,False,2,1.441147482065505,0.38329413535164303,0.09893059557084266,0.875115265500899,70.04878199399387,4,1.2364578866533147,111,21.88223548020074,29.81173253236193,6.939691096062599,11,0.2400791244651871,0,1.5893452000177961,1.0,4.895552677779945e-16
4,1,step,False,3,0.767155368090763,0.9998013790827365,0.39211122835536594,0.3000681300408479,100.75550557741175,4,1.2565369514170905,162,36.94905793727604,50.487823389069,9.798507407639029,16,0.2647819427149531,0,1.5893452000177961,1.0,4.895552677779945e-16
4,1,step,False,4,0.5621501343069247,0.6252210941926392,0.10521224533694302,0.31103520024761433,89.49245843116506,4,1.1743079759427548,143,35.40288280778162,49.32900839808475,4.9363596942161205,7,0.22874063679588477,0,1.5893452000177961,1.0,4.895552677779945e-16
4,1,step,False,5,1.741348863480143,0.166210528393062,0.13551876239308314,1.0518740386369914,46.93688532852703,4,1.300178936994807,78,14.18712793226074,20.63637407450372,4.330237583719368,7,0.3084409901078026,0,1.5893452000177961,1.0,4.895552677779945e-16
4,1,step,False,6,1.1638828463724025,0.12325315992171158,0.06289977297936399,0.622028426472157,73.73652846831166,4,1.3447438919268,122,27.282808259752084,37.815597881797714,5.2558948172297475,8,0.22186846179881223,0,1.5893452000177961,1.0,4.895552677779945e-16
4,1,step,False,7,2.6451436560886648,0.11448479513720995,0.07602073873092775,1.546293103374471,13.3769927683865,4,1.5612099688142451,29,2.6389656743092327,3.812855159915729,1.8547885538293745,3,0.3559447005943514,0,1.5893452000177961,1.0,4.895552677779945e-16
4,1,step,False,8,1.1773111634983904,0.22776351366630185,0.23291791713110763,0.7933264009229355,64.15268601527599,4,1.229517982047906,102,22.14512891317337,30.00529150549333,9.35280183875865,14,0.1922660720213716,0,1.5893452000177961,1.0,4.895552677779945e-16
4,1,step,False,9,2.021911938662873,0.20632889049210631,0.03730169591404009,1.2721400504958391,18.556817078819357,4,1.3693512604865345,39,4.501621848275079,5.600855680845511,2.126737249611038,3,0.1815362601520074,0,1.5893452000177961,1.0,4.895552677779945e-16
4,1,step,False,10,1.5164206506624354,0.14696879555289635,0.13808931204054878,0.8302204335831187,46.70874174669558,4,1.527742603416708,79,15.88586239200536,23.671434326590305,4.745877672200862,8,0.25285069367571367,0,1.5893452000177961,1.0,4.895552677779945e-16
4,1,step,False,11,1.7873261353014271,0.5252486442696763,0.26528785634809443,1.126051849928676,57.084695115331876,4,1.5808953940501442,96,16.934463209239592,24.277678458123926,4.722580352927004,10,0.2272271480739659,0,1.5893452000177961,1.0,4.895552677779945e-16
4,1,step,False,12,0.4960937291639991,0.17728246961073146,0.4108634612164743,0.3111488363554541,63.6783197134603,4,1.3589012809914252,108,18.425165416187124,25.54088599863783,6.920889897012751,12,0.24728591341897233,0,1.5893452000177961,1.0,4.895552677779945e-16
4,1,step,False,13,0.7733730741862967,0.590067622595948,0.25563087505352156,0.451534386767639,66.83403132970636,4,1.329152171362885,115,18.09668162674781,27.251058628448416,7.397742050815116,12,0.24702456573064618,0,1.5893452000177961,1.0,4.895552677779945e-16
4,1,step,False,14,1.2441028283176079,0.599465614755319,0.08698193174574825,0.7674945914542526,58.061725957454186,4,1.2633188937440742,98,18.681311522456305,25.606853720183594,6.996872352729445,11,0.2302476226999321,0,1.5893452000177961,1.0,4.895552677779945e-16
4,1,step,False,15,1.020636180189332,0.23239283235814548,0.06380384431239458,0.6787413011425951,58.51959310555104,4,1.2981172287303016,108,16.919473306581814,25.11235260271079,6.89146983461789,10,0.24435847333248717,0,1.5893452000177961,1.0,4.895552677779945e-16
4,1,step,False,16,0.6465795769665226,0.7654587772589757,0.44473672083792226,0.3681701844501494,97.89745695364742,4,1.2003166810382462,147,36.715597490790174,52.64884482421617,8.645421951049213,14,0.2347719206687387,0,1.5893452000177961,1.0,4.895552677779945e-16
4,1,step,False,17,1.3800791253006297,0.20852249490557134,0.3454219447144979,0.7570265018045935,48.80763556737149,4,1.4697516896109295,86,13.735150674123815,18.06236898152559,6.581611878102242,13,0.13747651911137443,0,1.5893452000177961,1.0,4.895552677779945e-16
4,1,step,False,18,1.9545733255213382,0.1734032492476009,0.17340324924760217,1.3881731250162486,7.853191170770043,4,1.7569804946433485,22,1.323810857228164,1.5861607274659202,1.0,1,0.47713010318065524,0,1.5893452000177961,1.0,4.895552677779945e-16
4,1,step,False,19,0.8642655972196809,0.9283556522183849,0.03665801877604915,0.45671670486002897,61.87620529710102,4,1.340721252836389,104,21.447002476224277,28.496418702030272,5.866067768560746,8,0.26540359286983595,0,1.5893452000177961,1.0,4.895552677779945e-16
4,1,step,False,20,0.4015157065634968,0.08349060676745794,0.735242077860848,0.23255373067413956,32.3597539167309,4,1.4465041377328534,59,8.713449693383566,13.394106441929836,3.404123656911282,4,0.23227829664822072,0,1.5893452000177961,1.0,4.895552677779945e-16
4,1,step,False,21,1.0339699688965198,0.13636234411761147,0.12056576519138043,0.6144482949458159,110.95355214142103,4,1.16420689553413,158,47.440106444905595,65.38818605400166,9.592316020442885,14,0.2468684214628866,0,1.5893452000177961,1.0,4.895552677779945e-16
4,1,step,False,22,0.8323167227644012,0.9764285698449022,0.13164829101919223,0.5634638051950027,28.29923000992318,4,1.2823286814629669,48,9.93844657111371,14.007689025494434,4.825125902989847,7,0.29093781603397145,0,1.5893452000177961,1.0,4.895552677779945e-16
4,1,step,False,23,0.6269417020834565,0.7169217074939754,0.38204053994893644,0.33682594423068674,84.20743898946,4,1.3641352759470966,132,29.45918808884126,41.345521551778255,9.148491493685366,16,0.2541262436278095,0,1.5893452000177961,1.0,4.895552677779945e-16
4,2,step,False,0,0.7314387939142174,0.6087103437576721,0.5073575779719194,0.3488720987583121,44.639233131341264,4,1.4717034210320197,80,12.830296668383532,20.211074631350613,6.743486723225711,11,0.24971677513809987,0,1.1238367685788733,0.6271730065345764,8.111562672957711e-16
4,2,step,False,1,0.1901008407877457,0.5159523988629643,0.8060556090402555,0.1562697109825038,95.16254019214296,4,1.1874728407876145,152,31.094401676702756,42.17486564551016,5.922904203663682,8,0.1669153763586192,0,1.1238367685788733,0.6271730065345764,8.111562672957711e-16
4,2,step,False,2,1.441147482065505,0.188331887044262,0.09893059557084266,0.875115265500899,70.04878199399387,4,1.2364578866533147,111,23.806396572561766,32.30321184463128,6.939691096062599,11,0.14396746200765498,0,1.1238367685788733,0.6271730065345764,8.111562672957711e-16
4,2,step,False,3,0.767155368090763,0.9307038448037519,0.39211122835536594,0.3000681300408479,100.75550557741175,4,1.2565369514170905,162,37.668826465495314,51.27477535075245,9.798507407639029,16,0.22126226393366133,0,1.1238367685788733,0.6271730065345764,8.111562672957711e-16
4,2,step,False,4,0.5621501343069247,0.6115554153206253,0.10521224533694302,0.31103520024761433,89.49245843116506,4,1.1743079759427548,143,34.57936757640268,48.748656624389945,4.9363596942161205,7,0.1285207014344329,0,1.1238367685788733,0.6271730065345764,8.111562672957711e-16
4,2,step,False,5,1.741348863480143,0.14049249842538167,0.13551876239308314,1.0518740386369914,46.93688532852703,4,1.300178936994807,78,11.003100548095752,15.023115713831974,4.330237583719368,7,0.23968580539589696,0,1.1238367685788733,0.6271730065345764,8.111562672957711e-16
4,2,step,False,6,1.1638828463724025,0.1559679202828442,0.06289977297936399,0.622028426472157,73.73652846831166,4,1.3447438919268,122,28.522619046178015,38.541233808810965,5.2558948172297475,8,0.1372002103149341,0,1.1238367685788733,0.6271730065345764,8.111562672957711e-16
4,2,step,False,7,2.6451436560886648,0.11336844162053122,0.07602073873092775,1.546293103374471,13.3769927683865,4,1.5612099688142451,29,1.5667420674202865,1.8579224013551074,1.8547885538293745,3,0.29784193413012405,0,1.1238367685788733,0.6271730065345764,8.111562672957711e-16
4,2,step,False,8,1.1773111634983904,0.11965334528776372,0.23291791713110763,0.7933264009229355,64.15268601527599,4,1.229517982047906,102,22.213606965184187,29.550881092294524,9.35280183875865,14,0.21750971243868059,0,1.1238367685788733,0.6271730065345764,8.111562672957711e-16
4,2,step,False,9,2.021911938662873,0.20458820345765327,0.03730169591404009,1.2721400504958391,18.556817078819357,4,1.3693512604865345,39,4.058558503928174,4.723837179378975,2.126737249611038,3,0.16899540628617377,0,1.1238367685788733,0.6271730065345764,8.111562672957711e-16
4,2,step,False,10,1.5164206506624354,0.11033293380266163,0.13808931204054878,0.8302204335831187,46.70874174669558,4,1.527742603416708,79,14.156395500657428,21.53399828584101,4.745877672200862,8,0.18353691438524905,0,1.1238367685788733,0.6271730065345764,8.111562672957711e-16
4,2,step,False,11,1.7873261353014271,0.5258451923353732,0.26528785634809443,1.126051849928676,57.084695115331876,4,1.5808953940501442,96,16.61115067026633,24.123568533555613,4.722580352927004,10,0.1531109324117348,0,1.1238367685788733,0.6271730065345764,8.111562672957711e-16
4,2,step,False,12,0.4960937291639991,0.12092177322435006,0.4108634612164743,0.3111488363554541,63.6783197134603,4,1.3589012809914252,108,18.874416615323394,25.70963761197114,6.920889897012751,12,0.15780398974160662,0,1.1238367685788733,0.6271730065345764,8.111562672957711e-16
4,2,step,False,13,0.7733730741862967,0.5528144877813863,0.25563087505352156,0.451534386767639,66.83403132970636,4,1.329152171362885,115,21.22979988485099,32.913354959809126,7.397742050815116,12,0.1536173107225274,0,1.1238367685788733,0.6271730065345764,8.111562672957711e-16
4,2,step,False,14,1.2441028283176079,0.5322098491138096,0.08698193174574825,0.7674945914542526,58.061725957454186,4,1.2633188937440742,98,17.66455400596097,25.302070880318848,6.996872352729445,11,0.14728281086364886,0,1.1238367685788733,0.6271730065345764,8.111562672957711e-16
4,2,step,False,15,1.020636180189332,0.12197859741742104,0.06380384431239458,0.6787413011425951,58.51959310555104,4,1.2981172287303016,108,17.61446464279857,24.580664267382627,6.89146983461789,10,0.1449080291585264,0,1.1238367685788733,0.6271730065345764,8.111562672957711e-16
4,2,step,False,16,0.6465795769665226,0.507288183491461,0.44473672083792226,0.3681701844501494,97.89745695364742,4,1.2003166810382462,147,36.74020551310185,53.0694547722495,8.645421951049213,14,0.15065215665599158,0,1.1238367685788733,0.6271730065345764,8.111562672957711e-16
4,2,step,False,17,1.3800791253006297,0.16633322918774127,0.3454219447144979,0.7570265018045935,48.80763556737149,4,1.4697516896109295,86,12.605279990896994,16.933352943348027,6.581611878102242,13,0.15015759814485788,0,1.1238367685788733,0.6271730065345764,8.111562672957711e-16
4,2,step,False,18,1.9545733255213382,0.1734032492476009,0.17340324924760217,1.3881731250162486,7.853191170770043,4,1.7569804946433485,22,1.2746546802968823,1.510778672634405,1.0,1,0.08902382282573497,0,1.1238367685788733,0.6271730065345764,8.111562672957711e-16
4,2,step,False,19,0.8642655972196809,0.9614487080489984,0.03665801877604915,0.45671670486002897,61.87620529710102,4,1.340721252836389,104,20.803869865400948,27.26877673464607,5.866067768560746,8,0.16686534375447568,0,1.1238367685788733,0.6271730065345764,8.111562672957711e-16
4,2,step,False,20,0.4015157065634968,0.08445061256027372,0.735242077860848,0.23255373067413956,32.3597539167309,4,1.4465041377328534,59,10.14177639223746,14.616892039555369,3.404123656911282,4,0.13878890178672462,0,1.1238367685788733,0.6271730065345764,8.111562672957711e-16
4,2,step,False,21,1.0339699688965198,0.1254248937307934,0.12056576519138043,0.6144482949458159,110.95355214142103,4,1.16420689553413,158,46.195648983238044,62.69586567699217,9.592316020442885,14,0.14486890098034375,0,1.1238367685788733,0.6271730065345764,8.111562672957711e-16
4,2,step,False,22,0.8323167227644012,0.9610383693281734,0.13164829101919223,0.5634638051950027,28.29923000992318,4,1.2823286814629669,48,10.15868502865479,15.039451170578449,4.825125902989847,7,0.1543381338021803,0,1.1238367685788733,0.6271730065345764,8.111562672957711e-16
4,2,step,False,23,0.6269417020834565,0.59770687182276,0.38204053994893644,0.33682594423068674,84.20743898946,4,1.3641352759470966,132,28.58519887138057,39.612657577636895,9.148491493685366,16,0.1505984807180192,0,1.1238367685788733,0.6271730065345764,8.111562672957711e-16
4,3,step,False,0,0.7314387939142174,0.477451058765522,0.5073575779719194,0.3488720987583121,44.639233131341264,4,1.4717034210320197,80,14.6997927964503,21.290629538683472,6.743486723225711,11,0.09688864290324392,0,0.794672600008898,0.38281212747097015,4.1258450634471e-15
4,3,step,False,1,0.1901008407877457,0.3262924375202542,0.8060556090402555,0.1562697109825038,95.16254019214296,4,1.1874728407876145,152,33.153352765712214,45.026219885304656,5.922904203663682,8,0.12849727110672013,0,0.794672600008898,0.38281212747097015,4.1258450634471e-15
4,3,step,False,2,1.441147482065505,0.16150713706430725,0.09893059557084266,0.875115265500899,70.04878199399387,4,1.2364578866533147,111,23.062776803764777,31.527185740938474,6.939691096062599,11,0.1369311583574515,0,0.794672600008898,0.38281212747097015,4.1258450634471e-15
4,3,step,False,3,0.767155368090763,0.8483413323550665,0.39211122835536594,0.3000681300408479,100.75550557741175,4,1.2565369514170905,162,36.767541445389455,49.46937724111933,9.798507407639029,16,0.1322496610606946,0,0.794672600008898,0.38281212747097015,4.1258450634471e-15
4,3,step,False,4,0.5621501343069247,0.6242328122985555,0.10521224533694302,0.31103520024761433,89.49245843116506,4,1.1743079759427548,143,31.25347248484116,42.386043999557465,4.9363596942161205,7,0.08468777721107937,0,0.794672600008898,0.38281212747097015,4.1258450634471e-15
4,3,step,False,5,1.741348863480143,0.04350287271240851,0.13551876239308314,1.0518740386369914,46.93688532852703,4,1.300178936994807,78,8.637586796215183,11.284063932768143,4.330237583719368,7,0.15584572260950164,0,0.794672600008898,0.38281212747097015,4.1258450634471e-15
4,3,step,False,6,1.1638828463724025,0.1483349890653764,0.06289977297936399,0.622028426472157,73.73652846831166,4,1.3447438919268,122,29.25983579262122,38.56606803819523,5.2558948172297475,8,0.09004750231933493,0,0.794672600008898,0.38281212747097015,4.1258450634471e-15
4,3,step,False,7,2.6451436560886648,0.14128450467901157,0.07602073873092775,1.546293103374471,13.3769927683865,4,1.5612099688142451,29,1.0415260659280319,1.082909162123612,1.8547885538293745,3,0.04605811148030947,0,0.794672600008898,0.38281212747097015,4.1258450634471e-15
4,3,step,False,8,1.1773111634983904,0.11761248937059396,0.23291791713110763,0.7933264009229355,64.15268601527599,4,1.229517982047906,102,22.789427384232766,30.115752254270365,9.35280183875865,14,0.09146041367119465,0,0.794672600008898,0.38281212747097015,4.1258450634471e-15
4,3,step,False,9,2.021911938662873,0.20448220096856995,0.03730169591404009,1.2721400504958391,18.556817078819357,4,1.3693512604865345,39,3.8255092603875114,4.689752084837467,2.126737249611038,3,0.18406558504440185,0,0.794672600008898,0.38281212747097015,4.1258450634471e-15
4,3,step,False,10,1.5164206506624354,0.12683113133168825,0.13808931204054878,0.8302204335831187,46.70874174669558,4,1.527742603416708,79,12.496041899743398,16.36526318953648,4.745877672200862,8,0.10802690183586293,0,0.794672600008898,0.38281212747097015,4.1258450634471e-15
4,3,step,False,11,1.7873261353014271,0.41222497452756324,0.26528785634809443,1.126051849928676,57.084695115331876,4,1.5808953940501442,96,16.56383650282833,25.915956165740464,4.722580352927004,10,0.08603308216383548,0,0.794672600008898,0.38281212747097015,4.1258450634471e-15
4,3,step,False,12,0.4960937291639991,0.036053374756012745,0.4108634612164743,0.3111488363554541,63.6783197134603,4,1.3589012809914252,108,20.08096088080062,26.783839837322905,6.920889897012751,12,0.1133685736543468,0,0.794672600008898,0.38281212747097015,4.1258450634471e-15
4,3,step,False,13,0.7733730741862967,0.48071467832713155,0.25563087505352156,0.451534386767639,66.83403132970636,4,1.329152171362885,115,23.345359113452194,34.53067346333333,7.397742050815116,12,0.10477633082979572,0,0.794672600008898,0.38281212747097015,4.1258450634471e-15
4,3,step,False,14,1.2441028283176079,0.46010326541582036,0.08698193174574825,0.7674945914542526,58.061725957454186,4,1.2633188937440742,98,16.98715107380692,22.777414382005446,6.996872352729445,11,0.04809299304068604,0,0.794672600008898,0.38281212747097015,4.1258450634471e-15
4,3,step,False,15,1.020636180189332,0.18000198505661028,0.06380384431239458,0.6787413011425951,58.51959310555104,4,1.2981172287303016,108,19.80704743294997,27.374377872194554,6.89146983461789,10,0.11376613406744274,0,0.794672600008898,0.38281212747097015,4.1258450634471e-15
4,3,step,False,16,0.6465795769665226,0.6216637423849465,0.44473672083792226,0.3681701844501494,97.89745695364742,4,1.2003166810382462,147,39.725572662167885,57.544280493686685,8.645421951049213,14,0.16594834994315436,0,0.794672600008898,0.38281212747097015,4.1258450634471e-15
4,3,step,False,17,1.3800791253006297,0.2915978734724261,0.3454219447144979,0.7570265018045935,48.80763556737149,4,1.4697516896109295,86,9.922264055021484,14.161313631374881,6.581611878102242,13,0.04857851836086819,0,0.794672600008898,0.38281212747097015,4.1258450634471e-15
4,3,step,False,18,1.9545733255213382,0.1734032492476009,0.17340324924760217,1.3881731250162486,7.853191170770043,4,1.7569804946433485,22,1.5194110118847,1.8181067926223584,1.0,1,0.1639802077128962,0,0.794672600008898,0.38281212747097015,4.1258450634471e-15
4,3,step,False,19,0.8642655972196809,0.9709221657305337,0.03665801877604915,0.45671670486002897,61.87620529710102,4,1.340721252836389,104,20.328880624227068,27.150757220840344,5.866067768560746,8,0.1415193196370055,0,0.794672600008898,0.38281212747097015,4.1258450634471e-15
4,3,step,False,20,0.4015157065634968,0.17251480666043212,0.735242077860848,0.23255373067413956,32.3597539167309,4,1.4465041377328534,59,11.4989509641539,16.768369272852123,3.404123656911282,4,0.11763432578127149,0,0.794672600008898,0.38281212747097015,4.1258450634471e-15
4,3,step,False,21,1.0339699688965198,0.21529726520783757,0.12056576519138043,0.6144482949458159,110.95355214142103,4,1.16420689553413,158,45.9922321589371,59.82570937343162,9.592316020442885,14,0.08465079471043291,0,0.794672600008898,0.38281212747097015,4.1258450634471e-15
4,3,step,False,22,0.8323167227644012,0.9526877302538317,0.13164829101919223,0.5634638051950027,28.29923000992318,4,1.2823286814629669,48,9.637800622319027,15.371183242133338,4.825125902989847,7,0.15881619314962872,0,0.794672600008898,0.38281212747097015,4.1258450634471e-15
4,3,step,False,23,0.6269417020834565,0.5382146128528437,0.38204053994893644,0.33682594423068674,84.20743898946,4,1.3641352759470966,132,27.60367546571119,37.86487895488521,9.148491493685366,16,0.16989152847556793,0,0.794672600008898,0.38281212747097015,4.1258450634471e-15
5,0,init,False,0,1.1820895330230798,0.30387232982687395,0.32411163960540756,0.857374985614215,38.90297561919407,4,1.5071678897923484,67,nan,nan,1.7944674370949696,3,nan,0,nan,nan,nan
5,0,init,False,1,0.26367240428572386,0.9918011216739288,0.16539621168576113,0.22185542112478318,95.84519872031498,4,1.287746448166381,155,nan,nan,7.937427473803956,13,nan,0,nan,nan,nan
5,0,init,False,2,1.4340599023864413,0.1551045295869219,0.174592190100755,1.158405486237627,55.98291989849718,4,1.3553777963333264,95,nan,nan,5.721854466610058,9,nan,0,nan,nan,nan
5,0,init,False,3,2.0354935116480677,0.25684100250225217,0.05406743463390932,1.7285146722177454,33.44533630616429,4,1.4575318171354017,57,nan,nan,4.256156361404454,6,nan,0,nan,nan,nan
5,0,init,False,4,1.71708545598336,0.13514956678094875,0.10099193842856587,1.3571937829292102,60.11580097272275,4,1.2389011314110931,99,nan,nan,8.084689505960414,15,nan,0,nan,nan,nan
5,0,init,False,5,1.1181558309160755,0.4234993264284338,0.08198948536465712,0.7935726957298979,61.19777099850654,4,1.4314713500216605,105,nan,nan,4.965543066863961,10,nan,0,nan,nan,nan
5,0,init,False,6,0.6253378024127711,0.30528365250814277,0.0994278080918958,0.4892243965605667,110.0586936588459,4,1.2500789463895183,165,nan,nan,11.965773989537007,16,nan,0,nan,nan,nan
5,0,init,False,7,1.2089920649223933,0.5765682338095923,0.09013254848285365,0.9641824706292976,67.29482899156545,4,1.355290842554952,115,nan,nan,7.467199718937111,15,nan,0,nan,nan,nan
5,0,init,False,8,1.9290127460323419,0.11002760353969684,0.11002760353969786,1.4732891678458182,14.016744934235074,4,1.7009976930557105,28,nan,nan,1.0,1,nan,0,nan,nan,nan
5,0,init,False,9,1.3537456170574012,0.41705599621595213,0.01697244973965534,1.04435512009004,73.0190906692872,4,1.3651017948003297,121,nan,nan,5.066774719587965,7,nan,0,nan,nan,nan
5,0,init,False,10,1.0134078727473856,0.1066891234715802,0.1575940360127539,0.7596442934490684,73.13296962220065,4,1.3820441899567106,114,nan,nan,6.622222818662661,12,nan,0,nan,nan,nan
5,0,init,False,11,2.6010207254251076,0.13222733870214592,0.11251685372823621,1.9476187491606891,17.438172763650442,4,1.8152890169892664,36,nan,nan,3.7911502832457087,6,nan,0,nan,nan,nan
5,0,init,False,12,0.847995390281777,0.545904331575216,0.14576423570776728,0.6044797632237658,99.09670441818193,4,1.2786510227569414,158,nan,nan,11.105766533506461,17,nan,0,nan,nan,nan
5,0,init,False,13,1.158477556120006,0.30313003049116216,0.18855795233335254,0.861497801534667,33.837397863001414,4,1.573040429892719,63,nan,nan,1.6317218464138068,3,nan,0,nan,nan,nan
5,0,init,False,14,1.6911301854914427,0.12868447441036776,0.13234764475274036,1.3948780066692326,36.99050377418594,4,1.5126754161719986,70,nan,nan,5.896957053487121,11,nan,0,nan,nan,nan
5,0,init,False,15,0.9443564653403165,0.9672203607280299,0.30536971770350596,0.5686140600774047,68.61454808951223,4,1.2549233403767515,114,nan,nan,5.9329785818427645,9,nan,0,nan,nan,nan
5,0,init,False,16,1.469340822890217,0.4439779121346432,0.059506334722753726,1.0994060958644145,67.84650810599985,4,1.4085137832519536,117,nan,nan,8.163089527135158,12,nan,0,nan,nan,nan
5,0,init,False,17,2.426100916153647,0.10627075021197536,0.13396921756337518,1.8155762674298326,30.159664122786523,4,1.3692893234626067,58,nan,nan,3.3916197808589246,6,nan,0,nan,nan,nan
5,0,init,False,18,1.2113073977099769,0.45989502112364966,0.28248299094411533,0.7543919456706542,34.494677777760245,4,1.4694076471196909,65,nan,nan,2.726178758066487,3,nan,0,nan,nan,nan
5,0,init,False,19,0.6565585810840902,0.34187188290068093,0.16920178771608774,0.5798657723895476,94.9924857091055,4,1.1841976947545165,144,nan,nan,9.015826275953497,13,nan,0,nan,nan,nan
5,0,init,False,20,0.22818447607247358,0.47827905086167116,0.24247710600803601,0.22721771292319382,114.43026484318936,4,1.2019047796631555,169,nan,nan,9.143050345920662,15,nan,0,nan,nan,nan
5,0,init,False,21,2.8435732924836863,0.09063708881124638,0.14108848787634234,2.2355014986939183,9.042044717524398,4,1.8542263553963083,21,nan,nan,1.8902502288882013,2,nan,0,nan,nan,nan
5,0,init,False,22,1.170997784687522,0.32038046146895427,0.11031236597377962,0.8321436965387609,82.5520169378254,4,1.1535871122095316,135,nan,nan,9.423049821765458,14,nan,0,nan,nan,nan
5,0,init,False,23,0.7465120467117895,0.8930275449519361,0.22621884580915622,0.47678905410900263,67.49268048574271,4,1.1477873774205645,107,nan,nan,7.006251404453174,10,nan,0,nan,nan,nan
5,1,step,False,0,1.1820895330230798,0.16139720699591897,0.32411163960540756,0.857374985614215,38.90297561919407,4,1.5071678897923484,67,11.17293158946632,16.456088780701318,1.7944674370949696,3,0.3089654924534212,0,1.5361907633867116,1.0,3.557733679555861e-16
5,1,step,False,1,0.26367240428572386,0.9996106532024336,0.16539621168576113,0.22185542112478318,95.84519872031498,4,1.287746448166381,155,33.67709180614857,47.36336676718726,7.937427473803956,13,0.23783583681614603,0,1.5361907633867116,1.0,3.557733679555861e-16
5,1,step,False,2,1.4340599023864413,0.1770141033131992,0.174592190100755,1.158405486237627,55.98291989849718,4,1.3553777963333264,95,16.2232282358807,24.655222482180157,5.721854466610058,9,0.21073955614543852,0,1.5361907633867116,1.0,3.557733679555861e-16
5,1,step,False,3,2.0354935116480677,0.11531847310012952,0.05406743463390932,1.7285146722177454,33.44533630616429,4,1.4575318171354017,57,11.778477256056245,16.32116319251349,4.256156361404454,6,0.20838787554989077,0,1.5361907633867116,1.0,3.557733679555861e-16
5,1,step,False,4,1.71708545598336,0.19186700298368742,0.10099193842856587,1.3571937829292102,60.11580097272275,4,1.2389011314110931,99,21.634179176079904,29.941043516514128,8.084689505960414,15,0.16545967370344952,0,1.5361907633867116,1.0,3.557733679555861e-16
5,1,step,False,5,1.1181558309160755,0.3284416922812628,0.08198948536465712,0.7935726957298979,61.19777099850654,4,1.4314713500216605,105,20.09338342682252,27.79327243098916,4.965543066863961,10,0.17789312085129894,0,1.5361907633867116,1.0,3.557733679555861e-16
5,1,step,False,6,0.6253378024127711,0.2876942235271647,0.0994278080918958,0.4892243965605667,110.0586936588459,4,1.2500789463895183,165,39.19008595268184,52.14454097154675,11.965773989537007,16,0.19430435328743828,0,1.5361907633867116,1.0,3.557733679555861e-16
5,1,step,False,7,1.2089920649223933,0.3109131257041742,0.09013254848285365,0.9641824706292976,67.29482899156545,4,1.355290842554952,115,22.818660679297867,31.59651724682935,7.467199718937111,15,0.24282454117955438,0,1.5361907633867116,1.0,3.557733679555861e-16
5,1,step,False,8,1.9290127460323419,0.08396290765268034,0.11002760353969786,1.4732891678458182,14.016744934235074,4,1.7009976930557105,28,3.703209838202023,4.76234028235751,1.0,1,0.35579761441172136,0,1.5361907633867116,1.0,3.557733679555861e-16
5,1,step,False,9,1.3537456170574012,0.3300816872783345,0.01697244973965534,1.04435512009004,73.0190906692872,4,1.3651017948003297,121,20.507121797576986,32.0715818384732,5.066774719587965,7,0.31339826188477055,0,1.5361907633867116,1.0,3.557733679555861e-16
5,1,step,False,10,1.0134078727473856,0.05983025598397291,0.1575940360127539,0.7596442934490684,73.13296962220065,4,1.3820441899567106,114,25.0304841296724,34.772517725431705,6.622222818662661,12,0.1976732024497274,0,1.5361907633867116,1.0,3.557733679555861e-16
5,1,step,False,11,2.6010207254251076,0.0730532410728705,0.11251685372823621,1.9476187491606891,17.438172763650442,4,1.8152890169892664,36,2.3514789248089945,3.1391379762235903,3.7911502832457087,6,0.2461381671788049,0,1.5361907633867116,1.0,3.557733679555861e-16
5,1,step,False,12,0.847995390281777,0.40005137261839996,0.14576423570776728,0.6044797632237658,99.09670441818193,4,1.2786510227569414,158,36.62482742136224,51.908543908929694,11.105766533506461,17,0.16987312898630239,0,1.5361907633867116,1.0,3.557733679555861e-16
5,1,step,False,13,1.158477556120006,0.23160682694658688,0.18855795233335254,0.861497801534667,33.837397863001414,4,1.573040429892719,63,10.120835993986212,13.94226606814005,1.6317218464138068,3,0.38598159328513665,0,1.5361907633867116,1.0,3.557733679555861e-16
5,1,step,False,14,1.6911301854914427,0.20249111996866503,0.13234764475274036,1.3948780066692326,36.99050377418594,4,1.5126754161719986,70,7.82599694807122,12.830351168609024,5.896957053487121,11,0.2304944591653229,0,1.5361907633867116,1.0,3.557733679555861e-16
5,1,step,False,15,0.9443564653403165,0.9999702250109591,0.30536971770350596,0.5686140600774047,68.61454808951223,4,1.2549233403767515,114,24.546968000354262,33.24617060392652,5.9329785818427645,9,0.2296197696016926,0,1.5361907633867116,1.0,3.557733679555861e-16
5,1,step,False,16,1.469340822890217,0.4022156480463198,0.059506334722753726,1.0994060958644145,67.84650810599985,4,1.4085137832519536,117,18.534764586363135,28.955810419867785,8.163089527135158,12,0.22595253749248587,0,1.5361907633867116,1.0,3.557733679555861e-16
5,1,step,False,17,2.426100916153647,0.15835882539561152,0.13396921756337518,1.8155762674298326,30.159664122786523,4,1.3692893234626067,58,6.054047008644099,8.392926223184741,3.3916197808589246,6,0.21660149175558402,0,1.5361907633867116,1.0,3.557733679555861e-16
5,1,step,False,18,1.2113073977099769,0.44798351194802755,0.28248299094411533,0.7543919456706542,34.494677777760245,4,1.4694076471196909,65,10.82602053150082,16.56309678049839,2.726178758066487,3,0.2567110585013259,0,1.5361907633867116,1.0,3.557733679555861e-16
5,1,step,False,19,0.6565585810840902,0.2435369510538631,0.16920178771608774,0.5798657723895476,94.9924857091055,4,1.1841976947545165,144,36.96978609357848,53.55873231954947,9.015826275953497,13,0.2060200664209558,0,1.5361907633867116,1.0,3.557733679555861e-16
5,1,step,False,20,0.22818447607247358,0.16246536188675703,0.24247710600803601,0.22721771292319382,114.43026484318936,4,1.2019047796631555,169,43.83236656690404,62.06222334747862,9.143050345920662,15,0.23432736467559032,0,1.5361907633867116,1.0,3.557733679555861e-16
5,1,step,False,21,2.8435732924836863,0.06838490456192163,0.14108848787634234,2.2355014986939183,9.042044717524398,4,1.8542263553963083,21,2.9464704608905175,4.263150799757599,1.8902502288882013,2,0.2171796402954946,0,1.5361907633867116,1.0,3.557733679555861e-16
5,1,step,False,22,1.170997784687522,0.4135425122650115,0.11031236597377962,0.8321436965387609,82.5520169378254,4,1.1535871122095316,135,29.83058501371553,41.32661134980959,9.423049821765458,14,0.18070146880308768,0,1.5361907633867116,1.0,3.557733679555861e-16
5,1,step,False,23,0.7465120467117895,0.7766719294470661,0.22621884580915622,0.47678905410900263,67.49268048574271,4,1.1477873774205645,107,23.706998561935052,32.99485764915649,7.006251404453174,10,0.24492383533694626,0,1.5361907633867116,1.0,3.557733679555861e-16
5,2,step,False,0,1.1820895330230798,0.11426990436128964,0.32411163960540756,0.857374985614215,38.90297561919407,4,1.5071678897923484,67,9.298814670812499,15.070253006180808,1.7944674370949696,3,0.15887038407709517,0,1.0862509059868828,0.6214766502380371,3.940337691132123e-15
5,2,step,False,1,0.26367240428572386,0.9950361503301073,0.16539621168576113,0.22185542112478318,95.84519872031498,4,1.287746448166381,155,36.34042179181809,52.15822996458591,7.937427473803956,13,0.22520139713054851,0,1.0862509059868828,0.6214766502380371,3.940337691132123e-15
5,2,step,False,2,1.4340599023864413,0.23373283797049357,0.174592190100755,1.158405486237627,55.98291989849718,4,1.3553777963333264,95,15.555815451384483,23.080457463794126,5.721854466610058,9,0.1128439827724274,0,1.0862509059868828,0.6214766502380371,3.940337691132123e-15
5,2,step,False,3,2.0354935116480677,0.26162066024146746,0.05406743463390932,1.7285146722177454,33.44533630616429,4,1.4575318171354017,57,9.603528291335827,13.242539360825244,4.256156361404454,6,0.21384601345995935,0,1.0862509059868828,0.6214766502380371,3.940337691132123e-15
5,2,step,False,4,1.71708545598336,0.1304801033952277,0.10099193842856587,1.3571937829292102,60.11580097272275,4,1.2389011314110931,99,16.887675092200993,21.769057792967548,8.084689505960414,15,0.13804611069591297,0,1.0862509059868828,0.6214766502380371,3.940337691132123e-15
5,2,step,False,5,1.1181558309160755,0.1798551265593679,0.08198948536465712,0.7935726957298979,61.19777099850654,4,1.4314713500216605,105,21.633441163347964,28.3631044915004,4.965543066863961,10,0.13202789975594478,0,1.0862509059868828,0.6214766502380371,3.940337691132123e-15
5,2,step,False,6,0.6253378024127711,0.36987136385930164,0.0994278080918958,0.4892243965605667,110.0586936588459,4,1.2500789463895183,165,42.98310095325971,58.83983949135718,11.965773989537007,16,0.20649668414326114,0,1.0862509059868828,0.6214766502380371,3.940337691132123e-15
5,2,step,False,7,1.2089920649223933,0.14687787297251828,0.09013254848285365,0.9641824706292976,67.29482899156545,4,1.355290842554952,115,22.883470663619093,32.04823255219562,7.467199718937111,15,0.16650657313774744,0,1.0862509059868828,0.6214766502380371,3.940337691132123e-15
5,2,step,False,8,1.9290127460323419,0.06424775691779734,0.11002760353969786,1.4732891678458182,14.016744934235074,4,1.7009976930557105,28,3.4544767922683173,4.511308223869709,1.0,1,0.3619529425757204,0,1.0862509059868828,0.6214766502380371,3.940337691132123e-15
5,2,step,False,9,1.3537456170574012,0.1661374848777247,0.01697244973965534,1.04435512009004,73.0190906692872,4,1.3651017948003297,121,18.111742464257283,26.552985984967922,5.066774719587965,7,0.17623576989942638,0,1.0862509059868828,0.6214766502380371,3.940337691132123e-15
5,2,step,False,10,1.0134078727473856,0.15316354751661168,0.1575940360127539,0.7596442934490684,73.13296962220065,4,1.3820441899567106,114,26.527508818240797,36.03886537241371,6.622222818662661,12,0.13409075445982155,0,1.0862509059868828,0.6214766502380371,3.940337691132123e-15
5,2,step,False,11,2.6010207254251076,0.1320549995141083,0.11251685372823621,1.9476187491606891,17.438172763650442,4,1.8152890169892664,36,1.802871624937541,2.167354874565514,3.7911502832457087,6,0.19024890754861662,0,1.0862509059868828,0.6214766502380371,3.940337691132123e-15
5,2,step,False,12,0.847995390281777,0.23909758004669326,0.14576423570776728,0.6044797632237658,99.09670441818193,4,1.2786510227569414,158,37.63962891213214,51.31175242746112,11.105766533506461,17,0.12031874409260787,0,1.0862509059868828,0.6214766502380371,3.940337691132123e-15
5,2,step,False,13,1.158477556120006,0.26351915451598074,0.18855795233335254,0.861497801534667,33.837397863001414,4,1.573040429892719,63,11.41653653069786,16.481298583570034,1.6317218464138068,3,0.24794380880338832,0,1.0862509059868828,0.6214766502380371,3.940337691132123e-15
5,2,step,False,14,1.6911301854914427,0.288652070457941,0.13234764475274036,1.3948780066692326,36.99050377418594,4,1.5126754161719986,70,5.950215164044282,8.7211946731875,5.896957053487121,11,0.19460324173372884,0,1.0862509059868828,0.6214766502380371,3.940337691132123e-15
5,2,step,False,15,0.9443564653403165,0.9785574976480425,0.30536971770350596,0.5686140600774047,68.61454808951223,4,1.2549233403767515,114,26.314859738212483,38.678759548859084,5.9329785818427645,9,0.21350685401288663,0,1.0862509059868828,0.6214766502380371,3.940337691132123e-15
5,2,step,False,16,1.469340822890217,0.39267575508377695,0.059506334722753726,1.0994060958644145,67.84650810599985,4,1.4085137832519536,117,18.414372978152656,28.416097597058737,8.163089527135158,12,0.1875874846049464,0,1.0862509059868828,0.6214766502380371,3.940337691132123e-15
5,2,step,False,17,2.426100916153647,0.24129014737766838,0.13396921756337518,1.8155762674298326,30.159664122786523,4,1.3692893234626067,58,3.9072423684363526,5.322682137773741,3.3916197808589246,6,0.12543093405708014,0,1.0862509059868828,0.6214766502380371,3.940337691132123e-15
5,2,step,False,18,1.2113073977099769,0.344627916544724,0.28248299094411533,0.7543919456706542,34.494677777760245,4,1.4694076471196909,65,11.497185906678935,17.07205509662547,2.726178758066487,3,0.2582812029214813,0,1.0862509059868828,0.6214766502380371,3.940337691132123e-15
5,2,step,False,19,0.6565585810840902,0.19943314822790928,0.16920178771608774,0.5798657723895476,94.9924857091055,4,1.1841976947545165,144,39.77016481185504,57.09986484176588,9.015826275953497,13,0.10706321743864121,0,1.0862509059868828,0.6214766502380371,3.940337691132123e-15
5,2,step,False,20,0.22818447607247358,0.0722366410254452,0.24247710600803601,0.22721771292319382,114.43026484318936,4,1.2019047796631555,169,44.299200373943194,63.17032449973869,9.143050345920662,15,0.1837597284548256,0,1.0862509059868828,0.6214766502380371,3.940337691132123e-15
5,2,step,False,21,2.8435732924836863,0.06140157721591782,0.14108848787634234,2.2355014986939183,9.042044717524398,4,1.8542263553963083,21,1.6969802293228726,2.314533973503095,1.8902502288882013,2,0.27433880784905457,0,1.0862509059868828,0.6214766502380371,3.940337691132123e-15
5,2,step,False,22,1.170997784687522,0.2897157362684701,0.11031236597377962,0.8321436965387609,82.5520169378254,4,1.1535871122095316,135,29.617282714587017,41.949499609349125,9.423049821765458,14,0.15371091892661495,0,1.0862509059868828,0.6214766502380371,3.940337691132123e-15
5,2,step,False,23,0.7465120467117895,0.6464319807917469,0.22621884580915622,0.47678905410900263,67.49268048574271,4,1.1477873774205645,107,24.393479083535468,32.92663731684748,7.006251404453174,10,0.2073198302819178,0,1.0862509059868828,0.6214766502380371,3.940337691132123e-15
5,3,step,True,0,1.1820895330230798,0.11426990436128964,0.32411163960540756,0.857374985614215,38.90297561919407,4,1.5071678897923484,67,9.595224195702535,16.426738858400373,1.7944674370949696,3,0.12561736841619917,0,0.7680953816933557,0.3711968660354614,nan
5,3,step,True,1,0.26367240428572386,0.9950361503301073,0.16539621168576113,0.22185542112478318,95.84519872031498,4,1.287746448166381,155,38.69322489093334,53.60775360942246,7.937427473803956,13,0.11461512424784248,0,0.7680953816933557,0.3711968660354614,nan
5,3,step,True,2,1.4340599023864413,0.23373283797049357,0.174592190100755,1.158405486237627,55.98291989849718,4,1.3553777963333264,95,13.439511473049627,17.94043128633624,5.721854466610058,9,0.14171263998154207,0,0.7680953816933557,0.3711968660354614,nan
5,3,step,True,3,2.0354935116480677,0.26162066024146746,0.05406743463390932,1.7285146722177454,33.44533630616429,4,1.4575318171354017,57,8.46452843416552,12.536046012677417,4.256156361404454,6,0.0,1,0.7680953816933557,0.3711968660354614,nan
5,3,step,True,4,1.71708545598336,0.1304801033952277,0.10099193842856587,1.3571937829292102,60.11580097272275,4,1.2389011314110931,99,14.665239932873444,18.512695355984977,8.084689505960414,15,0.11202574820078347,0,0.7680953816933557,0.3711968660354614,nan
5,3,step,True,5,1.1181558309160755,0.1798551265593679,0.08198948536465712,0.7935726957298979,61.19777099850654,4,1.4314713500216605,105,22.629137603455625,30.013355851327105,4.965543066863961,10,0.08899154161746234,0,0.7680953816933557,0.3711968660354614,nan
5,3,step,True,6,0.6253378024127711,0.36987136385930164,0.0994278080918958,0.4892243965605667,110.0586936588459,4,1.2500789463895183,165,43.69034184747386,58.29715251238375,11.965773989537007,16,0.12316857055043412,0,0.7680953816933557,0.3711968660354614,nan
5,3,step,True,7,1.2089920649223933,0.14687787297251828,0.09013254848285365,0.9641824706292976,67.29482899156545,4,1.355290842554952,115,21.15448163689997,29.087709237062015,7.467199718937111,15,0.07019799990758846,0,0.7680953816933557,0.3711968660354614,nan
5,3,step,True,8,1.9290127460323419,0.06424775691779734,0.11002760353969786,1.4732891678458182,14.016744934235074,4,1.7009976930557105,28,2.8602877871069294,3.5354789006715874,1.0,1,0.2661549203399875,0,0.7680953816933557,0.3711968660354614,nan
5,3,step,True,9,1.3537456170574012,0.1661374848777247,0.01697244973965534,1.04435512009004,73.0190906692872,4,1.3651017948003297,121,18.069457724297834,23.744789647966364,5.066774719587965,7,0.08470325382111013,0,0.7680953816933557,0.3711968660354614,nan
5,3,step,True,10,1.0134078727473856,0.15316354751661168,0.1575940360127539,0.7596442934490684,73.13296962220065,4,1.3820441899567106,114,29.930267216199226,40.27917174650917,6.622222818662661,12,0.08092281670507576,0,0.7680953816933557,0.3711968660354614,nan
5,3,step,True,11,2.6010207254251076,0.1320549995141083,0.11251685372823621,1.9476187491606891,17.438172763650442,4,1.8152890169892664,36,1.590356373460275,2.119745359638488,3.7911502832457087,6,0.18501267769315066,0,0.7680953816933557,0.3711968660354614,nan
5,3,step,True,12,0.847995390281777,0.23909758004669326,0.14576423570776728,0.6044797632237658,99.09670441818193,4,1.2786510227569414,158,38.90826881855144,50.33025423360605,11.105766533506461,17,0.07812862476620872,0,0.7680953816933557,0.3711968660354614,nan
5,3,step,True,13,1.158477556120006,0.26351915451598074,0.18855795233335254,0.861497801534667,33.837397863001414,4,1.573040429892719,63,13.100044211831243,17.611412330539146,1.6317218464138068,3,0.09506023580852417,0,0.7680953816933557,0.3711968660354614,nan
5,3,step,True,14,1.6911301854914427,0.288652070457941,0.13234764475274036,1.3948780066692326,36.99050377418594,4,1.5126754161719986,70,6.691874842399579,9.523820401599957,5.896957053487121,11,0.17990824910838363,0,0.7680953816933557,0.3711968660354614,nan
5,3,step,True,15,0.9443564653403165,0.9785574976480425,0.30536971770350596,0.5686140600774047,68.61454808951223,4,1.2549233403767515,114,27.324066872333763,39.45468587277121,5.9329785818427645,9,0.128950076399039,0,0.7680953816933557,0.3711968660354614,nan
5,3,step,True,16,1.469340822890217,0.39267575508377695,0.059506334722753726,1.0994060958644145,67.84650810599985,4,1.4085137832519536,117,16.78533014801555,24.969009864978858,8.163089527135158,12,0.16464317794001876,0,0.7680953816933557,0.3711968660354614,nan
5,3,step,True,17,2.426100916153647,0.24129014737766838,0.13396921756337518,1.8155762674298326,30.159664122786523,4,1.3692893234626067,58,2.764135334700697,3.322576067912643,3.3916197808589246,6,0.17957745494630797,0,0.7680953816933557,0.3711968660354614,nan
5,3,step,True,18,1.2113073977099769,0.344627916544724,0.28248299094411533,0.7543919456706542,34.494677777760245,4,1.4694076471196909,65,11.364767174854423,16.961781735233664,2.726178758066487,3,0.20042663224879587,0,0.7680953816933557,0.3711968660354614,nan
5,3,step,True,19,0.6565585810840902,0.19943314822790928,0.16920178771608774,0.5798657723895476,94.9924857091055,4,1.1841976947545165,144,39.705504748782765,52.81372768133877,9.015826275953497,13,0.11351872016262057,0,0.7680953816933557,0.3711968660354614,nan
5,3,step,True,20,0.22818447607247358,0.0722366410254452,0.24247710600803601,0.22721771292319382,114.43026484318936,4,1.2019047796631555,169,42.691960335400424,56.88344627838127,9.143050345920662,15,0.07127549314770631,0,0.7680953816933557,0.3711968660354614,nan
5,3,step,True,21,2.8435732924836863,0.06140157721591782,0.14108848787634234,2.2355014986939183,9.042044717524398,4,1.8542263553963083,21,1.0,1.0,1.8902502288882013,2,0.0,1,0.7680953816933557,0.3711968660354614,nan
5,3,step,True,22,1.170997784687522,0.2897157362684701,0.11031236597377962,0.8321436965387609,82.5520169378254,4,1.1535871122095316,135,28.118806094689877,38.416619847745075,9.423049821765458,14,0.1200313485545303,0,0.7680953816933557,0.3711968660354614,nan
5,3,step,True,23,0.7465120467117895,0.6464319807917469,0.22621884580915622,0.47678905410900263,67.49268048574271,4,1.1477873774205645,107,26.76321379718413,36.02830129534985,7.006251404453174,10,0.11250361620098183,0,0.7680953816933557,0.3711968660354614,nan
6,0,init,False,0,2.54098135741418,0.2852545387883963,0.10533064186017933,1.6683342527849552,17.46057952630617,4,1.27484943904016,33,nan,nan,1.5707688609171744,3,nan,0,nan,nan,nan
6,0,init,False,1,0.7412300966119058,0.10463913593942317,0.183944991524154,0.4523221269466964,58.75002316755938,4,1.3885988138108036,102,nan,nan,5.285404019393518,9,nan,0,nan,nan,nan
6,0,init,False,2,0.2768699161868602,0.18471010012108702,0.45106349745289104,0.341659833482148,59.861531152866775,4,1.334131016019222,107,nan,nan,3.6135148768569545,7,nan,0,nan,nan,nan
6,0,init,False,3,0.49089716394589106,0.8065435945831182,0.3314081102594584,0.25780268821821556,84.03306920488411,4,1.2510632781073787,137,nan,nan,7.5079317861965365,12,nan,0,nan,nan,nan
6,0,init,False,4,0.9705931967434145,0.2470729061031442,0.3649086750788676,0.4583565544637617,19.762615612563682,4,1.2898079726077678,47,nan,nan,1.7722303826509713,3,nan,0,nan,nan,nan
6,0,init,False,5,1.595701416217555,0.49942690763107767,0.053804243093254184,0.811757240337845,75.81195041346109,4,1.48316733780218,126,nan,nan,8.683883983667194,13,nan,0,nan,nan,nan
6,0,init,False,6,1.5853100652539636,0.31644187443691807,0.14833105598803048,0.7215622322955737,53.4790893985892,4,1.3239819964929083,95,nan,nan,6.824192415075044,10,nan,0,nan,nan,nan
6,0,init,False,7,0.4018957436714012,0.8326814268884501,0.5315990105554131,0.2722467318637011,96.64326979807032,4,1.184094946286352,153,nan,nan,7.785684768423504,14,nan,0,nan,nan,nan
6,0,init,False,8,1.2700049529393447,0.1572882743086008,0.12967084321444497,0.6850481526632658,42.525822798838774,4,1.3911741521780545,73,nan,nan,6.152960032333694,10,nan,0,nan,nan,nan
6,0,init,False,9,1.396706319763929,0.17450113840275797,0.08502041075510425,0.773700771507764,71.97134862060662,4,1.170680791268743,118,nan,nan,6.3560974621213,10,nan,0,nan,nan,nan
6,0,init,False,10,0.7169159324718162,0.11125246819770705,0.1751292513448041,0.39889246314504756,115.49336898557972,4,1.2014671291458443,171,nan,nan,12.014032437350073,18,nan,0,nan,nan,nan
6,0,init,False,11,2.103429569382233,0.30510938178240826,0.14969814237956675,1.1211936545110492,48.80161383275155,4,1.3789303085189457,88,nan,nan,3.652919025358841,7,nan,0,nan,nan,nan
6,0,init,False,12,1.470954417908997,0.13608546850884135,0.04885071827081233,0.8343803663590249,75.62404581090895,4,1.283627964475052,117,nan,nan,9.674800531408897,13,nan,0,nan,nan,nan
6,0,init,False,13,1.388642514644572,0.31669562642493865,0.11153576650856575,0.7809233377273139,40.89857424422631,4,1.2771140316097331,72,nan,nan,4.969304980772916,9,nan,0,nan,nan,nan
6,0,init,False,14,3.7373453800473535,0.05313389345617949,0.10974758732324526,2.460869903507289,2.7073364238549575,4,4.564046198290462,8,nan,nan,1.0780156009349202,2,nan,0,nan,nan,nan
6,0,init,False,15,0.40616906286920945,0.4843564406145683,0.43286249733228066,0.4135643299208524,50.47056557527236,4,1.434244672769924,91,nan,nan,4.772681843895281,8,nan,0,nan,nan,nan
6,0,init,False,16,0.3890029855377656,0.7275201767740852,0.1816422785489786,0.3081396337178968,122.0736781920817,4,1.2172174899420798,178,nan,nan,10.005544733140766,17,nan,0,nan,nan,nan
6,0,init,False,17,2.1699025667912704,0.24861771830031867,0.18857348268746224,1.2575505083726142,36.98537468571456,4,1.4482690910673952,70,nan,nan,4.6394777238490486,7,nan,0,nan,nan,nan
6,0,init,False,18,2.1977118582756474,0.16771376173112146,0.263495552965022,1.1995074475134946,16.87004217402684,4,1.443738741870929,33,nan,nan,1.5765211707915592,2,nan,0,nan,nan,nan
6,0,init,False,19,0.8905675226758757,0.2224820886410452,0.07690053708953833,0.5973469299301543,79.6001769273492,4,1.2791646380629778,128,nan,nan,8.9860086112394,12,nan,0,nan,nan,nan
6,0,init,False,20,1.1310230282852698,0.30839596750612064,0.13668771394466506,0.6302446691925783,74.3621311687393,4,1.4697135649056174,122,nan,nan,8.971365031985105,14,nan,0,nan,nan,nan
6,0,init,False,21,2.0401207972277002,0.09211021123325613,0.10018629607509964,1.1638306853755096,56.20392719180741,4,1.334272943232875,93,nan,nan,6.606932107516386,11,nan,0,nan,nan,nan
6,0,init,False,22,0.9210253947734512,0.8145503342243362,0.12253753551768862,0.5248899521282914,64.23113255828872,4,1.2918368917104768,104,nan,nan,6.627964564082944,9,nan,0,nan,nan,nan
6,0,init,False,23,1.5776915231880368,0.3062621658919216,0.06722009441184132,0.9423351722465786,75.37873253565283,4,1.217459543327222,119,nan,nan,4.871763050037941,8,nan,0,nan,nan,nan
6,1,step,False,0,2.54098135741418,0.5889699482079486,0.10533064186017933,1.6683342527849552,17.46057952630617,4,1.27484943904016,33,4.56212628291968,5.674297662226074,1.5707688609171744,3,0.1606829090198505,0,1.6273409581129943,1.0,3.8690686397035422e-16
6,1,step,False,1,0.7412300966119058,0.2540297688763732,0.183944991524154,0.4523221269466964,58.75002316755938,4,1.3885988138108036,102,15.36275977580894,21.212459869668514,5.285404019393518,9,0.18475396525530233,0,1.6273409581129943,1.0,3.8690686397035422e-16
6,1,step,False,2,0.2768699161868602,0.18877464480480924,0.45106349745289104,0.341659833482148,59.861531152866775,4,1.334131016019222,107,16.83259370480924,24.677812307732694,3.6135148768569545,7,0.26599360374930353,0,1.6273409581129943,1.0,3.8690686397035422e-16
6,1,step,False,3,0.49089716394589106,0.7637084875913773,0.3314081102594584,0.25780268821821556,84.03306920488411,4,1.2510632781073787,137,26.58959450332477,36.08096288938939,7.5079317861965365,12,0.27340689295185194,0,1.6273409581129943,1.0,3.8690686397035422e-16
6,1,step,False,4,0.9705931967434145,0.22167635876395592,0.3649086750788676,0.4583565544637617,19.762615612563682,4,1.2898079726077678,47,4.038392606080533,5.0076918234151195,1.7722303826509713,3,0.2656064410705361,0,1.6273409581129943,1.0,3.8690686397035422e-16
6,1,step,False,5,1.595701416217555,0.5680823893808801,0.053804243093254184,0.811757240337845,75.81195041346109,4,1.48316733780218,126,23.96852315630904,33.80458412771796,8.683883983667194,13,0.26762283021445116,0,1.6273409581129943,1.0,3.8690686397035422e-16
6,1,step,False,6,1.5853100652539636,0.3892326600372867,0.14833105598803048,0.7215622322955737,53.4790893985892,4,1.3239819964929083,95,13.618710527794772,19.98800139924261,6.824192415075044,10,0.2714496115935847,0,1.6273409581129943,1.0,3.8690686397035422e-16
6,1,step,False,7,0.4018957436714012,0.8630437693650471,0.5315990105554131,0.2722467318637011,96.64326979807032,4,1.184094946286352,153,35.1861851967134,46.97883811133255,7.785684768423504,14,0.25795229396604086,0,1.6273409581129943,1.0,3.8690686397035422e-16
6,1,step,False,8,1.2700049529393447,0.09923801725531332,0.12967084321444497,0.6850481526632658,42.525822798838774,4,1.3911741521780545,73,12.732039682213614,20.480168688471355,6.152960032333694,10,0.2534798910853848,0,1.6273409581129943,1.0,3.8690686397035422e-16
6,1,step,False,9,1.396706319763929,0.30873752122384734,0.08502041075510425,0.773700771507764,71.97134862060662,4,1.170680791268743,118,25.155465580470995,33.63605214959357,6.3560974621213,10,0.260641244184938,0,1.6273409581129943,1.0,3.8690686397035422e-16
6,1,step,False,10,0.7169159324718162,0.18731261643769137,0.1751292513448041,0.39889246314504756,115.49336898557972,4,1.2014671291458443,171,49.35571960074817,67.07116552927494,12.014032437350073,18,0.27978733983304577,0,1.6273409581129943,1.0,3.8690686397035422e-16
6,1,step,False,11,2.103429569382233,0.44776690327453494,0.14969814237956675,1.1211936545110492,48.80161383275155,4,1.3789303085189457,88,14.519322894768052,19.3033197375298,3.652919025358841,7,0.2654485011915608,0,1.6273409581129943,1.0,3.8690686397035422e-16
6,1,step,False,12,1.470954417908997,0.15388556836219627,0.04885071827081233,0.8343803663590249,75.62404581090895,4,1.283627964475052,117,25.79336491686083,38.79039582110543,9.674800531408897,13,0.2949889377368447,0,1.6273409581129943,1.0,3.8690686397035422e-16
6,1,step,False,13,1.388642514644572,0.21953068640240658,0.11153576650856575,0.7809233377273139,40.89857424422631,4,1.2771140316097331,72,10.016672991582903,13.1215986348465,4.969304980772916,9,0.262750057459253,0,1.6273409581129943,1.0,3.8690686397035422e-16
6,1,step,False,14,3.7373453800473535,0.11642211702294844,0.10974758732324526,2.460869903507289,2.7073364238549575,4,4.564046198290462,8,1.029148248488495,1.0582470091303795,1.0780156009349202,2,0.0718153776369851,0,1.6273409581129943,1.0,3.8690686397035422e-16
6,1,step,False,15,0.40616906286920945,0.6420399985831136,0.43286249733228066,0.4135643299208524,50.47056557527236,4,1.434244672769924,91,12.403690647773246,18.229232119301496,4.772681843895281,8,0.21987887798910058,0,1.6273409581129943,1.0,3.8690686397035422e-16
6,1,step,False,16,0.3890029855377656,0.726268637876927,0.1816422785489786,0.3081396337178968,122.0736781920817,4,1.2172174899420798,178,48.173609060085724,69.33492169693001,10.005544733140766,17,0.28267122976556924,0,1.6273409581129943,1.0,3.8690686397035422e-16
6,1,step,False,17,2.1699025667912704,0.4202219922401025,0.18857348268746224,1.2575505083726142,36.98537468571456,4,1.4482690910673952,70,8.755496127665829,12.896568378973392,4.6394777238490486,7,0.24013955417065877,0,1.6273409581129943,1.0,3.8690686397035422e-16
6,1,step,False,18,2.1977118582756474,0.15298443200363146,0.263495552965022,1.1995074475134946,16.87004217402684,4,1.443738741870929,33,5.036642953042845,6.2376054455124255,1.5765211707915592,2,0.30611835426286016,0,1.6273409581129943,1.0,3.8690686397035422e-16
6,1,step,False,19,0.8905675226758757,0.3936328265214838,0.07690053708953833,0.5973469299301543,79.6001769273492,4,1.2791646380629778,128,30.213062681903562,42.1425408445288,8.9860086112394,12,0.25991281828590124,0,1.6273409581129943,1.0,3.8690686397035422e-16
6,1,step,False,20,1.1310230282852698,0.41147053454641147,0.13668771394466506,0.6302446691925783,74.3621311687393,4,1.4697135649056174,122,25.350055972965464,34.337063368970774,8.971365031985105,14,0.2513318778182268,0,1.6273409581129943,1.0,3.8690686397035422e-16
6,1,step,False,21,2.0401207972277002,0.11528572104080322,0.10018629607509964,1.1638306853755096,56.20392719180741,4,1.334272943232875,93,17.60425583224027,23.710192275256475,6.606932107516386,11,0.05651144553365361,0,1.6273409581129943,1.0,3.8690686397035422e-16
6,1,step,False,22,0.9210253947734512,0.7377372227767008,0.12253753551768862,0.5248899521282914,64.23113255828872,4,1.2918368917104768,104,23.935624294868877,31.737084635556386,6.627964564082944,9,0.2610578408476709,0,1.6273409581129943,1.0,3.8690686397035422e-16
6,1,step,False,23,1.5776915231880368,0.4553212732774709,0.06722009441184132,0.9423351722465786,75.37873253565283,4,1.217459543327222,119,29.76694276056097,41.88065224055272,4.871763050037941,8,0.2776788363629105,0,1.6273409581129943,1.0,3.8690686397035422e-16
6,2,step,True,0,2.54098135741418,0.5889699482079486,0.10533064186017933,1.6683342527849552,17.46057952630617,4,1.27484943904016,33,3.659252136463768,4.14927460815594,1.5707688609171744,3,0.20657677838409283,0,1.1507038267843115,0.6155744045972824,nan
6,2,step,True,1,0.7412300966119058,0.2540297688763732,0.183944991524154,0.4523221269466964,58.75002316755938,4,1.3885988138108036,102,15.42307685363775,20.5267631545981,5.285404019393518,9,0.0808181803803384,0,1.1507038267843115,0.6155744045972824,nan
6,2,step,True,2,0.2768699161868602,0.18877464480480924,0.45106349745289104,0.341659833482148,59.861531152866775,4,1.334131016019222,107,19.323224345222815,27.615159070061846,3.6135148768569545,7,0.16253180984424162,0,1.1507038267843115,0.6155744045972824,nan
6,2,step,True,3,0.49089716394589106,0.7637084875913773,0.3314081102594584,0.25780268821821556,84.03306920488411,4,1.2510632781073787,137,28.53593088936853,38.46864285265763,7.5079317861965365,12,0.30799687626748623,0,1.1507038267843115,0.6155744045972824,nan
6,2,step,True,4,0.9705931967434145,0.22167635876395592,0.3649086750788676,0.4583565544637617,19.762615612563682,4,1.2898079726077678,47,4.252272423428934,5.762902814784025,1.7722303826509713,3,0.22071788839871911,0,1.1507038267843115,0.6155744045972824,nan
6,2,step,True,5,1.595701416217555,0.5680823893808801,0.053804243093254184,0.811757240337845,75.81195041346109,4,1.48316733780218,126,22.467099464873144,29.916264346241437,8.683883983667194,13,0.13964998174563834,0,1.1507038267843115,0.6155744045972824,nan
6,2,step,True,6,1.5853100652539636,0.3892326600372867,0.14833105598803048,0.7215622322955737,53.4790893985892,4,1.3239819964929083,95,15.705604177403753,22.085994368915525,6.824192415075044,10,0.1451288209407266,0,1.1507038267843115,0.6155744045972824,nan
6,2,step,True,7,0.4018957436714012,0.8630437693650471,0.5315990105554131,0.2722467318637011,96.64326979807032,4,1.184094946286352,153,38.32787323277552,51.229014730624534,7.785684768423504,14,0.11759427387517248,0,1.1507038267843115,0.6155744045972824,nan
6,2,step,True,8,1.2700049529393447,0.09923801725531332,0.12967084321444497,0.6850481526632658,42.525822798838774,4,1.3911741521780545,73,14.253102110450996,22.153285596344165,6.152960032333694,10,0.14421977324857788,0,1.1507038267843115,0.6155744045972824,nan
6,2,step,True,9,1.396706319763929,0.30873752122384734,0.08502041075510425,0.773700771507764,71.97134862060662,4,1.170680791268743,118,25.471157507343406,34.2032893303013,6.3560974621213,10,0.11602705498702465,0,1.1507038267843115,0.6155744045972824,nan
6,2,step,True,10,0.7169159324718162,0.18731261643769137,0.1751292513448041,0.39889246314504756,115.49336898557972,4,1.2014671291458443,171,46.91023341640396,62.922288842032444,12.014032437350073,18,0.15947857496206805,0,1.1507038267843115,0.6155744045972824,nan
6,2,step,True,11,2.103429569382233,0.44776690327453494,0.14969814237956675,1.1211936545110492,48.80161383275155,4,1.3789303085189457,88,12.896607144582717,16.681789698065984,3.652919025358841,7,0.1303927328247352,0,1.1507038267843115,0.6155744045972824,nan
6,2,step,True,12,1.470954417908997,0.15388556836219627,0.04885071827081233,0.8343803663590249,75.62404581090895,4,1.283627964475052,117,26.236558972056784,38.3412005836957,9.674800531408897,13,0.1266067086977085,0,1.1507038267843115,0.6155744045972824,nan
6,2,step,True,13,1.388642514644572,0.21953068640240658,0.11153576650856575,0.7809233377273139,40.89857424422631,4,1.2771140316097331,72,10.125809743523053,13.131013823999053,4.969304980772916,9,0.11396660239088982,0,1.1507038267843115,0.6155744045972824,nan
6,2,step,True,14,3.7373453800473535,0.11642211702294844,0.10974758732324526,2.460869903507289,2.7073364238549575,4,4.564046198290462,8,1.0,1.0,1.0780156009349202,2,0.0,1,1.1507038267843115,0.6155744045972824,nan
6,2,step,True,15,0.40616906286920945,0.6420399985831136,0.43286249733228066,0.4135643299208524,50.47056557527236,4,1.434244672769924,91,13.593694921075796,21.61562785596807,4.772681843895281,8,0.25843810664126055,0,1.1507038267843115,0.6155744045972824,nan
6,2,step,True,16,0.3890029855377656,0.726268637876927,0.1816422785489786,0.3081396337178968,122.0736781920817,4,1.2172174899420798,178,48.369087877081306,68.47306994377747,10.005544733140766,17,0.15471848378661787,0,1.1507038267843115,0.6155744045972824,nan
6,2,step,True,17,2.1699025667912704,0.4202219922401025,0.18857348268746224,1.2575505083726142,36.98537468571456,4,1.4482690910673952,70,8.52085071990166,11.557866382097737,4.6394777238490486,7,0.10930779305790253,0,1.1507038267843115,0.6155744045972824,nan
6,2,step,True,18,2.1977118582756474,0.15298443200363146,0.263495552965022,1.1995074475134946,16.87004217402684,4,1.443738741870929,33,4.521497163420882,4.961605406280931,1.5765211707915592,2,0.14261261351934443,0,1.1507038267843115,0.6155744045972824,nan
6,2,step,True,19,0.8905675226758757,0.3936328265214838,0.07690053708953833,0.5973469299301543,79.6001769273492,4,1.2791646380629778,128,27.693457045755515,38.21459754721698,8.9860086112394,12,0.13414229066666208,0,1.1507038267843115,0.6155744045972824,nan
6,2,step,True,20,1.1310230282852698,0.41147053454641147,0.13668771394466506,0.6302446691925783,74.3621311687393,4,1.4697135649056174,122,25.04366800956989,33.60377034715747,8.971365031985105,14,0.14233513280109228,0,1.1507038267843115,0.6155744045972824,nan
6,2,step,True,21,2.0401207972277002,0.11528572104080322,0.10018629607509964,1.1638306853755096,56.20392719180741,4,1.334272943232875,93,13.784137212146335,18.40828074890848,6.606932107516386,11,0.0,1,1.1507038267843115,0.6155744045972824,nan
6,2,step,True,22,0.9210253947734512,0.7377372227767008,0.12253753551768862,0.5248899521282914,64.23113255828872,4,1.2918368917104768,104,26.906968536804765,36.679562501662964,6.627964564082944,9,0.26281933929769125,0,1.1507038267843115,0.6155744045972824,nan
6,2,step,True,23,1.5776915231880368,0.4553212732774709,0.06722009441184132,0.9423351722465786,75.37873253565283,4,1.217459543327222,119,26.978845439798498,36.83966309085157,4.871763050037941,8,0.13680806396824868,0,1.1507038267843115,0.6155744045972824,nan
7,0,init,False,0,1.695893548209062,0.19760119975635204,0.19525904343548456,0.9573948863427433,53.465993280249634,4,1.2472880042483732,97,nan,nan,4.120287888145276,8,nan,0,nan,nan,nan
7,0,init,False,1,2.2857085843603824,0.25398129838684497,0.08816563490338374,1.407207050863268,33.80790741579857,4,1.3955810576463779,68,nan,nan,2.9810949166534595,5,nan,0,nan,nan,nan
7,0,init,False,2,0.7496180157712998,0.3977528924486837,0.22128192646225855,0.5188666530424966,102.02524851658946,4,1.2462523477289515,158,nan,nan,9.07717937305417,14,nan,0,nan,nan,nan
7,0,init,False,3,0.7321385464267546,0.8215721156665076,0.43061914756824915,0.4566342126644743,78.43110798093267,4,1.266839737976448,118,nan,nan,8.328805409891904,15,nan,0,nan,nan,nan
7,0,init,False,4,1.3432311769705663,0.12702639906825688,0.022440461770385334,0.9259020799765998,75.99552897688298,4,1.1526094094761743,130,nan,nan,8.62452127794918,14,nan,0,nan,nan,nan
7,0,init,False,5,2.5599472376981836,0.29465960764221066,0.12059792129482677,1.516949512907638,24.62584607685912,4,1.7856351223096008,46,nan,nan,4.010151818914064,6,nan,0,nan,nan,nan
7,0,init,False,6,2.5719546876022785,0.18098966183918358,0.0803887352418024,1.6257582648923694,25.886473484609475,4,1.3148413721217607,49,nan,nan,3.402165135515465,5,nan,0,nan,nan,nan
7,0,init,False,7,0.5562056173718655,0.9320531458282262,0.20872328781321825,0.3844420441868076,109.16931197286914,4,1.204066454109447,169,nan,nan,11.45044705075708,14,nan,0,nan,nan,nan
7,0,init,False,8,0.18965584778829725,0.9992073583735466,0.9143077372142385,0.22116256011098753,78.52859213405438,4,1.3153045139270814,121,nan,nan,9.34625701013372,14,nan,0,nan,nan,nan
7,0,init,False,9,1.7902645027757145,0.18056313175674044,0.20414307758733768,1.1345627468432873,30.051260915893067,4,1.5234981204062745,62,nan,nan,1.965315136448519,2,nan,0,nan,nan,nan
7,0,init,False,10,1.8688287133032908,0.12826986063509085,0.10160294257412553,1.164129773233636,13.875457717056847,4,1.5335676978780175,32,nan,nan,1.7723265200975988,4,nan,0,nan,nan,nan
7,0,init,False,11,1.798904448533471,0.10723916094572564,0.06039189156360905,1.01696113752201,22.526533495044212,4,1.4991487356783237,45,nan,nan,2.1093531614939183,3,nan,0,nan,nan,nan
7,0,init,False,12,1.656085565633077,0.5800198143945501,0.2418351852356281,0.9201230880504457,66.52874753848387,4,1.4668885675408487,111,nan,nan,3.0107832217690316,9,nan,0,nan,nan,nan
7,0,init,False,13,1.4164375940140463,0.5066258408982577,0.12684618222524793,0.8454071957022431,49.903785347071945,4,1.4397238092834648,87,nan,nan,5.009603394929374,8,nan,0,nan,nan,nan
7,0,init,False,14,0.9095282557893342,0.8394638739913507,0.5823441853318562,0.5919228099474745,25.982990440588615,4,1.8809392902878954,46,nan,nan,1.7702377377974834,3,nan,0,nan,nan,nan
7,0,init,False,15,0.979959092698329,0.22887891561579868,0.12345671530436549,0.6714650101740443,100.22869046624908,4,1.1588893870320889,154,nan,nan,10.158665906413292,13,nan,0,nan,nan,nan
7,0,init,False,16,0.6074272708457642,0.13050361254950205,0.15945736630496915,0.4085003650284757,114.58790735195603,4,1.2143450195914391,171,nan,nan,9.772091467122381,15,nan,0,nan,nan,nan
7,0,init,False,17,0.7090745349758502,0.9771185469408791,0.28245151927795586,0.5006839274000127,91.91038893568631,4,1.2310369715249714,147,nan,nan,9.667013588058174,16,nan,0,nan,nan,nan
7,0,init,False,18,1.6675110350894953,0.012239868407160348,0.05872379568227734,1.0925690653641356,63.257256614165854,4,1.2209103837488429,107,nan,nan,7.630103670082665,13,nan,0,nan,nan,nan
7,0,init,False,19,0.9835998101561569,0.17368073660932412,0.132463352024765,0.6627376854633845,95.24671985369999,4,1.1657662482924642,146,nan,nan,9.929635925404824,12,nan,0,nan,nan,nan
7,0,init,False,20,1.3118515925786611,0.159864428644392,0.08429378441610243,0.9235690947304813,32.39522492289318,4,1.297573357104855,59,nan,nan,4.583855728582646,7,nan,0,nan,nan,nan
7,0,init,False,21,2.4897466425669204,0.17401827659164806,0.1589147823289075,1.7721822389908501,12.877475319551785,4,1.6628685030494748,28,nan,nan,1.213309395418206,2,nan,0,nan,nan,nan
7,0,init,False,22,0.5277176915553676,0.9117642739501074,0.37647377676361277,0.3747600967617925,109.47356309689263,4,1.2290279960899777,170,nan,nan,9.514466384682287,13,nan,0,nan,nan,nan
7,0,init,False,23,2.43209115517156,0.20383107744827544,0.08425974037642406,1.4524038013586822,29.217988145921435,4,1.4840626442287876,55,nan,nan,4.552328880685266,7,nan,0,nan,nan,nan
7,1,step,False,0,1.695893548209062,0.26757922005013823,0.19525904343548456,0.9573948863427433,53.465993280249634,4,1.2472880042483732,97,15.507996359957538,23.645960967002807,4.120287888145276,8,0.37406678977334545,0,1.6605951643384131,1.0,8.874383454145466e-16
7,1,step,False,1,2.2857085843603824,0.19391178127748893,0.08816563490338374,1.407207050863268,33.80790741579857,4,1.3955810576463779,68,6.521452823460307,10.042722663536358,2.9810949166534595,5,0.3885888384645118,0,1.6605951643384131,1.0,8.874383454145466e-16
7,1,step,False,2,0.7496180157712998,0.33328875079575954,0.22128192646225855,0.5188666530424966,102.02524851658946,4,1.2462523477289515,158,34.97049595842469,45.117098805605764,9.07717937305417,14,0.3638827581490654,0,1.6605951643384131,1.0,8.874383454145466e-16
7,1,step,False,3,0.7321385464267546,0.8307931367836681,0.43061914756824915,0.4566342126644743,78.43110798093267,4,1.266839737976448,118,26.15095431798394,36.65837000379006,8.328805409891904,15,0.3014676291334727,0,1.6605951643384131,1.0,8.874383454145466e-16
7,1,step,False,4,1.3432311769705663,0.1412888226404669,0.022440461770385334,0.9259020799765998,75.99552897688298,4,1.1526094094761743,130,24.44210631248285,34.81996011635408,8.62452127794918,14,0.22877826042182076,0,1.6605951643384131,1.0,8.874383454145466e-16
7,1,step,False,5,2.5599472376981836,0.2810576558100108,0.12059792129482677,1.516949512907638,24.62584607685912,4,1.7856351223096008,46,5.357523042615443,8.406724959483544,4.010151818914064,6,0.39688281965236355,0,1.6605951643384131,1.0,8.874383454145466e-16
7,1,step,False,6,2.5719546876022785,0.2021235376891337,0.0803887352418024,1.6257582648923694,25.886473484609475,4,1.3148413721217607,49,7.442089797589687,11.60852096269116,3.402165135515465,5,0.23307118606932103,0,1.6605951643384131,1.0,8.874383454145466e-16
7,1,step,False,7,0.5562056173718655,0.9409490985280569,0.20872328781321825,0.3844420441868076,109.16931197286914,4,1.204066454109447,169,44.71463294585974,61.689432715257816,11.45044705075708,14,0.23460753621204827,0,1.6605951643384131,1.0,8.874383454145466e-16
7,1,step,False,8,0.18965584778829725,0.9995536680125152,0.9143077372142385,0.22116256011098753,78.52859213405438,4,1.3153045139270814,121,23.813398992061803,33.90219620912647,9.34625701013372,14,0.23883408377139204,0,1.6605951643384131,1.0,8.874383454145466e-16
7,1,step,False,9,1.7902645027757145,0.03613916285710606,0.20414307758733768,1.1345627468432873,30.051260915893067,4,1.5234981204062745,62,7.457892022467633,11.932053152406091,1.965315136448519,2,0.3888857165794904,0,1.6605951643384131,1.0,8.874383454145466e-16
7,1,step,False,10,1.8688287133032908,0.22064836790715234,0.10160294257412553,1.164129773233636,13.875457717056847,4,1.5335676978780175,32,2.8772665735759375,4.694833760672325,1.7723265200975988,4,0.35064620531268786,0,1.6605951643384131,1.0,8.874383454145466e-16
7,1,step,False,11,1.798904448533471,0.2136469748242903,0.06039189156360905,1.01696113752201,22.526533495044212,4,1.4991487356783237,45,5.78007146162151,7.526320493440781,2.1093531614939183,3,0.0971594912077768,0,1.6605951643384131,1.0,8.874383454145466e-16
7,1,step,False,12,1.656085565633077,0.6945282290415885,0.2418351852356281,0.9201230880504457,66.52874753848387,4,1.4668885675408487,111,22.07633146972727,31.83853491192256,3.0107832217690316,9,0.17653104329514832,0,1.6605951643384131,1.0,8.874383454145466e-16
7,1,step,False,13,1.4164375940140463,0.48377810933920323,0.12684618222524793,0.8454071957022431,49.903785347071945,4,1.4397238092834648,87,9.722569566055254,14.735965812203196,5.009603394929374,8,0.28722307777454353,0,1.6605951643384131,1.0,8.874383454145466e-16
7,1,step,False,14,0.9095282557893342,0.9526151113394995,0.5823441853318562,0.5919228099474745,25.982990440588615,4,1.8809392902878954,46,7.198143495626002,10.72591774988459,1.7702377377974834,3,0.09556886992556272,0,1.6605951643384131,1.0,8.874383454145466e-16
7,1,step,False,15,0.979959092698329,0.14764221825920978,0.12345671530436549,0.6714650101740443,100.22869046624908,4,1.1588893870320889,154,38.69873344675015,53.853702182277424,10.158665906413292,13,0.36041903004657344,0,1.6605951643384131,1.0,8.874383454145466e-16
7,1,step,False,16,0.6074272708457642,0.05858201584122222,0.15945736630496915,0.4085003650284757,114.58790735195603,4,1.2143450195914391,171,48.0641338327472,67.445561422251,9.772091467122381,15,0.36289227545928326,0,1.6605951643384131,1.0,8.874383454145466e-16
7,1,step,False,17,0.7090745349758502,0.9792077125909999,0.28245151927795586,0.5006839274000127,91.91038893568631,4,1.2310369715249714,147,30.956332724561626,42.95449234441716,9.667013588058174,16,0.1744125897703304,0,1.6605951643384131,1.0,8.874383454145466e-16
7,1,step,False,18,1.6675110350894953,0.05508867201787775,0.05872379568227734,1.0925690653641356,63.257256614165854,4,1.2209103837488429,107,18.308987459315652,24.98037696756598,7.630103670082665,13,0.22762246401119013,0,1.6605951643384131,1.0,8.874383454145466e-16
7,1,step,False,19,0.9835998101561569,0.09392138911466741,0.132463352024765,0.6627376854633845,95.24671985369999,4,1.1657662482924642,146,38.0516721386496,53.05114956342134,9.929635925404824,12,0.35953397830422723,0,1.6605951643384131,1.0,8.874383454145466e-16
7,1,step,False,20,1.3118515925786611,0.16238863296058972,0.08429378441610243,0.9235690947304813,32.39522492289318,4,1.297573357104855,59,9.105175267293191,13.6607547925201,4.583855728582646,7,0.2301402969512445,0,1.6605951643384131,1.0,8.874383454145466e-16
7,1,step,False,21,2.4897466425669204,0.24584655527381585,0.1589147823289075,1.7721822389908501,12.877475319551785,4,1.6628685030494748,28,2.8940313917716844,3.8037747892889238,1.213309395418206,2,0.34570757570248617,0,1.6605951643384131,1.0,8.874383454145466e-16
7,1,step,False,22,0.5277176915553676,0.9408170208970003,0.37647377676361277,0.3747600967617925,109.47356309689263,4,1.2290279960899777,170,41.3399474802764,56.28471301796256,9.514466384682287,13,0.29718518597630444,0,1.6605951643384131,1.0,8.874383454145466e-16
7,1,step,False,23,2.43209115517156,0.2222438413591455,0.08425974037642406,1.4524038013586822,29.217988145921435,4,1.4840626442287876,55,8.548061119125059,13.752532896366455,4.552328880685266,7,0.40465441342566233,0,1.6605951643384131,1.0,8.874383454145466e-16
7,2,step,False,0,1.695893548209062,0.10599617671462114,0.19525904343548456,0.9573948863427433,53.465993280249634,4,1.2472880042483732,97,12.862720686466272,18.079636432236082,4.120287888145276,8,0.31609355604236783,0,1.1742181015092812,0.6094369292259216,2.2188735984011393e-15
7,2,step,False,1,2.2857085843603824,0.07840215853703048,0.08816563490338374,1.407207050863268,33.80790741579857,4,1.3955810576463779,68,6.304383769039406,8.824389672010135,2.9810949166534595,5,0.19517433992185762,0,1.1742181015092812,0.6094369292259216,2.2188735984011393e-15
7,2,step,False,2,0.7496180157712998,0.47850554343722773,0.22128192646225855,0.5188666530424966,102.02524851658946,4,1.2462523477289515,158,36.132591593076654,48.21871812303422,9.07717937305417,14,0.19424802845039402,0,1.1742181015092812,0.6094369292259216,2.2188735984011393e-15
7,2,step,False,3,0.7321385464267546,0.7410025714510072,0.43061914756824915,0.4566342126644743,78.43110798093267,4,1.266839737976448,118,29.061750814529415,40.0643850436084,8.328805409891904,15,0.18638616032451522,0,1.1742181015092812,0.6094369292259216,2.2188735984011393e-15
7,2,step,False,4,1.3432311769705663,0.1390554101220119,0.022440461770385334,0.9259020799765998,75.99552897688298,4,1.1526094094761743,130,19.959182756499263,25.620939805596823,8.62452127794918,14,0.16978986663436083,0,1.1742181015092812,0.6094369292259216,2.2188735984011393e-15
7,2,step,False,5,2.5599472376981836,0.2774038129409655,0.12059792129482677,1.516949512907638,24.62584607685912,4,1.7856351223096008,46,4.599653914022134,7.233086848134175,4.010151818914064,6,0.21798768595593612,0,1.1742181015092812,0.6094369292259216,2.2188735984011393e-15
7,2,step,False,6,2.5719546876022785,0.19724073187641103,0.0803887352418024,1.6257582648923694,25.886473484609475,4,1.3148413721217607,49,5.65315641651418,8.009293901021508,3.402165135515465,5,0.18353104467877282,0,1.1742181015092812,0.6094369292259216,2.2188735984011393e-15
7,2,step,False,7,0.5562056173718655,0.8594560263020271,0.20872328781321825,0.3844420441868076,109.16931197286914,4,1.204066454109447,169,45.56727910885179,61.147217016277864,11.45044705075708,14,0.17734354309502523,0,1.1742181015092812,0.6094369292259216,2.2188735984011393e-15
7,2,step,False,8,0.18965584778829725,0.9737637296032434,0.9143077372142385,0.22116256011098753,78.52859213405438,4,1.3153045139270814,121,27.69017280904535,39.88175166843844,9.34625701013372,14,0.17990658463670375,0,1.1742181015092812,0.6094369292259216,2.2188735984011393e-15
7,2,step,False,9,1.7902645027757145,0.033746203152170154,0.20414307758733768,1.1345627468432873,30.051260915893067,4,1.5234981204062745,62,7.48578876320041,11.28048655408194,1.965315136448519,2,0.2626937519481607,0,1.1742181015092812,0.6094369292259216,2.2188735984011393e-15
7,2,step,False,10,1.8688287133032908,0.29435049043851264,0.10160294257412553,1.164129773233636,13.875457717056847,4,1.5335676978780175,32,2.500387937551867,3.530851913538862,1.7723265200975988,4,0.16850965046217797,0,1.1742181015092812,0.6094369292259216,2.2188735984011393e-15
7,2,step,False,11,1.798904448533471,0.17195834757152637,0.06039189156360905,1.01696113752201,22.526533495044212,4,1.4991487356783237,45,5.729679974322625,7.510279397764919,2.1093531614939183,3,0.10170978614109999,0,1.1742181015092812,0.6094369292259216,2.2188735984011393e-15
7,2,step,False,12,1.656085565633077,0.9556125119595457,0.2418351852356281,0.9201230880504457,66.52874753848387,4,1.4668885675408487,111,23.197270130036543,34.5047853143748,3.0107832217690316,9,0.13713068153198915,0,1.1742181015092812,0.6094369292259216,2.2188735984011393e-15
7,2,step,False,13,1.4164375940140463,0.09572216487373976,0.12684618222524793,0.8454071957022431,49.903785347071945,4,1.4397238092834648,87,12.262898309937256,18.701824998006035,5.009603394929374,8,0.19968387227367426,0,1.1742181015092812,0.6094369292259216,2.2188735984011393e-15
7,2,step,False,14,0.9095282557893342,0.9985616693857895,0.5823441853318562,0.5919228099474745,25.982990440588615,4,1.8809392902878954,46,7.165943937824061,10.11027066303124,1.7702377377974834,3,0.20630636446541772,0,1.1742181015092812,0.6094369292259216,2.2188735984011393e-15
7,2,step,False,15,0.979959092698329,0.27593791412593005,0.12345671530436549,0.6714650101740443,100.22869046624908,4,1.1588893870320889,154,36.895992427843495,50.924955922047644,10.158665906413292,13,0.20976121213864535,0,1.1742181015092812,0.6094369292259216,2.2188735984011393e-15
7,2,step,False,16,0.6074272708457642,0.2299199628209338,0.15945736630496915,0.4085003650284757,114.58790735195603,4,1.2143450195914391,171,47.63288949986324,66.3805075572739,9.772091467122381,15,0.1986364413173525,0,1.1742181015092812,0.6094369292259216,2.2188735984011393e-15
7,2,step,False,17,0.7090745349758502,0.938627548177386,0.28245151927795586,0.5006839274000127,91.91038893568631,4,1.2310369715249714,147,34.72918082506242,48.1162750596718,9.667013588058174,16,0.10577015987041995,0,1.1742181015092812,0.6094369292259216,2.2188735984011393e-15
7,2,step,False,18,1.6675110350894953,0.08538897237046458,0.05872379568227734,1.0925690653641356,63.257256614165854,4,1.2209103837488429,107,17.521385949727105,23.654109198065512,7.630103670082665,13,0.1701073776517443,0,1.1742181015092812,0.6094369292259216,2.2188735984011393e-15
7,2,step,False,19,0.9835998101561569,0.2060764588426981,0.132463352024765,0.6627376854633845,95.24671985369999,4,1.1657662482924642,146,35.41098045907423,48.672919352738965,9.929635925404824,12,0.20876618809161693,0,1.1742181015092812,0.6094369292259216,2.2188735984011393e-15
7,2,step,False,20,1.3118515925786611,0.1736873555779522,0.08429378441610243,0.9235690947304813,32.39522492289318,4,1.297573357104855,59,10.457585441721735,14.671641377979329,4.583855728582646,7,0.17471562047106223,0,1.1742181015092812,0.6094369292259216,2.2188735984011393e-15
7,2,step,False,21,2.4897466425669204,0.29262238162148496,0.1589147823289075,1.7721822389908501,12.877475319551785,4,1.6628685030494748,28,1.5554949873122366,1.86627426647066,1.213309395418206,2,0.29997015390834564,0,1.1742181015092812,0.6094369292259216,2.2188735984011393e-15
7,2,step,False,22,0.5277176915553676,0.8396602720590544,0.37647377676361277,0.3747600967617925,109.47356309689263,4,1.2290279960899777,170,42.49348890860314,57.94971431246889,9.514466384682287,13,0.19310939478978154,0,1.1742181015092812,0.6094369292259216,2.2188735984011393e-15
7,2,step,False,23,2.43209115517156,0.21603462812425223,0.08425974037642406,1.4524038013586822,29.217988145921435,4,1.4840626442287876,55,7.130154206858662,9.584923014163346,4.552328880685266,7,0.21588899839905884,0,1.1742181015092812,0.6094369292259216,2.2188735984011393e-15
7,3,step,False,0,1.695893548209062,0.03885088862855092,0.19525904343548456,0.9573948863427433,53.465993280249634,4,1.2472880042483732,97,12.946490581401097,17.347908564110597,4.120287888145276,8,0.17830606355138193,0,0.8302975821692065,0.37100081145763397,3.889054653709099e-15
7,3,step,False,1,2.2857085843603824,0.04989546800042627,0.08816563490338374,1.407207050863268,33.80790741579857,4,1.3955810576463779,68,6.061552530431728,8.243531731785614,2.9810949166534595,5,0.2042389355086073,0,0.8302975821692065,0.37100081145763397,3.889054653709099e-15
7,3,step,False,2,0.7496180157712998,0.5050378271602393,0.22128192646225855,0.5188666530424966,102.02524851658946,4,1.2462523477289515,158,37.87322639666235,50.94941955188069,9.07717937305417,14,0.11430156549412909,0,0.8302975821692065,0.37100081145763397,3.889054653709099e-15
7,3,step,False,3,0.7321385464267546,0.7255410775155706,0.43061914756824915,0.4566342126644743,78.43110798093267,4,1.266839737976448,118,32.63148998100964,45.58316495943619,8.328805409891904,15,0.11559960657426022,0,0.8302975821692065,0.37100081145763397,3.889054653709099e-15
7,3,step,False,4,1.3432311769705663,0.11522590727355622,0.022440461770385334,0.9259020799765998,75.99552897688298,4,1.1526094094761743,130,19.876191876201087,24.804119902123844,8.62452127794918,14,0.08641620536047716,0,0.8302975821692065,0.37100081145763397,3.889054653709099e-15
7,3,step,False,5,2.5599472376981836,0.22754584710047368,0.12059792129482677,1.516949512907638,24.62584607685912,4,1.7856351223096008,46,4.898649099652356,7.029018131421393,4.010151818914064,6,0.13343213466817688,0,0.8302975821692065,0.37100081145763397,3.889054653709099e-15
7,3,step,False,6,2.5719546876022785,0.19784320569630037,0.0803887352418024,1.6257582648923694,25.886473484609475,4,1.3148413721217607,49,5.60172306183687,7.239361717876238,3.402165135515465,5,0.0794832891783281,0,0.8302975821692065,0.37100081145763397,3.889054653709099e-15
7,3,step,False,7,0.5562056173718655,0.8534677501552381,0.20872328781321825,0.3844420441868076,109.16931197286914,4,1.204066454109447,169,42.59032488520903,55.619777680070165,11.45044705075708,14,0.10885566597419682,0,0.8302975821692065,0.37100081145763397,3.889054653709099e-15
7,3,step,False,8,0.18965584778829725,0.9497366450609807,0.9143077372142385,0.22116256011098753,78.52859213405438,4,1.3153045139270814,121,31.280418680032604,45.29496480394742,9.34625701013372,14,0.12276959797810298,0,0.8302975821692065,0.37100081145763397,3.889054653709099e-15
7,3,step,False,9,1.7902645027757145,0.04170095090474922,0.20414307758733768,1.1345627468432873,30.051260915893067,4,1.5234981204062745,62,8.25300914827047,12.985377112523777,1.965315136448519,2,0.17923001726874904,0,0.8302975821692065,0.37100081145763397,3.889054653709099e-15
7,3,step,False,10,1.8688287133032908,0.22836915072190753,0.10160294257412553,1.164129773233636,13.875457717056847,4,1.5335676978780175,32,2.6117732498975763,3.243121202794585,1.7723265200975988,4,0.21163573885544057,0,0.8302975821692065,0.37100081145763397,3.889054653709099e-15
7,3,step,False,11,1.798904448533471,0.2010041828313614,0.06039189156360905,1.01696113752201,22.526533495044212,4,1.4991487356783237,45,5.387458911577945,7.356859516218116,2.1093531614939183,3,0.13922605974985655,0,0.8302975821692065,0.37100081145763397,3.889054653709099e-15
7,3,step,False,12,1.656085565633077,0.9953415620918677,0.2418351852356281,0.9201230880504457,66.52874753848387,4,1.4668885675408487,111,26.890224813094544,37.83474252335069,3.0107832217690316,9,0.08779563749490905,0,0.8302975821692065,0.37100081145763397,3.889054653709099e-15
7,3,step,False,13,1.4164375940140463,0.07250009079649171,0.12684618222524793,0.8454071957022431,49.903785347071945,4,1.4397238092834648,87,12.429080512986014,17.917742834396247,5.009603394929374,8,0.17512795232311587,0,0.8302975821692065,0.37100081145763397,3.889054653709099e-15
7,3,step,False,14,0.9095282557893342,0.6917160359983882,0.5823441853318562,0.5919228099474745,25.982990440588615,4,1.8809392902878954,46,6.925145642281837,9.952400350741614,1.7702377377974834,3,0.14678836588092167,0,0.8302975821692065,0.37100081145763397,3.889054653709099e-15
7,3,step,False,15,0.979959092698329,0.32113473289388084,0.12345671530436549,0.6714650101740443,100.22869046624908,4,1.1588893870320889,154,33.84620465493353,45.69856307771287,10.158665906413292,13,0.12310092069441067,0,0.8302975821692065,0.37100081145763397,3.889054653709099e-15
7,3,step,False,16,0.6074272708457642,0.2770456434845787,0.15945736630496915,0.4085003650284757,114.58790735195603,4,1.2143450195914391,171,47.422077801463594,62.596572692163804,9.772091467122381,15,0.1115661052810457,0,0.8302975821692065,0.37100081145763397,3.889054653709099e-15
7,3,step,False,17,0.7090745349758502,0.9451923647028612,0.28245151927795586,0.5006839274000127,91.91038893568631,4,1.2310369715249714,147,35.38742923094136,49.058747475935334,9.667013588058174,16,0.1259978350156877,0,0.8302975821692065,0.37100081145763397,3.889054653709099e-15
7,3,step,False,18,1.6675110350894953,0.18238118973422845,0.05872379568227734,1.0925690653641356,63.257256614165854,4,1.2209103837488429,107,16.409387649013595,22.21330855330116,7.630103670082665,13,0.08995370314004257,0,0.8302975821692065,0.37100081145763397,3.889054653709099e-15
7,3,step,False,19,0.9835998101561569,0.2512869563186946,0.132463352024765,0.6627376854633845,95.24671985369999,4,1.1657662482924642,146,31.992074660609067,43.61906411262276,9.929635925404824,12,0.12169120964105316,0,0.8302975821692065,0.37100081145763397,3.889054653709099e-15
7,3,step,False,20,1.3118515925786611,0.20930440639536235,0.08429378441610243,0.9235690947304813,32.39522492289318,4,1.297573357104855,59,10.611031403834584,13.382341306344436,4.583855728582646,7,0.08126867455975693,0,0.8302975821692065,0.37100081145763397,3.889054653709099e-15
7,3,step,False,21,2.4897466425669204,0.23280725747430708,0.1589147823289075,1.7721822389908501,12.877475319551785,4,1.6628685030494748,28,1.2987315479244672,1.576345247431589,1.213309395418206,2,0.08585615442551194,0,0.8302975821692065,0.37100081145763397,3.889054653709099e-15
7,3,step,False,22,0.5277176915553676,0.7951198643317102,0.37647377676361277,0.3747600967617925,109.47356309689263,4,1.2290279960899777,170,40.04736323806256,53.96779547196459,9.514466384682287,13,0.12453500867370142,0,0.8302975821692065,0.37100081145763397,3.889054653709099e-15
7,3,step,False,23,2.43209115517156,0.30254547895969053,0.08425974037642406,1.4524038013586822,29.217988145921435,4,1.4840626442287876,55,6.7289536434697474,8.199132867633669,4.552328880685266,7,0.1291404485487364,0,0.8302975821692065,0.37100081145763397,3.889054653709099e-15
8,0,init,False,0,1.0378506748875693,0.45802339986954077,0.12303605294879973,0.6012933781725471,80.38713347296193,4,1.2026616870824982,131,nan,nan,6.409736394929717,11,nan,0,nan,nan,nan
8,0,init,False,1,0.6716561569208681,0.11598191499555346,0.12568697732852122,0.30461582712940066,110.66944159046545,4,1.1833399203270567,160,nan,nan,9.619335184444632,16,nan,0,nan,nan,nan
8,0,init,False,2,2.0226041686187917,0.2510047059261982,0.16904517333489255,1.2580471060144989,27.076090029182133,4,1.4261710912871275,57,nan,nan,2.638891193165522,4,nan,0,nan,nan,nan
8,0,init,False,3,0.7777394701992171,0.8048987272416314,0.24949333439569482,0.3828333536828489,91.31304504135807,4,1.2207595593000429,140,nan,nan,6.101495755763271,9,nan,0,nan,nan,nan
8,0,init,False,4,0.47784343743739227,0.76821657164478,0.41991478051445036,0.2921728391935947,101.21065763451463,4,1.28146989511169,148,nan,nan,10.324470345173227,15,nan,0,nan,nan,nan
8,0,init,False,5,0.6531959063139913,0.36059560125529244,0.23445463581716386,0.40453578366524134,42.28914634096264,4,1.2983931169285168,76,nan,nan,2.65364998644303,6,nan,0,nan,nan,nan
8,0,init,False,6,1.1350102603683618,0.49850423908859126,0.2129847451316913,0.6711400654645836,53.62026537984196,4,1.208308728279306,99,nan,nan,4.369238642451686,11,nan,0,nan,nan,nan
8,0,init,False,7,1.0600535721639959,0.1865634275593583,0.26565181881205935,0.8035658186694545,55.050758548392636,4,1.3889876218895796,91,nan,nan,6.062794397403266,10,nan,0,nan,nan,nan
8,0,init,False,8,1.8614204865315083,0.1518414472312305,0.10258853602998527,1.1101139028193139,52.453877476051616,4,1.254462317202486,94,nan,nan,2.807739901970866,5,nan,0,nan,nan,nan
8,0,init,False,9,3.20983498587541,0.1151591637819622,0.1151591637819622,2.190695482201376,3.6738970218116878,4,3.0083351974084533,8,nan,nan,1.0,1,nan,0,nan,nan,nan
8,0,init,False,10,0.8302344040252218,0.15089606490060645,0.3024570668814359,0.4864733974997199,89.28078021085307,4,1.1786060088213433,135,nan,nan,8.645620349730331,12,nan,0,nan,nan,nan
8,0,init,False,11,0.2031161972728973,0.8451885246726276,0.3539489107395197,0.14607377248674752,120.36043469189067,4,1.169915737059017,171,nan,nan,13.1426093350954,19,nan,0,nan,nan,nan
8,0,init,False,12,0.8087519726279173,0.05112581990539686,0.11464679184858678,0.46289950586347306,77.21598082614605,4,1.2865793629860431,127,nan,nan,9.634082022018477,17,nan,0,nan,nan,nan
8,0,init,False,13,2.043123899298297,0.20905757180360185,0.07303363955223752,1.3078200303194811,38.77488469774087,4,1.517674082475266,76,nan,nan,4.266241509095584,9,nan,0,nan,nan,nan
8,0,init,False,14,0.951778082041314,0.9880837862466026,0.3592729885583885,0.3889981400938256,38.09994319474929,4,1.6056901379588442,71,nan,nan,2.387540199667094,7,nan,0,nan,nan,nan
8,0,init,False,15,0.4172505094214615,0.7568941127753871,0.40757618048955757,0.26996132229601627,74.19146716210743,4,1.2295859775099058,124,nan,nan,6.029325570241431,12,nan,0,nan,nan,nan
8,0,init,False,16,0.35411392282486276,0.5237864545894889,0.4457385179352675,0.2478574893369517,96.19237975674679,4,1.3103526701279253,153,nan,nan,10.988107511941076,16,nan,0,nan,nan,nan
8,0,init,False,17,1.5646563512603404,0.03210999259904685,0.09669025035476168,0.8270807471974078,64.84271274356155,4,1.2130484449046435,119,nan,nan,8.35214717726898,12,nan,0,nan,nan,nan
8,0,init,False,18,1.8032365558301429,0.08958084848104168,0.07677892529708916,1.0547730329039768,41.454124403351656,4,1.4494181781835445,79,nan,nan,5.111442043284658,9,nan,0,nan,nan,nan
8,0,init,False,19,2.8305949396715846,0.038202053313304056,0.06984983268365177,1.7313165651532458,10.812960344088546,4,2.2426472127309065,24,nan,nan,1.938532512655518,2,nan,0,nan,nan,nan
8,0,init,False,20,0.5059941463453863,0.32635195609384954,0.34014327200290284,0.3536446661180881,51.6561043131468,4,1.437951901754448,90,nan,nan,7.079871112193736,11,nan,0,nan,nan,nan
8,0,init,False,21,1.8806394974673035,0.15035348662160256,0.16694469810097767,1.3255865032424996,10.13580479948925,4,2.330469541565189,18,nan,nan,1.1764279143543734,2,nan,0,nan,nan,nan
8,0,init,False,22,1.0642945010013232,0.7947545704502638,0.4400458830570237,0.733282986456121,50.29420951461046,4,1.385653510564346,83,nan,nan,6.580376277905314,10,nan,0,nan,nan,nan
8,0,init,False,23,1.6477180246523284,0.19322267987555658,0.06168240977399816,0.9798373699576436,58.943900805974884,4,1.2586679152456106,98,nan,nan,6.680324662802827,10,nan,0,nan,nan,nan
8,1,step,True,0,1.0378506748875693,0.45802339986954077,0.12303605294879973,0.6012933781725471,80.38713347296193,4,1.2026616870824982,131,21.895530188516656,31.773846515058782,6.409736394929717,11,0.2583027167434502,0,1.6121988453621614,1.0,nan
8,1,step,True,1,0.6716561569208681,0.11598191499555346,0.12568697732852122,0.30461582712940066,110.66944159046545,4,1.1833399203270567,160,49.55694500252269,66.71685685704648,9.619335184444632,16,0.29407291419694104,0,1.6121988453621614,1.0,nan
8,1,step,True,2,2.0226041686187917,0.2510047059261982,0.16904517333489255,1.2580471060144989,27.076090029182133,4,1.4261710912871275,57,4.097863626776006,6.605839520596737,2.638891193165522,4,0.3422706909319361,0,1.6121988453621614,1.0,nan
8,1,step,True,3,0.7777394701992171,0.8048987272416314,0.24949333439569482,0.3828333536828489,91.31304504135807,4,1.2207595593000429,140,29.742003550379085,42.17284181741827,6.101495755763271,9,0.2942845363632173,0,1.6121988453621614,1.0,nan
8,1,step,True,4,0.47784343743739227,0.76821657164478,0.41991478051445036,0.2921728391935947,101.21065763451463,4,1.28146989511169,148,40.94693627248696,53.84363168088366,10.324470345173227,15,0.2935059828153602,0,1.6121988453621614,1.0,nan
8,1,step,True,5,0.6531959063139913,0.36059560125529244,0.23445463581716386,0.40453578366524134,42.28914634096264,4,1.2983931169285168,76,11.908013492864018,16.06636886178867,2.65364998644303,6,0.19492945874253712,0,1.6121988453621614,1.0,nan
8,1,step,True,6,1.1350102603683618,0.49850423908859126,0.2129847451316913,0.6711400654645836,53.62026537984196,4,1.208308728279306,99,15.932256040150145,22.7157232365763,4.369238642451686,11,0.19348913698902334,0,1.6121988453621614,1.0,nan
8,1,step,True,7,1.0600535721639959,0.1865634275593583,0.26565181881205935,0.8035658186694545,55.050758548392636,4,1.3889876218895796,91,15.858418246996337,23.45324563561238,6.062794397403266,10,0.24474678159324365,0,1.6121988453621614,1.0,nan
8,1,step,True,8,1.8614204865315083,0.1518414472312305,0.10258853602998527,1.1101139028193139,52.453877476051616,4,1.254462317202486,94,13.79309044455039,19.957087272632027,2.807739901970866,5,0.353119810280452,0,1.6121988453621614,1.0,nan
8,1,step,True,9,3.20983498587541,0.1151591637819622,0.1151591637819622,2.190695482201376,3.6738970218116878,4,3.0083351974084533,8,1.0,1.0,1.0,1,0.0,1,1.6121988453621614,1.0,nan
8,1,step,True,10,0.8302344040252218,0.15089606490060645,0.3024570668814359,0.4864733974997199,89.28078021085307,4,1.1786060088213433,135,38.61697558121317,50.91782272811072,8.645620349730331,12,0.25730433010820686,0,1.6121988453621614,1.0,nan
8,1,step,True,11,0.2031161972728973,0.8451885246726276,0.3539489107395197,0.14607377248674752,120.36043469189067,4,1.169915737059017,171,50.37931935446912,69.77606203896397,13.1426093350954,19,0.2858266418793056,0,1.6121988453621614,1.0,nan
8,1,step,True,12,0.8087519726279173,0.05112581990539686,0.11464679184858678,0.46289950586347306,77.21598082614605,4,1.2865793629860431,127,27.021026391348087,36.56102216299682,9.634082022018477,17,0.31467926225940823,0,1.6121988453621614,1.0,nan
8,1,step,True,13,2.043123899298297,0.20905757180360185,0.07303363955223752,1.3078200303194811,38.77488469774087,4,1.517674082475266,76,10.464119750646459,14.930083598844334,4.266241509095584,9,0.13755891432361084,0,1.6121988453621614,1.0,nan
8,1,step,True,14,0.951778082041314,0.9880837862466026,0.3592729885583885,0.3889981400938256,38.09994319474929,4,1.6056901379588442,71,8.333591829611837,12.23917254789896,2.387540199667094,7,0.17874716479107283,0,1.6121988453621614,1.0,nan
8,1,step,True,15,0.4172505094214615,0.7568941127753871,0.40757618048955757,0.26996132229601627,74.19146716210743,4,1.2295859775099058,124,23.317026386953245,32.89669488422646,6.029325570241431,12,0.2625468583746328,0,1.6121988453621614,1.0,nan
8,1,step,True,16,0.35411392282486276,0.5237864545894889,0.4457385179352675,0.2478574893369517,96.19237975674679,4,1.3103526701279253,153,34.02945447329896,47.093222834729005,10.988107511941076,16,0.3106410630557607,0,1.6121988453621614,1.0,nan
8,1,step,True,17,1.5646563512603404,0.03210999259904685,0.09669025035476168,0.8270807471974078,64.84271274356155,4,1.2130484449046435,119,19.250993136177776,27.888448601148742,8.35214717726898,12,0.3033217256357071,0,1.6121988453621614,1.0,nan
8,1,step,True,18,1.8032365558301429,0.08958084848104168,0.07677892529708916,1.0547730329039768,41.454124403351656,4,1.4494181781835445,79,10.001866587350095,14.388125540199326,5.111442043284658,9,0.27971995948394884,0,1.6121988453621614,1.0,nan
8,1,step,True,19,2.8305949396715846,0.038202053313304056,0.06984983268365177,1.7313165651532458,10.812960344088546,4,2.2426472127309065,24,2.9557594645908782,4.07059329073223,1.938532512655518,2,0.4499781299645484,0,1.6121988453621614,1.0,nan
8,1,step,True,20,0.5059941463453863,0.32635195609384954,0.34014327200290284,0.3536446661180881,51.6561043131468,4,1.437951901754448,90,15.275048253119522,20.235477680902225,7.079871112193736,11,0.3051981757714949,0,1.6121988453621614,1.0,nan
8,1,step,True,21,1.8806394974673035,0.15035348662160256,0.16694469810097767,1.3255865032424996,10.13580479948925,4,2.330469541565189,18,2.627033594868638,4.05498171134333,1.1764279143543734,2,0.4065578603469449,0,1.6121988453621614,1.0,nan
8,1,step,True,22,1.0642945010013232,0.7947545704502638,0.4400458830570237,0.733282986456121,50.29420951461046,4,1.385653510564346,83,15.498274758050524,22.790112885775397,6.580376277905314,10,0.27357022091261846,0,1.6121988453621614,1.0,nan
8,1,step,True,23,1.6477180246523284,0.19322267987555658,0.06168240977399816,0.9798373699576436,58.943900805974884,4,1.2586679152456106,98,17.498453573059592,24.57219512039844,6.680324662802827,10,0.30222053602828597,0,1.6121988453621614,1.0,nan
9,0,init,False,0,1.9319150175304767,0.0964225540233811,0.10922289075720497,1.1741594893840335,50.83765592911183,4,1.5080824678619769,94,nan,nan,4.951049427882265,9,nan,0,nan,nan,nan
9,0,init,False,1,2.297613715968394,0.10746543619213325,0.16228131059326445,1.3195659414977998,9.036244677316205,4,1.4151987580563266,17,nan,nan,2.4066897298444108,3,nan,0,nan,nan,nan
9,0,init,False,2,0.3806438597462406,0.26836232958341033,0.7688169237098971,0.3724109192463156,45.72076231280717,4,1.6999048964630479,77,nan,nan,4.235501892019893,7,nan,0,nan,nan,nan
9,0,init,False,3,2.589576667811834,0.15182398738178862,0.1332238939908978,1.4685184233212882,21.878998199936778,4,1.4101589686111116,41,nan,nan,2.800817358207788,5,nan,0,nan,nan,nan
9,0,init,False,4,0.4350174884567207,0.9340498189995455,0.6324199763837439,0.27689877281712677,46.06352586455857,4,1.326473862479658,82,nan,nan,5.325483028926313,12,nan,0,nan,nan,nan
9,0,init,False,5,1.1156952399600832,0.5694079364874162,0.18023716553541275,0.6884010975879544,43.374717724875914,4,1.3542569949811656,78,nan,nan,6.563383068922615,12,nan,0,nan,nan,nan
9,0,init,False,6,1.3582674648938677,0.086958910636265,0.14676985899851125,0.7762411083543527,79.7391800660551,4,1.1534659600038029,129,nan,nan,7.4425737981421225,12,nan,0,nan,nan,nan
9,0,init,False,7,1.0005504679814938,0.4289034905908832,0.1466242093868162,0.5328449404557218,84.84485484469167,4,1.2284512066025288,138,nan,nan,8.023903022809062,13,nan,0,nan,nan,nan
9,0,init,False,8,1.9666485141928456,0.5615175770706743,0.19737429712429255,1.2234565165012112,21.853085367342054,4,1.6307073254371576,46,nan,nan,2.3143784434093186,5,nan,0,nan,nan,nan
9,0,init,False,9,0.6243284807757906,0.7351573555629678,0.3279161076603897,0.3349818360725658,97.61428840538967,4,1.249645505709279,154,nan,nan,8.617345995483836,15,nan,0,nan,nan,nan
9,0,init,False,10,1.7743448667122528,0.07292458184878106,0.13898496592129797,1.0406885577753495,40.70322499449219,4,1.4769839727858245,83,nan,nan,4.418969352691991,7,nan,0,nan,nan,nan
9,0,init,False,11,1.0972591878173263,0.1412651508162319,0.2792895201560445,0.7425227093851822,65.40928099831156,4,1.2263952143406478,108,nan,nan,5.482957950661375,8,nan,0,nan,nan,nan
9,0,init,False,12,2.5440052353798466,0.2274699586755311,0.2411229841446357,1.6782903052148672,3.7329969318222256,4,8.4013883568947,6,nan,nan,1.1612495848795443,2,nan,0,nan,nan,nan
9,0,init,False,13,1.065335976205895,0.26229050018761824,0.15988510373123277,0.48074151789870073,99.54309701714674,4,1.2654416926309866,157,nan,nan,9.377984886071925,15,nan,0,nan,nan,nan
9,0,init,False,14,0.6147355922993071,0.14600049782223806,0.13444728392954045,0.23553545051378413,101.88338781080608,4,1.2131011237126672,155,nan,nan,10.7325429181916,16,nan,0,nan,nan,nan
9,0,init,False,15,1.1390096535776728,0.03707515495135661,0.09802056962033691,0.6436712604281858,103.97304012625618,4,1.084218045433002,155,nan,nan,9.51158874358387,16,nan,0,nan,nan,nan
9,0,init,False,16,1.2557821063963082,0.9935287705752993,0.11611579825014204,0.6747425535690329,96.59675285176966,4,1.2449504557197069,153,nan,nan,8.782096652840504,14,nan,0,nan,nan,nan
9,0,init,False,17,2.4046687697579534,0.13683497732285957,0.09742479103182744,1.3791854268956292,33.0812012220659,4,1.6683970443998164,66,nan,nan,3.5513756640917347,7,nan,0,nan,nan,nan
9,0,init,False,18,1.5047639121030847,0.3076933297772549,0.12618457708691785,0.9314880879902975,54.67622169110198,4,1.5949543931485424,93,nan,nan,5.027811250983838,11,nan,0,nan,nan,nan
9,0,init,False,19,1.497484781295103,0.16791326528718106,0.06854794014301595,0.8961007175209915,52.59368491985117,4,1.1888821417890714,97,nan,nan,4.865930677258875,9,nan,0,nan,nan,nan
9,0,init,False,20,0.3913953812157383,0.15975864707906717,0.45029835540271934,0.360824054902853,90.62980286426586,4,1.2649703156125822,146,nan,nan,9.406098600296723,15,nan,0,nan,nan,nan
9,0,init,False,21,1.664103941613645,0.22871445266360604,0.07277465176761311,1.1391165315662632,12.120125259295206,4,1.3443735004067154,22,nan,nan,1.7213828827791333,3,nan,0,nan,nan,nan
9,0,init,False,22,1.408979648993165,0.5958332080908636,0.16533938859444647,0.6915377792758998,53.60540342249233,4,1.421516828106679,102,nan,nan,5.533264505131386,10,nan,0,nan,nan,nan
9,0,init,False,23,0.36411673436852154,0.41483525938316274,0.12471637197965432,0.2217320279639587,130.4884664982385,4,1.154610501318598,187,nan,nan,11.745620564889926,18,nan,0,nan,nan,nan
9,1,step,False,0,1.9319150175304767,0.251768124708215,0.10922289075720497,1.1741594893840335,50.83765592911183,4,1.5080824678619769,94,11.90028241878269,19.885481576677257,4.951049427882265,9,0.21205427195477525,0,1.7084164625838822,1.0,4.146408943092759e-16
9,1,step,False,1,2.297613715968394,0.08590952247626103,0.16228131059326445,1.3195659414977998,9.036244677316205,4,1.4151987580563266,17,2.900068654688776,3.6404311346157314,2.4066897298444108,3,0.34516965955025464,0,1.7084164625838822,1.0,4.146408943092759e-16
9,1,step,False,2,0.3806438597462406,0.24563669967888696,0.7688169237098971,0.3724109192463156,45.72076231280717,4,1.6999048964630479,77,12.321658107402728,17.692483542791134,4.235501892019893,7,0.28248667336783795,0,1.7084164625838822,1.0,4.146408943092759e-16
9,1,step,False,3,2.589576667811834,0.039006988997622095,0.1332238939908978,1.4685184233212882,21.878998199936778,4,1.4101589686111116,41,4.9456333013376605,6.764442415655159,2.800817358207788,5,0.32137204761713295,0,1.7084164625838822,1.0,4.146408943092759e-16
9,1,step,False,4,0.4350174884567207,0.890803845054605,0.6324199763837439,0.27689877281712677,46.06352586455857,4,1.326473862479658,82,14.101343720952563,20.404649320083315,5.325483028926313,12,0.2336448115701322,0,1.7084164625838822,1.0,4.146408943092759e-16
9,1,step,False,5,1.1156952399600832,0.617577906569623,0.18023716553541275,0.6884010975879544,43.374717724875914,4,1.3542569949811656,78,12.966592956796749,18.891762767913193,6.563383068922615,12,0.29953846374721566,0,1.7084164625838822,1.0,4.146408943092759e-16
9,1,step,False,6,1.3582674648938677,0.027074622768163484,0.14676985899851125,0.7762411083543527,79.7391800660551,4,1.1534659600038029,129,28.747105336916775,39.920758057570026,7.4425737981421225,12,0.19854599840711498,0,1.7084164625838822,1.0,4.146408943092759e-16
9,1,step,False,7,1.0005504679814938,0.44652984861920353,0.1466242093868162,0.5328449404557218,84.84485484469167,4,1.2284512066025288,138,27.787493253656557,38.74140640264389,8.023903022809062,13,0.3785035536179647,0,1.7084164625838822,1.0,4.146408943092759e-16
9,1,step,False,8,1.9666485141928456,0.8064927887214494,0.19737429712429255,1.2234565165012112,21.853085367342054,4,1.6307073254371576,46,4.198350257121681,6.34125793511293,2.3143784434093186,5,0.2662035111162492,0,1.7084164625838822,1.0,4.146408943092759e-16
9,1,step,False,9,0.6243284807757906,0.796850445720922,0.3279161076603897,0.3349818360725658,97.61428840538967,4,1.249645505709279,154,36.471645697460836,54.05235222147349,8.617345995483836,15,0.2829195692501123,0,1.7084164625838822,1.0,4.146408943092759e-16
9,1,step,False,10,1.7743448667122528,0.11606764579926686,0.13898496592129797,1.0406885577753495,40.70322499449219,4,1.4769839727858245,83,7.801507214063661,10.397751771224254,4.418969352691991,7,0.3132136661582827,0,1.7084164625838822,1.0,4.146408943092759e-16
9,1,step,False,11,1.0972591878173263,0.0842130035745672,0.2792895201560445,0.7425227093851822,65.40928099831156,4,1.2263952143406478,108,17.425073309112193,24.404618069607093,5.482957950661375,8,0.29929580326061556,0,1.7084164625838822,1.0,4.146408943092759e-16
9,1,step,False,12,2.5440052353798466,0.26872078011715567,0.2411229841446357,1.6782903052148672,3.7329969318222256,4,8.4013883568947,6,1.397180785073378,1.6861237768691777,1.1612495848795443,2,0.41427475188787916,0,1.7084164625838822,1.0,4.146408943092759e-16
9,1,step,False,13,1.065335976205895,0.28371339630555265,0.15988510373123277,0.48074151789870073,99.54309701714674,4,1.2654416926309866,157,35.8242000193221,51.30125971846591,9.377984886071925,15,0.23267795144009748,0,1.7084164625838822,1.0,4.146408943092759e-16
9,1,step,False,14,0.6147355922993071,0.13604314392678132,0.13444728392954045,0.23553545051378413,101.88338781080608,4,1.2131011237126672,155,42.54616209528608,56.32190117238338,10.7325429181916,16,0.3178753299022809,0,1.7084164625838822,1.0,4.146408943092759e-16
9,1,step,False,15,1.1390096535776728,0.06181162222553942,0.09802056962033691,0.6436712604281858,103.97304012625618,4,1.084218045433002,155,43.82642858407712,60.958712330623,9.51158874358387,16,0.19020300661074405,0,1.7084164625838822,1.0,4.146408943092759e-16
9,1,step,False,16,1.2557821063963082,0.9650795899563573,0.11611579825014204,0.6747425535690329,96.59675285176966,4,1.2449504557197069,153,29.19509157337148,41.8359724571946,8.782096652840504,14,0.30806825590353043,0,1.7084164625838822,1.0,4.146408943092759e-16
9,1,step,False,17,2.4046687697579534,0.18766659439452762,0.09742479103182744,1.3791854268956292,33.0812012220659,4,1.6683970443998164,66,6.015185002316217,10.612403607488014,3.5513756640917347,7,0.33341041459100607,0,1.7084164625838822,1.0,4.146408943092759e-16
9,1,step,False,18,1.5047639121030847,0.3392127075052833,0.12618457708691785,0.9314880879902975,54.67622169110198,4,1.5949543931485424,93,17.8559324071023,26.138922190522386,5.027811250983838,11,0.27221586000606224,0,1.7084164625838822,1.0,4.146408943092759e-16
9,1,step,False,19,1.497484781295103,0.21321433220147887,0.06854794014301595,0.8961007175209915,52.59368491985117,4,1.1888821417890714,97,12.798893428967256,19.697874575842242,4.865930677258875,9,0.23461592602858097,0,1.7084164625838822,1.0,4.146408943092759e-16
9,1,step,False,20,0.3913953812157383,0.1119561888480518,0.45029835540271934,0.360824054902853,90.62980286426586,4,1.2649703156125822,146,32.1420444826835,46.74980486743438,9.406098600296723,15,0.1885548578377722,0,1.7084164625838822,1.0,4.146408943092759e-16
9,1,step,False,21,1.664103941613645,0.27947835725182574,0.07277465176761311,1.1391165315662632,12.120125259295206,4,1.3443735004067154,22,4.162510646250857,5.824650632433916,1.7213828827791333,3,0.2605558444835858,0,1.7084164625838822,1.0,4.146408943092759e-16
9,1,step,False,22,1.408979648993165,0.4437089556384944,0.16533938859444647,0.6915377792758998,53.60540342249233,4,1.421516828106679,102,11.895609067305841,17.214234912493975,5.533264505131386,10,0.27219559330331,0,1.7084164625838822,1.0,4.146408943092759e-16
9,1,step,False,23,0.36411673436852154,0.3193237874087247,0.12471637197965432,0.2217320279639587,130.4884664982385,4,1.154610501318598,187,60.77400767995109,82.77528192639559,11.745620564889926,18,0.32797798425856683,0,1.7084164625838822,1.0,4.146408943092759e-16
9,2,step,False,0,1.9319150175304767,0.2660020544279452,0.10922289075720497,1.1741594893840335,50.83765592911183,4,1.5080824678619769,94,7.235460710118459,11.010737392756884,4.951049427882265,9,0.17874541516228643,0,1.2080328657837966,0.6140765249729156,8.924070323410623e-16
9,2,step,False,1,2.297613715968394,0.1419784718919757,0.16228131059326445,1.3195659414977998,9.036244677316205,4,1.4151987580563266,17,1.7902907514993949,2.393549608267153,2.4066897298444108,3,0.21786588346103103,0,1.2080328657837966,0.6140765249729156,8.924070323410623e-16
9,2,step,False,2,0.3806438597462406,0.12853581350898607,0.7688169237098971,0.3724109192463156,45.72076231280717,4,1.6999048964630479,77,15.179693003434995,22.575315570737615,4.235501892019893,7,0.2615607445094764,0,1.2080328657837966,0.6140765249729156,8.924070323410623e-16
9,2,step,False,3,2.589576667811834,0.12972913587966553,0.1332238939908978,1.4685184233212882,21.878998199936778,4,1.4101589686111116,41,3.444654815059782,4.022304809170799,2.800817358207788,5,0.23852832509222496,0,1.2080328657837966,0.6140765249729156,8.924070323410623e-16
9,2,step,False,4,0.4350174884567207,0.8868703497796082,0.6324199763837439,0.27689877281712677,46.06352586455857,4,1.326473862479658,82,15.940833259254406,22.89125031160728,5.325483028926313,12,0.1983624756086428,0,1.2080328657837966,0.6140765249729156,8.924070323410623e-16
9,2,step,False,5,1.1156952399600832,0.7058733018569451,0.18023716553541275,0.6884010975879544,43.374717724875914,4,1.3542569949811656,78,14.700235013338103,20.71641084991907,6.563383068922615,12,0.22372236725597236,0,1.2080328657837966,0.6140765249729156,8.924070323410623e-16
9,2,step,False,6,1.3582674648938677,0.09904043750296092,0.14676985899851125,0.7762411083543527,79.7391800660551,4,1.1534659600038029,129,27.085185533766733,37.50546529386586,7.4425737981421225,12,0.15226423298510916,0,1.2080328657837966,0.6140765249729156,8.924070323410623e-16
9,2,step,False,7,1.0005504679814938,0.3841183705863722,0.1466242093868162,0.5328449404557218,84.84485484469167,4,1.2284512066025288,138,29.936533299469858,42.23837795372857,8.023903022809062,13,0.1894217220339416,0,1.2080328657837966,0.6140765249729156,8.924070323410623e-16
9,2,step,False,8,1.9666485141928456,0.7860402404714634,0.19737429712429255,1.2234565165012112,21.853085367342054,4,1.6307073254371576,46,5.663128292243139,8.581255751044008,2.3143784434093186,5,0.14239422133682092,0,1.2080328657837966,0.6140765249729156,8.924070323410623e-16
9,2,step,False,9,0.6243284807757906,0.7794918828742354,0.3279161076603897,0.3349818360725658,97.61428840538967,4,1.249645505709279,154,39.36134429804709,55.80254623074794,8.617345995483836,15,0.2483927766683479,0,1.2080328657837966,0.6140765249729156,8.924070323410623e-16
9,2,step,False,10,1.7743448667122528,0.2577919497270763,0.13898496592129797,1.0406885577753495,40.70322499449219,4,1.4769839727858245,83,6.310598274071541,8.772041191056324,4.418969352691991,7,0.1847523694996162,0,1.2080328657837966,0.6140765249729156,8.924070323410623e-16
9,2,step,False,11,1.0972591878173263,0.18846245596999545,0.2792895201560445,0.7425227093851822,65.40928099831156,4,1.2263952143406478,108,18.49421684907972,26.027533259361384,5.482957950661375,8,0.15686147091895533,0,1.2080328657837966,0.6140765249729156,8.924070323410623e-16
9,2,step,False,12,2.5440052353798466,0.2685595530017797,0.2411229841446357,1.6782903052148672,3.7329969318222256,4,8.4013883568947,6,1.3212328988750888,1.5823706366998267,1.1612495848795443,2,0.3141553743790663,0,1.2080328657837966,0.6140765249729156,8.924070323410623e-16
9,2,step,False,13,1.065335976205895,0.2195489397373033,0.15988510373123277,0.48074151789870073,99.54309701714674,4,1.2654416926309866,157,32.746998255368055,44.544800336117724,9.377984886071925,15,0.21672543148535178,0,1.2080328657837966,0.6140765249729156,8.924070323410623e-16
9,2,step,False,14,0.6147355922993071,0.08114900418982374,0.13444728392954045,0.23553545051378413,101.88338781080608,4,1.2131011237126672,155,44.363392407806664,58.27124462700316,10.7325429181916,16,0.23488995760102635,0,1.2080328657837966,0.6140765249729156,8.924070323410623e-16
9,2,step,False,15,1.1390096535776728,0.16082715538098166,0.09802056962033691,0.6436712604281858,103.97304012625618,4,1.084218045433002,155,40.05256237027291,53.082827700362714,9.51158874358387,16,0.17012992953291348,0,1.2080328657837966,0.6140765249729156,8.924070323410623e-16
9,2,step,False,16,1.2557821063963082,0.9556770312469868,0.11611579825014204,0.6747425535690329,96.59675285176966,4,1.2449504557197069,153,31.053253230072393,44.46135787369254,8.782096652840504,14,0.2252639831016674,0,1.2080328657837966,0.6140765249729156,8.924070323410623e-16
9,2,step,False,17,2.4046687697579534,0.3469698858368946,0.09742479103182744,1.3791854268956292,33.0812012220659,4,1.6683970443998164,66,2.719028477935242,4.317646733076183,3.5513756640917347,7,0.22349996906822364,0,1.2080328657837966,0.6140765249729156,8.924070323410623e-16
9,2,step,False,18,1.5047639121030847,0.36513133699623584,0.12618457708691785,0.9314880879902975,54.67622169110198,4,1.5949543931485424,93,17.03783840204751,24.00508941302248,5.027811250983838,11,0.21648703441590278,0,1.2080328657837966,0.6140765249729156,8.924070323410623e-16
9,2,step,False,19,1.497484781295103,0.283254767851389,0.06854794014301595,0.8961007175209915,52.59368491985117,4,1.1888821417890714,97,12.148441493662194,19.23299588450586,4.865930677258875,9,0.2715886142419067,0,1.2080328657837966,0.6140765249729156,8.924070323410623e-16
9,2,step,False,20,0.3913953812157383,0.10724403216856238,0.45029835540271934,0.360824054902853,90.62980286426586,4,1.2649703156125822,146,36.81021629172217,52.92233474301958,9.406098600296723,15,0.15985147840924166,0,1.2080328657837966,0.6140765249729156,8.924070323410623e-16
9,2,step,False,21,1.664103941613645,0.3408151368427854,0.07277465176761311,1.1391165315662632,12.120125259295206,4,1.3443735004067154,22,4.73029236868666,6.599526868501985,1.7213828827791333,3,0.23525748954720863,0,1.2080328657837966,0.6140765249729156,8.924070323410623e-16
9,2,step,False,22,1.408979648993165,0.3467604120343649,0.16533938859444647,0.6915377792758998,53.60540342249233,4,1.421516828106679,102,12.861001057098878,20.178478858083643,5.533264505131386,10,0.19210426853641593,0,1.2080328657837966,0.6140765249729156,8.924070323410623e-16
9,2,step,False,23,0.36411673436852154,0.23026095292131496,0.12471637197965432,0.2217320279639587,130.4884664982385,4,1.154610501318598,187,59.01357431672115,76.8222788917564,11.745620564889926,18,0.18482262282961878,0,1.2080328657837966,0.6140765249729156,8.924070323410623e-16
9,3,step,False,0,1.9319150175304767,0.07857203417445573,0.10922289075720497,1.1741594893840335,50.83765592911183,4,1.5080824678619769,94,6.302357040126719,9.614929020850882,4.951049427882265,9,0.24055706614944777,0,0.854208231291941,0.3717465251684189,1.8628210680642482e-14
9,3,step,False,1,2.297613715968394,0.18707659173091748,0.16228131059326445,1.3195659414977998,9.036244677316205,4,1.4151987580563266,17,1.3470376357141098,1.6194693995804728,2.4066897298444108,3,0.03295597930450567,0,0.854208231291941,0.3717465251684189,1.8628210680642482e-14
9,3,step,False,2,0.3806438597462406,0.09317991595236622,0.7688169237098971,0.3724109192463156,45.72076231280717,4,1.6999048964630479,77,17.173418783524927,25.292618823583503,4.235501892019893,7,0.15466676214889624,0,0.854208231291941,0.3717465251684189,1.8628210680642482e-14
9,3,step,False,3,2.589576667811834,0.08476133189161322,0.1332238939908978,1.4685184233212882,21.878998199936778,4,1.4101589686111116,41,3.0530353484550736,3.7416342321975495,2.800817358207788,5,0.1877257235329515,0,0.854208231291941,0.3717465251684189,1.8628210680642482e-14
9,3,step,False,4,0.4350174884567207,0.838313953170985,0.6324199763837439,0.27689877281712677,46.06352586455857,4,1.326473862479658,82,19.102076753693726,28.1442998840235,5.325483028926313,12,0.11651296284617516,0,0.854208231291941,0.3717465251684189,1.8628210680642482e-14
9,3,step,False,5,1.1156952399600832,0.7456208557582191,0.18023716553541275,0.6884010975879544,43.374717724875914,4,1.3542569949811656,78,16.472908347769966,24.384942648459067,6.563383068922615,12,0.03477895326853541,0,0.854208231291941,0.3717465251684189,1.8628210680642482e-14
9,3,step,False,6,1.3582674648938677,0.12810062576409864,0.14676985899851125,0.7762411083543527,79.7391800660551,4,1.1534659600038029,129,24.70496938316544,33.19888584611728,7.4425737981421225,12,0.13043741152113023,0,0.854208231291941,0.3717465251684189,1.8628210680642482e-14
9,3,step,False,7,1.0005504679814938,0.3658884661217872,0.1466242093868162,0.5328449404557218,84.84485484469167,4,1.2284512066025288,138,31.156087104233166,42.68823449125699,8.023903022809062,13,0.13605120239203547,0,0.854208231291941,0.3717465251684189,1.8628210680642482e-14
9,3,step,False,8,1.9666485141928456,0.5766791806419382,0.19737429712429255,1.2234565165012112,21.853085367342054,4,1.6307073254371576,46,8.148109374513814,12.252224592059662,2.3143784434093186,5,0.06792484994632002,0,0.854208231291941,0.3717465251684189,1.8628210680642482e-14
9,3,step,False,9,0.6243284807757906,0.50596049260807,0.3279161076603897,0.3349818360725658,97.61428840538967,4,1.249645505709279,154,40.52822649535422,55.15399485601788,8.617345995483836,15,0.1620347822756166,0,0.854208231291941,0.3717465251684189,1.8628210680642482e-14
9,3,step,False,10,1.7743448667122528,0.3436275933606488,0.13898496592129797,1.0406885577753495,40.70322499449219,4,1.4769839727858245,83,7.0048027765459056,10.412182249242097,4.418969352691991,7,0.1361630389875818,0,0.854208231291941,0.3717465251684189,1.8628210680642482e-14
9,3,step,False,11,1.0972591878173263,0.47917221899398177,0.2792895201560445,0.7425227093851822,65.40928099831156,4,1.2263952143406478,108,18.2537032201486,26.339523375703422,5.482957950661375,8,0.12843173971286143,0,0.854208231291941,0.3717465251684189,1.8628210680642482e-14
9,3,step,False,12,2.5440052353798466,0.26576351945870375,0.2411229841446357,1.6782903052148672,3.7329969318222256,4,8.4013883568947,6,1.1121787589913208,1.2215692738512767,1.1612495848795443,2,0.16689124033418506,0,0.854208231291941,0.3717465251684189,1.8628210680642482e-14
9,3,step,False,13,1.065335976205895,0.4176806676824207,0.15988510373123277,0.48074151789870073,99.54309701714674,4,1.2654416926309866,157,30.056451069130457,39.721140777921796,9.377984886071925,15,0.12301725644144394,0,0.854208231291941,0.3717465251684189,1.8628210680642482e-14
9,3,step,False,14,0.6147355922993071,0.1657693505865592,0.13444728392954045,0.23553545051378413,101.88338781080608,4,1.2131011237126672,155,42.02690460474069,53.68185976553056,10.7325429181916,16,0.12464724172062669,0,0.854208231291941,0.3717465251684189,1.8628210680642482e-14
9,3,step,False,15,1.1390096535776728,0.20230369665527478,0.09802056962033691,0.6436712604281858,103.97304012625618,4,1.084218045433002,155,35.64033195351245,45.80236581021405,9.51158874358387,16,0.1344999453957387,0,0.854208231291941,0.3717465251684189,1.8628210680642482e-14
9,3,step,False,16,1.2557821063963082,0.9756241415053011,0.11611579825014204,0.6747425535690329,96.59675285176966,4,1.2449504557197069,153,33.48772516811235,50.41688362873047,8.782096652840504,14,0.11973197680232459,0,0.854208231291941,0.3717465251684189,1.8628210680642482e-14
9,3,step,False,17,2.4046687697579534,0.10865990265166883,0.09742479103182744,1.3791854268956292,33.0812012220659,4,1.6683970443998164,66,2.1377066132958973,3.0925313523311266,3.5513756640917347,7,0.18968928185091688,0,0.854208231291941,0.3717465251684189,1.8628210680642482e-14
9,3,step,False,18,1.5047639121030847,0.3493610780439151,0.12618457708691785,0.9314880879902975,54.67622169110198,4,1.5949543931485424,93,15.706413546790937,22.07127614637598,5.027811250983838,11,0.1686897090897468,0,0.854208231291941,0.3717465251684189,1.8628210680642482e-14
9,3,step,False,19,1.497484781295103,0.25780263514299595,0.06854794014301595,0.8961007175209915,52.59368491985117,4,1.1888821417890714,97,12.050641221748547,17.738016437591916,4.865930677258875,9,0.1276029250022506,0,0.854208231291941,0.3717465251684189,1.8628210680642482e-14
9,3,step,False,20,0.3913953812157383,0.1681752258010593,0.45029835540271934,0.360824054902853,90.62980286426586,4,1.2649703156125822,146,39.080993935702516,54.48215472610641,9.406098600296723,15,0.12183286425068997,0,0.854208231291941,0.3717465251684189,1.8628210680642482e-14
9,3,step,False,21,1.664103941613645,0.5120114510248064,0.07277465176761311,1.1391165315662632,12.120125259295206,4,1.3443735004067154,22,4.047587741342175,5.807649883280364,1.7213828827791333,3,0.1969539260187869,0,0.854208231291941,0.3717465251684189,1.8628210680642482e-14
9,3,step,False,22,1.408979648993165,0.4854232376889992,0.16533938859444647,0.6915377792758998,53.60540342249233,4,1.421516828106679,102,12.75309526840916,19.69735798684266,5.533264505131386,10,0.10997848323838429,0,0.854208231291941,0.3717465251684189,1.8628210680642482e-14
9,3,step,False,23,0.36411673436852154,0.23569955519407926,0.12471637197965432,0.2217320279639587,130.4884664982385,4,1.154610501318598,187,58.653253017320814,75.33970041043733,11.745620564889926,18,0.1161222472347002,0,0.854208231291941,0.3717465251684189,1.8628210680642482e-14
