seed,phase_index,phase,failed,center,radius,sine,pilot_sine,gradient_norm,linear_mass,linear_rank,linear_condition,linear_support,function_mass,n_eff,manifold_mass,manifold_neighbors,slope_min_singular,slope_rank_zero,h,alpha,linear_relative_residual_max
0,0,init,False,0,2.013105417584776,0.10690290741397122,0.10690290741397018,1.2082318982774403,45.25131891809136,4,1.1798474781985144,79,nan,nan,1.0,1,nan,0,nan,nan,nan
0,0,init,False,1,1.8393261347459855,0.2414458876514696,0.24144588765146913,1.02054557365162,31.940513081492973,4,1.3217857462609153,65,nan,nan,1.0,1,nan,0,nan,nan,nan
0,0,init,False,2,0.8324216477026292,0.08631309360335346,0.08631309360335346,0.42633961418034694,95.70652241506949,4,1.2926125639595911,144,nan,nan,1.0,1,nan,0,nan,nan,nan
0,0,init,False,3,1.7671365625020585,0.05278562666083619,0.05278562666083619,0.9275987289059564,57.55429743684587,4,1.4961967445043285,104,nan,nan,1.0,1,nan,0,nan,nan,nan
0,0,init,False,4,0.189190438782976,0.41485844329334204,0.4148584432933423,0.28438677205814034,86.61455688672773,4,1.2253467761845325,137,nan,nan,1.0,1,nan,0,nan,nan,nan
0,0,init,False,5,0.9624957231516963,0.19381408199477188,0.19381408199477074,0.6436556018911967,100.66230206714853,4,1.401847941884606,152,nan,nan,1.0,1,nan,0,nan,nan,nan
0,0,init,False,6,1.878120422772648,0.10841157534649429,0.10841157534649223,1.170076458679142,56.30447193552446,4,1.227336443590866,96,nan,nan,1.0,1,nan,0,nan,nan,nan
0,0,init,False,7,1.1659714895589495,0.10507697372296015,0.10507697372295698,0.7127793246699999,51.99423262134718,4,1.5285894745866542,87,nan,nan,1.0,1,nan,0,nan,nan,nan
0,0,init,False,8,1.66032737134484,0.0894926862598072,0.0894926862598072,0.9389377553989154,11.819416878870557,4,2.026586931196822,26,nan,nan,1.0,1,nan,0,nan,nan,nan
0,0,init,False,9,1.6461682316146562,0.2545545490373323,0.2545545490373319,0.9738572244989234,37.543552928539356,4,1.4412322784247225,65,nan,nan,1.0,1,nan,0,nan,nan,nan
0,0,init,False,10,2.4714404049555068,0.16768494336027534,0.16768494336027534,1.7253275857301344,10.15448500645655,4,2.4079244265377597,20,nan,nan,1.0,1,nan,0,nan,nan,nan
0,0,init,False,11,0.8931465161478112,0.30791104675084585,0.307911046750844,0.5910489049098231,43.392081459615156,4,1.5331905489234308,83,nan,nan,1.0,1,nan,0,nan,nan,nan
0,0,init,False,12,0.8277010638072685,0.1677117631609907,0.167711763160992,0.49240734645412415,99.60092708268655,4,1.1788566064618986,158,nan,nan,1.0,1,nan,0,nan,nan,nan
0,0,init,False,13,1.6770024361296911,0.06651795239039342,0.06651795239039174,1.1040497441218842,47.8807759883679,4,1.3488019381897085,87,nan,nan,1.0,1,nan,0,nan,nan,nan
0,0,init,False,14,2.1318195481244704,0.05596476588006575,0.055964765880067734,1.2278878951404717,43.409210194733,4,1.4174425444032683,70,nan,nan,1.0,1,nan,0,nan,nan,nan
0,0,init,False,15,0.8702271550814301,0.13161740889607582,0.13161740889607412,0.5504888608426778,96.04184728257837,4,1.263563869945345,147,nan,nan,1.0,1,nan,0,nan,nan,nan
0,0,init,False,16,0.7714455089923629,0.39883476748606717,0.39883476748606717,0.5196999475222689,72.69219066972167,4,1.3384043689817446,117,nan,nan,1.0,1,nan,0,nan,nan,nan
0,0,init,False,17,0.2875326920240055,0.24231527765564903,0.2423152776556495,0.2732558112361853,76.68372379940722,4,1.2368547980033078,133,nan,nan,1.0,1,nan,0,nan,nan,nan
0,0,init,False,18,1.2405084321280169,0.37494740365869283,0.37494740365869283,0.743132142336476,6.5091475001375025,4,2.7889278686408487,15,nan,nan,1.0,1,nan,0,nan,nan,nan
0,0,init,False,19,1.7323699323297677,0.12211184342088886,0.12211184342088977,1.043615193750532,68.81193320483357,4,1.28081094247929,111,nan,nan,1.0,1,nan,0,nan,nan,nan
0,0,init,False,20,1.2578374095484226,0.17727366067743555,0.1772736606774362,0.833311457521915,76.88178852690064,4,1.4994073035874473,123,nan,nan,1.0,1,nan,0,nan,nan,nan
0,0,init,False,21,1.1944097178215622,0.08456492099424205,0.08456492099423943,0.6624887745711098,97.01859239689279,4,1.3516191907056236,147,nan,nan,1.0,1,nan,0,nan,nan,nan
0,0,init,False,22,1.2865519208297453,0.13373718552482963,0.13373718552482963,0.8923724374919266,57.60596565566867,4,1.1434171490671163,94,nan,nan,1.0,1,nan,0,nan,nan,nan
0,0,init,False,23,1.5882846153801122,0.1373802910210702,0.1373802910210718,0.973890297775329,67.926146062343,4,1.1695569105909993,108,nan,nan,1.0,1,nan,0,nan,nan,nan
0,1,step,False,0,2.013105417584776,0.07732197365761241,0.10690290741397018,1.2082318982774403,45.25131891809136,4,1.1798474781985144,79,17.4546104486637,23.961986672685068,1.0,1,0.22469442456027125,0,1.6633575396573566,1.0,1.2850535991285905e-15
0,1,step,False,1,1.8393261347459855,0.269610667451888,0.24144588765146913,1.02054557365162,31.940513081492973,4,1.3217857462609153,65,12.000000000656065,18.18644169609815,1.0,1,0.5232319236270326,0,1.6633575396573566,1.0,1.2850535991285905e-15
0,1,step,False,2,0.8324216477026292,0.07189168829031324,0.08631309360335346,0.42633961418034694,95.70652241506949,4,1.2926125639595911,144,39.04149238121993,53.52184722682377,1.0,1,0.3844583950788103,0,1.6633575396573566,1.0,1.2850535991285905e-15
0,1,step,False,3,1.7671365625020585,0.07960603911416314,0.05278562666083619,0.9275987289059564,57.55429743684587,4,1.4961967445043285,104,15.163882051344746,22.044532642816744,1.0,1,0.40881342867374904,0,1.6633575396573566,1.0,1.2850535991285905e-15
0,1,step,False,4,0.189190438782976,0.5075225262102904,0.4148584432933423,0.28438677205814034,86.61455688672773,4,1.2253467761845325,137,25.554443758003906,36.20749948444799,1.0,1,0.7375402806700571,0,1.6633575396573566,1.0,1.2850535991285905e-15
0,1,step,False,5,0.9624957231516963,0.13465479524895324,0.19381408199477074,0.6436556018911967,100.66230206714853,4,1.401847941884606,152,36.74984926202968,53.28940696474683,1.0,1,0.4280000165380529,0,1.6633575396573566,1.0,1.2850535991285905e-15
0,1,step,False,6,1.878120422772648,0.1265430106413298,0.10841157534649223,1.170076458679142,56.30447193552446,4,1.227336443590866,96,16.30466619306752,24.419020375902583,1.0,1,0.3491129758566631,0,1.6633575396573566,1.0,1.2850535991285905e-15
0,1,step,False,7,1.1659714895589495,0.11885633789040038,0.10507697372295698,0.7127793246699999,51.99423262134718,4,1.5285894745866542,87,16.326597374167847,24.162443271568044,1.0,1,0.45708901072092806,0,1.6633575396573566,1.0,1.2850535991285905e-15
0,1,step,False,8,1.66032737134484,0.08948271793609726,0.0894926862598072,0.9389377553989154,11.819416878870557,4,2.026586931196822,26,12.000000000178154,18.97551682684881,1.0,1,0.6463931726185302,0,1.6633575396573566,1.0,1.2850535991285905e-15
0,1,step,False,9,1.6461682316146562,0.22681995447473863,0.2545545490373319,0.9738572244989234,37.543552928539356,4,1.4412322784247225,65,12.00000000118071,19.24619800327965,1.0,1,0.35421438732771005,0,1.6633575396573566,1.0,1.2850535991285905e-15
0,1,step,False,10,2.4714404049555068,0.1732046657771371,0.16768494336027534,1.7253275857301344,10.15448500645655,4,2.4079244265377597,20,12.000000000413266,17.49092202537403,1.0,1,0.7813106644049976,0,1.6633575396573566,1.0,1.2850535991285905e-15
0,1,step,False,11,0.8931465161478112,0.3943500604234295,0.307911046750844,0.5910489049098231,43.392081459615156,4,1.5331905489234308,83,12.000000000641197,18.100537219125503,1.0,1,0.32578160340245954,0,1.6633575396573566,1.0,1.2850535991285905e-15
0,1,step,False,12,0.8277010638072685,0.06390456589654908,0.167711763160992,0.49240734645412415,99.60092708268655,4,1.1788566064618986,158,32.30047513535959,45.83697318429608,1.0,1,0.35397378153357345,0,1.6633575396573566,1.0,1.2850535991285905e-15
0,1,step,False,13,1.6770024361296911,0.14826976343706755,0.06651795239039174,1.1040497441218842,47.8807759883679,4,1.3488019381897085,87,12.000000000208232,19.67598232763769,1.0,1,0.33499050513810924,0,1.6633575396573566,1.0,1.2850535991285905e-15
0,1,step,False,14,2.1318195481244704,0.0482523005964235,0.055964765880067734,1.2278878951404717,43.409210194733,4,1.4174425444032683,70,15.236600952775309,20.434156746746734,1.0,1,0.25926222790732817,0,1.6633575396573566,1.0,1.2850535991285905e-15
0,1,step,False,15,0.8702271550814301,0.15297239657912637,0.13161740889607412,0.5504888608426778,96.04184728257837,4,1.263563869945345,147,43.99338190045703,58.48920776596773,1.0,1,0.40350540330159906,0,1.6633575396573566,1.0,1.2850535991285905e-15
0,1,step,False,16,0.7714455089923629,0.21867434207255462,0.39883476748606717,0.5196999475222689,72.69219066972167,4,1.3384043689817446,117,23.329803068498148,35.481925059749955,1.0,1,0.4833830003227279,0,1.6633575396573566,1.0,1.2850535991285905e-15
0,1,step,False,17,0.2875326920240055,0.24753620008248609,0.2423152776556495,0.2732558112361853,76.68372379940722,4,1.2368547980033078,133,26.466136655396323,37.70596262011128,1.0,1,0.4304282818585724,0,1.6633575396573566,1.0,1.2850535991285905e-15
0,1,step,False,18,1.2405084321280169,0.31702123787072667,0.37494740365869283,0.743132142336476,6.5091475001375025,4,2.7889278686408487,15,12.000000000301446,19.253882805278455,1.0,1,0.8591823658332007,0,1.6633575396573566,1.0,1.2850535991285905e-15
0,1,step,False,19,1.7323699323297677,0.07400208054449958,0.12211184342088977,1.043615193750532,68.81193320483357,4,1.28081094247929,111,24.393795253637936,32.912126769974215,1.0,1,0.5227452735181843,0,1.6633575396573566,1.0,1.2850535991285905e-15
0,1,step,False,20,1.2578374095484226,0.08980810093716456,0.1772736606774362,0.833311457521915,76.88178852690064,4,1.4994073035874473,123,23.194459139978036,34.79255635761158,1.0,1,0.19941527433521475,0,1.6633575396573566,1.0,1.2850535991285905e-15
0,1,step,False,21,1.1944097178215622,0.02281004180837714,0.08456492099423943,0.6624887745711098,97.01859239689279,4,1.3516191907056236,147,37.18784215673985,49.2169066251834,1.0,1,0.5171291335650973,0,1.6633575396573566,1.0,1.2850535991285905e-15
0,1,step,False,22,1.2865519208297453,0.1927444276633917,0.13373718552482963,0.8923724374919266,57.60596565566867,4,1.1434171490671163,94,18.698269447754594,25.416132723044406,1.0,1,0.4368301641587613,0,1.6633575396573566,1.0,1.2850535991285905e-15
0,1,step,False,23,1.5882846153801122,0.11492673891255188,0.1373802910210718,0.973890297775329,67.926146062343,4,1.1695569105909993,108,23.620896660295074,30.167718623983,1.0,1,0.3995955552135633,0,1.6633575396573566,1.0,1.2850535991285905e-15
0,2,step,False,0,2.013105417584776,0.1609320920938708,0.10690290741397018,1.2082318982774403,45.25131891809136,4,1.1798474781985144,79,14.399310303127516,19.06198713543828,1.0,1,0.15775092107543875,0,1.1761713958294884,0.5954937785863876,3.803372804601646e-14
0,2,step,False,1,1.8393261347459855,0.3234381410229989,0.24144588765146913,1.02054557365162,31.940513081492973,4,1.3217857462609153,65,12.00000000009273,17.66073870899842,1.0,1,0.2270793624388486,0,1.1761713958294884,0.5954937785863876,3.803372804601646e-14
0,2,step,False,2,0.8324216477026292,0.07785697011323735,0.08631309360335346,0.42633961418034694,95.70652241506949,4,1.2926125639595911,144,39.947708259379,52.69065955235607,1.0,1,0.2387465025607336,0,1.1761713958294884,0.5954937785863876,3.803372804601646e-14
0,2,step,False,3,1.7671365625020585,0.08557600606157227,0.05278562666083619,0.9275987289059564,57.55429743684587,4,1.4961967445043285,104,14.36224952321959,19.203459430141045,1.0,1,0.15195224715943326,0,1.1761713958294884,0.5954937785863876,3.803372804601646e-14
0,2,step,False,4,0.189190438782976,0.6318464856577094,0.4148584432933423,0.28438677205814034,86.61455688672773,4,1.2253467761845325,137,26.488803834526593,36.45427157617538,1.0,1,0.24297047637089633,0,1.1761713958294884,0.5954937785863876,3.803372804601646e-14
0,2,step,False,5,0.9624957231516963,0.1544339162331972,0.19381408199477074,0.6436556018911967,100.66230206714853,4,1.401847941884606,152,39.45723606793777,55.49487915130888,1.0,1,0.2549015649236964,0,1.1761713958294884,0.5954937785863876,3.803372804601646e-14
0,2,step,False,6,1.878120422772648,0.1633670732745936,0.10841157534649223,1.170076458679142,56.30447193552446,4,1.227336443590866,96,15.104214638356007,20.685363271517062,1.0,1,0.21957672932711186,0,1.1761713958294884,0.5954937785863876,3.803372804601646e-14
0,2,step,False,7,1.1659714895589495,0.14293440195662538,0.10507697372295698,0.7127793246699999,51.99423262134718,4,1.5285894745866542,87,17.016254163402518,24.103924349272024,1.0,1,0.32399801176672216,0,1.1761713958294884,0.5954937785863876,3.803372804601646e-14
0,2,step,False,8,1.66032737134484,0.1373705807379623,0.0894926862598072,0.9389377553989154,11.819416878870557,4,2.026586931196822,26,12.00000000099568,18.53555499539115,1.0,1,0.4349229785653235,0,1.1761713958294884,0.5954937785863876,3.803372804601646e-14
0,2,step,False,9,1.6461682316146562,0.18660694966420707,0.2545545490373319,0.9738572244989234,37.543552928539356,4,1.4412322784247225,65,12.000000000235486,17.853949080814534,1.0,1,0.2115035410452936,0,1.1761713958294884,0.5954937785863876,3.803372804601646e-14
0,2,step,False,10,2.4714404049555068,0.08995695023497764,0.16768494336027534,1.7253275857301344,10.15448500645655,4,2.4079244265377597,20,12.00000000032086,17.73431129463169,1.0,1,0.6680723340300749,0,1.1761713958294884,0.5954937785863876,3.803372804601646e-14
0,2,step,False,11,0.8931465161478112,0.42831227698183616,0.307911046750844,0.5910489049098231,43.392081459615156,4,1.5331905489234308,83,12.000000000098883,17.75747972824516,1.0,1,0.20994909426211628,0,1.1761713958294884,0.5954937785863876,3.803372804601646e-14
0,2,step,False,12,0.8277010638072685,0.12356186917797997,0.167711763160992,0.49240734645412415,99.60092708268655,4,1.1788566064618986,158,35.26959032749966,49.42635541134576,1.0,1,0.24481013146633238,0,1.1761713958294884,0.5954937785863876,3.803372804601646e-14
0,2,step,False,13,1.6770024361296911,0.17147670485380279,0.06651795239039174,1.1040497441218842,47.8807759883679,4,1.3488019381897085,87,12.00000000136221,18.232827283758255,1.0,1,0.42327012505999356,0,1.1761713958294884,0.5954937785863876,3.803372804601646e-14
0,2,step,False,14,2.1318195481244704,0.04363462482070511,0.055964765880067734,1.2278878951404717,43.409210194733,4,1.4174425444032683,70,12.000000000222899,15.125161841378263,1.0,1,0.21667791285472388,0,1.1761713958294884,0.5954937785863876,3.803372804601646e-14
0,2,step,False,15,0.8702271550814301,0.21322242401103383,0.13161740889607412,0.5504888608426778,96.04184728257837,4,1.263563869945345,147,42.067046600268405,54.973572555752696,1.0,1,0.5128093885104539,0,1.1761713958294884,0.5954937785863876,3.803372804601646e-14
0,2,step,False,16,0.7714455089923629,0.3453260622418922,0.39883476748606717,0.5196999475222689,72.69219066972167,4,1.3384043689817446,117,25.399462379103145,37.18629863116942,1.0,1,0.34901659075754515,0,1.1761713958294884,0.5954937785863876,3.803372804601646e-14
0,2,step,False,17,0.2875326920240055,0.33530576603822665,0.2423152776556495,0.2732558112361853,76.68372379940722,4,1.2368547980033078,133,30.832521297621565,43.56144533177571,1.0,1,0.3108657298396719,0,1.1761713958294884,0.5954937785863876,3.803372804601646e-14
0,2,step,False,18,1.2405084321280169,0.3013167067274985,0.37494740365869283,0.743132142336476,6.5091475001375025,4,2.7889278686408487,15,12.000000000092797,19.144000113133796,1.0,1,0.32801778152689043,0,1.1761713958294884,0.5954937785863876,3.803372804601646e-14
0,2,step,False,19,1.7323699323297677,0.04328145130149109,0.12211184342088977,1.043615193750532,68.81193320483357,4,1.28081094247929,111,20.35350382072828,27.203815966062468,1.0,1,0.3837960551496775,0,1.1761713958294884,0.5954937785863876,3.803372804601646e-14
0,2,step,False,20,1.2578374095484226,0.11822660068975771,0.1772736606774362,0.833311457521915,76.88178852690064,4,1.4994073035874473,123,25.11451890927645,37.062533690133534,1.0,1,0.1996524797508127,0,1.1761713958294884,0.5954937785863876,3.803372804601646e-14
0,2,step,False,21,1.1944097178215622,0.11012685422654409,0.08456492099423943,0.6624887745711098,97.01859239689279,4,1.3516191907056236,147,36.8337587597635,48.47292987451519,1.0,1,0.36325309878808465,0,1.1761713958294884,0.5954937785863876,3.803372804601646e-14
0,2,step,False,22,1.2865519208297453,0.31347492201292754,0.13373718552482963,0.8923724374919266,57.60596565566867,4,1.1434171490671163,94,19.794241091948948,26.830825114762817,1.0,1,0.2607767788030878,0,1.1761713958294884,0.5954937785863876,3.803372804601646e-14
0,2,step,False,23,1.5882846153801122,0.07964956509283272,0.1373802910210718,0.973890297775329,67.926146062343,4,1.1695569105909993,108,22.65622199092356,29.981693316101964,1.0,1,0.29094490914931087,0,1.1761713958294884,0.5954937785863876,3.803372804601646e-14
0,3,step,False,0,2.013105417584776,0.20837235086217987,0.10690290741397018,1.2082318982774403,45.25131891809136,4,1.1798474781985144,79,12.000000000064365,14.75154415203128,1.0,1,0.11057850798525994,0,0.8316787698286782,0.3510540723800659,7.319246698580715e-13
0,3,step,False,1,1.8393261347459855,0.39563897284831656,0.24144588765146913,1.02054557365162,31.940513081492973,4,1.3217857462609153,65,12.000000000168718,15.941163226729197,1.0,1,0.11421033709779893,0,0.8316787698286782,0.3510540723800659,7.319246698580715e-13
0,3,step,False,2,0.8324216477026292,0.1641467087961801,0.08631309360335346,0.42633961418034694,95.70652241506949,4,1.2926125639595911,144,40.71611792657207,53.238350875575385,1.0,1,0.09533176072715319,0,0.8316787698286782,0.3510540723800659,7.319246698580715e-13
0,3,step,False,3,1.7671365625020585,0.07576442519740095,0.05278562666083619,0.9275987289059564,57.55429743684587,4,1.4961967445043285,104,13.854094879984377,17.24803634758158,1.0,1,0.10381480239269203,0,0.8316787698286782,0.3510540723800659,7.319246698580715e-13
0,3,step,False,4,0.189190438782976,0.5149072195482831,0.4148584432933423,0.28438677205814034,86.61455688672773,4,1.2253467761845325,137,29.772399487900397,42.674191576864565,1.0,1,0.13266786556534838,0,0.8316787698286782,0.3510540723800659,7.319246698580715e-13
0,3,step,False,5,0.9624957231516963,0.1994575302911092,0.19381408199477074,0.6436556018911967,100.66230206714853,4,1.401847941884606,152,38.869894141046665,53.48101579233599,1.0,1,0.1435740858213796,0,0.8316787698286782,0.3510540723800659,7.319246698580715e-13
0,3,step,False,6,1.878120422772648,0.058341683381963036,0.10841157534649223,1.170076458679142,56.30447193552446,4,1.227336443590866,96,14.938563791235598,19.698406800051234,1.0,1,0.14803403318084493,0,0.8316787698286782,0.3510540723800659,7.319246698580715e-13
0,3,step,False,7,1.1659714895589495,0.22196955278378058,0.10507697372295698,0.7127793246699999,51.99423262134718,4,1.5285894745866542,87,18.26160684176426,25.635913171041928,1.0,1,0.17906272135881068,0,0.8316787698286782,0.3510540723800659,7.319246698580715e-13
0,3,step,False,8,1.66032737134484,0.1793201366663898,0.0894926862598072,0.9389377553989154,11.819416878870557,4,2.026586931196822,26,12.000000001042118,17.958650241547392,1.0,1,0.22631358887867187,0,0.8316787698286782,0.3510540723800659,7.319246698580715e-13
0,3,step,False,9,1.6461682316146562,0.2022629003245726,0.2545545490373319,0.9738572244989234,37.543552928539356,4,1.4412322784247225,65,12.000000001044448,16.747460535638382,1.0,1,0.1525385552296682,0,0.8316787698286782,0.3510540723800659,7.319246698580715e-13
0,3,step,False,10,2.4714404049555068,0.07435536707862854,0.16768494336027534,1.7253275857301344,10.15448500645655,4,2.4079244265377597,20,12.000000000500112,18.034981094970004,1.0,1,0.5618033219311787,0,0.8316787698286782,0.3510540723800659,7.319246698580715e-13
0,3,step,False,11,0.8931465161478112,0.3374107186397045,0.307911046750844,0.5910489049098231,43.392081459615156,4,1.5331905489234308,83,12.929559041927881,19.254214370727773,1.0,1,0.08952255407803655,0,0.8316787698286782,0.3510540723800659,7.319246698580715e-13
0,3,step,False,12,0.8277010638072685,0.12005163032122441,0.167711763160992,0.49240734645412415,99.60092708268655,4,1.1788566064618986,158,36.89456522488488,50.159966422120675,1.0,1,0.15315909677010153,0,0.8316787698286782,0.3510540723800659,7.319246698580715e-13
0,3,step,False,13,1.6770024361296911,0.142312053037818,0.06651795239039174,1.1040497441218842,47.8807759883679,4,1.3488019381897085,87,12.000000000792436,16.84248903183683,1.0,1,0.1870919197077817,0,0.8316787698286782,0.3510540723800659,7.319246698580715e-13
0,3,step,False,14,2.1318195481244704,0.14193416682596174,0.055964765880067734,1.2278878951404717,43.409210194733,4,1.4174425444032683,70,12.000000000149369,16.004522784146744,1.0,1,0.13591181473090935,0,0.8316787698286782,0.3510540723800659,7.319246698580715e-13
0,3,step,False,15,0.8702271550814301,0.253430268280458,0.13161740889607412,0.5504888608426778,96.04184728257837,4,1.263563869945345,147,38.964915793217685,50.33284262981628,1.0,1,0.2341688710391175,0,0.8316787698286782,0.3510540723800659,7.319246698580715e-13
0,3,step,False,16,0.7714455089923629,0.4522761800930981,0.39883476748606717,0.5196999475222689,72.69219066972167,4,1.3384043689817446,117,27.12142229145623,37.90211651169391,1.0,1,0.14553273204757655,0,0.8316787698286782,0.3510540723800659,7.319246698580715e-13
0,3,step,False,17,0.2875326920240055,0.3142094123010394,0.2423152776556495,0.2732558112361853,76.68372379940722,4,1.2368547980033078,133,31.602965523685228,44.25820328643947,1.0,1,0.11668004663935547,0,0.8316787698286782,0.3510540723800659,7.319246698580715e-13
0,3,step,False,18,1.2405084321280169,0.33198551716754193,0.37494740365869283,0.743132142336476,6.5091475001375025,4,2.7889278686408487,15,12.000000000483427,18.66219568229431,1.0,1,0.24638823453913467,0,0.8316787698286782,0.3510540723800659,7.319246698580715e-13
0,3,step,False,19,1.7323699323297677,0.06675321254727244,0.12211184342088977,1.043615193750532,68.81193320483357,4,1.28081094247929,111,17.515900944662253,22.039897350421793,1.0,1,0.13135751573853433,0,0.8316787698286782,0.3510540723800659,7.319246698580715e-13
0,3,step,False,20,1.2578374095484226,0.13920199480715054,0.1772736606774362,0.833311457521915,76.88178852690064,4,1.4994073035874473,123,25.43668640160595,37.00255250706469,1.0,1,0.11301951238321283,0,0.8316787698286782,0.3510540723800659,7.319246698580715e-13
0,3,step,False,21,1.1944097178215622,0.17836924167924845,0.08456492099423943,0.6624887745711098,97.01859239689279,4,1.3516191907056236,147,35.587490431383856,46.94462197460097,1.0,1,0.13526426659104973,0,0.8316787698286782,0.3510540723800659,7.319246698580715e-13
0,3,step,False,22,1.2865519208297453,0.2570645746888303,0.13373718552482963,0.8923724374919266,57.60596565566867,4,1.1434171490671163,94,20.352538162733936,27.596469710729405,1.0,1,0.2097659816829848,0,0.8316787698286782,0.3510540723800659,7.319246698580715e-13
0,3,step,False,23,1.5882846153801122,0.03662904919575387,0.1373802910210718,0.973890297775329,67.926146062343,4,1.1695569105909993,108,19.167928216349157,23.28265846461883,1.0,1,0.15476517261405437,0,0.8316787698286782,0.3510540723800659,7.319246698580715e-13
1,0,init,False,0,1.5749285892107503,0.05266626956232097,0.05266626956231886,1.0456497293241727,58.1255192699806,4,1.3359299744479276,100,nan,nan,1.0,1,nan,0,nan,nan,nan
1,0,init,False,1,1.2597795664531544,0.006743372039052877,0.006743372039069341,0.8630006868235384,73.4203802244768,4,1.3014780187753279,119,nan,nan,1.0,1,nan,0,nan,nan,nan
1,0,init,False,2,1.321130606706036,0.11543906753709837,0.11543906753709644,0.8806445562429156,64.21333978017283,4,1.3680608408512542,109,nan,nan,1.0,1,nan,0,nan,nan,nan
1,0,init,False,3,0.7822524636658202,0.4416449657308505,0.44164496573085077,0.5516281588328207,31.65460114810914,4,1.5401210518536577,63,nan,nan,1.0,1,nan,0,nan,nan,nan
1,0,init,False,4,0.34434947603663596,0.2629529020266202,0.2629529020266202,0.26148535687877,110.76965662245044,4,1.2506721675324675,171,nan,nan,1.0,1,nan,0,nan,nan,nan
1,0,init,False,5,1.4417495312968414,0.11580421223612451,0.11580421223612355,0.8189884660021316,58.85843969092172,4,1.443776098345645,109,nan,nan,1.0,1,nan,0,nan,nan,nan
1,0,init,False,6,1.00972397712654,0.1736399606520158,0.17363996065201645,0.5395588078365875,53.26794803322947,4,1.4548996150584552,93,nan,nan,1.0,1,nan,0,nan,nan,nan
1,0,init,False,7,1.2185947329704703,0.2419534762137114,0.24195347621371185,0.8414793850028799,59.776321990038106,4,1.5824914426247365,102,nan,nan,1.0,1,nan,0,nan,nan,nan
1,0,init,False,8,1.0529759994370083,0.22055200303460834,0.22055200303460834,0.6576183775429378,90.63043919268989,4,1.2089503562504371,135,nan,nan,1.0,1,nan,0,nan,nan,nan
1,0,init,False,9,0.29021406196150945,0.9670807746197337,0.9670807746197337,0.1982428341906109,86.10041172850613,4,1.3027633038404485,140,nan,nan,1.0,1,nan,0,nan,nan,nan
1,0,init,False,10,1.385073693952201,0.1321596210350355,0.13215962103503467,0.789350777110115,71.91980943756451,4,1.3079830281169158,120,nan,nan,1.0,1,nan,0,nan,nan,nan
1,0,init,False,11,1.039287979344075,0.23118558247061338,0.23118558247061435,0.5870922888283767,44.593612143074274,4,1.4179461310870287,80,nan,nan,1.0,1,nan,0,nan,nan,nan
1,0,init,False,12,1.093621695593289,0.13041988552657283,0.13041988552657197,0.7660395917318017,83.87676452846466,4,1.2362845540544831,127,nan,nan,1.0,1,nan,0,nan,nan,nan
1,0,init,False,13,0.9736580260817508,0.3084883333299315,0.3084883333299315,0.5869158572797941,60.767410951634155,4,1.3012547771511178,99,nan,nan,1.0,1,nan,0,nan,nan,nan
1,0,init,False,14,1.313802687997899,0.1646470576684292,0.1646470576684292,0.8547961781115798,76.4711253420775,4,1.2740067003456363,123,nan,nan,1.0,1,nan,0,nan,nan,nan
1,0,init,False,15,2.345362840709062,0.18844460267552837,0.18844460267552837,1.3936670035970806,15.315387151269974,4,1.6743011216639352,34,nan,nan,1.0,1,nan,0,nan,nan,nan
1,0,init,False,16,0.720181991764751,0.07242064530018362,0.0724206453001821,0.48166211738700226,73.38432044625401,4,1.3478844172948343,114,nan,nan,1.0,1,nan,0,nan,nan,nan
1,0,init,False,17,1.2805013366604237,0.24353558287222252,0.24353558287222207,0.7707768203473779,39.55629964356406,4,1.4893567238615686,75,nan,nan,1.0,1,nan,0,nan,nan,nan
1,0,init,False,18,0.8160002170453344,0.1885685474603186,0.1885685474603186,0.5495810023567146,80.73122378063826,4,1.2727468403386215,129,nan,nan,1.0,1,nan,0,nan,nan,nan
1,0,init,False,19,1.3316689125660606,0.12630496662992177,0.12630496662992002,0.9147970231724395,15.966969068378386,4,1.6890374174626903,37,nan,nan,1.0,1,nan,0,nan,nan,nan
1,0,init,False,20,1.542113069582152,0.08537846206211722,0.08537846206211981,0.9928620230514716,50.35094875946201,4,1.2156112198778257,85,nan,nan,1.0,1,nan,0,nan,nan,nan
1,0,init,False,21,2.0051335288065353,0.0741215130623265,0.0741215130623265,1.330418673404337,35.97508400818381,4,1.362173227191439,63,nan,nan,1.0,1,nan,0,nan,nan,nan
1,0,init,False,22,2.5644615416402696,0.14977112997604028,0.1497711299760425,1.5824513265501605,17.124575495420004,4,1.6590726355233671,30,nan,nan,1.0,1,nan,0,nan,nan,nan
1,0,init,False,23,1.107052378092518,0.19492534343252446,0.19492534343252502,0.6743392677323732,87.14941156343991,4,1.3010299865835984,137,nan,nan,1.0,1,nan,0,nan,nan,nan
1,1,step,False,0,1.5749285892107503,0.0807675959227254,0.05266626956231886,1.0456497293241727,58.1255192699806,4,1.3359299744479276,100,20.59852130321884,28.479483566494398,1.0,1,0.5020596405858208,0,1.6558287014937831,1.0,9.058973344882836e-16
1,1,step,False,1,1.2597795664531544,0.07800716758370721,0.006743372039069341,0.8630006868235384,73.4203802244768,4,1.3014780187753279,119,28.40386179477597,38.63465136606058,1.0,1,0.48442697718769123,0,1.6558287014937831,1.0,9.058973344882836e-16
1,1,step,False,2,1.321130606706036,0.0950323860425926,0.11543906753709644,0.8806445562429156,64.21333978017283,4,1.3680608408512542,109,17.855639041357886,25.868303825078737,1.0,1,0.3160925418304238,0,1.6558287014937831,1.0,9.058973344882836e-16
1,1,step,False,3,0.7822524636658202,0.39012854172182415,0.44164496573085077,0.5516281588328207,31.65460114810914,4,1.5401210518536577,63,12.00000000044691,17.67359415088104,1.0,1,0.5258973000500882,0,1.6558287014937831,1.0,9.058973344882836e-16
1,1,step,False,4,0.34434947603663596,0.3309169639548129,0.2629529020266202,0.26148535687877,110.76965662245044,4,1.2506721675324675,171,43.47201625408509,59.248157521185114,1.0,1,0.45877590344485986,0,1.6558287014937831,1.0,9.058973344882836e-16
1,1,step,False,5,1.4417495312968414,0.15689548232124073,0.11580421223612355,0.8189884660021316,58.85843969092172,4,1.443776098345645,109,19.740985148939526,26.420632451306382,1.0,1,0.4610931901863851,0,1.6558287014937831,1.0,9.058973344882836e-16
1,1,step,False,6,1.00972397712654,0.14659245942480864,0.17363996065201645,0.5395588078365875,53.26794803322947,4,1.4548996150584552,93,13.887473030153876,19.684940243892243,1.0,1,0.36355074935899506,0,1.6558287014937831,1.0,9.058973344882836e-16
1,1,step,False,7,1.2185947329704703,0.11451087356281987,0.24195347621371185,0.8414793850028799,59.776321990038106,4,1.5824914426247365,102,18.89287660936788,29.191093076605014,1.0,1,0.3822559223113776,0,1.6558287014937831,1.0,9.058973344882836e-16
1,1,step,False,8,1.0529759994370083,0.08139047066351844,0.22055200303460834,0.6576183775429378,90.63043919268989,4,1.2089503562504371,135,32.77956836697321,48.72410113322512,1.0,1,0.5039370296099632,0,1.6558287014937831,1.0,9.058973344882836e-16
1,1,step,False,9,0.29021406196150945,0.8266838811914623,0.9670807746197337,0.1982428341906109,86.10041172850613,4,1.3027633038404485,140,27.769282057771342,40.20620643288194,1.0,1,0.4254097145405581,0,1.6558287014937831,1.0,9.058973344882836e-16
1,1,step,False,10,1.385073693952201,0.0959522818298216,0.13215962103503467,0.789350777110115,71.91980943756451,4,1.3079830281169158,120,20.951430197476885,31.43172029939866,1.0,1,0.3370550659669567,0,1.6558287014937831,1.0,9.058973344882836e-16
1,1,step,False,11,1.039287979344075,0.12283032424337098,0.23118558247061435,0.5870922888283767,44.593612143074274,4,1.4179461310870287,80,13.294875268863809,18.783504810958583,1.0,1,0.35950653206492755,0,1.6558287014937831,1.0,9.058973344882836e-16
1,1,step,False,12,1.093621695593289,0.08400858595005344,0.13041988552657197,0.7660395917318017,83.87676452846466,4,1.2362845540544831,127,27.190900311888967,38.4470171310464,1.0,1,0.37872821638749943,0,1.6558287014937831,1.0,9.058973344882836e-16
1,1,step,False,13,0.9736580260817508,0.13838363614833973,0.3084883333299315,0.5869158572797941,60.767410951634155,4,1.3012547771511178,99,21.54043517163722,30.648319502897117,1.0,1,0.6293830472957288,0,1.6558287014937831,1.0,9.058973344882836e-16
1,1,step,False,14,1.313802687997899,0.1366923458448477,0.1646470576684292,0.8547961781115798,76.4711253420775,4,1.2740067003456363,123,23.89193754753978,34.23326527540986,1.0,1,0.36811438826106385,0,1.6558287014937831,1.0,9.058973344882836e-16
1,1,step,False,15,2.345362840709062,0.18680486110767605,0.18844460267552837,1.3936670035970806,15.315387151269974,4,1.6743011216639352,34,12.00000000051207,17.168453855533784,1.0,1,0.48589756071428486,0,1.6558287014937831,1.0,9.058973344882836e-16
1,1,step,False,16,0.720181991764751,0.14741283031819521,0.0724206453001821,0.48166211738700226,73.38432044625401,4,1.3478844172948343,114,23.475585983024153,33.17452902246887,1.0,1,0.5647249551702231,0,1.6558287014937831,1.0,9.058973344882836e-16
1,1,step,False,17,1.2805013366604237,0.2964293627133071,0.24353558287222207,0.7707768203473779,39.55629964356406,4,1.4893567238615686,75,12.00000000093161,16.960201510938766,1.0,1,0.42069775592155245,0,1.6558287014937831,1.0,9.058973344882836e-16
1,1,step,False,18,0.8160002170453344,0.11967380373073776,0.1885685474603186,0.5495810023567146,80.73122378063826,4,1.2727468403386215,129,32.66170119490752,44.752394551646056,1.0,1,0.2952067537950386,0,1.6558287014937831,1.0,9.058973344882836e-16
1,1,step,False,19,1.3316689125660606,0.11247877349755336,0.12630496662992002,0.9147970231724395,15.966969068378386,4,1.6890374174626903,37,12.000000000743922,16.77490791128694,1.0,1,0.5447683625239691,0,1.6558287014937831,1.0,9.058973344882836e-16
1,1,step,False,20,1.542113069582152,0.0768690931315473,0.08537846206211981,0.9928620230514716,50.35094875946201,4,1.2156112198778257,85,20.03590346947051,26.433112217440037,1.0,1,0.4237614523074155,0,1.6558287014937831,1.0,9.058973344882836e-16
1,1,step,False,21,2.0051335288065353,0.1401242935650388,0.0741215130623265,1.330418673404337,35.97508400818381,4,1.362173227191439,63,12.00000000017734,18.012818075986967,1.0,1,0.4166182880135567,0,1.6558287014937831,1.0,9.058973344882836e-16
1,1,step,False,22,2.5644615416402696,0.12702882482955066,0.1497711299760425,1.5824513265501605,17.124575495420004,4,1.6590726355233671,30,12.00000000073096,16.8378503609941,1.0,1,0.4398346784166044,0,1.6558287014937831,1.0,9.058973344882836e-16
1,1,step,False,23,1.107052378092518,0.2244154792074281,0.19492534343252502,0.6743392677323732,87.14941156343991,4,1.3010299865835984,137,31.026278731325654,43.39158199341926,1.0,1,0.3582884009740833,0,1.6558287014937831,1.0,9.058973344882836e-16
1,2,step,False,0,1.5749285892107503,0.1250952097897752,0.05266626956231886,1.0456497293241727,58.1255192699806,4,1.3359299744479276,100,20.168934763997065,27.596872719314796,1.0,1,0.3162893971666477,0,1.1708477033095694,0.6036283820867538,7.309030470224786e-15
1,2,step,False,1,1.2597795664531544,0.1188011055320995,0.006743372039069341,0.8630006868235384,73.4203802244768,4,1.3014780187753279,119,29.366844704249722,39.19607235751419,1.0,1,0.23246697318557452,0,1.1708477033095694,0.6036283820867538,7.309030470224786e-15
1,2,step,False,2,1.321130606706036,0.20026759271266015,0.11543906753709644,0.8806445562429156,64.21333978017283,4,1.3680608408512542,109,18.193255237562468,27.86528851175332,1.0,1,0.3659139751096178,0,1.1708477033095694,0.6036283820867538,7.309030470224786e-15
1,2,step,False,3,0.7822524636658202,0.42218977631822086,0.44164496573085077,0.5516281588328207,31.65460114810914,4,1.5401210518536577,63,12.000000001107896,18.041195473324972,1.0,1,0.41802639350792214,0,1.1708477033095694,0.6036283820867538,7.309030470224786e-15
1,2,step,False,4,0.34434947603663596,0.47324105244077425,0.2629529020266202,0.26148535687877,110.76965662245044,4,1.2506721675324675,171,42.41313042437615,56.23960610220109,1.0,1,0.36369683516567647,0,1.1708477033095694,0.6036283820867538,7.309030470224786e-15
1,2,step,False,5,1.4417495312968414,0.24074699891927998,0.11580421223612355,0.8189884660021316,58.85843969092172,4,1.443776098345645,109,19.263896777130327,26.32809912917476,1.0,1,0.3445332659940029,0,1.1708477033095694,0.6036283820867538,7.309030470224786e-15
1,2,step,False,6,1.00972397712654,0.22182321548844622,0.17363996065201645,0.5395588078365875,53.26794803322947,4,1.4548996150584552,93,16.099269669845402,21.29135661126565,1.0,1,0.15959472844756897,0,1.1708477033095694,0.6036283820867538,7.309030470224786e-15
1,2,step,False,7,1.2185947329704703,0.18251102704070118,0.24195347621371185,0.8414793850028799,59.776321990038106,4,1.5824914426247365,102,17.562046079816728,26.2863063176011,1.0,1,0.2913690676529242,0,1.1708477033095694,0.6036283820867538,7.309030470224786e-15
1,2,step,False,8,1.0529759994370083,0.08501676776039853,0.22055200303460834,0.6576183775429378,90.63043919268989,4,1.2089503562504371,135,33.50675007129126,47.83963237395617,1.0,1,0.2312053210633381,0,1.1708477033095694,0.6036283820867538,7.309030470224786e-15
1,2,step,False,9,0.29021406196150945,0.6553766791837279,0.9670807746197337,0.1982428341906109,86.10041172850613,4,1.3027633038404485,140,28.899731707455558,40.73894902921282,1.0,1,0.29608939034797627,0,1.1708477033095694,0.6036283820867538,7.309030470224786e-15
1,2,step,False,10,1.385073693952201,0.10824785063567195,0.13215962103503467,0.789350777110115,71.91980943756451,4,1.3079830281169158,120,21.447136212856787,30.833865865025484,1.0,1,0.23259401747529368,0,1.1708477033095694,0.6036283820867538,7.309030470224786e-15
1,2,step,False,11,1.039287979344075,0.07867236237414624,0.23118558247061435,0.5870922888283767,44.593612143074274,4,1.4179461310870287,80,13.183523981206147,18.799115504634216,1.0,1,0.16188731182667732,0,1.1708477033095694,0.6036283820867538,7.309030470224786e-15
1,2,step,False,12,1.093621695593289,0.053289231233715886,0.13041988552657197,0.7660395917318017,83.87676452846466,4,1.2362845540544831,127,29.878352790739562,40.38975793299493,1.0,1,0.1453100281195761,0,1.1708477033095694,0.6036283820867538,7.309030470224786e-15
1,2,step,False,13,0.9736580260817508,0.1232122025756871,0.3084883333299315,0.5869158572797941,60.767410951634155,4,1.3012547771511178,99,19.116464488345212,27.937178716615623,1.0,1,0.3465643759725323,0,1.1708477033095694,0.6036283820867538,7.309030470224786e-15
1,2,step,False,14,1.313802687997899,0.12729664644435454,0.1646470576684292,0.8547961781115798,76.4711253420775,4,1.2740067003456363,123,24.728927215468644,35.66628537788551,1.0,1,0.2073735826428566,0,1.1708477033095694,0.6036283820867538,7.309030470224786e-15
1,2,step,False,15,2.345362840709062,0.21864217875956998,0.18844460267552837,1.3936670035970806,15.315387151269974,4,1.6743011216639352,34,12.00000000054833,17.48762429475146,1.0,1,0.4257227246170658,0,1.1708477033095694,0.6036283820867538,7.309030470224786e-15
1,2,step,False,16,0.720181991764751,0.12958895226487607,0.0724206453001821,0.48166211738700226,73.38432044625401,4,1.3478844172948343,114,26.5245482792676,37.938885770985394,1.0,1,0.3107701694315732,0,1.1708477033095694,0.6036283820867538,7.309030470224786e-15
1,2,step,False,17,1.2805013366604237,0.30388493449464443,0.24353558287222207,0.7707768203473779,39.55629964356406,4,1.4893567238615686,75,12.000000000097444,17.488122580461113,1.0,1,0.480322818137844,0,1.1708477033095694,0.6036283820867538,7.309030470224786e-15
1,2,step,False,18,0.8160002170453344,0.1085626093984582,0.1885685474603186,0.5495810023567146,80.73122378063826,4,1.2727468403386215,129,31.719467060449414,41.28517889117412,1.0,1,0.21525407897380627,0,1.1708477033095694,0.6036283820867538,7.309030470224786e-15
1,2,step,False,19,1.3316689125660606,0.09799138470062571,0.12630496662992002,0.9147970231724395,15.966969068378386,4,1.6890374174626903,37,12.00000000136378,17.784537990930975,1.0,1,0.306641192659941,0,1.1708477033095694,0.6036283820867538,7.309030470224786e-15
1,2,step,False,20,1.542113069582152,0.06547632952051376,0.08537846206211981,0.9928620230514716,50.35094875946201,4,1.2156112198778257,85,21.28471840292013,28.961784311590915,1.0,1,0.25498061434587943,0,1.1708477033095694,0.6036283820867538,7.309030470224786e-15
1,2,step,False,21,2.0051335288065353,0.09656481325048329,0.0741215130623265,1.330418673404337,35.97508400818381,4,1.362173227191439,63,12.000000000496208,18.3433963304243,1.0,1,0.3976431590564909,0,1.1708477033095694,0.6036283820867538,7.309030470224786e-15
1,2,step,False,22,2.5644615416402696,0.10754646732207566,0.1497711299760425,1.5824513265501605,17.124575495420004,4,1.6590726355233671,30,12.000000000520687,16.456582016016586,1.0,1,0.2510218164028479,0,1.1708477033095694,0.6036283820867538,7.309030470224786e-15
1,2,step,False,23,1.107052378092518,0.17984195239463682,0.19492534343252502,0.6743392677323732,87.14941156343991,4,1.3010299865835984,137,29.57025544246091,41.405155306562456,1.0,1,0.29997937727190305,0,1.1708477033095694,0.6036283820867538,7.309030470224786e-15
1,3,step,False,0,1.5749285892107503,0.22181255428413807,0.05266626956231886,1.0456497293241727,58.1255192699806,4,1.3359299744479276,100,19.96289369386602,27.537873845553715,1.0,1,0.17419453337186502,0,0.8279143507468913,0.35918350517749786,7.350070834870165e-14
1,3,step,False,1,1.2597795664531544,0.22432932263188468,0.006743372039069341,0.8630006868235384,73.4203802244768,4,1.3014780187753279,119,30.236893259085424,40.22038157573132,1.0,1,0.1606358808699083,0,0.8279143507468913,0.35918350517749786,7.350070834870165e-14
1,3,step,False,2,1.321130606706036,0.20469539849741147,0.11543906753709644,0.8806445562429156,64.21333978017283,4,1.3680608408512542,109,19.145038296665057,27.919321010826817,1.0,1,0.1822655254278576,0,0.8279143507468913,0.35918350517749786,7.350070834870165e-14
1,3,step,False,3,0.7822524636658202,0.45087767189989447,0.44164496573085077,0.5516281588328207,31.65460114810914,4,1.5401210518536577,63,12.000000000014628,18.574965207089775,1.0,1,0.18637896664775486,0,0.8279143507468913,0.35918350517749786,7.350070834870165e-14
1,3,step,False,4,0.34434947603663596,0.5379980197364274,0.2629529020266202,0.26148535687877,110.76965662245044,4,1.2506721675324675,171,40.97053348405484,53.9913148818206,1.0,1,0.1755642679194717,0,0.8279143507468913,0.35918350517749786,7.350070834870165e-14
1,3,step,False,5,1.4417495312968414,0.2337515829387997,0.11580421223612355,0.8189884660021316,58.85843969092172,4,1.443776098345645,109,20.23970140167005,29.13867500954844,1.0,1,0.22451596017140993,0,0.8279143507468913,0.35918350517749786,7.350070834870165e-14
1,3,step,False,6,1.00972397712654,0.20830518574008677,0.17363996065201645,0.5395588078365875,53.26794803322947,4,1.4548996150584552,93,19.254840227584673,25.09756961759477,1.0,1,0.18549321898836715,0,0.8279143507468913,0.35918350517749786,7.350070834870165e-14
1,3,step,False,7,1.2185947329704703,0.2060641589016137,0.24195347621371185,0.8414793850028799,59.776321990038106,4,1.5824914426247365,102,17.505266436115278,25.18304072414511,1.0,1,0.1560291815540517,0,0.8279143507468913,0.35918350517749786,7.350070834870165e-14
1,3,step,False,8,1.0529759994370083,0.059405644680173106,0.22055200303460834,0.6576183775429378,90.63043919268989,4,1.2089503562504371,135,32.60119727748107,43.4855352434576,1.0,1,0.13317726784880876,0,0.8279143507468913,0.35918350517749786,7.350070834870165e-14
1,3,step,False,9,0.29021406196150945,0.5613440147635306,0.9670807746197337,0.1982428341906109,86.10041172850613,4,1.3027633038404485,140,29.211624866329718,39.74543335853408,1.0,1,0.2209684810690786,0,0.8279143507468913,0.35918350517749786,7.350070834870165e-14
1,3,step,False,10,1.385073693952201,0.09359777170555938,0.13215962103503467,0.789350777110115,71.91980943756451,4,1.3079830281169158,120,20.541142485456206,27.35057665824554,1.0,1,0.11239938615565595,0,0.8279143507468913,0.35918350517749786,7.350070834870165e-14
1,3,step,False,11,1.039287979344075,0.06829989374203158,0.23118558247061435,0.5870922888283767,44.593612143074274,4,1.4179461310870287,80,12.698001513758868,16.773830209905146,1.0,1,0.07449576937060384,0,0.8279143507468913,0.35918350517749786,7.350070834870165e-14
1,3,step,False,12,1.093621695593289,0.13551250046719052,0.13041988552657197,0.7660395917318017,83.87676452846466,4,1.2362845540544831,127,31.02070625752225,39.921891079255644,1.0,1,0.09651818871186617,0,0.8279143507468913,0.35918350517749786,7.350070834870165e-14
1,3,step,False,13,0.9736580260817508,0.11401953131677868,0.3084883333299315,0.5869158572797941,60.767410951634155,4,1.3012547771511178,99,16.196325869793412,22.838224731220674,1.0,1,0.1811505623930742,0,0.8279143507468913,0.35918350517749786,7.350070834870165e-14
1,3,step,False,14,1.313802687997899,0.12352359722758471,0.1646470576684292,0.8547961781115798,76.4711253420775,4,1.2740067003456363,123,23.926580640686286,31.75797026118764,1.0,1,0.16448372273471917,0,0.8279143507468913,0.35918350517749786,7.350070834870165e-14
1,3,step,False,15,2.345362840709062,0.13505000415048066,0.18844460267552837,1.3936670035970806,15.315387151269974,4,1.6743011216639352,34,12.000000000481133,17.670648506643403,1.0,1,0.44766966701706734,0,0.8279143507468913,0.35918350517749786,7.350070834870165e-14
1,3,step,False,16,0.720181991764751,0.0847941018033476,0.0724206453001821,0.48166211738700226,73.38432044625401,4,1.3478844172948343,114,26.264297214905714,36.004536952381606,1.0,1,0.1673359443416591,0,0.8279143507468913,0.35918350517749786,7.350070834870165e-14
1,3,step,False,17,1.2805013366604237,0.3674612918870521,0.24353558287222207,0.7707768203473779,39.55629964356406,4,1.4893567238615686,75,12.000000000231644,18.012898337843552,1.0,1,0.15543581380714658,0,0.8279143507468913,0.35918350517749786,7.350070834870165e-14
1,3,step,False,18,0.8160002170453344,0.14052033967892527,0.1885685474603186,0.5495810023567146,80.73122378063826,4,1.2727468403386215,129,32.83038209702472,41.579531536445074,1.0,1,0.15096727108034683,0,0.8279143507468913,0.35918350517749786,7.350070834870165e-14
1,3,step,False,19,1.3316689125660606,0.10355112319318123,0.12630496662992002,0.9147970231724395,15.966969068378386,4,1.6890374174626903,37,12.000000000481668,18.362008795970333,1.0,1,0.15425092878433755,0,0.8279143507468913,0.35918350517749786,7.350070834870165e-14
1,3,step,False,20,1.542113069582152,0.030854101814583458,0.08537846206211981,0.9928620230514716,50.35094875946201,4,1.2156112198778257,85,20.664351320976664,26.24604496178164,1.0,1,0.1116428960297978,0,0.8279143507468913,0.35918350517749786,7.350070834870165e-14
1,3,step,False,21,2.0051335288065353,0.1053215161588247,0.0741215130623265,1.330418673404337,35.97508400818381,4,1.362173227191439,63,12.000000000423746,17.7187613361483,1.0,1,0.2934290261438991,0,0.8279143507468913,0.35918350517749786,7.350070834870165e-14
1,3,step,False,22,2.5644615416402696,0.0551729246634809,0.1497711299760425,1.5824513265501605,17.124575495420004,4,1.6590726355233671,30,12.00000000013311,15.821340808353783,1.0,1,0.47957214028437317,0,0.8279143507468913,0.35918350517749786,7.350070834870165e-14
1,3,step,False,23,1.107052378092518,0.17746141337082608,0.19492534343252502,0.6743392677323732,87.14941156343991,4,1.3010299865835984,137,28.436043323789576,38.5916690571377,1.0,1,0.17761229685018734,0,0.8279143507468913,0.35918350517749786,7.350070834870165e-14
2,0,init,False,0,1.0467706587360495,0.22851500244119868,0.22851500244119818,0.6810330044325779,59.04569452859888,4,1.389966061080823,96,nan,nan,1.0,1,nan,0,nan,nan,nan
2,0,init,False,1,1.0701418227387929,0.1242590027458333,0.12425900274583421,0.7956896675689481,51.64105542247972,4,1.2390161483685567,93,nan,nan,1.0,1,nan,0,nan,nan,nan
2,0,init,False,2,0.7932685761589658,0.2135662286359259,0.21356622863592536,0.5212532946898482,42.34374708505638,4,1.3021521159175078,77,nan,nan,1.0,1,nan,0,nan,nan,nan
2,0,init,False,3,0.3205409858769687,0.4651924320744398,0.4651924320744398,0.2196051088941605,84.00726786199591,4,1.300901783066737,130,nan,nan,1.0,1,nan,0,nan,nan,nan
2,0,init,False,4,1.2844467353127504,0.3230750650443471,0.3230750650443471,1.0882036414207648,7.469383352135623,4,1.6761644872707415,14,nan,nan,1.0,1,nan,0,nan,nan,nan
2,0,init,False,5,2.0802561912918844,0.10292378375608005,0.10292378375607898,1.2605784874453647,39.51145944543005,4,1.5192913821130405,72,nan,nan,1.0,1,nan,0,nan,nan,nan
2,0,init,False,6,1.2190457946602995,0.15879930250395094,0.15879930250394814,0.8107072579918712,72.9073654873682,4,1.2255340651471252,122,nan,nan,1.0,1,nan,0,nan,nan,nan
2,0,init,False,7,1.5215077396539407,0.13509832988052678,0.13509832988052758,1.0433858820927175,65.90824151687282,4,1.2594893218466454,114,nan,nan,1.0,1,nan,0,nan,nan,nan
2,0,init,False,8,1.0115079638172977,0.19362840248183816,0.1936284024818393,0.5657300662748956,75.22126136979051,4,1.3281580911852546,123,nan,nan,1.0,1,nan,0,nan,nan,nan
2,0,init,False,9,0.3423530440072947,0.6418871329045058,0.6418871329045058,0.28585976233832544,35.18788834101062,4,1.3549033565079938,63,nan,nan,1.0,1,nan,0,nan,nan,nan
2,0,init,False,10,0.3204744605844023,0.4811119610242212,0.481111961024221,0.23494589287688908,87.16048825978412,4,1.2738906059503479,139,nan,nan,1.0,1,nan,0,nan,nan,nan
2,0,init,False,11,1.348557138294263,0.19315930164702746,0.1931593016470286,0.9865866211262098,54.85926235489409,4,1.2922969011704626,92,nan,nan,1.0,1,nan,0,nan,nan,nan
2,0,init,False,12,1.95878432879614,0.09208050280730688,0.09208050280730327,1.1303472927735145,40.08902068095337,4,1.384946821223811,76,nan,nan,1.0,1,nan,0,nan,nan,nan
2,0,init,False,13,2.3633895001822,0.09091541469964279,0.09091541469964279,1.4744123258001987,26.59264496145776,4,1.352033392404459,52,nan,nan,1.0,1,nan,0,nan,nan,nan
2,0,init,False,14,1.7825206800460858,0.05249625041188088,0.052496250411876645,1.0193644068760228,46.172091068059316,4,1.3466985252160468,82,nan,nan,1.0,1,nan,0,nan,nan,nan
2,0,init,False,15,1.1478094221068595,0.21946160362443368,0.21946160362443318,0.877361554877913,28.877027391427546,4,1.59673346097239,55,nan,nan,1.0,1,nan,0,nan,nan,nan
2,0,init,False,16,0.7518156372889109,0.38422802762941227,0.3842280276294127,0.420181870454791,106.71190044916905,4,1.1266294635540246,165,nan,nan,1.0,1,nan,0,nan,nan,nan
2,0,init,False,17,1.4618158494836173,0.030111383298292382,0.03011138329827395,1.0922074339596302,35.0073398635863,4,1.3254211573746157,63,nan,nan,1.0,1,nan,0,nan,nan,nan
2,0,init,False,18,1.7987267463663223,0.13713806758589336,0.13713806758589497,0.980701922242823,44.12035323503808,4,1.4784202331339371,84,nan,nan,1.0,1,nan,0,nan,nan,nan
2,0,init,False,19,1.6219259550985072,0.2256926250044479,0.2256926250044474,0.8805342626268562,74.42484287557377,4,1.3377405722563598,113,nan,nan,1.0,1,nan,0,nan,nan,nan
2,0,init,False,20,0.4967517232200428,0.37977740378019104,0.37977740378019104,0.42772438218880854,75.84888072224115,4,1.410734447486806,127,nan,nan,1.0,1,nan,0,nan,nan,nan
2,0,init,False,21,0.2801579968649878,0.5207737417640396,0.52077374176404,0.13843247089108443,106.18932736682225,4,1.31924396631905,161,nan,nan,1.0,1,nan,0,nan,nan,nan
2,0,init,False,22,0.4284902509478303,0.2271678615530471,0.22716786155304758,0.31533300723622376,88.86975276936352,4,1.2797301308079836,138,nan,nan,1.0,1,nan,0,nan,nan,nan
2,0,init,False,23,0.8766018881723402,0.13409260778038312,0.13409260778038312,0.44367666827444185,91.8337035908913,4,1.2317549105593442,153,nan,nan,1.0,1,nan,0,nan,nan,nan
2,1,step,False,0,1.0467706587360495,0.09053494453448521,0.22851500244119818,0.6810330044325779,59.04569452859888,4,1.389966061080823,96,19.776593842374545,29.496742830431185,1.0,1,0.4833194567260337,0,1.6949287368540935,1.0,5.327396652843294e-16
2,1,step,False,1,1.0701418227387929,0.18886748391474004,0.12425900274583421,0.7956896675689481,51.64105542247972,4,1.2390161483685567,93,16.77943175354453,22.524447990007843,1.0,1,0.37146711996252335,0,1.6949287368540935,1.0,5.327396652843294e-16
2,1,step,False,2,0.7932685761589658,0.14810943507931587,0.21356622863592536,0.5212532946898482,42.34374708505638,4,1.3021521159175078,77,16.354900382347658,22.399713348815585,1.0,1,0.45706129212190444,0,1.6949287368540935,1.0,5.327396652843294e-16
2,1,step,False,3,0.3205409858769687,0.28433191830086474,0.4651924320744398,0.2196051088941605,84.00726786199591,4,1.300901783066737,130,29.176252212002822,42.60630639616182,1.0,1,0.6293117096614549,0,1.6949287368540935,1.0,5.327396652843294e-16
2,1,step,False,4,1.2844467353127504,0.25632031484254514,0.3230750650443471,1.0882036414207648,7.469383352135623,4,1.6761644872707415,14,12.00000000008409,18.411285360022543,1.0,1,1.211015964510906,0,1.6949287368540935,1.0,5.327396652843294e-16
2,1,step,False,5,2.0802561912918844,0.01909686833904742,0.10292378375607898,1.2605784874453647,39.51145944543005,4,1.5192913821130405,72,12.000000000363116,15.11427648148933,1.0,1,0.35116890426105163,0,1.6949287368540935,1.0,5.327396652843294e-16
2,1,step,False,6,1.2190457946602995,0.18097368742222505,0.15879930250394814,0.8107072579918712,72.9073654873682,4,1.2255340651471252,122,22.65144161303686,30.46859474134583,1.0,1,0.26959883666153844,0,1.6949287368540935,1.0,5.327396652843294e-16
2,1,step,False,7,1.5215077396539407,0.17615516972314887,0.13509832988052758,1.0433858820927175,65.90824151687282,4,1.2594893218466454,114,22.219354176951285,32.446071434006505,1.0,1,0.31297334042431507,0,1.6949287368540935,1.0,5.327396652843294e-16
2,1,step,False,8,1.0115079638172977,0.22942423489291566,0.1936284024818393,0.5657300662748956,75.22126136979051,4,1.3281580911852546,123,27.91704293999407,36.44179125757889,1.0,1,0.45507288172767785,0,1.6949287368540935,1.0,5.327396652843294e-16
2,1,step,False,9,0.3423530440072947,0.509322002230591,0.6418871329045058,0.28585976233832544,35.18788834101062,4,1.3549033565079938,63,12.000000000544112,17.458718503476156,1.0,1,0.6805596257635029,0,1.6949287368540935,1.0,5.327396652843294e-16
2,1,step,False,10,0.3204744605844023,0.4338365800454471,0.481111961024221,0.23494589287688908,87.16048825978412,4,1.2738906059503479,139,30.738004960022103,42.2178425158871,1.0,1,0.7514931128426562,0,1.6949287368540935,1.0,5.327396652843294e-16
2,1,step,False,11,1.348557138294263,0.1352761475696828,0.1931593016470286,0.9865866211262098,54.85926235489409,4,1.2922969011704626,92,17.05164612994586,24.629664273133443,1.0,1,0.7305454598260037,0,1.6949287368540935,1.0,5.327396652843294e-16
2,1,step,False,12,1.95878432879614,0.060730884734258375,0.09208050280730327,1.1303472927735145,40.08902068095337,4,1.384946821223811,76,13.735461525275536,18.818722520805604,1.0,1,0.39254899767550094,0,1.6949287368540935,1.0,5.327396652843294e-16
2,1,step,False,13,2.3633895001822,0.12005042765114066,0.09091541469964279,1.4744123258001987,26.59264496145776,4,1.352033392404459,52,12.00000000037923,17.652586153097587,1.0,1,0.5091347170839448,0,1.6949287368540935,1.0,5.327396652843294e-16
2,1,step,False,14,1.7825206800460858,0.029012327046213753,0.052496250411876645,1.0193644068760228,46.172091068059316,4,1.3466985252160468,82,16.11904513790899,21.546685416902598,1.0,1,0.2967990810085998,0,1.6949287368540935,1.0,5.327396652843294e-16
2,1,step,False,15,1.1478094221068595,0.2778977408263503,0.21946160362443318,0.877361554877913,28.877027391427546,4,1.59673346097239,55,12.000000001205027,18.660929566008598,1.0,1,0.49807964054520887,0,1.6949287368540935,1.0,5.327396652843294e-16
2,1,step,False,16,0.7518156372889109,0.08485795208433701,0.3842280276294127,0.420181870454791,106.71190044916905,4,1.1266294635540246,165,36.22535879486841,49.556704841941325,1.0,1,0.5528085516876905,0,1.6949287368540935,1.0,5.327396652843294e-16
2,1,step,False,17,1.4618158494836173,0.07451798463635803,0.03011138329827395,1.0922074339596302,35.0073398635863,4,1.3254211573746157,63,12.000000000297767,17.04751158951345,1.0,1,0.4138478044057538,0,1.6949287368540935,1.0,5.327396652843294e-16
2,1,step,False,18,1.7987267463663223,0.24097349318104055,0.13713806758589497,0.980701922242823,44.12035323503808,4,1.4784202331339371,84,12.690661207299115,17.41004192114241,1.0,1,0.24049747581054487,0,1.6949287368540935,1.0,5.327396652843294e-16
2,1,step,False,19,1.6219259550985072,0.06119227474849728,0.2256926250044474,0.8805342626268562,74.42484287557377,4,1.3377405722563598,113,30.601027591767718,41.380871693530764,1.0,1,0.4105257767137051,0,1.6949287368540935,1.0,5.327396652843294e-16
2,1,step,False,20,0.4967517232200428,0.30814005202656813,0.37977740378019104,0.42772438218880854,75.84888072224115,4,1.410734447486806,127,18.816311055389633,29.60165141043377,1.0,1,0.4201037935368463,0,1.6949287368540935,1.0,5.327396652843294e-16
2,1,step,False,21,0.2801579968649878,0.35592399776871747,0.52077374176404,0.13843247089108443,106.18932736682225,4,1.31924396631905,161,37.635997295129684,52.91425200546409,1.0,1,0.44023888802731503,0,1.6949287368540935,1.0,5.327396652843294e-16
2,1,step,False,22,0.4284902509478303,0.19855273565869938,0.22716786155304758,0.31533300723622376,88.86975276936352,4,1.2797301308079836,138,33.205969876835965,46.86479078669111,1.0,1,0.356414225077041,0,1.6949287368540935,1.0,5.327396652843294e-16
2,1,step,False,23,0.8766018881723402,0.09511891334039473,0.13409260778038312,0.44367666827444185,91.8337035908913,4,1.2317549105593442,153,31.044857366390332,42.51745364896881,1.0,1,0.43494437257442586,0,1.6949287368540935,1.0,5.327396652843294e-16
2,2,step,False,0,1.0467706587360495,0.10056441679353348,0.22851500244119818,0.6810330044325779,59.04569452859888,4,1.389966061080823,96,20.65936607250976,31.655915494115384,1.0,1,0.447677020189809,0,1.1984956034574787,0.6094792485237122,4.483825755756455e-15
2,2,step,False,1,1.0701418227387929,0.2035599364928743,0.12425900274583421,0.7956896675689481,51.64105542247972,4,1.2390161483685567,93,15.703053665073696,20.120214682277226,1.0,1,0.1630599669103754,0,1.1984956034574787,0.6094792485237122,4.483825755756455e-15
2,2,step,False,2,0.7932685761589658,0.10024591794248776,0.21356622863592536,0.5212532946898482,42.34374708505638,4,1.3021521159175078,77,17.486861965120617,23.799665512535245,1.0,1,0.18889261138275829,0,1.1984956034574787,0.6094792485237122,4.483825755756455e-15
2,2,step,False,3,0.3205409858769687,0.3667713293018377,0.4651924320744398,0.2196051088941605,84.00726786199591,4,1.300901783066737,130,30.930124086184193,43.663334166374064,1.0,1,0.1984423538288026,0,1.1984956034574787,0.6094792485237122,4.483825755756455e-15
2,2,step,False,4,1.2844467353127504,0.18911996478250917,0.3230750650443471,1.0882036414207648,7.469383352135623,4,1.6761644872707415,14,12.000000000528079,19.304239141330783,1.0,1,0.41352707989198073,0,1.1984956034574787,0.6094792485237122,4.483825755756455e-15
2,2,step,False,5,2.0802561912918844,0.11825187890298076,0.10292378375607898,1.2605784874453647,39.51145944543005,4,1.5192913821130405,72,12.000000000169265,14.747086324082876,1.0,1,0.1998865455137033,0,1.1984956034574787,0.6094792485237122,4.483825755756455e-15
2,2,step,False,6,1.2190457946602995,0.20596828552573515,0.15879930250394814,0.8107072579918712,72.9073654873682,4,1.2255340651471252,122,22.563037602001522,31.64758689529531,1.0,1,0.22232321335298935,0,1.1984956034574787,0.6094792485237122,4.483825755756455e-15
2,2,step,False,7,1.5215077396539407,0.19271210784938905,0.13509832988052758,1.0433858820927175,65.90824151687282,4,1.2594893218466454,114,18.588843341997634,25.549770709868977,1.0,1,0.20533815006988912,0,1.1984956034574787,0.6094792485237122,4.483825755756455e-15
2,2,step,False,8,1.0115079638172977,0.2581608334001772,0.1936284024818393,0.5657300662748956,75.22126136979051,4,1.3281580911852546,123,29.966445443262778,38.769653342256895,1.0,1,0.26258762151284465,0,1.1984956034574787,0.6094792485237122,4.483825755756455e-15
2,2,step,False,9,0.3423530440072947,0.3456719941950643,0.6418871329045058,0.28585976233832544,35.18788834101062,4,1.3549033565079938,63,12.00000000075411,18.51752311238171,1.0,1,0.44592706676616917,0,1.1984956034574787,0.6094792485237122,4.483825755756455e-15
2,2,step,False,10,0.3204744605844023,0.2751435271745147,0.481111961024221,0.23494589287688908,87.16048825978412,4,1.2738906059503479,139,31.7096830460639,45.247981587882514,1.0,1,0.29509781073904534,0,1.1984956034574787,0.6094792485237122,4.483825755756455e-15
2,2,step,False,11,1.348557138294263,0.18201158159598274,0.1931593016470286,0.9865866211262098,54.85926235489409,4,1.2922969011704626,92,15.325517426975981,23.72980326148337,1.0,1,0.40602240524298455,0,1.1984956034574787,0.6094792485237122,4.483825755756455e-15
2,2,step,False,12,1.95878432879614,0.0761352444900181,0.09208050280730327,1.1303472927735145,40.08902068095337,4,1.384946821223811,76,12.000000000814657,15.876404550870713,1.0,1,0.252320461031601,0,1.1984956034574787,0.6094792485237122,4.483825755756455e-15
2,2,step,False,13,2.3633895001822,0.14150962930790836,0.09091541469964279,1.4744123258001987,26.59264496145776,4,1.352033392404459,52,12.000000000692115,16.484319539181254,1.0,1,0.3818926219926031,0,1.1984956034574787,0.6094792485237122,4.483825755756455e-15
2,2,step,False,14,1.7825206800460858,0.09982180463987102,0.052496250411876645,1.0193644068760228,46.172091068059316,4,1.3466985252160468,82,14.191512312033478,17.826363056189834,1.0,1,0.19560042315491225,0,1.1984956034574787,0.6094792485237122,4.483825755756455e-15
2,2,step,False,15,1.1478094221068595,0.21350558481653412,0.21946160362443318,0.877361554877913,28.877027391427546,4,1.59673346097239,55,12.00000000129262,19.364079385812627,1.0,1,0.3170708458100016,0,1.1984956034574787,0.6094792485237122,4.483825755756455e-15
2,2,step,False,16,0.7518156372889109,0.08848626100771513,0.3842280276294127,0.420181870454791,106.71190044916905,4,1.1266294635540246,165,38.81538127435498,53.031681899134284,1.0,1,0.32668415238715565,0,1.1984956034574787,0.6094792485237122,4.483825755756455e-15
2,2,step,False,17,1.4618158494836173,0.07438850765009832,0.03011138329827395,1.0922074339596302,35.0073398635863,4,1.3254211573746157,63,12.000000000399046,16.482925484182417,1.0,1,0.20980852356328816,0,1.1984956034574787,0.6094792485237122,4.483825755756455e-15
2,2,step,False,18,1.7987267463663223,0.20325698132355371,0.13713806758589497,0.980701922242823,44.12035323503808,4,1.4784202331339371,84,12.575301656146394,17.064346973058818,1.0,1,0.15341410605125091,0,1.1984956034574787,0.6094792485237122,4.483825755756455e-15
2,2,step,False,19,1.6219259550985072,0.0849788984337186,0.2256926250044474,0.8805342626268562,74.42484287557377,4,1.3377405722563598,113,28.80434737381311,37.71102989145411,1.0,1,0.313479734800346,0,1.1984956034574787,0.6094792485237122,4.483825755756455e-15
2,2,step,False,20,0.4967517232200428,0.29721255986540746,0.37977740378019104,0.42772438218880854,75.84888072224115,4,1.410734447486806,127,21.930105478813722,35.659033521038765,1.0,1,0.3584110972205954,0,1.1984956034574787,0.6094792485237122,4.483825755756455e-15
2,2,step,False,21,0.2801579968649878,0.17452844917286447,0.52077374176404,0.13843247089108443,106.18932736682225,4,1.31924396631905,161,36.681175162652735,49.6549406542028,1.0,1,0.31200481691679205,0,1.1984956034574787,0.6094792485237122,4.483825755756455e-15
2,2,step,False,22,0.4284902509478303,0.14435414717350864,0.22716786155304758,0.31533300723622376,88.86975276936352,4,1.2797301308079836,138,35.544777370271866,50.063231833456705,1.0,1,0.36953060734688675,0,1.1984956034574787,0.6094792485237122,4.483825755756455e-15
2,2,step,False,23,0.8766018881723402,0.10381211120919939,0.13409260778038312,0.44367666827444185,91.8337035908913,4,1.2317549105593442,153,31.50341103392658,41.90180039230723,1.0,1,0.23146903624528714,0,1.1984956034574787,0.6094792485237122,4.483825755756455e-15
2,3,step,False,0,1.0467706587360495,0.219326638629345,0.22851500244119818,0.6810330044325779,59.04569452859888,4,1.389966061080823,96,18.39043282002744,25.75873281911211,1.0,1,0.22870427464484433,0,0.8474643684270466,0.36922022700309753,7.723524044727441e-14
2,3,step,False,1,1.0701418227387929,0.08203121141923177,0.12425900274583421,0.7956896675689481,51.64105542247972,4,1.2390161483685567,93,16.466504726884693,22.352317551381727,1.0,1,0.1858912302560009,0,0.8474643684270466,0.36922022700309753,7.723524044727441e-14
2,3,step,False,2,0.7932685761589658,0.04437510000090485,0.21356622863592536,0.5212532946898482,42.34374708505638,4,1.3021521159175078,77,18.25310845815073,23.942267600015555,1.0,1,0.12771457663998215,0,0.8474643684270466,0.36922022700309753,7.723524044727441e-14
2,3,step,False,3,0.3205409858769687,0.3894930775084373,0.4651924320744398,0.2196051088941605,84.00726786199591,4,1.300901783066737,130,32.93955337832599,45.00199207320135,1.0,1,0.11443821836356857,0,0.8474643684270466,0.36922022700309753,7.723524044727441e-14
2,3,step,False,4,1.2844467353127504,0.18031039535016186,0.3230750650443471,1.0882036414207648,7.469383352135623,4,1.6761644872707415,14,12.000000000669989,19.781825059650348,1.0,1,0.2504456507463783,0,0.8474643684270466,0.36922022700309753,7.723524044727441e-14
2,3,step,False,5,2.0802561912918844,0.17785518518532625,0.10292378375607898,1.2605784874453647,39.51145944543005,4,1.5192913821130405,72,12.000000000448654,15.24077933315219,1.0,1,0.16121891614574055,0,0.8474643684270466,0.36922022700309753,7.723524044727441e-14
2,3,step,False,6,1.2190457946602995,0.18089527838345834,0.15879930250394814,0.8107072579918712,72.9073654873682,4,1.2255340651471252,122,20.929526423554506,28.67338211497593,1.0,1,0.23377511118556885,0,0.8474643684270466,0.36922022700309753,7.723524044727441e-14
2,3,step,False,7,1.5215077396539407,0.2235376700700905,0.13509832988052758,1.0433858820927175,65.90824151687282,4,1.2594893218466454,114,15.84363757896742,21.336923243961838,1.0,1,0.291365892463586,0,0.8474643684270466,0.36922022700309753,7.723524044727441e-14
2,3,step,False,8,1.0115079638172977,0.2648939104110052,0.1936284024818393,0.5657300662748956,75.22126136979051,4,1.3281580911852546,123,32.43340475662579,41.17748513752416,1.0,1,0.10231160077052534,0,0.8474643684270466,0.36922022700309753,7.723524044727441e-14
2,3,step,False,9,0.3423530440072947,0.54315155247132,0.6418871329045058,0.28585976233832544,35.18788834101062,4,1.3549033565079938,63,12.000000000192493,16.671776041224586,1.0,1,0.16486267782811947,0,0.8474643684270466,0.36922022700309753,7.723524044727441e-14
2,3,step,False,10,0.3204744605844023,0.2879277423386752,0.481111961024221,0.23494589287688908,87.16048825978412,4,1.2738906059503479,139,32.803067318631975,47.922492907901876,1.0,1,0.194210302168076,0,0.8474643684270466,0.36922022700309753,7.723524044727441e-14
2,3,step,False,11,1.348557138294263,0.23643250646006836,0.1931593016470286,0.9865866211262098,54.85926235489409,4,1.2922969011704626,92,12.585900484192639,16.902187311311966,1.0,1,0.08833881759448269,0,0.8474643684270466,0.36922022700309753,7.723524044727441e-14
2,3,step,False,12,1.95878432879614,0.12884297690945776,0.09208050280730327,1.1303472927735145,40.08902068095337,4,1.384946821223811,76,12.00000000032676,16.286190472784455,1.0,1,0.12110509946123088,0,0.8474643684270466,0.36922022700309753,7.723524044727441e-14
2,3,step,False,13,2.3633895001822,0.15067599543775098,0.09091541469964279,1.4744123258001987,26.59264496145776,4,1.352033392404459,52,12.000000000006665,15.587663599240352,1.0,1,0.20186750616344973,0,0.8474643684270466,0.36922022700309753,7.723524044727441e-14
2,3,step,False,14,1.7825206800460858,0.11679109621508889,0.052496250411876645,1.0193644068760228,46.172091068059316,4,1.3466985252160468,82,12.879412689283203,15.53792169983038,1.0,1,0.12416168801268623,0,0.8474643684270466,0.36922022700309753,7.723524044727441e-14
2,3,step,False,15,1.1478094221068595,0.3372400015867619,0.21946160362443318,0.877361554877913,28.877027391427546,4,1.59673346097239,55,12.000000000459925,18.170936383624433,1.0,1,0.15288373432030938,0,0.8474643684270466,0.36922022700309753,7.723524044727441e-14
2,3,step,False,16,0.7518156372889109,0.06358925906987538,0.3842280276294127,0.420181870454791,106.71190044916905,4,1.1266294635540246,165,39.24619569675748,52.21687453585365,1.0,1,0.15372257173106535,0,0.8474643684270466,0.36922022700309753,7.723524044727441e-14
2,3,step,False,17,1.4618158494836173,0.038064456542277685,0.03011138329827395,1.0922074339596302,35.0073398635863,4,1.3254211573746157,63,12.775103998010273,17.745669415253566,1.0,1,0.16978611766865284,0,0.8474643684270466,0.36922022700309753,7.723524044727441e-14
2,3,step,False,18,1.7987267463663223,0.21629138384158264,0.13713806758589497,0.980701922242823,44.12035323503808,4,1.4784202331339371,84,13.813199063981623,17.945446052818934,1.0,1,0.10982545573642935,0,0.8474643684270466,0.36922022700309753,7.723524044727441e-14
2,3,step,False,19,1.6219259550985072,0.19646405451866877,0.2256926250044474,0.8805342626268562,74.42484287557377,4,1.3377405722563598,113,25.800058223410826,32.37781774344278,1.0,1,0.17391648211608693,0,0.8474643684270466,0.36922022700309753,7.723524044727441e-14
2,3,step,False,20,0.4967517232200428,0.36743869711061855,0.37977740378019104,0.42772438218880854,75.84888072224115,4,1.410734447486806,127,26.263363283183036,40.09827154988986,1.0,1,0.2257083340417733,0,0.8474643684270466,0.36922022700309753,7.723524044727441e-14
2,3,step,False,21,0.2801579968649878,0.13239184847840962,0.52077374176404,0.13843247089108443,106.18932736682225,4,1.31924396631905,161,35.570487429317765,47.717966312423755,1.0,1,0.1207778796227929,0,0.8474643684270466,0.36922022700309753,7.723524044727441e-14
2,3,step,False,22,0.4284902509478303,0.17595755114585132,0.22716786155304758,0.31533300723622376,88.86975276936352,4,1.2797301308079836,138,34.49006793283681,48.552063414114656,1.0,1,0.11164264307061054,0,0.8474643684270466,0.36922022700309753,7.723524044727441e-14
2,3,step,False,23,0.8766018881723402,0.1734434251545198,0.13409260778038312,0.44367666827444185,91.8337035908913,4,1.2317549105593442,153,32.35495762775352,41.580643174435046,1.0,1,0.1875106334438655,0,0.8474643684270466,0.36922022700309753,7.723524044727441e-14
3,0,init,False,0,2.012293809437055,0.0838008471334167,0.08380084713341804,1.5402516091339595,37.93057280478205,4,1.3455784074471395,70,nan,nan,1.0,1,nan,0,nan,nan,nan
3,0,init,False,1,0.7367854000076806,0.3033297504573356,0.3033297504573349,0.6440423118210855,57.99527211735812,4,1.3382596057270464,106,nan,nan,1.0,1,nan,0,nan,nan,nan
3,0,init,False,2,0.6609735095724033,0.3862369969522639,0.38623699695226416,0.7646360036319266,63.15955652333682,4,1.3465946908914779,109,nan,nan,1.0,1,nan,0,nan,nan,nan
3,0,init,False,3,1.5791575861932878,0.2435496721736036,0.24354967217360451,1.115232313634725,50.09814652505192,4,1.4943202051199926,94,nan,nan,1.0,1,nan,0,nan,nan,nan
3,0,init,False,4,1.2628620126326964,0.16950896581629626,0.16950896581629626,0.9902355710827684,82.79149624132033,4,1.204873137523886,136,nan,nan,1.0,1,nan,0,nan,nan,nan
3,0,init,False,5,2.203884775882906,0.10451028839151812,0.10451028839151918,1.6749614487151394,26.607861162891997,4,1.6151408514682852,50,nan,nan,1.0,1,nan,0,nan,nan,nan
3,0,init,False,6,1.3474154075443938,0.21320513794625756,0.21320513794625756,0.9864678493589868,22.494725083016796,4,1.6539183287774182,46,nan,nan,1.0,1,nan,0,nan,nan,nan
3,0,init,False,7,0.637017188984615,0.3707487381791445,0.3707487381791445,0.6031598226075812,88.99898775563832,4,1.2111449125455207,139,nan,nan,1.0,1,nan,0,nan,nan,nan
3,0,init,False,8,1.1241654617540675,0.17177864712806748,0.17177864712806812,0.9203420329676484,88.03765048272967,4,1.257016970154669,145,nan,nan,1.0,1,nan,0,nan,nan,nan
3,0,init,False,9,0.3160041946949852,0.4686036486010846,0.4686036486010847,0.23123521902121053,108.0706132519012,4,1.2117144547233307,161,nan,nan,1.0,1,nan,0,nan,nan,nan
3,0,init,False,10,0.5495978082565923,0.42324479036028706,0.42324479036028734,0.5960798006648088,39.635768704361176,4,1.524224254169316,70,nan,nan,1.0,1,nan,0,nan,nan,nan
3,0,init,False,11,1.145507073081825,0.33149742431484513,0.33149742431484497,0.8515123938283693,53.50595265384432,4,1.3543931342986377,91,nan,nan,1.0,1,nan,0,nan,nan,nan
3,0,init,False,12,1.6167986815583852,0.12416861548606999,0.1241686154860682,1.1627560541958475,35.30335441281399,4,1.470880390822856,74,nan,nan,1.0,1,nan,0,nan,nan,nan
3,0,init,False,13,1.4957891254472597,0.2347554513731877,0.23475545137318865,1.2212379390800372,37.83702709614994,4,1.514555800642806,63,nan,nan,1.0,1,nan,0,nan,nan,nan
3,0,init,False,14,1.2928729106443955,0.11101843678701602,0.11101843678701802,1.025695678413242,59.557835607351116,4,1.3574636402010074,100,nan,nan,1.0,1,nan,0,nan,nan,nan
3,0,init,False,15,1.0821811863143032,0.077442052285507,0.077442052285507,0.9211732005257176,80.57983105058655,4,1.2621418675497373,123,nan,nan,1.0,1,nan,0,nan,nan,nan
3,0,init,False,16,2.2308898068401075,0.14838870155022335,0.1483887015502241,1.6678017973001766,29.913116794190373,4,1.419443889218377,53,nan,nan,1.0,1,nan,0,nan,nan,nan
3,0,init,False,17,0.9897997487825622,0.23025120718122355,0.23025120718122502,0.7823522654289061,81.85760306373517,4,1.2668221508812167,130,nan,nan,1.0,1,nan,0,nan,nan,nan
3,0,init,False,18,0.5590769175905304,0.179193688732059,0.17919368873205777,0.5057778254642993,92.05003247630124,4,1.1697464886624773,143,nan,nan,1.0,1,nan,0,nan,nan,nan
3,0,init,False,19,0.3614042791791365,0.5443529209573507,0.5443529209573507,0.4283663315382897,94.70932325003324,4,1.2914698356524905,147,nan,nan,1.0,1,nan,0,nan,nan,nan
3,0,init,False,20,1.1237436745120502,0.15069433990348677,0.1506943399034853,0.8784531211345564,74.65822521997791,4,1.2522667698187906,126,nan,nan,1.0,1,nan,0,nan,nan,nan
3,0,init,False,21,0.48646786313588014,0.8470192076832614,0.8470192076832614,0.3288886919527557,78.49371927859829,4,1.2956308258276654,125,nan,nan,1.0,1,nan,0,nan,nan,nan
3,0,init,False,22,1.1811721758476943,0.13474149447518435,0.13474149447518272,0.7396946074727961,35.3537841656409,4,1.6002462899003156,65,nan,nan,1.0,1,nan,0,nan,nan,nan
3,0,init,False,23,0.5342055744252718,0.1539389125597131,0.15393891255971237,0.5884220754114263,20.35954427838876,4,1.4853578680848185,45,nan,nan,1.0,1,nan,0,nan,nan,nan
3,1,step,False,0,2.012293809437055,0.07883831642926714,0.08380084713341804,1.5402516091339595,37.93057280478205,4,1.3455784074471395,70,12.000000000927303,16.009148467769187,1.0,1,0.5141814748342544,0,1.5615755036669832,1.0,1.664502017985755e-15
3,1,step,False,1,0.7367854000076806,0.1623819979478683,0.3033297504573349,0.6440423118210855,57.99527211735812,4,1.3382596057270464,106,15.010092051920687,22.83846301223448,1.0,1,0.33464991961189194,0,1.5615755036669832,1.0,1.664502017985755e-15
3,1,step,False,2,0.6609735095724033,0.4155313237228401,0.38623699695226416,0.7646360036319266,63.15955652333682,4,1.3465946908914779,109,16.773240001704252,26.060001847395142,1.0,1,0.5074761011512033,0,1.5615755036669832,1.0,1.664502017985755e-15
3,1,step,False,3,1.5791575861932878,0.17343316013752647,0.24354967217360451,1.115232313634725,50.09814652505192,4,1.4943202051199926,94,14.899836431441516,19.76585011294503,1.0,1,0.37468237546885685,0,1.5615755036669832,1.0,1.664502017985755e-15
3,1,step,False,4,1.2628620126326964,0.19347501898930394,0.16950896581629626,0.9902355710827684,82.79149624132033,4,1.204873137523886,136,30.000734778869607,41.36548508494214,1.0,1,0.5086135964229284,0,1.5615755036669832,1.0,1.664502017985755e-15
3,1,step,False,5,2.203884775882906,0.12250983605173013,0.10451028839151918,1.6749614487151394,26.607861162891997,4,1.6151408514682852,50,12.000000001139874,19.31402603802823,1.0,1,0.43964868241172445,0,1.5615755036669832,1.0,1.664502017985755e-15
3,1,step,False,6,1.3474154075443938,0.19333621401714288,0.21320513794625756,0.9864678493589868,22.494725083016796,4,1.6539183287774182,46,12.000000000867608,17.487223246759438,1.0,1,0.26037991071806893,0,1.5615755036669832,1.0,1.664502017985755e-15
3,1,step,False,7,0.637017188984615,0.1770797416966945,0.3707487381791445,0.6031598226075812,88.99898775563832,4,1.2111449125455207,139,30.448542280750008,41.1574719300779,1.0,1,0.42521576830816554,0,1.5615755036669832,1.0,1.664502017985755e-15
3,1,step,False,8,1.1241654617540675,0.13829581597856697,0.17177864712806812,0.9203420329676484,88.03765048272967,4,1.257016970154669,145,29.053652846562443,41.683052171770576,1.0,1,0.5090916271774443,0,1.5615755036669832,1.0,1.664502017985755e-15
3,1,step,False,9,0.3160041946949852,0.4825566038974453,0.4686036486010847,0.23123521902121053,108.0706132519012,4,1.2117144547233307,161,42.8935622231798,58.530855301915764,1.0,1,0.4799592378185198,0,1.5615755036669832,1.0,1.664502017985755e-15
3,1,step,False,10,0.5495978082565923,0.4309411158860525,0.42324479036028734,0.5960798006648088,39.635768704361176,4,1.524224254169316,70,12.000000000567429,16.159571424420744,1.0,1,0.36673837046362345,0,1.5615755036669832,1.0,1.664502017985755e-15
3,1,step,False,11,1.145507073081825,0.16009748334376922,0.33149742431484497,0.8515123938283693,53.50595265384432,4,1.3543931342986377,91,16.987319016572748,22.422380618220046,1.0,1,0.3889607849935886,0,1.5615755036669832,1.0,1.664502017985755e-15
3,1,step,False,12,1.6167986815583852,0.17885825472574624,0.1241686154860682,1.1627560541958475,35.30335441281399,4,1.470880390822856,74,12.000000001212065,16.62481451103888,1.0,1,0.42759103531790676,0,1.5615755036669832,1.0,1.664502017985755e-15
3,1,step,False,13,1.4957891254472597,0.17822408548314084,0.23475545137318865,1.2212379390800372,37.83702709614994,4,1.514555800642806,63,14.486518135238502,20.3996384800186,1.0,1,0.40258606392197066,0,1.5615755036669832,1.0,1.664502017985755e-15
3,1,step,False,14,1.2928729106443955,0.06145945889082794,0.11101843678701802,1.025695678413242,59.557835607351116,4,1.3574636402010074,100,21.64276409526105,30.36216966529646,1.0,1,0.4408916871751244,0,1.5615755036669832,1.0,1.664502017985755e-15
3,1,step,False,15,1.0821811863143032,0.12303468039381477,0.077442052285507,0.9211732005257176,80.57983105058655,4,1.2621418675497373,123,30.556319088868502,43.483785732213775,1.0,1,0.4645940043673995,0,1.5615755036669832,1.0,1.664502017985755e-15
3,1,step,False,16,2.2308898068401075,0.2052042145291923,0.1483887015502241,1.6678017973001766,29.913116794190373,4,1.419443889218377,53,12.000000000703947,16.602647878730206,1.0,1,0.26932128273825007,0,1.5615755036669832,1.0,1.664502017985755e-15
3,1,step,False,17,0.9897997487825622,0.1352144342825622,0.23025120718122502,0.7823522654289061,81.85760306373517,4,1.2668221508812167,130,29.688235730993995,42.488633301819924,1.0,1,0.48894196461918205,0,1.5615755036669832,1.0,1.664502017985755e-15
3,1,step,False,18,0.5590769175905304,0.24375766134906474,0.17919368873205777,0.5057778254642993,92.05003247630124,4,1.1697464886624773,143,34.46379207333563,47.075097607185626,1.0,1,0.45134998073493793,0,1.5615755036669832,1.0,1.664502017985755e-15
3,1,step,False,19,0.3614042791791365,0.503548451831078,0.5443529209573507,0.4283663315382897,94.70932325003324,4,1.2914698356524905,147,32.555472275433054,45.326689933314725,1.0,1,0.639617725294722,0,1.5615755036669832,1.0,1.664502017985755e-15
3,1,step,False,20,1.1237436745120502,0.0731523339767272,0.1506943399034853,0.8784531211345564,74.65822521997791,4,1.2522667698187906,126,29.580320927251453,39.15800024600011,1.0,1,0.448836228727165,0,1.5615755036669832,1.0,1.664502017985755e-15
3,1,step,False,21,0.48646786313588014,0.4227794382745142,0.8470192076832614,0.3288886919527557,78.49371927859829,4,1.2956308258276654,125,26.417901366606994,36.81208911139034,1.0,1,0.32258628575995013,0,1.5615755036669832,1.0,1.664502017985755e-15
3,1,step,False,22,1.1811721758476943,0.20595654172392022,0.13474149447518272,0.7396946074727961,35.3537841656409,4,1.6002462899003156,65,12.000000001045414,16.81212312582696,1.0,1,0.28676901972552277,0,1.5615755036669832,1.0,1.664502017985755e-15
3,1,step,False,23,0.5342055744252718,0.07344491820220278,0.15393891255971237,0.5884220754114263,20.35954427838876,4,1.4853578680848185,45,12.000000000979252,17.649208599573743,1.0,1,0.51112856903641,0,1.5615755036669832,1.0,1.664502017985755e-15
3,2,step,False,0,2.012293809437055,0.09451740036410049,0.08380084713341804,1.5402516091339595,37.93057280478205,4,1.3455784074471395,70,12.000000000318806,15.680533416226394,1.0,1,0.24007910881967928,0,1.1042006279777221,0.607900395989418,6.302967970499328e-15
3,2,step,False,1,0.7367854000076806,0.0324842435032017,0.3033297504573349,0.6440423118210855,57.99527211735812,4,1.3382596057270464,106,15.515693136399827,22.691483650001736,1.0,1,0.28466946017771483,0,1.1042006279777221,0.607900395989418,6.302967970499328e-15
3,2,step,False,2,0.6609735095724033,0.27586844492249807,0.38623699695226416,0.7646360036319266,63.15955652333682,4,1.3465946908914779,109,13.510515886206456,19.552258103087105,1.0,1,0.20033024677356795,0,1.1042006279777221,0.607900395989418,6.302967970499328e-15
3,2,step,False,3,1.5791575861932878,0.11833640568403501,0.24354967217360451,1.115232313634725,50.09814652505192,4,1.4943202051199926,94,14.3260596228964,19.068064045734932,1.0,1,0.17153750255379047,0,1.1042006279777221,0.607900395989418,6.302967970499328e-15
3,2,step,False,4,1.2628620126326964,0.14969544118250758,0.16950896581629626,0.9902355710827684,82.79149624132033,4,1.204873137523886,136,28.83492963496532,37.57423692303091,1.0,1,0.2502262037083035,0,1.1042006279777221,0.607900395989418,6.302967970499328e-15
3,2,step,False,5,2.203884775882906,0.13544516988956987,0.10451028839151918,1.6749614487151394,26.607861162891997,4,1.6151408514682852,50,12.000000000878405,17.59586609491323,1.0,1,0.48448352428768093,0,1.1042006279777221,0.607900395989418,6.302967970499328e-15
3,2,step,False,6,1.3474154075443938,0.20000002608203854,0.21320513794625756,0.9864678493589868,22.494725083016796,4,1.6539183287774182,46,12.000000000922508,17.195726822419186,1.0,1,0.3691980159138164,0,1.1042006279777221,0.607900395989418,6.302967970499328e-15
3,2,step,False,7,0.637017188984615,0.160686127664502,0.3707487381791445,0.6031598226075812,88.99898775563832,4,1.2111449125455207,139,31.315268401918452,43.60753000438205,1.0,1,0.23803004162839375,0,1.1042006279777221,0.607900395989418,6.302967970499328e-15
3,2,step,False,8,1.1241654617540675,0.1359188098317671,0.17177864712806812,0.9203420329676484,88.03765048272967,4,1.257016970154669,145,29.446282352268838,40.35410989674949,1.0,1,0.2843525572385622,0,1.1042006279777221,0.607900395989418,6.302967970499328e-15
3,2,step,False,9,0.3160041946949852,0.528486490021543,0.4686036486010847,0.23123521902121053,108.0706132519012,4,1.2117144547233307,161,45.73060924121248,60.40005030250697,1.0,1,0.16697287014605325,0,1.1042006279777221,0.607900395989418,6.302967970499328e-15
3,2,step,False,10,0.5495978082565923,0.3726934770133581,0.42324479036028734,0.5960798006648088,39.635768704361176,4,1.524224254169316,70,13.23579308653113,18.556807529478366,1.0,1,0.226844130146266,0,1.1042006279777221,0.607900395989418,6.302967970499328e-15
3,2,step,False,11,1.145507073081825,0.10509909871665445,0.33149742431484497,0.8515123938283693,53.50595265384432,4,1.3543931342986377,91,17.775613175826315,24.664361470965993,1.0,1,0.27748585974465295,0,1.1042006279777221,0.607900395989418,6.302967970499328e-15
3,2,step,False,12,1.6167986815583852,0.17576140415739755,0.1241686154860682,1.1627560541958475,35.30335441281399,4,1.470880390822856,74,12.00000000029335,17.47328868229514,1.0,1,0.45511607479002714,0,1.1042006279777221,0.607900395989418,6.302967970499328e-15
3,2,step,False,13,1.4957891254472597,0.2267154202698752,0.23475545137318865,1.2212379390800372,37.83702709614994,4,1.514555800642806,63,12.685340984311248,18.141712072731977,1.0,1,0.23111441715246442,0,1.1042006279777221,0.607900395989418,6.302967970499328e-15
3,2,step,False,14,1.2928729106443955,0.03910558112007457,0.11101843678701802,1.025695678413242,59.557835607351116,4,1.3574636402010074,100,19.656275081969152,27.252134707477673,1.0,1,0.26864312547986324,0,1.1042006279777221,0.607900395989418,6.302967970499328e-15
3,2,step,False,15,1.0821811863143032,0.11993397883753364,0.077442052285507,0.9211732005257176,80.57983105058655,4,1.2621418675497373,123,31.3839998174267,42.12370367875896,1.0,1,0.2476029910587031,0,1.1042006279777221,0.607900395989418,6.302967970499328e-15
3,2,step,False,16,2.2308898068401075,0.21509868459638365,0.1483887015502241,1.6678017973001766,29.913116794190373,4,1.419443889218377,53,12.000000000277852,15.906099884898632,1.0,1,0.1389218703259937,0,1.1042006279777221,0.607900395989418,6.302967970499328e-15
3,2,step,False,17,0.9897997487825622,0.13038150090346434,0.23025120718122502,0.7823522654289061,81.85760306373517,4,1.2668221508812167,130,28.6854864759202,39.28202993076159,1.0,1,0.2183250962402392,0,1.1042006279777221,0.607900395989418,6.302967970499328e-15
3,2,step,False,18,0.5590769175905304,0.3293013720217158,0.17919368873205777,0.5057778254642993,92.05003247630124,4,1.1697464886624773,143,34.148172542814834,46.8643170693084,1.0,1,0.2156189135075773,0,1.1042006279777221,0.607900395989418,6.302967970499328e-15
3,2,step,False,19,0.3614042791791365,0.5463686577836363,0.5443529209573507,0.4283663315382897,94.70932325003324,4,1.2914698356524905,147,31.697756114517905,44.96110870693158,1.0,1,0.2915289209297971,0,1.1042006279777221,0.607900395989418,6.302967970499328e-15
3,2,step,False,20,1.1237436745120502,0.07962563348568483,0.1506943399034853,0.8784531211345564,74.65822521997791,4,1.2522667698187906,126,29.458353408527444,39.77693332467988,1.0,1,0.18547516295467797,0,1.1042006279777221,0.607900395989418,6.302967970499328e-15
3,2,step,False,21,0.48646786313588014,0.3363856413155401,0.8470192076832614,0.3288886919527557,78.49371927859829,4,1.2956308258276654,125,28.129421811786457,37.60733249486388,1.0,1,0.1605910609283018,0,1.1042006279777221,0.607900395989418,6.302967970499328e-15
3,2,step,False,22,1.1811721758476943,0.10036883917343628,0.13474149447518272,0.7396946074727961,35.3537841656409,4,1.6002462899003156,65,12.000000001558568,17.934347665857135,1.0,1,0.20620694740369583,0,1.1042006279777221,0.607900395989418,6.302967970499328e-15
3,2,step,False,23,0.5342055744252718,0.10966729546965866,0.15393891255971237,0.5884220754114263,20.35954427838876,4,1.4853578680848185,45,12.000000000051243,16.7311510765227,1.0,1,0.23538246245547495,0,1.1042006279777221,0.607900395989418,6.302967970499328e-15
3,3,step,False,0,2.012293809437055,0.12008029229322711,0.08380084713341804,1.5402516091339595,37.93057280478205,4,1.3455784074471395,70,12.000000000323777,14.85919871282116,1.0,1,0.2810118067614264,0,0.7807877518334915,0.368426114320755,9.676209454803613e-13
3,3,step,False,1,0.7367854000076806,0.22163698572529097,0.3033297504573349,0.6440423118210855,57.99527211735812,4,1.3382596057270464,106,16.540957289931818,24.91044887862801,1.0,1,0.20667348735199814,0,0.7807877518334915,0.368426114320755,9.676209454803613e-13
3,3,step,False,2,0.6609735095724033,0.4551897740168346,0.38623699695226416,0.7646360036319266,63.15955652333682,4,1.3465946908914779,109,16.591574811616358,24.869351724458145,1.0,1,0.12922034140196495,0,0.7807877518334915,0.368426114320755,9.676209454803613e-13
3,3,step,False,3,1.5791575861932878,0.11760522117283277,0.24354967217360451,1.115232313634725,50.09814652505192,4,1.4943202051199926,94,15.04527747868481,20.167910842703233,1.0,1,0.1770715626746407,0,0.7807877518334915,0.368426114320755,9.676209454803613e-13
3,3,step,False,4,1.2628620126326964,0.13638327574811274,0.16950896581629626,0.9902355710827684,82.79149624132033,4,1.204873137523886,136,27.199824652040896,33.14077840880367,1.0,1,0.129377078366437,0,0.7807877518334915,0.368426114320755,9.676209454803613e-13
3,3,step,False,5,2.203884775882906,0.12881679167704596,0.10451028839151918,1.6749614487151394,26.607861162891997,4,1.6151408514682852,50,12.000000000428534,15.93778340076847,1.0,1,0.37178236274183313,0,0.7807877518334915,0.368426114320755,9.676209454803613e-13
3,3,step,False,6,1.3474154075443938,0.16345247510970537,0.21320513794625756,0.9864678493589868,22.494725083016796,4,1.6539183287774182,46,12.000000001187438,17.263228185781326,1.0,1,0.146336583430808,0,0.7807877518334915,0.368426114320755,9.676209454803613e-13
3,3,step,False,7,0.637017188984615,0.20230570138728332,0.3707487381791445,0.6031598226075812,88.99898775563832,4,1.2111449125455207,139,31.896428198192584,42.71777439276699,1.0,1,0.11914602621406531,0,0.7807877518334915,0.368426114320755,9.676209454803613e-13
3,3,step,False,8,1.1241654617540675,0.11204528189247782,0.17177864712806812,0.9203420329676484,88.03765048272967,4,1.257016970154669,145,29.243077990757563,39.492372885560364,1.0,1,0.16642678612924364,0,0.7807877518334915,0.368426114320755,9.676209454803613e-13
3,3,step,False,9,0.3160041946949852,0.2566066597208838,0.4686036486010847,0.23123521902121053,108.0706132519012,4,1.2117144547233307,161,47.742217952562164,62.73954706752631,1.0,1,0.11099777608966324,0,0.7807877518334915,0.368426114320755,9.676209454803613e-13
3,3,step,False,10,0.5495978082565923,0.3808632456797843,0.42324479036028734,0.5960798006648088,39.635768704361176,4,1.524224254169316,70,15.067298598851098,21.006903497015866,1.0,1,0.1959581879154291,0,0.7807877518334915,0.368426114320755,9.676209454803613e-13
3,3,step,False,11,1.145507073081825,0.12580360194210727,0.33149742431484497,0.8515123938283693,53.50595265384432,4,1.3543931342986377,91,17.088131013185276,22.812087559227674,1.0,1,0.12285482058126737,0,0.7807877518334915,0.368426114320755,9.676209454803613e-13
3,3,step,False,12,1.6167986815583852,0.1906858680052442,0.1241686154860682,1.1627560541958475,35.30335441281399,4,1.470880390822856,74,12.0000000004263,17.849010089752902,1.0,1,0.2798518900073544,0,0.7807877518334915,0.368426114320755,9.676209454803613e-13
3,3,step,False,13,1.4957891254472597,0.21814097671282393,0.23475545137318865,1.2212379390800372,37.83702709614994,4,1.514555800642806,63,12.00000000022562,16.503155155194968,1.0,1,0.2692656395427693,0,0.7807877518334915,0.368426114320755,9.676209454803613e-13
3,3,step,False,14,1.2928729106443955,0.05216926942681983,0.11101843678701802,1.025695678413242,59.557835607351116,4,1.3574636402010074,100,16.55737009479037,21.240225978089505,1.0,1,0.1553184831574049,0,0.7807877518334915,0.368426114320755,9.676209454803613e-13
3,3,step,False,15,1.0821811863143032,0.06520126358407936,0.077442052285507,0.9211732005257176,80.57983105058655,4,1.2621418675497373,123,30.05609213528716,38.77301670373426,1.0,1,0.14753313205842772,0,0.7807877518334915,0.368426114320755,9.676209454803613e-13
3,3,step,False,16,2.2308898068401075,0.22172527461976616,0.1483887015502241,1.6678017973001766,29.913116794190373,4,1.419443889218377,53,12.000000000011806,14.365788199761377,1.0,1,0.1358045868410954,0,0.7807877518334915,0.368426114320755,9.676209454803613e-13
3,3,step,False,17,0.9897997487825622,0.16239614330180063,0.23025120718122502,0.7823522654289061,81.85760306373517,4,1.2668221508812167,130,29.21295888315389,38.53684762820462,1.0,1,0.11438602478018682,0,0.7807877518334915,0.368426114320755,9.676209454803613e-13
3,3,step,False,18,0.5590769175905304,0.3533058268764163,0.17919368873205777,0.5057778254642993,92.05003247630124,4,1.1697464886624773,143,33.20181185322584,44.500377371282596,1.0,1,0.13951624761966952,0,0.7807877518334915,0.368426114320755,9.676209454803613e-13
3,3,step,False,19,0.3614042791791365,0.6270022506417826,0.5443529209573507,0.4283663315382897,94.70932325003324,4,1.2914698356524905,147,30.061580542876435,42.30023359842539,1.0,1,0.13643276399958315,0,0.7807877518334915,0.368426114320755,9.676209454803613e-13
3,3,step,False,20,1.1237436745120502,0.11128413802579518,0.1506943399034853,0.8784531211345564,74.65822521997791,4,1.2522667698187906,126,28.170142593874253,39.23513543393426,1.0,1,0.20608847458595597,0,0.7807877518334915,0.368426114320755,9.676209454803613e-13
3,3,step,False,21,0.48646786313588014,0.30428606341563347,0.8470192076832614,0.3288886919527557,78.49371927859829,4,1.2956308258276654,125,31.273139467776446,39.09516801809413,1.0,1,0.11483624966924824,0,0.7807877518334915,0.368426114320755,9.676209454803613e-13
3,3,step,False,22,1.1811721758476943,0.11518964668950957,0.13474149447518272,0.7396946074727961,35.3537841656409,4,1.6002462899003156,65,12.000000000012472,18.8785223303338,1.0,1,0.13034936071446684,0,0.7807877518334915,0.368426114320755,9.676209454803613e-13
3,3,step,False,23,0.5342055744252718,0.20252852987918896,0.15393891255971237,0.5884220754114263,20.35954427838876,4,1.4853578680848185,45,12.00000000036296,16.28387429919065,1.0,1,0.14182532241426823,0,0.7807877518334915,0.368426114320755,9.676209454803613e-13
4,0,init,False,0,0.7314387939142174,0.5073575779719194,0.5073575779719194,0.3488720987583121,44.639233131341264,4,1.4717034210320197,80,nan,nan,1.0,1,nan,0,nan,nan,nan
4,0,init,False,1,0.1901008407877457,0.8060556090402555,0.8060556090402555,0.1562697109825038,95.16254019214296,4,1.1874728407876145,152,nan,nan,1.0,1,nan,0,nan,nan,nan
4,0,init,False,2,1.441147482065505,0.09893059557084154,0.09893059557084266,0.875115265500899,70.04878199399387,4,1.2364578866533147,111,nan,nan,1.0,1,nan,0,nan,nan,nan
4,0,init,False,3,0.767155368090763,0.39211122835536566,0.39211122835536594,0.3000681300408479,100.75550557741175,4,1.2565369514170905,162,nan,nan,1.0,1,nan,0,nan,nan,nan
4,0,init,False,4,0.5621501343069247,0.10521224533694513,0.10521224533694302,0.31103520024761433,89.49245843116506,4,1.1743079759427548,143,nan,nan,1.0,1,nan,0,nan,nan,nan
4,0,init,False,5,1.741348863480143,0.13551876239308233,0.13551876239308314,1.0518740386369914,46.93688532852703,4,1.300178936994807,78,nan,nan,1.0,1,nan,0,nan,nan,nan
4,0,init,False,6,1.1638828463724025,0.06289977297936927,0.06289977297936399,0.622028426472157,73.73652846831166,4,1.3447438919268,122,nan,nan,1.0,1,nan,0,nan,nan,nan
4,0,init,False,7,2.6451436560886648,0.07602073873092921,0.07602073873092775,1.546293103374471,13.3769927683865,4,1.5612099688142451,29,nan,nan,1.0,1,nan,0,nan,nan,nan
4,0,init,False,8,1.1773111634983904,0.23291791713110716,0.23291791713110763,0.7933264009229355,64.15268601527599,4,1.229517982047906,102,nan,nan,1.0,1,nan,0,nan,nan,nan
4,0,init,False,9,2.021911938662873,0.03730169591404009,0.03730169591404009,1.2721400504958391,18.556817078819357,4,1.3693512604865345,39,nan,nan,1.0,1,nan,0,nan,nan,nan
4,0,init,False,10,1.5164206506624354,0.13808931204054958,0.13808931204054878,0.8302204335831187,46.70874174669558,4,1.527742603416708,79,nan,nan,1.0,1,nan,0,nan,nan,nan
4,0,init,False,11,1.7873261353014271,0.2652878563480948,0.26528785634809443,1.126051849928676,57.084695115331876,4,1.5808953940501442,96,nan,nan,1.0,1,nan,0,nan,nan,nan
4,0,init,False,12,0.4960937291639991,0.4108634612164743,0.4108634612164743,0.3111488363554541,63.6783197134603,4,1.3589012809914252,108,nan,nan,1.0,1,nan,0,nan,nan,nan
4,0,init,False,13,0.7733730741862967,0.2556308750535229,0.25563087505352156,0.451534386767639,66.83403132970636,4,1.329152171362885,115,nan,nan,1.0,1,nan,0,nan,nan,nan
4,0,init,False,14,1.2441028283176079,0.08698193174574825,0.08698193174574825,0.7674945914542526,58.061725957454186,4,1.2633188937440742,98,nan,nan,1.0,1,nan,0,nan,nan,nan
4,0,init,False,15,1.020636180189332,0.06380384431239283,0.06380384431239458,0.6787413011425951,58.51959310555104,4,1.2981172287303016,108,nan,nan,1.0,1,nan,0,nan,nan,nan
4,0,init,False,16,0.6465795769665226,0.444736720837922,0.44473672083792226,0.3681701844501494,97.89745695364742,4,1.2003166810382462,147,nan,nan,1.0,1,nan,0,nan,nan,nan
4,0,init,False,17,1.3800791253006297,0.34542194471449855,0.3454219447144979,0.7570265018045935,48.80763556737149,4,1.4697516896109295,86,nan,nan,1.0,1,nan,0,nan,nan,nan
4,0,init,False,18,1.9545733255213382,0.1734032492476009,0.17340324924760217,1.3881731250162486,7.853191170770043,4,1.7569804946433485,22,nan,nan,1.0,1,nan,0,nan,nan,nan
4,0,init,False,19,0.8642655972196809,0.03665801877604915,0.03665801877604915,0.45671670486002897,61.87620529710102,4,1.340721252836389,104,nan,nan,1.0,1,nan,0,nan,nan,nan
4,0,init,False,20,0.4015157065634968,0.735242077860848,0.735242077860848,0.23255373067413956,32.3597539167309,4,1.4465041377328534,59,nan,nan,1.0,1,nan,0,nan,nan,nan
4,0,init,False,21,1.0339699688965198,0.12056576519138043,0.12056576519138043,0.6144482949458159,110.95355214142103,4,1.16420689553413,158,nan,nan,1.0,1,nan,0,nan,nan,nan
4,0,init,False,22,0.8323167227644012,0.13164829101919223,0.13164829101919223,0.5634638051950027,28.29923000992318,4,1.2823286814629669,48,nan,nan,1.0,1,nan,0,nan,nan,nan
4,0,init,False,23,0.6269417020834565,0.38204053994893616,0.38204053994893644,0.33682594423068674,84.20743898946,4,1.3641352759470966,132,nan,nan,1.0,1,nan,0,nan,nan,nan
4,1,step,False,0,0.7314387939142174,0.42515023506916433,0.5073575779719194,0.3488720987583121,44.639233131341264,4,1.4717034210320197,80,12.000000000187091,18.36231195118544,1.0,1,0.33519259020269887,0,1.5893452000177961,1.0,3.9046292662956755e-14
4,1,step,False,1,0.1901008407877457,0.8093248832802508,0.8060556090402555,0.1562697109825038,95.16254019214296,4,1.1874728407876145,152,30.42662057704763,44.156256981023,1.0,1,0.32929148039903866,0,1.5893452000177961,1.0,3.9046292662956755e-14
4,1,step,False,2,1.441147482065505,0.012147008194337384,0.09893059557084266,0.875115265500899,70.04878199399387,4,1.2364578866533147,111,21.88223548020074,29.81173253236193,1.0,1,0.2663148147274659,0,1.5893452000177961,1.0,3.9046292662956755e-14
4,1,step,False,3,0.767155368090763,0.19655298534571086,0.39211122835536594,0.3000681300408479,100.75550557741175,4,1.2565369514170905,162,36.94905793727604,50.487823389069,1.0,1,0.4741745212616739,0,1.5893452000177961,1.0,3.9046292662956755e-14
4,1,step,False,4,0.5621501343069247,0.10058646346297329,0.10521224533694302,0.31103520024761433,89.49245843116506,4,1.1743079759427548,143,35.40288280778162,49.32900839808475,1.0,1,0.5675425651143773,0,1.5893452000177961,1.0,3.9046292662956755e-14
4,1,step,False,5,1.741348863480143,0.13877108707431884,0.13551876239308314,1.0518740386369914,46.93688532852703,4,1.300178936994807,78,14.18712793226074,20.63637407450372,1.0,1,0.5113986449114465,0,1.5893452000177961,1.0,3.9046292662956755e-14
4,1,step,False,6,1.1638828463724025,0.0686680209578199,0.06289977297936399,0.622028426472157,73.73652846831166,4,1.3447438919268,122,27.282808259752084,37.815597881797714,1.0,1,0.2954433770268191,0,1.5893452000177961,1.0,3.9046292662956755e-14
4,1,step,False,7,2.6451436560886648,0.07998994402456977,0.07602073873092775,1.546293103374471,13.3769927683865,4,1.5612099688142451,29,12.00000000094632,18.808527650286536,1.0,1,0.4208959145581912,0,1.5893452000177961,1.0,3.9046292662956755e-14
4,1,step,False,8,1.1773111634983904,0.14712388518772904,0.23291791713110763,0.7933264009229355,64.15268601527599,4,1.229517982047906,102,22.14512891317337,30.00529150549333,1.0,1,0.2479464292875775,0,1.5893452000177961,1.0,3.9046292662956755e-14
4,1,step,False,9,2.021911938662873,0.06708621648374663,0.03730169591404009,1.2721400504958391,18.556817078819357,4,1.3693512604865345,39,12.000000000500275,17.998385666348444,1.0,1,0.4247612478812322,0,1.5893452000177961,1.0,3.9046292662956755e-14
4,1,step,False,10,1.5164206506624354,0.15016829357682365,0.13808931204054878,0.8302204335831187,46.70874174669558,4,1.527742603416708,79,15.88586239200536,23.671434326590305,1.0,1,0.4010251901564847,0,1.5893452000177961,1.0,3.9046292662956755e-14
4,1,step,False,11,1.7873261353014271,0.09457975431733162,0.26528785634809443,1.126051849928676,57.084695115331876,4,1.5808953940501442,96,16.934463209239592,24.277678458123926,1.0,1,0.18745069764277753,0,1.5893452000177961,1.0,3.9046292662956755e-14
4,1,step,False,12,0.4960937291639991,0.341204379763815,0.4108634612164743,0.3111488363554541,63.6783197134603,4,1.3589012809914252,108,18.425165416187124,25.54088599863783,1.0,1,0.3461057429007882,0,1.5893452000177961,1.0,3.9046292662956755e-14
4,1,step,False,13,0.7733730741862967,0.21423773473961902,0.25563087505352156,0.451534386767639,66.83403132970636,4,1.329152171362885,115,18.09668162674781,27.251058628448416,1.0,1,0.3970140607589151,0,1.5893452000177961,1.0,3.9046292662956755e-14
4,1,step,False,14,1.2441028283176079,0.08351878500083985,0.08698193174574825,0.7674945914542526,58.061725957454186,4,1.2633188937440742,98,18.681311522456305,25.606853720183594,1.0,1,0.3582946773940214,0,1.5893452000177961,1.0,3.9046292662956755e-14
4,1,step,False,15,1.020636180189332,0.10719388275350082,0.06380384431239458,0.6787413011425951,58.51959310555104,4,1.2981172287303016,108,16.919473306581814,25.11235260271079,1.0,1,0.42441282681822307,0,1.5893452000177961,1.0,3.9046292662956755e-14
4,1,step,False,16,0.6465795769665226,0.34667372753013326,0.44473672083792226,0.3681701844501494,97.89745695364742,4,1.2003166810382462,147,36.715597490790174,52.64884482421617,1.0,1,0.47209070187783164,0,1.5893452000177961,1.0,3.9046292662956755e-14
4,1,step,False,17,1.3800791253006297,0.22699310269881143,0.3454219447144979,0.7570265018045935,48.80763556737149,4,1.4697516896109295,86,13.735150674123815,18.06236898152559,1.0,1,0.1989620770051817,0,1.5893452000177961,1.0,3.9046292662956755e-14
4,1,step,False,18,1.9545733255213382,0.15745325403544141,0.17340324924760217,1.3881731250162486,7.853191170770043,4,1.7569804946433485,22,12.000000000054573,21.21936127943188,1.0,1,0.6367846527175569,0,1.5893452000177961,1.0,3.9046292662956755e-14
4,1,step,False,19,0.8642655972196809,0.04383820566495924,0.03665801877604915,0.45671670486002897,61.87620529710102,4,1.340721252836389,104,21.447002476224277,28.496418702030272,1.0,1,0.24959556939456182,0,1.5893452000177961,1.0,3.9046292662956755e-14
4,1,step,False,20,0.4015157065634968,0.7117094551615207,0.735242077860848,0.23255373067413956,32.3597539167309,4,1.4465041377328534,59,12.000000000128162,18.64035983338688,1.0,1,0.34112945556618274,0,1.5893452000177961,1.0,3.9046292662956755e-14
4,1,step,False,21,1.0339699688965198,0.08957001356653806,0.12056576519138043,0.6144482949458159,110.95355214142103,4,1.16420689553413,158,47.440106444905595,65.38818605400166,1.0,1,0.39303736521906996,0,1.5893452000177961,1.0,3.9046292662956755e-14
4,1,step,False,22,0.8323167227644012,0.1266365562665688,0.13164829101919223,0.5634638051950027,28.29923000992318,4,1.2823286814629669,48,12.00000000040423,16.570838013438145,1.0,1,0.4066327332452381,0,1.5893452000177961,1.0,3.9046292662956755e-14
4,1,step,False,23,0.6269417020834565,0.09480376727734564,0.38204053994893644,0.33682594423068674,84.20743898946,4,1.3641352759470966,132,29.45918808884126,41.345521551778255,1.0,1,0.48224170290243007,0,1.5893452000177961,1.0,3.9046292662956755e-14
4,2,step,False,0,0.7314387939142174,0.4730013997104929,0.5073575779719194,0.3488720987583121,44.639233131341264,4,1.4717034210320197,80,12.803837246488383,18.63951896169123,1.0,1,0.20288493067991029,0,1.1238367685788733,0.6188086420297623,2.3995077926550283e-14
4,2,step,False,1,0.1901008407877457,0.8117020369439358,0.8060556090402555,0.1562697109825038,95.16254019214296,4,1.1874728407876145,152,27.842439654785142,38.39103383704928,1.0,1,0.20063725139754943,0,1.1238367685788733,0.6188086420297623,2.3995077926550283e-14
4,2,step,False,2,1.441147482065505,0.02348277134981472,0.09893059557084266,0.875115265500899,70.04878199399387,4,1.2364578866533147,111,22.572689959774785,30.022590181724286,1.0,1,0.15970358427907447,0,1.1238367685788733,0.6188086420297623,2.3995077926550283e-14
4,2,step,False,3,0.767155368090763,0.24941325051479488,0.39211122835536594,0.3000681300408479,100.75550557741175,4,1.2565369514170905,162,37.25732816828171,50.72536966568326,1.0,1,0.26827002046935106,0,1.1238367685788733,0.6188086420297623,2.3995077926550283e-14
4,2,step,False,4,0.5621501343069247,0.2095720707645631,0.10521224533694302,0.31103520024761433,89.49245843116506,4,1.1743079759427548,143,36.73136027075191,52.042547997761574,1.0,1,0.40572099146798046,0,1.1238367685788733,0.6188086420297623,2.3995077926550283e-14
4,2,step,False,5,1.741348863480143,0.1864853823652294,0.13551876239308314,1.0518740386369914,46.93688532852703,4,1.300178936994807,78,12.000000000600872,16.91406040495055,1.0,1,0.2829162531538202,0,1.1238367685788733,0.6188086420297623,2.3995077926550283e-14
4,2,step,False,6,1.1638828463724025,0.09720102943170031,0.06289977297936399,0.622028426472157,73.73652846831166,4,1.3447438919268,122,29.076528766836724,39.1566803260519,1.0,1,0.17783895117482285,0,1.1238367685788733,0.6188086420297623,2.3995077926550283e-14
4,2,step,False,7,2.6451436560886648,0.08298855777757722,0.07602073873092775,1.546293103374471,13.3769927683865,4,1.5612099688142451,29,12.000000000729447,18.124978526796642,1.0,1,0.5382499535769909,0,1.1238367685788733,0.6188086420297623,2.3995077926550283e-14
4,2,step,False,8,1.1773111634983904,0.13505800672713109,0.23291791713110763,0.7933264009229355,64.15268601527599,4,1.229517982047906,102,21.8431101616761,28.5069576205449,1.0,1,0.21224362544267386,0,1.1238367685788733,0.6188086420297623,2.3995077926550283e-14
4,2,step,False,9,2.021911938662873,0.0748619705959338,0.03730169591404009,1.2721400504958391,18.556817078819357,4,1.3693512604865345,39,12.000000000060101,17.56779107916049,1.0,1,0.2834544372314896,0,1.1238367685788733,0.6188086420297623,2.3995077926550283e-14
4,2,step,False,10,1.5164206506624354,0.12682445530203354,0.13808931204054878,0.8302204335831187,46.70874174669558,4,1.527742603416708,79,13.753005108919425,20.57676032124411,1.0,1,0.25185604701135744,0,1.1238367685788733,0.6188086420297623,2.3995077926550283e-14
4,2,step,False,11,1.7873261353014271,0.03417285765072037,0.26528785634809443,1.126051849928676,57.084695115331876,4,1.5808953940501442,96,12.707436094444633,17.96602908736788,1.0,1,0.14670634729987703,0,1.1238367685788733,0.6188086420297623,2.3995077926550283e-14
4,2,step,False,12,0.4960937291639991,0.2623272092225053,0.4108634612164743,0.3111488363554541,63.6783197134603,4,1.3589012809914252,108,18.732748331581192,25.13845338562082,1.0,1,0.17018714319008427,0,1.1238367685788733,0.6188086420297623,2.3995077926550283e-14
4,2,step,False,13,0.7733730741862967,0.28233540417371045,0.25563087505352156,0.451534386767639,66.83403132970636,4,1.329152171362885,115,21.901199268335358,34.61536716900831,1.0,1,0.22593388531374056,0,1.1238367685788733,0.6188086420297623,2.3995077926550283e-14
4,2,step,False,14,1.2441028283176079,0.06732069881267633,0.08698193174574825,0.7674945914542526,58.061725957454186,4,1.2633188937440742,98,17.14558383037059,22.86735657595756,1.0,1,0.1910596613666012,0,1.1238367685788733,0.6188086420297623,2.3995077926550283e-14
4,2,step,False,15,1.020636180189332,0.09025783621458507,0.06380384431239458,0.6787413011425951,58.51959310555104,4,1.2981172287303016,108,17.91231046080172,25.23182407388041,1.0,1,0.1836223266737947,0,1.1238367685788733,0.6188086420297623,2.3995077926550283e-14
4,2,step,False,16,0.6465795769665226,0.2742832037267688,0.44473672083792226,0.3681701844501494,97.89745695364742,4,1.2003166810382462,147,37.51810940633775,52.675854434836275,1.0,1,0.27092145458520345,0,1.1238367685788733,0.6188086420297623,2.3995077926550283e-14
4,2,step,False,17,1.3800791253006297,0.19584601886181355,0.3454219447144979,0.7570265018045935,48.80763556737149,4,1.4697516896109295,86,12.549377464955215,16.7155238795918,1.0,1,0.20955352833560997,0,1.1238367685788733,0.6188086420297623,2.3995077926550283e-14
4,2,step,False,18,1.9545733255213382,0.10372859540883674,0.17340324924760217,1.3881731250162486,7.853191170770043,4,1.7569804946433485,22,12.00000000008292,20.288440690819403,1.0,1,0.4773261187793364,0,1.1238367685788733,0.6188086420297623,2.3995077926550283e-14
4,2,step,False,19,0.8642655972196809,0.1675337858980991,0.03665801877604915,0.45671670486002897,61.87620529710102,4,1.340721252836389,104,23.92137357230837,31.97407948769806,1.0,1,0.1572475906122622,0,1.1238367685788733,0.6188086420297623,2.3995077926550283e-14
4,2,step,False,20,0.4015157065634968,0.6604596541505903,0.735242077860848,0.23255373067413956,32.3597539167309,4,1.4465041377328534,59,12.00000000013291,17.579110857988113,1.0,1,0.2836249942840371,0,1.1238367685788733,0.6188086420297623,2.3995077926550283e-14
4,2,step,False,21,1.0339699688965198,0.07084904747010395,0.12056576519138043,0.6144482949458159,110.95355214142103,4,1.16420689553413,158,46.3273390318609,61.88806191683464,1.0,1,0.17243700925246275,0,1.1238367685788733,0.6188086420297623,2.3995077926550283e-14
4,2,step,False,22,0.8323167227644012,0.11400349037341037,0.13164829101919223,0.5634638051950027,28.29923000992318,4,1.2823286814629669,48,12.000000000901636,17.53138293626727,1.0,1,0.37501465638106873,0,1.1238367685788733,0.6188086420297623,2.3995077926550283e-14
4,2,step,False,23,0.6269417020834565,0.07085155771751382,0.38204053994893644,0.33682594423068674,84.20743898946,4,1.3641352759470966,132,30.91367613725459,43.84847666060574,1.0,1,0.27320594154885575,0,1.1238367685788733,0.6188086420297623,2.3995077926550283e-14
4,3,step,False,0,0.7314387939142174,0.5620266121343522,0.5073575779719194,0.3488720987583121,44.639233131341264,4,1.4717034210320197,80,15.967068996826313,22.345642070488662,1.0,1,0.10436516705468776,0,0.794672600008898,0.3776591122150421,4.436745353119046e-14
4,3,step,False,1,0.1901008407877457,0.6735297906314055,0.8060556090402555,0.1562697109825038,95.16254019214296,4,1.1874728407876145,152,28.560438230381862,38.95898443580771,1.0,1,0.1202009017398719,0,0.794672600008898,0.3776591122150421,4.436745353119046e-14
4,3,step,False,2,1.441147482065505,0.04477637140143463,0.09893059557084266,0.875115265500899,70.04878199399387,4,1.2364578866533147,111,20.475015618364537,26.667461309168623,1.0,1,0.16863097964999993,0,0.794672600008898,0.3776591122150421,4.436745353119046e-14
4,3,step,False,3,0.767155368090763,0.2669671508323224,0.39211122835536594,0.3000681300408479,100.75550557741175,4,1.2565369514170905,162,36.79370366378944,48.02429033376213,1.0,1,0.1387221436468687,0,0.794672600008898,0.3776591122150421,4.436745353119046e-14
4,3,step,False,4,0.5621501343069247,0.28671607256377696,0.10521224533694302,0.31103520024761433,89.49245843116506,4,1.1743079759427548,143,35.99134754122299,50.18595500544042,1.0,1,0.12432627273285213,0,0.794672600008898,0.3776591122150421,4.436745353119046e-14
4,3,step,False,5,1.741348863480143,0.27570826964860334,0.13551876239308314,1.0518740386369914,46.93688532852703,4,1.300178936994807,78,12.000000000169079,16.412292753857795,1.0,1,0.24678136376179827,0,0.794672600008898,0.3776591122150421,4.436745353119046e-14
4,3,step,False,6,1.1638828463724025,0.13680907872126444,0.06289977297936399,0.622028426472157,73.73652846831166,4,1.3447438919268,122,28.856041143811552,37.644717076213865,1.0,1,0.0840694906384117,0,0.794672600008898,0.3776591122150421,4.436745353119046e-14
4,3,step,False,7,2.6451436560886648,0.08438448620232014,0.07602073873092775,1.546293103374471,13.3769927683865,4,1.5612099688142451,29,12.00000000002916,18.04621125719013,1.0,1,0.5024016887919518,0,0.794672600008898,0.3776591122150421,4.436745353119046e-14
4,3,step,False,8,1.1773111634983904,0.15516437085110057,0.23291791713110763,0.7933264009229355,64.15268601527599,4,1.229517982047906,102,22.023750796021744,29.10722614652058,1.0,1,0.14876029263251497,0,0.794672600008898,0.3776591122150421,4.436745353119046e-14
4,3,step,False,9,2.021911938662873,0.13831040032309566,0.03730169591404009,1.2721400504958391,18.556817078819357,4,1.3693512604865345,39,12.00000000068192,16.670679309076124,1.0,1,0.1745337900801912,0,0.794672600008898,0.3776591122150421,4.436745353119046e-14
4,3,step,False,10,1.5164206506624354,0.07057742751156536,0.13808931204054878,0.8302204335831187,46.70874174669558,4,1.527742603416708,79,12.000000000238844,15.501732137283177,1.0,1,0.1103482279998539,0,0.794672600008898,0.3776591122150421,4.436745353119046e-14
4,3,step,False,11,1.7873261353014271,0.13134352122383847,0.26528785634809443,1.126051849928676,57.084695115331876,4,1.5808953940501442,96,12.000000000287308,17.10772767288063,1.0,1,0.08401787183084845,0,0.794672600008898,0.3776591122150421,4.436745353119046e-14
4,3,step,False,12,0.4960937291639991,0.0741973215256777,0.4108634612164743,0.3111488363554541,63.6783197134603,4,1.3589012809914252,108,20.321094790751214,27.177543267946945,1.0,1,0.10790922195176515,0,0.794672600008898,0.3776591122150421,4.436745353119046e-14
4,3,step,False,13,0.7733730741862967,0.3246517022629213,0.25563087505352156,0.451534386767639,66.83403132970636,4,1.329152171362885,115,23.261860609532096,34.20893683381888,1.0,1,0.14264583627192856,0,0.794672600008898,0.3776591122150421,4.436745353119046e-14
4,3,step,False,14,1.2441028283176079,0.0735653602623373,0.08698193174574825,0.7674945914542526,58.061725957454186,4,1.2633188937440742,98,15.88487296794671,21.861062277871884,1.0,1,0.1123553516259165,0,0.794672600008898,0.3776591122150421,4.436745353119046e-14
4,3,step,False,15,1.020636180189332,0.1452594171423308,0.06380384431239458,0.6787413011425951,58.51959310555104,4,1.2981172287303016,108,21.157013177713708,29.652166517859406,1.0,1,0.11469864661638174,0,0.794672600008898,0.3776591122150421,4.436745353119046e-14
4,3,step,False,16,0.6465795769665226,0.2922259766134187,0.44473672083792226,0.3681701844501494,97.89745695364742,4,1.2003166810382462,147,37.26431360305034,51.199212248044454,1.0,1,0.13164309606893834,0,0.794672600008898,0.3776591122150421,4.436745353119046e-14
4,3,step,False,17,1.3800791253006297,0.3502010159784306,0.3454219447144979,0.7570265018045935,48.80763556737149,4,1.4697516896109295,86,12.000000000057035,16.37070207172526,1.0,1,0.17920845895160098,0,0.794672600008898,0.3776591122150421,4.436745353119046e-14
4,3,step,False,18,1.9545733255213382,0.17711701455315204,0.17340324924760217,1.3881731250162486,7.853191170770043,4,1.7569804946433485,22,12.000000000742265,20.14017269174572,1.0,1,0.30694759879894384,0,0.794672600008898,0.3776591122150421,4.436745353119046e-14
4,3,step,False,19,0.8642655972196809,0.21722804839196494,0.03665801877604915,0.45671670486002897,61.87620529710102,4,1.340721252836389,104,25.770018890460623,34.19725654611642,1.0,1,0.10785221037629895,0,0.794672600008898,0.3776591122150421,4.436745353119046e-14
4,3,step,False,20,0.4015157065634968,0.6501827708858249,0.735242077860848,0.23255373067413956,32.3597539167309,4,1.4465041377328534,59,12.000000000949658,16.804754661753044,1.0,1,0.13522899908780517,0,0.794672600008898,0.3776591122150421,4.436745353119046e-14
4,3,step,False,21,1.0339699688965198,0.06463384226235874,0.12056576519138043,0.6144482949458159,110.95355214142103,4,1.16420689553413,158,45.52880584601787,57.0268846000904,1.0,1,0.08853084327582221,0,0.794672600008898,0.3776591122150421,4.436745353119046e-14
4,3,step,False,22,0.8323167227644012,0.11266600218902723,0.13164829101919223,0.5634638051950027,28.29923000992318,4,1.2823286814629669,48,12.000000000435204,16.915167402688876,1.0,1,0.10227107421982726,0,0.794672600008898,0.3776591122150421,4.436745353119046e-14
4,3,step,False,23,0.6269417020834565,0.15330164169502777,0.38204053994893644,0.33682594423068674,84.20743898946,4,1.3641352759470966,132,30.02284153520443,41.75698061748315,1.0,1,0.174629389201799,0,0.794672600008898,0.3776591122150421,4.436745353119046e-14
5,0,init,False,0,1.1820895330230798,0.3241116396054079,0.32411163960540756,0.857374985614215,38.90297561919407,4,1.5071678897923484,67,nan,nan,1.0,1,nan,0,nan,nan,nan
5,0,init,False,1,0.26367240428572386,0.16539621168576046,0.16539621168576113,0.22185542112478318,95.84519872031498,4,1.287746448166381,155,nan,nan,1.0,1,nan,0,nan,nan,nan
5,0,init,False,2,1.4340599023864413,0.17459219010075439,0.174592190100755,1.158405486237627,55.98291989849718,4,1.3553777963333264,95,nan,nan,1.0,1,nan,0,nan,nan,nan
5,0,init,False,3,2.0354935116480677,0.05406743463391137,0.05406743463390932,1.7285146722177454,33.44533630616429,4,1.4575318171354017,57,nan,nan,1.0,1,nan,0,nan,nan,nan
5,0,init,False,4,1.71708545598336,0.10099193842856917,0.10099193842856587,1.3571937829292102,60.11580097272275,4,1.2389011314110931,99,nan,nan,1.0,1,nan,0,nan,nan,nan
5,0,init,False,5,1.1181558309160755,0.08198948536465578,0.08198948536465712,0.7935726957298979,61.19777099850654,4,1.4314713500216605,105,nan,nan,1.0,1,nan,0,nan,nan,nan
5,0,init,False,6,0.6253378024127711,0.0994278080918958,0.0994278080918958,0.4892243965605667,110.0586936588459,4,1.2500789463895183,165,nan,nan,1.0,1,nan,0,nan,nan,nan
5,0,init,False,7,1.2089920649223933,0.09013254848285243,0.09013254848285365,0.9641824706292976,67.29482899156545,4,1.355290842554952,115,nan,nan,1.0,1,nan,0,nan,nan,nan
5,0,init,False,8,1.9290127460323419,0.11002760353969684,0.11002760353969786,1.4732891678458182,14.016744934235074,4,1.7009976930557105,28,nan,nan,1.0,1,nan,0,nan,nan,nan
5,0,init,False,9,1.3537456170574012,0.01697244973965534,0.01697244973965534,1.04435512009004,73.0190906692872,4,1.3651017948003297,121,nan,nan,1.0,1,nan,0,nan,nan,nan
5,0,init,False,10,1.0134078727473856,0.157594036012756,0.1575940360127539,0.7596442934490684,73.13296962220065,4,1.3820441899567106,114,nan,nan,1.0,1,nan,0,nan,nan,nan
5,0,init,False,11,2.6010207254251076,0.11251685372823621,0.11251685372823621,1.9476187491606891,17.438172763650442,4,1.8152890169892664,36,nan,nan,1.0,1,nan,0,nan,nan,nan
5,0,init,False,12,0.847995390281777,0.14576423570776575,0.14576423570776728,0.6044797632237658,99.09670441818193,4,1.2786510227569414,158,nan,nan,1.0,1,nan,0,nan,nan,nan
5,0,init,False,13,1.158477556120006,0.18855795233335315,0.18855795233335254,0.861497801534667,33.837397863001414,4,1.573040429892719,63,nan,nan,1.0,1,nan,0,nan,nan,nan
5,0,init,False,14,1.6911301854914427,0.13234764475274036,0.13234764475274036,1.3948780066692326,36.99050377418594,4,1.5126754161719986,70,nan,nan,1.0,1,nan,0,nan,nan,nan
5,0,init,False,15,0.9443564653403165,0.3053697177035067,0.30536971770350596,0.5686140600774047,68.61454808951223,4,1.2549233403767515,114,nan,nan,1.0,1,nan,0,nan,nan,nan
5,0,init,False,16,1.469340822890217,0.05950633472275186,0.059506334722753726,1.0994060958644145,67.84650810599985,4,1.4085137832519536,117,nan,nan,1.0,1,nan,0,nan,nan,nan
5,0,init,False,17,2.426100916153647,0.13396921756337601,0.13396921756337518,1.8155762674298326,30.159664122786523,4,1.3692893234626067,58,nan,nan,1.0,1,nan,0,nan,nan,nan
5,0,init,False,18,1.2113073977099769,0.28248299094411533,0.28248299094411533,0.7543919456706542,34.494677777760245,4,1.4694076471196909,65,nan,nan,1.0,1,nan,0,nan,nan,nan
5,0,init,False,19,0.6565585810840902,0.1692017877160871,0.16920178771608774,0.5798657723895476,94.9924857091055,4,1.1841976947545165,144,nan,nan,1.0,1,nan,0,nan,nan,nan
5,0,init,False,20,0.22818447607247358,0.24247710600803557,0.24247710600803601,0.22721771292319382,114.43026484318936,4,1.2019047796631555,169,nan,nan,1.0,1,nan,0,nan,nan,nan
5,0,init,False,21,2.8435732924836863,0.14108848787634234,0.14108848787634234,2.2355014986939183,9.042044717524398,4,1.8542263553963083,21,nan,nan,1.0,1,nan,0,nan,nan,nan
5,0,init,False,22,1.170997784687522,0.11031236597377861,0.11031236597377962,0.8321436965387609,82.5520169378254,4,1.1535871122095316,135,nan,nan,1.0,1,nan,0,nan,nan,nan
5,0,init,False,23,0.7465120467117895,0.2262188458091572,0.22621884580915622,0.47678905410900263,67.49268048574271,4,1.1477873774205645,107,nan,nan,1.0,1,nan,0,nan,nan,nan
5,1,step,False,0,1.1820895330230798,0.28416847711668847,0.32411163960540756,0.857374985614215,38.90297561919407,4,1.5071678897923484,67,12.000000000154806,17.58636001051443,1.0,1,0.3159937246453701,0,1.5361907633867116,1.0,6.149309358215526e-16
5,1,step,False,1,0.26367240428572386,0.1470106858790655,0.16539621168576113,0.22185542112478318,95.84519872031498,4,1.287746448166381,155,33.67709180614857,47.36336676718726,1.0,1,0.3944907074178804,0,1.5361907633867116,1.0,6.149309358215526e-16
5,1,step,False,2,1.4340599023864413,0.09715919818105533,0.174592190100755,1.158405486237627,55.98291989849718,4,1.3553777963333264,95,16.2232282358807,24.655222482180157,1.0,1,0.3035513089938095,0,1.5361907633867116,1.0,6.149309358215526e-16
5,1,step,False,3,2.0354935116480677,0.09022636076394772,0.05406743463390932,1.7285146722177454,33.44533630616429,4,1.4575318171354017,57,12.000000000294236,16.58981835759817,1.0,1,0.31652515087294175,0,1.5361907633867116,1.0,6.149309358215526e-16
5,1,step,False,4,1.71708545598336,0.06984489291167942,0.10099193842856587,1.3571937829292102,60.11580097272275,4,1.2389011314110931,99,21.634179176079904,29.941043516514128,1.0,1,0.3652941029822828,0,1.5361907633867116,1.0,6.149309358215526e-16
5,1,step,False,5,1.1181558309160755,0.07993524327891162,0.08198948536465712,0.7935726957298979,61.19777099850654,4,1.4314713500216605,105,20.09338342682252,27.79327243098916,1.0,1,0.31235957998000996,0,1.5361907633867116,1.0,6.149309358215526e-16
5,1,step,False,6,0.6253378024127711,0.08363667901792478,0.0994278080918958,0.4892243965605667,110.0586936588459,4,1.2500789463895183,165,39.19008595268184,52.14454097154675,1.0,1,0.3613609470781238,0,1.5361907633867116,1.0,6.149309358215526e-16
5,1,step,False,7,1.2089920649223933,0.08471464010039939,0.09013254848285365,0.9641824706292976,67.29482899156545,4,1.355290842554952,115,22.818660679297867,31.59651724682935,1.0,1,0.32553485134098664,0,1.5361907633867116,1.0,6.149309358215526e-16
5,1,step,False,8,1.9290127460323419,0.11381981268503763,0.11002760353969786,1.4732891678458182,14.016744934235074,4,1.7009976930557105,28,12.000000000273559,17.225202088237182,1.0,1,0.6240400662116825,0,1.5361907633867116,1.0,6.149309358215526e-16
5,1,step,False,9,1.3537456170574012,0.10241851079357664,0.01697244973965534,1.04435512009004,73.0190906692872,4,1.3651017948003297,121,20.507121797576986,32.0715818384732,1.0,1,0.49914813114256085,0,1.5361907633867116,1.0,6.149309358215526e-16
5,1,step,False,10,1.0134078727473856,0.1153701414889233,0.1575940360127539,0.7596442934490684,73.13296962220065,4,1.3820441899567106,114,25.0304841296724,34.772517725431705,1.0,1,0.24535981271775337,0,1.5361907633867116,1.0,6.149309358215526e-16
5,1,step,False,11,2.6010207254251076,0.17246615194105153,0.11251685372823621,1.9476187491606891,17.438172763650442,4,1.8152890169892664,36,12.000000000980286,19.689106546084137,1.0,1,0.444869485967309,0,1.5361907633867116,1.0,6.149309358215526e-16
5,1,step,False,12,0.847995390281777,0.05655914548000378,0.14576423570776728,0.6044797632237658,99.09670441818193,4,1.2786510227569414,158,36.62482742136224,51.908543908929694,1.0,1,0.2436114330201362,0,1.5361907633867116,1.0,6.149309358215526e-16
5,1,step,False,13,1.158477556120006,0.1261421024747452,0.18855795233335254,0.861497801534667,33.837397863001414,4,1.573040429892719,63,12.000000000268273,16.642295904916388,1.0,1,0.41217774479515784,0,1.5361907633867116,1.0,6.149309358215526e-16
5,1,step,False,14,1.6911301854914427,0.04777377939941373,0.13234764475274036,1.3948780066692326,36.99050377418594,4,1.5126754161719986,70,12.000000000467612,19.056175904448875,1.0,1,0.5080237606078594,0,1.5361907633867116,1.0,6.149309358215526e-16
5,1,step,False,15,0.9443564653403165,0.33969207766543497,0.30536971770350596,0.5686140600774047,68.61454808951223,4,1.2549233403767515,114,24.546968000354262,33.24617060392652,1.0,1,0.25141573151138136,0,1.5361907633867116,1.0,6.149309358215526e-16
5,1,step,False,16,1.469340822890217,0.14980485070000002,0.059506334722753726,1.0994060958644145,67.84650810599985,4,1.4085137832519536,117,18.534764586363135,28.955810419867785,1.0,1,0.3679913081794912,0,1.5361907633867116,1.0,6.149309358215526e-16
5,1,step,False,17,2.426100916153647,0.11270376732683787,0.13396921756337518,1.8155762674298326,30.159664122786523,4,1.3692893234626067,58,12.00000000004576,19.16734513340775,1.0,1,0.28569388572613613,0,1.5361907633867116,1.0,6.149309358215526e-16
5,1,step,False,18,1.2113073977099769,0.21434242667998185,0.28248299094411533,0.7543919456706542,34.494677777760245,4,1.4694076471196909,65,12.000000000001737,18.23101599261081,1.0,1,0.3427991480440304,0,1.5361907633867116,1.0,6.149309358215526e-16
5,1,step,False,19,0.6565585810840902,0.08155655594692368,0.16920178771608774,0.5798657723895476,94.9924857091055,4,1.1841976947545165,144,36.96978609357848,53.55873231954947,1.0,1,0.4297889955167578,0,1.5361907633867116,1.0,6.149309358215526e-16
5,1,step,False,20,0.22818447607247358,0.29946653902322584,0.24247710600803601,0.22721771292319382,114.43026484318936,4,1.2019047796631555,169,43.83236656690404,62.06222334747862,1.0,1,0.4640040912013469,0,1.5361907633867116,1.0,6.149309358215526e-16
5,1,step,False,21,2.8435732924836863,0.15169190038036381,0.14108848787634234,2.2355014986939183,9.042044717524398,4,1.8542263553963083,21,12.000000000635726,18.630834449138387,1.0,1,0.2591628242504755,0,1.5361907633867116,1.0,6.149309358215526e-16
5,1,step,False,22,1.170997784687522,0.054812365178632715,0.11031236597377962,0.8321436965387609,82.5520169378254,4,1.1535871122095316,135,29.83058501371553,41.32661134980959,1.0,1,0.46714023047069275,0,1.5361907633867116,1.0,6.149309358215526e-16
5,1,step,False,23,0.7465120467117895,0.12411465714540183,0.22621884580915622,0.47678905410900263,67.49268048574271,4,1.1477873774205645,107,23.706998561935052,32.99485764915649,1.0,1,0.34103268317991825,0,1.5361907633867116,1.0,6.149309358215526e-16
5,2,step,False,0,1.1820895330230798,0.15015152890786398,0.32411163960540756,0.857374985614215,38.90297561919407,4,1.5071678897923484,67,12.000000000290719,18.77962750365709,1.0,1,0.23297548499762483,0,1.0862509059868828,0.6097955256700516,4.6498725675082e-14
5,2,step,False,1,0.26367240428572386,0.09723288064438722,0.16539621168576113,0.22185542112478318,95.84519872031498,4,1.287746448166381,155,34.39395377587076,46.69213337518576,1.0,1,0.21020664104833484,0,1.0862509059868828,0.6097955256700516,4.6498725675082e-14
5,2,step,False,2,1.4340599023864413,0.11965535960976752,0.174592190100755,1.158405486237627,55.98291989849718,4,1.3553777963333264,95,16.44064828820242,25.350155845882178,1.0,1,0.27405829826522055,0,1.0862509059868828,0.6097955256700516,4.6498725675082e-14
5,2,step,False,3,2.0354935116480677,0.07713654345156452,0.05406743463390932,1.7285146722177454,33.44533630616429,4,1.4575318171354017,57,12.000000000632172,16.18999614712631,1.0,1,0.29954537557082594,0,1.0862509059868828,0.6097955256700516,4.6498725675082e-14
5,2,step,False,4,1.71708545598336,0.09318631828797762,0.10099193842856587,1.3571937829292102,60.11580097272275,4,1.2389011314110931,99,17.07014946031912,22.061956321619082,1.0,1,0.2183146872234991,0,1.0862509059868828,0.6097955256700516,4.6498725675082e-14
5,2,step,False,5,1.1181558309160755,0.098922130948225,0.08198948536465712,0.7935726957298979,61.19777099850654,4,1.4314713500216605,105,21.52998524244174,28.370025156886488,1.0,1,0.17208843497834614,0,1.0862509059868828,0.6097955256700516,4.6498725675082e-14
5,2,step,False,6,0.6253378024127711,0.18484484678241225,0.0994278080918958,0.4892243965605667,110.0586936588459,4,1.2500789463895183,165,43.807710966317906,60.121903275264266,1.0,1,0.2946090964830628,0,1.0862509059868828,0.6097955256700516,4.6498725675082e-14
5,2,step,False,7,1.2089920649223933,0.0660447152821584,0.09013254848285365,0.9641824706292976,67.29482899156545,4,1.355290842554952,115,23.861404789959156,34.15566582730751,1.0,1,0.22961779962796675,0,1.0862509059868828,0.6097955256700516,4.6498725675082e-14
5,2,step,False,8,1.9290127460323419,0.1990938008076703,0.11002760353969786,1.4732891678458182,14.016744934235074,4,1.7009976930557105,28,12.00000000027203,17.164425221589905,1.0,1,0.3599175161738257,0,1.0862509059868828,0.6097955256700516,4.6498725675082e-14
5,2,step,False,9,1.3537456170574012,0.16252549336469754,0.01697244973965534,1.04435512009004,73.0190906692872,4,1.3651017948003297,121,18.93898381385473,27.668529861902545,1.0,1,0.1696088537020057,0,1.0862509059868828,0.6097955256700516,4.6498725675082e-14
5,2,step,False,10,1.0134078727473856,0.10899692213496366,0.1575940360127539,0.7596442934490684,73.13296962220065,4,1.3820441899567106,114,27.515750111810124,37.763137737339726,1.0,1,0.16995661333907924,0,1.0862509059868828,0.6097955256700516,4.6498725675082e-14
5,2,step,False,11,2.6010207254251076,0.21793222382453775,0.11251685372823621,1.9476187491606891,17.438172763650442,4,1.8152890169892664,36,12.00000000037624,17.72918615613791,1.0,1,0.22509451500458583,0,1.0862509059868828,0.6097955256700516,4.6498725675082e-14
5,2,step,False,12,0.847995390281777,0.0769980123967262,0.14576423570776728,0.6044797632237658,99.09670441818193,4,1.2786510227569414,158,39.29986543887036,54.515894148468014,1.0,1,0.24891603639965681,0,1.0862509059868828,0.6097955256700516,4.6498725675082e-14
5,2,step,False,13,1.158477556120006,0.09298786925341632,0.18855795233335254,0.861497801534667,33.837397863001414,4,1.573040429892719,63,12.000000000183912,17.65100349559185,1.0,1,0.2804819315607046,0,1.0862509059868828,0.6097955256700516,4.6498725675082e-14
5,2,step,False,14,1.6911301854914427,0.085418364913554,0.13234764475274036,1.3948780066692326,36.99050377418594,4,1.5126754161719986,70,12.000000000633952,19.1310293089319,1.0,1,0.3208612731591852,0,1.0862509059868828,0.6097955256700516,4.6498725675082e-14
5,2,step,False,15,0.9443564653403165,0.281420634392688,0.30536971770350596,0.5686140600774047,68.61454808951223,4,1.2549233403767515,114,24.9116257350222,33.004510095350845,1.0,1,0.22161822398043599,0,1.0862509059868828,0.6097955256700516,4.6498725675082e-14
5,2,step,False,16,1.469340822890217,0.16816857542240457,0.059506334722753726,1.0994060958644145,67.84650810599985,4,1.4085137832519536,117,17.536914831990988,27.234655118190588,1.0,1,0.2169395518500491,0,1.0862509059868828,0.6097955256700516,4.6498725675082e-14
5,2,step,False,17,2.426100916153647,0.168828421347489,0.13396921756337518,1.8155762674298326,30.159664122786523,4,1.3692893234626067,58,12.000000000516735,17.89538221867757,1.0,1,0.3548151841300342,0,1.0862509059868828,0.6097955256700516,4.6498725675082e-14
5,2,step,False,18,1.2113073977099769,0.2677235206342583,0.28248299094411533,0.7543919456706542,34.494677777760245,4,1.4694076471196909,65,12.000000000721005,17.18648626237539,1.0,1,0.34079641445887576,0,1.0862509059868828,0.6097955256700516,4.6498725675082e-14
5,2,step,False,19,0.6565585810840902,0.110344777346889,0.16920178771608774,0.5798657723895476,94.9924857091055,4,1.1841976947545165,144,40.545395755097886,58.18157982029878,1.0,1,0.29732335633359247,0,1.0862509059868828,0.6097955256700516,4.6498725675082e-14
5,2,step,False,20,0.22818447607247358,0.29061431712204083,0.24247710600803601,0.22721771292319382,114.43026484318936,4,1.2019047796631555,169,45.00788575883422,62.33853708227455,1.0,1,0.2672889227747457,0,1.0862509059868828,0.6097955256700516,4.6498725675082e-14
5,2,step,False,21,2.8435732924836863,0.20897128633044149,0.14108848787634234,2.2355014986939183,9.042044717524398,4,1.8542263553963083,21,12.000000000195383,18.105043748005784,1.0,1,0.3441191580176168,0,1.0862509059868828,0.6097955256700516,4.6498725675082e-14
5,2,step,False,22,1.170997784687522,0.018981169608499437,0.11031236597377962,0.8321436965387609,82.5520169378254,4,1.1535871122095316,135,27.696756207611703,37.63385413160123,1.0,1,0.2600009262306896,0,1.0862509059868828,0.6097955256700516,4.6498725675082e-14
5,2,step,False,23,0.7465120467117895,0.1082748590493531,0.22621884580915622,0.47678905410900263,67.49268048574271,4,1.1477873774205645,107,24.909502204072048,33.84940152110821,1.0,1,0.23355890325335152,0,1.0862509059868828,0.6097955256700516,4.6498725675082e-14
5,3,step,False,0,1.1820895330230798,0.15093375905731382,0.32411163960540756,0.857374985614215,38.90297561919407,4,1.5071678897923484,67,12.000000000190978,19.627844373886813,1.0,1,0.1470796310093813,0,0.7680953816933557,0.36334705352783203,1.1227064456213905e-13
5,3,step,False,1,0.26367240428572386,0.1315274441945736,0.16539621168576113,0.22185542112478318,95.84519872031498,4,1.287746448166381,155,35.62858888506065,47.98075092697101,1.0,1,0.16420443070610538,0,0.7680953816933557,0.36334705352783203,1.1227064456213905e-13
5,3,step,False,2,1.4340599023864413,0.18614103278503183,0.174592190100755,1.158405486237627,55.98291989849718,4,1.3553777963333264,95,14.740111234092849,20.5038851797225,1.0,1,0.1037441404991209,0,0.7680953816933557,0.36334705352783203,1.1227064456213905e-13
5,3,step,False,3,2.0354935116480677,0.11274676978420077,0.05406743463390932,1.7285146722177454,33.44533630616429,4,1.4575318171354017,57,12.0000000006659,16.059102881664373,1.0,1,0.06825567640046827,0,0.7680953816933557,0.36334705352783203,1.1227064456213905e-13
5,3,step,False,4,1.71708545598336,0.08854342141770913,0.10099193842856587,1.3571937829292102,60.11580097272275,4,1.2389011314110931,99,14.056545708672108,17.197067701573143,1.0,1,0.1312525320588803,0,0.7680953816933557,0.36334705352783203,1.1227064456213905e-13
5,3,step,False,5,1.1181558309160755,0.08547693995629815,0.08198948536465712,0.7935726957298979,61.19777099850654,4,1.4314713500216605,105,23.342891778606386,31.156854358964303,1.0,1,0.08982681303334024,0,0.7680953816933557,0.36334705352783203,1.1227064456213905e-13
5,3,step,False,6,0.6253378024127711,0.30914295239175515,0.0994278080918958,0.4892243965605667,110.0586936588459,4,1.2500789463895183,165,43.49861429414932,58.64357255953494,1.0,1,0.1777721901583181,0,0.7680953816933557,0.36334705352783203,1.1227064456213905e-13
5,3,step,False,7,1.2089920649223933,0.060444457443935874,0.09013254848285365,0.9641824706292976,67.29482899156545,4,1.355290842554952,115,21.918966714980712,29.95481894333905,1.0,1,0.14925878995439848,0,0.7680953816933557,0.36334705352783203,1.1227064456213905e-13
5,3,step,False,8,1.9290127460323419,0.23204987015194303,0.11002760353969786,1.4732891678458182,14.016744934235074,4,1.7009976930557105,28,12.0000000002171,16.61846574547659,1.0,1,0.32394435453670545,0,0.7680953816933557,0.36334705352783203,1.1227064456213905e-13
5,3,step,False,9,1.3537456170574012,0.22308669069510287,0.01697244973965534,1.04435512009004,73.0190906692872,4,1.3651017948003297,121,19.389368871367253,26.830614285148453,1.0,1,0.12216716718881715,0,0.7680953816933557,0.36334705352783203,1.1227064456213905e-13
5,3,step,False,10,1.0134078727473856,0.1809057089220734,0.1575940360127539,0.7596442934490684,73.13296962220065,4,1.3820441899567106,114,30.24980529170248,40.44005589236314,1.0,1,0.09114983815034053,0,0.7680953816933557,0.36334705352783203,1.1227064456213905e-13
5,3,step,False,11,2.6010207254251076,0.2517397119469798,0.11251685372823621,1.9476187491606891,17.438172763650442,4,1.8152890169892664,36,12.000000000308003,15.872498667364274,1.0,1,0.18502054673309748,0,0.7680953816933557,0.36334705352783203,1.1227064456213905e-13
5,3,step,False,12,0.847995390281777,0.057606175152869164,0.14576423570776728,0.6044797632237658,99.09670441818193,4,1.2786510227569414,158,41.02658790519315,55.53919782511111,1.0,1,0.13709854943810446,0,0.7680953816933557,0.36334705352783203,1.1227064456213905e-13
5,3,step,False,13,1.158477556120006,0.06591559964411842,0.18855795233335254,0.861497801534667,33.837397863001414,4,1.573040429892719,63,13.083372901303205,17.628810402398994,1.0,1,0.10103625683714815,0,0.7680953816933557,0.36334705352783203,1.1227064456213905e-13
5,3,step,False,14,1.6911301854914427,0.06761028651632747,0.13234764475274036,1.3948780066692326,36.99050377418594,4,1.5126754161719986,70,12.000000000891344,18.51726510244929,1.0,1,0.22752222750558304,0,0.7680953816933557,0.36334705352783203,1.1227064456213905e-13
5,3,step,False,15,0.9443564653403165,0.23159331058677152,0.30536971770350596,0.5686140600774047,68.61454808951223,4,1.2549233403767515,114,25.939132593058986,34.832154372572944,1.0,1,0.13399965455204027,0,0.7680953816933557,0.36334705352783203,1.1227064456213905e-13
5,3,step,False,16,1.469340822890217,0.12398760327174822,0.059506334722753726,1.0994060958644145,67.84650810599985,4,1.4085137832519536,117,17.37602107264661,25.207223397425814,1.0,1,0.18982633038169444,0,0.7680953816933557,0.36334705352783203,1.1227064456213905e-13
5,3,step,False,17,2.426100916153647,0.2112024309028598,0.13396921756337518,1.8155762674298326,30.159664122786523,4,1.3692893234626067,58,12.000000000345683,16.683723549720405,1.0,1,0.48183455607256137,0,0.7680953816933557,0.36334705352783203,1.1227064456213905e-13
5,3,step,False,18,1.2113073977099769,0.4140813513227738,0.28248299094411533,0.7543919456706542,34.494677777760245,4,1.4694076471196909,65,12.000000000180542,16.73482134371657,1.0,1,0.19223559913816268,0,0.7680953816933557,0.36334705352783203,1.1227064456213905e-13
5,3,step,False,19,0.6565585810840902,0.08524899734573367,0.16920178771608774,0.5798657723895476,94.9924857091055,4,1.1841976947545165,144,40.65526710419034,53.342293749588606,1.0,1,0.10662962941649581,0,0.7680953816933557,0.36334705352783203,1.1227064456213905e-13
5,3,step,False,20,0.22818447607247358,0.2921820352072902,0.24247710600803601,0.22721771292319382,114.43026484318936,4,1.2019047796631555,169,44.48056605567307,61.122065108953024,1.0,1,0.16567338667792095,0,0.7680953816933557,0.36334705352783203,1.1227064456213905e-13
5,3,step,False,21,2.8435732924836863,0.2092936141482839,0.14108848787634234,2.2355014986939183,9.042044717524398,4,1.8542263553963083,21,12.000000000235065,18.190934983356417,1.0,1,0.30085007614353787,0,0.7680953816933557,0.36334705352783203,1.1227064456213905e-13
5,3,step,False,22,1.170997784687522,0.059406522496482456,0.11031236597377962,0.8321436965387609,82.5520169378254,4,1.1535871122095316,135,25.69510004594734,34.798022598550844,1.0,1,0.17584101630745588,0,0.7680953816933557,0.36334705352783203,1.1227064456213905e-13
5,3,step,False,23,0.7465120467117895,0.2135752870936171,0.22621884580915622,0.47678905410900263,67.49268048574271,4,1.1477873774205645,107,25.864455099494165,34.86357822136968,1.0,1,0.09748059111410685,0,0.7680953816933557,0.36334705352783203,1.1227064456213905e-13
6,0,init,False,0,2.54098135741418,0.10533064186018039,0.10533064186017933,1.6683342527849552,17.46057952630617,4,1.27484943904016,33,nan,nan,1.0,1,nan,0,nan,nan,nan
6,0,init,False,1,0.7412300966119058,0.18394499152415278,0.183944991524154,0.4523221269466964,58.75002316755938,4,1.3885988138108036,102,nan,nan,1.0,1,nan,0,nan,nan,nan
6,0,init,False,2,0.2768699161868602,0.45106349745289126,0.45106349745289104,0.341659833482148,59.861531152866775,4,1.334131016019222,107,nan,nan,1.0,1,nan,0,nan,nan,nan
6,0,init,False,3,0.49089716394589106,0.3314081102594584,0.3314081102594584,0.25780268821821556,84.03306920488411,4,1.2510632781073787,137,nan,nan,1.0,1,nan,0,nan,nan,nan
6,0,init,False,4,0.9705931967434145,0.36490867507886726,0.3649086750788676,0.4583565544637617,19.762615612563682,4,1.2898079726077678,47,nan,nan,1.0,1,nan,0,nan,nan,nan
6,0,init,False,5,1.595701416217555,0.053804243093254184,0.053804243093254184,0.811757240337845,75.81195041346109,4,1.48316733780218,126,nan,nan,1.0,1,nan,0,nan,nan,nan
6,0,init,False,6,1.5853100652539636,0.14833105598803048,0.14833105598803048,0.7215622322955737,53.4790893985892,4,1.3239819964929083,95,nan,nan,1.0,1,nan,0,nan,nan,nan
6,0,init,False,7,0.4018957436714012,0.5315990105554133,0.5315990105554131,0.2722467318637011,96.64326979807032,4,1.184094946286352,153,nan,nan,1.0,1,nan,0,nan,nan,nan
6,0,init,False,8,1.2700049529393447,0.1296708432144467,0.12967084321444497,0.6850481526632658,42.525822798838774,4,1.3911741521780545,73,nan,nan,1.0,1,nan,0,nan,nan,nan
6,0,init,False,9,1.396706319763929,0.08502041075510162,0.08502041075510425,0.773700771507764,71.97134862060662,4,1.170680791268743,118,nan,nan,1.0,1,nan,0,nan,nan,nan
6,0,init,False,10,0.7169159324718162,0.175129251344806,0.1751292513448041,0.39889246314504756,115.49336898557972,4,1.2014671291458443,171,nan,nan,1.0,1,nan,0,nan,nan,nan
6,0,init,False,11,2.103429569382233,0.149698142379566,0.14969814237956675,1.1211936545110492,48.80161383275155,4,1.3789303085189457,88,nan,nan,1.0,1,nan,0,nan,nan,nan
6,0,init,False,12,1.470954417908997,0.048850718270816884,0.04885071827081233,0.8343803663590249,75.62404581090895,4,1.283627964475052,117,nan,nan,1.0,1,nan,0,nan,nan,nan
6,0,init,False,13,1.388642514644572,0.11153576650856475,0.11153576650856575,0.7809233377273139,40.89857424422631,4,1.2771140316097331,72,nan,nan,1.0,1,nan,0,nan,nan,nan
6,0,init,False,14,3.7373453800473535,0.10974758732324424,0.10974758732324526,2.460869903507289,2.7073364238549575,4,4.564046198290462,8,nan,nan,1.0,1,nan,0,nan,nan,nan
6,0,init,False,15,0.40616906286920945,0.43286249733228066,0.43286249733228066,0.4135643299208524,50.47056557527236,4,1.434244672769924,91,nan,nan,1.0,1,nan,0,nan,nan,nan
6,0,init,False,16,0.3890029855377656,0.181642278548978,0.1816422785489786,0.3081396337178968,122.0736781920817,4,1.2172174899420798,178,nan,nan,1.0,1,nan,0,nan,nan,nan
6,0,init,False,17,2.1699025667912704,0.18857348268746313,0.18857348268746224,1.2575505083726142,36.98537468571456,4,1.4482690910673952,70,nan,nan,1.0,1,nan,0,nan,nan,nan
6,0,init,False,18,2.1977118582756474,0.2634955529650224,0.263495552965022,1.1995074475134946,16.87004217402684,4,1.443738741870929,33,nan,nan,1.0,1,nan,0,nan,nan,nan
6,0,init,False,19,0.8905675226758757,0.07690053708953833,0.07690053708953833,0.5973469299301543,79.6001769273492,4,1.2791646380629778,128,nan,nan,1.0,1,nan,0,nan,nan,nan
6,0,init,False,20,1.1310230282852698,0.1366877139446659,0.13668771394466506,0.6302446691925783,74.3621311687393,4,1.4697135649056174,122,nan,nan,1.0,1,nan,0,nan,nan,nan
6,0,init,False,21,2.0401207972277002,0.10018629607510075,0.10018629607509964,1.1638306853755096,56.20392719180741,4,1.334272943232875,93,nan,nan,1.0,1,nan,0,nan,nan,nan
6,0,init,False,22,0.9210253947734512,0.12253753551768772,0.12253753551768862,0.5248899521282914,64.23113255828872,4,1.2918368917104768,104,nan,nan,1.0,1,nan,0,nan,nan,nan
6,0,init,False,23,1.5776915231880368,0.06722009441183967,0.06722009441184132,0.9423351722465786,75.37873253565283,4,1.217459543327222,119,nan,nan,1.0,1,nan,0,nan,nan,nan
6,1,step,False,0,2.54098135741418,0.06058372720897227,0.10533064186017933,1.6683342527849552,17.46057952630617,4,1.27484943904016,33,12.000000000222037,17.49863111338821,1.0,1,0.7192533873719709,0,1.6273409581129943,1.0,2.2243008699606686e-14
6,1,step,False,1,0.7412300966119058,0.3455374632358426,0.183944991524154,0.4523221269466964,58.75002316755938,4,1.3885988138108036,102,15.36275977580894,21.212459869668514,1.0,1,0.39817064161527754,0,1.6273409581129943,1.0,2.2243008699606686e-14
6,1,step,False,2,0.2768699161868602,0.5114091488848339,0.45106349745289104,0.341659833482148,59.861531152866775,4,1.334131016019222,107,16.83259370480924,24.677812307732694,1.0,1,0.41178814594647917,0,1.6273409581129943,1.0,2.2243008699606686e-14
6,1,step,False,3,0.49089716394589106,0.2564715574456185,0.3314081102594584,0.25780268821821556,84.03306920488411,4,1.2510632781073787,137,26.58959450332477,36.08096288938939,1.0,1,0.5256287306708766,0,1.6273409581129943,1.0,2.2243008699606686e-14
6,1,step,False,4,0.9705931967434145,0.35419267847935404,0.3649086750788676,0.4583565544637617,19.762615612563682,4,1.2898079726077678,47,12.000000001255453,18.961481019216194,1.0,1,0.4371714375348071,0,1.6273409581129943,1.0,2.2243008699606686e-14
6,1,step,False,5,1.595701416217555,0.031622029646215855,0.053804243093254184,0.811757240337845,75.81195041346109,4,1.48316733780218,126,23.96852315630904,33.80458412771796,1.0,1,0.2272244023620939,0,1.6273409581129943,1.0,2.2243008699606686e-14
6,1,step,False,6,1.5853100652539636,0.17843065542994854,0.14833105598803048,0.7215622322955737,53.4790893985892,4,1.3239819964929083,95,13.618710527794772,19.98800139924261,1.0,1,0.33693583357132745,0,1.6273409581129943,1.0,2.2243008699606686e-14
6,1,step,False,7,0.4018957436714012,0.17049645905511138,0.5315990105554131,0.2722467318637011,96.64326979807032,4,1.184094946286352,153,35.1861851967134,46.97883811133255,1.0,1,0.3725462677320476,0,1.6273409581129943,1.0,2.2243008699606686e-14
6,1,step,False,8,1.2700049529393447,0.18666952212007726,0.12967084321444497,0.6850481526632658,42.525822798838774,4,1.3911741521780545,73,12.732039682213614,20.480168688471355,1.0,1,0.42008150139921724,0,1.6273409581129943,1.0,2.2243008699606686e-14
6,1,step,False,9,1.396706319763929,0.11136339344702247,0.08502041075510425,0.773700771507764,71.97134862060662,4,1.170680791268743,118,25.155465580470995,33.63605214959357,1.0,1,0.6420491083599571,0,1.6273409581129943,1.0,2.2243008699606686e-14
6,1,step,False,10,0.7169159324718162,0.12687283975925306,0.1751292513448041,0.39889246314504756,115.49336898557972,4,1.2014671291458443,171,49.35571960074817,67.07116552927494,1.0,1,0.48720919093859283,0,1.6273409581129943,1.0,2.2243008699606686e-14
6,1,step,False,11,2.103429569382233,0.13330744711026363,0.14969814237956675,1.1211936545110492,48.80161383275155,4,1.3789303085189457,88,14.519322894768052,19.3033197375298,1.0,1,0.26120549758583367,0,1.6273409581129943,1.0,2.2243008699606686e-14
6,1,step,False,12,1.470954417908997,0.0863879994573485,0.04885071827081233,0.8343803663590249,75.62404581090895,4,1.283627964475052,117,25.79336491686083,38.79039582110543,1.0,1,0.39509971545144607,0,1.6273409581129943,1.0,2.2243008699606686e-14
6,1,step,False,13,1.388642514644572,0.04945737125752146,0.11153576650856575,0.7809233377273139,40.89857424422631,4,1.2771140316097331,72,12.000000001089507,15.879152674075735,1.0,1,0.4170453104630983,0,1.6273409581129943,1.0,2.2243008699606686e-14
6,1,step,False,14,3.7373453800473535,0.11286284657444438,0.10974758732324526,2.460869903507289,2.7073364238549575,4,4.564046198290462,8,12.000000000543714,21.143064978470722,1.0,1,0.8324249074693284,0,1.6273409581129943,1.0,2.2243008699606686e-14
6,1,step,False,15,0.40616906286920945,0.3691371533071555,0.43286249733228066,0.4135643299208524,50.47056557527236,4,1.434244672769924,91,12.403690647773246,18.229232119301496,1.0,1,0.21203659428447633,0,1.6273409581129943,1.0,2.2243008699606686e-14
6,1,step,False,16,0.3890029855377656,0.16318658733625385,0.1816422785489786,0.3081396337178968,122.0736781920817,4,1.2172174899420798,178,48.173609060085724,69.33492169693001,1.0,1,0.5969445233071677,0,1.6273409581129943,1.0,2.2243008699606686e-14
6,1,step,False,17,2.1699025667912704,0.07914962449628739,0.18857348268746224,1.2575505083726142,36.98537468571456,4,1.4482690910673952,70,12.00000000047556,17.854343268836526,1.0,1,0.275155431213195,0,1.6273409581129943,1.0,2.2243008699606686e-14
6,1,step,False,18,2.1977118582756474,0.2565221828386265,0.263495552965022,1.1995074475134946,16.87004217402684,4,1.443738741870929,33,12.000000000268177,16.922581138009722,1.0,1,0.3619431653298696,0,1.6273409581129943,1.0,2.2243008699606686e-14
6,1,step,False,19,0.8905675226758757,0.04823254616476408,0.07690053708953833,0.5973469299301543,79.6001769273492,4,1.2791646380629778,128,30.213062681903562,42.1425408445288,1.0,1,0.4198255573650671,0,1.6273409581129943,1.0,2.2243008699606686e-14
6,1,step,False,20,1.1310230282852698,0.13065265287514688,0.13668771394466506,0.6302446691925783,74.3621311687393,4,1.4697135649056174,122,25.350055972965464,34.337063368970774,1.0,1,0.26562790680984016,0,1.6273409581129943,1.0,2.2243008699606686e-14
6,1,step,False,21,2.0401207972277002,0.06487718627761563,0.10018629607509964,1.1638306853755096,56.20392719180741,4,1.334272943232875,93,17.60425583224027,23.710192275256475,1.0,1,0.2981504224598031,0,1.6273409581129943,1.0,2.2243008699606686e-14
6,1,step,False,22,0.9210253947734512,0.09357484768823336,0.12253753551768862,0.5248899521282914,64.23113255828872,4,1.2918368917104768,104,23.935624294868877,31.737084635556386,1.0,1,0.3822056243371516,0,1.6273409581129943,1.0,2.2243008699606686e-14
6,1,step,False,23,1.5776915231880368,0.0681456104842534,0.06722009441184132,0.9423351722465786,75.37873253565283,4,1.217459543327222,119,29.76694276056097,41.88065224055272,1.0,1,0.3937617738783561,0,1.6273409581129943,1.0,2.2243008699606686e-14
6,2,step,False,0,2.54098135741418,0.09501042687724988,0.10533064186017933,1.6683342527849552,17.46057952630617,4,1.27484943904016,33,12.000000000856332,18.119157524127125,1.0,1,0.4150487886731704,0,1.1507038267843115,0.6059491336345673,5.707713849924476e-15
6,2,step,False,1,0.7412300966119058,0.37198824648095563,0.183944991524154,0.4523221269466964,58.75002316755938,4,1.3885988138108036,102,17.746491713820138,25.152968380196107,1.0,1,0.1844909070414354,0,1.1507038267843115,0.6059491336345673,5.707713849924476e-15
6,2,step,False,2,0.2768699161868602,0.5389403457410321,0.45106349745289104,0.341659833482148,59.861531152866775,4,1.334131016019222,107,18.41375913353659,27.330038569827185,1.0,1,0.18827765372395155,0,1.1507038267843115,0.6059491336345673,5.707713849924476e-15
6,2,step,False,3,0.49089716394589106,0.17702968269999733,0.3314081102594584,0.25780268821821556,84.03306920488411,4,1.2510632781073787,137,24.056483689655213,33.0114897034455,1.0,1,0.37887296920872465,0,1.1507038267843115,0.6059491336345673,5.707713849924476e-15
6,2,step,False,4,0.9705931967434145,0.36760665588298946,0.3649086750788676,0.4583565544637617,19.762615612563682,4,1.2898079726077678,47,12.000000000053623,19.386205948994306,1.0,1,0.3406485849616831,0,1.1507038267843115,0.6059491336345673,5.707713849924476e-15
6,2,step,False,5,1.595701416217555,0.04244685746651078,0.053804243093254184,0.811757240337845,75.81195041346109,4,1.48316733780218,126,20.98552331942896,27.743383147796855,1.0,1,0.17786820355434999,0,1.1507038267843115,0.6059491336345673,5.707713849924476e-15
6,2,step,False,6,1.5853100652539636,0.2164952467623111,0.14833105598803048,0.7215622322955737,53.4790893985892,4,1.3239819964929083,95,15.44164871129221,21.605599586163496,1.0,1,0.1357985488829265,0,1.1507038267843115,0.6059491336345673,5.707713849924476e-15
6,2,step,False,7,0.4018957436714012,0.226475995468829,0.5315990105554131,0.2722467318637011,96.64326979807032,4,1.184094946286352,153,39.68992820297024,53.831060671038315,1.0,1,0.2632002262704771,0,1.1507038267843115,0.6059491336345673,5.707713849924476e-15
6,2,step,False,8,1.2700049529393447,0.16338798782323616,0.12967084321444497,0.6850481526632658,42.525822798838774,4,1.3911741521780545,73,13.475746811236123,20.961512319328055,1.0,1,0.2337272288520442,0,1.1507038267843115,0.6059491336345673,5.707713849924476e-15
6,2,step,False,9,1.396706319763929,0.10737148960169317,0.08502041075510425,0.773700771507764,71.97134862060662,4,1.170680791268743,118,25.603561857862687,33.9051942664996,1.0,1,0.24283556317858881,0,1.1507038267843115,0.6059491336345673,5.707713849924476e-15
6,2,step,False,10,0.7169159324718162,0.07242583265209737,0.1751292513448041,0.39889246314504756,115.49336898557972,4,1.2014671291458443,171,48.43701837619839,64.472149575767,1.0,1,0.33951266940587205,0,1.1507038267843115,0.6059491336345673,5.707713849924476e-15
6,2,step,False,11,2.103429569382233,0.11946251732979073,0.14969814237956675,1.1211936545110492,48.80161383275155,4,1.3789303085189457,88,12.00000000069784,14.749748673217974,1.0,1,0.12201823245396407,0,1.1507038267843115,0.6059491336345673,5.707713849924476e-15
6,2,step,False,12,1.470954417908997,0.05909743316268088,0.04885071827081233,0.8343803663590249,75.62404581090895,4,1.283627964475052,117,25.9167020439662,37.69477617818954,1.0,1,0.33338130137122307,0,1.1507038267843115,0.6059491336345673,5.707713849924476e-15
6,2,step,False,13,1.388642514644572,0.12272518009722862,0.11153576650856575,0.7809233377273139,40.89857424422631,4,1.2771140316097331,72,12.000000000580886,16.526355106767664,1.0,1,0.20695513867598858,0,1.1507038267843115,0.6059491336345673,5.707713849924476e-15
6,2,step,False,14,3.7373453800473535,0.15882302034067966,0.10974758732324526,2.460869903507289,2.7073364238549575,4,4.564046198290462,8,12.000000002291104,20.680662566587564,1.0,1,0.7385269268733196,0,1.1507038267843115,0.6059491336345673,5.707713849924476e-15
6,2,step,False,15,0.40616906286920945,0.3287059338369405,0.43286249733228066,0.4135643299208524,50.47056557527236,4,1.434244672769924,91,13.27927173855634,19.671741759468603,1.0,1,0.1954230805326278,0,1.1507038267843115,0.6059491336345673,5.707713849924476e-15
6,2,step,False,16,0.3890029855377656,0.22759938735397856,0.1816422785489786,0.3081396337178968,122.0736781920817,4,1.2172174899420798,178,51.73378193566418,73.19366300116349,1.0,1,0.24306931257917977,0,1.1507038267843115,0.6059491336345673,5.707713849924476e-15
6,2,step,False,17,2.1699025667912704,0.2029780305441964,0.18857348268746224,1.2575505083726142,36.98537468571456,4,1.4482690910673952,70,12.000000000124814,17.07274048031035,1.0,1,0.2271487284475948,0,1.1507038267843115,0.6059491336345673,5.707713849924476e-15
6,2,step,False,18,2.1977118582756474,0.3412035530667833,0.263495552965022,1.1995074475134946,16.87004217402684,4,1.443738741870929,33,12.000000000157813,16.63729713694226,1.0,1,0.3143893044768637,0,1.1507038267843115,0.6059491336345673,5.707713849924476e-15
6,2,step,False,19,0.8905675226758757,0.07641061816312511,0.07690053708953833,0.5973469299301543,79.6001769273492,4,1.2791646380629778,128,28.433306971035403,39.23516080224949,1.0,1,0.2917591963862582,0,1.1507038267843115,0.6059491336345673,5.707713849924476e-15
6,2,step,False,20,1.1310230282852698,0.09368172575598642,0.13668771394466506,0.6302446691925783,74.3621311687393,4,1.4697135649056174,122,26.403983568074555,35.1193912307377,1.0,1,0.22478065752236448,0,1.1507038267843115,0.6059491336345673,5.707713849924476e-15
6,2,step,False,21,2.0401207972277002,0.06976720988933263,0.10018629607509964,1.1638306853755096,56.20392719180741,4,1.334272943232875,93,14.135417634576168,18.789021846341406,1.0,1,0.2212722804349401,0,1.1507038267843115,0.6059491336345673,5.707713849924476e-15
6,2,step,False,22,0.9210253947734512,0.05121472013335214,0.12253753551768862,0.5248899521282914,64.23113255828872,4,1.2918368917104768,104,25.162645148155498,33.11610093666675,1.0,1,0.2598899233073389,0,1.1507038267843115,0.6059491336345673,5.707713849924476e-15
6,2,step,False,23,1.5776915231880368,0.03895563562852621,0.06722009441184132,0.9423351722465786,75.37873253565283,4,1.217459543327222,119,26.60651715917329,36.45357365669809,1.0,1,0.2637063672993487,0,1.1507038267843115,0.6059491336345673,5.707713849924476e-15
6,3,step,False,0,2.54098135741418,0.18023722539956633,0.10533064186017933,1.6683342527849552,17.46057952630617,4,1.27484943904016,33,12.000000000317915,15.519329732249357,1.0,1,0.32837871991834783,0,0.8136704790564969,0.36240941286087036,3.589919562324025e-13
6,3,step,False,1,0.7412300966119058,0.2728993923301251,0.183944991524154,0.4523221269466964,58.75002316755938,4,1.3885988138108036,102,22.068677717014147,31.256202047306914,1.0,1,0.07190728311571307,0,0.8136704790564969,0.36240941286087036,3.589919562324025e-13
6,3,step,False,2,0.2768699161868602,0.6332785053597099,0.45106349745289104,0.341659833482148,59.861531152866775,4,1.334131016019222,107,20.933496046340682,30.072695015694613,1.0,1,0.163694892283694,0,0.8136704790564969,0.36240941286087036,3.589919562324025e-13
6,3,step,False,3,0.49089716394589106,0.2588621586677945,0.3314081102594584,0.25780268821821556,84.03306920488411,4,1.2510632781073787,137,26.57623082034771,38.268860374506524,1.0,1,0.22780062709330104,0,0.8136704790564969,0.36240941286087036,3.589919562324025e-13
6,3,step,False,4,0.9705931967434145,0.3716372666102475,0.3649086750788676,0.4583565544637617,19.762615612563682,4,1.2898079726077678,47,12.000000000172683,18.95633101563507,1.0,1,0.21145403373444194,0,0.8136704790564969,0.36240941286087036,3.589919562324025e-13
6,3,step,False,5,1.595701416217555,0.07693671709346758,0.053804243093254184,0.811757240337845,75.81195041346109,4,1.48316733780218,126,19.31650199048974,25.60991766431757,1.0,1,0.13586081424600777,0,0.8136704790564969,0.36240941286087036,3.589919562324025e-13
6,3,step,False,6,1.5853100652539636,0.31119847246425386,0.14833105598803048,0.7215622322955737,53.4790893985892,4,1.3239819964929083,95,17.46719152820712,23.197113508617214,1.0,1,0.11920558206829245,0,0.8136704790564969,0.36240941286087036,3.589919562324025e-13
6,3,step,False,7,0.4018957436714012,0.33000978722524293,0.5315990105554131,0.2722467318637011,96.64326979807032,4,1.184094946286352,153,38.838270976621104,50.05913447433528,1.0,1,0.15366433859678771,0,0.8136704790564969,0.36240941286087036,3.589919562324025e-13
6,3,step,False,8,1.2700049529393447,0.1529147528286601,0.12967084321444497,0.6850481526632658,42.525822798838774,4,1.3911741521780545,73,12.954106409351647,17.87926716252686,1.0,1,0.14781074666878263,0,0.8136704790564969,0.36240941286087036,3.589919562324025e-13
6,3,step,False,9,1.396706319763929,0.14897303077470514,0.08502041075510425,0.773700771507764,71.97134862060662,4,1.170680791268743,118,25.435226180686033,34.27901962856693,1.0,1,0.16171940693104483,0,0.8136704790564969,0.36240941286087036,3.589919562324025e-13
6,3,step,False,10,0.7169159324718162,0.0817458069629305,0.1751292513448041,0.39889246314504756,115.49336898557972,4,1.2014671291458443,171,42.929320115504474,54.996619517912556,1.0,1,0.23121121121065027,0,0.8136704790564969,0.36240941286087036,3.589919562324025e-13
6,3,step,False,11,2.103429569382233,0.2036005690083592,0.14969814237956675,1.1211936545110492,48.80161383275155,4,1.3789303085189457,88,12.000000000538126,14.633162659777597,1.0,1,0.10351596122709035,0,0.8136704790564969,0.36240941286087036,3.589919562324025e-13
6,3,step,False,12,1.470954417908997,0.04308111506782055,0.04885071827081233,0.8343803663590249,75.62404581090895,4,1.283627964475052,117,25.83065098445189,34.71191164529366,1.0,1,0.14101281066746932,0,0.8136704790564969,0.36240941286087036,3.589919562324025e-13
6,3,step,False,13,1.388642514644572,0.14507460339921438,0.11153576650856575,0.7809233377273139,40.89857424422631,4,1.2771140316097331,72,14.115652576475703,19.5827988130592,1.0,1,0.1268158685483085,0,0.8136704790564969,0.36240941286087036,3.589919562324025e-13
6,3,step,False,14,3.7373453800473535,0.18388237953822542,0.10974758732324526,2.460869903507289,2.7073364238549575,4,4.564046198290462,8,12.000000000304976,19.945662471250603,1.0,1,0.6091557373768263,0,0.8136704790564969,0.36240941286087036,3.589919562324025e-13
6,3,step,False,15,0.40616906286920945,0.3457980704178617,0.43286249733228066,0.4135643299208524,50.47056557527236,4,1.434244672769924,91,16.473401659979174,24.58695265341627,1.0,1,0.1232766660451061,0,0.8136704790564969,0.36240941286087036,3.589919562324025e-13
6,3,step,False,16,0.3890029855377656,0.2684797157884639,0.1816422785489786,0.3081396337178968,122.0736781920817,4,1.2172174899420798,178,52.3561267671105,73.42715502064654,1.0,1,0.22326644434565804,0,0.8136704790564969,0.36240941286087036,3.589919562324025e-13
6,3,step,False,17,2.1699025667912704,0.2892296959563757,0.18857348268746224,1.2575505083726142,36.98537468571456,4,1.4482690910673952,70,12.000000000905422,16.440289338142158,1.0,1,0.2641451086170944,0,0.8136704790564969,0.36240941286087036,3.589919562324025e-13
6,3,step,False,18,2.1977118582756474,0.2658657537325869,0.263495552965022,1.1995074475134946,16.87004217402684,4,1.443738741870929,33,12.000000000228649,16.422084423792104,1.0,1,0.1919766681613356,0,0.8136704790564969,0.36240941286087036,3.589919562324025e-13
6,3,step,False,19,0.8905675226758757,0.08823083389100647,0.07690053708953833,0.5973469299301543,79.6001769273492,4,1.2791646380629778,128,27.716059258889075,36.680289512998385,1.0,1,0.14795911038202325,0,0.8136704790564969,0.36240941286087036,3.589919562324025e-13
6,3,step,False,20,1.1310230282852698,0.12418140828990987,0.13668771394466506,0.6302446691925783,74.3621311687393,4,1.4697135649056174,122,27.32319055632983,37.65855460610019,1.0,1,0.1174708322231345,0,0.8136704790564969,0.36240941286087036,3.589919562324025e-13
6,3,step,False,21,2.0401207972277002,0.10506303294670424,0.10018629607509964,1.1638306853755096,56.20392719180741,4,1.334272943232875,93,12.000000000954728,16.75814706797076,1.0,1,0.14290995867620743,0,0.8136704790564969,0.36240941286087036,3.589919562324025e-13
6,3,step,False,22,0.9210253947734512,0.04378232423213956,0.12253753551768862,0.5248899521282914,64.23113255828872,4,1.2918368917104768,104,23.304031737195782,29.997197277482258,1.0,1,0.19949824754375195,0,0.8136704790564969,0.36240941286087036,3.589919562324025e-13
6,3,step,False,23,1.5776915231880368,0.060442692425328765,0.06722009441184132,0.9423351722465786,75.37873253565283,4,1.217459543327222,119,23.03759720599057,29.11794718514408,1.0,1,0.08857939061671045,0,0.8136704790564969,0.36240941286087036,3.589919562324025e-13
7,0,init,False,0,1.695893548209062,0.19525904343548456,0.19525904343548456,0.9573948863427433,53.465993280249634,4,1.2472880042483732,97,nan,nan,1.0,1,nan,0,nan,nan,nan
7,0,init,False,1,2.2857085843603824,0.08816563490339002,0.08816563490338374,1.407207050863268,33.80790741579857,4,1.3955810576463779,68,nan,nan,1.0,1,nan,0,nan,nan,nan
7,0,init,False,2,0.7496180157712998,0.22128192646225778,0.22128192646225855,0.5188666530424966,102.02524851658946,4,1.2462523477289515,158,nan,nan,1.0,1,nan,0,nan,nan,nan
7,0,init,False,3,0.7321385464267546,0.43061914756824915,0.43061914756824915,0.4566342126644743,78.43110798093267,4,1.266839737976448,118,nan,nan,1.0,1,nan,0,nan,nan,nan
7,0,init,False,4,1.3432311769705663,0.022440461770385334,0.022440461770385334,0.9259020799765998,75.99552897688298,4,1.1526094094761743,130,nan,nan,1.0,1,nan,0,nan,nan,nan
7,0,init,False,5,2.5599472376981836,0.12059792129482769,0.12059792129482677,1.516949512907638,24.62584607685912,4,1.7856351223096008,46,nan,nan,1.0,1,nan,0,nan,nan,nan
7,0,init,False,6,2.5719546876022785,0.08038873524180516,0.0803887352418024,1.6257582648923694,25.886473484609475,4,1.3148413721217607,49,nan,nan,1.0,1,nan,0,nan,nan,nan
7,0,init,False,7,0.5562056173718655,0.20872328781321878,0.20872328781321825,0.3844420441868076,109.16931197286914,4,1.204066454109447,169,nan,nan,1.0,1,nan,0,nan,nan,nan
7,0,init,False,8,0.18965584778829725,0.9143077372142384,0.9143077372142385,0.22116256011098753,78.52859213405438,4,1.3153045139270814,121,nan,nan,1.0,1,nan,0,nan,nan,nan
7,0,init,False,9,1.7902645027757145,0.2041430775873366,0.20414307758733768,1.1345627468432873,30.051260915893067,4,1.5234981204062745,62,nan,nan,1.0,1,nan,0,nan,nan,nan
7,0,init,False,10,1.8688287133032908,0.10160294257412225,0.10160294257412553,1.164129773233636,13.875457717056847,4,1.5335676978780175,32,nan,nan,1.0,1,nan,0,nan,nan,nan
7,0,init,False,11,1.798904448533471,0.06039189156361457,0.06039189156360905,1.01696113752201,22.526533495044212,4,1.4991487356783237,45,nan,nan,1.0,1,nan,0,nan,nan,nan
7,0,init,False,12,1.656085565633077,0.24183518523562716,0.2418351852356281,0.9201230880504457,66.52874753848387,4,1.4668885675408487,111,nan,nan,1.0,1,nan,0,nan,nan,nan
7,0,init,False,13,1.4164375940140463,0.12684618222524618,0.12684618222524793,0.8454071957022431,49.903785347071945,4,1.4397238092834648,87,nan,nan,1.0,1,nan,0,nan,nan,nan
7,0,init,False,14,0.9095282557893342,0.5823441853318558,0.5823441853318562,0.5919228099474745,25.982990440588615,4,1.8809392902878954,46,nan,nan,1.0,1,nan,0,nan,nan,nan
7,0,init,False,15,0.979959092698329,0.12345671530436458,0.12345671530436549,0.6714650101740443,100.22869046624908,4,1.1588893870320889,154,nan,nan,1.0,1,nan,0,nan,nan,nan
7,0,init,False,16,0.6074272708457642,0.15945736630496707,0.15945736630496915,0.4085003650284757,114.58790735195603,4,1.2143450195914391,171,nan,nan,1.0,1,nan,0,nan,nan,nan
7,0,init,False,17,0.7090745349758502,0.2824515192779555,0.28245151927795586,0.5006839274000127,91.91038893568631,4,1.2310369715249714,147,nan,nan,1.0,1,nan,0,nan,nan,nan
7,0,init,False,18,1.6675110350894953,0.05872379568227734,0.05872379568227734,1.0925690653641356,63.257256614165854,4,1.2209103837488429,107,nan,nan,1.0,1,nan,0,nan,nan,nan
7,0,init,False,19,0.9835998101561569,0.132463352024765,0.132463352024765,0.6627376854633845,95.24671985369999,4,1.1657662482924642,146,nan,nan,1.0,1,nan,0,nan,nan,nan
7,0,init,False,20,1.3118515925786611,0.08429378441610506,0.08429378441610243,0.9235690947304813,32.39522492289318,4,1.297573357104855,59,nan,nan,1.0,1,nan,0,nan,nan,nan
7,0,init,False,21,2.4897466425669204,0.1589147823289075,0.1589147823289075,1.7721822389908501,12.877475319551785,4,1.6628685030494748,28,nan,nan,1.0,1,nan,0,nan,nan,nan
7,0,init,False,22,0.5277176915553676,0.37647377676361266,0.37647377676361277,0.3747600967617925,109.47356309689263,4,1.2290279960899777,170,nan,nan,1.0,1,nan,0,nan,nan,nan
7,0,init,False,23,2.43209115517156,0.08425974037642339,0.08425974037642406,1.4524038013586822,29.217988145921435,4,1.4840626442287876,55,nan,nan,1.0,1,nan,0,nan,nan,nan
7,1,step,False,0,1.695893548209062,0.15447679472257583,0.19525904343548456,0.9573948863427433,53.465993280249634,4,1.2472880042483732,97,15.507996359957538,23.645960967002807,1.0,1,0.533400494739218,0,1.6605951643384131,1.0,1.4310997446440902e-14
7,1,step,False,1,2.2857085843603824,0.05266597015621002,0.08816563490338374,1.407207050863268,33.80790741579857,4,1.3955810576463779,68,12.00000000020634,19.385402028616213,1.0,1,0.42900873240770554,0,1.6605951643384131,1.0,1.4310997446440902e-14
7,1,step,False,2,0.7496180157712998,0.1470359655962912,0.22128192646225855,0.5188666530424966,102.02524851658946,4,1.2462523477289515,158,34.97049595842469,45.117098805605764,1.0,1,0.4753371114794653,0,1.6605951643384131,1.0,1.4310997446440902e-14
7,1,step,False,3,0.7321385464267546,0.2510163982236913,0.43061914756824915,0.4566342126644743,78.43110798093267,4,1.266839737976448,118,26.15095431798394,36.65837000379006,1.0,1,0.3695898111014688,0,1.6605951643384131,1.0,1.4310997446440902e-14
7,1,step,False,4,1.3432311769705663,0.06570691278135285,0.022440461770385334,0.9259020799765998,75.99552897688298,4,1.1526094094761743,130,24.44210631248285,34.81996011635408,1.0,1,0.4796861174429015,0,1.6605951643384131,1.0,1.4310997446440902e-14
7,1,step,False,5,2.5599472376981836,0.11237721216750525,0.12059792129482677,1.516949512907638,24.62584607685912,4,1.7856351223096008,46,12.000000000825466,18.463998059861552,1.0,1,0.49458546574525,0,1.6605951643384131,1.0,1.4310997446440902e-14
7,1,step,False,6,2.5719546876022785,0.11953020079978792,0.0803887352418024,1.6257582648923694,25.886473484609475,4,1.3148413721217607,49,12.00000000016875,17.970965423351387,1.0,1,0.581732189240113,0,1.6605951643384131,1.0,1.4310997446440902e-14
7,1,step,False,7,0.5562056173718655,0.21817421155398117,0.20872328781321825,0.3844420441868076,109.16931197286914,4,1.204066454109447,169,44.71463294585974,61.689432715257816,1.0,1,0.5320047090987311,0,1.6605951643384131,1.0,1.4310997446440902e-14
7,1,step,False,8,0.18965584778829725,0.9159641701526985,0.9143077372142385,0.22116256011098753,78.52859213405438,4,1.3153045139270814,121,23.813398992061803,33.90219620912647,1.0,1,0.4069091908112035,0,1.6605951643384131,1.0,1.4310997446440902e-14
7,1,step,False,9,1.7902645027757145,0.14708274533175605,0.20414307758733768,1.1345627468432873,30.051260915893067,4,1.5234981204062745,62,12.00000000018244,17.90403298903625,1.0,1,0.6061911999266879,0,1.6605951643384131,1.0,1.4310997446440902e-14
7,1,step,False,10,1.8688287133032908,0.11373996031449247,0.10160294257412553,1.164129773233636,13.875457717056847,4,1.5335676978780175,32,12.000000000785423,18.323489450317325,1.0,1,0.6121428619410547,0,1.6605951643384131,1.0,1.4310997446440902e-14
7,1,step,False,11,1.798904448533471,0.13033879625892575,0.06039189156360905,1.01696113752201,22.526533495044212,4,1.4991487356783237,45,12.000000000713735,17.62003348749139,1.0,1,0.197771920290358,0,1.6605951643384131,1.0,1.4310997446440902e-14
7,1,step,False,12,1.656085565633077,0.1966729038886301,0.2418351852356281,0.9201230880504457,66.52874753848387,4,1.4668885675408487,111,22.07633146972727,31.83853491192256,1.0,1,0.3068530124966845,0,1.6605951643384131,1.0,1.4310997446440902e-14
7,1,step,False,13,1.4164375940140463,0.08193876840864399,0.12684618222524793,0.8454071957022431,49.903785347071945,4,1.4397238092834648,87,12.000000001651099,19.624954592959543,1.0,1,0.38355590170644493,0,1.6605951643384131,1.0,1.4310997446440902e-14
7,1,step,False,14,0.9095282557893342,0.5413199239737657,0.5823441853318562,0.5919228099474745,25.982990440588615,4,1.8809392902878954,46,12.000000000334891,17.46758336632602,1.0,1,0.5145905765769503,0,1.6605951643384131,1.0,1.4310997446440902e-14
7,1,step,False,15,0.979959092698329,0.11371516669472644,0.12345671530436549,0.6714650101740443,100.22869046624908,4,1.1588893870320889,154,38.69873344675015,53.853702182277424,1.0,1,0.4668240341179638,0,1.6605951643384131,1.0,1.4310997446440902e-14
7,1,step,False,16,0.6074272708457642,0.19275814327102903,0.15945736630496915,0.4085003650284757,114.58790735195603,4,1.2143450195914391,171,48.0641338327472,67.445561422251,1.0,1,0.5162515695074796,0,1.6605951643384131,1.0,1.4310997446440902e-14
7,1,step,False,17,0.7090745349758502,0.12674360487503836,0.28245151927795586,0.5006839274000127,91.91038893568631,4,1.2310369715249714,147,30.956332724561626,42.95449234441716,1.0,1,0.46020855001540245,0,1.6605951643384131,1.0,1.4310997446440902e-14
7,1,step,False,18,1.6675110350894953,0.04353973828754984,0.05872379568227734,1.0925690653641356,63.257256614165854,4,1.2209103837488429,107,18.308987459315652,24.98037696756598,1.0,1,0.4442146435423136,0,1.6605951643384131,1.0,1.4310997446440902e-14
7,1,step,False,19,0.9835998101561569,0.0887888867122716,0.132463352024765,0.6627376854633845,95.24671985369999,4,1.1657662482924642,146,38.0516721386496,53.05114956342134,1.0,1,0.46835954461063695,0,1.6605951643384131,1.0,1.4310997446440902e-14
7,1,step,False,20,1.3118515925786611,0.1155365866315984,0.08429378441610243,0.9235690947304813,32.39522492289318,4,1.297573357104855,59,12.000000000467637,17.575864344162238,1.0,1,0.2763480413170629,0,1.6605951643384131,1.0,1.4310997446440902e-14
7,1,step,False,21,2.4897466425669204,0.15758105242454104,0.1589147823289075,1.7721822389908501,12.877475319551785,4,1.6628685030494748,28,12.000000000015575,18.75439881064784,1.0,1,0.669113574600423,0,1.6605951643384131,1.0,1.4310997446440902e-14
7,1,step,False,22,0.5277176915553676,0.29869748981921634,0.37647377676361277,0.3747600967617925,109.47356309689263,4,1.2290279960899777,170,41.3399474802764,56.28471301796256,1.0,1,0.6407550790643667,0,1.6605951643384131,1.0,1.4310997446440902e-14
7,1,step,False,23,2.43209115517156,0.07546215611319004,0.08425974037642406,1.4524038013586822,29.217988145921435,4,1.4840626442287876,55,12.000000000606946,17.2510083783905,1.0,1,0.4904585084583814,0,1.6605951643384131,1.0,1.4310997446440902e-14
7,2,step,False,0,1.695893548209062,0.14553622242235967,0.19525904343548456,0.9573948863427433,53.465993280249634,4,1.2472880042483732,97,13.848170650938025,19.055216029213145,1.0,1,0.32914101375664206,0,1.1742181015092812,0.5921150743961334,1.5372876631863292e-14
7,2,step,False,1,2.2857085843603824,0.1047393763533782,0.08816563490338374,1.407207050863268,33.80790741579857,4,1.3955810576463779,68,12.000000000158778,18.312020675239623,1.0,1,0.28526708607224127,0,1.1742181015092812,0.5921150743961334,1.5372876631863292e-14
7,2,step,False,2,0.7496180157712998,0.16390570477949415,0.22128192646225855,0.5188666530424966,102.02524851658946,4,1.2462523477289515,158,37.532040282348156,50.836309336894814,1.0,1,0.25397851761320456,0,1.1742181015092812,0.5921150743961334,1.5372876631863292e-14
7,2,step,False,3,0.7321385464267546,0.20557218020780146,0.43061914756824915,0.4566342126644743,78.43110798093267,4,1.266839737976448,118,30.165876804628887,42.20489155533502,1.0,1,0.29936029815949855,0,1.1742181015092812,0.5921150743961334,1.5372876631863292e-14
7,2,step,False,4,1.3432311769705663,0.050312156965626416,0.022440461770385334,0.9259020799765998,75.99552897688298,4,1.1526094094761743,130,20.94934211364499,27.157111380617984,1.0,1,0.17024303328165993,0,1.1742181015092812,0.5921150743961334,1.5372876631863292e-14
7,2,step,False,5,2.5599472376981836,0.18828288645911456,0.12059792129482677,1.516949512907638,24.62584607685912,4,1.7856351223096008,46,12.000000000128406,17.019315851677785,1.0,1,0.4092574332876327,0,1.1742181015092812,0.5921150743961334,1.5372876631863292e-14
7,2,step,False,6,2.5719546876022785,0.1573312994211181,0.0803887352418024,1.6257582648923694,25.886473484609475,4,1.3148413721217607,49,12.000000000593644,17.080385977283264,1.0,1,0.378319871381822,0,1.1742181015092812,0.5921150743961334,1.5372876631863292e-14
7,2,step,False,7,0.5562056173718655,0.23595611519390797,0.20872328781321825,0.3844420441868076,109.16931197286914,4,1.204066454109447,169,45.6188489673027,64.52246164416441,1.0,1,0.34090411476489085,0,1.1742181015092812,0.5921150743961334,1.5372876631863292e-14
7,2,step,False,8,0.18965584778829725,0.8824703215844676,0.9143077372142385,0.22116256011098753,78.52859213405438,4,1.3153045139270814,121,23.917379501972857,35.27024692796124,1.0,1,0.2635550458526654,0,1.1742181015092812,0.5921150743961334,1.5372876631863292e-14
7,2,step,False,9,1.7902645027757145,0.09684915900346651,0.20414307758733768,1.1345627468432873,30.051260915893067,4,1.5234981204062745,62,12.000000000228106,17.311089011886466,1.0,1,0.2519218521309009,0,1.1742181015092812,0.5921150743961334,1.5372876631863292e-14
7,2,step,False,10,1.8688287133032908,0.13131360870310568,0.10160294257412553,1.164129773233636,13.875457717056847,4,1.5335676978780175,32,12.000000000259064,19.948175934870886,1.0,1,0.5133272110329032,0,1.1742181015092812,0.5921150743961334,1.5372876631863292e-14
7,2,step,False,11,1.798904448533471,0.02899446367590773,0.06039189156360905,1.01696113752201,22.526533495044212,4,1.4991487356783237,45,12.000000001126917,17.672156552714732,1.0,1,0.1583511123230237,0,1.1742181015092812,0.5921150743961334,1.5372876631863292e-14
7,2,step,False,12,1.656085565633077,0.17886523183423766,0.2418351852356281,0.9201230880504457,66.52874753848387,4,1.4668885675408487,111,21.814840206708695,30.754560989185087,1.0,1,0.20924588858460114,0,1.1742181015092812,0.5921150743961334,1.5372876631863292e-14
7,2,step,False,13,1.4164375940140463,0.06947175270758696,0.12684618222524793,0.8454071957022431,49.903785347071945,4,1.4397238092834648,87,12.387166822453514,19.41966181665871,1.0,1,0.2835118110892913,0,1.1742181015092812,0.5921150743961334,1.5372876631863292e-14
7,2,step,False,14,0.9095282557893342,0.5310408554060522,0.5823441853318562,0.5919228099474745,25.982990440588615,4,1.8809392902878954,46,12.000000000116085,16.91813083922593,1.0,1,0.31073145738685204,0,1.1742181015092812,0.5921150743961334,1.5372876631863292e-14
7,2,step,False,15,0.979959092698329,0.1167684685339737,0.12345671530436549,0.6714650101740443,100.22869046624908,4,1.1588893870320889,154,37.5346733254028,51.36708961820368,1.0,1,0.3243317512664881,0,1.1742181015092812,0.5921150743961334,1.5372876631863292e-14
7,2,step,False,16,0.6074272708457642,0.1407542823432055,0.15945736630496915,0.4085003650284757,114.58790735195603,4,1.2143450195914391,171,48.164947005241515,66.13609363606069,1.0,1,0.23945344370670488,0,1.1742181015092812,0.5921150743961334,1.5372876631863292e-14
7,2,step,False,17,0.7090745349758502,0.1242987456587116,0.28245151927795586,0.5006839274000127,91.91038893568631,4,1.2310369715249714,147,31.750360832272083,43.297033355779384,1.0,1,0.2537512992202512,0,1.1742181015092812,0.5921150743961334,1.5372876631863292e-14
7,2,step,False,18,1.6675110350894953,0.06888505844142279,0.05872379568227734,1.0925690653641356,63.257256614165854,4,1.2209103837488429,107,18.602889158218435,25.19352991235723,1.0,1,0.2956837187486247,0,1.1742181015092812,0.5921150743961334,1.5372876631863292e-14
7,2,step,False,19,0.9835998101561569,0.10428361896361361,0.132463352024765,0.6627376854633845,95.24671985369999,4,1.1657662482924642,146,36.0088679263923,48.89057287972336,1.0,1,0.3237417509652835,0,1.1742181015092812,0.5921150743961334,1.5372876631863292e-14
7,2,step,False,20,1.3118515925786611,0.10702551478783551,0.08429378441610243,0.9235690947304813,32.39522492289318,4,1.297573357104855,59,12.000000000390571,16.562352577415435,1.0,1,0.24344445191850045,0,1.1742181015092812,0.5921150743961334,1.5372876631863292e-14
7,2,step,False,21,2.4897466425669204,0.1425600554223613,0.1589147823289075,1.7721822389908501,12.877475319551785,4,1.6628685030494748,28,12.000000000437385,17.40596244482763,1.0,1,0.569778599109762,0,1.1742181015092812,0.5921150743961334,1.5372876631863292e-14
7,2,step,False,22,0.5277176915553676,0.2408965298144027,0.37647377676361277,0.3747600967617925,109.47356309689263,4,1.2290279960899777,170,41.590721446986194,57.94923515273578,1.0,1,0.34713879597494346,0,1.1742181015092812,0.5921150743961334,1.5372876631863292e-14
7,2,step,False,23,2.43209115517156,0.08792051342654658,0.08425974037642406,1.4524038013586822,29.217988145921435,4,1.4840626442287876,55,12.0000000005355,15.634916962532602,1.0,1,0.45240386248956604,0,1.1742181015092812,0.5921150743961334,1.5372876631863292e-14
7,3,step,False,0,1.695893548209062,0.19467430960984658,0.19525904343548456,0.9573948863427433,53.465993280249634,4,1.2472880042483732,97,14.521552613432595,18.71069045646563,1.0,1,0.15598166819322806,0,0.8302975821692065,0.34578725695610046,4.859581045890071e-13
7,3,step,False,1,2.2857085843603824,0.21551953828582446,0.08816563490338374,1.407207050863268,33.80790741579857,4,1.3955810576463779,68,12.000000000747969,16.469353363635225,1.0,1,0.19582492523079695,0,0.8302975821692065,0.34578725695610046,4.859581045890071e-13
7,3,step,False,2,0.7496180157712998,0.2492122731752963,0.22128192646225855,0.5188666530424966,102.02524851658946,4,1.2462523477289515,158,35.8310939011295,48.63076058830131,1.0,1,0.19533429289321566,0,0.8302975821692065,0.34578725695610046,4.859581045890071e-13
7,3,step,False,3,0.7321385464267546,0.23515754369579242,0.43061914756824915,0.4566342126644743,78.43110798093267,4,1.266839737976448,118,32.29420363240403,45.16567351937461,1.0,1,0.18637763241308794,0,0.8302975821692065,0.34578725695610046,4.859581045890071e-13
7,3,step,False,4,1.3432311769705663,0.03844397564985014,0.022440461770385334,0.9259020799765998,75.99552897688298,4,1.1526094094761743,130,21.75648147601338,26.874885713142604,1.0,1,0.13507857665053655,0,0.8302975821692065,0.34578725695610046,4.859581045890071e-13
7,3,step,False,5,2.5599472376981836,0.04320973204374756,0.12059792129482677,1.516949512907638,24.62584607685912,4,1.7856351223096008,46,12.000000000549477,15.51418865987732,1.0,1,0.29778141931781804,0,0.8302975821692065,0.34578725695610046,4.859581045890071e-13
7,3,step,False,6,2.5719546876022785,0.2503277465883813,0.0803887352418024,1.6257582648923694,25.886473484609475,4,1.3148413721217607,49,12.000000000437861,15.13347292016047,1.0,1,0.284218073769473,0,0.8302975821692065,0.34578725695610046,4.859581045890071e-13
7,3,step,False,7,0.5562056173718655,0.1571914592480723,0.20872328781321825,0.3844420441868076,109.16931197286914,4,1.204066454109447,169,44.42937676191406,61.30341512454729,1.0,1,0.14604361684560088,0,0.8302975821692065,0.34578725695610046,4.859581045890071e-13
7,3,step,False,8,0.18965584778829725,0.6388119629579521,0.9143077372142385,0.22116256011098753,78.52859213405438,4,1.3153045139270814,121,23.691073496618007,32.390786354406316,1.0,1,0.10533878311139404,0,0.8302975821692065,0.34578725695610046,4.859581045890071e-13
7,3,step,False,9,1.7902645027757145,0.11145215779372604,0.20414307758733768,1.1345627468432873,30.051260915893067,4,1.5234981204062745,62,12.000000000537954,17.865660511727107,1.0,1,0.20417109377703824,0,0.8302975821692065,0.34578725695610046,4.859581045890071e-13
7,3,step,False,10,1.8688287133032908,0.15794462891572625,0.10160294257412553,1.164129773233636,13.875457717056847,4,1.5335676978780175,32,12.000000000078174,19.11465603841893,1.0,1,0.3032971431549802,0,0.8302975821692065,0.34578725695610046,4.859581045890071e-13
7,3,step,False,11,1.798904448533471,0.09228458562712993,0.06039189156360905,1.01696113752201,22.526533495044212,4,1.4991487356783237,45,12.000000000275591,16.876434755230814,1.0,1,0.1874677874912744,0,0.8302975821692065,0.34578725695610046,4.859581045890071e-13
7,3,step,False,12,1.656085565633077,0.17557306277519896,0.2418351852356281,0.9201230880504457,66.52874753848387,4,1.4668885675408487,111,19.544946100185403,26.980123143698485,1.0,1,0.18537822834852957,0,0.8302975821692065,0.34578725695610046,4.859581045890071e-13
7,3,step,False,13,1.4164375940140463,0.05413620926998205,0.12684618222524793,0.8454071957022431,49.903785347071945,4,1.4397238092834648,87,13.461269373174002,19.444312064776852,1.0,1,0.16652479720745145,0,0.8302975821692065,0.34578725695610046,4.859581045890071e-13
7,3,step,False,14,0.9095282557893342,0.5267083516143962,0.5823441853318562,0.5919228099474745,25.982990440588615,4,1.8809392902878954,46,12.00000000011142,16.068536085358797,1.0,1,0.1630064015325686,0,0.8302975821692065,0.34578725695610046,4.859581045890071e-13
7,3,step,False,15,0.979959092698329,0.14760035786030132,0.12345671530436549,0.6714650101740443,100.22869046624908,4,1.1588893870320889,154,35.12139113407524,46.32301331157989,1.0,1,0.2535297149576578,0,0.8302975821692065,0.34578725695610046,4.859581045890071e-13
7,3,step,False,16,0.6074272708457642,0.13700106178252192,0.15945736630496915,0.4085003650284757,114.58790735195603,4,1.2143450195914391,171,48.384031838722095,64.34901336654252,1.0,1,0.1958875844133551,0,0.8302975821692065,0.34578725695610046,4.859581045890071e-13
7,3,step,False,17,0.7090745349758502,0.12324396716211752,0.28245151927795586,0.5006839274000127,91.91038893568631,4,1.2310369715249714,147,32.98369229535304,44.5211559964671,1.0,1,0.22605891702188438,0,0.8302975821692065,0.34578725695610046,4.859581045890071e-13
7,3,step,False,18,1.6675110350894953,0.09607581680655276,0.05872379568227734,1.0925690653641356,63.257256614165854,4,1.2209103837488429,107,18.52011473778046,25.216719476756577,1.0,1,0.16543233576787467,0,0.8302975821692065,0.34578725695610046,4.859581045890071e-13
7,3,step,False,19,0.9835998101561569,0.13204760376316,0.132463352024765,0.6627376854633845,95.24671985369999,4,1.1657662482924642,146,33.36883270745941,44.01242485076176,1.0,1,0.2076065405978321,0,0.8302975821692065,0.34578725695610046,4.859581045890071e-13
7,3,step,False,20,1.3118515925786611,0.11223130869293726,0.08429378441610243,0.9235690947304813,32.39522492289318,4,1.297573357104855,59,12.000000000354243,15.732956069040663,1.0,1,0.09510658744917157,0,0.8302975821692065,0.34578725695610046,4.859581045890071e-13
7,3,step,False,21,2.4897466425669204,0.19529594015186336,0.1589147823289075,1.7721822389908501,12.877475319551785,4,1.6628685030494748,28,12.000000000362176,17.984415218614576,1.0,1,0.3696851593701908,0,0.8302975821692065,0.34578725695610046,4.859581045890071e-13
7,3,step,False,22,0.5277176915553676,0.23999996144895974,0.37647377676361277,0.3747600967617925,109.47356309689263,4,1.2290279960899777,170,41.00737037015187,53.893691520992654,1.0,1,0.178874978169635,0,0.8302975821692065,0.34578725695610046,4.859581045890071e-13
7,3,step,False,23,2.43209115517156,0.1611073129607039,0.08425974037642406,1.4524038013586822,29.217988145921435,4,1.4840626442287876,55,12.000000000344741,14.792826265573193,1.0,1,0.2901365723949609,0,0.8302975821692065,0.34578725695610046,4.859581045890071e-13
8,0,init,False,0,1.0378506748875693,0.12303605294880063,0.12303605294879973,0.6012933781725471,80.38713347296193,4,1.2026616870824982,131,nan,nan,1.0,1,nan,0,nan,nan,nan
8,0,init,False,1,0.6716561569208681,0.12568697732852122,0.12568697732852122,0.30461582712940066,110.66944159046545,4,1.1833399203270567,160,nan,nan,1.0,1,nan,0,nan,nan,nan
8,0,init,False,2,2.0226041686187917,0.16904517333489122,0.16904517333489255,1.2580471060144989,27.076090029182133,4,1.4261710912871275,57,nan,nan,1.0,1,nan,0,nan,nan,nan
8,0,init,False,3,0.7777394701992171,0.24949333439569438,0.24949333439569482,0.3828333536828489,91.31304504135807,4,1.2207595593000429,140,nan,nan,1.0,1,nan,0,nan,nan,nan
8,0,init,False,4,0.47784343743739227,0.41991478051445036,0.41991478051445036,0.2921728391935947,101.21065763451463,4,1.28146989511169,148,nan,nan,1.0,1,nan,0,nan,nan,nan
8,0,init,False,5,0.6531959063139913,0.23445463581716433,0.23445463581716386,0.40453578366524134,42.28914634096264,4,1.2983931169285168,76,nan,nan,1.0,1,nan,0,nan,nan,nan
8,0,init,False,6,1.1350102603683618,0.21298474513168975,0.2129847451316913,0.6711400654645836,53.62026537984196,4,1.208308728279306,99,nan,nan,1.0,1,nan,0,nan,nan,nan
8,0,init,False,7,1.0600535721639959,0.26565181881205935,0.26565181881205935,0.8035658186694545,55.050758548392636,4,1.3889876218895796,91,nan,nan,1.0,1,nan,0,nan,nan,nan
8,0,init,False,8,1.8614204865315083,0.10258853602998527,0.10258853602998527,1.1101139028193139,52.453877476051616,4,1.254462317202486,94,nan,nan,1.0,1,nan,0,nan,nan,nan
8,0,init,False,9,3.20983498587541,0.1151591637819622,0.1151591637819622,2.190695482201376,3.6738970218116878,4,3.0083351974084533,8,nan,nan,1.0,1,nan,0,nan,nan,nan
8,0,init,False,10,0.8302344040252218,0.3024570668814359,0.3024570668814359,0.4864733974997199,89.28078021085307,4,1.1786060088213433,135,nan,nan,1.0,1,nan,0,nan,nan,nan
8,0,init,False,11,0.2031161972728973,0.3539489107395194,0.3539489107395197,0.14607377248674752,120.36043469189067,4,1.169915737059017,171,nan,nan,1.0,1,nan,0,nan,nan,nan
8,0,init,False,12,0.8087519726279173,0.11464679184858774,0.11464679184858678,0.46289950586347306,77.21598082614605,4,1.2865793629860431,127,nan,nan,1.0,1,nan,0,nan,nan,nan
8,0,init,False,13,2.043123899298297,0.07303363955223752,0.07303363955223752,1.3078200303194811,38.77488469774087,4,1.517674082475266,76,nan,nan,1.0,1,nan,0,nan,nan,nan
8,0,init,False,14,0.951778082041314,0.35927298855838785,0.3592729885583885,0.3889981400938256,38.09994319474929,4,1.6056901379588442,71,nan,nan,1.0,1,nan,0,nan,nan,nan
8,0,init,False,15,0.4172505094214615,0.40757618048955785,0.40757618048955757,0.26996132229601627,74.19146716210743,4,1.2295859775099058,124,nan,nan,1.0,1,nan,0,nan,nan,nan
8,0,init,False,16,0.35411392282486276,0.44573851793526775,0.4457385179352675,0.2478574893369517,96.19237975674679,4,1.3103526701279253,153,nan,nan,1.0,1,nan,0,nan,nan,nan
8,0,init,False,17,1.5646563512603404,0.09669025035476284,0.09669025035476168,0.8270807471974078,64.84271274356155,4,1.2130484449046435,119,nan,nan,1.0,1,nan,0,nan,nan,nan
8,0,init,False,18,1.8032365558301429,0.07677892529708916,0.07677892529708916,1.0547730329039768,41.454124403351656,4,1.4494181781835445,79,nan,nan,1.0,1,nan,0,nan,nan,nan
8,0,init,False,19,2.8305949396715846,0.06984983268365495,0.06984983268365177,1.7313165651532458,10.812960344088546,4,2.2426472127309065,24,nan,nan,1.0,1,nan,0,nan,nan,nan
8,0,init,False,20,0.5059941463453863,0.3401432720029035,0.34014327200290284,0.3536446661180881,51.6561043131468,4,1.437951901754448,90,nan,nan,1.0,1,nan,0,nan,nan,nan
8,0,init,False,21,1.8806394974673035,0.16694469810097834,0.16694469810097767,1.3255865032424996,10.13580479948925,4,2.330469541565189,18,nan,nan,1.0,1,nan,0,nan,nan,nan
8,0,init,False,22,1.0642945010013232,0.4400458830570233,0.4400458830570237,0.733282986456121,50.29420951461046,4,1.385653510564346,83,nan,nan,1.0,1,nan,0,nan,nan,nan
8,0,init,False,23,1.6477180246523284,0.06168240977399996,0.06168240977399816,0.9798373699576436,58.943900805974884,4,1.2586679152456106,98,nan,nan,1.0,1,nan,0,nan,nan,nan
8,1,step,False,0,1.0378506748875693,0.14516448449006034,0.12303605294879973,0.6012933781725471,80.38713347296193,4,1.2026616870824982,131,21.895530188516656,31.773846515058782,1.0,1,0.4235260791270288,0,1.6121988453621614,1.0,1.3670378825337664e-15
8,1,step,False,1,0.6716561569208681,0.12892624019997928,0.12568697732852122,0.30461582712940066,110.66944159046545,4,1.1833399203270567,160,49.55694500252269,66.71685685704648,1.0,1,0.33274958310227964,0,1.6121988453621614,1.0,1.3670378825337664e-15
8,1,step,False,2,2.0226041686187917,0.17851828642614706,0.16904517333489255,1.2580471060144989,27.076090029182133,4,1.4261710912871275,57,12.000000001016163,19.068288434826645,1.0,1,0.6744395014352803,0,1.6121988453621614,1.0,1.3670378825337664e-15
8,1,step,False,3,0.7777394701992171,0.12016288383791214,0.24949333439569482,0.3828333536828489,91.31304504135807,4,1.2207595593000429,140,29.742003550379085,42.17284181741827,1.0,1,0.31834572720348625,0,1.6121988453621614,1.0,1.3670378825337664e-15
8,1,step,False,4,0.47784343743739227,0.15971678394240965,0.41991478051445036,0.2921728391935947,101.21065763451463,4,1.28146989511169,148,40.94693627248696,53.84363168088366,1.0,1,0.26681022656898834,0,1.6121988453621614,1.0,1.3670378825337664e-15
8,1,step,False,5,0.6531959063139913,0.18713516953490594,0.23445463581716386,0.40453578366524134,42.28914634096264,4,1.2983931169285168,76,12.000000000911152,16.220583430517255,1.0,1,0.5081168000271155,0,1.6121988453621614,1.0,1.3670378825337664e-15
8,1,step,False,6,1.1350102603683618,0.1116440711697816,0.2129847451316913,0.6711400654645836,53.62026537984196,4,1.208308728279306,99,15.932256040150145,22.7157232365763,1.0,1,0.530624481331228,0,1.6121988453621614,1.0,1.3670378825337664e-15
8,1,step,False,7,1.0600535721639959,0.2258867920649978,0.26565181881205935,0.8035658186694545,55.050758548392636,4,1.3889876218895796,91,15.858418246996337,23.45324563561238,1.0,1,0.39960197827693145,0,1.6121988453621614,1.0,1.3670378825337664e-15
8,1,step,False,8,1.8614204865315083,0.08943457363864958,0.10258853602998527,1.1101139028193139,52.453877476051616,4,1.254462317202486,94,13.79309044455039,19.957087272632027,1.0,1,0.4458590983194686,0,1.6121988453621614,1.0,1.3670378825337664e-15
8,1,step,False,9,3.20983498587541,0.21714543777409773,0.1151591637819622,2.190695482201376,3.6738970218116878,4,3.0083351974084533,8,12.000000000125326,21.115229404342127,1.0,1,0.8686148392811215,0,1.6121988453621614,1.0,1.3670378825337664e-15
8,1,step,False,10,0.8302344040252218,0.10852166297351899,0.3024570668814359,0.4864733974997199,89.28078021085307,4,1.1786060088213433,135,38.61697558121317,50.91782272811072,1.0,1,0.3914606860168828,0,1.6121988453621614,1.0,1.3670378825337664e-15
8,1,step,False,11,0.2031161972728973,0.3622299923229938,0.3539489107395197,0.14607377248674752,120.36043469189067,4,1.169915737059017,171,50.37931935446912,69.77606203896397,1.0,1,0.5399488865820026,0,1.6121988453621614,1.0,1.3670378825337664e-15
8,1,step,False,12,0.8087519726279173,0.05349462501490688,0.11464679184858678,0.46289950586347306,77.21598082614605,4,1.2865793629860431,127,27.021026391348087,36.56102216299682,1.0,1,0.5820825715090028,0,1.6121988453621614,1.0,1.3670378825337664e-15
8,1,step,False,13,2.043123899298297,0.06743682811255801,0.07303363955223752,1.3078200303194811,38.77488469774087,4,1.517674082475266,76,12.000000001317026,17.371721454292814,1.0,1,0.6157373710955374,0,1.6121988453621614,1.0,1.3670378825337664e-15
8,1,step,False,14,0.951778082041314,0.3618753309192114,0.3592729885583885,0.3889981400938256,38.09994319474929,4,1.6056901379588442,71,12.000000001273394,18.148841000502326,1.0,1,0.41588817851510673,0,1.6121988453621614,1.0,1.3670378825337664e-15
8,1,step,False,15,0.4172505094214615,0.3449338933160588,0.40757618048955757,0.26996132229601627,74.19146716210743,4,1.2295859775099058,124,23.317026386953245,32.89669488422646,1.0,1,0.5438610258021692,0,1.6121988453621614,1.0,1.3670378825337664e-15
8,1,step,False,16,0.35411392282486276,0.26513641563073165,0.4457385179352675,0.2478574893369517,96.19237975674679,4,1.3103526701279253,153,34.02945447329896,47.093222834729005,1.0,1,0.5002086947441576,0,1.6121988453621614,1.0,1.3670378825337664e-15
8,1,step,False,17,1.5646563512603404,0.02794747574645206,0.09669025035476168,0.8270807471974078,64.84271274356155,4,1.2130484449046435,119,19.250993136177776,27.888448601148742,1.0,1,0.35783068071465146,0,1.6121988453621614,1.0,1.3670378825337664e-15
8,1,step,False,18,1.8032365558301429,0.06689761323082843,0.07677892529708916,1.0547730329039768,41.454124403351656,4,1.4494181781835445,79,12.00000000085037,16.614565015365887,1.0,1,0.2548102670662189,0,1.6121988453621614,1.0,1.3670378825337664e-15
8,1,step,False,19,2.8305949396715846,0.06938617344617486,0.06984983268365177,1.7313165651532458,10.812960344088546,4,2.2426472127309065,24,12.000000000708699,18.02784554887374,1.0,1,0.9155944587331429,0,1.6121988453621614,1.0,1.3670378825337664e-15
8,1,step,False,20,0.5059941463453863,0.3232710863076246,0.34014327200290284,0.3536446661180881,51.6561043131468,4,1.437951901754448,90,15.275048253119522,20.235477680902225,1.0,1,0.4992104730350389,0,1.6121988453621614,1.0,1.3670378825337664e-15
8,1,step,False,21,1.8806394974673035,0.13629879208529297,0.16694469810097767,1.3255865032424996,10.13580479948925,4,2.330469541565189,18,12.000000000637591,17.51510297009045,1.0,1,1.1604388709624096,0,1.6121988453621614,1.0,1.3670378825337664e-15
8,1,step,False,22,1.0642945010013232,0.25526736214843593,0.4400458830570237,0.733282986456121,50.29420951461046,4,1.385653510564346,83,15.498274758050524,22.790112885775397,1.0,1,0.32617544285616223,0,1.6121988453621614,1.0,1.3670378825337664e-15
8,1,step,False,23,1.6477180246523284,0.06123441472849748,0.06168240977399816,0.9798373699576436,58.943900805974884,4,1.2586679152456106,98,17.498453573059592,24.57219512039844,1.0,1,0.3146381826685895,0,1.6121988453621614,1.0,1.3670378825337664e-15
8,2,step,False,0,1.0378506748875693,0.1570408858398081,0.12303605294879973,0.6012933781725471,80.38713347296193,4,1.2026616870824982,131,23.44473564374821,32.91893517944303,1.0,1,0.27465401560938574,0,1.1399967361767063,0.6090476810932159,2.2853209609885482e-14
8,2,step,False,1,0.6716561569208681,0.18376406483354807,0.12568697732852122,0.30461582712940066,110.66944159046545,4,1.1833399203270567,160,49.99708158826852,64.09742768235525,1.0,1,0.25798094146513484,0,1.1399967361767063,0.6090476810932159,2.2853209609885482e-14
8,2,step,False,2,2.0226041686187917,0.1347961006682979,0.16904517333489255,1.2580471060144989,27.076090029182133,4,1.4261710912871275,57,12.000000001098202,18.775502629910807,1.0,1,0.4383376968898633,0,1.1399967361767063,0.6090476810932159,2.2853209609885482e-14
8,2,step,False,3,0.7777394701992171,0.11948512865802599,0.24949333439569482,0.3828333536828489,91.31304504135807,4,1.2207595593000429,140,32.41057789556981,44.64818582172448,1.0,1,0.21920616458925582,0,1.1399967361767063,0.6090476810932159,2.2853209609885482e-14
8,2,step,False,4,0.47784343743739227,0.08175388524737054,0.41991478051445036,0.2921728391935947,101.21065763451463,4,1.28146989511169,148,46.7005545069171,63.876161392617135,1.0,1,0.19573415587071896,0,1.1399967361767063,0.6090476810932159,2.2853209609885482e-14
8,2,step,False,5,0.6531959063139913,0.27754321512372604,0.23445463581716386,0.40453578366524134,42.28914634096264,4,1.2983931169285168,76,14.418283242120927,21.53134652136074,1.0,1,0.21474117648034485,0,1.1399967361767063,0.6090476810932159,2.2853209609885482e-14
8,2,step,False,6,1.1350102603683618,0.12801251879786624,0.2129847451316913,0.6711400654645836,53.62026537984196,4,1.208308728279306,99,14.80381762710337,20.393074848658422,1.0,1,0.2747672251075384,0,1.1399967361767063,0.6090476810932159,2.2853209609885482e-14
8,2,step,False,7,1.0600535721639959,0.2736637445579274,0.26565181881205935,0.8035658186694545,55.050758548392636,4,1.3889876218895796,91,16.31549894340348,24.082575972420116,1.0,1,0.158977067357259,0,1.1399967361767063,0.6090476810932159,2.2853209609885482e-14
8,2,step,False,8,1.8614204865315083,0.08472139347840489,0.10258853602998527,1.1101139028193139,52.453877476051616,4,1.254462317202486,94,12.000000000990045,17.044240535191847,1.0,1,0.23367911111287581,0,1.1399967361767063,0.6090476810932159,2.2853209609885482e-14
8,2,step,False,9,3.20983498587541,0.12866134992314296,0.1151591637819622,2.190695482201376,3.6738970218116878,4,3.0083351974084533,8,12.000000000783238,19.111813184985174,1.0,1,0.4626731384104912,0,1.1399967361767063,0.6090476810932159,2.2853209609885482e-14
8,2,step,False,10,0.8302344040252218,0.10003642228296653,0.3024570668814359,0.4864733974997199,89.28078021085307,4,1.1786060088213433,135,38.82819382471121,51.455477700746464,1.0,1,0.29917558861687654,0,1.1399967361767063,0.6090476810932159,2.2853209609885482e-14
8,2,step,False,11,0.2031161972728973,0.39119329863005636,0.3539489107395197,0.14607377248674752,120.36043469189067,4,1.169915737059017,171,50.048368102929686,67.26274253436077,1.0,1,0.24382364612485058,0,1.1399967361767063,0.6090476810932159,2.2853209609885482e-14
8,2,step,False,12,0.8087519726279173,0.07328087733736142,0.11464679184858678,0.46289950586347306,77.21598082614605,4,1.2865793629860431,127,27.35398512765784,38.143244727737795,1.0,1,0.3602225894136006,0,1.1399967361767063,0.6090476810932159,2.2853209609885482e-14
8,2,step,False,13,2.043123899298297,0.08714139796737141,0.07303363955223752,1.3078200303194811,38.77488469774087,4,1.517674082475266,76,12.00000000002476,15.951416703540103,1.0,1,0.4861573422896333,0,1.1399967361767063,0.6090476810932159,2.2853209609885482e-14
8,2,step,False,14,0.951778082041314,0.34281445179650377,0.3592729885583885,0.3889981400938256,38.09994319474929,4,1.6056901379588442,71,12.00000000153245,18.27522780530003,1.0,1,0.29949431136540045,0,1.1399967361767063,0.6090476810932159,2.2853209609885482e-14
8,2,step,False,15,0.4172505094214615,0.39957446523987195,0.40757618048955757,0.26996132229601627,74.19146716210743,4,1.2295859775099058,124,24.140395284393648,33.17920127418403,1.0,1,0.2580330405896329,0,1.1399967361767063,0.6090476810932159,2.2853209609885482e-14
8,2,step,False,16,0.35411392282486276,0.16341664056630795,0.4457385179352675,0.2478574893369517,96.19237975674679,4,1.3103526701279253,153,34.13833285659368,47.675615534498164,1.0,1,0.3666162897185391,0,1.1399967361767063,0.6090476810932159,2.2853209609885482e-14
8,2,step,False,17,1.5646563512603404,0.09683059236010096,0.09669025035476168,0.8270807471974078,64.84271274356155,4,1.2130484449046435,119,16.885127042925568,24.51550629053408,1.0,1,0.24645750911546893,0,1.1399967361767063,0.6090476810932159,2.2853209609885482e-14
8,2,step,False,18,1.8032365558301429,0.11129109654267444,0.07677892529708916,1.0547730329039768,41.454124403351656,4,1.4494181781835445,79,12.00000000078738,17.52064103751448,1.0,1,0.25677083117850286,0,1.1399967361767063,0.6090476810932159,2.2853209609885482e-14
8,2,step,False,19,2.8305949396715846,0.1474469275459368,0.06984983268365177,1.7313165651532458,10.812960344088546,4,2.2426472127309065,24,12.000000000577126,17.155871115187097,1.0,1,0.8546715114033627,0,1.1399967361767063,0.6090476810932159,2.2853209609885482e-14
8,2,step,False,20,0.5059941463453863,0.2913056920505011,0.34014327200290284,0.3536446661180881,51.6561043131468,4,1.437951901754448,90,13.872942289091762,17.86085082280023,1.0,1,0.25342207451188786,0,1.1399967361767063,0.6090476810932159,2.2853209609885482e-14
8,2,step,False,21,1.8806394974673035,0.17839808157071768,0.16694469810097767,1.3255865032424996,10.13580479948925,4,2.330469541565189,18,12.000000000197858,16.18937266922581,1.0,1,0.6974099160485714,0,1.1399967361767063,0.6090476810932159,2.2853209609885482e-14
8,2,step,False,22,1.0642945010013232,0.24607284270915833,0.4400458830570237,0.733282986456121,50.29420951461046,4,1.385653510564346,83,15.093918655930002,20.935600460000526,1.0,1,0.22951929349552008,0,1.1399967361767063,0.6090476810932159,2.2853209609885482e-14
8,2,step,False,23,1.6477180246523284,0.11651762211873767,0.06168240977399816,0.9798373699576436,58.943900805974884,4,1.2586679152456106,98,16.294379978447612,22.436103568826386,1.0,1,0.29120892987424846,0,1.1399967361767063,0.6090476810932159,2.2853209609885482e-14
8,3,step,False,0,1.0378506748875693,0.18358163239155753,0.12303605294879973,0.6012933781725471,80.38713347296193,4,1.2026616870824982,131,24.13681272639409,33.210171968383335,1.0,1,0.18265114466182428,0,0.8060994226810805,0.3635055720806122,4.064643062498473e-14
8,3,step,False,1,0.6716561569208681,0.11515298560259933,0.12568697732852122,0.30461582712940066,110.66944159046545,4,1.1833399203270567,160,49.053840547693845,62.74879067224716,1.0,1,0.1573209095145173,0,0.8060994226810805,0.3635055720806122,4.064643062498473e-14
8,3,step,False,2,2.0226041686187917,0.06944081828003673,0.16904517333489255,1.2580471060144989,27.076090029182133,4,1.4261710912871275,57,12.00000000050625,16.492071295051673,1.0,1,0.2366258362564778,0,0.8060994226810805,0.3635055720806122,4.064643062498473e-14
8,3,step,False,3,0.7777394701992171,0.11781013219834384,0.24949333439569482,0.3828333536828489,91.31304504135807,4,1.2207595593000429,140,35.23451150832678,47.50601040928684,1.0,1,0.1334779164690091,0,0.8060994226810805,0.3635055720806122,4.064643062498473e-14
8,3,step,False,4,0.47784343743739227,0.1462842967579092,0.41991478051445036,0.2921728391935947,101.21065763451463,4,1.28146989511169,148,49.852143469344355,69.86712421500705,1.0,1,0.1926680910057544,0,0.8060994226810805,0.3635055720806122,4.064643062498473e-14
8,3,step,False,5,0.6531959063139913,0.2667931940266852,0.23445463581716386,0.40453578366524134,42.28914634096264,4,1.2983931169285168,76,18.553908504292007,27.505051458508774,1.0,1,0.10026217462308527,0,0.8060994226810805,0.3635055720806122,4.064643062498473e-14
8,3,step,False,6,1.1350102603683618,0.14147506940024787,0.2129847451316913,0.6711400654645836,53.62026537984196,4,1.208308728279306,99,16.260976040098523,22.105858369077747,1.0,1,0.13756469790349266,0,0.8060994226810805,0.3635055720806122,4.064643062498473e-14
8,3,step,False,7,1.0600535721639959,0.35049486556013454,0.26565181881205935,0.8035658186694545,55.050758548392636,4,1.3889876218895796,91,15.522747526152681,20.89356277225304,1.0,1,0.16483998478670464,0,0.8060994226810805,0.3635055720806122,4.064643062498473e-14
8,3,step,False,8,1.8614204865315083,0.12081259976197166,0.10258853602998527,1.1101139028193139,52.453877476051616,4,1.254462317202486,94,12.000000000740503,15.432233377726163,1.0,1,0.1852107238413041,0,0.8060994226810805,0.3635055720806122,4.064643062498473e-14
8,3,step,False,9,3.20983498587541,0.21149107683594373,0.1151591637819622,2.190695482201376,3.6738970218116878,4,3.0083351974084533,8,12.000000001143057,18.110014470685602,1.0,1,0.48602510548902883,0,0.8060994226810805,0.3635055720806122,4.064643062498473e-14
8,3,step,False,10,0.8302344040252218,0.1664817149573223,0.3024570668814359,0.4864733974997199,89.28078021085307,4,1.1786060088213433,135,35.98306152984718,46.98776047866011,1.0,1,0.18425326151168556,0,0.8060994226810805,0.3635055720806122,4.064643062498473e-14
8,3,step,False,11,0.2031161972728973,0.25055968076457114,0.3539489107395197,0.14607377248674752,120.36043469189067,4,1.169915737059017,171,48.56831323188257,64.25758890513623,1.0,1,0.12636698451532422,0,0.8060994226810805,0.3635055720806122,4.064643062498473e-14
8,3,step,False,12,0.8087519726279173,0.19500157054020661,0.11464679184858678,0.46289950586347306,77.21598082614605,4,1.2865793629860431,127,27.682511128467574,36.220275014869664,1.0,1,0.11303019061274887,0,0.8060994226810805,0.3635055720806122,4.064643062498473e-14
8,3,step,False,13,2.043123899298297,0.14010674092545342,0.07303363955223752,1.3078200303194811,38.77488469774087,4,1.517674082475266,76,12.00000000078515,16.99379191133672,1.0,1,0.37538770923703907,0,0.8060994226810805,0.3635055720806122,4.064643062498473e-14
8,3,step,False,14,0.951778082041314,0.3566019660198235,0.3592729885583885,0.3889981400938256,38.09994319474929,4,1.6056901379588442,71,12.000000000347766,16.761687145195506,1.0,1,0.11883455366261757,0,0.8060994226810805,0.3635055720806122,4.064643062498473e-14
8,3,step,False,15,0.4172505094214615,0.3111628428747212,0.40757618048955757,0.26996132229601627,74.19146716210743,4,1.2295859775099058,124,25.741326891717346,36.44010707796117,1.0,1,0.14839881130805702,0,0.8060994226810805,0.3635055720806122,4.064643062498473e-14
8,3,step,False,16,0.35411392282486276,0.19913848857686967,0.4457385179352675,0.2478574893369517,96.19237975674679,4,1.3103526701279253,153,31.92649187421929,43.50899246277939,1.0,1,0.13721850520171966,0,0.8060994226810805,0.3635055720806122,4.064643062498473e-14
8,3,step,False,17,1.5646563512603404,0.1515066369096166,0.09669025035476168,0.8270807471974078,64.84271274356155,4,1.2130484449046435,119,14.105613682030324,18.87114715651825,1.0,1,0.08622824200337947,0,0.8060994226810805,0.3635055720806122,4.064643062498473e-14
8,3,step,False,18,1.8032365558301429,0.16820424784054516,0.07677892529708916,1.0547730329039768,41.454124403351656,4,1.4494181781835445,79,12.000000001032701,17.985910957331964,1.0,1,0.23116084200187825,0,0.8060994226810805,0.3635055720806122,4.064643062498473e-14
8,3,step,False,19,2.8305949396715846,0.2563608829638802,0.06984983268365177,1.7313165651532458,10.812960344088546,4,2.2426472127309065,24,12.000000001037881,16.275330865544895,1.0,1,0.6492072138831892,0,0.8060994226810805,0.3635055720806122,4.064643062498473e-14
8,3,step,False,20,0.5059941463453863,0.312614088282289,0.34014327200290284,0.3536446661180881,51.6561043131468,4,1.437951901754448,90,15.354135629134966,20.58601457919993,1.0,1,0.09030185504951528,0,0.8060994226810805,0.3635055720806122,4.064643062498473e-14
8,3,step,False,21,1.8806394974673035,0.2044880181027977,0.16694469810097767,1.3255865032424996,10.13580479948925,4,2.330469541565189,18,12.000000000049322,16.06638210492789,1.0,1,0.5305594574837459,0,0.8060994226810805,0.3635055720806122,4.064643062498473e-14
8,3,step,False,22,1.0642945010013232,0.2080063970997813,0.4400458830570237,0.733282986456121,50.29420951461046,4,1.385653510564346,83,14.899333915468643,20.943362601469147,1.0,1,0.19402858747664298,0,0.8060994226810805,0.3635055720806122,4.064643062498473e-14
8,3,step,False,23,1.6477180246523284,0.16149568962714267,0.06168240977399816,0.9798373699576436,58.943900805974884,4,1.2586679152456106,98,14.761716913622253,20.060976495700277,1.0,1,0.10845175996228619,0,0.8060994226810805,0.3635055720806122,4.064643062498473e-14
9,0,init,False,0,1.9319150175304767,0.10922289075720396,0.10922289075720497,1.1741594893840335,50.83765592911183,4,1.5080824678619769,94,nan,nan,1.0,1,nan,0,nan,nan,nan
9,0,init,False,1,2.297613715968394,0.16228131059326514,0.16228131059326445,1.3195659414977998,9.036244677316205,4,1.4151987580563266,17,nan,nan,1.0,1,nan,0,nan,nan,nan
9,0,init,False,2,0.3806438597462406,0.7688169237098968,0.7688169237098971,0.3724109192463156,45.72076231280717,4,1.6999048964630479,77,nan,nan,1.0,1,nan,0,nan,nan,nan
9,0,init,False,3,2.589576667811834,0.13322389399089862,0.1332238939908978,1.4685184233212882,21.878998199936778,4,1.4101589686111116,41,nan,nan,1.0,1,nan,0,nan,nan,nan
9,0,init,False,4,0.4350174884567207,0.6324199763837438,0.6324199763837439,0.27689877281712677,46.06352586455857,4,1.326473862479658,82,nan,nan,1.0,1,nan,0,nan,nan,nan
9,0,init,False,5,1.1156952399600832,0.18023716553541028,0.18023716553541275,0.6884010975879544,43.374717724875914,4,1.3542569949811656,78,nan,nan,1.0,1,nan,0,nan,nan,nan
9,0,init,False,6,1.3582674648938677,0.14676985899851352,0.14676985899851125,0.7762411083543527,79.7391800660551,4,1.1534659600038029,129,nan,nan,1.0,1,nan,0,nan,nan,nan
9,0,init,False,7,1.0005504679814938,0.14662420938681772,0.1466242093868162,0.5328449404557218,84.84485484469167,4,1.2284512066025288,138,nan,nan,1.0,1,nan,0,nan,nan,nan
9,0,init,False,8,1.9666485141928456,0.19737429712429255,0.19737429712429255,1.2234565165012112,21.853085367342054,4,1.6307073254371576,46,nan,nan,1.0,1,nan,0,nan,nan,nan
9,0,init,False,9,0.6243284807757906,0.32791610766039003,0.3279161076603897,0.3349818360725658,97.61428840538967,4,1.249645505709279,154,nan,nan,1.0,1,nan,0,nan,nan,nan
9,0,init,False,10,1.7743448667122528,0.13898496592129558,0.13898496592129797,1.0406885577753495,40.70322499449219,4,1.4769839727858245,83,nan,nan,1.0,1,nan,0,nan,nan,nan
9,0,init,False,11,1.0972591878173263,0.2792895201560445,0.2792895201560445,0.7425227093851822,65.40928099831156,4,1.2263952143406478,108,nan,nan,1.0,1,nan,0,nan,nan,nan
9,0,init,False,12,2.5440052353798466,0.2411229841446357,0.2411229841446357,1.6782903052148672,3.7329969318222256,4,8.4013883568947,6,nan,nan,1.0,1,nan,0,nan,nan,nan
9,0,init,False,13,1.065335976205895,0.15988510373123277,0.15988510373123277,0.48074151789870073,99.54309701714674,4,1.2654416926309866,157,nan,nan,1.0,1,nan,0,nan,nan,nan
9,0,init,False,14,0.6147355922993071,0.1344472839295392,0.13444728392954045,0.23553545051378413,101.88338781080608,4,1.2131011237126672,155,nan,nan,1.0,1,nan,0,nan,nan,nan
9,0,init,False,15,1.1390096535776728,0.09802056962033691,0.09802056962033691,0.6436712604281858,103.97304012625618,4,1.084218045433002,155,nan,nan,1.0,1,nan,0,nan,nan,nan
9,0,init,False,16,1.2557821063963082,0.11611579825014204,0.11611579825014204,0.6747425535690329,96.59675285176966,4,1.2449504557197069,153,nan,nan,1.0,1,nan,0,nan,nan,nan
9,0,init,False,17,2.4046687697579534,0.09742479103183085,0.09742479103182744,1.3791854268956292,33.0812012220659,4,1.6683970443998164,66,nan,nan,1.0,1,nan,0,nan,nan,nan
9,0,init,False,18,1.5047639121030847,0.12618457708691697,0.12618457708691785,0.9314880879902975,54.67622169110198,4,1.5949543931485424,93,nan,nan,1.0,1,nan,0,nan,nan,nan
9,0,init,False,19,1.497484781295103,0.0685479401430192,0.06854794014301595,0.8961007175209915,52.59368491985117,4,1.1888821417890714,97,nan,nan,1.0,1,nan,0,nan,nan,nan
9,0,init,False,20,0.3913953812157383,0.45029835540271934,0.45029835540271934,0.360824054902853,90.62980286426586,4,1.2649703156125822,146,nan,nan,1.0,1,nan,0,nan,nan,nan
9,0,init,False,21,1.664103941613645,0.07277465176761158,0.07277465176761311,1.1391165315662632,12.120125259295206,4,1.3443735004067154,22,nan,nan,1.0,1,nan,0,nan,nan,nan
9,0,init,False,22,1.408979648993165,0.16533938859444647,0.16533938859444647,0.6915377792758998,53.60540342249233,4,1.421516828106679,102,nan,nan,1.0,1,nan,0,nan,nan,nan
9,0,init,False,23,0.36411673436852154,0.12471637197965432,0.12471637197965432,0.2217320279639587,130.4884664982385,4,1.154610501318598,187,nan,nan,1.0,1,nan,0,nan,nan,nan
9,1,step,False,0,1.9319150175304767,0.07714373450891723,0.10922289075720497,1.1741594893840335,50.83765592911183,4,1.5080824678619769,94,12.000000000876735,20.041251427445104,1.0,1,0.5691022501801309,0,1.7084164625838822,1.0,6.922993091099533e-16
9,1,step,False,1,2.297613715968394,0.17775856356635297,0.16228131059326445,1.3195659414977998,9.036244677316205,4,1.4151987580563266,17,12.000000000277904,18.040062438691933,1.0,1,0.6339333485308313,0,1.7084164625838822,1.0,6.922993091099533e-16
9,1,step,False,2,0.3806438597462406,0.6116694875101548,0.7688169237098971,0.3724109192463156,45.72076231280717,4,1.6999048964630479,77,12.321658107402728,17.692483542791134,1.0,1,0.40538145861264574,0,1.7084164625838822,1.0,6.922993091099533e-16
9,1,step,False,3,2.589576667811834,0.059731262272275945,0.1332238939908978,1.4685184233212882,21.878998199936778,4,1.4101589686111116,41,12.000000001236476,18.33778116410137,1.0,1,0.6254999350034326,0,1.7084164625838822,1.0,6.922993091099533e-16
9,1,step,False,4,0.4350174884567207,0.5367050115390729,0.6324199763837439,0.27689877281712677,46.06352586455857,4,1.326473862479658,82,14.101343720952563,20.404649320083315,1.0,1,0.5353009274857351,0,1.7084164625838822,1.0,6.922993091099533e-16
9,1,step,False,5,1.1156952399600832,0.2176386576782918,0.18023716553541275,0.6884010975879544,43.374717724875914,4,1.3542569949811656,78,12.966592956796749,18.891762767913193,1.0,1,0.38492442115323006,0,1.7084164625838822,1.0,6.922993091099533e-16
9,1,step,False,6,1.3582674648938677,0.16244057638015932,0.14676985899851125,0.7762411083543527,79.7391800660551,4,1.1534659600038029,129,28.747105336916775,39.920758057570026,1.0,1,0.3478198763702415,0,1.7084164625838822,1.0,6.922993091099533e-16
9,1,step,False,7,1.0005504679814938,0.07000683475262279,0.1466242093868162,0.5328449404557218,84.84485484469167,4,1.2284512066025288,138,27.787493253656557,38.74140640264389,1.0,1,0.5133471754412577,0,1.7084164625838822,1.0,6.922993091099533e-16
9,1,step,False,8,1.9666485141928456,0.25219609400002163,0.19737429712429255,1.2234565165012112,21.853085367342054,4,1.6307073254371576,46,12.000000000947121,18.955136677977222,1.0,1,0.4880210012199776,0,1.7084164625838822,1.0,6.922993091099533e-16
9,1,step,False,9,0.6243284807757906,0.2059396063921485,0.3279161076603897,0.3349818360725658,97.61428840538967,4,1.249645505709279,154,36.471645697460836,54.05235222147349,1.0,1,0.3878470051200768,0,1.7084164625838822,1.0,6.922993091099533e-16
9,1,step,False,10,1.7743448667122528,0.14088964538487359,0.13898496592129797,1.0406885577753495,40.70322499449219,4,1.4769839727858245,83,12.0000000011747,17.753158939761676,1.0,1,0.4504325664486391,0,1.7084164625838822,1.0,6.922993091099533e-16
9,1,step,False,11,1.0972591878173263,0.1194547008377294,0.2792895201560445,0.7425227093851822,65.40928099831156,4,1.2263952143406478,108,17.425073309112193,24.404618069607093,1.0,1,0.41668483654257454,0,1.7084164625838822,1.0,6.922993091099533e-16
9,1,step,False,12,2.5440052353798466,0.06417418266671104,0.2411229841446357,1.6782903052148672,3.7329969318222256,4,8.4013883568947,6,12.000000000175117,17.9945364582381,1.0,1,1.2383629534946468,0,1.7084164625838822,1.0,6.922993091099533e-16
9,1,step,False,13,1.065335976205895,0.08255203052481042,0.15988510373123277,0.48074151789870073,99.54309701714674,4,1.2654416926309866,157,35.8242000193221,51.30125971846591,1.0,1,0.42450913890843306,0,1.7084164625838822,1.0,6.922993091099533e-16
9,1,step,False,14,0.6147355922993071,0.1154597845256318,0.13444728392954045,0.23553545051378413,101.88338781080608,4,1.2131011237126672,155,42.54616209528608,56.32190117238338,1.0,1,0.353762560417647,0,1.7084164625838822,1.0,6.922993091099533e-16
9,1,step,False,15,1.1390096535776728,0.044016524711505405,0.09802056962033691,0.6436712604281858,103.97304012625618,4,1.084218045433002,155,43.82642858407712,60.958712330623,1.0,1,0.4226795393467343,0,1.7084164625838822,1.0,6.922993091099533e-16
9,1,step,False,16,1.2557821063963082,0.06260007315113902,0.11611579825014204,0.6747425535690329,96.59675285176966,4,1.2449504557197069,153,29.19509157337148,41.8359724571946,1.0,1,0.3209679403932152,0,1.7084164625838822,1.0,6.922993091099533e-16
9,1,step,False,17,2.4046687697579534,0.13246801694690646,0.09742479103182744,1.3791854268956292,33.0812012220659,4,1.6683970443998164,66,12.000000000249432,19.613812139715215,1.0,1,0.33397055793150743,0,1.7084164625838822,1.0,6.922993091099533e-16
9,1,step,False,18,1.5047639121030847,0.08463988369226742,0.12618457708691785,0.9314880879902975,54.67622169110198,4,1.5949543931485424,93,17.8559324071023,26.138922190522386,1.0,1,0.5006121497238025,0,1.7084164625838822,1.0,6.922993091099533e-16
9,1,step,False,19,1.497484781295103,0.1017863909637117,0.06854794014301595,0.8961007175209915,52.59368491985117,4,1.1888821417890714,97,12.798893428967256,19.697874575842242,1.0,1,0.49900846095220397,0,1.7084164625838822,1.0,6.922993091099533e-16
9,1,step,False,20,0.3913953812157383,0.346604275027469,0.45029835540271934,0.360824054902853,90.62980286426586,4,1.2649703156125822,146,32.1420444826835,46.74980486743438,1.0,1,0.3459780232492546,0,1.7084164625838822,1.0,6.922993091099533e-16
9,1,step,False,21,1.664103941613645,0.07111497520051285,0.07277465176761311,1.1391165315662632,12.120125259295206,4,1.3443735004067154,22,12.000000000214442,16.213745567599034,1.0,1,0.29579150993686076,0,1.7084164625838822,1.0,6.922993091099533e-16
9,1,step,False,22,1.408979648993165,0.08118141396316053,0.16533938859444647,0.6915377792758998,53.60540342249233,4,1.421516828106679,102,12.000000000817202,17.392530227493737,1.0,1,0.34721952672344253,0,1.7084164625838822,1.0,6.922993091099533e-16
9,1,step,False,23,0.36411673436852154,0.08423997898821106,0.12471637197965432,0.2217320279639587,130.4884664982385,4,1.154610501318598,187,60.77400767995109,82.77528192639559,1.0,1,0.5695807513049496,0,1.7084164625838822,1.0,6.922993091099533e-16
9,2,step,False,0,1.9319150175304767,0.17318747850776678,0.10922289075720497,1.1741594893840335,50.83765592911183,4,1.5080824678619769,94,12.000000001519078,20.687908414839736,1.0,1,0.4580060431181523,0,1.2080328657837966,0.5994407534599304,3.355263989265906e-15
9,2,step,False,1,2.297613715968394,0.20060556993836853,0.16228131059326445,1.3195659414977998,9.036244677316205,4,1.4151987580563266,17,12.00000000058869,18.922407955543573,1.0,1,0.3944804469650637,0,1.2080328657837966,0.5994407534599304,3.355263989265906e-15
9,2,step,False,2,0.3806438597462406,0.36101728748866363,0.7688169237098971,0.3724109192463156,45.72076231280717,4,1.6999048964630479,77,12.38858582673,18.983041796787415,1.0,1,0.2686330790734669,0,1.2080328657837966,0.5994407534599304,3.355263989265906e-15
9,2,step,False,3,2.589576667811834,0.12742280596467231,0.1332238939908978,1.4685184233212882,21.878998199936778,4,1.4101589686111116,41,12.0000000010212,18.073062603402434,1.0,1,0.4439806952513215,0,1.2080328657837966,0.5994407534599304,3.355263989265906e-15
9,2,step,False,4,0.4350174884567207,0.5790954749890814,0.6324199763837439,0.27689877281712677,46.06352586455857,4,1.326473862479658,82,14.68979862511884,20.380084873936717,1.0,1,0.30877147820173784,0,1.2080328657837966,0.5994407534599304,3.355263989265906e-15
9,2,step,False,5,1.1156952399600832,0.2611996471745815,0.18023716553541275,0.6884010975879544,43.374717724875914,4,1.3542569949811656,78,13.018702802733062,18.399762779572924,1.0,1,0.15302317670101226,0,1.2080328657837966,0.5994407534599304,3.355263989265906e-15
9,2,step,False,6,1.3582674648938677,0.10597086780615608,0.14676985899851125,0.7762411083543527,79.7391800660551,4,1.1534659600038029,129,28.30054623565824,39.06376956607063,1.0,1,0.30092074541816066,0,1.2080328657837966,0.5994407534599304,3.355263989265906e-15
9,2,step,False,7,1.0005504679814938,0.12786058648627516,0.1466242093868162,0.5328449404557218,84.84485484469167,4,1.2284512066025288,138,29.596205339570158,41.03798611828984,1.0,1,0.31029572157161306,0,1.2080328657837966,0.5994407534599304,3.355263989265906e-15
9,2,step,False,8,1.9666485141928456,0.20787894922271444,0.19737429712429255,1.2234565165012112,21.853085367342054,4,1.6307073254371576,46,12.000000000008015,18.46131994410358,1.0,1,0.30701041024232484,0,1.2080328657837966,0.5994407534599304,3.355263989265906e-15
9,2,step,False,9,0.6243284807757906,0.19034314262673033,0.3279161076603897,0.3349818360725658,97.61428840538967,4,1.249645505709279,154,38.18218865994566,55.24772805100223,1.0,1,0.2788950750968165,0,1.2080328657837966,0.5994407534599304,3.355263989265906e-15
9,2,step,False,10,1.7743448667122528,0.0918346252395899,0.13898496592129797,1.0406885577753495,40.70322499449219,4,1.4769839727858245,83,12.000000001141757,18.66798372717619,1.0,1,0.3698104973353382,0,1.2080328657837966,0.5994407534599304,3.355263989265906e-15
9,2,step,False,11,1.0972591878173263,0.07745632565079597,0.2792895201560445,0.7425227093851822,65.40928099831156,4,1.2263952143406478,108,19.52156543351534,27.604297239990792,1.0,1,0.26029207931621623,0,1.2080328657837966,0.5994407534599304,3.355263989265906e-15
9,2,step,False,12,2.5440052353798466,0.07466358789402579,0.2411229841446357,1.6782903052148672,3.7329969318222256,4,8.4013883568947,6,12.00000000026605,18.27235819843843,1.0,1,0.4798209282040501,0,1.2080328657837966,0.5994407534599304,3.355263989265906e-15
9,2,step,False,13,1.065335976205895,0.04928849752564928,0.15988510373123277,0.48074151789870073,99.54309701714674,4,1.2654416926309866,157,33.69826912282979,45.168993445707,1.0,1,0.30550413743379906,0,1.2080328657837966,0.5994407534599304,3.355263989265906e-15
9,2,step,False,14,0.6147355922993071,0.1378528132480214,0.13444728392954045,0.23553545051378413,101.88338781080608,4,1.2131011237126672,155,46.24135162947328,60.08839728873332,1.0,1,0.23583742685981662,0,1.2080328657837966,0.5994407534599304,3.355263989265906e-15
9,2,step,False,15,1.1390096535776728,0.09828355164396478,0.09802056962033691,0.6436712604281858,103.97304012625618,4,1.084218045433002,155,42.19042876910071,55.52340386736261,1.0,1,0.2214395012868955,0,1.2080328657837966,0.5994407534599304,3.355263989265906e-15
9,2,step,False,16,1.2557821063963082,0.04449823479623185,0.11611579825014204,0.6747425535690329,96.59675285176966,4,1.2449504557197069,153,28.074979388896455,40.27718769886744,1.0,1,0.2129415167329885,0,1.2080328657837966,0.5994407534599304,3.355263989265906e-15
9,2,step,False,17,2.4046687697579534,0.13785208117581235,0.09742479103182744,1.3791854268956292,33.0812012220659,4,1.6683970443998164,66,12.000000001072053,19.888516906844327,1.0,1,0.3181016212748586,0,1.2080328657837966,0.5994407534599304,3.355263989265906e-15
9,2,step,False,18,1.5047639121030847,0.07913034129158317,0.12618457708691785,0.9314880879902975,54.67622169110198,4,1.5949543931485424,93,17.013065334959162,24.278469295428163,1.0,1,0.37173698279403256,0,1.2080328657837966,0.5994407534599304,3.355263989265906e-15
9,2,step,False,19,1.497484781295103,0.09936066064633632,0.06854794014301595,0.8961007175209915,52.59368491985117,4,1.1888821417890714,97,12.645590672395311,20.558372241920573,1.0,1,0.33090745400879623,0,1.2080328657837966,0.5994407534599304,3.355263989265906e-15
9,2,step,False,20,0.3913953812157383,0.3125394012563938,0.45029835540271934,0.360824054902853,90.62980286426586,4,1.2649703156125822,146,38.67579534580784,53.92692593324166,1.0,1,0.23721049414350584,0,1.2080328657837966,0.5994407534599304,3.355263989265906e-15
9,2,step,False,21,1.664103941613645,0.0738198489311749,0.07277465176761311,1.1391165315662632,12.120125259295206,4,1.3443735004067154,22,12.000000000009305,16.393225571659755,1.0,1,0.34613220333296946,0,1.2080328657837966,0.5994407534599304,3.355263989265906e-15
9,2,step,False,22,1.408979648993165,0.03342607548084446,0.16533938859444647,0.6915377792758998,53.60540342249233,4,1.421516828106679,102,12.265729935203302,18.11358113735975,1.0,1,0.213327874851734,0,1.2080328657837966,0.5994407534599304,3.355263989265906e-15
9,2,step,False,23,0.36411673436852154,0.11997310833282204,0.12471637197965432,0.2217320279639587,130.4884664982385,4,1.154610501318598,187,61.502000553289065,79.44317758550447,1.0,1,0.20350665747750118,0,1.2080328657837966,0.5994407534599304,3.355263989265906e-15
9,3,step,False,0,1.9319150175304767,0.2600014990922534,0.10922289075720497,1.1741594893840335,50.83765592911183,4,1.5080824678619769,94,12.000000000439702,18.133220928888317,1.0,1,0.2432881685741951,0,0.854208231291941,0.35666197538375854,9.977686155373575e-14
9,3,step,False,1,2.297613715968394,0.16191432367843048,0.16228131059326445,1.3195659414977998,9.036244677316205,4,1.4151987580563266,17,12.000000000289544,19.153492109469802,1.0,1,0.3740596476418916,0,0.854208231291941,0.35666197538375854,9.977686155373575e-14
9,3,step,False,2,0.3806438597462406,0.19049552644351536,0.7688169237098971,0.3724109192463156,45.72076231280717,4,1.6999048964630479,77,16.12723199839249,22.775469067145742,1.0,1,0.14705728587140587,0,0.854208231291941,0.35666197538375854,9.977686155373575e-14
9,3,step,False,3,2.589576667811834,0.1579983380941798,0.1332238939908978,1.4685184233212882,21.878998199936778,4,1.4101589686111116,41,12.000000000368063,16.45057567664949,1.0,1,0.42929127292570385,0,0.854208231291941,0.35666197538375854,9.977686155373575e-14
9,3,step,False,4,0.4350174884567207,0.4590915428854328,0.6324199763837439,0.27689877281712677,46.06352586455857,4,1.326473862479658,82,14.806297285924991,19.94623594646833,1.0,1,0.09140557575084172,0,0.854208231291941,0.35666197538375854,9.977686155373575e-14
9,3,step,False,5,1.1156952399600832,0.42270321910785685,0.18023716553541275,0.6884010975879544,43.374717724875914,4,1.3542569949811656,78,14.269664775510511,19.1620992451567,1.0,1,0.08188992232879241,0,0.854208231291941,0.35666197538375854,9.977686155373575e-14
9,3,step,False,6,1.3582674648938677,0.12435444496957325,0.14676985899851125,0.7762411083543527,79.7391800660551,4,1.1534659600038029,129,24.58461375620387,32.33643648533288,1.0,1,0.1686689238167513,0,0.854208231291941,0.35666197538375854,9.977686155373575e-14
9,3,step,False,7,1.0005504679814938,0.19248502293723874,0.1466242093868162,0.5328449404557218,84.84485484469167,4,1.2284512066025288,138,30.49616789489924,40.42608863779093,1.0,1,0.18486701736204036,0,0.854208231291941,0.35666197538375854,9.977686155373575e-14
9,3,step,False,8,1.9666485141928456,0.28318621760612306,0.19737429712429255,1.2234565165012112,21.853085367342054,4,1.6307073254371576,46,12.000000000582743,17.560000405062574,1.0,1,0.21164060484036248,0,0.854208231291941,0.35666197538375854,9.977686155373575e-14
9,3,step,False,9,0.6243284807757906,0.12674646470214462,0.3279161076603897,0.3349818360725658,97.61428840538967,4,1.249645505709279,154,38.45433400649893,53.03832001688938,1.0,1,0.15297516101141076,0,0.854208231291941,0.35666197538375854,9.977686155373575e-14
9,3,step,False,10,1.7743448667122528,0.1458480945078866,0.13898496592129797,1.0406885577753495,40.70322499449219,4,1.4769839727858245,83,12.000000000404278,17.96296565256327,1.0,1,0.32681822806542127,0,0.854208231291941,0.35666197538375854,9.977686155373575e-14
9,3,step,False,11,1.0972591878173263,0.1573296613160747,0.2792895201560445,0.7425227093851822,65.40928099831156,4,1.2263952143406478,108,22.205173866817372,31.595258468601287,1.0,1,0.15502333883276598,0,0.854208231291941,0.35666197538375854,9.977686155373575e-14
9,3,step,False,12,2.5440052353798466,0.06460977714068596,0.2411229841446357,1.6782903052148672,3.7329969318222256,4,8.4013883568947,6,12.000000000303999,17.4771136907091,1.0,1,0.2596241477400853,0,0.854208231291941,0.35666197538375854,9.977686155373575e-14
9,3,step,False,13,1.065335976205895,0.028700075697523704,0.15988510373123277,0.48074151789870073,99.54309701714674,4,1.2654416926309866,157,32.90743806945931,43.29421908514284,1.0,1,0.14898410268140255,0,0.854208231291941,0.35666197538375854,9.977686155373575e-14
9,3,step,False,14,0.6147355922993071,0.13123120418290038,0.13444728392954045,0.23553545051378413,101.88338781080608,4,1.2131011237126672,155,44.37367482786612,56.176850746180854,1.0,1,0.1393655277988472,0,0.854208231291941,0.35666197538375854,9.977686155373575e-14
9,3,step,False,15,1.1390096535776728,0.09781888158764501,0.09802056962033691,0.6436712604281858,103.97304012625618,4,1.084218045433002,155,37.63714971806408,47.7405216713349,1.0,1,0.20516486469648074,0,0.854208231291941,0.35666197538375854,9.977686155373575e-14
9,3,step,False,16,1.2557821063963082,0.09051612156504103,0.11611579825014204,0.6747425535690329,96.59675285176966,4,1.2449504557197069,153,26.38213868994087,36.39078434839491,1.0,1,0.10938140512540728,0,0.854208231291941,0.35666197538375854,9.977686155373575e-14
9,3,step,False,17,2.4046687697579534,0.14692520450862995,0.09742479103182744,1.3791854268956292,33.0812012220659,4,1.6683970443998164,66,12.00000000077312,16.525794025666837,1.0,1,0.19581548173981966,0,0.854208231291941,0.35666197538375854,9.977686155373575e-14
9,3,step,False,18,1.5047639121030847,0.12234209668261653,0.12618457708691785,0.9314880879902975,54.67622169110198,4,1.5949543931485424,93,15.209699116516903,20.595479471857278,1.0,1,0.23495166586964736,0,0.854208231291941,0.35666197538375854,9.977686155373575e-14
9,3,step,False,19,1.497484781295103,0.2244160373969462,0.06854794014301595,0.8961007175209915,52.59368491985117,4,1.1888821417890714,97,12.0000000008526,17.274388968705544,1.0,1,0.15148776487537802,0,0.854208231291941,0.35666197538375854,9.977686155373575e-14
9,3,step,False,20,0.3913953812157383,0.3461792024778197,0.45029835540271934,0.360824054902853,90.62980286426586,4,1.2649703156125822,146,41.65353854522597,55.9280690724462,1.0,1,0.14426112702206836,0,0.854208231291941,0.35666197538375854,9.977686155373575e-14
9,3,step,False,21,1.664103941613645,0.06369874398029296,0.07277465176761311,1.1391165315662632,12.120125259295206,4,1.3443735004067154,22,12.000000000616113,16.773046054818405,1.0,1,0.23524667435196117,0,0.854208231291941,0.35666197538375854,9.977686155373575e-14
9,3,step,False,22,1.408979648993165,0.24359341759178024,0.16533938859444647,0.6915377792758998,53.60540342249233,4,1.421516828106679,102,12.312844888652164,18.257492633972397,1.0,1,0.1504411289846532,0,0.854208231291941,0.35666197538375854,9.977686155373575e-14
9,3,step,False,23,0.36411673436852154,0.18806212260523084,0.12471637197965432,0.2217320279639587,130.4884664982385,4,1.154610501318598,187,62.36403790861891,80.53171001696609,1.0,1,0.14531889919764662,0,0.854208231291941,0.35666197538375854,9.977686155373575e-14
