seed,phase_index,phase,failed,center,radius,sine,pilot_sine,gradient_norm,linear_mass,linear_rank,linear_condition,linear_support,function_mass,n_eff,manifold_mass,manifold_neighbors,slope_min_singular,slope_rank_zero,h,alpha,linear_relative_residual_max
0,0,init,False,0,2.013105417584776,2.1073424255447017e-08,0.10690290741397018,1.2082318982774403,45.25131891809136,4,1.1798474781985144,79,nan,nan,1.0,1,nan,0,nan,nan,nan
0,0,init,False,1,1.8393261347459855,0.0,0.24144588765146913,1.02054557365162,31.940513081492973,4,1.3217857462609153,65,nan,nan,1.0,1,nan,0,nan,nan,nan
0,0,init,False,2,0.8324216477026292,0.0,0.08631309360335346,0.42633961418034694,95.70652241506949,4,1.2926125639595911,144,nan,nan,1.0,1,nan,0,nan,nan,nan
0,0,init,False,3,1.7671365625020585,0.0,0.05278562666083619,0.9275987289059564,57.55429743684587,4,1.4961967445043285,104,nan,nan,1.0,1,nan,0,nan,nan,nan
0,0,init,False,4,0.189190438782976,1.4901161193847656e-08,0.4148584432933423,0.28438677205814034,86.61455688672773,4,1.2253467761845325,137,nan,nan,1.0,1,nan,0,nan,nan,nan
0,0,init,False,5,0.9624957231516963,1.4901161193847656e-08,0.19381408199477074,0.6436556018911967,100.66230206714853,4,1.401847941884606,152,nan,nan,1.0,1,nan,0,nan,nan,nan
0,0,init,False,6,1.878120422772648,2.1073424255447017e-08,0.10841157534649223,1.170076458679142,56.30447193552446,4,1.227336443590866,96,nan,nan,1.0,1,nan,0,nan,nan,nan
0,0,init,False,7,1.1659714895589495,0.0,0.10507697372295698,0.7127793246699999,51.99423262134718,4,1.5285894745866542,87,nan,nan,1.0,1,nan,0,nan,nan,nan
0,0,init,False,8,1.66032737134484,0.0,0.0894926862598072,0.9389377553989154,11.819416878870557,4,2.026586931196822,26,nan,nan,1.0,1,nan,0,nan,nan,nan
0,0,init,False,9,1.6461682316146562,0.0,0.2545545490373319,0.9738572244989234,37.543552928539356,4,1.4412322784247225,65,nan,nan,1.0,1,nan,0,nan,nan,nan
0,0,init,False,10,2.4714404049555068,2.1073424255447017e-08,0.16768494336027534,1.7253275857301344,10.15448500645655,4,2.4079244265377597,20,nan,nan,1.0,1,nan,0,nan,nan,nan
0,0,init,False,11,0.8931465161478112,0.0,0.307911046750844,0.5910489049098231,43.392081459615156,4,1.5331905489234308,83,nan,nan,1.0,1,nan,0,nan,nan,nan
0,0,init,False,12,0.8277010638072685,1.4901161193847656e-08,0.167711763160992,0.49240734645412415,99.60092708268655,4,1.1788566064618986,158,nan,nan,1.0,1,nan,0,nan,nan,nan
0,0,init,False,13,1.6770024361296911,0.0,0.06651795239039174,1.1040497441218842,47.8807759883679,4,1.3488019381897085,87,nan,nan,1.0,1,nan,0,nan,nan,nan
0,0,init,False,14,2.1318195481244704,2.9802322387695312e-08,0.055964765880067734,1.2278878951404717,43.409210194733,4,1.4174425444032683,70,nan,nan,1.0,1,nan,0,nan,nan,nan
0,0,init,False,15,0.8702271550814301,1.4901161193847656e-08,0.13161740889607412,0.5504888608426778,96.04184728257837,4,1.263563869945345,147,nan,nan,1.0,1,nan,0,nan,nan,nan
0,0,init,False,16,0.7714455089923629,0.0,0.39883476748606717,0.5196999475222689,72.69219066972167,4,1.3384043689817446,117,nan,nan,1.0,1,nan,0,nan,nan,nan
0,0,init,False,17,0.2875326920240055,0.0,0.2423152776556495,0.2732558112361853,76.68372379940722,4,1.2368547980033078,133,nan,nan,1.0,1,nan,0,nan,nan,nan
0,0,init,False,18,1.2405084321280169,1.4901161193847656e-08,0.37494740365869283,0.743132142336476,6.5091475001375025,4,2.7889278686408487,15,nan,nan,1.0,1,nan,0,nan,nan,nan
0,0,init,False,19,1.7323699323297677,2.5809568279517847e-08,0.12211184342088977,1.043615193750532,68.81193320483357,4,1.28081094247929,111,nan,nan,1.0,1,nan,0,nan,nan,nan
0,0,init,False,20,1.2578374095484226,0.0,0.1772736606774362,0.833311457521915,76.88178852690064,4,1.4994073035874473,123,nan,nan,1.0,1,nan,0,nan,nan,nan
0,0,init,False,21,1.1944097178215622,1.4901161193847656e-08,0.08456492099423943,0.6624887745711098,97.01859239689279,4,1.3516191907056236,147,nan,nan,1.0,1,nan,0,nan,nan,nan
0,0,init,False,22,1.2865519208297453,2.5809568279517847e-08,0.13373718552482963,0.8923724374919266,57.60596565566867,4,1.1434171490671163,94,nan,nan,1.0,1,nan,0,nan,nan,nan
0,0,init,False,23,1.5882846153801122,0.0,0.1373802910210718,0.973890297775329,67.926146062343,4,1.1695569105909993,108,nan,nan,1.0,1,nan,0,nan,nan,nan
0,1,step,False,0,2.013105417584776,1.4901161193847656e-08,0.10690290741397018,1.2082318982774403,45.25131891809136,4,1.1798474781985144,79,17.4546104486637,23.961986672685068,1.0,1,0.22686649480797236,0,1.6633575396573566,1.0,8.394859063399058e-16
0,1,step,False,1,1.8393261347459855,0.0,0.24144588765146913,1.02054557365162,31.940513081492973,4,1.3217857462609153,65,7.579997456447989,11.752720477847017,1.0,1,0.5053968893147632,0,1.6633575396573566,1.0,8.394859063399058e-16
0,1,step,False,2,0.8324216477026292,0.0,0.08631309360335346,0.42633961418034694,95.70652241506949,4,1.2926125639595911,144,39.04149238121993,53.52184722682377,1.0,1,0.39828642019758476,0,1.6633575396573566,1.0,8.394859063399058e-16
0,1,step,False,3,1.7671365625020585,0.0,0.05278562666083619,0.9275987289059564,57.55429743684587,4,1.4961967445043285,104,15.163882051344746,22.044532642816744,1.0,1,0.4011736736282518,0,1.6633575396573566,1.0,8.394859063399058e-16
0,1,step,False,4,0.189190438782976,0.0,0.4148584432933423,0.28438677205814034,86.61455688672773,4,1.2253467761845325,137,25.554443758003906,36.20749948444799,1.0,1,0.6930145834540778,0,1.6633575396573566,1.0,8.394859063399058e-16
0,1,step,False,5,0.9624957231516963,0.0,0.19381408199477074,0.6436556018911967,100.66230206714853,4,1.401847941884606,152,36.74984926202968,53.28940696474683,1.0,1,0.4133216717301804,0,1.6633575396573566,1.0,8.394859063399058e-16
0,1,step,False,6,1.878120422772648,1.4901161193847656e-08,0.10841157534649223,1.170076458679142,56.30447193552446,4,1.227336443590866,96,16.30466619306752,24.419020375902583,1.0,1,0.3445303580450038,0,1.6633575396573566,1.0,8.394859063399058e-16
0,1,step,False,7,1.1659714895589495,0.0,0.10507697372295698,0.7127793246699999,51.99423262134718,4,1.5285894745866542,87,16.326597374167847,24.162443271568044,1.0,1,0.4652923297462578,0,1.6633575396573566,1.0,8.394859063399058e-16
0,1,step,False,8,1.66032737134484,0.0,0.0894926862598072,0.9389377553989154,11.819416878870557,4,2.026586931196822,26,6.000000000489575,8.925584573627361,1.0,1,0.5422873313854994,0,1.6633575396573566,1.0,8.394859063399058e-16
0,1,step,False,9,1.6461682316146562,0.0,0.2545545490373319,0.9738572244989234,37.543552928539356,4,1.4412322784247225,65,8.956131186618911,14.270276243278207,1.0,1,0.3316365955034631,0,1.6633575396573566,1.0,8.394859063399058e-16
0,1,step,False,10,2.4714404049555068,0.0,0.16768494336027534,1.7253275857301344,10.15448500645655,4,2.4079244265377597,20,6.000000000298861,8.05804491552736,1.0,1,0.9232206191951532,0,1.6633575396573566,1.0,8.394859063399058e-16
0,1,step,False,11,0.8931465161478112,0.0,0.307911046750844,0.5910489049098231,43.392081459615156,4,1.5331905489234308,83,9.28373646072881,14.054071923001677,1.0,1,0.34375076441726077,0,1.6633575396573566,1.0,8.394859063399058e-16
0,1,step,False,12,0.8277010638072685,0.0,0.167711763160992,0.49240734645412415,99.60092708268655,4,1.1788566064618986,158,32.30047513535959,45.83697318429608,1.0,1,0.377132367191434,0,1.6633575396573566,1.0,8.394859063399058e-16
0,1,step,False,13,1.6770024361296911,0.0,0.06651795239039174,1.1040497441218842,47.8807759883679,4,1.3488019381897085,87,11.445401823981266,18.815252933834888,1.0,1,0.34466624159760767,0,1.6633575396573566,1.0,8.394859063399058e-16
0,1,step,False,14,2.1318195481244704,1.4901161193847656e-08,0.055964765880067734,1.2278878951404717,43.409210194733,4,1.4174425444032683,70,15.236600952775309,20.434156746746734,1.0,1,0.25771046976139184,0,1.6633575396573566,1.0,8.394859063399058e-16
0,1,step,False,15,0.8702271550814301,0.0,0.13161740889607412,0.5504888608426778,96.04184728257837,4,1.263563869945345,147,43.99338190045703,58.48920776596773,1.0,1,0.3996016697512019,0,1.6633575396573566,1.0,8.394859063399058e-16
0,1,step,False,16,0.7714455089923629,0.0,0.39883476748606717,0.5196999475222689,72.69219066972167,4,1.3384043689817446,117,23.329803068498148,35.481925059749955,1.0,1,0.6158831147102497,0,1.6633575396573566,1.0,8.394859063399058e-16
0,1,step,False,17,0.2875326920240055,0.0,0.2423152776556495,0.2732558112361853,76.68372379940722,4,1.2368547980033078,133,26.466136655396323,37.70596262011128,1.0,1,0.43867521456107034,0,1.6633575396573566,1.0,8.394859063399058e-16
0,1,step,False,18,1.2405084321280169,0.0,0.37494740365869283,0.743132142336476,6.5091475001375025,4,2.7889278686408487,15,6.000000000188077,8.234439146988501,1.0,1,0.6722664589031799,0,1.6633575396573566,1.0,8.394859063399058e-16
0,1,step,False,19,1.7323699323297677,1.4901161193847656e-08,0.12211184342088977,1.043615193750532,68.81193320483357,4,1.28081094247929,111,24.393795253637936,32.912126769974215,1.0,1,0.5327666270082602,0,1.6633575396573566,1.0,8.394859063399058e-16
0,1,step,False,20,1.2578374095484226,0.0,0.1772736606774362,0.833311457521915,76.88178852690064,4,1.4994073035874473,123,23.194459139978036,34.79255635761158,1.0,1,0.19396125020103105,0,1.6633575396573566,1.0,8.394859063399058e-16
0,1,step,False,21,1.1944097178215622,0.0,0.08456492099423943,0.6624887745711098,97.01859239689279,4,1.3516191907056236,147,37.18784215673985,49.2169066251834,1.0,1,0.5361092785881203,0,1.6633575396573566,1.0,8.394859063399058e-16
0,1,step,False,22,1.2865519208297453,1.4901161193847656e-08,0.13373718552482963,0.8923724374919266,57.60596565566867,4,1.1434171490671163,94,18.698269447754594,25.416132723044406,1.0,1,0.4429342685131466,0,1.6633575396573566,1.0,8.394859063399058e-16
0,1,step,False,23,1.5882846153801122,0.0,0.1373802910210718,0.973890297775329,67.926146062343,4,1.1695569105909993,108,23.620896660295074,30.167718623983,1.0,1,0.41150024804996677,0,1.6633575396573566,1.0,8.394859063399058e-16
0,2,step,False,0,2.013105417584776,1.4901161193847656e-08,0.10690290741397018,1.2082318982774403,45.25131891809136,4,1.1798474781985144,79,14.53226524810192,19.503079580700792,1.0,1,0.1554515155494767,0,1.1761713958294884,0.5986205339431763,1.4159396542715492e-15
0,2,step,False,1,1.8393261347459855,0.0,0.24144588765146913,1.02054557365162,31.940513081492973,4,1.3217857462609153,65,8.012037386290912,11.59493561286239,1.0,1,0.14091333588622343,0,1.1761713958294884,0.5986205339431763,1.4159396542715492e-15
0,2,step,False,2,0.8324216477026292,0.0,0.08631309360335346,0.42633961418034694,95.70652241506949,4,1.2926125639595911,144,39.31056494061389,51.69408806109219,1.0,1,0.24842496633406025,0,1.1761713958294884,0.5986205339431763,1.4159396542715492e-15
0,2,step,False,3,1.7671365625020585,0.0,0.05278562666083619,0.9275987289059564,57.55429743684587,4,1.4961967445043285,104,13.90106510407103,18.259298082309215,1.0,1,0.1412323708155297,0,1.1761713958294884,0.5986205339431763,1.4159396542715492e-15
0,2,step,False,4,0.189190438782976,0.0,0.4148584432933423,0.28438677205814034,86.61455688672773,4,1.2253467761845325,137,28.18470479910614,40.56840795262019,1.0,1,0.309659702582548,0,1.1761713958294884,0.5986205339431763,1.4159396542715492e-15
0,2,step,False,5,0.9624957231516963,0.0,0.19381408199477074,0.6436556018911967,100.66230206714853,4,1.401847941884606,152,38.87347755473594,54.277314785659996,1.0,1,0.25794669291825845,0,1.1761713958294884,0.5986205339431763,1.4159396542715492e-15
0,2,step,False,6,1.878120422772648,1.4901161193847656e-08,0.10841157534649223,1.170076458679142,56.30447193552446,4,1.227336443590866,96,14.319129985302373,19.419453178763,1.0,1,0.20634359505643843,0,1.1761713958294884,0.5986205339431763,1.4159396542715492e-15
0,2,step,False,7,1.1659714895589495,0.0,0.10507697372295698,0.7127793246699999,51.99423262134718,4,1.5285894745866542,87,17.48057089087787,25.151874515511278,1.0,1,0.3259176327198991,0,1.1761713958294884,0.5986205339431763,1.4159396542715492e-15
0,2,step,False,8,1.66032737134484,0.0,0.0894926862598072,0.9389377553989154,11.819416878870557,4,2.026586931196822,26,6.000000000014342,9.412473069998512,1.0,1,0.26446785329769723,0,1.1761713958294884,0.5986205339431763,1.4159396542715492e-15
0,2,step,False,9,1.6461682316146562,0.0,0.2545545490373319,0.9738572244989234,37.543552928539356,4,1.4412322784247225,65,8.639966671565249,12.79696980258068,1.0,1,0.13006907191844452,0,1.1761713958294884,0.5986205339431763,1.4159396542715492e-15
0,2,step,False,10,2.4714404049555068,0.0,0.16768494336027534,1.7253275857301344,10.15448500645655,4,2.4079244265377597,20,6.000000000013385,9.510891984547728,1.0,1,0.7352717369133955,0,1.1761713958294884,0.5986205339431763,1.4159396542715492e-15
0,2,step,False,11,0.8931465161478112,0.0,0.307911046750844,0.5910489049098231,43.392081459615156,4,1.5331905489234308,83,10.63899496778903,15.051904507545888,1.0,1,0.22964730122749816,0,1.1761713958294884,0.5986205339431763,1.4159396542715492e-15
0,2,step,False,12,0.8277010638072685,0.0,0.167711763160992,0.49240734645412415,99.60092708268655,4,1.1788566064618986,158,35.20114504612874,49.13631412470853,1.0,1,0.23083988075757406,0,1.1761713958294884,0.5986205339431763,1.4159396542715492e-15
0,2,step,False,13,1.6770024361296911,0.0,0.06651795239039174,1.1040497441218842,47.8807759883679,4,1.3488019381897085,87,8.795830228528374,13.047703879239098,1.0,1,0.43741318229130877,0,1.1761713958294884,0.5986205339431763,1.4159396542715492e-15
0,2,step,False,14,2.1318195481244704,1.4901161193847656e-08,0.055964765880067734,1.2278878951404717,43.409210194733,4,1.4174425444032683,70,11.838437562440147,15.059600480034607,1.0,1,0.1983098633461217,0,1.1761713958294884,0.5986205339431763,1.4159396542715492e-15
0,2,step,False,15,0.8702271550814301,0.0,0.13161740889607412,0.5504888608426778,96.04184728257837,4,1.263563869945345,147,42.21042571769582,55.57278025821674,1.0,1,0.5079420359482617,0,1.1761713958294884,0.5986205339431763,1.4159396542715492e-15
0,2,step,False,16,0.7714455089923629,0.0,0.39883476748606717,0.5196999475222689,72.69219066972167,4,1.3384043689817446,117,25.825797195868766,38.62598147725694,1.0,1,0.34098025060157533,0,1.1761713958294884,0.5986205339431763,1.4159396542715492e-15
0,2,step,False,17,0.2875326920240055,0.0,0.2423152776556495,0.2732558112361853,76.68372379940722,4,1.2368547980033078,133,31.11840290826209,44.55575431520941,1.0,1,0.34051347141132116,0,1.1761713958294884,0.5986205339431763,1.4159396542715492e-15
0,2,step,False,18,1.2405084321280169,0.0,0.37494740365869283,0.743132142336476,6.5091475001375025,4,2.7889278686408487,15,6.000000000387061,8.227003382566501,1.0,1,0.2998936082332204,0,1.1761713958294884,0.5986205339431763,1.4159396542715492e-15
0,2,step,False,19,1.7323699323297677,1.4901161193847656e-08,0.12211184342088977,1.043615193750532,68.81193320483357,4,1.28081094247929,111,20.19898932263989,26.82979250327763,1.0,1,0.3739660043933571,0,1.1761713958294884,0.5986205339431763,1.4159396542715492e-15
0,2,step,False,20,1.2578374095484226,0.0,0.1772736606774362,0.833311457521915,76.88178852690064,4,1.4994073035874473,123,25.65594510359179,37.79189210380361,1.0,1,0.20209287138891427,0,1.1761713958294884,0.5986205339431763,1.4159396542715492e-15
0,2,step,False,21,1.1944097178215622,0.0,0.08456492099423943,0.6624887745711098,97.01859239689279,4,1.3516191907056236,147,36.50294179365042,48.04130819932376,1.0,1,0.3601661546770964,0,1.1761713958294884,0.5986205339431763,1.4159396542715492e-15
0,2,step,False,22,1.2865519208297453,1.4901161193847656e-08,0.13373718552482963,0.8923724374919266,57.60596565566867,4,1.1434171490671163,94,19.697158556126794,26.851232191096372,1.0,1,0.28318334099112485,0,1.1761713958294884,0.5986205339431763,1.4159396542715492e-15
0,2,step,False,23,1.5882846153801122,0.0,0.1373802910210718,0.973890297775329,67.926146062343,4,1.1695569105909993,108,21.841541090800096,28.629946306051888,1.0,1,0.27493296881011176,0,1.1761713958294884,0.5986205339431763,1.4159396542715492e-15
0,3,step,False,0,2.013105417584776,1.4901161193847656e-08,0.10690290741397018,1.2082318982774403,45.25131891809136,4,1.1798474781985144,79,11.329150199294197,13.946304705275299,1.0,1,0.09990439920368036,0,0.8316787698286782,0.3517233580350876,2.3862769950496217e-15
0,3,step,False,1,1.8393261347459855,0.0,0.24144588765146913,1.02054557365162,31.940513081492973,4,1.3217857462609153,65,9.374634306331734,12.462509054560762,1.0,1,0.10684423087795263,0,0.8316787698286782,0.3517233580350876,2.3862769950496217e-15
0,3,step,False,2,0.8324216477026292,0.0,0.08631309360335346,0.42633961418034694,95.70652241506949,4,1.2926125639595911,144,39.96283886119445,51.88812217009293,1.0,1,0.08814992962576462,0,0.8316787698286782,0.3517233580350876,2.3862769950496217e-15
0,3,step,False,3,1.7671365625020585,0.0,0.05278562666083619,0.9275987289059564,57.55429743684587,4,1.4961967445043285,104,13.688740636942653,16.974668897281642,1.0,1,0.09226648252899528,0,0.8316787698286782,0.3517233580350876,2.3862769950496217e-15
0,3,step,False,4,0.189190438782976,0.0,0.4148584432933423,0.28438677205814034,86.61455688672773,4,1.2253467761845325,137,33.3252613857999,48.26954787755628,1.0,1,0.1433745874482763,0,0.8316787698286782,0.3517233580350876,2.3862769950496217e-15
0,3,step,False,5,0.9624957231516963,0.0,0.19381408199477074,0.6436556018911967,100.66230206714853,4,1.401847941884606,152,37.26654896598807,50.77482817435513,1.0,1,0.12596923292716525,0,0.8316787698286782,0.3517233580350876,2.3862769950496217e-15
0,3,step,False,6,1.878120422772648,1.4901161193847656e-08,0.10841157534649223,1.170076458679142,56.30447193552446,4,1.227336443590866,96,14.695041236204293,19.654481819443976,1.0,1,0.12301669185076039,0,0.8316787698286782,0.3517233580350876,2.3862769950496217e-15
0,3,step,False,7,1.1659714895589495,0.0,0.10507697372295698,0.7127793246699999,51.99423262134718,4,1.5285894745866542,87,19.815807141421576,27.909623713310577,1.0,1,0.17443399121033326,0,0.8316787698286782,0.3517233580350876,2.3862769950496217e-15
0,3,step,False,8,1.66032737134484,0.0,0.0894926862598072,0.9389377553989154,11.819416878870557,4,2.026586931196822,26,6.000000000372872,8.600043674421297,1.0,1,0.11638022362610252,0,0.8316787698286782,0.3517233580350876,2.3862769950496217e-15
0,3,step,False,9,1.6461682316146562,0.0,0.2545545490373319,0.9738572244989234,37.543552928539356,4,1.4412322784247225,65,8.779173871857225,12.07870227132416,1.0,1,0.11405833002288762,0,0.8316787698286782,0.3517233580350876,2.3862769950496217e-15
0,3,step,False,10,2.4714404049555068,0.0,0.16768494336027534,1.7253275857301344,10.15448500645655,4,2.4079244265377597,20,6.0000000000073825,9.254770628063891,1.0,1,0.43304769405103316,0,0.8316787698286782,0.3517233580350876,2.3862769950496217e-15
0,3,step,False,11,0.8931465161478112,0.0,0.307911046750844,0.5910489049098231,43.392081459615156,4,1.5331905489234308,83,14.196265541199885,21.015462439992152,1.0,1,0.15997842897233783,0,0.8316787698286782,0.3517233580350876,2.3862769950496217e-15
0,3,step,False,12,0.8277010638072685,0.0,0.167711763160992,0.49240734645412415,99.60092708268655,4,1.1788566064618986,158,36.09400631703075,49.2491226929682,1.0,1,0.1547063431706931,0,0.8316787698286782,0.3517233580350876,2.3862769950496217e-15
0,3,step,False,13,1.6770024361296911,0.0,0.06651795239039174,1.1040497441218842,47.8807759883679,4,1.3488019381897085,87,8.37602049270519,10.820047245518188,1.0,1,0.2345520889519786,0,0.8316787698286782,0.3517233580350876,2.3862769950496217e-15
0,3,step,False,14,2.1318195481244704,1.4901161193847656e-08,0.055964765880067734,1.2278878951404717,43.409210194733,4,1.4174425444032683,70,9.84050009243084,13.584226174417532,1.0,1,0.13106897567244796,0,0.8316787698286782,0.3517233580350876,2.3862769950496217e-15
0,3,step,False,15,0.8702271550814301,0.0,0.13161740889607412,0.5504888608426778,96.04184728257837,4,1.263563869945345,147,37.549341235082395,49.5611591106728,1.0,1,0.2346316232730628,0,0.8316787698286782,0.3517233580350876,2.3862769950496217e-15
0,3,step,False,16,0.7714455089923629,0.0,0.39883476748606717,0.5196999475222689,72.69219066972167,4,1.3384043689817446,117,28.498103411537883,42.46813547339421,1.0,1,0.1781890049790847,0,0.8316787698286782,0.3517233580350876,2.3862769950496217e-15
0,3,step,False,17,0.2875326920240055,0.0,0.2423152776556495,0.2732558112361853,76.68372379940722,4,1.2368547980033078,133,33.03163158198613,45.871388014021754,1.0,1,0.14180391883267546,0,0.8316787698286782,0.3517233580350876,2.3862769950496217e-15
0,3,step,False,18,1.2405084321280169,0.0,0.37494740365869283,0.743132142336476,6.5091475001375025,4,2.7889278686408487,15,6.000000000140657,8.994286450128834,1.0,1,0.23295770115328182,0,0.8316787698286782,0.3517233580350876,2.3862769950496217e-15
0,3,step,False,19,1.7323699323297677,1.4901161193847656e-08,0.12211184342088977,1.043615193750532,68.81193320483357,4,1.28081094247929,111,17.74923763751182,22.46671767806622,1.0,1,0.12352699167098408,0,0.8316787698286782,0.3517233580350876,2.3862769950496217e-15
0,3,step,False,20,1.2578374095484226,0.0,0.1772736606774362,0.833311457521915,76.88178852690064,4,1.4994073035874473,123,26.798187548923014,39.56869866912628,1.0,1,0.1178526158276914,0,0.8316787698286782,0.3517233580350876,2.3862769950496217e-15
0,3,step,False,21,1.1944097178215622,0.0,0.08456492099423943,0.6624887745711098,97.01859239689279,4,1.3516191907056236,147,33.53758895180377,43.44445486540469,1.0,1,0.1477887631442891,0,0.8316787698286782,0.3517233580350876,2.3862769950496217e-15
0,3,step,False,22,1.2865519208297453,1.4901161193847656e-08,0.13373718552482963,0.8923724374919266,57.60596565566867,4,1.1434171490671163,94,18.70106439445661,25.91080307320614,1.0,1,0.25163597430220724,0,0.8316787698286782,0.3517233580350876,2.3862769950496217e-15
0,3,step,False,23,1.5882846153801122,0.0,0.1373802910210718,0.973890297775329,67.926146062343,4,1.1695569105909993,108,18.62653744232691,22.377103528619845,1.0,1,0.14750642022926447,0,0.8316787698286782,0.3517233580350876,2.3862769950496217e-15
1,0,init,False,0,1.5749285892107503,1.4901161193847656e-08,0.05266626956231886,1.0456497293241727,58.1255192699806,4,1.3359299744479276,100,nan,nan,1.0,1,nan,0,nan,nan,nan
1,0,init,False,1,1.2597795664531544,0.0,0.006743372039069341,0.8630006868235384,73.4203802244768,4,1.3014780187753279,119,nan,nan,1.0,1,nan,0,nan,nan,nan
1,0,init,False,2,1.321130606706036,0.0,0.11543906753709644,0.8806445562429156,64.21333978017283,4,1.3680608408512542,109,nan,nan,1.0,1,nan,0,nan,nan,nan
1,0,init,False,3,0.7822524636658202,0.0,0.44164496573085077,0.5516281588328207,31.65460114810914,4,1.5401210518536577,63,nan,nan,1.0,1,nan,0,nan,nan,nan
1,0,init,False,4,0.34434947603663596,1.4901161193847656e-08,0.2629529020266202,0.26148535687877,110.76965662245044,4,1.2506721675324675,171,nan,nan,1.0,1,nan,0,nan,nan,nan
1,0,init,False,5,1.4417495312968414,1.4901161193847656e-08,0.11580421223612355,0.8189884660021316,58.85843969092172,4,1.443776098345645,109,nan,nan,1.0,1,nan,0,nan,nan,nan
1,0,init,False,6,1.00972397712654,0.0,0.17363996065201645,0.5395588078365875,53.26794803322947,4,1.4548996150584552,93,nan,nan,1.0,1,nan,0,nan,nan,nan
1,0,init,False,7,1.2185947329704703,2.1073424255447017e-08,0.24195347621371185,0.8414793850028799,59.776321990038106,4,1.5824914426247365,102,nan,nan,1.0,1,nan,0,nan,nan,nan
1,0,init,False,8,1.0529759994370083,2.1073424255447017e-08,0.22055200303460834,0.6576183775429378,90.63043919268989,4,1.2089503562504371,135,nan,nan,1.0,1,nan,0,nan,nan,nan
1,0,init,False,9,0.29021406196150945,0.0,0.9670807746197337,0.1982428341906109,86.10041172850613,4,1.3027633038404485,140,nan,nan,1.0,1,nan,0,nan,nan,nan
1,0,init,False,10,1.385073693952201,0.0,0.13215962103503467,0.789350777110115,71.91980943756451,4,1.3079830281169158,120,nan,nan,1.0,1,nan,0,nan,nan,nan
1,0,init,False,11,1.039287979344075,2.1073424255447017e-08,0.23118558247061435,0.5870922888283767,44.593612143074274,4,1.4179461310870287,80,nan,nan,1.0,1,nan,0,nan,nan,nan
1,0,init,False,12,1.093621695593289,0.0,0.13041988552657197,0.7660395917318017,83.87676452846466,4,1.2362845540544831,127,nan,nan,1.0,1,nan,0,nan,nan,nan
1,0,init,False,13,0.9736580260817508,0.0,0.3084883333299315,0.5869158572797941,60.767410951634155,4,1.3012547771511178,99,nan,nan,1.0,1,nan,0,nan,nan,nan
1,0,init,False,14,1.313802687997899,1.4901161193847656e-08,0.1646470576684292,0.8547961781115798,76.4711253420775,4,1.2740067003456363,123,nan,nan,1.0,1,nan,0,nan,nan,nan
1,0,init,False,15,2.345362840709062,0.0,0.18844460267552837,1.3936670035970806,15.315387151269974,4,1.6743011216639352,34,nan,nan,1.0,1,nan,0,nan,nan,nan
1,0,init,False,16,0.720181991764751,0.0,0.0724206453001821,0.48166211738700226,73.38432044625401,4,1.3478844172948343,114,nan,nan,1.0,1,nan,0,nan,nan,nan
1,0,init,False,17,1.2805013366604237,0.0,0.24353558287222207,0.7707768203473779,39.55629964356406,4,1.4893567238615686,75,nan,nan,1.0,1,nan,0,nan,nan,nan
1,0,init,False,18,0.8160002170453344,0.0,0.1885685474603186,0.5495810023567146,80.73122378063826,4,1.2727468403386215,129,nan,nan,1.0,1,nan,0,nan,nan,nan
1,0,init,False,19,1.3316689125660606,0.0,0.12630496662992002,0.9147970231724395,15.966969068378386,4,1.6890374174626903,37,nan,nan,1.0,1,nan,0,nan,nan,nan
1,0,init,False,20,1.542113069582152,0.0,0.08537846206211981,0.9928620230514716,50.35094875946201,4,1.2156112198778257,85,nan,nan,1.0,1,nan,0,nan,nan,nan
1,0,init,False,21,2.0051335288065353,0.0,0.0741215130623265,1.330418673404337,35.97508400818381,4,1.362173227191439,63,nan,nan,1.0,1,nan,0,nan,nan,nan
1,0,init,False,22,2.5644615416402696,0.0,0.1497711299760425,1.5824513265501605,17.124575495420004,4,1.6590726355233671,30,nan,nan,1.0,1,nan,0,nan,nan,nan
1,0,init,False,23,1.107052378092518,0.0,0.19492534343252502,0.6743392677323732,87.14941156343991,4,1.3010299865835984,137,nan,nan,1.0,1,nan,0,nan,nan,nan
1,1,step,False,0,1.5749285892107503,0.0,0.05266626956231886,1.0456497293241727,58.1255192699806,4,1.3359299744479276,100,20.59852130321884,28.479483566494398,1.0,1,0.5009244091140863,0,1.6558287014937831,1.0,5.922980497823061e-16
1,1,step,False,1,1.2597795664531544,0.0,0.006743372039069341,0.8630006868235384,73.4203802244768,4,1.3014780187753279,119,28.40386179477597,38.63465136606058,1.0,1,0.4841943433121094,0,1.6558287014937831,1.0,5.922980497823061e-16
1,1,step,False,2,1.321130606706036,0.0,0.11543906753709644,0.8806445562429156,64.21333978017283,4,1.3680608408512542,109,17.855639041357886,25.868303825078737,1.0,1,0.2989423733488545,0,1.6558287014937831,1.0,5.922980497823061e-16
1,1,step,False,3,0.7822524636658202,0.0,0.44164496573085077,0.5516281588328207,31.65460114810914,4,1.5401210518536577,63,8.489344067855889,12.618002529473353,1.0,1,0.3833871026751434,0,1.6558287014937831,1.0,5.922980497823061e-16
1,1,step,False,4,0.34434947603663596,0.0,0.2629529020266202,0.26148535687877,110.76965662245044,4,1.2506721675324675,171,43.47201625408509,59.248157521185114,1.0,1,0.4488719127249183,0,1.6558287014937831,1.0,5.922980497823061e-16
1,1,step,False,5,1.4417495312968414,0.0,0.11580421223612355,0.8189884660021316,58.85843969092172,4,1.443776098345645,109,19.740985148939526,26.420632451306382,1.0,1,0.4444771974488375,0,1.6558287014937831,1.0,5.922980497823061e-16
1,1,step,False,6,1.00972397712654,0.0,0.17363996065201645,0.5395588078365875,53.26794803322947,4,1.4548996150584552,93,13.887473030153876,19.684940243892243,1.0,1,0.38666996386387653,0,1.6558287014937831,1.0,5.922980497823061e-16
1,1,step,False,7,1.2185947329704703,1.4901161193847656e-08,0.24195347621371185,0.8414793850028799,59.776321990038106,4,1.5824914426247365,102,18.89287660936788,29.191093076605014,1.0,1,0.40130322314647743,0,1.6558287014937831,1.0,5.922980497823061e-16
1,1,step,False,8,1.0529759994370083,1.4901161193847656e-08,0.22055200303460834,0.6576183775429378,90.63043919268989,4,1.2089503562504371,135,32.77956836697321,48.72410113322512,1.0,1,0.48036799575566835,0,1.6558287014937831,1.0,5.922980497823061e-16
1,1,step,False,9,0.29021406196150945,0.0,0.9670807746197337,0.1982428341906109,86.10041172850613,4,1.3027633038404485,140,27.769282057771342,40.20620643288194,1.0,1,0.48527986058350475,0,1.6558287014937831,1.0,5.922980497823061e-16
1,1,step,False,10,1.385073693952201,0.0,0.13215962103503467,0.789350777110115,71.91980943756451,4,1.3079830281169158,120,20.951430197476885,31.43172029939866,1.0,1,0.3257097186549104,0,1.6558287014937831,1.0,5.922980497823061e-16
1,1,step,False,11,1.039287979344075,1.4901161193847656e-08,0.23118558247061435,0.5870922888283767,44.593612143074274,4,1.4179461310870287,80,13.294875268863809,18.783504810958583,1.0,1,0.36963545407390314,0,1.6558287014937831,1.0,5.922980497823061e-16
1,1,step,False,12,1.093621695593289,0.0,0.13041988552657197,0.7660395917318017,83.87676452846466,4,1.2362845540544831,127,27.190900311888967,38.4470171310464,1.0,1,0.3162094429731734,0,1.6558287014937831,1.0,5.922980497823061e-16
1,1,step,False,13,0.9736580260817508,0.0,0.3084883333299315,0.5869158572797941,60.767410951634155,4,1.3012547771511178,99,21.54043517163722,30.648319502897117,1.0,1,0.5892668604119676,0,1.6558287014937831,1.0,5.922980497823061e-16
1,1,step,False,14,1.313802687997899,0.0,0.1646470576684292,0.8547961781115798,76.4711253420775,4,1.2740067003456363,123,23.89193754753978,34.23326527540986,1.0,1,0.3468765666371412,0,1.6558287014937831,1.0,5.922980497823061e-16
1,1,step,False,15,2.345362840709062,0.0,0.18844460267552837,1.3936670035970806,15.315387151269974,4,1.6743011216639352,34,6.000000000090481,8.099955904488485,1.0,1,0.3580830511758044,0,1.6558287014937831,1.0,5.922980497823061e-16
1,1,step,False,16,0.720181991764751,0.0,0.0724206453001821,0.48166211738700226,73.38432044625401,4,1.3478844172948343,114,23.475585983024153,33.17452902246887,1.0,1,0.5772242442972713,0,1.6558287014937831,1.0,5.922980497823061e-16
1,1,step,False,17,1.2805013366604237,0.0,0.24353558287222207,0.7707768203473779,39.55629964356406,4,1.4893567238615686,75,10.523665166772878,14.662491689527567,1.0,1,0.34794929001972175,0,1.6558287014937831,1.0,5.922980497823061e-16
1,1,step,False,18,0.8160002170453344,0.0,0.1885685474603186,0.5495810023567146,80.73122378063826,4,1.2727468403386215,129,32.66170119490752,44.752394551646056,1.0,1,0.3509533414686518,0,1.6558287014937831,1.0,5.922980497823061e-16
1,1,step,False,19,1.3316689125660606,0.0,0.12630496662992002,0.9147970231724395,15.966969068378386,4,1.6890374174626903,37,6.000000000292305,8.313421079909691,1.0,1,0.4571796694702884,0,1.6558287014937831,1.0,5.922980497823061e-16
1,1,step,False,20,1.542113069582152,0.0,0.08537846206211981,0.9928620230514716,50.35094875946201,4,1.2156112198778257,85,20.03590346947051,26.433112217440037,1.0,1,0.4094040881277481,0,1.6558287014937831,1.0,5.922980497823061e-16
1,1,step,False,21,2.0051335288065353,0.0,0.0741215130623265,1.330418673404337,35.97508400818381,4,1.362173227191439,63,9.382836345731043,13.858680499475671,1.0,1,0.45282708799915683,0,1.6558287014937831,1.0,5.922980497823061e-16
1,1,step,False,22,2.5644615416402696,0.0,0.1497711299760425,1.5824513265501605,17.124575495420004,4,1.6590726355233671,30,6.000000000420134,8.619297343314832,1.0,1,0.37461637725777375,0,1.6558287014937831,1.0,5.922980497823061e-16
1,1,step,False,23,1.107052378092518,0.0,0.19492534343252502,0.6743392677323732,87.14941156343991,4,1.3010299865835984,137,31.026278731325654,43.39158199341926,1.0,1,0.37995602118526156,0,1.6558287014937831,1.0,5.922980497823061e-16
1,2,step,False,0,1.5749285892107503,0.0,0.05266626956231886,1.0456497293241727,58.1255192699806,4,1.3359299744479276,100,19.72782849270213,26.920639193458737,1.0,1,0.3093648220170153,0,1.1708477033095694,0.6069612503051758,8.274325036936123e-16
1,2,step,False,1,1.2597795664531544,0.0,0.006743372039069341,0.8630006868235384,73.4203802244768,4,1.3014780187753279,119,28.767481312591343,38.2710984179183,1.0,1,0.23847967971258388,0,1.1708477033095694,0.6069612503051758,8.274325036936123e-16
1,2,step,False,2,1.321130606706036,0.0,0.11543906753709644,0.8806445562429156,64.21333978017283,4,1.3680608408512542,109,17.53232828307431,26.739173381943363,1.0,1,0.350932180869759,0,1.1708477033095694,0.6069612503051758,8.274325036936123e-16
1,2,step,False,3,0.7822524636658202,0.0,0.44164496573085077,0.5516281588328207,31.65460114810914,4,1.5401210518536577,63,9.581174579507058,14.38927240941514,1.0,1,0.33734526220184746,0,1.1708477033095694,0.6069612503051758,8.274325036936123e-16
1,2,step,False,4,0.34434947603663596,0.0,0.2629529020266202,0.26148535687877,110.76965662245044,4,1.2506721675324675,171,43.974451191825274,59.34063157016135,1.0,1,0.37833601020874974,0,1.1708477033095694,0.6069612503051758,8.274325036936123e-16
1,2,step,False,5,1.4417495312968414,0.0,0.11580421223612355,0.8189884660021316,58.85843969092172,4,1.443776098345645,109,18.81578228246577,25.787084099296038,1.0,1,0.3129017380300801,0,1.1708477033095694,0.6069612503051758,8.274325036936123e-16
1,2,step,False,6,1.00972397712654,0.0,0.17363996065201645,0.5395588078365875,53.26794803322947,4,1.4548996150584552,93,15.779380111419448,20.74187627523491,1.0,1,0.1383990219215836,0,1.1708477033095694,0.6069612503051758,8.274325036936123e-16
1,2,step,False,7,1.2185947329704703,1.4901161193847656e-08,0.24195347621371185,0.8414793850028799,59.776321990038106,4,1.5824914426247365,102,17.683516405720802,26.26729138098355,1.0,1,0.30508471448893926,0,1.1708477033095694,0.6069612503051758,8.274325036936123e-16
1,2,step,False,8,1.0529759994370083,1.4901161193847656e-08,0.22055200303460834,0.6576183775429378,90.63043919268989,4,1.2089503562504371,135,33.716371881020706,48.41598648573029,1.0,1,0.20818811575015508,0,1.1708477033095694,0.6069612503051758,8.274325036936123e-16
1,2,step,False,9,0.29021406196150945,0.0,0.9670807746197337,0.1982428341906109,86.10041172850613,4,1.3027633038404485,140,32.77288415620388,48.320437240795165,1.0,1,0.27552503409273377,0,1.1708477033095694,0.6069612503051758,8.274325036936123e-16
1,2,step,False,10,1.385073693952201,0.0,0.13215962103503467,0.789350777110115,71.91980943756451,4,1.3079830281169158,120,21.114212995920372,30.422050598722134,1.0,1,0.22847302586379586,0,1.1708477033095694,0.6069612503051758,8.274325036936123e-16
1,2,step,False,11,1.039287979344075,1.4901161193847656e-08,0.23118558247061435,0.5870922888283767,44.593612143074274,4,1.4179461310870287,80,13.586153203959524,19.27053030555348,1.0,1,0.15520600474418383,0,1.1708477033095694,0.6069612503051758,8.274325036936123e-16
1,2,step,False,12,1.093621695593289,0.0,0.13041988552657197,0.7660395917318017,83.87676452846466,4,1.2362845540544831,127,29.306529943757273,39.78878720046332,1.0,1,0.15236113079027375,0,1.1708477033095694,0.6069612503051758,8.274325036936123e-16
1,2,step,False,13,0.9736580260817508,0.0,0.3084883333299315,0.5869158572797941,60.767410951634155,4,1.3012547771511178,99,19.689816879274844,28.805132494716798,1.0,1,0.3308376124077546,0,1.1708477033095694,0.6069612503051758,8.274325036936123e-16
1,2,step,False,14,1.313802687997899,0.0,0.1646470576684292,0.8547961781115798,76.4711253420775,4,1.2740067003456363,123,23.585236883163518,33.609095239748726,1.0,1,0.19702813436799,0,1.1708477033095694,0.6069612503051758,8.274325036936123e-16
1,2,step,False,15,2.345362840709062,0.0,0.18844460267552837,1.3936670035970806,15.315387151269974,4,1.6743011216639352,34,6.000000000272166,8.18519737716375,1.0,1,0.29004896341687564,0,1.1708477033095694,0.6069612503051758,8.274325036936123e-16
1,2,step,False,16,0.720181991764751,0.0,0.0724206453001821,0.48166211738700226,73.38432044625401,4,1.3478844172948343,114,25.674258339578536,36.57241008974388,1.0,1,0.31312933810134114,0,1.1708477033095694,0.6069612503051758,8.274325036936123e-16
1,2,step,False,17,1.2805013366604237,0.0,0.24353558287222207,0.7707768203473779,39.55629964356406,4,1.4893567238615686,75,9.751395741672777,14.241215731596839,1.0,1,0.4390973315083594,0,1.1708477033095694,0.6069612503051758,8.274325036936123e-16
1,2,step,False,18,0.8160002170453344,0.0,0.1885685474603186,0.5495810023567146,80.73122378063826,4,1.2727468403386215,129,31.692330072486577,40.99283968737201,1.0,1,0.2097397146192513,0,1.1708477033095694,0.6069612503051758,8.274325036936123e-16
1,2,step,False,19,1.3316689125660606,0.0,0.12630496662992002,0.9147970231724395,15.966969068378386,4,1.6890374174626903,37,6.000000000696506,9.007005287641935,1.0,1,0.21578202516223105,0,1.1708477033095694,0.6069612503051758,8.274325036936123e-16
1,2,step,False,20,1.542113069582152,0.0,0.08537846206211981,0.9928620230514716,50.35094875946201,4,1.2156112198778257,85,20.866602186232186,28.444856627230227,1.0,1,0.2502764166916969,0,1.1708477033095694,0.6069612503051758,8.274325036936123e-16
1,2,step,False,21,2.0051335288065353,0.0,0.0741215130623265,1.330418673404337,35.97508400818381,4,1.362173227191439,63,6.000000000159131,8.55316611502763,1.0,1,0.32722024430985486,0,1.1708477033095694,0.6069612503051758,8.274325036936123e-16
1,2,step,False,22,2.5644615416402696,0.0,0.1497711299760425,1.5824513265501605,17.124575495420004,4,1.6590726355233671,30,6.000000000201613,7.952587836702008,1.0,1,0.15607334458311956,0,1.1708477033095694,0.6069612503051758,8.274325036936123e-16
1,2,step,False,23,1.107052378092518,0.0,0.19492534343252502,0.6743392677323732,87.14941156343991,4,1.3010299865835984,137,28.57955483133911,40.15412090033583,1.0,1,0.3116623088393451,0,1.1708477033095694,0.6069612503051758,8.274325036936123e-16
1,3,step,False,0,1.5749285892107503,0.0,0.05266626956231886,1.0456497293241727,58.1255192699806,4,1.3359299744479276,100,18.559527599598564,24.955333857114354,1.0,1,0.1720316582869117,0,0.8279143507468913,0.3620411157608032,2.4275023164470932e-15
1,3,step,False,1,1.2597795664531544,0.0,0.006743372039069341,0.8630006868235384,73.4203802244768,4,1.3014780187753279,119,28.655208478024257,37.936227506538444,1.0,1,0.15552681931897042,0,0.8279143507468913,0.3620411157608032,2.4275023164470932e-15
1,3,step,False,2,1.321130606706036,0.0,0.11543906753709644,0.8806445562429156,64.21333978017283,4,1.3680608408512542,109,17.320130152367636,26.69687172760169,1.0,1,0.1794773828024855,0,0.8279143507468913,0.3620411157608032,2.4275023164470932e-15
1,3,step,False,3,0.7822524636658202,0.0,0.44164496573085077,0.5516281588328207,31.65460114810914,4,1.5401210518536577,63,9.413135204135253,13.773898897258567,1.0,1,0.20387450261205353,0,0.8279143507468913,0.3620411157608032,2.4275023164470932e-15
1,3,step,False,4,0.34434947603663596,0.0,0.2629529020266202,0.26148535687877,110.76965662245044,4,1.2506721675324675,171,42.50624830326163,56.679728376453,1.0,1,0.1601047274951091,0,0.8279143507468913,0.3620411157608032,2.4275023164470932e-15
1,3,step,False,5,1.4417495312968414,0.0,0.11580421223612355,0.8189884660021316,58.85843969092172,4,1.443776098345645,109,19.637634793117947,26.69158970217095,1.0,1,0.20615020446053095,0,0.8279143507468913,0.3620411157608032,2.4275023164470932e-15
1,3,step,False,6,1.00972397712654,0.0,0.17363996065201645,0.5395588078365875,53.26794803322947,4,1.4548996150584552,93,19.550122846434284,25.69597722557593,1.0,1,0.13410815574301863,0,0.8279143507468913,0.3620411157608032,2.4275023164470932e-15
1,3,step,False,7,1.2185947329704703,1.4901161193847656e-08,0.24195347621371185,0.8414793850028799,59.776321990038106,4,1.5824914426247365,102,18.13368899751442,25.955686025362045,1.0,1,0.14702681405880935,0,0.8279143507468913,0.3620411157608032,2.4275023164470932e-15
1,3,step,False,8,1.0529759994370083,1.4901161193847656e-08,0.22055200303460834,0.6576183775429378,90.63043919268989,4,1.2089503562504371,135,33.07115192254534,44.28859137414462,1.0,1,0.13166258995286823,0,0.8279143507468913,0.3620411157608032,2.4275023164470932e-15
1,3,step,False,9,0.29021406196150945,0.0,0.9670807746197337,0.1982428341906109,86.10041172850613,4,1.3027633038404485,140,37.36551669163841,52.33503316821885,1.0,1,0.15673920407920433,0,0.8279143507468913,0.3620411157608032,2.4275023164470932e-15
1,3,step,False,10,1.385073693952201,0.0,0.13215962103503467,0.789350777110115,71.91980943756451,4,1.3079830281169158,120,19.82354208108491,26.33900106128114,1.0,1,0.1076785244340966,0,0.8279143507468913,0.3620411157608032,2.4275023164470932e-15
1,3,step,False,11,1.039287979344075,1.4901161193847656e-08,0.23118558247061435,0.5870922888283767,44.593612143074274,4,1.4179461310870287,80,12.941843018408894,17.135234460029437,1.0,1,0.06779316519933536,0,0.8279143507468913,0.3620411157608032,2.4275023164470932e-15
1,3,step,False,12,1.093621695593289,0.0,0.13041988552657197,0.7660395917318017,83.87676452846466,4,1.2362845540544831,127,30.099467366430048,38.689597148321795,1.0,1,0.10331083262457777,0,0.8279143507468913,0.3620411157608032,2.4275023164470932e-15
1,3,step,False,13,0.9736580260817508,0.0,0.3084883333299315,0.5869158572797941,60.767410951634155,4,1.3012547771511178,99,16.994176981735478,23.687090158987115,1.0,1,0.18142955523816226,0,0.8279143507468913,0.3620411157608032,2.4275023164470932e-15
1,3,step,False,14,1.313802687997899,0.0,0.1646470576684292,0.8547961781115798,76.4711253420775,4,1.2740067003456363,123,23.726136831403196,31.908556209767358,1.0,1,0.14648522454734977,0,0.8279143507468913,0.3620411157608032,2.4275023164470932e-15
1,3,step,False,15,2.345362840709062,0.0,0.18844460267552837,1.3936670035970806,15.315387151269974,4,1.6743011216639352,34,6.000000000116293,8.66226988350301,1.0,1,0.3090098986797421,0,0.8279143507468913,0.3620411157608032,2.4275023164470932e-15
1,3,step,False,16,0.720181991764751,0.0,0.0724206453001821,0.48166211738700226,73.38432044625401,4,1.3478844172948343,114,25.298118338108846,33.99818233869443,1.0,1,0.15638020290061333,0,0.8279143507468913,0.3620411157608032,2.4275023164470932e-15
1,3,step,False,17,1.2805013366604237,0.0,0.24353558287222207,0.7707768203473779,39.55629964356406,4,1.4893567238615686,75,10.667233423014686,16.487713536241397,1.0,1,0.1436054000445055,0,0.8279143507468913,0.3620411157608032,2.4275023164470932e-15
1,3,step,False,18,0.8160002170453344,0.0,0.1885685474603186,0.5495810023567146,80.73122378063826,4,1.2727468403386215,129,32.84245707009517,42.21121299034142,1.0,1,0.14624259758144198,0,0.8279143507468913,0.3620411157608032,2.4275023164470932e-15
1,3,step,False,19,1.3316689125660606,0.0,0.12630496662992002,0.9147970231724395,15.966969068378386,4,1.6890374174626903,37,6.000000000071474,7.598239397621032,1.0,1,0.10052157083792129,0,0.8279143507468913,0.3620411157608032,2.4275023164470932e-15
1,3,step,False,20,1.542113069582152,0.0,0.08537846206211981,0.9928620230514716,50.35094875946201,4,1.2156112198778257,85,20.218439797194787,25.64095295239335,1.0,1,0.10652335862811353,0,0.8279143507468913,0.3620411157608032,2.4275023164470932e-15
1,3,step,False,21,2.0051335288065353,0.0,0.0741215130623265,1.330418673404337,35.97508400818381,4,1.362173227191439,63,6.000000000114212,8.21093544132825,1.0,1,0.18123401472533046,0,0.8279143507468913,0.3620411157608032,2.4275023164470932e-15
1,3,step,False,22,2.5644615416402696,0.0,0.1497711299760425,1.5824513265501605,17.124575495420004,4,1.6590726355233671,30,6.000000000000938,7.939475624001171,1.0,1,0.1269945694655202,0,0.8279143507468913,0.3620411157608032,2.4275023164470932e-15
1,3,step,False,23,1.107052378092518,0.0,0.19492534343252502,0.6743392677323732,87.14941156343991,4,1.3010299865835984,137,27.47164679079387,37.87860247001589,1.0,1,0.1907783319016491,0,0.8279143507468913,0.3620411157608032,2.4275023164470932e-15
2,0,init,False,0,1.0467706587360495,2.1073424255447017e-08,0.22851500244119818,0.6810330044325779,59.04569452859888,4,1.389966061080823,96,nan,nan,1.0,1,nan,0,nan,nan,nan
2,0,init,False,1,1.0701418227387929,1.4901161193847656e-08,0.12425900274583421,0.7956896675689481,51.64105542247972,4,1.2390161483685567,93,nan,nan,1.0,1,nan,0,nan,nan,nan
2,0,init,False,2,0.7932685761589658,1.4901161193847656e-08,0.21356622863592536,0.5212532946898482,42.34374708505638,4,1.3021521159175078,77,nan,nan,1.0,1,nan,0,nan,nan,nan
2,0,init,False,3,0.3205409858769687,2.1073424255447017e-08,0.4651924320744398,0.2196051088941605,84.00726786199591,4,1.300901783066737,130,nan,nan,1.0,1,nan,0,nan,nan,nan
2,0,init,False,4,1.2844467353127504,0.0,0.3230750650443471,1.0882036414207648,7.469383352135623,4,1.6761644872707415,14,nan,nan,1.0,1,nan,0,nan,nan,nan
2,0,init,False,5,2.0802561912918844,0.0,0.10292378375607898,1.2605784874453647,39.51145944543005,4,1.5192913821130405,72,nan,nan,1.0,1,nan,0,nan,nan,nan
2,0,init,False,6,1.2190457946602995,0.0,0.15879930250394814,0.8107072579918712,72.9073654873682,4,1.2255340651471252,122,nan,nan,1.0,1,nan,0,nan,nan,nan
2,0,init,False,7,1.5215077396539407,0.0,0.13509832988052758,1.0433858820927175,65.90824151687282,4,1.2594893218466454,114,nan,nan,1.0,1,nan,0,nan,nan,nan
2,0,init,False,8,1.0115079638172977,0.0,0.1936284024818393,0.5657300662748956,75.22126136979051,4,1.3281580911852546,123,nan,nan,1.0,1,nan,0,nan,nan,nan
2,0,init,False,9,0.3423530440072947,1.4901161193847656e-08,0.6418871329045058,0.28585976233832544,35.18788834101062,4,1.3549033565079938,63,nan,nan,1.0,1,nan,0,nan,nan,nan
2,0,init,False,10,0.3204744605844023,1.4901161193847656e-08,0.481111961024221,0.23494589287688908,87.16048825978412,4,1.2738906059503479,139,nan,nan,1.0,1,nan,0,nan,nan,nan
2,0,init,False,11,1.348557138294263,1.4901161193847656e-08,0.1931593016470286,0.9865866211262098,54.85926235489409,4,1.2922969011704626,92,nan,nan,1.0,1,nan,0,nan,nan,nan
2,0,init,False,12,1.95878432879614,2.1073424255447017e-08,0.09208050280730327,1.1303472927735145,40.08902068095337,4,1.384946821223811,76,nan,nan,1.0,1,nan,0,nan,nan,nan
2,0,init,False,13,2.3633895001822,1.4901161193847656e-08,0.09091541469964279,1.4744123258001987,26.59264496145776,4,1.352033392404459,52,nan,nan,1.0,1,nan,0,nan,nan,nan
2,0,init,False,14,1.7825206800460858,0.0,0.052496250411876645,1.0193644068760228,46.172091068059316,4,1.3466985252160468,82,nan,nan,1.0,1,nan,0,nan,nan,nan
2,0,init,False,15,1.1478094221068595,2.1073424255447017e-08,0.21946160362443318,0.877361554877913,28.877027391427546,4,1.59673346097239,55,nan,nan,1.0,1,nan,0,nan,nan,nan
2,0,init,False,16,0.7518156372889109,1.4901161193847656e-08,0.3842280276294127,0.420181870454791,106.71190044916905,4,1.1266294635540246,165,nan,nan,1.0,1,nan,0,nan,nan,nan
2,0,init,False,17,1.4618158494836173,0.0,0.03011138329827395,1.0922074339596302,35.0073398635863,4,1.3254211573746157,63,nan,nan,1.0,1,nan,0,nan,nan,nan
2,0,init,False,18,1.7987267463663223,0.0,0.13713806758589497,0.980701922242823,44.12035323503808,4,1.4784202331339371,84,nan,nan,1.0,1,nan,0,nan,nan,nan
2,0,init,False,19,1.6219259550985072,0.0,0.2256926250044474,0.8805342626268562,74.42484287557377,4,1.3377405722563598,113,nan,nan,1.0,1,nan,0,nan,nan,nan
2,0,init,False,20,0.4967517232200428,1.4901161193847656e-08,0.37977740378019104,0.42772438218880854,75.84888072224115,4,1.410734447486806,127,nan,nan,1.0,1,nan,0,nan,nan,nan
2,0,init,False,21,0.2801579968649878,0.0,0.52077374176404,0.13843247089108443,106.18932736682225,4,1.31924396631905,161,nan,nan,1.0,1,nan,0,nan,nan,nan
2,0,init,False,22,0.4284902509478303,0.0,0.22716786155304758,0.31533300723622376,88.86975276936352,4,1.2797301308079836,138,nan,nan,1.0,1,nan,0,nan,nan,nan
2,0,init,False,23,0.8766018881723402,0.0,0.13409260778038312,0.44367666827444185,91.8337035908913,4,1.2317549105593442,153,nan,nan,1.0,1,nan,0,nan,nan,nan
2,1,step,False,0,1.0467706587360495,0.0,0.22851500244119818,0.6810330044325779,59.04569452859888,4,1.389966061080823,96,19.776593842374545,29.496742830431185,1.0,1,0.47415067428946267,0,1.6949287368540935,1.0,9.639243909686063e-16
2,1,step,False,1,1.0701418227387929,0.0,0.12425900274583421,0.7956896675689481,51.64105542247972,4,1.2390161483685567,93,16.77943175354453,22.524447990007843,1.0,1,0.3416092884086142,0,1.6949287368540935,1.0,9.639243909686063e-16
2,1,step,False,2,0.7932685761589658,0.0,0.21356622863592536,0.5212532946898482,42.34374708505638,4,1.3021521159175078,77,16.354900382347658,22.399713348815585,1.0,1,0.47363249620014747,0,1.6949287368540935,1.0,9.639243909686063e-16
2,1,step,False,3,0.3205409858769687,0.0,0.4651924320744398,0.2196051088941605,84.00726786199591,4,1.300901783066737,130,29.176252212002822,42.60630639616182,1.0,1,0.6190639971223412,0,1.6949287368540935,1.0,9.639243909686063e-16
2,1,step,False,4,1.2844467353127504,0.0,0.3230750650443471,1.0882036414207648,7.469383352135623,4,1.6761644872707415,14,6.000000000401242,7.9424714488303465,1.0,1,0.6902302810084022,0,1.6949287368540935,1.0,9.639243909686063e-16
2,1,step,False,5,2.0802561912918844,0.0,0.10292378375607898,1.2605784874453647,39.51145944543005,4,1.5192913821130405,72,11.240977815410172,14.022946368431896,1.0,1,0.3229980217434306,0,1.6949287368540935,1.0,9.639243909686063e-16
2,1,step,False,6,1.2190457946602995,0.0,0.15879930250394814,0.8107072579918712,72.9073654873682,4,1.2255340651471252,122,22.65144161303686,30.46859474134583,1.0,1,0.3577746564628291,0,1.6949287368540935,1.0,9.639243909686063e-16
2,1,step,False,7,1.5215077396539407,0.0,0.13509832988052758,1.0433858820927175,65.90824151687282,4,1.2594893218466454,114,22.219354176951285,32.446071434006505,1.0,1,0.3012756548720226,0,1.6949287368540935,1.0,9.639243909686063e-16
2,1,step,False,8,1.0115079638172977,0.0,0.1936284024818393,0.5657300662748956,75.22126136979051,4,1.3281580911852546,123,27.91704293999407,36.44179125757889,1.0,1,0.36504900679382957,0,1.6949287368540935,1.0,9.639243909686063e-16
2,1,step,False,9,0.3423530440072947,0.0,0.6418871329045058,0.28585976233832544,35.18788834101062,4,1.3549033565079938,63,8.86183472093312,12.404979820776017,1.0,1,0.5234269503124833,0,1.6949287368540935,1.0,9.639243909686063e-16
2,1,step,False,10,0.3204744605844023,0.0,0.481111961024221,0.23494589287688908,87.16048825978412,4,1.2738906059503479,139,30.738004960022103,42.2178425158871,1.0,1,0.7871002872110958,0,1.6949287368540935,1.0,9.639243909686063e-16
2,1,step,False,11,1.348557138294263,0.0,0.1931593016470286,0.9865866211262098,54.85926235489409,4,1.2922969011704626,92,17.05164612994586,24.629664273133443,1.0,1,0.7077179341657368,0,1.6949287368540935,1.0,9.639243909686063e-16
2,1,step,False,12,1.95878432879614,0.0,0.09208050280730327,1.1303472927735145,40.08902068095337,4,1.384946821223811,76,13.735461525275536,18.818722520805604,1.0,1,0.38746424933597057,0,1.6949287368540935,1.0,9.639243909686063e-16
2,1,step,False,13,2.3633895001822,0.0,0.09091541469964279,1.4744123258001987,26.59264496145776,4,1.352033392404459,52,7.475902496093372,10.466105937265866,1.0,1,0.38009183593975604,0,1.6949287368540935,1.0,9.639243909686063e-16
2,1,step,False,14,1.7825206800460858,0.0,0.052496250411876645,1.0193644068760228,46.172091068059316,4,1.3466985252160468,82,16.11904513790899,21.546685416902598,1.0,1,0.29797424508419074,0,1.6949287368540935,1.0,9.639243909686063e-16
2,1,step,False,15,1.1478094221068595,0.0,0.21946160362443318,0.877361554877913,28.877027391427546,4,1.59673346097239,55,7.160966979626291,10.77413941529456,1.0,1,0.22271065716213756,0,1.6949287368540935,1.0,9.639243909686063e-16
2,1,step,False,16,0.7518156372889109,0.0,0.3842280276294127,0.420181870454791,106.71190044916905,4,1.1266294635540246,165,36.22535879486841,49.556704841941325,1.0,1,0.41250247547703883,0,1.6949287368540935,1.0,9.639243909686063e-16
2,1,step,False,17,1.4618158494836173,0.0,0.03011138329827395,1.0922074339596302,35.0073398635863,4,1.3254211573746157,63,9.853171079702859,13.593338418183833,1.0,1,0.343098192972469,0,1.6949287368540935,1.0,9.639243909686063e-16
2,1,step,False,18,1.7987267463663223,0.0,0.13713806758589497,0.980701922242823,44.12035323503808,4,1.4784202331339371,84,12.690661207299115,17.41004192114241,1.0,1,0.23922825205703926,0,1.6949287368540935,1.0,9.639243909686063e-16
2,1,step,False,19,1.6219259550985072,0.0,0.2256926250044474,0.8805342626268562,74.42484287557377,4,1.3377405722563598,113,30.601027591767718,41.380871693530764,1.0,1,0.35440528115296355,0,1.6949287368540935,1.0,9.639243909686063e-16
2,1,step,False,20,0.4967517232200428,0.0,0.37977740378019104,0.42772438218880854,75.84888072224115,4,1.410734447486806,127,18.816311055389633,29.60165141043377,1.0,1,0.46791517030691004,0,1.6949287368540935,1.0,9.639243909686063e-16
2,1,step,False,21,0.2801579968649878,0.0,0.52077374176404,0.13843247089108443,106.18932736682225,4,1.31924396631905,161,37.635997295129684,52.91425200546409,1.0,1,0.6044085241225061,0,1.6949287368540935,1.0,9.639243909686063e-16
2,1,step,False,22,0.4284902509478303,0.0,0.22716786155304758,0.31533300723622376,88.86975276936352,4,1.2797301308079836,138,33.205969876835965,46.86479078669111,1.0,1,0.3907805857072155,0,1.6949287368540935,1.0,9.639243909686063e-16
2,1,step,False,23,0.8766018881723402,0.0,0.13409260778038312,0.44367666827444185,91.8337035908913,4,1.2317549105593442,153,31.044857366390332,42.51745364896881,1.0,1,0.43378808684053705,0,1.6949287368540935,1.0,9.639243909686063e-16
2,2,step,False,0,1.0467706587360495,0.0,0.22851500244119818,0.6810330044325779,59.04569452859888,4,1.389966061080823,96,20.595609633149177,31.315893968618376,1.0,1,0.4479789391669324,0,1.1984956034574787,0.6129759699106216,1.0912904861937918e-15
2,2,step,False,1,1.0701418227387929,0.0,0.12425900274583421,0.7956896675689481,51.64105542247972,4,1.2390161483685567,93,16.731523171968487,21.811505785710064,1.0,1,0.16541984046106534,0,1.1984956034574787,0.6129759699106216,1.0912904861937918e-15
2,2,step,False,2,0.7932685761589658,0.0,0.21356622863592536,0.5212532946898482,42.34374708505638,4,1.3021521159175078,77,17.365099420703995,23.503837849705555,1.0,1,0.17743664734105527,0,1.1984956034574787,0.6129759699106216,1.0912904861937918e-15
2,2,step,False,3,0.3205409858769687,0.0,0.4651924320744398,0.2196051088941605,84.00726786199591,4,1.300901783066737,130,30.970036391531426,44.2996358599177,1.0,1,0.2596481249502267,0,1.1984956034574787,0.6129759699106216,1.0912904861937918e-15
2,2,step,False,4,1.2844467353127504,0.0,0.3230750650443471,1.0882036414207648,7.469383352135623,4,1.6761644872707415,14,6.000000000127098,7.729090505073308,1.0,1,0.30796347290460246,0,1.1984956034574787,0.6129759699106216,1.0912904861937918e-15
2,2,step,False,5,2.0802561912918844,0.0,0.10292378375607898,1.2605784874453647,39.51145944543005,4,1.5192913821130405,72,9.795777548139117,11.688076287522293,1.0,1,0.13778274233612536,0,1.1984956034574787,0.6129759699106216,1.0912904861937918e-15
2,2,step,False,6,1.2190457946602995,0.0,0.15879930250394814,0.8107072579918712,72.9073654873682,4,1.2255340651471252,122,22.44042110561644,31.653967026831992,1.0,1,0.2593169252163431,0,1.1984956034574787,0.6129759699106216,1.0912904861937918e-15
2,2,step,False,7,1.5215077396539407,0.0,0.13509832988052758,1.0433858820927175,65.90824151687282,4,1.2594893218466454,114,19.018076071118426,25.893813766648584,1.0,1,0.18531367038070184,0,1.1984956034574787,0.6129759699106216,1.0912904861937918e-15
2,2,step,False,8,1.0115079638172977,0.0,0.1936284024818393,0.5657300662748956,75.22126136979051,4,1.3281580911852546,123,30.675063106448306,40.088881237569716,1.0,1,0.2836211071170942,0,1.1984956034574787,0.6129759699106216,1.0912904861937918e-15
2,2,step,False,9,0.3423530440072947,0.0,0.6418871329045058,0.28585976233832544,35.18788834101062,4,1.3549033565079938,63,9.60700579561867,13.62405508202011,1.0,1,0.2613470827890968,0,1.1984956034574787,0.6129759699106216,1.0912904861937918e-15
2,2,step,False,10,0.3204744605844023,0.0,0.481111961024221,0.23494589287688908,87.16048825978412,4,1.2738906059503479,139,29.872038155537226,43.648468141306644,1.0,1,0.3174422409263228,0,1.1984956034574787,0.6129759699106216,1.0912904861937918e-15
2,2,step,False,11,1.348557138294263,0.0,0.1931593016470286,0.9865866211262098,54.85926235489409,4,1.2922969011704626,92,15.830800976213906,24.096237442244018,1.0,1,0.4151063201188137,0,1.1984956034574787,0.6129759699106216,1.0912904861937918e-15
2,2,step,False,12,1.95878432879614,0.0,0.09208050280730327,1.1303472927735145,40.08902068095337,4,1.384946821223811,76,10.788937177144346,14.162687310446403,1.0,1,0.2382377905791339,0,1.1984956034574787,0.6129759699106216,1.0912904861937918e-15
2,2,step,False,13,2.3633895001822,0.0,0.09091541469964279,1.4744123258001987,26.59264496145776,4,1.352033392404459,52,6.3100198059636075,7.826588771343596,1.0,1,0.28040568858060744,0,1.1984956034574787,0.6129759699106216,1.0912904861937918e-15
2,2,step,False,14,1.7825206800460858,0.0,0.052496250411876645,1.0193644068760228,46.172091068059316,4,1.3466985252160468,82,14.074197934958285,17.69920169183403,1.0,1,0.19818935917194996,0,1.1984956034574787,0.6129759699106216,1.0912904861937918e-15
2,2,step,False,15,1.1478094221068595,0.0,0.21946160362443318,0.877361554877913,28.877027391427546,4,1.59673346097239,55,8.38040155626309,13.390643527815588,1.0,1,0.142313408948444,0,1.1984956034574787,0.6129759699106216,1.0912904861937918e-15
2,2,step,False,16,0.7518156372889109,0.0,0.3842280276294127,0.420181870454791,106.71190044916905,4,1.1266294635540246,165,38.4348325925914,52.011529939744115,1.0,1,0.32893255990442966,0,1.1984956034574787,0.6129759699106216,1.0912904861937918e-15
2,2,step,False,17,1.4618158494836173,0.0,0.03011138329827395,1.0922074339596302,35.0073398635863,4,1.3254211573746157,63,10.608984353821658,14.431991263909659,1.0,1,0.2130317588122056,0,1.1984956034574787,0.6129759699106216,1.0912904861937918e-15
2,2,step,False,18,1.7987267463663223,0.0,0.13713806758589497,0.980701922242823,44.12035323503808,4,1.4784202331339371,84,13.183753614332224,17.96888688840272,1.0,1,0.12706349784423568,0,1.1984956034574787,0.6129759699106216,1.0912904861937918e-15
2,2,step,False,19,1.6219259550985072,0.0,0.2256926250044474,0.8805342626268562,74.42484287557377,4,1.3377405722563598,113,28.70877107513916,37.51605952944574,1.0,1,0.3091533643729681,0,1.1984956034574787,0.6129759699106216,1.0912904861937918e-15
2,2,step,False,20,0.4967517232200428,0.0,0.37977740378019104,0.42772438218880854,75.84888072224115,4,1.410734447486806,127,21.93391783768989,35.62925861293927,1.0,1,0.3585129869383768,0,1.1984956034574787,0.6129759699106216,1.0912904861937918e-15
2,2,step,False,21,0.2801579968649878,0.0,0.52077374176404,0.13843247089108443,106.18932736682225,4,1.31924396631905,161,35.13254300343455,47.646521053155766,1.0,1,0.3518509684041232,0,1.1984956034574787,0.6129759699106216,1.0912904861937918e-15
2,2,step,False,22,0.4284902509478303,0.0,0.22716786155304758,0.31533300723622376,88.86975276936352,4,1.2797301308079836,138,35.02605109338945,50.47380590172701,1.0,1,0.4112425968188081,0,1.1984956034574787,0.6129759699106216,1.0912904861937918e-15
2,2,step,False,23,0.8766018881723402,0.0,0.13409260778038312,0.44367666827444185,91.8337035908913,4,1.2317549105593442,153,31.426535199594902,42.03665531065238,1.0,1,0.2380849184756563,0,1.1984956034574787,0.6129759699106216,1.0912904861937918e-15
2,3,step,False,0,1.0467706587360495,0.0,0.22851500244119818,0.6810330044325779,59.04569452859888,4,1.389966061080823,96,19.88535554562343,28.232180394990564,1.0,1,0.21239574599754996,0,0.8474643684270466,0.36836570501327515,2.0343999038268665e-15
2,3,step,False,1,1.0701418227387929,0.0,0.12425900274583421,0.7956896675689481,51.64105542247972,4,1.2390161483685567,93,18.365564760870583,24.223238542233595,1.0,1,0.16375171694754304,0,0.8474643684270466,0.36836570501327515,2.0343999038268665e-15
2,3,step,False,2,0.7932685761589658,0.0,0.21356622863592536,0.5212532946898482,42.34374708505638,4,1.3021521159175078,77,18.310835199214434,24.24137484933061,1.0,1,0.15462124719833473,0,0.8474643684270466,0.36836570501327515,2.0343999038268665e-15
2,3,step,False,3,0.3205409858769687,0.0,0.4651924320744398,0.2196051088941605,84.00726786199591,4,1.300901783066737,130,32.33520919910253,43.99392536467688,1.0,1,0.1529257567393206,0,0.8474643684270466,0.36836570501327515,2.0343999038268665e-15
2,3,step,False,4,1.2844467353127504,0.0,0.3230750650443471,1.0882036414207648,7.469383352135623,4,1.6761644872707415,14,6.000000000381878,8.043895545620684,1.0,1,0.13154136635704325,0,0.8474643684270466,0.36836570501327515,2.0343999038268665e-15
2,3,step,False,5,2.0802561912918844,0.0,0.10292378375607898,1.2605784874453647,39.51145944543005,4,1.5192913821130405,72,9.630617078112403,12.36430753217046,1.0,1,0.1684573237688612,0,0.8474643684270466,0.36836570501327515,2.0343999038268665e-15
2,3,step,False,6,1.2190457946602995,0.0,0.15879930250394814,0.8107072579918712,72.9073654873682,4,1.2255340651471252,122,20.66011019470242,28.405648390888164,1.0,1,0.23304680871305253,0,0.8474643684270466,0.36836570501327515,2.0343999038268665e-15
2,3,step,False,7,1.5215077396539407,0.0,0.13509832988052758,1.0433858820927175,65.90824151687282,4,1.2594893218466454,114,16.805040209737214,21.32733634758514,1.0,1,0.20764200094669577,0,0.8474643684270466,0.36836570501327515,2.0343999038268665e-15
2,3,step,False,8,1.0115079638172977,0.0,0.1936284024818393,0.5657300662748956,75.22126136979051,4,1.3281580911852546,123,33.96676131774825,45.19978566158227,1.0,1,0.17845381670121524,0,0.8474643684270466,0.36836570501327515,2.0343999038268665e-15
2,3,step,False,9,0.3423530440072947,0.0,0.6418871329045058,0.28585976233832544,35.18788834101062,4,1.3549033565079938,63,11.595114278232165,16.275751843437913,1.0,1,0.1262409923193239,0,0.8474643684270466,0.36836570501327515,2.0343999038268665e-15
2,3,step,False,10,0.3204744605844023,0.0,0.481111961024221,0.23494589287688908,87.16048825978412,4,1.2738906059503479,139,29.7137810328417,42.761897717901846,1.0,1,0.21652978229661698,0,0.8474643684270466,0.36836570501327515,2.0343999038268665e-15
2,3,step,False,11,1.348557138294263,0.0,0.1931593016470286,0.9865866211262098,54.85926235489409,4,1.2922969011704626,92,13.621592075129044,18.371357321788004,1.0,1,0.108481740453665,0,0.8474643684270466,0.36836570501327515,2.0343999038268665e-15
2,3,step,False,12,1.95878432879614,0.0,0.09208050280730327,1.1303472927735145,40.08902068095337,4,1.384946821223811,76,8.474450382196066,10.063640182505416,1.0,1,0.15534005739012238,0,0.8474643684270466,0.36836570501327515,2.0343999038268665e-15
2,3,step,False,13,2.3633895001822,0.0,0.09091541469964279,1.4744123258001987,26.59264496145776,4,1.352033392404459,52,6.000000000219747,7.284799431506897,1.0,1,0.16848623250711575,0,0.8474643684270466,0.36836570501327515,2.0343999038268665e-15
2,3,step,False,14,1.7825206800460858,0.0,0.052496250411876645,1.0193644068760228,46.172091068059316,4,1.3466985252160468,82,12.546306916815652,14.849071972754157,1.0,1,0.11733311935894132,0,0.8474643684270466,0.36836570501327515,2.0343999038268665e-15
2,3,step,False,15,1.1478094221068595,0.0,0.21946160362443318,0.877361554877913,28.877027391427546,4,1.59673346097239,55,9.142802282117977,13.154492144123136,1.0,1,0.053626618593370846,0,0.8474643684270466,0.36836570501327515,2.0343999038268665e-15
2,3,step,False,16,0.7518156372889109,0.0,0.3842280276294127,0.420181870454791,106.71190044916905,4,1.1266294635540246,165,38.45126716262663,50.94928190345012,1.0,1,0.14540897641149056,0,0.8474643684270466,0.36836570501327515,2.0343999038268665e-15
2,3,step,False,17,1.4618158494836173,0.0,0.03011138329827395,1.0922074339596302,35.0073398635863,4,1.3254211573746157,63,12.21155291060769,16.958430040961357,1.0,1,0.18429852092532875,0,0.8474643684270466,0.36836570501327515,2.0343999038268665e-15
2,3,step,False,18,1.7987267463663223,0.0,0.13713806758589497,0.980701922242823,44.12035323503808,4,1.4784202331339371,84,14.278537983761048,18.76139367075981,1.0,1,0.07977759053489625,0,0.8474643684270466,0.36836570501327515,2.0343999038268665e-15
2,3,step,False,19,1.6219259550985072,0.0,0.2256926250044474,0.8805342626268562,74.42484287557377,4,1.3377405722563598,113,25.974536401270154,32.86895660393895,1.0,1,0.17528780601081012,0,0.8474643684270466,0.36836570501327515,2.0343999038268665e-15
2,3,step,False,20,0.4967517232200428,0.0,0.37977740378019104,0.42772438218880854,75.84888072224115,4,1.410734447486806,127,23.78624690271552,38.9505717531905,1.0,1,0.24350731283713528,0,0.8474643684270466,0.36836570501327515,2.0343999038268665e-15
2,3,step,False,21,0.2801579968649878,0.0,0.52077374176404,0.13843247089108443,106.18932736682225,4,1.31924396631905,161,34.60714834834704,47.21840392649966,1.0,1,0.11783413436666379,0,0.8474643684270466,0.36836570501327515,2.0343999038268665e-15
2,3,step,False,22,0.4284902509478303,0.0,0.22716786155304758,0.31533300723622376,88.86975276936352,4,1.2797301308079836,138,34.220013463370215,48.30049560378865,1.0,1,0.11925760277010296,0,0.8474643684270466,0.36836570501327515,2.0343999038268665e-15
2,3,step,False,23,0.8766018881723402,0.0,0.13409260778038312,0.44367666827444185,91.8337035908913,4,1.2317549105593442,153,32.17894596346615,41.71187596610414,1.0,1,0.20328285618880315,0,0.8474643684270466,0.36836570501327515,2.0343999038268665e-15
3,0,init,False,0,2.012293809437055,0.0,0.08380084713341804,1.5402516091339595,37.93057280478205,4,1.3455784074471395,70,nan,nan,1.0,1,nan,0,nan,nan,nan
3,0,init,False,1,0.7367854000076806,1.4901161193847656e-08,0.3033297504573349,0.6440423118210855,57.99527211735812,4,1.3382596057270464,106,nan,nan,1.0,1,nan,0,nan,nan,nan
3,0,init,False,2,0.6609735095724033,2.5809568279517847e-08,0.38623699695226416,0.7646360036319266,63.15955652333682,4,1.3465946908914779,109,nan,nan,1.0,1,nan,0,nan,nan,nan
3,0,init,False,3,1.5791575861932878,2.1073424255447017e-08,0.24354967217360451,1.115232313634725,50.09814652505192,4,1.4943202051199926,94,nan,nan,1.0,1,nan,0,nan,nan,nan
3,0,init,False,4,1.2628620126326964,0.0,0.16950896581629626,0.9902355710827684,82.79149624132033,4,1.204873137523886,136,nan,nan,1.0,1,nan,0,nan,nan,nan
3,0,init,False,5,2.203884775882906,0.0,0.10451028839151918,1.6749614487151394,26.607861162891997,4,1.6151408514682852,50,nan,nan,1.0,1,nan,0,nan,nan,nan
3,0,init,False,6,1.3474154075443938,0.0,0.21320513794625756,0.9864678493589868,22.494725083016796,4,1.6539183287774182,46,nan,nan,1.0,1,nan,0,nan,nan,nan
3,0,init,False,7,0.637017188984615,0.0,0.3707487381791445,0.6031598226075812,88.99898775563832,4,1.2111449125455207,139,nan,nan,1.0,1,nan,0,nan,nan,nan
3,0,init,False,8,1.1241654617540675,0.0,0.17177864712806812,0.9203420329676484,88.03765048272967,4,1.257016970154669,145,nan,nan,1.0,1,nan,0,nan,nan,nan
3,0,init,False,9,0.3160041946949852,0.0,0.4686036486010847,0.23123521902121053,108.0706132519012,4,1.2117144547233307,161,nan,nan,1.0,1,nan,0,nan,nan,nan
3,0,init,False,10,0.5495978082565923,1.4901161193847656e-08,0.42324479036028734,0.5960798006648088,39.635768704361176,4,1.524224254169316,70,nan,nan,1.0,1,nan,0,nan,nan,nan
3,0,init,False,11,1.145507073081825,0.0,0.33149742431484497,0.8515123938283693,53.50595265384432,4,1.3543931342986377,91,nan,nan,1.0,1,nan,0,nan,nan,nan
3,0,init,False,12,1.6167986815583852,2.1073424255447017e-08,0.1241686154860682,1.1627560541958475,35.30335441281399,4,1.470880390822856,74,nan,nan,1.0,1,nan,0,nan,nan,nan
3,0,init,False,13,1.4957891254472597,2.1073424255447017e-08,0.23475545137318865,1.2212379390800372,37.83702709614994,4,1.514555800642806,63,nan,nan,1.0,1,nan,0,nan,nan,nan
3,0,init,False,14,1.2928729106443955,2.1073424255447017e-08,0.11101843678701802,1.025695678413242,59.557835607351116,4,1.3574636402010074,100,nan,nan,1.0,1,nan,0,nan,nan,nan
3,0,init,False,15,1.0821811863143032,2.1073424255447017e-08,0.077442052285507,0.9211732005257176,80.57983105058655,4,1.2621418675497373,123,nan,nan,1.0,1,nan,0,nan,nan,nan
3,0,init,False,16,2.2308898068401075,1.4901161193847656e-08,0.1483887015502241,1.6678017973001766,29.913116794190373,4,1.419443889218377,53,nan,nan,1.0,1,nan,0,nan,nan,nan
3,0,init,False,17,0.9897997487825622,0.0,0.23025120718122502,0.7823522654289061,81.85760306373517,4,1.2668221508812167,130,nan,nan,1.0,1,nan,0,nan,nan,nan
3,0,init,False,18,0.5590769175905304,0.0,0.17919368873205777,0.5057778254642993,92.05003247630124,4,1.1697464886624773,143,nan,nan,1.0,1,nan,0,nan,nan,nan
3,0,init,False,19,0.3614042791791365,0.0,0.5443529209573507,0.4283663315382897,94.70932325003324,4,1.2914698356524905,147,nan,nan,1.0,1,nan,0,nan,nan,nan
3,0,init,False,20,1.1237436745120502,0.0,0.1506943399034853,0.8784531211345564,74.65822521997791,4,1.2522667698187906,126,nan,nan,1.0,1,nan,0,nan,nan,nan
3,0,init,False,21,0.48646786313588014,0.0,0.8470192076832614,0.3288886919527557,78.49371927859829,4,1.2956308258276654,125,nan,nan,1.0,1,nan,0,nan,nan,nan
3,0,init,False,22,1.1811721758476943,0.0,0.13474149447518272,0.7396946074727961,35.3537841656409,4,1.6002462899003156,65,nan,nan,1.0,1,nan,0,nan,nan,nan
3,0,init,False,23,0.5342055744252718,0.0,0.15393891255971237,0.5884220754114263,20.35954427838876,4,1.4853578680848185,45,nan,nan,1.0,1,nan,0,nan,nan,nan
3,1,step,False,0,2.012293809437055,0.0,0.08380084713341804,1.5402516091339595,37.93057280478205,4,1.3455784074471395,70,10.922416364615072,14.482454994206554,1.0,1,0.43654562466769503,0,1.5615755036669832,1.0,5.807935379961339e-16
3,1,step,False,1,0.7367854000076806,0.0,0.3033297504573349,0.6440423118210855,57.99527211735812,4,1.3382596057270464,106,15.010092051920687,22.83846301223448,1.0,1,0.32474442184267704,0,1.5615755036669832,1.0,5.807935379961339e-16
3,1,step,False,2,0.6609735095724033,0.0,0.38623699695226416,0.7646360036319266,63.15955652333682,4,1.3465946908914779,109,16.773240001704252,26.060001847395142,1.0,1,0.4695513628312089,0,1.5615755036669832,1.0,5.807935379961339e-16
3,1,step,False,3,1.5791575861932878,0.0,0.24354967217360451,1.115232313634725,50.09814652505192,4,1.4943202051199926,94,14.899836431441516,19.76585011294503,1.0,1,0.32474491555826895,0,1.5615755036669832,1.0,5.807935379961339e-16
3,1,step,False,4,1.2628620126326964,0.0,0.16950896581629626,0.9902355710827684,82.79149624132033,4,1.204873137523886,136,30.000734778869607,41.36548508494214,1.0,1,0.5231129077732096,0,1.5615755036669832,1.0,5.807935379961339e-16
3,1,step,False,5,2.203884775882906,0.0,0.10451028839151918,1.6749614487151394,26.607861162891997,4,1.6151408514682852,50,6.0000000004595995,9.991526186540185,1.0,1,0.316159509286433,0,1.5615755036669832,1.0,5.807935379961339e-16
3,1,step,False,6,1.3474154075443938,0.0,0.21320513794625756,0.9864678493589868,22.494725083016796,4,1.6539183287774182,46,6.000000000553866,9.549807590621803,1.0,1,0.16185232012846448,0,1.5615755036669832,1.0,5.807935379961339e-16
3,1,step,False,7,0.637017188984615,0.0,0.3707487381791445,0.6031598226075812,88.99898775563832,4,1.2111449125455207,139,30.448542280750008,41.1574719300779,1.0,1,0.43812149760886365,0,1.5615755036669832,1.0,5.807935379961339e-16
3,1,step,False,8,1.1241654617540675,0.0,0.17177864712806812,0.9203420329676484,88.03765048272967,4,1.257016970154669,145,29.053652846562443,41.683052171770576,1.0,1,0.4733532292718234,0,1.5615755036669832,1.0,5.807935379961339e-16
3,1,step,False,9,0.3160041946949852,0.0,0.4686036486010847,0.23123521902121053,108.0706132519012,4,1.2117144547233307,161,42.8935622231798,58.530855301915764,1.0,1,0.33084712167513886,0,1.5615755036669832,1.0,5.807935379961339e-16
3,1,step,False,10,0.5495978082565923,0.0,0.42324479036028734,0.5960798006648088,39.635768704361176,4,1.524224254169316,70,10.636952920369222,14.250463305950456,1.0,1,0.3010859148217711,0,1.5615755036669832,1.0,5.807935379961339e-16
3,1,step,False,11,1.145507073081825,0.0,0.33149742431484497,0.8515123938283693,53.50595265384432,4,1.3543931342986377,91,16.987319016572748,22.422380618220046,1.0,1,0.3370338311413492,0,1.5615755036669832,1.0,5.807935379961339e-16
3,1,step,False,12,1.6167986815583852,0.0,0.1241686154860682,1.1627560541958475,35.30335441281399,4,1.470880390822856,74,8.27525075068241,10.276580991030693,1.0,1,0.27944588611612836,0,1.5615755036669832,1.0,5.807935379961339e-16
3,1,step,False,13,1.4957891254472597,1.4901161193847656e-08,0.23475545137318865,1.2212379390800372,37.83702709614994,4,1.514555800642806,63,14.486518135238502,20.3996384800186,1.0,1,0.469950873806551,0,1.5615755036669832,1.0,5.807935379961339e-16
3,1,step,False,14,1.2928729106443955,1.4901161193847656e-08,0.11101843678701802,1.025695678413242,59.557835607351116,4,1.3574636402010074,100,21.64276409526105,30.36216966529646,1.0,1,0.4505976408327109,0,1.5615755036669832,1.0,5.807935379961339e-16
3,1,step,False,15,1.0821811863143032,1.4901161193847656e-08,0.077442052285507,0.9211732005257176,80.57983105058655,4,1.2621418675497373,123,30.556319088868502,43.483785732213775,1.0,1,0.46916609272420423,0,1.5615755036669832,1.0,5.807935379961339e-16
3,1,step,False,16,2.2308898068401075,0.0,0.1483887015502241,1.6678017973001766,29.913116794190373,4,1.419443889218377,53,9.17412241406408,12.544210845162215,1.0,1,0.25034429645649514,0,1.5615755036669832,1.0,5.807935379961339e-16
3,1,step,False,17,0.9897997487825622,0.0,0.23025120718122502,0.7823522654289061,81.85760306373517,4,1.2668221508812167,130,29.688235730993995,42.488633301819924,1.0,1,0.5486768157821204,0,1.5615755036669832,1.0,5.807935379961339e-16
3,1,step,False,18,0.5590769175905304,0.0,0.17919368873205777,0.5057778254642993,92.05003247630124,4,1.1697464886624773,143,34.46379207333563,47.075097607185626,1.0,1,0.45101995163551717,0,1.5615755036669832,1.0,5.807935379961339e-16
3,1,step,False,19,0.3614042791791365,0.0,0.5443529209573507,0.4283663315382897,94.70932325003324,4,1.2914698356524905,147,32.555472275433054,45.326689933314725,1.0,1,0.5760081421104973,0,1.5615755036669832,1.0,5.807935379961339e-16
3,1,step,False,20,1.1237436745120502,0.0,0.1506943399034853,0.8784531211345564,74.65822521997791,4,1.2522667698187906,126,29.580320927251453,39.15800024600011,1.0,1,0.45936769803558075,0,1.5615755036669832,1.0,5.807935379961339e-16
3,1,step,False,21,0.48646786313588014,0.0,0.8470192076832614,0.3288886919527557,78.49371927859829,4,1.2956308258276654,125,26.417901366606994,36.81208911139034,1.0,1,0.478333674947772,0,1.5615755036669832,1.0,5.807935379961339e-16
3,1,step,False,22,1.1811721758476943,0.0,0.13474149447518272,0.7396946074727961,35.3537841656409,4,1.6002462899003156,65,10.049682712382431,14.14525421403489,1.0,1,0.3382323099467393,0,1.5615755036669832,1.0,5.807935379961339e-16
3,1,step,False,23,0.5342055744252718,0.0,0.15393891255971237,0.5884220754114263,20.35954427838876,4,1.4853578680848185,45,6.000000000403003,7.9686208448951135,1.0,1,0.10984628782365843,0,1.5615755036669832,1.0,5.807935379961339e-16
3,2,step,False,0,2.012293809437055,0.0,0.08380084713341804,1.5402516091339595,37.93057280478205,4,1.3455784074471395,70,10.279309429464666,13.707877030260025,1.0,1,0.2122800896152284,0,1.1042006279777221,0.6162517219781876,6.496081928473154e-16
3,2,step,False,1,0.7367854000076806,0.0,0.3033297504573349,0.6440423118210855,57.99527211735812,4,1.3382596057270464,106,16.00167794792924,23.909050435459264,1.0,1,0.28515012039241466,0,1.1042006279777221,0.6162517219781876,6.496081928473154e-16
3,2,step,False,2,0.6609735095724033,0.0,0.38623699695226416,0.7646360036319266,63.15955652333682,4,1.3465946908914779,109,14.539715300559113,21.930867354583906,1.0,1,0.2266265560671923,0,1.1042006279777221,0.6162517219781876,6.496081928473154e-16
3,2,step,False,3,1.5791575861932878,0.0,0.24354967217360451,1.115232313634725,50.09814652505192,4,1.4943202051199926,94,14.36011890701198,19.44089531572118,1.0,1,0.17285272386121261,0,1.1042006279777221,0.6162517219781876,6.496081928473154e-16
3,2,step,False,4,1.2628620126326964,0.0,0.16950896581629626,0.9902355710827684,82.79149624132033,4,1.204873137523886,136,28.260818986475122,36.47993899725443,1.0,1,0.21035638772756732,0,1.1042006279777221,0.6162517219781876,6.496081928473154e-16
3,2,step,False,5,2.203884775882906,0.0,0.10451028839151918,1.6749614487151394,26.607861162891997,4,1.6151408514682852,50,6.000000000401078,8.006240407084482,1.0,1,0.17622965260591805,0,1.1042006279777221,0.6162517219781876,6.496081928473154e-16
3,2,step,False,6,1.3474154075443938,0.0,0.21320513794625756,0.9864678493589868,22.494725083016796,4,1.6539183287774182,46,6.874187296439389,10.237070376636641,1.0,1,0.2025319805648241,0,1.1042006279777221,0.6162517219781876,6.496081928473154e-16
3,2,step,False,7,0.637017188984615,0.0,0.3707487381791445,0.6031598226075812,88.99898775563832,4,1.2111449125455207,139,31.4477533712428,43.898200866109235,1.0,1,0.23063243644879597,0,1.1042006279777221,0.6162517219781876,6.496081928473154e-16
3,2,step,False,8,1.1241654617540675,0.0,0.17177864712806812,0.9203420329676484,88.03765048272967,4,1.257016970154669,145,29.241849377950913,40.09338785886495,1.0,1,0.24653439171485877,0,1.1042006279777221,0.6162517219781876,6.496081928473154e-16
3,2,step,False,9,0.3160041946949852,0.0,0.4686036486010847,0.23123521902121053,108.0706132519012,4,1.2117144547233307,161,43.07169905118541,57.3115943627177,1.0,1,0.17885197051804624,0,1.1042006279777221,0.6162517219781876,6.496081928473154e-16
3,2,step,False,10,0.5495978082565923,0.0,0.42324479036028734,0.5960798006648088,39.635768704361176,4,1.524224254169316,70,13.571111571002952,19.458743482022257,1.0,1,0.2219942181865051,0,1.1042006279777221,0.6162517219781876,6.496081928473154e-16
3,2,step,False,11,1.145507073081825,0.0,0.33149742431484497,0.8515123938283693,53.50595265384432,4,1.3543931342986377,91,18.217739279286548,25.347036589275053,1.0,1,0.2632377040311766,0,1.1042006279777221,0.6162517219781876,6.496081928473154e-16
3,2,step,False,12,1.6167986815583852,0.0,0.1241686154860682,1.1627560541958475,35.30335441281399,4,1.470880390822856,74,7.817123198444362,10.028909027402543,1.0,1,0.3945466225763169,0,1.1042006279777221,0.6162517219781876,6.496081928473154e-16
3,2,step,False,13,1.4957891254472597,1.4901161193847656e-08,0.23475545137318865,1.2212379390800372,37.83702709614994,4,1.514555800642806,63,12.517768924061071,17.4700695590148,1.0,1,0.22646522982973757,0,1.1042006279777221,0.6162517219781876,6.496081928473154e-16
3,2,step,False,14,1.2928729106443955,1.4901161193847656e-08,0.11101843678701802,1.025695678413242,59.557835607351116,4,1.3574636402010074,100,19.337137882032277,26.866490172766074,1.0,1,0.25905998251448853,0,1.1042006279777221,0.6162517219781876,6.496081928473154e-16
3,2,step,False,15,1.0821811863143032,1.4901161193847656e-08,0.077442052285507,0.9211732005257176,80.57983105058655,4,1.2621418675497373,123,30.493537248162625,40.91067073558444,1.0,1,0.24446491611624838,0,1.1042006279777221,0.6162517219781876,6.496081928473154e-16
3,2,step,False,16,2.2308898068401075,0.0,0.1483887015502241,1.6678017973001766,29.913116794190373,4,1.419443889218377,53,7.168961382722506,9.78460446146932,1.0,1,0.1733763640196074,0,1.1042006279777221,0.6162517219781876,6.496081928473154e-16
3,2,step,False,17,0.9897997487825622,0.0,0.23025120718122502,0.7823522654289061,81.85760306373517,4,1.2668221508812167,130,28.331898803917955,39.385854094184914,1.0,1,0.22601367241657433,0,1.1042006279777221,0.6162517219781876,6.496081928473154e-16
3,2,step,False,18,0.5590769175905304,0.0,0.17919368873205777,0.5057778254642993,92.05003247630124,4,1.1697464886624773,143,34.78526137079946,48.849151409210336,1.0,1,0.21678268589623154,0,1.1042006279777221,0.6162517219781876,6.496081928473154e-16
3,2,step,False,19,0.3614042791791365,0.0,0.5443529209573507,0.4283663315382897,94.70932325003324,4,1.2914698356524905,147,32.950095519816664,45.97828248731853,1.0,1,0.2512396706858103,0,1.1042006279777221,0.6162517219781876,6.496081928473154e-16
3,2,step,False,20,1.1237436745120502,0.0,0.1506943399034853,0.8784531211345564,74.65822521997791,4,1.2522667698187906,126,29.26140813327253,40.02531648853386,1.0,1,0.18792819842390868,0,1.1042006279777221,0.6162517219781876,6.496081928473154e-16
3,2,step,False,21,0.48646786313588014,0.0,0.8470192076832614,0.3288886919527557,78.49371927859829,4,1.2956308258276654,125,29.245987009623985,40.84845355546818,1.0,1,0.13721720643331914,0,1.1042006279777221,0.6162517219781876,6.496081928473154e-16
3,2,step,False,22,1.1811721758476943,0.0,0.13474149447518272,0.7396946074727961,35.3537841656409,4,1.6002462899003156,65,10.418001331925216,15.323610097061614,1.0,1,0.1949168487844553,0,1.1042006279777221,0.6162517219781876,6.496081928473154e-16
3,2,step,False,23,0.5342055744252718,0.0,0.15393891255971237,0.5884220754114263,20.35954427838876,4,1.4853578680848185,45,6.751876917056322,9.295035172550374,1.0,1,0.14417120823376525,0,1.1042006279777221,0.6162517219781876,6.496081928473154e-16
3,3,step,False,0,2.012293809437055,0.0,0.08380084713341804,1.5402516091339595,37.93057280478205,4,1.3455784074471395,70,9.278480842433487,12.145701592766837,1.0,1,0.2470860229787089,0,0.7807877518334915,0.374384343624115,9.004014553649863e-16
3,3,step,False,1,0.7367854000076806,0.0,0.3033297504573349,0.6440423118210855,57.99527211735812,4,1.3382596057270464,106,15.620978531355021,23.066421483556198,1.0,1,0.19473191700887876,0,0.7807877518334915,0.374384343624115,9.004014553649863e-16
3,3,step,False,2,0.6609735095724033,0.0,0.38623699695226416,0.7646360036319266,63.15955652333682,4,1.3465946908914779,109,17.754734799998197,27.896474541394593,1.0,1,0.1072576491935208,0,0.7807877518334915,0.374384343624115,9.004014553649863e-16
3,3,step,False,3,1.5791575861932878,0.0,0.24354967217360451,1.115232313634725,50.09814652505192,4,1.4943202051199926,94,14.19809746183929,19.313311214810884,1.0,1,0.19201963865564,0,0.7807877518334915,0.374384343624115,9.004014553649863e-16
3,3,step,False,4,1.2628620126326964,0.0,0.16950896581629626,0.9902355710827684,82.79149624132033,4,1.204873137523886,136,27.542700283106303,33.506242443628935,1.0,1,0.09662347612193581,0,0.7807877518334915,0.374384343624115,9.004014553649863e-16
3,3,step,False,5,2.203884775882906,0.0,0.10451028839151918,1.6749614487151394,26.607861162891997,4,1.6151408514682852,50,6.000000000066345,7.995926918513637,1.0,1,0.18503950982440273,0,0.7807877518334915,0.374384343624115,9.004014553649863e-16
3,3,step,False,6,1.3474154075443938,0.0,0.21320513794625756,0.9864678493589868,22.494725083016796,4,1.6539183287774182,46,7.816027794227345,10.418412190051274,1.0,1,0.10518707560970403,0,0.7807877518334915,0.374384343624115,9.004014553649863e-16
3,3,step,False,7,0.637017188984615,0.0,0.3707487381791445,0.6031598226075812,88.99898775563832,4,1.2111449125455207,139,32.21554096639263,44.05377068760738,1.0,1,0.11494619110511674,0,0.7807877518334915,0.374384343624115,9.004014553649863e-16
3,3,step,False,8,1.1241654617540675,0.0,0.17177864712806812,0.9203420329676484,88.03765048272967,4,1.257016970154669,145,30.846879949782238,42.857929367059704,1.0,1,0.17682377637050917,0,0.7807877518334915,0.374384343624115,9.004014553649863e-16
3,3,step,False,9,0.3160041946949852,0.0,0.4686036486010847,0.23123521902121053,108.0706132519012,4,1.2117144547233307,161,42.13363717390637,54.739296702184504,1.0,1,0.14280032343907045,0,0.7807877518334915,0.374384343624115,9.004014553649863e-16
3,3,step,False,10,0.5495978082565923,0.0,0.42324479036028734,0.5960798006648088,39.635768704361176,4,1.524224254169316,70,15.84626747324101,22.39163375477541,1.0,1,0.14702155828366004,0,0.7807877518334915,0.374384343624115,9.004014553649863e-16
3,3,step,False,11,1.145507073081825,0.0,0.33149742431484497,0.8515123938283693,53.50595265384432,4,1.3543931342986377,91,17.262412373077495,22.99359769296056,1.0,1,0.12455781098833531,0,0.7807877518334915,0.374384343624115,9.004014553649863e-16
3,3,step,False,12,1.6167986815583852,0.0,0.1241686154860682,1.1627560541958475,35.30335441281399,4,1.470880390822856,74,7.920244201052846,12.30592807473509,1.0,1,0.26696918285755405,0,0.7807877518334915,0.374384343624115,9.004014553649863e-16
3,3,step,False,13,1.4957891254472597,1.4901161193847656e-08,0.23475545137318865,1.2212379390800372,37.83702709614994,4,1.514555800642806,63,10.134560868760914,13.456455582809848,1.0,1,0.20982480238995077,0,0.7807877518334915,0.374384343624115,9.004014553649863e-16
3,3,step,False,14,1.2928729106443955,1.4901161193847656e-08,0.11101843678701802,1.025695678413242,59.557835607351116,4,1.3574636402010074,100,15.955124934338182,20.14179786813568,1.0,1,0.15826168501026303,0,0.7807877518334915,0.374384343624115,9.004014553649863e-16
3,3,step,False,15,1.0821811863143032,1.4901161193847656e-08,0.077442052285507,0.9211732005257176,80.57983105058655,4,1.2621418675497373,123,29.379108527208633,37.68493477497006,1.0,1,0.14081413676827545,0,0.7807877518334915,0.374384343624115,9.004014553649863e-16
3,3,step,False,16,2.2308898068401075,0.0,0.1483887015502241,1.6678017973001766,29.913116794190373,4,1.419443889218377,53,6.0000000002092975,8.190039824365753,1.0,1,0.12654601311758112,0,0.7807877518334915,0.374384343624115,9.004014553649863e-16
3,3,step,False,17,0.9897997487825622,0.0,0.23025120718122502,0.7823522654289061,81.85760306373517,4,1.2668221508812167,130,28.503924987713052,38.34728682332694,1.0,1,0.12964379717600696,0,0.7807877518334915,0.374384343624115,9.004014553649863e-16
3,3,step,False,18,0.5590769175905304,0.0,0.17919368873205777,0.5057778254642993,92.05003247630124,4,1.1697464886624773,143,33.50652430661919,46.68818232820947,1.0,1,0.13471399492810637,0,0.7807877518334915,0.374384343624115,9.004014553649863e-16
3,3,step,False,19,0.3614042791791365,0.0,0.5443529209573507,0.4283663315382897,94.70932325003324,4,1.2914698356524905,147,33.64731836532388,48.14086272178334,1.0,1,0.15498819441904932,0,0.7807877518334915,0.374384343624115,9.004014553649863e-16
3,3,step,False,20,1.1237436745120502,0.0,0.1506943399034853,0.8784531211345564,74.65822521997791,4,1.2522667698187906,126,27.906352772622984,39.0184616488794,1.0,1,0.2118824327635319,0,0.7807877518334915,0.374384343624115,9.004014553649863e-16
3,3,step,False,21,0.48646786313588014,0.0,0.8470192076832614,0.3288886919527557,78.49371927859829,4,1.2956308258276654,125,31.534932279590105,41.96966310141427,1.0,1,0.13339605019910553,0,0.7807877518334915,0.374384343624115,9.004014553649863e-16
3,3,step,False,22,1.1811721758476943,0.0,0.13474149447518272,0.7396946074727961,35.3537841656409,4,1.6002462899003156,65,11.516868848178891,18.25696785772013,1.0,1,0.09539687301787704,0,0.7807877518334915,0.374384343624115,9.004014553649863e-16
3,3,step,False,23,0.5342055744252718,0.0,0.15393891255971237,0.5884220754114263,20.35954427838876,4,1.4853578680848185,45,8.772954539374954,11.805846147675153,1.0,1,0.1307474833424186,0,0.7807877518334915,0.374384343624115,9.004014553649863e-16
4,0,init,False,0,0.7314387939142174,0.0,0.5073575779719194,0.3488720987583121,44.639233131341264,4,1.4717034210320197,80,nan,nan,1.0,1,nan,0,nan,nan,nan
4,0,init,False,1,0.1901008407877457,2.1073424255447017e-08,0.8060556090402555,0.1562697109825038,95.16254019214296,4,1.1874728407876145,152,nan,nan,1.0,1,nan,0,nan,nan,nan
4,0,init,False,2,1.441147482065505,2.1073424255447017e-08,0.09893059557084266,0.875115265500899,70.04878199399387,4,1.2364578866533147,111,nan,nan,1.0,1,nan,0,nan,nan,nan
4,0,init,False,3,0.767155368090763,1.4901161193847656e-08,0.39211122835536594,0.3000681300408479,100.75550557741175,4,1.2565369514170905,162,nan,nan,1.0,1,nan,0,nan,nan,nan
4,0,init,False,4,0.5621501343069247,0.0,0.10521224533694302,0.31103520024761433,89.49245843116506,4,1.1743079759427548,143,nan,nan,1.0,1,nan,0,nan,nan,nan
4,0,init,False,5,1.741348863480143,2.5809568279517847e-08,0.13551876239308314,1.0518740386369914,46.93688532852703,4,1.300178936994807,78,nan,nan,1.0,1,nan,0,nan,nan,nan
4,0,init,False,6,1.1638828463724025,1.4901161193847656e-08,0.06289977297936399,0.622028426472157,73.73652846831166,4,1.3447438919268,122,nan,nan,1.0,1,nan,0,nan,nan,nan
4,0,init,False,7,2.6451436560886648,0.0,0.07602073873092775,1.546293103374471,13.3769927683865,4,1.5612099688142451,29,nan,nan,1.0,1,nan,0,nan,nan,nan
4,0,init,False,8,1.1773111634983904,0.0,0.23291791713110763,0.7933264009229355,64.15268601527599,4,1.229517982047906,102,nan,nan,1.0,1,nan,0,nan,nan,nan
4,0,init,False,9,2.021911938662873,0.0,0.03730169591404009,1.2721400504958391,18.556817078819357,4,1.3693512604865345,39,nan,nan,1.0,1,nan,0,nan,nan,nan
4,0,init,False,10,1.5164206506624354,0.0,0.13808931204054878,0.8302204335831187,46.70874174669558,4,1.527742603416708,79,nan,nan,1.0,1,nan,0,nan,nan,nan
4,0,init,False,11,1.7873261353014271,2.1073424255447017e-08,0.26528785634809443,1.126051849928676,57.084695115331876,4,1.5808953940501442,96,nan,nan,1.0,1,nan,0,nan,nan,nan
4,0,init,False,12,0.4960937291639991,0.0,0.4108634612164743,0.3111488363554541,63.6783197134603,4,1.3589012809914252,108,nan,nan,1.0,1,nan,0,nan,nan,nan
4,0,init,False,13,0.7733730741862967,0.0,0.25563087505352156,0.451534386767639,66.83403132970636,4,1.329152171362885,115,nan,nan,1.0,1,nan,0,nan,nan,nan
4,0,init,False,14,1.2441028283176079,0.0,0.08698193174574825,0.7674945914542526,58.061725957454186,4,1.2633188937440742,98,nan,nan,1.0,1,nan,0,nan,nan,nan
4,0,init,False,15,1.020636180189332,1.4901161193847656e-08,0.06380384431239458,0.6787413011425951,58.51959310555104,4,1.2981172287303016,108,nan,nan,1.0,1,nan,0,nan,nan,nan
4,0,init,False,16,0.6465795769665226,0.0,0.44473672083792226,0.3681701844501494,97.89745695364742,4,1.2003166810382462,147,nan,nan,1.0,1,nan,0,nan,nan,nan
4,0,init,False,17,1.3800791253006297,0.0,0.3454219447144979,0.7570265018045935,48.80763556737149,4,1.4697516896109295,86,nan,nan,1.0,1,nan,0,nan,nan,nan
4,0,init,False,18,1.9545733255213382,0.0,0.17340324924760217,1.3881731250162486,7.853191170770043,4,1.7569804946433485,22,nan,nan,1.0,1,nan,0,nan,nan,nan
4,0,init,False,19,0.8642655972196809,0.0,0.03665801877604915,0.45671670486002897,61.87620529710102,4,1.340721252836389,104,nan,nan,1.0,1,nan,0,nan,nan,nan
4,0,init,False,20,0.4015157065634968,1.4901161193847656e-08,0.735242077860848,0.23255373067413956,32.3597539167309,4,1.4465041377328534,59,nan,nan,1.0,1,nan,0,nan,nan,nan
4,0,init,False,21,1.0339699688965198,1.4901161193847656e-08,0.12056576519138043,0.6144482949458159,110.95355214142103,4,1.16420689553413,158,nan,nan,1.0,1,nan,0,nan,nan,nan
4,0,init,False,22,0.8323167227644012,1.4901161193847656e-08,0.13164829101919223,0.5634638051950027,28.29923000992318,4,1.2823286814629669,48,nan,nan,1.0,1,nan,0,nan,nan,nan
4,0,init,False,23,0.6269417020834565,0.0,0.38204053994893644,0.33682594423068674,84.20743898946,4,1.3641352759470966,132,nan,nan,1.0,1,nan,0,nan,nan,nan
4,1,step,False,0,0.7314387939142174,0.0,0.5073575779719194,0.3488720987583121,44.639233131341264,4,1.4717034210320197,80,10.867840800094928,16.34553838528442,1.0,1,0.3694375922046565,0,1.5893452000177961,1.0,1.0580114525763893e-15
4,1,step,False,1,0.1901008407877457,0.0,0.8060556090402555,0.1562697109825038,95.16254019214296,4,1.1874728407876145,152,30.42662057704763,44.156256981023,1.0,1,0.5396378555053675,0,1.5893452000177961,1.0,1.0580114525763893e-15
4,1,step,False,2,1.441147482065505,1.4901161193847656e-08,0.09893059557084266,0.875115265500899,70.04878199399387,4,1.2364578866533147,111,21.88223548020074,29.81173253236193,1.0,1,0.2842341948379132,0,1.5893452000177961,1.0,1.0580114525763893e-15
4,1,step,False,3,0.767155368090763,0.0,0.39211122835536594,0.3000681300408479,100.75550557741175,4,1.2565369514170905,162,36.94905793727604,50.487823389069,1.0,1,0.3930904757692245,0,1.5893452000177961,1.0,1.0580114525763893e-15
4,1,step,False,4,0.5621501343069247,0.0,0.10521224533694302,0.31103520024761433,89.49245843116506,4,1.1743079759427548,143,35.40288280778162,49.32900839808475,1.0,1,0.5861233646021461,0,1.5893452000177961,1.0,1.0580114525763893e-15
4,1,step,False,5,1.741348863480143,1.4901161193847656e-08,0.13551876239308314,1.0518740386369914,46.93688532852703,4,1.300178936994807,78,14.18712793226074,20.63637407450372,1.0,1,0.4906412643342851,0,1.5893452000177961,1.0,1.0580114525763893e-15
4,1,step,False,6,1.1638828463724025,0.0,0.06289977297936399,0.622028426472157,73.73652846831166,4,1.3447438919268,122,27.282808259752084,37.815597881797714,1.0,1,0.31422421734498446,0,1.5893452000177961,1.0,1.0580114525763893e-15
4,1,step,False,7,2.6451436560886648,0.0,0.07602073873092775,1.546293103374471,13.3769927683865,4,1.5612099688142451,29,6.00000000042726,9.157163809743498,1.0,1,0.5086576518995541,0,1.5893452000177961,1.0,1.0580114525763893e-15
4,1,step,False,8,1.1773111634983904,0.0,0.23291791713110763,0.7933264009229355,64.15268601527599,4,1.229517982047906,102,22.14512891317337,30.00529150549333,1.0,1,0.21980544018900725,0,1.5893452000177961,1.0,1.0580114525763893e-15
4,1,step,False,9,2.021911938662873,0.0,0.03730169591404009,1.2721400504958391,18.556817078819357,4,1.3693512604865345,39,6.00000000017142,7.867996565455747,1.0,1,0.305798622483235,0,1.5893452000177961,1.0,1.0580114525763893e-15
4,1,step,False,10,1.5164206506624354,0.0,0.13808931204054878,0.8302204335831187,46.70874174669558,4,1.527742603416708,79,15.88586239200536,23.671434326590305,1.0,1,0.4271872079292857,0,1.5893452000177961,1.0,1.0580114525763893e-15
4,1,step,False,11,1.7873261353014271,0.0,0.26528785634809443,1.126051849928676,57.084695115331876,4,1.5808953940501442,96,16.934463209239592,24.277678458123926,1.0,1,0.2201551945791138,0,1.5893452000177961,1.0,1.0580114525763893e-15
4,1,step,False,12,0.4960937291639991,0.0,0.4108634612164743,0.3111488363554541,63.6783197134603,4,1.3589012809914252,108,18.425165416187124,25.54088599863783,1.0,1,0.42543798241385195,0,1.5893452000177961,1.0,1.0580114525763893e-15
4,1,step,False,13,0.7733730741862967,0.0,0.25563087505352156,0.451534386767639,66.83403132970636,4,1.329152171362885,115,18.09668162674781,27.251058628448416,1.0,1,0.4459074155077291,0,1.5893452000177961,1.0,1.0580114525763893e-15
4,1,step,False,14,1.2441028283176079,0.0,0.08698193174574825,0.7674945914542526,58.061725957454186,4,1.2633188937440742,98,18.681311522456305,25.606853720183594,1.0,1,0.35523871336218893,0,1.5893452000177961,1.0,1.0580114525763893e-15
4,1,step,False,15,1.020636180189332,0.0,0.06380384431239458,0.6787413011425951,58.51959310555104,4,1.2981172287303016,108,16.919473306581814,25.11235260271079,1.0,1,0.4346754447132796,0,1.5893452000177961,1.0,1.0580114525763893e-15
4,1,step,False,16,0.6465795769665226,0.0,0.44473672083792226,0.3681701844501494,97.89745695364742,4,1.2003166810382462,147,36.715597490790174,52.64884482421617,1.0,1,0.3933818172929611,0,1.5893452000177961,1.0,1.0580114525763893e-15
4,1,step,False,17,1.3800791253006297,0.0,0.3454219447144979,0.7570265018045935,48.80763556737149,4,1.4697516896109295,86,13.735150674123815,18.06236898152559,1.0,1,0.2572368617178162,0,1.5893452000177961,1.0,1.0580114525763893e-15
4,1,step,False,18,1.9545733255213382,0.0,0.17340324924760217,1.3881731250162486,7.853191170770043,4,1.7569804946433485,22,6.000000000348895,9.690096691282585,1.0,1,0.5034089100863895,0,1.5893452000177961,1.0,1.0580114525763893e-15
4,1,step,False,19,0.8642655972196809,0.0,0.03665801877604915,0.45671670486002897,61.87620529710102,4,1.340721252836389,104,21.447002476224277,28.496418702030272,1.0,1,0.24589153297050728,0,1.5893452000177961,1.0,1.0580114525763893e-15
4,1,step,False,20,0.4015157065634968,0.0,0.735242077860848,0.23255373067413956,32.3597539167309,4,1.4465041377328534,59,8.713449693383566,13.394106441929836,1.0,1,0.23458398733011945,0,1.5893452000177961,1.0,1.0580114525763893e-15
4,1,step,False,21,1.0339699688965198,0.0,0.12056576519138043,0.6144482949458159,110.95355214142103,4,1.16420689553413,158,47.440106444905595,65.38818605400166,1.0,1,0.40729483937168326,0,1.5893452000177961,1.0,1.0580114525763893e-15
4,1,step,False,22,0.8323167227644012,0.0,0.13164829101919223,0.5634638051950027,28.29923000992318,4,1.2823286814629669,48,9.93844657111371,14.007689025494434,1.0,1,0.38961382739525047,0,1.5893452000177961,1.0,1.0580114525763893e-15
4,1,step,False,23,0.6269417020834565,0.0,0.38204053994893644,0.33682594423068674,84.20743898946,4,1.3641352759470966,132,29.45918808884126,41.345521551778255,1.0,1,0.47934072768624103,0,1.5893452000177961,1.0,1.0580114525763893e-15
4,2,step,False,0,0.7314387939142174,0.0,0.5073575779719194,0.3488720987583121,44.639233131341264,4,1.4717034210320197,80,12.402090202125132,17.782537465155833,1.0,1,0.17734815573118648,0,1.1238367685788733,0.6232496201992035,5.789501056422615e-16
4,2,step,False,1,0.1901008407877457,0.0,0.8060556090402555,0.1562697109825038,95.16254019214296,4,1.1874728407876145,152,30.847689516215617,43.33519022350513,1.0,1,0.227149395919076,0,1.1238367685788733,0.6232496201992035,5.789501056422615e-16
4,2,step,False,2,1.441147482065505,1.4901161193847656e-08,0.09893059557084266,0.875115265500899,70.04878199399387,4,1.2364578866533147,111,22.29363535506558,29.680639865541142,1.0,1,0.16047072874304905,0,1.1238367685788733,0.6232496201992035,5.789501056422615e-16
4,2,step,False,3,0.767155368090763,0.0,0.39211122835536594,0.3000681300408479,100.75550557741175,4,1.2565369514170905,162,36.43836474521224,49.60006817181436,1.0,1,0.23040745402988244,0,1.1238367685788733,0.6232496201992035,5.789501056422615e-16
4,2,step,False,4,0.5621501343069247,0.0,0.10521224533694302,0.31103520024761433,89.49245843116506,4,1.1743079759427548,143,36.05270098602806,51.6288872517728,1.0,1,0.43164850107181546,0,1.1238367685788733,0.6232496201992035,5.789501056422615e-16
4,2,step,False,5,1.741348863480143,1.4901161193847656e-08,0.13551876239308314,1.0518740386369914,46.93688532852703,4,1.300178936994807,78,11.298903127283388,15.620525971994802,1.0,1,0.2668711632948774,0,1.1238367685788733,0.6232496201992035,5.789501056422615e-16
4,2,step,False,6,1.1638828463724025,0.0,0.06289977297936399,0.622028426472157,73.73652846831166,4,1.3447438919268,122,28.563232722036066,38.448013727234674,1.0,1,0.16346771287997847,0,1.1238367685788733,0.6232496201992035,5.789501056422615e-16
4,2,step,False,7,2.6451436560886648,0.0,0.07602073873092775,1.546293103374471,13.3769927683865,4,1.5612099688142451,29,6.000000000028907,9.539140020534127,1.0,1,0.5364673699964216,0,1.1238367685788733,0.6232496201992035,5.789501056422615e-16
4,2,step,False,8,1.1773111634983904,0.0,0.23291791713110763,0.7933264009229355,64.15268601527599,4,1.229517982047906,102,22.185086497466443,29.17059783578807,1.0,1,0.20759703114327901,0,1.1238367685788733,0.6232496201992035,5.789501056422615e-16
4,2,step,False,9,2.021911938662873,0.0,0.03730169591404009,1.2721400504958391,18.556817078819357,4,1.3693512604865345,39,6.0000000003647855,7.813034527440333,1.0,1,0.15045128252429774,0,1.1238367685788733,0.6232496201992035,5.789501056422615e-16
4,2,step,False,10,1.5164206506624354,0.0,0.13808931204054878,0.8302204335831187,46.70874174669558,4,1.527742603416708,79,14.194286779456327,21.103361729819266,1.0,1,0.24173857686242958,0,1.1238367685788733,0.6232496201992035,5.789501056422615e-16
4,2,step,False,11,1.7873261353014271,0.0,0.26528785634809443,1.126051849928676,57.084695115331876,4,1.5808953940501442,96,13.001354818510933,18.431207816756842,1.0,1,0.14723557297334158,0,1.1238367685788733,0.6232496201992035,5.789501056422615e-16
4,2,step,False,12,0.4960937291639991,0.0,0.4108634612164743,0.3111488363554541,63.6783197134603,4,1.3589012809914252,108,19.03422059924155,26.084146158126835,1.0,1,0.18905084559496013,0,1.1238367685788733,0.6232496201992035,5.789501056422615e-16
4,2,step,False,13,0.7733730741862967,0.0,0.25563087505352156,0.451534386767639,66.83403132970636,4,1.329152171362885,115,20.923106297422862,33.333614804856076,1.0,1,0.17290359141690687,0,1.1238367685788733,0.6232496201992035,5.789501056422615e-16
4,2,step,False,14,1.2441028283176079,0.0,0.08698193174574825,0.7674945914542526,58.061725957454186,4,1.2633188937440742,98,16.61728552345392,22.275710095100884,1.0,1,0.20792795001314443,0,1.1238367685788733,0.6232496201992035,5.789501056422615e-16
4,2,step,False,15,1.020636180189332,0.0,0.06380384431239458,0.6787413011425951,58.51959310555104,4,1.2981172287303016,108,17.73536980326883,25.064715856157484,1.0,1,0.20547967933390401,0,1.1238367685788733,0.6232496201992035,5.789501056422615e-16
4,2,step,False,16,0.6465795769665226,0.0,0.44473672083792226,0.3681701844501494,97.89745695364742,4,1.2003166810382462,147,36.6080379392569,50.72787620523683,1.0,1,0.1914808765009643,0,1.1238367685788733,0.6232496201992035,5.789501056422615e-16
4,2,step,False,17,1.3800791253006297,0.0,0.3454219447144979,0.7570265018045935,48.80763556737149,4,1.4697516896109295,86,12.82637040852806,17.19506595151993,1.0,1,0.2411805813566323,0,1.1238367685788733,0.6232496201992035,5.789501056422615e-16
4,2,step,False,18,1.9545733255213382,0.0,0.17340324924760217,1.3881731250162486,7.853191170770043,4,1.7569804946433485,22,6.0000000001684,10.555113189628834,1.0,1,0.3118690733011388,0,1.1238367685788733,0.6232496201992035,5.789501056422615e-16
4,2,step,False,19,0.8642655972196809,0.0,0.03665801877604915,0.45671670486002897,61.87620529710102,4,1.340721252836389,104,23.558745703445393,31.429245848730403,1.0,1,0.1568409815451739,0,1.1238367685788733,0.6232496201992035,5.789501056422615e-16
4,2,step,False,20,0.4015157065634968,0.0,0.735242077860848,0.23255373067413956,32.3597539167309,4,1.4465041377328534,59,10.442558929666765,15.097372239081352,1.0,1,0.2460461925454792,0,1.1238367685788733,0.6232496201992035,5.789501056422615e-16
4,2,step,False,21,1.0339699688965198,0.0,0.12056576519138043,0.6144482949458159,110.95355214142103,4,1.16420689553413,158,46.09536801944416,62.01113457261095,1.0,1,0.16612859143149653,0,1.1238367685788733,0.6232496201992035,5.789501056422615e-16
4,2,step,False,22,0.8323167227644012,0.0,0.13164829101919223,0.5634638051950027,28.29923000992318,4,1.2823286814629669,48,11.15992464738248,16.254879741636238,1.0,1,0.3502195772204331,0,1.1238367685788733,0.6232496201992035,5.789501056422615e-16
4,2,step,False,23,0.6269417020834565,0.0,0.38204053994893644,0.33682594423068674,84.20743898946,4,1.3641352759470966,132,30.76772313326671,44.046187667546874,1.0,1,0.2801975085150227,0,1.1238367685788733,0.6232496201992035,5.789501056422615e-16
4,3,step,False,0,0.7314387939142174,0.0,0.5073575779719194,0.3488720987583121,44.639233131341264,4,1.4717034210320197,80,16.629425838052715,24.217207828706016,1.0,1,0.08064545212469405,0,0.794672600008898,0.37787042558193207,2.126449790589966e-15
4,3,step,False,1,0.1901008407877457,0.0,0.8060556090402555,0.1562697109825038,95.16254019214296,4,1.1874728407876145,152,31.594360338183613,44.333874544860095,1.0,1,0.1265450792900193,0,0.794672600008898,0.37787042558193207,2.126449790589966e-15
4,3,step,False,2,1.441147482065505,1.4901161193847656e-08,0.09893059557084266,0.875115265500899,70.04878199399387,4,1.2364578866533147,111,20.54358381886216,26.838720577660112,1.0,1,0.1677550086072085,0,0.794672600008898,0.37787042558193207,2.126449790589966e-15
4,3,step,False,3,0.767155368090763,0.0,0.39211122835536594,0.3000681300408479,100.75550557741175,4,1.2565369514170905,162,34.7427225669322,45.07261955677653,1.0,1,0.10750043574618026,0,0.794672600008898,0.37787042558193207,2.126449790589966e-15
4,3,step,False,4,0.5621501343069247,0.0,0.10521224533694302,0.31103520024761433,89.49245843116506,4,1.1743079759427548,143,34.34885983342703,49.231586937160195,1.0,1,0.15715423447989108,0,0.794672600008898,0.37787042558193207,2.126449790589966e-15
4,3,step,False,5,1.741348863480143,1.4901161193847656e-08,0.13551876239308314,1.0518740386369914,46.93688532852703,4,1.300178936994807,78,8.948991288968953,11.827333081814624,1.0,1,0.19950020977125893,0,0.794672600008898,0.37787042558193207,2.126449790589966e-15
4,3,step,False,6,1.1638828463724025,0.0,0.06289977297936399,0.622028426472157,73.73652846831166,4,1.3447438919268,122,29.932396675561822,39.6061392394364,1.0,1,0.08303089963610535,0,0.794672600008898,0.37787042558193207,2.126449790589966e-15
4,3,step,False,7,2.6451436560886648,0.0,0.07602073873092775,1.546293103374471,13.3769927683865,4,1.5612099688142451,29,6.0000000002204,8.622888626291784,1.0,1,0.5065805225935617,0,0.794672600008898,0.37787042558193207,2.126449790589966e-15
4,3,step,False,8,1.1773111634983904,0.0,0.23291791713110763,0.7933264009229355,64.15268601527599,4,1.229517982047906,102,22.3717054680473,29.363803538455258,1.0,1,0.13824628552407295,0,0.794672600008898,0.37787042558193207,2.126449790589966e-15
4,3,step,False,9,2.021911938662873,0.0,0.03730169591404009,1.2721400504958391,18.556817078819357,4,1.3693512604865345,39,6.000000000252612,7.809101863450854,1.0,1,0.14682755548344026,0,0.794672600008898,0.37787042558193207,2.126449790589966e-15
4,3,step,False,10,1.5164206506624354,0.0,0.13808931204054878,0.8302204335831187,46.70874174669558,4,1.527742603416708,79,13.343179308810656,17.459335854911735,1.0,1,0.12069297036385705,0,0.794672600008898,0.37787042558193207,2.126449790589966e-15
4,3,step,False,11,1.7873261353014271,0.0,0.26528785634809443,1.126051849928676,57.084695115331876,4,1.5808953940501442,96,10.716986714371195,15.764615478142318,1.0,1,0.08847320830908727,0,0.794672600008898,0.37787042558193207,2.126449790589966e-15
4,3,step,False,12,0.4960937291639991,0.0,0.4108634612164743,0.3111488363554541,63.6783197134603,4,1.3589012809914252,108,20.762407936499454,27.835377824115284,1.0,1,0.11766311040155461,0,0.794672600008898,0.37787042558193207,2.126449790589966e-15
4,3,step,False,13,0.7733730741862967,0.0,0.25563087505352156,0.451534386767639,66.83403132970636,4,1.329152171362885,115,23.432888507087306,34.66481926606263,1.0,1,0.15635616860864746,0,0.794672600008898,0.37787042558193207,2.126449790589966e-15
4,3,step,False,14,1.2441028283176079,0.0,0.08698193174574825,0.7674945914542526,58.061725957454186,4,1.2633188937440742,98,14.88866201341411,20.216183234353046,1.0,1,0.10820160560922361,0,0.794672600008898,0.37787042558193207,2.126449790589966e-15
4,3,step,False,15,1.020636180189332,0.0,0.06380384431239458,0.6787413011425951,58.51959310555104,4,1.2981172287303016,108,20.33577280145097,28.4827543804425,1.0,1,0.12382938615001805,0,0.794672600008898,0.37787042558193207,2.126449790589966e-15
4,3,step,False,16,0.6465795769665226,0.0,0.44473672083792226,0.3681701844501494,97.89745695364742,4,1.2003166810382462,147,35.08198878999578,46.03733201005795,1.0,1,0.13256465796073333,0,0.794672600008898,0.37787042558193207,2.126449790589966e-15
4,3,step,False,17,1.3800791253006297,0.0,0.3454219447144979,0.7570265018045935,48.80763556737149,4,1.4697516896109295,86,10.300034602704114,13.861388629890993,1.0,1,0.1760200271726285,0,0.794672600008898,0.37787042558193207,2.126449790589966e-15
4,3,step,False,18,1.9545733255213382,0.0,0.17340324924760217,1.3881731250162486,7.853191170770043,4,1.7569804946433485,22,6.000000000306486,9.819741994932906,1.0,1,0.20643800338582133,0,0.794672600008898,0.37787042558193207,2.126449790589966e-15
4,3,step,False,19,0.8642655972196809,0.0,0.03665801877604915,0.45671670486002897,61.87620529710102,4,1.340721252836389,104,25.7195379618112,34.20047719808258,1.0,1,0.09629371470908224,0,0.794672600008898,0.37787042558193207,2.126449790589966e-15
4,3,step,False,20,0.4015157065634968,0.0,0.735242077860848,0.23255373067413956,32.3597539167309,4,1.4465041377328534,59,12.095440664129336,17.523778383370075,1.0,1,0.1367933248572972,0,0.794672600008898,0.37787042558193207,2.126449790589966e-15
4,3,step,False,21,1.0339699688965198,0.0,0.12056576519138043,0.6144482949458159,110.95355214142103,4,1.16420689553413,158,45.57108736352764,57.63426098477545,1.0,1,0.10227293668994022,0,0.794672600008898,0.37787042558193207,2.126449790589966e-15
4,3,step,False,22,0.8323167227644012,0.0,0.13164829101919223,0.5634638051950027,28.29923000992318,4,1.2823286814629669,48,12.112973010276946,16.882804917026537,1.0,1,0.0922629482131499,0,0.794672600008898,0.37787042558193207,2.126449790589966e-15
4,3,step,False,23,0.6269417020834565,0.0,0.38204053994893644,0.33682594423068674,84.20743898946,4,1.3641352759470966,132,29.830580469564556,42.361302974731394,1.0,1,0.18340829543808987,0,0.794672600008898,0.37787042558193207,2.126449790589966e-15
5,0,init,False,0,1.1820895330230798,0.0,0.32411163960540756,0.857374985614215,38.90297561919407,4,1.5071678897923484,67,nan,nan,1.0,1,nan,0,nan,nan,nan
5,0,init,False,1,0.26367240428572386,0.0,0.16539621168576113,0.22185542112478318,95.84519872031498,4,1.287746448166381,155,nan,nan,1.0,1,nan,0,nan,nan,nan
5,0,init,False,2,1.4340599023864413,1.4901161193847656e-08,0.174592190100755,1.158405486237627,55.98291989849718,4,1.3553777963333264,95,nan,nan,1.0,1,nan,0,nan,nan,nan
5,0,init,False,3,2.0354935116480677,1.4901161193847656e-08,0.05406743463390932,1.7285146722177454,33.44533630616429,4,1.4575318171354017,57,nan,nan,1.0,1,nan,0,nan,nan,nan
5,0,init,False,4,1.71708545598336,1.4901161193847656e-08,0.10099193842856587,1.3571937829292102,60.11580097272275,4,1.2389011314110931,99,nan,nan,1.0,1,nan,0,nan,nan,nan
5,0,init,False,5,1.1181558309160755,0.0,0.08198948536465712,0.7935726957298979,61.19777099850654,4,1.4314713500216605,105,nan,nan,1.0,1,nan,0,nan,nan,nan
5,0,init,False,6,0.6253378024127711,0.0,0.0994278080918958,0.4892243965605667,110.0586936588459,4,1.2500789463895183,165,nan,nan,1.0,1,nan,0,nan,nan,nan
5,0,init,False,7,1.2089920649223933,0.0,0.09013254848285365,0.9641824706292976,67.29482899156545,4,1.355290842554952,115,nan,nan,1.0,1,nan,0,nan,nan,nan
5,0,init,False,8,1.9290127460323419,1.4901161193847656e-08,0.11002760353969786,1.4732891678458182,14.016744934235074,4,1.7009976930557105,28,nan,nan,1.0,1,nan,0,nan,nan,nan
5,0,init,False,9,1.3537456170574012,0.0,0.01697244973965534,1.04435512009004,73.0190906692872,4,1.3651017948003297,121,nan,nan,1.0,1,nan,0,nan,nan,nan
5,0,init,False,10,1.0134078727473856,0.0,0.1575940360127539,0.7596442934490684,73.13296962220065,4,1.3820441899567106,114,nan,nan,1.0,1,nan,0,nan,nan,nan
5,0,init,False,11,2.6010207254251076,0.0,0.11251685372823621,1.9476187491606891,17.438172763650442,4,1.8152890169892664,36,nan,nan,1.0,1,nan,0,nan,nan,nan
5,0,init,False,12,0.847995390281777,0.0,0.14576423570776728,0.6044797632237658,99.09670441818193,4,1.2786510227569414,158,nan,nan,1.0,1,nan,0,nan,nan,nan
5,0,init,False,13,1.158477556120006,0.0,0.18855795233335254,0.861497801534667,33.837397863001414,4,1.573040429892719,63,nan,nan,1.0,1,nan,0,nan,nan,nan
5,0,init,False,14,1.6911301854914427,0.0,0.13234764475274036,1.3948780066692326,36.99050377418594,4,1.5126754161719986,70,nan,nan,1.0,1,nan,0,nan,nan,nan
5,0,init,False,15,0.9443564653403165,0.0,0.30536971770350596,0.5686140600774047,68.61454808951223,4,1.2549233403767515,114,nan,nan,1.0,1,nan,0,nan,nan,nan
5,0,init,False,16,1.469340822890217,2.1073424255447017e-08,0.059506334722753726,1.0994060958644145,67.84650810599985,4,1.4085137832519536,117,nan,nan,1.0,1,nan,0,nan,nan,nan
5,0,init,False,17,2.426100916153647,1.4901161193847656e-08,0.13396921756337518,1.8155762674298326,30.159664122786523,4,1.3692893234626067,58,nan,nan,1.0,1,nan,0,nan,nan,nan
5,0,init,False,18,1.2113073977099769,1.4901161193847656e-08,0.28248299094411533,0.7543919456706542,34.494677777760245,4,1.4694076471196909,65,nan,nan,1.0,1,nan,0,nan,nan,nan
5,0,init,False,19,0.6565585810840902,0.0,0.16920178771608774,0.5798657723895476,94.9924857091055,4,1.1841976947545165,144,nan,nan,1.0,1,nan,0,nan,nan,nan
5,0,init,False,20,0.22818447607247358,0.0,0.24247710600803601,0.22721771292319382,114.43026484318936,4,1.2019047796631555,169,nan,nan,1.0,1,nan,0,nan,nan,nan
5,0,init,False,21,2.8435732924836863,1.4901161193847656e-08,0.14108848787634234,2.2355014986939183,9.042044717524398,4,1.8542263553963083,21,nan,nan,1.0,1,nan,0,nan,nan,nan
5,0,init,False,22,1.170997784687522,0.0,0.11031236597377962,0.8321436965387609,82.5520169378254,4,1.1535871122095316,135,nan,nan,1.0,1,nan,0,nan,nan,nan
5,0,init,False,23,0.7465120467117895,1.4901161193847656e-08,0.22621884580915622,0.47678905410900263,67.49268048574271,4,1.1477873774205645,107,nan,nan,1.0,1,nan,0,nan,nan,nan
5,1,step,False,0,1.1820895330230798,0.0,0.32411163960540756,0.857374985614215,38.90297561919407,4,1.5071678897923484,67,11.17293158946632,16.456088780701318,1.0,1,0.27917591440861717,0,1.5361907633867116,1.0,5.75908973215009e-16
5,1,step,False,1,0.26367240428572386,0.0,0.16539621168576113,0.22185542112478318,95.84519872031498,4,1.287746448166381,155,33.67709180614857,47.36336676718726,1.0,1,0.45611916050414986,0,1.5361907633867116,1.0,5.75908973215009e-16
5,1,step,False,2,1.4340599023864413,0.0,0.174592190100755,1.158405486237627,55.98291989849718,4,1.3553777963333264,95,16.2232282358807,24.655222482180157,1.0,1,0.34125149312902836,0,1.5361907633867116,1.0,5.75908973215009e-16
5,1,step,False,3,2.0354935116480677,0.0,0.05406743463390932,1.7285146722177454,33.44533630616429,4,1.4575318171354017,57,11.778477256056245,16.32116319251349,1.0,1,0.3009862196824592,0,1.5361907633867116,1.0,5.75908973215009e-16
5,1,step,False,4,1.71708545598336,0.0,0.10099193842856587,1.3571937829292102,60.11580097272275,4,1.2389011314110931,99,21.634179176079904,29.941043516514128,1.0,1,0.37380482059559866,0,1.5361907633867116,1.0,5.75908973215009e-16
5,1,step,False,5,1.1181558309160755,0.0,0.08198948536465712,0.7935726957298979,61.19777099850654,4,1.4314713500216605,105,20.09338342682252,27.79327243098916,1.0,1,0.3223275853977923,0,1.5361907633867116,1.0,5.75908973215009e-16
5,1,step,False,6,0.6253378024127711,0.0,0.0994278080918958,0.4892243965605667,110.0586936588459,4,1.2500789463895183,165,39.19008595268184,52.14454097154675,1.0,1,0.36776303370361385,0,1.5361907633867116,1.0,5.75908973215009e-16
5,1,step,False,7,1.2089920649223933,0.0,0.09013254848285365,0.9641824706292976,67.29482899156545,4,1.355290842554952,115,22.818660679297867,31.59651724682935,1.0,1,0.3384511562001191,0,1.5361907633867116,1.0,5.75908973215009e-16
5,1,step,False,8,1.9290127460323419,0.0,0.11002760353969786,1.4732891678458182,14.016744934235074,4,1.7009976930557105,28,6.000000000142502,8.402144971464958,1.0,1,0.5143315467862498,0,1.5361907633867116,1.0,5.75908973215009e-16
5,1,step,False,9,1.3537456170574012,0.0,0.01697244973965534,1.04435512009004,73.0190906692872,4,1.3651017948003297,121,20.507121797576986,32.0715818384732,1.0,1,0.49980358985348755,0,1.5361907633867116,1.0,5.75908973215009e-16
5,1,step,False,10,1.0134078727473856,0.0,0.1575940360127539,0.7596442934490684,73.13296962220065,4,1.3820441899567106,114,25.0304841296724,34.772517725431705,1.0,1,0.25355162298968775,0,1.5361907633867116,1.0,5.75908973215009e-16
5,1,step,False,11,2.6010207254251076,0.0,0.11251685372823621,1.9476187491606891,17.438172763650442,4,1.8152890169892664,36,6.000000000786857,10.061509155140543,1.0,1,0.3822670400793098,0,1.5361907633867116,1.0,5.75908973215009e-16
5,1,step,False,12,0.847995390281777,0.0,0.14576423570776728,0.6044797632237658,99.09670441818193,4,1.2786510227569414,158,36.62482742136224,51.908543908929694,1.0,1,0.2532533833912917,0,1.5361907633867116,1.0,5.75908973215009e-16
5,1,step,False,13,1.158477556120006,0.0,0.18855795233335254,0.861497801534667,33.837397863001414,4,1.573040429892719,63,10.120835993986212,13.94226606814005,1.0,1,0.4631507360976015,0,1.5361907633867116,1.0,5.75908973215009e-16
5,1,step,False,14,1.6911301854914427,0.0,0.13234764475274036,1.3948780066692326,36.99050377418594,4,1.5126754161719986,70,7.82599694807122,12.830351168609024,1.0,1,0.43816400923144677,0,1.5361907633867116,1.0,5.75908973215009e-16
5,1,step,False,15,0.9443564653403165,0.0,0.30536971770350596,0.5686140600774047,68.61454808951223,4,1.2549233403767515,114,24.546968000354262,33.24617060392652,1.0,1,0.22013749027203497,0,1.5361907633867116,1.0,5.75908973215009e-16
5,1,step,False,16,1.469340822890217,0.0,0.059506334722753726,1.0994060958644145,67.84650810599985,4,1.4085137832519536,117,18.534764586363135,28.955810419867785,1.0,1,0.36705266812425724,0,1.5361907633867116,1.0,5.75908973215009e-16
5,1,step,False,17,2.426100916153647,0.0,0.13396921756337518,1.8155762674298326,30.159664122786523,4,1.3692893234626067,58,6.054047008644099,8.392926223184741,1.0,1,0.2153276303692981,0,1.5361907633867116,1.0,5.75908973215009e-16
5,1,step,False,18,1.2113073977099769,0.0,0.28248299094411533,0.7543919456706542,34.494677777760245,4,1.4694076471196909,65,10.82602053150082,16.56309678049839,1.0,1,0.3403474676074622,0,1.5361907633867116,1.0,5.75908973215009e-16
5,1,step,False,19,0.6565585810840902,0.0,0.16920178771608774,0.5798657723895476,94.9924857091055,4,1.1841976947545165,144,36.96978609357848,53.55873231954947,1.0,1,0.4067724244624108,0,1.5361907633867116,1.0,5.75908973215009e-16
5,1,step,False,20,0.22818447607247358,0.0,0.24247710600803601,0.22721771292319382,114.43026484318936,4,1.2019047796631555,169,43.83236656690404,62.06222334747862,1.0,1,0.42692890441941456,0,1.5361907633867116,1.0,5.75908973215009e-16
5,1,step,False,21,2.8435732924836863,0.0,0.14108848787634234,2.2355014986939183,9.042044717524398,4,1.8542263553963083,21,6.0000000003773195,7.963532480492461,1.0,1,0.24910481538988158,0,1.5361907633867116,1.0,5.75908973215009e-16
5,1,step,False,22,1.170997784687522,0.0,0.11031236597377962,0.8321436965387609,82.5520169378254,4,1.1535871122095316,135,29.83058501371553,41.32661134980959,1.0,1,0.4344266256787504,0,1.5361907633867116,1.0,5.75908973215009e-16
5,1,step,False,23,0.7465120467117895,0.0,0.22621884580915622,0.47678905410900263,67.49268048574271,4,1.1477873774205645,107,23.706998561935052,32.99485764915649,1.0,1,0.33732002300814473,0,1.5361907633867116,1.0,5.75908973215009e-16
5,2,step,False,0,1.1820895330230798,0.0,0.32411163960540756,0.857374985614215,38.90297561919407,4,1.5071678897923484,67,10.56705005734593,16.797953599694303,1.0,1,0.16318621873171754,0,1.0862509059868828,0.6122232228517532,1.0095429978880676e-15
5,2,step,False,1,0.26367240428572386,0.0,0.16539621168576113,0.22185542112478318,95.84519872031498,4,1.287746448166381,155,33.8493677271035,46.11844632333426,1.0,1,0.2420132516083689,0,1.0862509059868828,0.6122232228517532,1.0095429978880676e-15
5,2,step,False,2,1.4340599023864413,0.0,0.174592190100755,1.158405486237627,55.98291989849718,4,1.3553777963333264,95,17.213719051953106,26.88297222109129,1.0,1,0.269103402407463,0,1.0862509059868828,0.6122232228517532,1.0095429978880676e-15
5,2,step,False,3,2.0354935116480677,0.0,0.05406743463390932,1.7285146722177454,33.44533630616429,4,1.4575318171354017,57,9.411155717431251,12.588205709492064,1.0,1,0.24226887065148794,0,1.0862509059868828,0.6122232228517532,1.0095429978880676e-15
5,2,step,False,4,1.71708545598336,0.0,0.10099193842856587,1.3571937829292102,60.11580097272275,4,1.2389011314110931,99,16.71566267898197,21.573692000419182,1.0,1,0.23375264679308844,0,1.0862509059868828,0.6122232228517532,1.0095429978880676e-15
5,2,step,False,5,1.1181558309160755,0.0,0.08198948536465712,0.7935726957298979,61.19777099850654,4,1.4314713500216605,105,20.90619301259091,27.560990715460775,1.0,1,0.1867313506383679,0,1.0862509059868828,0.6122232228517532,1.0095429978880676e-15
5,2,step,False,6,0.6253378024127711,0.0,0.0994278080918958,0.4892243965605667,110.0586936588459,4,1.2500789463895183,165,43.43531286951698,59.4149385545755,1.0,1,0.2918700576442079,0,1.0862509059868828,0.6122232228517532,1.0095429978880676e-15
5,2,step,False,7,1.2089920649223933,0.0,0.09013254848285365,0.9641824706292976,67.29482899156545,4,1.355290842554952,115,23.206674334627234,33.10240048966559,1.0,1,0.22222895693645095,0,1.0862509059868828,0.6122232228517532,1.0095429978880676e-15
5,2,step,False,8,1.9290127460323419,0.0,0.11002760353969786,1.4732891678458182,14.016744934235074,4,1.7009976930557105,28,6.000000000431533,8.391123936291075,1.0,1,0.3453498901099687,0,1.0862509059868828,0.6122232228517532,1.0095429978880676e-15
5,2,step,False,9,1.3537456170574012,0.0,0.01697244973965534,1.04435512009004,73.0190906692872,4,1.3651017948003297,121,18.543167263821985,26.9675196437139,1.0,1,0.16752843095008543,0,1.0862509059868828,0.6122232228517532,1.0095429978880676e-15
5,2,step,False,10,1.0134078727473856,0.0,0.1575940360127539,0.7596442934490684,73.13296962220065,4,1.3820441899567106,114,27.340652421810496,37.197984059200365,1.0,1,0.1677807397780891,0,1.0862509059868828,0.6122232228517532,1.0095429978880676e-15
5,2,step,False,11,2.6010207254251076,0.0,0.11251685372823621,1.9476187491606891,17.438172763650442,4,1.8152890169892664,36,6.000000000211124,9.582463804158166,1.0,1,0.15904976343787228,0,1.0862509059868828,0.6122232228517532,1.0095429978880676e-15
5,2,step,False,12,0.847995390281777,0.0,0.14576423570776728,0.6044797632237658,99.09670441818193,4,1.2786510227569414,158,38.80937979708273,53.66943451865127,1.0,1,0.23524225224201673,0,1.0862509059868828,0.6122232228517532,1.0095429978880676e-15
5,2,step,False,13,1.158477556120006,0.0,0.18855795233335254,0.861497801534667,33.837397863001414,4,1.573040429892719,63,11.659414875847524,17.307458976659944,1.0,1,0.290389998039406,0,1.0862509059868828,0.6122232228517532,1.0095429978880676e-15
5,2,step,False,14,1.6911301854914427,0.0,0.13234764475274036,1.3948780066692326,36.99050377418594,4,1.5126754161719986,70,6.1509711237522575,9.310364369180075,1.0,1,0.1777956257906923,0,1.0862509059868828,0.6122232228517532,1.0095429978880676e-15
5,2,step,False,15,0.9443564653403165,0.0,0.30536971770350596,0.5686140600774047,68.61454808951223,4,1.2549233403767515,114,24.675123627687654,31.492088524390958,1.0,1,0.14207269067509556,0,1.0862509059868828,0.6122232228517532,1.0095429978880676e-15
5,2,step,False,16,1.469340822890217,0.0,0.059506334722753726,1.0994060958644145,67.84650810599985,4,1.4085137832519536,117,17.157470168567173,26.59916770437689,1.0,1,0.2171668725639421,0,1.0862509059868828,0.6122232228517532,1.0095429978880676e-15
5,2,step,False,17,2.426100916153647,0.0,0.13396921756337518,1.8155762674298326,30.159664122786523,4,1.3692893234626067,58,6.000000000151267,8.698737990742496,1.0,1,0.34839215971941145,0,1.0862509059868828,0.6122232228517532,1.0095429978880676e-15
5,2,step,False,18,1.2113073977099769,0.0,0.28248299094411533,0.7543919456706542,34.494677777760245,4,1.4694076471196909,65,10.030088782634696,14.531703418203094,1.0,1,0.309237881811301,0,1.0862509059868828,0.6122232228517532,1.0095429978880676e-15
5,2,step,False,19,0.6565585810840902,0.0,0.16920178771608774,0.5798657723895476,94.9924857091055,4,1.1841976947545165,144,40.419806152098744,58.26452371371104,1.0,1,0.3112890666499167,0,1.0862509059868828,0.6122232228517532,1.0095429978880676e-15
5,2,step,False,20,0.22818447607247358,0.0,0.24247710600803601,0.22721771292319382,114.43026484318936,4,1.2019047796631555,169,45.73394418137775,64.7814059371376,1.0,1,0.2699815199270314,0,1.0862509059868828,0.6122232228517532,1.0095429978880676e-15
5,2,step,False,21,2.8435732924836863,0.0,0.14108848787634234,2.2355014986939183,9.042044717524398,4,1.8542263553963083,21,6.000000000291864,8.742678842068278,1.0,1,0.30743492451455023,0,1.0862509059868828,0.6122232228517532,1.0095429978880676e-15
5,2,step,False,22,1.170997784687522,0.0,0.11031236597377962,0.8321436965387609,82.5520169378254,4,1.1535871122095316,135,27.723351599987662,37.531073949063654,1.0,1,0.24949158233492208,0,1.0862509059868828,0.6122232228517532,1.0095429978880676e-15
5,2,step,False,23,0.7465120467117895,0.0,0.22621884580915622,0.47678905410900263,67.49268048574271,4,1.1477873774205645,107,24.900219518940105,34.22204705321621,1.0,1,0.23621275791625615,0,1.0862509059868828,0.6122232228517532,1.0095429978880676e-15
5,3,step,False,0,1.1820895330230798,0.0,0.32411163960540756,0.857374985614215,38.90297561919407,4,1.5071678897923484,67,10.902994549548085,18.281789426475967,1.0,1,0.11220934045249294,0,0.7680953816933557,0.3655933737754822,2.0684629690044752e-15
5,3,step,False,1,0.26367240428572386,0.0,0.16539621168576113,0.22185542112478318,95.84519872031498,4,1.287746448166381,155,34.74598126654591,47.273570133944894,1.0,1,0.16346978114322627,0,0.7680953816933557,0.3655933737754822,2.0684629690044752e-15
5,3,step,False,2,1.4340599023864413,0.0,0.174592190100755,1.158405486237627,55.98291989849718,4,1.3553777963333264,95,16.411876704802598,23.092189084993883,1.0,1,0.08353721041049537,0,0.7680953816933557,0.3655933737754822,2.0684629690044752e-15
5,3,step,False,3,2.0354935116480677,0.0,0.05406743463390932,1.7285146722177454,33.44533630616429,4,1.4575318171354017,57,8.58705280711722,12.208921076387494,1.0,1,0.08337660490115137,0,0.7680953816933557,0.3655933737754822,2.0684629690044752e-15
5,3,step,False,4,1.71708545598336,0.0,0.10099193842856587,1.3571937829292102,60.11580097272275,4,1.2389011314110931,99,13.943929589880184,16.738235109232175,1.0,1,0.11321668120512661,0,0.7680953816933557,0.3655933737754822,2.0684629690044752e-15
5,3,step,False,5,1.1181558309160755,0.0,0.08198948536465712,0.7935726957298979,61.19777099850654,4,1.4314713500216605,105,22.5382358419623,30.26719166680527,1.0,1,0.10773683419973411,0,0.7680953816933557,0.3655933737754822,2.0684629690044752e-15
5,3,step,False,6,0.6253378024127711,0.0,0.0994278080918958,0.4892243965605667,110.0586936588459,4,1.2500789463895183,165,44.62147496377867,60.54196516164646,1.0,1,0.1760278859978842,0,0.7680953816933557,0.3655933737754822,2.0684629690044752e-15
5,3,step,False,7,1.2089920649223933,0.0,0.09013254848285365,0.9641824706292976,67.29482899156545,4,1.355290842554952,115,21.096714865088163,28.49882127136687,1.0,1,0.14291064831870834,0,0.7680953816933557,0.3655933737754822,2.0684629690044752e-15
5,3,step,False,8,1.9290127460323419,0.0,0.11002760353969786,1.4732891678458182,14.016744934235074,4,1.7009976930557105,28,6.000000000222437,8.400740996893436,1.0,1,0.35917134844861937,0,0.7680953816933557,0.3655933737754822,2.0684629690044752e-15
5,3,step,False,9,1.3537456170574012,0.0,0.01697244973965534,1.04435512009004,73.0190906692872,4,1.3651017948003297,121,18.557013041810237,25.303340385623653,1.0,1,0.10050721853871739,0,0.7680953816933557,0.3655933737754822,2.0684629690044752e-15
5,3,step,False,10,1.0134078727473856,0.0,0.1575940360127539,0.7596442934490684,73.13296962220065,4,1.3820441899567106,114,29.50747972802558,39.108102393844426,1.0,1,0.08385582052635819,0,0.7680953816933557,0.3655933737754822,2.0684629690044752e-15
5,3,step,False,11,2.6010207254251076,0.0,0.11251685372823621,1.9476187491606891,17.438172763650442,4,1.8152890169892664,36,6.000000000235844,8.054737386950444,1.0,1,0.17183643011902835,0,0.7680953816933557,0.3655933737754822,2.0684629690044752e-15
5,3,step,False,12,0.847995390281777,0.0,0.14576423570776728,0.6044797632237658,99.09670441818193,4,1.2786510227569414,158,40.612940557482254,54.23598411616272,1.0,1,0.12960882364541523,0,0.7680953816933557,0.3655933737754822,2.0684629690044752e-15
5,3,step,False,13,1.158477556120006,0.0,0.18855795233335254,0.861497801534667,33.837397863001414,4,1.573040429892719,63,13.025275969517459,17.50843541476484,1.0,1,0.0905389690730825,0,0.7680953816933557,0.3655933737754822,2.0684629690044752e-15
5,3,step,False,14,1.6911301854914427,0.0,0.13234764475274036,1.3948780066692326,36.99050377418594,4,1.5126754161719986,70,6.000000000762923,8.724384523156536,1.0,1,0.17489655915948626,0,0.7680953816933557,0.3655933737754822,2.0684629690044752e-15
5,3,step,False,15,0.9443564653403165,0.0,0.30536971770350596,0.5686140600774047,68.61454808951223,4,1.2549233403767515,114,27.597620141041922,35.322743161645796,1.0,1,0.08996727031791851,0,0.7680953816933557,0.3655933737754822,2.0684629690044752e-15
5,3,step,False,16,1.469340822890217,0.0,0.059506334722753726,1.0994060958644145,67.84650810599985,4,1.4085137832519536,117,17.07020501780497,24.85339638262016,1.0,1,0.18599361394741304,0,0.7680953816933557,0.3655933737754822,2.0684629690044752e-15
5,3,step,False,17,2.426100916153647,0.0,0.13396921756337518,1.8155762674298326,30.159664122786523,4,1.3692893234626067,58,6.000000000296328,8.310838328881472,1.0,1,0.46089821800386965,0,0.7680953816933557,0.3655933737754822,2.0684629690044752e-15
5,3,step,False,18,1.2113073977099769,0.0,0.28248299094411533,0.7543919456706542,34.494677777760245,4,1.4694076471196909,65,9.725485115754255,13.576181868200141,1.0,1,0.12310158977843035,0,0.7680953816933557,0.3655933737754822,2.0684629690044752e-15
5,3,step,False,19,0.6565585810840902,0.0,0.16920178771608774,0.5798657723895476,94.9924857091055,4,1.1841976947545165,144,40.036667648748974,52.8501996032264,1.0,1,0.1060373738692958,0,0.7680953816933557,0.3655933737754822,2.0684629690044752e-15
5,3,step,False,20,0.22818447607247358,0.0,0.24247710600803601,0.22721771292319382,114.43026484318936,4,1.2019047796631555,169,44.05108524002599,58.16076543776406,1.0,1,0.1402951931918251,0,0.7680953816933557,0.3655933737754822,2.0684629690044752e-15
5,3,step,False,21,2.8435732924836863,0.0,0.14108848787634234,2.2355014986939183,9.042044717524398,4,1.8542263553963083,21,6.000000000025169,8.443705789347145,1.0,1,0.31746840970687595,0,0.7680953816933557,0.3655933737754822,2.0684629690044752e-15
5,3,step,False,22,1.170997784687522,0.0,0.11031236597377962,0.8321436965387609,82.5520169378254,4,1.1535871122095316,135,25.7814560730213,35.07729072138411,1.0,1,0.1746530723258319,0,0.7680953816933557,0.3655933737754822,2.0684629690044752e-15
5,3,step,False,23,0.7465120467117895,0.0,0.22621884580915622,0.47678905410900263,67.49268048574271,4,1.1477873774205645,107,26.51852920565568,36.33404785055674,1.0,1,0.09996080305448943,0,0.7680953816933557,0.3655933737754822,2.0684629690044752e-15
6,0,init,False,0,2.54098135741418,0.0,0.10533064186017933,1.6683342527849552,17.46057952630617,4,1.27484943904016,33,nan,nan,1.0,1,nan,0,nan,nan,nan
6,0,init,False,1,0.7412300966119058,0.0,0.183944991524154,0.4523221269466964,58.75002316755938,4,1.3885988138108036,102,nan,nan,1.0,1,nan,0,nan,nan,nan
6,0,init,False,2,0.2768699161868602,0.0,0.45106349745289104,0.341659833482148,59.861531152866775,4,1.334131016019222,107,nan,nan,1.0,1,nan,0,nan,nan,nan
6,0,init,False,3,0.49089716394589106,0.0,0.3314081102594584,0.25780268821821556,84.03306920488411,4,1.2510632781073787,137,nan,nan,1.0,1,nan,0,nan,nan,nan
6,0,init,False,4,0.9705931967434145,1.4901161193847656e-08,0.3649086750788676,0.4583565544637617,19.762615612563682,4,1.2898079726077678,47,nan,nan,1.0,1,nan,0,nan,nan,nan
6,0,init,False,5,1.595701416217555,0.0,0.053804243093254184,0.811757240337845,75.81195041346109,4,1.48316733780218,126,nan,nan,1.0,1,nan,0,nan,nan,nan
6,0,init,False,6,1.5853100652539636,0.0,0.14833105598803048,0.7215622322955737,53.4790893985892,4,1.3239819964929083,95,nan,nan,1.0,1,nan,0,nan,nan,nan
6,0,init,False,7,0.4018957436714012,0.0,0.5315990105554131,0.2722467318637011,96.64326979807032,4,1.184094946286352,153,nan,nan,1.0,1,nan,0,nan,nan,nan
6,0,init,False,8,1.2700049529393447,1.4901161193847656e-08,0.12967084321444497,0.6850481526632658,42.525822798838774,4,1.3911741521780545,73,nan,nan,1.0,1,nan,0,nan,nan,nan
6,0,init,False,9,1.396706319763929,0.0,0.08502041075510425,0.773700771507764,71.97134862060662,4,1.170680791268743,118,nan,nan,1.0,1,nan,0,nan,nan,nan
6,0,init,False,10,0.7169159324718162,0.0,0.1751292513448041,0.39889246314504756,115.49336898557972,4,1.2014671291458443,171,nan,nan,1.0,1,nan,0,nan,nan,nan
6,0,init,False,11,2.103429569382233,2.1073424255447017e-08,0.14969814237956675,1.1211936545110492,48.80161383275155,4,1.3789303085189457,88,nan,nan,1.0,1,nan,0,nan,nan,nan
6,0,init,False,12,1.470954417908997,0.0,0.04885071827081233,0.8343803663590249,75.62404581090895,4,1.283627964475052,117,nan,nan,1.0,1,nan,0,nan,nan,nan
6,0,init,False,13,1.388642514644572,0.0,0.11153576650856575,0.7809233377273139,40.89857424422631,4,1.2771140316097331,72,nan,nan,1.0,1,nan,0,nan,nan,nan
6,0,init,False,14,3.7373453800473535,1.4901161193847656e-08,0.10974758732324526,2.460869903507289,2.7073364238549575,4,4.564046198290462,8,nan,nan,1.0,1,nan,0,nan,nan,nan
6,0,init,False,15,0.40616906286920945,0.0,0.43286249733228066,0.4135643299208524,50.47056557527236,4,1.434244672769924,91,nan,nan,1.0,1,nan,0,nan,nan,nan
6,0,init,False,16,0.3890029855377656,2.1073424255447017e-08,0.1816422785489786,0.3081396337178968,122.0736781920817,4,1.2172174899420798,178,nan,nan,1.0,1,nan,0,nan,nan,nan
6,0,init,False,17,2.1699025667912704,2.1073424255447017e-08,0.18857348268746224,1.2575505083726142,36.98537468571456,4,1.4482690910673952,70,nan,nan,1.0,1,nan,0,nan,nan,nan
6,0,init,False,18,2.1977118582756474,2.1073424255447017e-08,0.263495552965022,1.1995074475134946,16.87004217402684,4,1.443738741870929,33,nan,nan,1.0,1,nan,0,nan,nan,nan
6,0,init,False,19,0.8905675226758757,0.0,0.07690053708953833,0.5973469299301543,79.6001769273492,4,1.2791646380629778,128,nan,nan,1.0,1,nan,0,nan,nan,nan
6,0,init,False,20,1.1310230282852698,0.0,0.13668771394466506,0.6302446691925783,74.3621311687393,4,1.4697135649056174,122,nan,nan,1.0,1,nan,0,nan,nan,nan
6,0,init,False,21,2.0401207972277002,0.0,0.10018629607509964,1.1638306853755096,56.20392719180741,4,1.334272943232875,93,nan,nan,1.0,1,nan,0,nan,nan,nan
6,0,init,False,22,0.9210253947734512,0.0,0.12253753551768862,0.5248899521282914,64.23113255828872,4,1.2918368917104768,104,nan,nan,1.0,1,nan,0,nan,nan,nan
6,0,init,False,23,1.5776915231880368,0.0,0.06722009441184132,0.9423351722465786,75.37873253565283,4,1.217459543327222,119,nan,nan,1.0,1,nan,0,nan,nan,nan
6,1,step,False,0,2.54098135741418,0.0,0.10533064186017933,1.6683342527849552,17.46057952630617,4,1.27484943904016,33,6.000000000234156,8.247804774044706,1.0,1,0.759652046268863,0,1.6273409581129943,1.0,1.010709357377639e-15
6,1,step,False,1,0.7412300966119058,0.0,0.183944991524154,0.4523221269466964,58.75002316755938,4,1.3885988138108036,102,15.36275977580894,21.212459869668514,1.0,1,0.41465475341281594,0,1.6273409581129943,1.0,1.010709357377639e-15
6,1,step,False,2,0.2768699161868602,0.0,0.45106349745289104,0.341659833482148,59.861531152866775,4,1.334131016019222,107,16.83259370480924,24.677812307732694,1.0,1,0.33970111621862237,0,1.6273409581129943,1.0,1.010709357377639e-15
6,1,step,False,3,0.49089716394589106,0.0,0.3314081102594584,0.25780268821821556,84.03306920488411,4,1.2510632781073787,137,26.58959450332477,36.08096288938939,1.0,1,0.49362311240821233,0,1.6273409581129943,1.0,1.010709357377639e-15
6,1,step,False,4,0.9705931967434145,0.0,0.3649086750788676,0.4583565544637617,19.762615612563682,4,1.2898079726077678,47,6.000000000481441,7.999597581940898,1.0,1,0.3127906040770255,0,1.6273409581129943,1.0,1.010709357377639e-15
6,1,step,False,5,1.595701416217555,0.0,0.053804243093254184,0.811757240337845,75.81195041346109,4,1.48316733780218,126,23.96852315630904,33.80458412771796,1.0,1,0.2223408183640033,0,1.6273409581129943,1.0,1.010709357377639e-15
6,1,step,False,6,1.5853100652539636,0.0,0.14833105598803048,0.7215622322955737,53.4790893985892,4,1.3239819964929083,95,13.618710527794772,19.98800139924261,1.0,1,0.3080277693247331,0,1.6273409581129943,1.0,1.010709357377639e-15
6,1,step,False,7,0.4018957436714012,0.0,0.5315990105554131,0.2722467318637011,96.64326979807032,4,1.184094946286352,153,35.1861851967134,46.97883811133255,1.0,1,0.48148852588807306,0,1.6273409581129943,1.0,1.010709357377639e-15
6,1,step,False,8,1.2700049529393447,0.0,0.12967084321444497,0.6850481526632658,42.525822798838774,4,1.3911741521780545,73,12.732039682213614,20.480168688471355,1.0,1,0.4222969020793867,0,1.6273409581129943,1.0,1.010709357377639e-15
6,1,step,False,9,1.396706319763929,0.0,0.08502041075510425,0.773700771507764,71.97134862060662,4,1.170680791268743,118,25.155465580470995,33.63605214959357,1.0,1,0.6182105068910718,0,1.6273409581129943,1.0,1.010709357377639e-15
6,1,step,False,10,0.7169159324718162,0.0,0.1751292513448041,0.39889246314504756,115.49336898557972,4,1.2014671291458443,171,49.35571960074817,67.07116552927494,1.0,1,0.43665333751070406,0,1.6273409581129943,1.0,1.010709357377639e-15
6,1,step,False,11,2.103429569382233,1.4901161193847656e-08,0.14969814237956675,1.1211936545110492,48.80161383275155,4,1.3789303085189457,88,14.519322894768052,19.3033197375298,1.0,1,0.27095741585968164,0,1.6273409581129943,1.0,1.010709357377639e-15
6,1,step,False,12,1.470954417908997,0.0,0.04885071827081233,0.8343803663590249,75.62404581090895,4,1.283627964475052,117,25.79336491686083,38.79039582110543,1.0,1,0.40148518895346585,0,1.6273409581129943,1.0,1.010709357377639e-15
6,1,step,False,13,1.388642514644572,0.0,0.11153576650856575,0.7809233377273139,40.89857424422631,4,1.2771140316097331,72,10.016672991582903,13.1215986348465,1.0,1,0.34938804736820456,0,1.6273409581129943,1.0,1.010709357377639e-15
6,1,step,False,14,3.7373453800473535,0.0,0.10974758732324526,2.460869903507289,2.7073364238549575,4,4.564046198290462,8,6.000000000282098,10.874938683933525,1.0,1,1.0938949865846626,0,1.6273409581129943,1.0,1.010709357377639e-15
6,1,step,False,15,0.40616906286920945,0.0,0.43286249733228066,0.4135643299208524,50.47056557527236,4,1.434244672769924,91,12.403690647773246,18.229232119301496,1.0,1,0.26787160014172423,0,1.6273409581129943,1.0,1.010709357377639e-15
6,1,step,False,16,0.3890029855377656,0.0,0.1816422785489786,0.3081396337178968,122.0736781920817,4,1.2172174899420798,178,48.173609060085724,69.33492169693001,1.0,1,0.620694376844295,0,1.6273409581129943,1.0,1.010709357377639e-15
6,1,step,False,17,2.1699025667912704,1.4901161193847656e-08,0.18857348268746224,1.2575505083726142,36.98537468571456,4,1.4482690910673952,70,8.755496127665829,12.896568378973392,1.0,1,0.25349147172236347,0,1.6273409581129943,1.0,1.010709357377639e-15
6,1,step,False,18,2.1977118582756474,1.4901161193847656e-08,0.263495552965022,1.1995074475134946,16.87004217402684,4,1.443738741870929,33,6.000000000251383,7.644120775784168,1.0,1,0.3374779874074609,0,1.6273409581129943,1.0,1.010709357377639e-15
6,1,step,False,19,0.8905675226758757,0.0,0.07690053708953833,0.5973469299301543,79.6001769273492,4,1.2791646380629778,128,30.213062681903562,42.1425408445288,1.0,1,0.4184573966741777,0,1.6273409581129943,1.0,1.010709357377639e-15
6,1,step,False,20,1.1310230282852698,0.0,0.13668771394466506,0.6302446691925783,74.3621311687393,4,1.4697135649056174,122,25.350055972965464,34.337063368970774,1.0,1,0.29050256791966067,0,1.6273409581129943,1.0,1.010709357377639e-15
6,1,step,False,21,2.0401207972277002,0.0,0.10018629607509964,1.1638306853755096,56.20392719180741,4,1.334272943232875,93,17.60425583224027,23.710192275256475,1.0,1,0.3196759411334224,0,1.6273409581129943,1.0,1.010709357377639e-15
6,1,step,False,22,0.9210253947734512,0.0,0.12253753551768862,0.5248899521282914,64.23113255828872,4,1.2918368917104768,104,23.935624294868877,31.737084635556386,1.0,1,0.4080883635096511,0,1.6273409581129943,1.0,1.010709357377639e-15
6,1,step,False,23,1.5776915231880368,0.0,0.06722009441184132,0.9423351722465786,75.37873253565283,4,1.217459543327222,119,29.76694276056097,41.88065224055272,1.0,1,0.3754260378766678,0,1.6273409581129943,1.0,1.010709357377639e-15
6,2,step,False,0,2.54098135741418,0.0,0.10533064186017933,1.6683342527849552,17.46057952630617,4,1.27484943904016,33,6.000000000192979,7.770373030088687,1.0,1,0.27369625785770546,0,1.1507038267843115,0.6085476279258728,2.546269486845134e-15
6,2,step,False,1,0.7412300966119058,0.0,0.183944991524154,0.4523221269466964,58.75002316755938,4,1.3885988138108036,102,15.826064780091112,21.71488585879686,1.0,1,0.2108958994158269,0,1.1507038267843115,0.6085476279258728,2.546269486845134e-15
6,2,step,False,2,0.2768699161868602,0.0,0.45106349745289104,0.341659833482148,59.861531152866775,4,1.334131016019222,107,19.665816354302425,28.286179422767542,1.0,1,0.16649401133291575,0,1.1507038267843115,0.6085476279258728,2.546269486845134e-15
6,2,step,False,3,0.49089716394589106,0.0,0.3314081102594584,0.25780268821821556,84.03306920488411,4,1.2510632781073787,137,25.454121481963885,35.35581513045975,1.0,1,0.3401632899120597,0,1.1507038267843115,0.6085476279258728,2.546269486845134e-15
6,2,step,False,4,0.9705931967434145,0.0,0.3649086750788676,0.4583565544637617,19.762615612563682,4,1.2898079726077678,47,6.00000000000168,8.49203410724027,1.0,1,0.22334312729329922,0,1.1507038267843115,0.6085476279258728,2.546269486845134e-15
6,2,step,False,5,1.595701416217555,0.0,0.053804243093254184,0.811757240337845,75.81195041346109,4,1.48316733780218,126,20.766716066438484,27.466105366957798,1.0,1,0.17378549606619223,0,1.1507038267843115,0.6085476279258728,2.546269486845134e-15
6,2,step,False,6,1.5853100652539636,0.0,0.14833105598803048,0.7215622322955737,53.4790893985892,4,1.3239819964929083,95,15.285228868718537,21.45293337046557,1.0,1,0.11003949382618612,0,1.1507038267843115,0.6085476279258728,2.546269486845134e-15
6,2,step,False,7,0.4018957436714012,0.0,0.5315990105554131,0.2722467318637011,96.64326979807032,4,1.184094946286352,153,40.121996606622325,55.199883311200395,1.0,1,0.25419522693214236,0,1.1507038267843115,0.6085476279258728,2.546269486845134e-15
6,2,step,False,8,1.2700049529393447,0.0,0.12967084321444497,0.6850481526632658,42.525822798838774,4,1.3911741521780545,73,14.218700721648098,21.993984094925807,1.0,1,0.20712235977589977,0,1.1507038267843115,0.6085476279258728,2.546269486845134e-15
6,2,step,False,9,1.396706319763929,0.0,0.08502041075510425,0.773700771507764,71.97134862060662,4,1.170680791268743,118,25.00958757752145,32.98668069834422,1.0,1,0.247544155369612,0,1.1507038267843115,0.6085476279258728,2.546269486845134e-15
6,2,step,False,10,0.7169159324718162,0.0,0.1751292513448041,0.39889246314504756,115.49336898557972,4,1.2014671291458443,171,48.44647018069574,64.57039083615813,1.0,1,0.333852037826702,0,1.1507038267843115,0.6085476279258728,2.546269486845134e-15
6,2,step,False,11,2.103429569382233,1.4901161193847656e-08,0.14969814237956675,1.1211936545110492,48.80161383275155,4,1.3789303085189457,88,11.401664179490137,13.779830383259222,1.0,1,0.1190083790139868,0,1.1507038267843115,0.6085476279258728,2.546269486845134e-15
6,2,step,False,12,1.470954417908997,0.0,0.04885071827081233,0.8343803663590249,75.62404581090895,4,1.283627964475052,117,25.837577172112425,37.255793320572806,1.0,1,0.32010727443294373,0,1.1507038267843115,0.6085476279258728,2.546269486845134e-15
6,2,step,False,13,1.388642514644572,0.0,0.11153576650856575,0.7809233377273139,40.89857424422631,4,1.2771140316097331,72,11.223538495133262,15.122296620475696,1.0,1,0.1707009872467231,0,1.1507038267843115,0.6085476279258728,2.546269486845134e-15
6,2,step,False,14,3.7373453800473535,0.0,0.10974758732324526,2.460869903507289,2.7073364238549575,4,4.564046198290462,8,6.000000001665269,10.373933299532247,1.0,1,0.9797299491790626,0,1.1507038267843115,0.6085476279258728,2.546269486845134e-15
6,2,step,False,15,0.40616906286920945,0.0,0.43286249733228066,0.4135643299208524,50.47056557527236,4,1.434244672769924,91,15.195155955085838,23.980157092839562,1.0,1,0.2789159659380552,0,1.1507038267843115,0.6085476279258728,2.546269486845134e-15
6,2,step,False,16,0.3890029855377656,0.0,0.1816422785489786,0.3081396337178968,122.0736781920817,4,1.2172174899420798,178,50.68660644632372,72.28746978505266,1.0,1,0.2592757439707386,0,1.1507038267843115,0.6085476279258728,2.546269486845134e-15
6,2,step,False,17,2.1699025667912704,1.4901161193847656e-08,0.18857348268746224,1.2575505083726142,36.98537468571456,4,1.4482690910673952,70,7.747953906598839,10.941923930694266,1.0,1,0.13990805738524553,0,1.1507038267843115,0.6085476279258728,2.546269486845134e-15
6,2,step,False,18,2.1977118582756474,1.4901161193847656e-08,0.263495552965022,1.1995074475134946,16.87004217402684,4,1.443738741870929,33,6.000000000177506,7.3507540378774845,1.0,1,0.20959763291242184,0,1.1507038267843115,0.6085476279258728,2.546269486845134e-15
6,2,step,False,19,0.8905675226758757,0.0,0.07690053708953833,0.5973469299301543,79.6001769273492,4,1.2791646380629778,128,28.065178939999747,38.69039504927202,1.0,1,0.2949552001166597,0,1.1507038267843115,0.6085476279258728,2.546269486845134e-15
6,2,step,False,20,1.1310230282852698,0.0,0.13668771394466506,0.6302446691925783,74.3621311687393,4,1.4697135649056174,122,25.806508416611496,34.14248726757622,1.0,1,0.23534195228924898,0,1.1507038267843115,0.6085476279258728,2.546269486845134e-15
6,2,step,False,21,2.0401207972277002,0.0,0.10018629607509964,1.1638306853755096,56.20392719180741,4,1.334272943232875,93,14.063288838549143,18.729195599871606,1.0,1,0.2173072428993981,0,1.1507038267843115,0.6085476279258728,2.546269486845134e-15
6,2,step,False,22,0.9210253947734512,0.0,0.12253753551768862,0.5248899521282914,64.23113255828872,4,1.2918368917104768,104,24.92783148499782,33.01317061285788,1.0,1,0.26306871167750606,0,1.1507038267843115,0.6085476279258728,2.546269486845134e-15
6,2,step,False,23,1.5776915231880368,0.0,0.06722009441184132,0.9423351722465786,75.37873253565283,4,1.217459543327222,119,26.4359583062065,36.028666029068404,1.0,1,0.25454737660805404,0,1.1507038267843115,0.6085476279258728,2.546269486845134e-15
6,3,step,False,0,2.54098135741418,0.0,0.10533064186017933,1.6683342527849552,17.46057952630617,4,1.27484943904016,33,6.000000000146086,7.404298423753199,1.0,1,0.23205920620808793,0,0.8136704790564969,0.36229413747787476,1.2930200389353973e-15
6,3,step,False,1,0.7412300966119058,0.0,0.183944991524154,0.4523221269466964,58.75002316755938,4,1.3885988138108036,102,17.89832689066035,24.807840674093402,1.0,1,0.11171686365287681,0,0.8136704790564969,0.36229413747787476,1.2930200389353973e-15
6,3,step,False,2,0.2768699161868602,0.0,0.45106349745289104,0.341659833482148,59.861531152866775,4,1.334131016019222,107,22.01721968380955,30.11006253859071,1.0,1,0.16302070610101466,0,0.8136704790564969,0.36229413747787476,1.2930200389353973e-15
6,3,step,False,3,0.49089716394589106,0.0,0.3314081102594584,0.25780268821821556,84.03306920488411,4,1.2510632781073787,137,29.516832595451444,42.18971288039164,1.0,1,0.17348037458478055,0,0.8136704790564969,0.36229413747787476,1.2930200389353973e-15
6,3,step,False,4,0.9705931967434145,0.0,0.3649086750788676,0.4583565544637617,19.762615612563682,4,1.2898079726077678,47,6.000000000264174,8.942091410734507,1.0,1,0.09850275282593204,0,0.8136704790564969,0.36229413747787476,1.2930200389353973e-15
6,3,step,False,5,1.595701416217555,0.0,0.053804243093254184,0.811757240337845,75.81195041346109,4,1.48316733780218,126,18.97748381840941,25.233045604321063,1.0,1,0.1381496567621958,0,0.8136704790564969,0.36229413747787476,1.2930200389353973e-15
6,3,step,False,6,1.5853100652539636,0.0,0.14833105598803048,0.7215622322955737,53.4790893985892,4,1.3239819964929083,95,16.436183127042817,22.041081745541984,1.0,1,0.13256758212244837,0,0.8136704790564969,0.36229413747787476,1.2930200389353973e-15
6,3,step,False,7,0.4018957436714012,0.0,0.5315990105554131,0.2722467318637011,96.64326979807032,4,1.184094946286352,153,39.28518308603295,51.2662727244712,1.0,1,0.148703306089454,0,0.8136704790564969,0.36229413747787476,1.2930200389353973e-15
6,3,step,False,8,1.2700049529393447,0.0,0.12967084321444497,0.6850481526632658,42.525822798838774,4,1.3911741521780545,73,13.75946481019766,18.920416562050075,1.0,1,0.13517510873478558,0,0.8136704790564969,0.36229413747787476,1.2930200389353973e-15
6,3,step,False,9,1.396706319763929,0.0,0.08502041075510425,0.773700771507764,71.97134862060662,4,1.170680791268743,118,24.456869569557682,32.03040883654646,1.0,1,0.17643377338830177,0,0.8136704790564969,0.36229413747787476,1.2930200389353973e-15
6,3,step,False,10,0.7169159324718162,0.0,0.1751292513448041,0.39889246314504756,115.49336898557972,4,1.2014671291458443,171,43.27835076922842,55.864798205473946,1.0,1,0.24077044255887323,0,0.8136704790564969,0.36229413747787476,1.2930200389353973e-15
6,3,step,False,11,2.103429569382233,1.4901161193847656e-08,0.14969814237956675,1.1211936545110492,48.80161383275155,4,1.3789303085189457,88,11.005515836032783,13.059987547682278,1.0,1,0.09816902736985982,0,0.8136704790564969,0.36229413747787476,1.2930200389353973e-15
6,3,step,False,12,1.470954417908997,0.0,0.04885071827081233,0.8343803663590249,75.62404581090895,4,1.283627964475052,117,25.716026069985823,34.36850066332644,1.0,1,0.132018282966991,0,0.8136704790564969,0.36229413747787476,1.2930200389353973e-15
6,3,step,False,13,1.388642514644572,0.0,0.11153576650856575,0.7809233377273139,40.89857424422631,4,1.2771140316097331,72,14.452567991043946,19.218235351098468,1.0,1,0.10129823186796579,0,0.8136704790564969,0.36229413747787476,1.2930200389353973e-15
6,3,step,False,14,3.7373453800473535,0.0,0.10974758732324526,2.460869903507289,2.7073364238549575,4,4.564046198290462,8,6.000000000706819,10.045633685082047,1.0,1,0.9083705564007648,0,0.8136704790564969,0.36229413747787476,1.2930200389353973e-15
6,3,step,False,15,0.40616906286920945,0.0,0.43286249733228066,0.4135643299208524,50.47056557527236,4,1.434244672769924,91,18.845403716918206,28.693073696382672,1.0,1,0.15572962524898287,0,0.8136704790564969,0.36229413747787476,1.2930200389353973e-15
6,3,step,False,16,0.3890029855377656,0.0,0.1816422785489786,0.3081396337178968,122.0736781920817,4,1.2172174899420798,178,51.570821576789854,71.98350180091118,1.0,1,0.2239731958912511,0,0.8136704790564969,0.36229413747787476,1.2930200389353973e-15
6,3,step,False,17,2.1699025667912704,1.4901161193847656e-08,0.18857348268746224,1.2575505083726142,36.98537468571456,4,1.4482690910673952,70,7.17570755436455,10.060654709696227,1.0,1,0.18635577665068753,0,0.8136704790564969,0.36229413747787476,1.2930200389353973e-15
6,3,step,False,18,2.1977118582756474,1.4901161193847656e-08,0.263495552965022,1.1995074475134946,16.87004217402684,4,1.443738741870929,33,6.000000000072314,7.023363209870215,1.0,1,0.12687295436226634,0,0.8136704790564969,0.36229413747787476,1.2930200389353973e-15
6,3,step,False,19,0.8905675226758757,0.0,0.07690053708953833,0.5973469299301543,79.6001769273492,4,1.2791646380629778,128,27.077706379313295,35.608440099796894,1.0,1,0.15514508299825674,0,0.8136704790564969,0.36229413747787476,1.2930200389353973e-15
6,3,step,False,20,1.1310230282852698,0.0,0.13668771394466506,0.6302446691925783,74.3621311687393,4,1.4697135649056174,122,26.43953986768755,35.8391106507594,1.0,1,0.11326621941754518,0,0.8136704790564969,0.36229413747787476,1.2930200389353973e-15
6,3,step,False,21,2.0401207972277002,0.0,0.10018629607509964,1.1638306853755096,56.20392719180741,4,1.334272943232875,93,9.884053324281117,13.410506996641281,1.0,1,0.10762021374254034,0,0.8136704790564969,0.36229413747787476,1.2930200389353973e-15
6,3,step,False,22,0.9210253947734512,0.0,0.12253753551768862,0.5248899521282914,64.23113255828872,4,1.2918368917104768,104,23.196545314769818,29.786367380149336,1.0,1,0.19383278998601125,0,0.8136704790564969,0.36229413747787476,1.2930200389353973e-15
6,3,step,False,23,1.5776915231880368,0.0,0.06722009441184132,0.9423351722465786,75.37873253565283,4,1.217459543327222,119,23.07460617336804,29.25238149084817,1.0,1,0.08717936570867842,0,0.8136704790564969,0.36229413747787476,1.2930200389353973e-15
7,0,init,False,0,1.695893548209062,1.4901161193847656e-08,0.19525904343548456,0.9573948863427433,53.465993280249634,4,1.2472880042483732,97,nan,nan,1.0,1,nan,0,nan,nan,nan
7,0,init,False,1,2.2857085843603824,0.0,0.08816563490338374,1.407207050863268,33.80790741579857,4,1.3955810576463779,68,nan,nan,1.0,1,nan,0,nan,nan,nan
7,0,init,False,2,0.7496180157712998,0.0,0.22128192646225855,0.5188666530424966,102.02524851658946,4,1.2462523477289515,158,nan,nan,1.0,1,nan,0,nan,nan,nan
7,0,init,False,3,0.7321385464267546,0.0,0.43061914756824915,0.4566342126644743,78.43110798093267,4,1.266839737976448,118,nan,nan,1.0,1,nan,0,nan,nan,nan
7,0,init,False,4,1.3432311769705663,1.4901161193847656e-08,0.022440461770385334,0.9259020799765998,75.99552897688298,4,1.1526094094761743,130,nan,nan,1.0,1,nan,0,nan,nan,nan
7,0,init,False,5,2.5599472376981836,2.5809568279517847e-08,0.12059792129482677,1.516949512907638,24.62584607685912,4,1.7856351223096008,46,nan,nan,1.0,1,nan,0,nan,nan,nan
7,0,init,False,6,2.5719546876022785,0.0,0.0803887352418024,1.6257582648923694,25.886473484609475,4,1.3148413721217607,49,nan,nan,1.0,1,nan,0,nan,nan,nan
7,0,init,False,7,0.5562056173718655,0.0,0.20872328781321825,0.3844420441868076,109.16931197286914,4,1.204066454109447,169,nan,nan,1.0,1,nan,0,nan,nan,nan
7,0,init,False,8,0.18965584778829725,0.0,0.9143077372142385,0.22116256011098753,78.52859213405438,4,1.3153045139270814,121,nan,nan,1.0,1,nan,0,nan,nan,nan
7,0,init,False,9,1.7902645027757145,0.0,0.20414307758733768,1.1345627468432873,30.051260915893067,4,1.5234981204062745,62,nan,nan,1.0,1,nan,0,nan,nan,nan
7,0,init,False,10,1.8688287133032908,0.0,0.10160294257412553,1.164129773233636,13.875457717056847,4,1.5335676978780175,32,nan,nan,1.0,1,nan,0,nan,nan,nan
7,0,init,False,11,1.798904448533471,2.1073424255447017e-08,0.06039189156360905,1.01696113752201,22.526533495044212,4,1.4991487356783237,45,nan,nan,1.0,1,nan,0,nan,nan,nan
7,0,init,False,12,1.656085565633077,0.0,0.2418351852356281,0.9201230880504457,66.52874753848387,4,1.4668885675408487,111,nan,nan,1.0,1,nan,0,nan,nan,nan
7,0,init,False,13,1.4164375940140463,0.0,0.12684618222524793,0.8454071957022431,49.903785347071945,4,1.4397238092834648,87,nan,nan,1.0,1,nan,0,nan,nan,nan
7,0,init,False,14,0.9095282557893342,0.0,0.5823441853318562,0.5919228099474745,25.982990440588615,4,1.8809392902878954,46,nan,nan,1.0,1,nan,0,nan,nan,nan
7,0,init,False,15,0.979959092698329,2.1073424255447017e-08,0.12345671530436549,0.6714650101740443,100.22869046624908,4,1.1588893870320889,154,nan,nan,1.0,1,nan,0,nan,nan,nan
7,0,init,False,16,0.6074272708457642,2.1073424255447017e-08,0.15945736630496915,0.4085003650284757,114.58790735195603,4,1.2143450195914391,171,nan,nan,1.0,1,nan,0,nan,nan,nan
7,0,init,False,17,0.7090745349758502,1.4901161193847656e-08,0.28245151927795586,0.5006839274000127,91.91038893568631,4,1.2310369715249714,147,nan,nan,1.0,1,nan,0,nan,nan,nan
7,0,init,False,18,1.6675110350894953,0.0,0.05872379568227734,1.0925690653641356,63.257256614165854,4,1.2209103837488429,107,nan,nan,1.0,1,nan,0,nan,nan,nan
7,0,init,False,19,0.9835998101561569,0.0,0.132463352024765,0.6627376854633845,95.24671985369999,4,1.1657662482924642,146,nan,nan,1.0,1,nan,0,nan,nan,nan
7,0,init,False,20,1.3118515925786611,0.0,0.08429378441610243,0.9235690947304813,32.39522492289318,4,1.297573357104855,59,nan,nan,1.0,1,nan,0,nan,nan,nan
7,0,init,False,21,2.4897466425669204,0.0,0.1589147823289075,1.7721822389908501,12.877475319551785,4,1.6628685030494748,28,nan,nan,1.0,1,nan,0,nan,nan,nan
7,0,init,False,22,0.5277176915553676,0.0,0.37647377676361277,0.3747600967617925,109.47356309689263,4,1.2290279960899777,170,nan,nan,1.0,1,nan,0,nan,nan,nan
7,0,init,False,23,2.43209115517156,0.0,0.08425974037642406,1.4524038013586822,29.217988145921435,4,1.4840626442287876,55,nan,nan,1.0,1,nan,0,nan,nan,nan
7,1,step,False,0,1.695893548209062,0.0,0.19525904343548456,0.9573948863427433,53.465993280249634,4,1.2472880042483732,97,15.507996359957538,23.645960967002807,1.0,1,0.49754439700092135,0,1.6605951643384131,1.0,7.008101453185524e-16
7,1,step,False,1,2.2857085843603824,0.0,0.08816563490338374,1.407207050863268,33.80790741579857,4,1.3955810576463779,68,6.521452823460307,10.042722663536358,1.0,1,0.4273852645087996,0,1.6605951643384131,1.0,7.008101453185524e-16
7,1,step,False,2,0.7496180157712998,0.0,0.22128192646225855,0.5188666530424966,102.02524851658946,4,1.2462523477289515,158,34.97049595842469,45.117098805605764,1.0,1,0.534041506804718,0,1.6605951643384131,1.0,7.008101453185524e-16
7,1,step,False,3,0.7321385464267546,0.0,0.43061914756824915,0.4566342126644743,78.43110798093267,4,1.266839737976448,118,26.15095431798394,36.65837000379006,1.0,1,0.3795251303623749,0,1.6605951643384131,1.0,7.008101453185524e-16
7,1,step,False,4,1.3432311769705663,0.0,0.022440461770385334,0.9259020799765998,75.99552897688298,4,1.1526094094761743,130,24.44210631248285,34.81996011635408,1.0,1,0.4842987766579528,0,1.6605951643384131,1.0,7.008101453185524e-16
7,1,step,False,5,2.5599472376981836,1.4901161193847656e-08,0.12059792129482677,1.516949512907638,24.62584607685912,4,1.7856351223096008,46,6.000000000585682,9.516752299777842,1.0,1,0.3064740011558893,0,1.6605951643384131,1.0,7.008101453185524e-16
7,1,step,False,6,2.5719546876022785,0.0,0.0803887352418024,1.6257582648923694,25.886473484609475,4,1.3148413721217607,49,7.442089797589687,11.60852096269116,1.0,1,0.565555333238522,0,1.6605951643384131,1.0,7.008101453185524e-16
7,1,step,False,7,0.5562056173718655,0.0,0.20872328781321825,0.3844420441868076,109.16931197286914,4,1.204066454109447,169,44.71463294585974,61.689432715257816,1.0,1,0.5094768315414158,0,1.6605951643384131,1.0,7.008101453185524e-16
7,1,step,False,8,0.18965584778829725,0.0,0.9143077372142385,0.22116256011098753,78.52859213405438,4,1.3153045139270814,121,23.813398992061803,33.90219620912647,1.0,1,0.4425686014094952,0,1.6605951643384131,1.0,7.008101453185524e-16
7,1,step,False,9,1.7902645027757145,0.0,0.20414307758733768,1.1345627468432873,30.051260915893067,4,1.5234981204062745,62,7.457892022467633,11.932053152406091,1.0,1,0.6213436648530677,0,1.6605951643384131,1.0,7.008101453185524e-16
7,1,step,False,10,1.8688287133032908,0.0,0.10160294257412553,1.164129773233636,13.875457717056847,4,1.5335676978780175,32,6.000000000447641,8.939572542087346,1.0,1,0.5225870463231191,0,1.6605951643384131,1.0,7.008101453185524e-16
7,1,step,False,11,1.798904448533471,0.0,0.06039189156360905,1.01696113752201,22.526533495044212,4,1.4991487356783237,45,6.000000000287427,7.803363812240605,1.0,1,0.1150159415123448,0,1.6605951643384131,1.0,7.008101453185524e-16
7,1,step,False,12,1.656085565633077,0.0,0.2418351852356281,0.9201230880504457,66.52874753848387,4,1.4668885675408487,111,22.07633146972727,31.83853491192256,1.0,1,0.2811800670777314,0,1.6605951643384131,1.0,7.008101453185524e-16
7,1,step,False,13,1.4164375940140463,0.0,0.12684618222524793,0.8454071957022431,49.903785347071945,4,1.4397238092834648,87,9.722569566055254,14.735965812203196,1.0,1,0.3413551481138244,0,1.6605951643384131,1.0,7.008101453185524e-16
7,1,step,False,14,0.9095282557893342,0.0,0.5823441853318562,0.5919228099474745,25.982990440588615,4,1.8809392902878954,46,7.198143495626002,10.72591774988459,1.0,1,0.3486698528703338,0,1.6605951643384131,1.0,7.008101453185524e-16
7,1,step,False,15,0.979959092698329,0.0,0.12345671530436549,0.6714650101740443,100.22869046624908,4,1.1588893870320889,154,38.69873344675015,53.853702182277424,1.0,1,0.4853633867715883,0,1.6605951643384131,1.0,7.008101453185524e-16
7,1,step,False,16,0.6074272708457642,1.4901161193847656e-08,0.15945736630496915,0.4085003650284757,114.58790735195603,4,1.2143450195914391,171,48.0641338327472,67.445561422251,1.0,1,0.5090198782060015,0,1.6605951643384131,1.0,7.008101453185524e-16
7,1,step,False,17,0.7090745349758502,0.0,0.28245151927795586,0.5006839274000127,91.91038893568631,4,1.2310369715249714,147,30.956332724561626,42.95449234441716,1.0,1,0.45371922705464895,0,1.6605951643384131,1.0,7.008101453185524e-16
7,1,step,False,18,1.6675110350894953,0.0,0.05872379568227734,1.0925690653641356,63.257256614165854,4,1.2209103837488429,107,18.308987459315652,24.98037696756598,1.0,1,0.44316370711006714,0,1.6605951643384131,1.0,7.008101453185524e-16
7,1,step,False,19,0.9835998101561569,0.0,0.132463352024765,0.6627376854633845,95.24671985369999,4,1.1657662482924642,146,38.0516721386496,53.05114956342134,1.0,1,0.480385311299907,0,1.6605951643384131,1.0,7.008101453185524e-16
7,1,step,False,20,1.3118515925786611,0.0,0.08429378441610243,0.9235690947304813,32.39522492289318,4,1.297573357104855,59,9.105175267293191,13.6607547925201,1.0,1,0.22827061236875087,0,1.6605951643384131,1.0,7.008101453185524e-16
7,1,step,False,21,2.4897466425669204,0.0,0.1589147823289075,1.7721822389908501,12.877475319551785,4,1.6628685030494748,28,6.000000000144624,9.185863555411789,1.0,1,0.3640768470005744,0,1.6605951643384131,1.0,7.008101453185524e-16
7,1,step,False,22,0.5277176915553676,0.0,0.37647377676361277,0.3747600967617925,109.47356309689263,4,1.2290279960899777,170,41.3399474802764,56.28471301796256,1.0,1,0.5607360474703793,0,1.6605951643384131,1.0,7.008101453185524e-16
7,1,step,False,23,2.43209115517156,0.0,0.08425974037642406,1.4524038013586822,29.217988145921435,4,1.4840626442287876,55,8.548061119125059,13.752532896366455,1.0,1,0.43676273234172985,0,1.6605951643384131,1.0,7.008101453185524e-16
7,2,step,False,0,1.695893548209062,0.0,0.19525904343548456,0.9573948863427433,53.465993280249634,4,1.2472880042483732,97,13.89324511300875,19.1768968247354,1.0,1,0.3077136691203407,0,1.1742181015092812,0.6039242744445801,6.462842041771146e-16
7,2,step,False,1,2.2857085843603824,0.0,0.08816563490338374,1.407207050863268,33.80790741579857,4,1.3955810576463779,68,6.296328699673662,9.303434154302414,1.0,1,0.3264833859409969,0,1.1742181015092812,0.6039242744445801,6.462842041771146e-16
7,2,step,False,2,0.7496180157712998,0.0,0.22128192646225855,0.5188666530424966,102.02524851658946,4,1.2462523477289515,158,35.276377492853484,47.170470379555894,1.0,1,0.25957879400126493,0,1.1742181015092812,0.6039242744445801,6.462842041771146e-16
7,2,step,False,3,0.7321385464267546,0.0,0.43061914756824915,0.4566342126644743,78.43110798093267,4,1.266839737976448,118,28.893415885238078,39.805230976185676,1.0,1,0.2807208012502753,0,1.1742181015092812,0.6039242744445801,6.462842041771146e-16
7,2,step,False,4,1.3432311769705663,0.0,0.022440461770385334,0.9259020799765998,75.99552897688298,4,1.1526094094761743,130,20.36840220832027,26.179635913391508,1.0,1,0.16895343247123742,0,1.1742181015092812,0.6039242744445801,6.462842041771146e-16
7,2,step,False,5,2.5599472376981836,1.4901161193847656e-08,0.12059792129482677,1.516949512907638,24.62584607685912,4,1.7856351223096008,46,6.0000000003000595,9.042162848194964,1.0,1,0.26032251220999814,0,1.1742181015092812,0.6039242744445801,6.462842041771146e-16
7,2,step,False,6,2.5719546876022785,0.0,0.0803887352418024,1.6257582648923694,25.886473484609475,4,1.3148413721217607,49,6.000000000365013,8.057625853512581,1.0,1,0.22335517936700738,0,1.1742181015092812,0.6039242744445801,6.462842041771146e-16
7,2,step,False,7,0.5562056173718655,0.0,0.20872328781321825,0.3844420441868076,109.16931197286914,4,1.204066454109447,169,45.19896999301852,63.25411100244821,1.0,1,0.33433853772693745,0,1.1742181015092812,0.6039242744445801,6.462842041771146e-16
7,2,step,False,8,0.18965584778829725,0.0,0.9143077372142385,0.22116256011098753,78.52859213405438,4,1.3153045139270814,121,29.441268449926,42.419224807987966,1.0,1,0.16492148118052585,0,1.1742181015092812,0.6039242744445801,6.462842041771146e-16
7,2,step,False,9,1.7902645027757145,0.0,0.20414307758733768,1.1345627468432873,30.051260915893067,4,1.5234981204062745,62,7.649423315855015,11.418216985090979,1.0,1,0.25018564298221874,0,1.1742181015092812,0.6039242744445801,6.462842041771146e-16
7,2,step,False,10,1.8688287133032908,0.0,0.10160294257412553,1.164129773233636,13.875457717056847,4,1.5335676978780175,32,6.000000000268602,9.217680338778804,1.0,1,0.4235964525007561,0,1.1742181015092812,0.6039242744445801,6.462842041771146e-16
7,2,step,False,11,1.798904448533471,0.0,0.06039189156360905,1.01696113752201,22.526533495044212,4,1.4991487356783237,45,6.000000000182519,8.097358528767591,1.0,1,0.11891241733832071,0,1.1742181015092812,0.6039242744445801,6.462842041771146e-16
7,2,step,False,12,1.656085565633077,0.0,0.2418351852356281,0.9201230880504457,66.52874753848387,4,1.4668885675408487,111,20.814433649162293,29.176949162467007,1.0,1,0.2047665260555224,0,1.1742181015092812,0.6039242744445801,6.462842041771146e-16
7,2,step,False,13,1.4164375940140463,0.0,0.12684618222524793,0.8454071957022431,49.903785347071945,4,1.4397238092834648,87,12.17740257496611,19.288833574612866,1.0,1,0.28149699749277696,0,1.1742181015092812,0.6039242744445801,6.462842041771146e-16
7,2,step,False,14,0.9095282557893342,0.0,0.5823441853318562,0.5919228099474745,25.982990440588615,4,1.8809392902878954,46,10.37309750177428,14.843049788136758,1.0,1,0.23779983594239495,0,1.1742181015092812,0.6039242744445801,6.462842041771146e-16
7,2,step,False,15,0.979959092698329,0.0,0.12345671530436549,0.6714650101740443,100.22869046624908,4,1.1588893870320889,154,36.39569230655587,50.02062640203958,1.0,1,0.3260704992777103,0,1.1742181015092812,0.6039242744445801,6.462842041771146e-16
7,2,step,False,16,0.6074272708457642,1.4901161193847656e-08,0.15945736630496915,0.4085003650284757,114.58790735195603,4,1.2143450195914391,171,48.1017779549559,66.64799754926857,1.0,1,0.2267475762151067,0,1.1742181015092812,0.6039242744445801,6.462842041771146e-16
7,2,step,False,17,0.7090745349758502,0.0,0.28245151927795586,0.5006839274000127,91.91038893568631,4,1.2310369715249714,147,32.099993320461934,44.44826666950104,1.0,1,0.24449192394743363,0,1.1742181015092812,0.6039242744445801,6.462842041771146e-16
7,2,step,False,18,1.6675110350894953,0.0,0.05872379568227734,1.0925690653641356,63.257256614165854,4,1.2209103837488429,107,17.900954249668,24.27487033287269,1.0,1,0.3037747598707884,0,1.1742181015092812,0.6039242744445801,6.462842041771146e-16
7,2,step,False,19,0.9835998101561569,0.0,0.132463352024765,0.6627376854633845,95.24671985369999,4,1.1657662482924642,146,35.320694711306494,48.277578998174306,1.0,1,0.3255834899596048,0,1.1742181015092812,0.6039242744445801,6.462842041771146e-16
7,2,step,False,20,1.3118515925786611,0.0,0.08429378441610243,0.9235690947304813,32.39522492289318,4,1.297573357104855,59,10.40328524422349,14.411721791438936,1.0,1,0.189646921077305,0,1.1742181015092812,0.6039242744445801,6.462842041771146e-16
7,2,step,False,21,2.4897466425669204,0.0,0.1589147823289075,1.7721822389908501,12.877475319551785,4,1.6628685030494748,28,6.000000000277568,9.838250159293139,1.0,1,0.4185402648062472,0,1.1742181015092812,0.6039242744445801,6.462842041771146e-16
7,2,step,False,22,0.5277176915553676,0.0,0.37647377676361277,0.3747600967617925,109.47356309689263,4,1.2290279960899777,170,42.820166383728974,59.7952239251091,1.0,1,0.31109460855510157,0,1.1742181015092812,0.6039242744445801,6.462842041771146e-16
7,2,step,False,23,2.43209115517156,0.0,0.08425974037642406,1.4524038013586822,29.217988145921435,4,1.4840626442287876,55,7.089442682764306,9.444143131011788,1.0,1,0.24168235929899753,0,1.1742181015092812,0.6039242744445801,6.462842041771146e-16
7,3,step,False,0,1.695893548209062,0.0,0.19525904343548456,0.9573948863427433,53.465993280249634,4,1.2472880042483732,97,14.495300435787053,19.136260982697006,1.0,1,0.14762181890123682,0,0.8302975821692065,0.3604589104652405,1.0803061708328909e-15
7,3,step,False,1,2.2857085843603824,0.0,0.08816563490338374,1.407207050863268,33.80790741579857,4,1.3955810576463779,68,6.00000000061417,8.2461393297037,1.0,1,0.28264423960060553,0,0.8302975821692065,0.3604589104652405,1.0803061708328909e-15
7,3,step,False,2,0.7496180157712998,0.0,0.22128192646225855,0.5188666530424966,102.02524851658946,4,1.2462523477289515,158,33.61421026296244,45.31912754782037,1.0,1,0.1992493492918203,0,0.8302975821692065,0.3604589104652405,1.0803061708328909e-15
7,3,step,False,3,0.7321385464267546,0.0,0.43061914756824915,0.4566342126644743,78.43110798093267,4,1.266839737976448,118,29.654704579534975,40.091601299303214,1.0,1,0.15181567398921345,0,0.8302975821692065,0.3604589104652405,1.0803061708328909e-15
7,3,step,False,4,1.3432311769705663,0.0,0.022440461770385334,0.9259020799765998,75.99552897688298,4,1.1526094094761743,130,20.906230732168435,26.113822077164755,1.0,1,0.13146048348766085,0,0.8302975821692065,0.3604589104652405,1.0803061708328909e-15
7,3,step,False,5,2.5599472376981836,1.4901161193847656e-08,0.12059792129482677,1.516949512907638,24.62584607685912,4,1.7856351223096008,46,6.000000000205968,7.99840769115941,1.0,1,0.19480690871039233,0,0.8302975821692065,0.3604589104652405,1.0803061708328909e-15
7,3,step,False,6,2.5719546876022785,0.0,0.0803887352418024,1.6257582648923694,25.886473484609475,4,1.3148413721217607,49,6.000000000018264,7.309839951069641,1.0,1,0.14661534460289208,0,0.8302975821692065,0.3604589104652405,1.0803061708328909e-15
7,3,step,False,7,0.5562056173718655,0.0,0.20872328781321825,0.3844420441868076,109.16931197286914,4,1.204066454109447,169,43.556986345904185,59.322528457314334,1.0,1,0.156837630013829,0,0.8302975821692065,0.3604589104652405,1.0803061708328909e-15
7,3,step,False,8,0.18965584778829725,0.0,0.9143077372142385,0.22116256011098753,78.52859213405438,4,1.3153045139270814,121,33.48556774742955,46.64803157665582,1.0,1,0.1096243993265452,0,0.8302975821692065,0.3604589104652405,1.0803061708328909e-15
7,3,step,False,9,1.7902645027757145,0.0,0.20414307758733768,1.1345627468432873,30.051260915893067,4,1.5234981204062745,62,8.590331587513521,13.296418393915392,1.0,1,0.1862236812665083,0,0.8302975821692065,0.3604589104652405,1.0803061708328909e-15
7,3,step,False,10,1.8688287133032908,0.0,0.10160294257412553,1.164129773233636,13.875457717056847,4,1.5335676978780175,32,6.000000000312058,9.39117955378701,1.0,1,0.32811229366836075,0,0.8302975821692065,0.3604589104652405,1.0803061708328909e-15
7,3,step,False,11,1.798904448533471,0.0,0.06039189156360905,1.01696113752201,22.526533495044212,4,1.4991487356783237,45,6.120166481518192,8.582913293313718,1.0,1,0.11801992350213257,0,0.8302975821692065,0.3604589104652405,1.0803061708328909e-15
7,3,step,False,12,1.656085565633077,0.0,0.2418351852356281,0.9201230880504457,66.52874753848387,4,1.4668885675408487,111,18.901842897689836,25.8552011101941,1.0,1,0.20783933839504207,0,0.8302975821692065,0.3604589104652405,1.0803061708328909e-15
7,3,step,False,13,1.4164375940140463,0.0,0.12684618222524793,0.8454071957022431,49.903785347071945,4,1.4397238092834648,87,12.898886147503774,18.92686471404002,1.0,1,0.1829147562215839,0,0.8302975821692065,0.3604589104652405,1.0803061708328909e-15
7,3,step,False,14,0.9095282557893342,0.0,0.5823441853318562,0.5919228099474745,25.982990440588615,4,1.8809392902878954,46,14.161093122091895,20.05122717728307,1.0,1,0.25988440867442564,0,0.8302975821692065,0.3604589104652405,1.0803061708328909e-15
7,3,step,False,15,0.979959092698329,0.0,0.12345671530436549,0.6714650101740443,100.22869046624908,4,1.1588893870320889,154,34.501735963204005,45.7574162036307,1.0,1,0.2301869969612868,0,0.8302975821692065,0.3604589104652405,1.0803061708328909e-15
7,3,step,False,16,0.6074272708457642,1.4901161193847656e-08,0.15945736630496915,0.4085003650284757,114.58790735195603,4,1.2143450195914391,171,46.95285916826644,62.59108934765336,1.0,1,0.17696902245189836,0,0.8302975821692065,0.3604589104652405,1.0803061708328909e-15
7,3,step,False,17,0.7090745349758502,0.0,0.28245151927795586,0.5006839274000127,91.91038893568631,4,1.2310369715249714,147,31.953375629302137,42.739140924054226,1.0,1,0.20632076296658275,0,0.8302975821692065,0.3604589104652405,1.0803061708328909e-15
7,3,step,False,18,1.6675110350894953,0.0,0.05872379568227734,1.0925690653641356,63.257256614165854,4,1.2209103837488429,107,16.90973565113247,23.10077753463509,1.0,1,0.15001295497534956,0,0.8302975821692065,0.3604589104652405,1.0803061708328909e-15
7,3,step,False,19,0.9835998101561569,0.0,0.132463352024765,0.6627376854633845,95.24671985369999,4,1.1657662482924642,146,33.55875184414848,45.20591045109847,1.0,1,0.191223325328184,0,0.8302975821692065,0.3604589104652405,1.0803061708328909e-15
7,3,step,False,20,1.3118515925786611,0.0,0.08429378441610243,0.9235690947304813,32.39522492289318,4,1.297573357104855,59,11.47991005012819,14.964929472036282,1.0,1,0.09054887753484955,0,0.8302975821692065,0.3604589104652405,1.0803061708328909e-15
7,3,step,False,21,2.4897466425669204,0.0,0.1589147823289075,1.7721822389908501,12.877475319551785,4,1.6628685030494748,28,6.00000000013396,9.657508818566127,1.0,1,0.21836991139905995,0,0.8302975821692065,0.3604589104652405,1.0803061708328909e-15
7,3,step,False,22,0.5277176915553676,0.0,0.37647377676361277,0.3747600967617925,109.47356309689263,4,1.2290279960899777,170,42.57806377033892,57.004885531055045,1.0,1,0.17582284143698576,0,0.8302975821692065,0.3604589104652405,1.0803061708328909e-15
7,3,step,False,23,2.43209115517156,0.0,0.08425974037642406,1.4524038013586822,29.217988145921435,4,1.4840626442287876,55,6.717553572507799,7.799137487418445,1.0,1,0.09294298506427875,0,0.8302975821692065,0.3604589104652405,1.0803061708328909e-15
8,0,init,False,0,1.0378506748875693,0.0,0.12303605294879973,0.6012933781725471,80.38713347296193,4,1.2026616870824982,131,nan,nan,1.0,1,nan,0,nan,nan,nan
8,0,init,False,1,0.6716561569208681,0.0,0.12568697732852122,0.30461582712940066,110.66944159046545,4,1.1833399203270567,160,nan,nan,1.0,1,nan,0,nan,nan,nan
8,0,init,False,2,2.0226041686187917,2.1073424255447017e-08,0.16904517333489255,1.2580471060144989,27.076090029182133,4,1.4261710912871275,57,nan,nan,1.0,1,nan,0,nan,nan,nan
8,0,init,False,3,0.7777394701992171,1.4901161193847656e-08,0.24949333439569482,0.3828333536828489,91.31304504135807,4,1.2207595593000429,140,nan,nan,1.0,1,nan,0,nan,nan,nan
8,0,init,False,4,0.47784343743739227,1.4901161193847656e-08,0.41991478051445036,0.2921728391935947,101.21065763451463,4,1.28146989511169,148,nan,nan,1.0,1,nan,0,nan,nan,nan
8,0,init,False,5,0.6531959063139913,0.0,0.23445463581716386,0.40453578366524134,42.28914634096264,4,1.2983931169285168,76,nan,nan,1.0,1,nan,0,nan,nan,nan
8,0,init,False,6,1.1350102603683618,0.0,0.2129847451316913,0.6711400654645836,53.62026537984196,4,1.208308728279306,99,nan,nan,1.0,1,nan,0,nan,nan,nan
8,0,init,False,7,1.0600535721639959,0.0,0.26565181881205935,0.8035658186694545,55.050758548392636,4,1.3889876218895796,91,nan,nan,1.0,1,nan,0,nan,nan,nan
8,0,init,False,8,1.8614204865315083,0.0,0.10258853602998527,1.1101139028193139,52.453877476051616,4,1.254462317202486,94,nan,nan,1.0,1,nan,0,nan,nan,nan
8,0,init,False,9,3.20983498587541,1.4901161193847656e-08,0.1151591637819622,2.190695482201376,3.6738970218116878,4,3.0083351974084533,8,nan,nan,1.0,1,nan,0,nan,nan,nan
8,0,init,False,10,0.8302344040252218,1.4901161193847656e-08,0.3024570668814359,0.4864733974997199,89.28078021085307,4,1.1786060088213433,135,nan,nan,1.0,1,nan,0,nan,nan,nan
8,0,init,False,11,0.2031161972728973,0.0,0.3539489107395197,0.14607377248674752,120.36043469189067,4,1.169915737059017,171,nan,nan,1.0,1,nan,0,nan,nan,nan
8,0,init,False,12,0.8087519726279173,0.0,0.11464679184858678,0.46289950586347306,77.21598082614605,4,1.2865793629860431,127,nan,nan,1.0,1,nan,0,nan,nan,nan
8,0,init,False,13,2.043123899298297,0.0,0.07303363955223752,1.3078200303194811,38.77488469774087,4,1.517674082475266,76,nan,nan,1.0,1,nan,0,nan,nan,nan
8,0,init,False,14,0.951778082041314,0.0,0.3592729885583885,0.3889981400938256,38.09994319474929,4,1.6056901379588442,71,nan,nan,1.0,1,nan,0,nan,nan,nan
8,0,init,False,15,0.4172505094214615,0.0,0.40757618048955757,0.26996132229601627,74.19146716210743,4,1.2295859775099058,124,nan,nan,1.0,1,nan,0,nan,nan,nan
8,0,init,False,16,0.35411392282486276,0.0,0.4457385179352675,0.2478574893369517,96.19237975674679,4,1.3103526701279253,153,nan,nan,1.0,1,nan,0,nan,nan,nan
8,0,init,False,17,1.5646563512603404,0.0,0.09669025035476168,0.8270807471974078,64.84271274356155,4,1.2130484449046435,119,nan,nan,1.0,1,nan,0,nan,nan,nan
8,0,init,False,18,1.8032365558301429,1.4901161193847656e-08,0.07677892529708916,1.0547730329039768,41.454124403351656,4,1.4494181781835445,79,nan,nan,1.0,1,nan,0,nan,nan,nan
8,0,init,False,19,2.8305949396715846,1.4901161193847656e-08,0.06984983268365177,1.7313165651532458,10.812960344088546,4,2.2426472127309065,24,nan,nan,1.0,1,nan,0,nan,nan,nan
8,0,init,False,20,0.5059941463453863,0.0,0.34014327200290284,0.3536446661180881,51.6561043131468,4,1.437951901754448,90,nan,nan,1.0,1,nan,0,nan,nan,nan
8,0,init,False,21,1.8806394974673035,0.0,0.16694469810097767,1.3255865032424996,10.13580479948925,4,2.330469541565189,18,nan,nan,1.0,1,nan,0,nan,nan,nan
8,0,init,False,22,1.0642945010013232,0.0,0.4400458830570237,0.733282986456121,50.29420951461046,4,1.385653510564346,83,nan,nan,1.0,1,nan,0,nan,nan,nan
8,0,init,False,23,1.6477180246523284,2.1073424255447017e-08,0.06168240977399816,0.9798373699576436,58.943900805974884,4,1.2586679152456106,98,nan,nan,1.0,1,nan,0,nan,nan,nan
8,1,step,False,0,1.0378506748875693,0.0,0.12303605294879973,0.6012933781725471,80.38713347296193,4,1.2026616870824982,131,21.895530188516656,31.773846515058782,1.0,1,0.44452671639519475,0,1.6121988453621614,1.0,7.977243576514921e-16
8,1,step,False,1,0.6716561569208681,0.0,0.12568697732852122,0.30461582712940066,110.66944159046545,4,1.1833399203270567,160,49.55694500252269,66.71685685704648,1.0,1,0.34606314630307977,0,1.6121988453621614,1.0,7.977243576514921e-16
8,1,step,False,2,2.0226041686187917,0.0,0.16904517333489255,1.2580471060144989,27.076090029182133,4,1.4261710912871275,57,6.000000000348885,9.8368651932781,1.0,1,0.4834455472444671,0,1.6121988453621614,1.0,7.977243576514921e-16
8,1,step,False,3,0.7777394701992171,0.0,0.24949333439569482,0.3828333536828489,91.31304504135807,4,1.2207595593000429,140,29.742003550379085,42.17284181741827,1.0,1,0.31634998674886566,0,1.6121988453621614,1.0,7.977243576514921e-16
8,1,step,False,4,0.47784343743739227,0.0,0.41991478051445036,0.2921728391935947,101.21065763451463,4,1.28146989511169,148,40.94693627248696,53.84363168088366,1.0,1,0.26759285661552895,0,1.6121988453621614,1.0,7.977243576514921e-16
8,1,step,False,5,0.6531959063139913,0.0,0.23445463581716386,0.40453578366524134,42.28914634096264,4,1.2983931169285168,76,11.908013492864018,16.06636886178867,1.0,1,0.4790755882852421,0,1.6121988453621614,1.0,7.977243576514921e-16
8,1,step,False,6,1.1350102603683618,0.0,0.2129847451316913,0.6711400654645836,53.62026537984196,4,1.208308728279306,99,15.932256040150145,22.7157232365763,1.0,1,0.500168734559346,0,1.6121988453621614,1.0,7.977243576514921e-16
8,1,step,False,7,1.0600535721639959,0.0,0.26565181881205935,0.8035658186694545,55.050758548392636,4,1.3889876218895796,91,15.858418246996337,23.45324563561238,1.0,1,0.41842175882573146,0,1.6121988453621614,1.0,7.977243576514921e-16
8,1,step,False,8,1.8614204865315083,0.0,0.10258853602998527,1.1101139028193139,52.453877476051616,4,1.254462317202486,94,13.79309044455039,19.957087272632027,1.0,1,0.45312533706013486,0,1.6121988453621614,1.0,7.977243576514921e-16
8,1,step,False,9,3.20983498587541,0.0,0.1151591637819622,2.190695482201376,3.6738970218116878,4,3.0083351974084533,8,6.000000000171458,9.293328704746289,1.0,1,0.6276575373679412,0,1.6121988453621614,1.0,7.977243576514921e-16
8,1,step,False,10,0.8302344040252218,0.0,0.3024570668814359,0.4864733974997199,89.28078021085307,4,1.1786060088213433,135,38.61697558121317,50.91782272811072,1.0,1,0.43019364501567836,0,1.6121988453621614,1.0,7.977243576514921e-16
8,1,step,False,11,0.2031161972728973,0.0,0.3539489107395197,0.14607377248674752,120.36043469189067,4,1.169915737059017,171,50.37931935446912,69.77606203896397,1.0,1,0.5937129953496807,0,1.6121988453621614,1.0,7.977243576514921e-16
8,1,step,False,12,0.8087519726279173,0.0,0.11464679184858678,0.46289950586347306,77.21598082614605,4,1.2865793629860431,127,27.021026391348087,36.56102216299682,1.0,1,0.5725736717832498,0,1.6121988453621614,1.0,7.977243576514921e-16
8,1,step,False,13,2.043123899298297,0.0,0.07303363955223752,1.3078200303194811,38.77488469774087,4,1.517674082475266,76,10.464119750646459,14.930083598844334,1.0,1,0.6098055641509809,0,1.6121988453621614,1.0,7.977243576514921e-16
8,1,step,False,14,0.951778082041314,0.0,0.3592729885583885,0.3889981400938256,38.09994319474929,4,1.6056901379588442,71,8.333591829611837,12.23917254789896,1.0,1,0.22721227780269307,0,1.6121988453621614,1.0,7.977243576514921e-16
8,1,step,False,15,0.4172505094214615,0.0,0.40757618048955757,0.26996132229601627,74.19146716210743,4,1.2295859775099058,124,23.317026386953245,32.89669488422646,1.0,1,0.6756667215117172,0,1.6121988453621614,1.0,7.977243576514921e-16
8,1,step,False,16,0.35411392282486276,0.0,0.4457385179352675,0.2478574893369517,96.19237975674679,4,1.3103526701279253,153,34.02945447329896,47.093222834729005,1.0,1,0.4701555539543543,0,1.6121988453621614,1.0,7.977243576514921e-16
8,1,step,False,17,1.5646563512603404,0.0,0.09669025035476168,0.8270807471974078,64.84271274356155,4,1.2130484449046435,119,19.250993136177776,27.888448601148742,1.0,1,0.34812272083618784,0,1.6121988453621614,1.0,7.977243576514921e-16
8,1,step,False,18,1.8032365558301429,0.0,0.07677892529708916,1.0547730329039768,41.454124403351656,4,1.4494181781835445,79,10.001866587350095,14.388125540199326,1.0,1,0.2594203459408399,0,1.6121988453621614,1.0,7.977243576514921e-16
8,1,step,False,19,2.8305949396715846,0.0,0.06984983268365177,1.7313165651532458,10.812960344088546,4,2.2426472127309065,24,6.000000000503581,8.64036739844342,1.0,1,0.5848254037513076,0,1.6121988453621614,1.0,7.977243576514921e-16
8,1,step,False,20,0.5059941463453863,0.0,0.34014327200290284,0.3536446661180881,51.6561043131468,4,1.437951901754448,90,15.275048253119522,20.235477680902225,1.0,1,0.49879021077905217,0,1.6121988453621614,1.0,7.977243576514921e-16
8,1,step,False,21,1.8806394974673035,0.0,0.16694469810097767,1.3255865032424996,10.13580479948925,4,2.330469541565189,18,6.000000000383482,8.970348103672075,1.0,1,0.8810315502664156,0,1.6121988453621614,1.0,7.977243576514921e-16
8,1,step,False,22,1.0642945010013232,0.0,0.4400458830570237,0.733282986456121,50.29420951461046,4,1.385653510564346,83,15.498274758050524,22.790112885775397,1.0,1,0.3347596855148932,0,1.6121988453621614,1.0,7.977243576514921e-16
8,1,step,False,23,1.6477180246523284,1.4901161193847656e-08,0.06168240977399816,0.9798373699576436,58.943900805974884,4,1.2586679152456106,98,17.498453573059592,24.57219512039844,1.0,1,0.3037135198753456,0,1.6121988453621614,1.0,7.977243576514921e-16
8,2,step,False,0,1.0378506748875693,0.0,0.12303605294879973,0.6012933781725471,80.38713347296193,4,1.2026616870824982,131,23.66315009694167,33.720252907016885,1.0,1,0.28324453649063186,0,1.1399967361767063,0.6142615079879761,5.968475840626428e-16
8,2,step,False,1,0.6716561569208681,0.0,0.12568697732852122,0.30461582712940066,110.66944159046545,4,1.1833399203270567,160,49.61452990115541,63.903088684729674,1.0,1,0.25228102066419533,0,1.1399967361767063,0.6142615079879761,5.968475840626428e-16
8,2,step,False,2,2.0226041686187917,0.0,0.16904517333489255,1.2580471060144989,27.076090029182133,4,1.4261710912871275,57,6.00000000067474,10.043130055803596,1.0,1,0.35253149384602883,0,1.1399967361767063,0.6142615079879761,5.968475840626428e-16
8,2,step,False,3,0.7777394701992171,0.0,0.24949333439569482,0.3828333536828489,91.31304504135807,4,1.2207595593000429,140,32.533766351181946,45.47389989922612,1.0,1,0.2316577072169285,0,1.1399967361767063,0.6142615079879761,5.968475840626428e-16
8,2,step,False,4,0.47784343743739227,0.0,0.41991478051445036,0.2921728391935947,101.21065763451463,4,1.28146989511169,148,46.14607394433405,63.27762057042801,1.0,1,0.18256318926278553,0,1.1399967361767063,0.6142615079879761,5.968475840626428e-16
8,2,step,False,5,0.6531959063139913,0.0,0.23445463581716386,0.40453578366524134,42.28914634096264,4,1.2983931169285168,76,13.5882185085056,20.36020675805054,1.0,1,0.23346406848800053,0,1.1399967361767063,0.6142615079879761,5.968475840626428e-16
8,2,step,False,6,1.1350102603683618,0.0,0.2129847451316913,0.6711400654645836,53.62026537984196,4,1.208308728279306,99,14.74817237762121,20.2682429514706,1.0,1,0.2383424301636051,0,1.1399967361767063,0.6142615079879761,5.968475840626428e-16
8,2,step,False,7,1.0600535721639959,0.0,0.26565181881205935,0.8035658186694545,55.050758548392636,4,1.3889876218895796,91,17.911853298360015,26.606154900430127,1.0,1,0.16948986475022565,0,1.1399967361767063,0.6142615079879761,5.968475840626428e-16
8,2,step,False,8,1.8614204865315083,0.0,0.10258853602998527,1.1101139028193139,52.453877476051616,4,1.254462317202486,94,10.842097361019091,15.51866325465697,1.0,1,0.22421721711945292,0,1.1399967361767063,0.6142615079879761,5.968475840626428e-16
8,2,step,False,9,3.20983498587541,0.0,0.1151591637819622,2.190695482201376,3.6738970218116878,4,3.0083351974084533,8,6.0000000002769625,8.852125666143907,1.0,1,0.5740295630814917,0,1.1399967361767063,0.6142615079879761,5.968475840626428e-16
8,2,step,False,10,0.8302344040252218,0.0,0.3024570668814359,0.4864733974997199,89.28078021085307,4,1.1786060088213433,135,38.62098056004785,51.043812769118105,1.0,1,0.3053809104794172,0,1.1399967361767063,0.6142615079879761,5.968475840626428e-16
8,2,step,False,11,0.2031161972728973,0.0,0.3539489107395197,0.14607377248674752,120.36043469189067,4,1.169915737059017,171,49.49900027102361,67.92997411070434,1.0,1,0.27676287477606193,0,1.1399967361767063,0.6142615079879761,5.968475840626428e-16
8,2,step,False,12,0.8087519726279173,0.0,0.11464679184858678,0.46289950586347306,77.21598082614605,4,1.2865793629860431,127,26.869911766878165,37.4244431427016,1.0,1,0.36087407091947993,0,1.1399967361767063,0.6142615079879761,5.968475840626428e-16
8,2,step,False,13,2.043123899298297,0.0,0.07303363955223752,1.3078200303194811,38.77488469774087,4,1.517674082475266,76,7.786859970063935,10.654448132130124,1.0,1,0.4659416127965477,0,1.1399967361767063,0.6142615079879761,5.968475840626428e-16
8,2,step,False,14,0.951778082041314,0.0,0.3592729885583885,0.3889981400938256,38.09994319474929,4,1.6056901379588442,71,9.5905556992492,14.421564387598544,1.0,1,0.18174480276612046,0,1.1399967361767063,0.6142615079879761,5.968475840626428e-16
8,2,step,False,15,0.4172505094214615,0.0,0.40757618048955757,0.26996132229601627,74.19146716210743,4,1.2295859775099058,124,22.737171643865448,31.0955476061532,1.0,1,0.2830780436822614,0,1.1399967361767063,0.6142615079879761,5.968475840626428e-16
8,2,step,False,16,0.35411392282486276,0.0,0.4457385179352675,0.2478574893369517,96.19237975674679,4,1.3103526701279253,153,33.944166482895554,47.34795374071414,1.0,1,0.34921560272603974,0,1.1399967361767063,0.6142615079879761,5.968475840626428e-16
8,2,step,False,17,1.5646563512603404,0.0,0.09669025035476168,0.8270807471974078,64.84271274356155,4,1.2130484449046435,119,16.605515113898072,24.183687599397096,1.0,1,0.24885079957404604,0,1.1399967361767063,0.6142615079879761,5.968475840626428e-16
8,2,step,False,18,1.8032365558301429,0.0,0.07677892529708916,1.0547730329039768,41.454124403351656,4,1.4494181781835445,79,7.763201047497594,11.004738679660447,1.0,1,0.18235885115211986,0,1.1399967361767063,0.6142615079879761,5.968475840626428e-16
8,2,step,False,19,2.8305949396715846,0.0,0.06984983268365177,1.7313165651532458,10.812960344088546,4,2.2426472127309065,24,6.000000000001211,7.995719846241722,1.0,1,0.645980870705856,0,1.1399967361767063,0.6142615079879761,5.968475840626428e-16
8,2,step,False,20,0.5059941463453863,0.0,0.34014327200290284,0.3536446661180881,51.6561043131468,4,1.437951901754448,90,15.270665803335874,20.545169004694433,1.0,1,0.26941502160981673,0,1.1399967361767063,0.6142615079879761,5.968475840626428e-16
8,2,step,False,21,1.8806394974673035,0.0,0.16694469810097767,1.3255865032424996,10.13580479948925,4,2.330469541565189,18,6.000000000285837,7.89018453040787,1.0,1,0.4271912412334094,0,1.1399967361767063,0.6142615079879761,5.968475840626428e-16
8,2,step,False,22,1.0642945010013232,0.0,0.4400458830570237,0.733282986456121,50.29420951461046,4,1.385653510564346,83,16.369664328310243,22.812520257312254,1.0,1,0.23663139352593754,0,1.1399967361767063,0.6142615079879761,5.968475840626428e-16
8,2,step,False,23,1.6477180246523284,1.4901161193847656e-08,0.06168240977399816,0.9798373699576436,58.943900805974884,4,1.2586679152456106,98,15.865857007330597,21.874137308987258,1.0,1,0.29702878424771045,0,1.1399967361767063,0.6142615079879761,5.968475840626428e-16
8,3,step,False,0,1.0378506748875693,0.0,0.12303605294879973,0.6012933781725471,80.38713347296193,4,1.2026616870824982,131,24.684176220296607,34.333008589988175,1.0,1,0.17527360718066765,0,0.8060994226810805,0.3673876076936722,1.2929928420288745e-15
8,3,step,False,1,0.6716561569208681,0.0,0.12568697732852122,0.30461582712940066,110.66944159046545,4,1.1833399203270567,160,47.84577861100758,61.62929528734098,1.0,1,0.13292673221725684,0,0.8060994226810805,0.3673876076936722,1.2929928420288745e-15
8,3,step,False,2,2.0226041686187917,0.0,0.16904517333489255,1.2580471060144989,27.076090029182133,4,1.4261710912871275,57,6.000000000144128,9.677120407721894,1.0,1,0.1690923439418877,0,0.8060994226810805,0.3673876076936722,1.2929928420288745e-15
8,3,step,False,3,0.7777394701992171,0.0,0.24949333439569482,0.3828333536828489,91.31304504135807,4,1.2207595593000429,140,34.570498746768024,46.92788462166347,1.0,1,0.12057101528735868,0,0.8060994226810805,0.3673876076936722,1.2929928420288745e-15
8,3,step,False,4,0.47784343743739227,0.0,0.41991478051445036,0.2921728391935947,101.21065763451463,4,1.28146989511169,148,48.70656367323295,68.75117527757655,1.0,1,0.19962487165663909,0,0.8060994226810805,0.3673876076936722,1.2929928420288745e-15
8,3,step,False,5,0.6531959063139913,0.0,0.23445463581716386,0.40453578366524134,42.28914634096264,4,1.2983931169285168,76,16.939598152683836,25.19251674257087,1.0,1,0.15393306155787778,0,0.8060994226810805,0.3673876076936722,1.2929928420288745e-15
8,3,step,False,6,1.1350102603683618,0.0,0.2129847451316913,0.6711400654645836,53.62026537984196,4,1.208308728279306,99,15.271506121624562,20.341129583644594,1.0,1,0.13925619529748492,0,0.8060994226810805,0.3673876076936722,1.2929928420288745e-15
8,3,step,False,7,1.0600535721639959,0.0,0.26565181881205935,0.8035658186694545,55.050758548392636,4,1.3889876218895796,91,19.025334386638587,25.53605970268244,1.0,1,0.16416596145562476,0,0.8060994226810805,0.3673876076936722,1.2929928420288745e-15
8,3,step,False,8,1.8614204865315083,0.0,0.10258853602998527,1.1101139028193139,52.453877476051616,4,1.254462317202486,94,8.998816784883454,11.434275144789707,1.0,1,0.17625581520081635,0,0.8060994226810805,0.3673876076936722,1.2929928420288745e-15
8,3,step,False,9,3.20983498587541,0.0,0.1151591637819622,2.190695482201376,3.6738970218116878,4,3.0083351974084533,8,6.000000000682645,9.125822242753763,1.0,1,0.4779735592255418,0,0.8060994226810805,0.3673876076936722,1.2929928420288745e-15
8,3,step,False,10,0.8302344040252218,0.0,0.3024570668814359,0.4864733974997199,89.28078021085307,4,1.1786060088213433,135,36.797572217769925,48.19501575098432,1.0,1,0.17224818881634382,0,0.8060994226810805,0.3673876076936722,1.2929928420288745e-15
8,3,step,False,11,0.2031161972728973,0.0,0.3539489107395197,0.14607377248674752,120.36043469189067,4,1.169915737059017,171,47.901559943699596,63.1594972830873,1.0,1,0.13505340979673014,0,0.8060994226810805,0.3673876076936722,1.2929928420288745e-15
8,3,step,False,12,0.8087519726279173,0.0,0.11464679184858678,0.46289950586347306,77.21598082614605,4,1.2865793629860431,127,27.029972092141417,35.057488496197514,1.0,1,0.10183583711139711,0,0.8060994226810805,0.3673876076936722,1.2929928420288745e-15
8,3,step,False,13,2.043123899298297,0.0,0.07303363955223752,1.3078200303194811,38.77488469774087,4,1.517674082475266,76,6.000000000314046,7.729913680432777,1.0,1,0.33652745331414763,0,0.8060994226810805,0.3673876076936722,1.2929928420288745e-15
8,3,step,False,14,0.951778082041314,0.0,0.3592729885583885,0.3889981400938256,38.09994319474929,4,1.6056901379588442,71,12.177271757302575,17.080899028315493,1.0,1,0.05862656550493884,0,0.8060994226810805,0.3673876076936722,1.2929928420288745e-15
8,3,step,False,15,0.4172505094214615,0.0,0.40757618048955757,0.26996132229601627,74.19146716210743,4,1.2295859775099058,124,22.349968290916273,31.590457984763724,1.0,1,0.1267783620243221,0,0.8060994226810805,0.3673876076936722,1.2929928420288745e-15
8,3,step,False,16,0.35411392282486276,0.0,0.4457385179352675,0.2478574893369517,96.19237975674679,4,1.3103526701279253,153,33.12137659686244,44.99187519592308,1.0,1,0.138103873330542,0,0.8060994226810805,0.3673876076936722,1.2929928420288745e-15
8,3,step,False,17,1.5646563512603404,0.0,0.09669025035476168,0.8270807471974078,64.84271274356155,4,1.2130484449046435,119,13.778768190247858,18.078620262619005,1.0,1,0.07871833363030654,0,0.8060994226810805,0.3673876076936722,1.2929928420288745e-15
8,3,step,False,18,1.8032365558301429,0.0,0.07677892529708916,1.0547730329039768,41.454124403351656,4,1.4494181781835445,79,7.010320998547673,9.873665213690908,1.0,1,0.1715952325981518,0,0.8060994226810805,0.3673876076936722,1.2929928420288745e-15
8,3,step,False,19,2.8305949396715846,0.0,0.06984983268365177,1.7313165651532458,10.812960344088546,4,2.2426472127309065,24,6.000000000079189,7.843905187689504,1.0,1,0.4589705052743399,0,0.8060994226810805,0.3673876076936722,1.2929928420288745e-15
8,3,step,False,20,0.5059941463453863,0.0,0.34014327200290284,0.3536446661180881,51.6561043131468,4,1.437951901754448,90,15.55575232426287,21.29079301772006,1.0,1,0.14276083728284758,0,0.8060994226810805,0.3673876076936722,1.2929928420288745e-15
8,3,step,False,21,1.8806394974673035,0.0,0.16694469810097767,1.3255865032424996,10.13580479948925,4,2.330469541565189,18,6.000000000140023,7.593629473831797,1.0,1,0.35824935184401446,0,0.8060994226810805,0.3673876076936722,1.2929928420288745e-15
8,3,step,False,22,1.0642945010013232,0.0,0.4400458830570237,0.733282986456121,50.29420951461046,4,1.385653510564346,83,18.12942984619234,25.332176337066635,1.0,1,0.16267040088601706,0,0.8060994226810805,0.3673876076936722,1.2929928420288745e-15
8,3,step,False,23,1.6477180246523284,1.4901161193847656e-08,0.06168240977399816,0.9798373699576436,58.943900805974884,4,1.2586679152456106,98,13.864564963808304,19.31982947927298,1.0,1,0.15992853406889615,0,0.8060994226810805,0.3673876076936722,1.2929928420288745e-15
9,0,init,False,0,1.9319150175304767,0.0,0.10922289075720497,1.1741594893840335,50.83765592911183,4,1.5080824678619769,94,nan,nan,1.0,1,nan,0,nan,nan,nan
9,0,init,False,1,2.297613715968394,0.0,0.16228131059326445,1.3195659414977998,9.036244677316205,4,1.4151987580563266,17,nan,nan,1.0,1,nan,0,nan,nan,nan
9,0,init,False,2,0.3806438597462406,0.0,0.7688169237098971,0.3724109192463156,45.72076231280717,4,1.6999048964630479,77,nan,nan,1.0,1,nan,0,nan,nan,nan
9,0,init,False,3,2.589576667811834,0.0,0.1332238939908978,1.4685184233212882,21.878998199936778,4,1.4101589686111116,41,nan,nan,1.0,1,nan,0,nan,nan,nan
9,0,init,False,4,0.4350174884567207,1.4901161193847656e-08,0.6324199763837439,0.27689877281712677,46.06352586455857,4,1.326473862479658,82,nan,nan,1.0,1,nan,0,nan,nan,nan
9,0,init,False,5,1.1156952399600832,0.0,0.18023716553541275,0.6884010975879544,43.374717724875914,4,1.3542569949811656,78,nan,nan,1.0,1,nan,0,nan,nan,nan
9,0,init,False,6,1.3582674648938677,0.0,0.14676985899851125,0.7762411083543527,79.7391800660551,4,1.1534659600038029,129,nan,nan,1.0,1,nan,0,nan,nan,nan
9,0,init,False,7,1.0005504679814938,1.4901161193847656e-08,0.1466242093868162,0.5328449404557218,84.84485484469167,4,1.2284512066025288,138,nan,nan,1.0,1,nan,0,nan,nan,nan
9,0,init,False,8,1.9666485141928456,0.0,0.19737429712429255,1.2234565165012112,21.853085367342054,4,1.6307073254371576,46,nan,nan,1.0,1,nan,0,nan,nan,nan
9,0,init,False,9,0.6243284807757906,1.4901161193847656e-08,0.3279161076603897,0.3349818360725658,97.61428840538967,4,1.249645505709279,154,nan,nan,1.0,1,nan,0,nan,nan,nan
9,0,init,False,10,1.7743448667122528,0.0,0.13898496592129797,1.0406885577753495,40.70322499449219,4,1.4769839727858245,83,nan,nan,1.0,1,nan,0,nan,nan,nan
9,0,init,False,11,1.0972591878173263,0.0,0.2792895201560445,0.7425227093851822,65.40928099831156,4,1.2263952143406478,108,nan,nan,1.0,1,nan,0,nan,nan,nan
9,0,init,False,12,2.5440052353798466,0.0,0.2411229841446357,1.6782903052148672,3.7329969318222256,4,8.4013883568947,6,nan,nan,1.0,1,nan,0,nan,nan,nan
9,0,init,False,13,1.065335976205895,0.0,0.15988510373123277,0.48074151789870073,99.54309701714674,4,1.2654416926309866,157,nan,nan,1.0,1,nan,0,nan,nan,nan
9,0,init,False,14,0.6147355922993071,0.0,0.13444728392954045,0.23553545051378413,101.88338781080608,4,1.2131011237126672,155,nan,nan,1.0,1,nan,0,nan,nan,nan
9,0,init,False,15,1.1390096535776728,2.1073424255447017e-08,0.09802056962033691,0.6436712604281858,103.97304012625618,4,1.084218045433002,155,nan,nan,1.0,1,nan,0,nan,nan,nan
9,0,init,False,16,1.2557821063963082,0.0,0.11611579825014204,0.6747425535690329,96.59675285176966,4,1.2449504557197069,153,nan,nan,1.0,1,nan,0,nan,nan,nan
9,0,init,False,17,2.4046687697579534,2.1073424255447017e-08,0.09742479103182744,1.3791854268956292,33.0812012220659,4,1.6683970443998164,66,nan,nan,1.0,1,nan,0,nan,nan,nan
9,0,init,False,18,1.5047639121030847,0.0,0.12618457708691785,0.9314880879902975,54.67622169110198,4,1.5949543931485424,93,nan,nan,1.0,1,nan,0,nan,nan,nan
9,0,init,False,19,1.497484781295103,1.4901161193847656e-08,0.06854794014301595,0.8961007175209915,52.59368491985117,4,1.1888821417890714,97,nan,nan,1.0,1,nan,0,nan,nan,nan
9,0,init,False,20,0.3913953812157383,0.0,0.45029835540271934,0.360824054902853,90.62980286426586,4,1.2649703156125822,146,nan,nan,1.0,1,nan,0,nan,nan,nan
9,0,init,False,21,1.664103941613645,1.4901161193847656e-08,0.07277465176761311,1.1391165315662632,12.120125259295206,4,1.3443735004067154,22,nan,nan,1.0,1,nan,0,nan,nan,nan
9,0,init,False,22,1.408979648993165,0.0,0.16533938859444647,0.6915377792758998,53.60540342249233,4,1.421516828106679,102,nan,nan,1.0,1,nan,0,nan,nan,nan
9,0,init,False,23,0.36411673436852154,0.0,0.12471637197965432,0.2217320279639587,130.4884664982385,4,1.154610501318598,187,nan,nan,1.0,1,nan,0,nan,nan,nan
9,1,step,False,0,1.9319150175304767,0.0,0.10922289075720497,1.1741594893840335,50.83765592911183,4,1.5080824678619769,94,11.90028241878269,19.885481576677257,1.0,1,0.5380323816499202,0,1.7084164625838822,1.0,5.932864937479302e-16
9,1,step,False,1,2.297613715968394,0.0,0.16228131059326445,1.3195659414977998,9.036244677316205,4,1.4151987580563266,17,6.000000000151591,8.759408166587608,1.0,1,0.5015709043886933,0,1.7084164625838822,1.0,5.932864937479302e-16
9,1,step,False,2,0.3806438597462406,0.0,0.7688169237098971,0.3724109192463156,45.72076231280717,4,1.6999048964630479,77,12.321658107402728,17.692483542791134,1.0,1,0.5595381678668951,0,1.7084164625838822,1.0,5.932864937479302e-16
9,1,step,False,3,2.589576667811834,0.0,0.1332238939908978,1.4685184233212882,21.878998199936778,4,1.4101589686111116,41,6.000000000566928,8.584310529259763,1.0,1,0.4357038534660443,0,1.7084164625838822,1.0,5.932864937479302e-16
9,1,step,False,4,0.4350174884567207,0.0,0.6324199763837439,0.27689877281712677,46.06352586455857,4,1.326473862479658,82,14.101343720952563,20.404649320083315,1.0,1,0.5214523742464292,0,1.7084164625838822,1.0,5.932864937479302e-16
9,1,step,False,5,1.1156952399600832,0.0,0.18023716553541275,0.6884010975879544,43.374717724875914,4,1.3542569949811656,78,12.966592956796749,18.891762767913193,1.0,1,0.37995793925058596,0,1.7084164625838822,1.0,5.932864937479302e-16
9,1,step,False,6,1.3582674648938677,0.0,0.14676985899851125,0.7762411083543527,79.7391800660551,4,1.1534659600038029,129,28.747105336916775,39.920758057570026,1.0,1,0.3666642584360558,0,1.7084164625838822,1.0,5.932864937479302e-16
9,1,step,False,7,1.0005504679814938,0.0,0.1466242093868162,0.5328449404557218,84.84485484469167,4,1.2284512066025288,138,27.787493253656557,38.74140640264389,1.0,1,0.49071040000644855,0,1.7084164625838822,1.0,5.932864937479302e-16
9,1,step,False,8,1.9666485141928456,0.0,0.19737429712429255,1.2234565165012112,21.853085367342054,4,1.6307073254371576,46,6.000000000498111,9.104622283626487,1.0,1,0.5029036678499982,0,1.7084164625838822,1.0,5.932864937479302e-16
9,1,step,False,9,0.6243284807757906,0.0,0.3279161076603897,0.3349818360725658,97.61428840538967,4,1.249645505709279,154,36.471645697460836,54.05235222147349,1.0,1,0.3913866199009298,0,1.7084164625838822,1.0,5.932864937479302e-16
9,1,step,False,10,1.7743448667122528,0.0,0.13898496592129797,1.0406885577753495,40.70322499449219,4,1.4769839727858245,83,7.801507214063661,10.397751771224254,1.0,1,0.3879225134920101,0,1.7084164625838822,1.0,5.932864937479302e-16
9,1,step,False,11,1.0972591878173263,0.0,0.2792895201560445,0.7425227093851822,65.40928099831156,4,1.2263952143406478,108,17.425073309112193,24.404618069607093,1.0,1,0.4856164823934031,0,1.7084164625838822,1.0,5.932864937479302e-16
9,1,step,False,12,2.5440052353798466,0.0,0.2411229841446357,1.6782903052148672,3.7329969318222256,4,8.4013883568947,6,6.0000000003222205,8.534894432161284,1.0,1,0.7963105213109211,0,1.7084164625838822,1.0,5.932864937479302e-16
9,1,step,False,13,1.065335976205895,0.0,0.15988510373123277,0.48074151789870073,99.54309701714674,4,1.2654416926309866,157,35.8242000193221,51.30125971846591,1.0,1,0.4542903086216214,0,1.7084164625838822,1.0,5.932864937479302e-16
9,1,step,False,14,0.6147355922993071,0.0,0.13444728392954045,0.23553545051378413,101.88338781080608,4,1.2131011237126672,155,42.54616209528608,56.32190117238338,1.0,1,0.3746440707211582,0,1.7084164625838822,1.0,5.932864937479302e-16
9,1,step,False,15,1.1390096535776728,0.0,0.09802056962033691,0.6436712604281858,103.97304012625618,4,1.084218045433002,155,43.82642858407712,60.958712330623,1.0,1,0.43020682393646653,0,1.7084164625838822,1.0,5.932864937479302e-16
9,1,step,False,16,1.2557821063963082,0.0,0.11611579825014204,0.6747425535690329,96.59675285176966,4,1.2449504557197069,153,29.19509157337148,41.8359724571946,1.0,1,0.32373203543260926,0,1.7084164625838822,1.0,5.932864937479302e-16
9,1,step,False,17,2.4046687697579534,1.4901161193847656e-08,0.09742479103182744,1.3791854268956292,33.0812012220659,4,1.6683970443998164,66,6.015185002316217,10.612403607488014,1.0,1,0.3739311871927535,0,1.7084164625838822,1.0,5.932864937479302e-16
9,1,step,False,18,1.5047639121030847,0.0,0.12618457708691785,0.9314880879902975,54.67622169110198,4,1.5949543931485424,93,17.8559324071023,26.138922190522386,1.0,1,0.48616392490976373,0,1.7084164625838822,1.0,5.932864937479302e-16
9,1,step,False,19,1.497484781295103,0.0,0.06854794014301595,0.8961007175209915,52.59368491985117,4,1.1888821417890714,97,12.798893428967256,19.697874575842242,1.0,1,0.4942365751691515,0,1.7084164625838822,1.0,5.932864937479302e-16
9,1,step,False,20,0.3913953812157383,0.0,0.45029835540271934,0.360824054902853,90.62980286426586,4,1.2649703156125822,146,32.1420444826835,46.74980486743438,1.0,1,0.44598362841941214,0,1.7084164625838822,1.0,5.932864937479302e-16
9,1,step,False,21,1.664103941613645,0.0,0.07277465176761311,1.1391165315662632,12.120125259295206,4,1.3443735004067154,22,6.000000000377103,8.308842931827598,1.0,1,0.24682698949680457,0,1.7084164625838822,1.0,5.932864937479302e-16
9,1,step,False,22,1.408979648993165,0.0,0.16533938859444647,0.6915377792758998,53.60540342249233,4,1.421516828106679,102,11.895609067305841,17.214234912493975,1.0,1,0.3344991093064228,0,1.7084164625838822,1.0,5.932864937479302e-16
9,1,step,False,23,0.36411673436852154,0.0,0.12471637197965432,0.2217320279639587,130.4884664982385,4,1.154610501318598,187,60.77400767995109,82.77528192639559,1.0,1,0.5616434375823419,0,1.7084164625838822,1.0,5.932864937479302e-16
9,2,step,False,0,1.9319150175304767,0.0,0.10922289075720497,1.1741594893840335,50.83765592911183,4,1.5080824678619769,94,6.461087598449073,9.867598220235248,1.0,1,0.3670960568180267,0,1.2080328657837966,0.6058913469314575,6.705592403434788e-16
9,2,step,False,1,2.297613715968394,0.0,0.16228131059326445,1.3195659414977998,9.036244677316205,4,1.4151987580563266,17,6.00000000057336,9.471261403885492,1.0,1,0.413621231459366,0,1.2080328657837966,0.6058913469314575,6.705592403434788e-16
9,2,step,False,2,0.3806438597462406,0.0,0.7688169237098971,0.3724109192463156,45.72076231280717,4,1.6999048964630479,77,15.405510042315633,23.114508857488413,1.0,1,0.2670356580404955,0,1.2080328657837966,0.6058913469314575,6.705592403434788e-16
9,2,step,False,3,2.589576667811834,0.0,0.1332238939908978,1.4685184233212882,21.878998199936778,4,1.4101589686111116,41,6.000000000256128,7.814823305823403,1.0,1,0.39705965103298047,0,1.2080328657837966,0.6058913469314575,6.705592403434788e-16
9,2,step,False,4,0.4350174884567207,0.0,0.6324199763837439,0.27689877281712677,46.06352586455857,4,1.326473862479658,82,17.442437060272397,24.986991520506216,1.0,1,0.3145256856555775,0,1.2080328657837966,0.6058913469314575,6.705592403434788e-16
9,2,step,False,5,1.1156952399600832,0.0,0.18023716553541275,0.6884010975879544,43.374717724875914,4,1.3542569949811656,78,13.576708910530451,19.132857815655008,1.0,1,0.16425641178409328,0,1.2080328657837966,0.6058913469314575,6.705592403434788e-16
9,2,step,False,6,1.3582674648938677,0.0,0.14676985899851125,0.7762411083543527,79.7391800660551,4,1.1534659600038029,129,27.68638786441627,38.34578881518058,1.0,1,0.30412142259366953,0,1.2080328657837966,0.6058913469314575,6.705592403434788e-16
9,2,step,False,7,1.0005504679814938,0.0,0.1466242093868162,0.5328449404557218,84.84485484469167,4,1.2284512066025288,138,28.910433805855337,40.10155942737603,1.0,1,0.3156609766347542,0,1.2080328657837966,0.6058913469314575,6.705592403434788e-16
9,2,step,False,8,1.9666485141928456,0.0,0.19737429712429255,1.2234565165012112,21.853085367342054,4,1.6307073254371576,46,6.0000000004894725,9.074011234904638,1.0,1,0.15788574407843584,0,1.2080328657837966,0.6058913469314575,6.705592403434788e-16
9,2,step,False,9,0.6243284807757906,0.0,0.3279161076603897,0.3349818360725658,97.61428840538967,4,1.249645505709279,154,38.54296177937245,55.64316721954819,1.0,1,0.2728750915598714,0,1.2080328657837966,0.6058913469314575,6.705592403434788e-16
9,2,step,False,10,1.7743448667122528,0.0,0.13898496592129797,1.0406885577753495,40.70322499449219,4,1.4769839727858245,83,6.480886807770573,9.082761039911475,1.0,1,0.3231381177559913,0,1.2080328657837966,0.6058913469314575,6.705592403434788e-16
9,2,step,False,11,1.0972591878173263,0.0,0.2792895201560445,0.7425227093851822,65.40928099831156,4,1.2263952143406478,108,19.263025828519783,27.156772290070464,1.0,1,0.24862620059084686,0,1.2080328657837966,0.6058913469314575,6.705592403434788e-16
9,2,step,False,12,2.5440052353798466,0.0,0.2411229841446357,1.6782903052148672,3.7329969318222256,4,8.4013883568947,6,6.000000000167072,8.038717559187212,1.0,1,0.2786380108229233,0,1.2080328657837966,0.6058913469314575,6.705592403434788e-16
9,2,step,False,13,1.065335976205895,0.0,0.15988510373123277,0.48074151789870073,99.54309701714674,4,1.2654416926309866,157,33.10762235855407,44.61644621590514,1.0,1,0.30887221987534763,0,1.2080328657837966,0.6058913469314575,6.705592403434788e-16
9,2,step,False,14,0.6147355922993071,0.0,0.13444728392954045,0.23553545051378413,101.88338781080608,4,1.2131011237126672,155,45.36253243913414,59.25882678315633,1.0,1,0.25968773723689464,0,1.2080328657837966,0.6058913469314575,6.705592403434788e-16
9,2,step,False,15,1.1390096535776728,0.0,0.09802056962033691,0.6436712604281858,103.97304012625618,4,1.084218045433002,155,41.19523980135756,54.41106466982665,1.0,1,0.23241644689372426,0,1.2080328657837966,0.6058913469314575,6.705592403434788e-16
9,2,step,False,16,1.2557821063963082,0.0,0.11611579825014204,0.6747425535690329,96.59675285176966,4,1.2449504557197069,153,27.342507454503412,39.268757394908214,1.0,1,0.21526416840996726,0,1.2080328657837966,0.6058913469314575,6.705592403434788e-16
9,2,step,False,17,2.4046687697579534,1.4901161193847656e-08,0.09742479103182744,1.3791854268956292,33.0812012220659,4,1.6683970443998164,66,6.000000000028365,9.741409475670292,1.0,1,0.2684791439403093,0,1.2080328657837966,0.6058913469314575,6.705592403434788e-16
9,2,step,False,18,1.5047639121030847,0.0,0.12618457708691785,0.9314880879902975,54.67622169110198,4,1.5949543931485424,93,16.63225839615088,23.749106352636925,1.0,1,0.3690554597347304,0,1.2080328657837966,0.6058913469314575,6.705592403434788e-16
9,2,step,False,19,1.497484781295103,0.0,0.06854794014301595,0.8961007175209915,52.59368491985117,4,1.1888821417890714,97,12.421032788340739,19.736774593340584,1.0,1,0.30825866005099783,0,1.2080328657837966,0.6058913469314575,6.705592403434788e-16
9,2,step,False,20,0.3913953812157383,0.0,0.45029835540271934,0.360824054902853,90.62980286426586,4,1.2649703156125822,146,37.72902815181431,53.90372923846934,1.0,1,0.24769356026027664,0,1.2080328657837966,0.6058913469314575,6.705592403434788e-16
9,2,step,False,21,1.664103941613645,0.0,0.07277465176761311,1.1391165315662632,12.120125259295206,4,1.3443735004067154,22,6.0000000001256675,8.401952055410108,1.0,1,0.2541292151794554,0,1.2080328657837966,0.6058913469314575,6.705592403434788e-16
9,2,step,False,22,1.408979648993165,0.0,0.16533938859444647,0.6915377792758998,53.60540342249233,4,1.421516828106679,102,12.807987130796214,19.035116690970106,1.0,1,0.21467589712489585,0,1.2080328657837966,0.6058913469314575,6.705592403434788e-16
9,2,step,False,23,0.36411673436852154,0.0,0.12471637197965432,0.2217320279639587,130.4884664982385,4,1.154610501318598,187,60.99213658356246,78.98076970090007,1.0,1,0.2138865005389144,0,1.2080328657837966,0.6058913469314575,6.705592403434788e-16
9,3,step,False,0,1.9319150175304767,0.0,0.10922289075720497,1.1741594893840335,50.83765592911183,4,1.5080824678619769,94,6.483453262937737,10.088494297641846,1.0,1,0.23786855724774836,0,0.854208231291941,0.36133973300457,2.915718792382382e-15
9,3,step,False,1,2.297613715968394,0.0,0.16228131059326445,1.3195659414977998,9.036244677316205,4,1.4151987580563266,17,6.000000000601646,9.572164695092306,1.0,1,0.31070566672302696,0,0.854208231291941,0.36133973300457,2.915718792382382e-15
9,3,step,False,2,0.3806438597462406,0.0,0.7688169237098971,0.3724109192463156,45.72076231280717,4,1.6999048964630479,77,18.30179201863382,26.570881179070515,1.0,1,0.18203096715207637,0,0.854208231291941,0.36133973300457,2.915718792382382e-15
9,3,step,False,3,2.589576667811834,0.0,0.1332238939908978,1.4685184233212882,21.878998199936778,4,1.4101589686111116,41,6.000000000323002,8.101623662041115,1.0,1,0.22927799749620886,0,0.854208231291941,0.36133973300457,2.915718792382382e-15
9,3,step,False,4,0.4350174884567207,0.0,0.6324199763837439,0.27689877281712677,46.06352586455857,4,1.326473862479658,82,20.694769967511252,29.10804760055824,1.0,1,0.07803549408842311,0,0.854208231291941,0.36133973300457,2.915718792382382e-15
9,3,step,False,5,1.1156952399600832,0.0,0.18023716553541275,0.6884010975879544,43.374717724875914,4,1.3542569949811656,78,15.30527788603483,21.186618861774487,1.0,1,0.07853179848740653,0,0.854208231291941,0.36133973300457,2.915718792382382e-15
9,3,step,False,6,1.3582674648938677,0.0,0.14676985899851125,0.7762411083543527,79.7391800660551,4,1.1534659600038029,129,24.623394945789865,32.39542992804443,1.0,1,0.17901907047915594,0,0.854208231291941,0.36133973300457,2.915718792382382e-15
9,3,step,False,7,1.0005504679814938,0.0,0.1466242093868162,0.5328449404557218,84.84485484469167,4,1.2284512066025288,138,30.15974745320354,40.49897740935368,1.0,1,0.18575350845420438,0,0.854208231291941,0.36133973300457,2.915718792382382e-15
9,3,step,False,8,1.9666485141928456,0.0,0.19737429712429255,1.2234565165012112,21.853085367342054,4,1.6307073254371576,46,6.000000000475072,8.474035101839194,1.0,1,0.12043062773166993,0,0.854208231291941,0.36133973300457,2.915718792382382e-15
9,3,step,False,9,0.6243284807757906,0.0,0.3279161076603897,0.3349818360725658,97.61428840538967,4,1.249645505709279,154,39.66953543637742,54.929364798413246,1.0,1,0.12544633313134212,0,0.854208231291941,0.36133973300457,2.915718792382382e-15
9,3,step,False,10,1.7743448667122528,0.0,0.13898496592129797,1.0406885577753495,40.70322499449219,4,1.4769839727858245,83,6.623723197512057,9.476080884948884,1.0,1,0.2965609148458614,0,0.854208231291941,0.36133973300457,2.915718792382382e-15
9,3,step,False,11,1.0972591878173263,0.0,0.2792895201560445,0.7425227093851822,65.40928099831156,4,1.2263952143406478,108,21.570924326713023,30.84204928214148,1.0,1,0.16730887378424247,0,0.854208231291941,0.36133973300457,2.915718792382382e-15
9,3,step,False,12,2.5440052353798466,0.0,0.2411229841446357,1.6782903052148672,3.7329969318222256,4,8.4013883568947,6,6.000000000059108,8.110859831688819,1.0,1,0.1724396460675942,0,0.854208231291941,0.36133973300457,2.915718792382382e-15
9,3,step,False,13,1.065335976205895,0.0,0.15988510373123277,0.48074151789870073,99.54309701714674,4,1.2654416926309866,157,31.979234968483958,42.03683147588843,1.0,1,0.14545484889543728,0,0.854208231291941,0.36133973300457,2.915718792382382e-15
9,3,step,False,14,0.6147355922993071,0.0,0.13444728392954045,0.23553545051378413,101.88338781080608,4,1.2131011237126672,155,43.76534135910183,55.702882133697464,1.0,1,0.11421466057958396,0,0.854208231291941,0.36133973300457,2.915718792382382e-15
9,3,step,False,15,1.1390096535776728,0.0,0.09802056962033691,0.6436712604281858,103.97304012625618,4,1.084218045433002,155,36.628910957015144,46.38984996287751,1.0,1,0.19446463485562296,0,0.854208231291941,0.36133973300457,2.915718792382382e-15
9,3,step,False,16,1.2557821063963082,0.0,0.11611579825014204,0.6747425535690329,96.59675285176966,4,1.2449504557197069,153,25.743602147530524,36.061028356026824,1.0,1,0.12215159889378274,0,0.854208231291941,0.36133973300457,2.915718792382382e-15
9,3,step,False,17,2.4046687697579534,1.4901161193847656e-08,0.09742479103182744,1.3791854268956292,33.0812012220659,4,1.6683970443998164,66,6.00000000018786,8.812373471549266,1.0,1,0.18418163771403656,0,0.854208231291941,0.36133973300457,2.915718792382382e-15
9,3,step,False,18,1.5047639121030847,0.0,0.12618457708691785,0.9314880879902975,54.67622169110198,4,1.5949543931485424,93,15.111673215188095,20.41231392582206,1.0,1,0.2160218289899967,0,0.854208231291941,0.36133973300457,2.915718792382382e-15
9,3,step,False,19,1.497484781295103,0.0,0.06854794014301595,0.8961007175209915,52.59368491985117,4,1.1888821417890714,97,11.33496325719109,16.14919733480151,1.0,1,0.15261551755513256,0,0.854208231291941,0.36133973300457,2.915718792382382e-15
9,3,step,False,20,0.3913953812157383,0.0,0.45029835540271934,0.360824054902853,90.62980286426586,4,1.2649703156125822,146,40.53791452021969,55.20287854191805,1.0,1,0.13526546523950292,0,0.854208231291941,0.36133973300457,2.915718792382382e-15
9,3,step,False,21,1.664103941613645,0.0,0.07277465176761311,1.1391165315662632,12.120125259295206,4,1.3443735004067154,22,6.000000000052113,7.9519427651238805,1.0,1,0.20738589913209476,0,0.854208231291941,0.36133973300457,2.915718792382382e-15
9,3,step,False,22,1.408979648993165,0.0,0.16533938859444647,0.6915377792758998,53.60540342249233,4,1.421516828106679,102,12.298484832187501,18.11468560031765,1.0,1,0.14028765523938114,0,0.854208231291941,0.36133973300457,2.915718792382382e-15
9,3,step,False,23,0.36411673436852154,0.0,0.12471637197965432,0.2217320279639587,130.4884664982385,4,1.154610501318598,187,60.51679565166313,76.76555387759177,1.0,1,0.16034465120756505,0,0.854208231291941,0.36133973300457,2.915718792382382e-15
