seed,phase_index,phase,failed,center,radius,sine,pilot_sine,gradient_norm,linear_mass,linear_rank,linear_condition,linear_support,function_mass,n_eff,manifold_mass,manifold_neighbors,slope_min_singular,slope_rank_zero,h,alpha,linear_relative_residual_max
0,0,init,False,0,2.013105417584776,0.10690290741397122,0.10690290741397018,1.2082318982774403,45.25131891809136,4,1.1798474781985144,79,nan,nan,1.0,1,nan,0,nan,nan,nan
0,0,init,False,1,1.8393261347459855,0.2414458876514696,0.24144588765146913,1.02054557365162,31.940513081492973,4,1.3217857462609153,65,nan,nan,1.0,1,nan,0,nan,nan,nan
0,0,init,False,2,0.8324216477026292,0.08631309360335346,0.08631309360335346,0.42633961418034694,95.70652241506949,4,1.2926125639595911,144,nan,nan,1.0,1,nan,0,nan,nan,nan
0,0,init,False,3,1.7671365625020585,0.05278562666083619,0.05278562666083619,0.9275987289059564,57.55429743684587,4,1.4961967445043285,104,nan,nan,1.0,1,nan,0,nan,nan,nan
0,0,init,False,4,0.189190438782976,0.41485844329334204,0.4148584432933423,0.28438677205814034,86.61455688672773,4,1.2253467761845325,137,nan,nan,1.0,1,nan,0,nan,nan,nan
0,0,init,False,5,0.9624957231516963,0.19381408199477188,0.19381408199477074,0.6436556018911967,100.66230206714853,4,1.401847941884606,152,nan,nan,1.0,1,nan,0,nan,nan,nan
0,0,init,False,6,1.878120422772648,0.10841157534649429,0.10841157534649223,1.170076458679142,56.30447193552446,4,1.227336443590866,96,nan,nan,1.0,1,nan,0,nan,nan,nan
0,0,init,False,7,1.1659714895589495,0.10507697372296015,0.10507697372295698,0.7127793246699999,51.99423262134718,4,1.5285894745866542,87,nan,nan,1.0,1,nan,0,nan,nan,nan
0,0,init,False,8,1.66032737134484,0.0894926862598072,0.0894926862598072,0.9389377553989154,11.819416878870557,4,2.026586931196822,26,nan,nan,1.0,1,nan,0,nan,nan,nan
0,0,init,False,9,1.6461682316146562,0.2545545490373323,0.2545545490373319,0.9738572244989234,37.543552928539356,4,1.4412322784247225,65,nan,nan,1.0,1,nan,0,nan,nan,nan
0,0,init,False,10,2.4714404049555068,0.16768494336027534,0.16768494336027534,1.7253275857301344,10.15448500645655,4,2.4079244265377597,20,nan,nan,1.0,1,nan,0,nan,nan,nan
0,0,init,False,11,0.8931465161478112,0.30791104675084585,0.307911046750844,0.5910489049098231,43.392081459615156,4,1.5331905489234308,83,nan,nan,1.0,1,nan,0,nan,nan,nan
0,0,init,False,12,0.8277010638072685,0.1677117631609907,0.167711763160992,0.49240734645412415,99.60092708268655,4,1.1788566064618986,158,nan,nan,1.0,1,nan,0,nan,nan,nan
0,0,init,False,13,1.6770024361296911,0.06651795239039342,0.06651795239039174,1.1040497441218842,47.8807759883679,4,1.3488019381897085,87,nan,nan,1.0,1,nan,0,nan,nan,nan
0,0,init,False,14,2.1318195481244704,0.05596476588006575,0.055964765880067734,1.2278878951404717,43.409210194733,4,1.4174425444032683,70,nan,nan,1.0,1,nan,0,nan,nan,nan
0,0,init,False,15,0.8702271550814301,0.13161740889607582,0.13161740889607412,0.5504888608426778,96.04184728257837,4,1.263563869945345,147,nan,nan,1.0,1,nan,0,nan,nan,nan
0,0,init,False,16,0.7714455089923629,0.39883476748606717,0.39883476748606717,0.5196999475222689,72.69219066972167,4,1.3384043689817446,117,nan,nan,1.0,1,nan,0,nan,nan,nan
0,0,init,False,17,0.2875326920240055,0.24231527765564903,0.2423152776556495,0.2732558112361853,76.68372379940722,4,1.2368547980033078,133,nan,nan,1.0,1,nan,0,nan,nan,nan
0,0,init,False,18,1.2405084321280169,0.37494740365869283,0.37494740365869283,0.743132142336476,6.5091475001375025,4,2.7889278686408487,15,nan,nan,1.0,1,nan,0,nan,nan,nan
0,0,init,False,19,1.7323699323297677,0.12211184342088886,0.12211184342088977,1.043615193750532,68.81193320483357,4,1.28081094247929,111,nan,nan,1.0,1,nan,0,nan,nan,nan
0,0,init,False,20,1.2578374095484226,0.17727366067743555,0.1772736606774362,0.833311457521915,76.88178852690064,4,1.4994073035874473,123,nan,nan,1.0,1,nan,0,nan,nan,nan
0,0,init,False,21,1.1944097178215622,0.08456492099424205,0.08456492099423943,0.6624887745711098,97.01859239689279,4,1.3516191907056236,147,nan,nan,1.0,1,nan,0,nan,nan,nan
0,0,init,False,22,1.2865519208297453,0.13373718552482963,0.13373718552482963,0.8923724374919266,57.60596565566867,4,1.1434171490671163,94,nan,nan,1.0,1,nan,0,nan,nan,nan
0,0,init,False,23,1.5882846153801122,0.1373802910210702,0.1373802910210718,0.973890297775329,67.926146062343,4,1.1695569105909993,108,nan,nan,1.0,1,nan,0,nan,nan,nan
0,1,step,False,0,2.013105417584776,0.07732197365761241,0.10690290741397018,1.2082318982774403,45.25131891809136,4,1.1798474781985144,79,17.4546104486637,23.961986672685068,1.0,1,0.22469442456027125,0,1.6633575396573566,1.0,2.873360615441126e-15
0,1,step,False,1,1.8393261347459855,0.15573732417809788,0.24144588765146913,1.02054557365162,31.940513081492973,4,1.3217857462609153,65,7.579997456447989,11.752720477847017,1.0,1,0.5049889657999679,0,1.6633575396573566,1.0,2.873360615441126e-15
0,1,step,False,2,0.8324216477026292,0.07189168829031324,0.08631309360335346,0.42633961418034694,95.70652241506949,4,1.2926125639595911,144,39.04149238121993,53.52184722682377,1.0,1,0.3844583950788103,0,1.6633575396573566,1.0,2.873360615441126e-15
0,1,step,False,3,1.7671365625020585,0.07960603911416314,0.05278562666083619,0.9275987289059564,57.55429743684587,4,1.4961967445043285,104,15.163882051344746,22.044532642816744,1.0,1,0.40881342867374904,0,1.6633575396573566,1.0,2.873360615441126e-15
0,1,step,False,4,0.189190438782976,0.5075225262102904,0.4148584432933423,0.28438677205814034,86.61455688672773,4,1.2253467761845325,137,25.554443758003906,36.20749948444799,1.0,1,0.7375402806700571,0,1.6633575396573566,1.0,2.873360615441126e-15
0,1,step,False,5,0.9624957231516963,0.13465479524895324,0.19381408199477074,0.6436556018911967,100.66230206714853,4,1.401847941884606,152,36.74984926202968,53.28940696474683,1.0,1,0.4280000165380529,0,1.6633575396573566,1.0,2.873360615441126e-15
0,1,step,False,6,1.878120422772648,0.1265430106413298,0.10841157534649223,1.170076458679142,56.30447193552446,4,1.227336443590866,96,16.30466619306752,24.419020375902583,1.0,1,0.3491129758566631,0,1.6633575396573566,1.0,2.873360615441126e-15
0,1,step,False,7,1.1659714895589495,0.11885633789040038,0.10507697372295698,0.7127793246699999,51.99423262134718,4,1.5285894745866542,87,16.326597374167847,24.162443271568044,1.0,1,0.45708901072092806,0,1.6633575396573566,1.0,2.873360615441126e-15
0,1,step,False,8,1.66032737134484,0.0502081004931417,0.0894926862598072,0.9389377553989154,11.819416878870557,4,2.026586931196822,26,6.000000000489575,8.925584573627361,1.0,1,0.5270367671446208,0,1.6633575396573566,1.0,2.873360615441126e-15
0,1,step,False,9,1.6461682316146562,0.19894902155947802,0.2545545490373319,0.9738572244989234,37.543552928539356,4,1.4412322784247225,65,8.956131186618911,14.270276243278207,1.0,1,0.35127193861964034,0,1.6633575396573566,1.0,2.873360615441126e-15
0,1,step,False,10,2.4714404049555068,0.17796116658273944,0.16768494336027534,1.7253275857301344,10.15448500645655,4,2.4079244265377597,20,6.000000000298861,8.05804491552736,1.0,1,0.8598971756538734,0,1.6633575396573566,1.0,2.873360615441126e-15
0,1,step,False,11,0.8931465161478112,0.366416154187076,0.307911046750844,0.5910489049098231,43.392081459615156,4,1.5331905489234308,83,9.28373646072881,14.054071923001677,1.0,1,0.3164392648722947,0,1.6633575396573566,1.0,2.873360615441126e-15
0,1,step,False,12,0.8277010638072685,0.06390456589654908,0.167711763160992,0.49240734645412415,99.60092708268655,4,1.1788566064618986,158,32.30047513535959,45.83697318429608,1.0,1,0.35397378153357345,0,1.6633575396573566,1.0,2.873360615441126e-15
0,1,step,False,13,1.6770024361296911,0.13508191797677935,0.06651795239039174,1.1040497441218842,47.8807759883679,4,1.3488019381897085,87,11.445401823981266,18.815252933834888,1.0,1,0.3290658380294706,0,1.6633575396573566,1.0,2.873360615441126e-15
0,1,step,False,14,2.1318195481244704,0.0482523005964235,0.055964765880067734,1.2278878951404717,43.409210194733,4,1.4174425444032683,70,15.236600952775309,20.434156746746734,1.0,1,0.25926222790732817,0,1.6633575396573566,1.0,2.873360615441126e-15
0,1,step,False,15,0.8702271550814301,0.15297239657912637,0.13161740889607412,0.5504888608426778,96.04184728257837,4,1.263563869945345,147,43.99338190045703,58.48920776596773,1.0,1,0.40350540330159906,0,1.6633575396573566,1.0,2.873360615441126e-15
0,1,step,False,16,0.7714455089923629,0.21867434207255462,0.39883476748606717,0.5196999475222689,72.69219066972167,4,1.3384043689817446,117,23.329803068498148,35.481925059749955,1.0,1,0.4833830003227279,0,1.6633575396573566,1.0,2.873360615441126e-15
0,1,step,False,17,0.2875326920240055,0.24753620008248609,0.2423152776556495,0.2732558112361853,76.68372379940722,4,1.2368547980033078,133,26.466136655396323,37.70596262011128,1.0,1,0.4304282818585724,0,1.6633575396573566,1.0,2.873360615441126e-15
0,1,step,False,18,1.2405084321280169,0.38749316703677,0.37494740365869283,0.743132142336476,6.5091475001375025,4,2.7889278686408487,15,6.000000000188077,8.234439146988501,1.0,1,0.7050425768326,0,1.6633575396573566,1.0,2.873360615441126e-15
0,1,step,False,19,1.7323699323297677,0.07400208054449958,0.12211184342088977,1.043615193750532,68.81193320483357,4,1.28081094247929,111,24.393795253637936,32.912126769974215,1.0,1,0.5227452735181843,0,1.6633575396573566,1.0,2.873360615441126e-15
0,1,step,False,20,1.2578374095484226,0.08980810093716456,0.1772736606774362,0.833311457521915,76.88178852690064,4,1.4994073035874473,123,23.194459139978036,34.79255635761158,1.0,1,0.19941527433521475,0,1.6633575396573566,1.0,2.873360615441126e-15
0,1,step,False,21,1.1944097178215622,0.02281004180837714,0.08456492099423943,0.6624887745711098,97.01859239689279,4,1.3516191907056236,147,37.18784215673985,49.2169066251834,1.0,1,0.5171291335650973,0,1.6633575396573566,1.0,2.873360615441126e-15
0,1,step,False,22,1.2865519208297453,0.1927444276633917,0.13373718552482963,0.8923724374919266,57.60596565566867,4,1.1434171490671163,94,18.698269447754594,25.416132723044406,1.0,1,0.4368301641587613,0,1.6633575396573566,1.0,2.873360615441126e-15
0,1,step,False,23,1.5882846153801122,0.11492673891255188,0.1373802910210718,0.973890297775329,67.926146062343,4,1.1695569105909993,108,23.620896660295074,30.167718623983,1.0,1,0.3995955552135633,0,1.6633575396573566,1.0,2.873360615441126e-15
0,2,step,False,0,2.013105417584776,0.16095435454647894,0.10690290741397018,1.2082318982774403,45.25131891809136,4,1.1798474781985144,79,14.407528211933345,19.07037031338882,1.0,1,0.1577877317925551,0,1.1761713958294884,0.5951808094978333,3.006219113252248e-14
0,2,step,False,1,1.8393261347459855,0.26227261829319454,0.24144588765146913,1.02054557365162,31.940513081492973,4,1.3217857462609153,65,8.459290646737928,12.442600653570766,1.0,1,0.12384782365882309,0,1.1761713958294884,0.5951808094978333,3.006219113252248e-14
0,2,step,False,2,0.8324216477026292,0.0778654053942666,0.08631309360335346,0.42633961418034694,95.70652241506949,4,1.2926125639595911,144,39.97747641497141,52.71984838263546,1.0,1,0.2387923370997929,0,1.1761713958294884,0.5951808094978333,3.006219113252248e-14
0,2,step,False,3,1.7671365625020585,0.0855599363922971,0.05278562666083619,0.9275987289059564,57.55429743684587,4,1.4961967445043285,104,14.374411938373717,19.217832131584856,1.0,1,0.15197243113937173,0,1.1761713958294884,0.5951808094978333,3.006219113252248e-14
0,2,step,False,4,0.189190438782976,0.6312893123669979,0.4148584432933423,0.28438677205814034,86.61455688672773,4,1.2253467761845325,137,26.52028959909623,36.49910303497637,1.0,1,0.2429726259227705,0,1.1761713958294884,0.5951808094978333,3.006219113252248e-14
0,2,step,False,5,0.9624957231516963,0.15467747668713566,0.19381408199477074,0.6436556018911967,100.66230206714853,4,1.401847941884606,152,39.49532874474909,55.53710301603526,1.0,1,0.25502291425002244,0,1.1761713958294884,0.5951808094978333,3.006219113252248e-14
0,2,step,False,6,1.878120422772648,0.16302344168582075,0.10841157534649223,1.170076458679142,56.30447193552446,4,1.227336443590866,96,15.11903184115636,20.70347747713737,1.0,1,0.21978479008470905,0,1.1761713958294884,0.5951808094978333,3.006219113252248e-14
0,2,step,False,7,1.1659714895589495,0.14286450256026698,0.10507697372295698,0.7127793246699999,51.99423262134718,4,1.5285894745866542,87,17.03673362253833,24.132535720120675,1.0,1,0.32394240587667755,0,1.1761713958294884,0.5951808094978333,3.006219113252248e-14
0,2,step,False,8,1.66032737134484,0.06829374665344191,0.0894926862598072,0.9389377553989154,11.819416878870557,4,2.026586931196822,26,6.000000000692779,9.342332241288267,1.0,1,0.25274179970696975,0,1.1761713958294884,0.5951808094978333,3.006219113252248e-14
0,2,step,False,9,1.6461682316146562,0.2128563789774821,0.2545545490373319,0.9738572244989234,37.543552928539356,4,1.4412322784247225,65,8.143049170924822,11.728840043465553,1.0,1,0.19036670473324332,0,1.1761713958294884,0.5951808094978333,3.006219113252248e-14
0,2,step,False,10,2.4714404049555068,0.16850680924574155,0.16768494336027534,1.7253275857301344,10.15448500645655,4,2.4079244265377597,20,6.000000000033909,9.229924899152536,1.0,1,0.7058108062458237,0,1.1761713958294884,0.5951808094978333,3.006219113252248e-14
0,2,step,False,11,0.8931465161478112,0.32690398201736154,0.307911046750844,0.5910489049098231,43.392081459615156,4,1.5331905489234308,83,9.624562903971572,14.28638866002059,1.0,1,0.20827760271848553,0,1.1761713958294884,0.5951808094978333,3.006219113252248e-14
0,2,step,False,12,0.8277010638072685,0.12318929206215741,0.167711763160992,0.49240734645412415,99.60092708268655,4,1.1788566064618986,158,35.31275000311639,49.4888074915167,1.0,1,0.24492189254283384,0,1.1761713958294884,0.5951808094978333,3.006219113252248e-14
0,2,step,False,13,1.6770024361296911,0.19929074238178435,0.06651795239039174,1.1040497441218842,47.8807759883679,4,1.3488019381897085,87,9.28490108202271,13.780448339883893,1.0,1,0.4142369439442155,0,1.1761713958294884,0.5951808094978333,3.006219113252248e-14
0,2,step,False,14,2.1318195481244704,0.044030155190162415,0.055964765880067734,1.2278878951404717,43.409210194733,4,1.4174425444032683,70,11.841552869568693,14.944559795288425,1.0,1,0.21543845768297842,0,1.1761713958294884,0.5951808094978333,3.006219113252248e-14
0,2,step,False,15,0.8702271550814301,0.21322473896516977,0.13161740889607412,0.5504888608426778,96.04184728257837,4,1.263563869945345,147,42.093302846862755,55.00104749511027,1.0,1,0.5128742992652541,0,1.1761713958294884,0.5951808094978333,3.006219113252248e-14
0,2,step,False,16,0.7714455089923629,0.34546583476113796,0.39883476748606717,0.5196999475222689,72.69219066972167,4,1.3384043689817446,117,25.435711884233772,37.24092771777335,1.0,1,0.3491030422506768,0,1.1761713958294884,0.5951808094978333,3.006219113252248e-14
0,2,step,False,17,0.2875326920240055,0.33526742727710046,0.2423152776556495,0.2732558112361853,76.68372379940722,4,1.2368547980033078,133,30.864146764585946,43.59723374509407,1.0,1,0.31086351205916374,0,1.1761713958294884,0.5951808094978333,3.006219113252248e-14
0,2,step,False,18,1.2405084321280169,0.33467388910963425,0.37494740365869283,0.743132142336476,6.5091475001375025,4,2.7889278686408487,15,6.00000000040888,8.221318868926453,1.0,1,0.31541502920780773,0,1.1761713958294884,0.5951808094978333,3.006219113252248e-14
0,2,step,False,19,1.7323699323297677,0.04324846389564263,0.12211184342088977,1.043615193750532,68.81193320483357,4,1.28081094247929,111,20.365145912726046,27.213936129145203,1.0,1,0.3837488467315534,0,1.1761713958294884,0.5951808094978333,3.006219113252248e-14
0,2,step,False,20,1.2578374095484226,0.11829588606455373,0.1772736606774362,0.833311457521915,76.88178852690064,4,1.4994073035874473,123,25.143929544538878,37.09896904828927,1.0,1,0.1996583380358436,0,1.1761713958294884,0.5951808094978333,3.006219113252248e-14
0,2,step,False,21,1.1944097178215622,0.11036317736907843,0.08456492099423943,0.6624887745711098,97.01859239689279,4,1.3516191907056236,147,36.86458321490592,48.51392430070854,1.0,1,0.3633677574769254,0,1.1761713958294884,0.5951808094978333,3.006219113252248e-14
0,2,step,False,22,1.2865519208297453,0.31371100023778353,0.13373718552482963,0.8923724374919266,57.60596565566867,4,1.1434171490671163,94,19.810072223444465,26.8461601982939,1.0,1,0.26079030155689903,0,1.1761713958294884,0.5951808094978333,3.006219113252248e-14
0,2,step,False,23,1.5882846153801122,0.07929762300699605,0.1373802910210718,0.973890297775329,67.926146062343,4,1.1695569105909993,108,22.67425431868763,30.006299108952536,1.0,1,0.2909943831757643,0,1.1761713958294884,0.5951808094978333,3.006219113252248e-14
0,3,step,False,0,2.013105417584776,0.21537819416138526,0.10690290741397018,1.2082318982774403,45.25131891809136,4,1.1798474781985144,79,11.14585953265913,13.623263699836347,1.0,1,0.11110687500715612,0,0.8316787698286782,0.35094505548477173,1.2411586319186396e-12
0,3,step,False,1,1.8393261347459855,0.368988316029508,0.24144588765146913,1.02054557365162,31.940513081492973,4,1.3217857462609153,65,10.676665542824189,14.594447329520671,1.0,1,0.11342403353625327,0,0.8316787698286782,0.35094505548477173,1.2411586319186396e-12
0,3,step,False,2,0.8324216477026292,0.16448551223644728,0.08631309360335346,0.42633961418034694,95.70652241506949,4,1.2926125639595911,144,40.73255369871007,53.25725151864696,1.0,1,0.09531543178853213,0,0.8316787698286782,0.35094505548477173,1.2411586319186396e-12
0,3,step,False,3,1.7671365625020585,0.07571353405688513,0.05278562666083619,0.9275987289059564,57.55429743684587,4,1.4961967445043285,104,13.860974517435473,17.25753338766373,1.0,1,0.10382865100393712,0,0.8316787698286782,0.35094505548477173,1.2411586319186396e-12
0,3,step,False,4,0.189190438782976,0.514963792571268,0.4148584432933423,0.28438677205814034,86.61455688672773,4,1.2253467761845325,137,29.798006780083224,42.703282793642614,1.0,1,0.13255072303405538,0,0.8316787698286782,0.35094505548477173,1.2411586319186396e-12
0,3,step,False,5,0.9624957231516963,0.1993983058079018,0.19381408199477074,0.6436556018911967,100.66230206714853,4,1.401847941884606,152,38.89980057300289,53.52476981278432,1.0,1,0.1436118665720136,0,0.8316787698286782,0.35094505548477173,1.2411586319186396e-12
0,3,step,False,6,1.878120422772648,0.05768769608534093,0.10841157534649223,1.170076458679142,56.30447193552446,4,1.227336443590866,96,14.942983290748204,19.702848195627833,1.0,1,0.1480463179931524,0,0.8316787698286782,0.35094505548477173,1.2411586319186396e-12
0,3,step,False,7,1.1659714895589495,0.22215382280609702,0.10507697372295698,0.7127793246699999,51.99423262134718,4,1.5285894745866542,87,18.27263670490501,25.64983544440992,1.0,1,0.17908970585557277,0,0.8316787698286782,0.35094505548477173,1.2411586319186396e-12
0,3,step,False,8,1.66032737134484,0.12737758170882918,0.0894926862598072,0.9389377553989154,11.819416878870557,4,2.026586931196822,26,6.000000000010079,8.58002923398683,1.0,1,0.1087830286903661,0,0.8316787698286782,0.35094505548477173,1.2411586319186396e-12
0,3,step,False,9,1.6461682316146562,0.1192000585598209,0.2545545490373319,0.9738572244989234,37.543552928539356,4,1.4412322784247225,65,7.765260583838962,10.071150104599322,1.0,1,0.1308300629445953,0,0.8316787698286782,0.35094505548477173,1.2411586319186396e-12
0,3,step,False,10,2.4714404049555068,0.09306311098886878,0.16768494336027534,1.7253275857301344,10.15448500645655,4,2.4079244265377597,20,6.000000000106562,8.886934846301262,1.0,1,0.50856258970645,0,0.8316787698286782,0.35094505548477173,1.2411586319186396e-12
0,3,step,False,11,0.8931465161478112,0.42238019356306056,0.307911046750844,0.5910489049098231,43.392081459615156,4,1.5331905489234308,83,12.228952932310987,17.77351151022489,1.0,1,0.1273168707131863,0,0.8316787698286782,0.35094505548477173,1.2411586319186396e-12
0,3,step,False,12,0.8277010638072685,0.11988212602497687,0.167711763160992,0.49240734645412415,99.60092708268655,4,1.1788566064618986,158,36.910498340635634,50.17244116331878,1.0,1,0.15319227567298915,0,0.8316787698286782,0.35094505548477173,1.2411586319186396e-12
0,3,step,False,13,1.6770024361296911,0.16387033446479635,0.06651795239039174,1.1040497441218842,47.8807759883679,4,1.3488019381897085,87,9.542624577709129,13.26233898182523,1.0,1,0.19278790016997555,0,0.8316787698286782,0.35094505548477173,1.2411586319186396e-12
0,3,step,False,14,2.1318195481244704,0.15431379377295767,0.055964765880067734,1.2278878951404717,43.409210194733,4,1.4174425444032683,70,10.048694371042508,13.776281545571884,1.0,1,0.12705817271370745,0,0.8316787698286782,0.35094505548477173,1.2411586319186396e-12
0,3,step,False,15,0.8702271550814301,0.25323202805543926,0.13161740889607412,0.5504888608426778,96.04184728257837,4,1.263563869945345,147,38.98125296170721,50.353447677439625,1.0,1,0.23418576292797283,0,0.8316787698286782,0.35094505548477173,1.2411586319186396e-12
0,3,step,False,16,0.7714455089923629,0.4520472029586514,0.39883476748606717,0.5196999475222689,72.69219066972167,4,1.3384043689817446,117,27.13860879410898,37.92348173721907,1.0,1,0.14552044101711628,0,0.8316787698286782,0.35094505548477173,1.2411586319186396e-12
0,3,step,False,17,0.2875326920240055,0.3143555645690492,0.2423152776556495,0.2732558112361853,76.68372379940722,4,1.2368547980033078,133,31.616823241960898,44.275823535856446,1.0,1,0.11662247372637076,0,0.8316787698286782,0.35094505548477173,1.2411586319186396e-12
0,3,step,False,18,1.2405084321280169,0.1879690866566318,0.37494740365869283,0.743132142336476,6.5091475001375025,4,2.7889278686408487,15,6.000000000295191,8.676307741907515,1.0,1,0.11594065763917517,0,0.8316787698286782,0.35094505548477173,1.2411586319186396e-12
0,3,step,False,19,1.7323699323297677,0.06692672921397026,0.12211184342088977,1.043615193750532,68.81193320483357,4,1.28081094247929,111,17.523101148174323,22.04951434927513,1.0,1,0.13133696373134757,0,0.8316787698286782,0.35094505548477173,1.2411586319186396e-12
0,3,step,False,20,1.2578374095484226,0.13928376988331825,0.1772736606774362,0.833311457521915,76.88178852690064,4,1.4994073035874473,123,25.453992321652517,37.0241557835276,1.0,1,0.11302625263531431,0,0.8316787698286782,0.35094505548477173,1.2411586319186396e-12
0,3,step,False,21,1.1944097178215622,0.17845694896503253,0.08456492099423943,0.6624887745711098,97.01859239689279,4,1.3516191907056236,147,35.60929211927207,46.97463265669032,1.0,1,0.13526588500638725,0,0.8316787698286782,0.35094505548477173,1.2411586319186396e-12
0,3,step,False,22,1.2865519208297453,0.25705679627652245,0.13373718552482963,0.8923724374919266,57.60596565566867,4,1.1434171490671163,94,20.363307947275832,27.61045475076591,1.0,1,0.20972957890755464,0,0.8316787698286782,0.35094505548477173,1.2411586319186396e-12
0,3,step,False,23,1.5882846153801122,0.036658239974354294,0.1373802910210718,0.973890297775329,67.926146062343,4,1.1695569105909993,108,19.170830550932124,23.28412600042066,1.0,1,0.15475339266042426,0,0.8316787698286782,0.35094505548477173,1.2411586319186396e-12
1,0,init,False,0,1.5749285892107503,0.05266626956232097,0.05266626956231886,1.0456497293241727,58.1255192699806,4,1.3359299744479276,100,nan,nan,1.0,1,nan,0,nan,nan,nan
1,0,init,False,1,1.2597795664531544,0.006743372039052877,0.006743372039069341,0.8630006868235384,73.4203802244768,4,1.3014780187753279,119,nan,nan,1.0,1,nan,0,nan,nan,nan
1,0,init,False,2,1.321130606706036,0.11543906753709837,0.11543906753709644,0.8806445562429156,64.21333978017283,4,1.3680608408512542,109,nan,nan,1.0,1,nan,0,nan,nan,nan
1,0,init,False,3,0.7822524636658202,0.4416449657308505,0.44164496573085077,0.5516281588328207,31.65460114810914,4,1.5401210518536577,63,nan,nan,1.0,1,nan,0,nan,nan,nan
1,0,init,False,4,0.34434947603663596,0.2629529020266202,0.2629529020266202,0.26148535687877,110.76965662245044,4,1.2506721675324675,171,nan,nan,1.0,1,nan,0,nan,nan,nan
1,0,init,False,5,1.4417495312968414,0.11580421223612451,0.11580421223612355,0.8189884660021316,58.85843969092172,4,1.443776098345645,109,nan,nan,1.0,1,nan,0,nan,nan,nan
1,0,init,False,6,1.00972397712654,0.1736399606520158,0.17363996065201645,0.5395588078365875,53.26794803322947,4,1.4548996150584552,93,nan,nan,1.0,1,nan,0,nan,nan,nan
1,0,init,False,7,1.2185947329704703,0.2419534762137114,0.24195347621371185,0.8414793850028799,59.776321990038106,4,1.5824914426247365,102,nan,nan,1.0,1,nan,0,nan,nan,nan
1,0,init,False,8,1.0529759994370083,0.22055200303460834,0.22055200303460834,0.6576183775429378,90.63043919268989,4,1.2089503562504371,135,nan,nan,1.0,1,nan,0,nan,nan,nan
1,0,init,False,9,0.29021406196150945,0.9670807746197337,0.9670807746197337,0.1982428341906109,86.10041172850613,4,1.3027633038404485,140,nan,nan,1.0,1,nan,0,nan,nan,nan
1,0,init,False,10,1.385073693952201,0.1321596210350355,0.13215962103503467,0.789350777110115,71.91980943756451,4,1.3079830281169158,120,nan,nan,1.0,1,nan,0,nan,nan,nan
1,0,init,False,11,1.039287979344075,0.23118558247061338,0.23118558247061435,0.5870922888283767,44.593612143074274,4,1.4179461310870287,80,nan,nan,1.0,1,nan,0,nan,nan,nan
1,0,init,False,12,1.093621695593289,0.13041988552657283,0.13041988552657197,0.7660395917318017,83.87676452846466,4,1.2362845540544831,127,nan,nan,1.0,1,nan,0,nan,nan,nan
1,0,init,False,13,0.9736580260817508,0.3084883333299315,0.3084883333299315,0.5869158572797941,60.767410951634155,4,1.3012547771511178,99,nan,nan,1.0,1,nan,0,nan,nan,nan
1,0,init,False,14,1.313802687997899,0.1646470576684292,0.1646470576684292,0.8547961781115798,76.4711253420775,4,1.2740067003456363,123,nan,nan,1.0,1,nan,0,nan,nan,nan
1,0,init,False,15,2.345362840709062,0.18844460267552837,0.18844460267552837,1.3936670035970806,15.315387151269974,4,1.6743011216639352,34,nan,nan,1.0,1,nan,0,nan,nan,nan
1,0,init,False,16,0.720181991764751,0.07242064530018362,0.0724206453001821,0.48166211738700226,73.38432044625401,4,1.3478844172948343,114,nan,nan,1.0,1,nan,0,nan,nan,nan
1,0,init,False,17,1.2805013366604237,0.24353558287222252,0.24353558287222207,0.7707768203473779,39.55629964356406,4,1.4893567238615686,75,nan,nan,1.0,1,nan,0,nan,nan,nan
1,0,init,False,18,0.8160002170453344,0.1885685474603186,0.1885685474603186,0.5495810023567146,80.73122378063826,4,1.2727468403386215,129,nan,nan,1.0,1,nan,0,nan,nan,nan
1,0,init,False,19,1.3316689125660606,0.12630496662992177,0.12630496662992002,0.9147970231724395,15.966969068378386,4,1.6890374174626903,37,nan,nan,1.0,1,nan,0,nan,nan,nan
1,0,init,False,20,1.542113069582152,0.08537846206211722,0.08537846206211981,0.9928620230514716,50.35094875946201,4,1.2156112198778257,85,nan,nan,1.0,1,nan,0,nan,nan,nan
1,0,init,False,21,2.0051335288065353,0.0741215130623265,0.0741215130623265,1.330418673404337,35.97508400818381,4,1.362173227191439,63,nan,nan,1.0,1,nan,0,nan,nan,nan
1,0,init,False,22,2.5644615416402696,0.14977112997604028,0.1497711299760425,1.5824513265501605,17.124575495420004,4,1.6590726355233671,30,nan,nan,1.0,1,nan,0,nan,nan,nan
1,0,init,False,23,1.107052378092518,0.19492534343252446,0.19492534343252502,0.6743392677323732,87.14941156343991,4,1.3010299865835984,137,nan,nan,1.0,1,nan,0,nan,nan,nan
1,1,step,False,0,1.5749285892107503,0.0807675959227254,0.05266626956231886,1.0456497293241727,58.1255192699806,4,1.3359299744479276,100,20.59852130321884,28.479483566494398,1.0,1,0.5020596405858208,0,1.6558287014937831,1.0,8.286486135608727e-16
1,1,step,False,1,1.2597795664531544,0.07800716758370721,0.006743372039069341,0.8630006868235384,73.4203802244768,4,1.3014780187753279,119,28.40386179477597,38.63465136606058,1.0,1,0.48442697718769123,0,1.6558287014937831,1.0,8.286486135608727e-16
1,1,step,False,2,1.321130606706036,0.0950323860425926,0.11543906753709644,0.8806445562429156,64.21333978017283,4,1.3680608408512542,109,17.855639041357886,25.868303825078737,1.0,1,0.3160925418304238,0,1.6558287014937831,1.0,8.286486135608727e-16
1,1,step,False,3,0.7822524636658202,0.3795433570065233,0.44164496573085077,0.5516281588328207,31.65460114810914,4,1.5401210518536577,63,8.489344067855889,12.618002529473353,1.0,1,0.4443511537610807,0,1.6558287014937831,1.0,8.286486135608727e-16
1,1,step,False,4,0.34434947603663596,0.3309169639548129,0.2629529020266202,0.26148535687877,110.76965662245044,4,1.2506721675324675,171,43.47201625408509,59.248157521185114,1.0,1,0.45877590344485986,0,1.6558287014937831,1.0,8.286486135608727e-16
1,1,step,False,5,1.4417495312968414,0.15689548232124073,0.11580421223612355,0.8189884660021316,58.85843969092172,4,1.443776098345645,109,19.740985148939526,26.420632451306382,1.0,1,0.4610931901863851,0,1.6558287014937831,1.0,8.286486135608727e-16
1,1,step,False,6,1.00972397712654,0.14659245942480864,0.17363996065201645,0.5395588078365875,53.26794803322947,4,1.4548996150584552,93,13.887473030153876,19.684940243892243,1.0,1,0.36355074935899506,0,1.6558287014937831,1.0,8.286486135608727e-16
1,1,step,False,7,1.2185947329704703,0.11451087356281987,0.24195347621371185,0.8414793850028799,59.776321990038106,4,1.5824914426247365,102,18.89287660936788,29.191093076605014,1.0,1,0.3822559223113776,0,1.6558287014937831,1.0,8.286486135608727e-16
1,1,step,False,8,1.0529759994370083,0.08139047066351844,0.22055200303460834,0.6576183775429378,90.63043919268989,4,1.2089503562504371,135,32.77956836697321,48.72410113322512,1.0,1,0.5039370296099632,0,1.6558287014937831,1.0,8.286486135608727e-16
1,1,step,False,9,0.29021406196150945,0.8266838811914623,0.9670807746197337,0.1982428341906109,86.10041172850613,4,1.3027633038404485,140,27.769282057771342,40.20620643288194,1.0,1,0.4254097145405581,0,1.6558287014937831,1.0,8.286486135608727e-16
1,1,step,False,10,1.385073693952201,0.0959522818298216,0.13215962103503467,0.789350777110115,71.91980943756451,4,1.3079830281169158,120,20.951430197476885,31.43172029939866,1.0,1,0.3370550659669567,0,1.6558287014937831,1.0,8.286486135608727e-16
1,1,step,False,11,1.039287979344075,0.12283032424337098,0.23118558247061435,0.5870922888283767,44.593612143074274,4,1.4179461310870287,80,13.294875268863809,18.783504810958583,1.0,1,0.35950653206492755,0,1.6558287014937831,1.0,8.286486135608727e-16
1,1,step,False,12,1.093621695593289,0.08400858595005344,0.13041988552657197,0.7660395917318017,83.87676452846466,4,1.2362845540544831,127,27.190900311888967,38.4470171310464,1.0,1,0.37872821638749943,0,1.6558287014937831,1.0,8.286486135608727e-16
1,1,step,False,13,0.9736580260817508,0.13838363614833973,0.3084883333299315,0.5869158572797941,60.767410951634155,4,1.3012547771511178,99,21.54043517163722,30.648319502897117,1.0,1,0.6293830472957288,0,1.6558287014937831,1.0,8.286486135608727e-16
1,1,step,False,14,1.313802687997899,0.1366923458448477,0.1646470576684292,0.8547961781115798,76.4711253420775,4,1.2740067003456363,123,23.89193754753978,34.23326527540986,1.0,1,0.36811438826106385,0,1.6558287014937831,1.0,8.286486135608727e-16
1,1,step,False,15,2.345362840709062,0.2489135569112223,0.18844460267552837,1.3936670035970806,15.315387151269974,4,1.6743011216639352,34,6.000000000090481,8.099955904488485,1.0,1,0.3712131718444052,0,1.6558287014937831,1.0,8.286486135608727e-16
1,1,step,False,16,0.720181991764751,0.14741283031819521,0.0724206453001821,0.48166211738700226,73.38432044625401,4,1.3478844172948343,114,23.475585983024153,33.17452902246887,1.0,1,0.5647249551702231,0,1.6558287014937831,1.0,8.286486135608727e-16
1,1,step,False,17,1.2805013366604237,0.25848388423831975,0.24353558287222207,0.7707768203473779,39.55629964356406,4,1.4893567238615686,75,10.523665166772878,14.662491689527567,1.0,1,0.3840026430688983,0,1.6558287014937831,1.0,8.286486135608727e-16
1,1,step,False,18,0.8160002170453344,0.11967380373073776,0.1885685474603186,0.5495810023567146,80.73122378063826,4,1.2727468403386215,129,32.66170119490752,44.752394551646056,1.0,1,0.2952067537950386,0,1.6558287014937831,1.0,8.286486135608727e-16
1,1,step,False,19,1.3316689125660606,0.14371128527106472,0.12630496662992002,0.9147970231724395,15.966969068378386,4,1.6890374174626903,37,6.000000000292305,8.313421079909691,1.0,1,0.4916252428717935,0,1.6558287014937831,1.0,8.286486135608727e-16
1,1,step,False,20,1.542113069582152,0.0768690931315473,0.08537846206211981,0.9928620230514716,50.35094875946201,4,1.2156112198778257,85,20.03590346947051,26.433112217440037,1.0,1,0.4237614523074155,0,1.6558287014937831,1.0,8.286486135608727e-16
1,1,step,False,21,2.0051335288065353,0.11258682824120333,0.0741215130623265,1.330418673404337,35.97508400818381,4,1.362173227191439,63,9.382836345731043,13.858680499475671,1.0,1,0.46546266870436775,0,1.6558287014937831,1.0,8.286486135608727e-16
1,1,step,False,22,2.5644615416402696,0.0493739463211341,0.1497711299760425,1.5824513265501605,17.124575495420004,4,1.6590726355233671,30,6.000000000420134,8.619297343314832,1.0,1,0.3492056076308803,0,1.6558287014937831,1.0,8.286486135608727e-16
1,1,step,False,23,1.107052378092518,0.2244154792074281,0.19492534343252502,0.6743392677323732,87.14941156343991,4,1.3010299865835984,137,31.026278731325654,43.39158199341926,1.0,1,0.3582884009740833,0,1.6558287014937831,1.0,8.286486135608727e-16
1,2,step,False,0,1.5749285892107503,0.12496725282222557,0.05266626956231886,1.0456497293241727,58.1255192699806,4,1.3359299744479276,100,20.15779416125609,27.58091713015722,1.0,1,0.3162640763857088,0,1.1708477033095694,0.6037997901439667,1.2409322714247025e-14
1,2,step,False,1,1.2597795664531544,0.11875514107827236,0.006743372039069341,0.8630006868235384,73.4203802244768,4,1.3014780187753279,119,29.3512115139003,39.17611700282307,1.0,1,0.23245946231721196,0,1.1708477033095694,0.6037997901439667,1.2409322714247025e-14
1,2,step,False,2,1.321130606706036,0.20016342771095186,0.11543906753709644,0.8806445562429156,64.21333978017283,4,1.3680608408512542,109,18.1773103268777,27.839765571648552,1.0,1,0.36575747645120454,0,1.1708477033095694,0.6037997901439667,1.2409322714247025e-14
1,2,step,False,3,0.7822524636658202,0.39680976419786484,0.44164496573085077,0.5516281588328207,31.65460114810914,4,1.5401210518536577,63,9.170784363369197,14.028194518927279,1.0,1,0.34627958270258097,0,1.1708477033095694,0.6037997901439667,1.2409322714247025e-14
1,2,step,False,4,0.34434947603663596,0.4730039772868662,0.2629529020266202,0.26148535687877,110.76965662245044,4,1.2506721675324675,171,42.39079963850106,56.20834757675182,1.0,1,0.36364863361617217,0,1.1708477033095694,0.6037997901439667,1.2409322714247025e-14
1,2,step,False,5,1.4417495312968414,0.24054964976012036,0.11580421223612355,0.8189884660021316,58.85843969092172,4,1.443776098345645,109,19.25139122483639,26.308012685144504,1.0,1,0.34445371762910804,0,1.1708477033095694,0.6037997901439667,1.2409322714247025e-14
1,2,step,False,6,1.00972397712654,0.2218570393246907,0.17363996065201645,0.5395588078365875,53.26794803322947,4,1.4548996150584552,93,16.088364657850352,21.2758015016921,1.0,1,0.1596043863407223,0,1.1708477033095694,0.6037997901439667,1.2409322714247025e-14
1,2,step,False,7,1.2185947329704703,0.18239958972866135,0.24195347621371185,0.8414793850028799,59.776321990038106,4,1.5824914426247365,102,17.549909494022966,26.270389013744307,1.0,1,0.2912709566891036,0,1.1708477033095694,0.6037997901439667,1.2409322714247025e-14
1,2,step,False,8,1.0529759994370083,0.0849348740913803,0.22055200303460834,0.6576183775429378,90.63043919268989,4,1.2089503562504371,135,33.48668127769868,47.81507267130668,1.0,1,0.23119756697300847,0,1.1708477033095694,0.6037997901439667,1.2409322714247025e-14
1,2,step,False,9,0.29021406196150945,0.6556781965467272,0.9670807746197337,0.1982428341906109,86.10041172850613,4,1.3027633038404485,140,28.885076110469736,40.72414376986713,1.0,1,0.29611845918845414,0,1.1708477033095694,0.6037997901439667,1.2409322714247025e-14
1,2,step,False,10,1.385073693952201,0.10828346900109324,0.13215962103503467,0.789350777110115,71.91980943756451,4,1.3079830281169158,120,21.432596535006077,30.813529767938558,1.0,1,0.23247985954722392,0,1.1708477033095694,0.6037997901439667,1.2409322714247025e-14
1,2,step,False,11,1.039287979344075,0.07891436601291953,0.23118558247061435,0.5870922888283767,44.593612143074274,4,1.4179461310870287,80,13.176193632920691,18.790118309543654,1.0,1,0.16190556398812736,0,1.1708477033095694,0.6037997901439667,1.2409322714247025e-14
1,2,step,False,12,1.093621695593289,0.053217392044830406,0.13041988552657197,0.7660395917318017,83.87676452846466,4,1.2362845540544831,127,29.862570155622294,40.372396608720805,1.0,1,0.14529201394148328,0,1.1708477033095694,0.6037997901439667,1.2409322714247025e-14
1,2,step,False,13,0.9736580260817508,0.12319604814774747,0.3084883333299315,0.5869158572797941,60.767410951634155,4,1.3012547771511178,99,19.104424251010933,27.91888609712159,1.0,1,0.346600191877063,0,1.1708477033095694,0.6037997901439667,1.2409322714247025e-14
1,2,step,False,14,1.313802687997899,0.12735800448923018,0.1646470576684292,0.8547961781115798,76.4711253420775,4,1.2740067003456363,123,24.709933963159816,35.63723470227969,1.0,1,0.2073283994922103,0,1.1708477033095694,0.6037997901439667,1.2409322714247025e-14
1,2,step,False,15,2.345362840709062,0.28450150315120337,0.18844460267552837,1.3936670035970806,15.315387151269974,4,1.6743011216639352,34,6.000000000234763,7.875094001875054,1.0,1,0.2799325288192087,0,1.1708477033095694,0.6037997901439667,1.2409322714247025e-14
1,2,step,False,16,0.720181991764751,0.12964646344417266,0.0724206453001821,0.48166211738700226,73.38432044625401,4,1.3478844172948343,114,26.508758150896206,37.92060194745738,1.0,1,0.310726720004729,0,1.1708477033095694,0.6037997901439667,1.2409322714247025e-14
1,2,step,False,17,1.2805013366604237,0.28215512330318915,0.24353558287222207,0.7707768203473779,39.55629964356406,4,1.4893567238615686,75,10.074640602724193,14.5179700982616,1.0,1,0.41103172643922603,0,1.1708477033095694,0.6037997901439667,1.2409322714247025e-14
1,2,step,False,18,0.8160002170453344,0.10853470569533007,0.1885685474603186,0.5495810023567146,80.73122378063826,4,1.2727468403386215,129,31.70346298867965,41.263111749008026,1.0,1,0.21517434574324942,0,1.1708477033095694,0.6037997901439667,1.2409322714247025e-14
1,2,step,False,19,1.3316689125660606,0.10719262166115079,0.12630496662992002,0.9147970231724395,15.966969068378386,4,1.6890374174626903,37,6.000000000210119,9.207834450471884,1.0,1,0.23108655321523133,0,1.1708477033095694,0.6037997901439667,1.2409322714247025e-14
1,2,step,False,20,1.542113069582152,0.06554298532702395,0.08537846206211981,0.9928620230514716,50.35094875946201,4,1.2156112198778257,85,21.273240581466183,28.947087938096917,1.0,1,0.2549634108605358,0,1.1708477033095694,0.6037997901439667,1.2409322714247025e-14
1,2,step,False,21,2.0051335288065353,0.14282064168450692,0.0741215130623265,1.330418673404337,35.97508400818381,4,1.362173227191439,63,6.00000000079941,8.843474015261172,1.0,1,0.3264339969766139,0,1.1708477033095694,0.6037997901439667,1.2409322714247025e-14
1,2,step,False,22,2.5644615416402696,0.08033356047051578,0.1497711299760425,1.5824513265501605,17.124575495420004,4,1.6590726355233671,30,6.000000000007554,7.933411917107709,1.0,1,0.16514585803849172,0,1.1708477033095694,0.6037997901439667,1.2409322714247025e-14
1,2,step,False,23,1.107052378092518,0.17989722549422035,0.19492534343252502,0.6743392677323732,87.14941156343991,4,1.3010299865835984,137,29.552573789702244,41.37933790910545,1.0,1,0.2999681583440161,0,1.1708477033095694,0.6037997901439667,1.2409322714247025e-14
1,3,step,False,0,1.5749285892107503,0.22184913825375321,0.05266626956231886,1.0456497293241727,58.1255192699806,4,1.3359299744479276,100,19.97429882739906,27.553353934011533,1.0,1,0.17420984272384182,0,0.8279143507468913,0.35905587673187256,3.9560710719568465e-13
1,3,step,False,1,1.2597795664531544,0.22462286492503,0.006743372039069341,0.8630006868235384,73.4203802244768,4,1.3014780187753279,119,30.255752349774443,40.24610307554102,1.0,1,0.16064618528069277,0,0.8279143507468913,0.35905587673187256,3.9560710719568465e-13
1,3,step,False,2,1.321130606706036,0.2047320437453598,0.11543906753709644,0.8806445562429156,64.21333978017283,4,1.3680608408512542,109,19.157137236915773,27.93104821852995,1.0,1,0.1822960782277473,0,0.8279143507468913,0.35905587673187256,3.9560710719568465e-13
1,3,step,False,3,0.7822524636658202,0.4306579221600901,0.44164496573085077,0.5516281588328207,31.65460114810914,4,1.5401210518536577,63,10.013768580089332,15.40434779516688,1.0,1,0.16302177887248276,0,0.8279143507468913,0.35905587673187256,3.9560710719568465e-13
1,3,step,False,4,0.34434947603663596,0.5381473890924996,0.2629529020266202,0.26148535687877,110.76965662245044,4,1.2506721675324675,171,40.99383208345634,54.022234532519576,1.0,1,0.17553300290476584,0,0.8279143507468913,0.35905587673187256,3.9560710719568465e-13
1,3,step,False,5,1.4417495312968414,0.23334817898246865,0.11580421223612355,0.8189884660021316,58.85843969092172,4,1.443776098345645,109,20.256268460863136,29.16369240863054,1.0,1,0.2245885208684219,0,0.8279143507468913,0.35905587673187256,3.9560710719568465e-13
1,3,step,False,6,1.00972397712654,0.20812037474060494,0.17363996065201645,0.5395588078365875,53.26794803322947,4,1.4548996150584552,93,19.266919333052655,25.11274274202711,1.0,1,0.18560894052817617,0,0.8279143507468913,0.35905587673187256,3.9560710719568465e-13
1,3,step,False,7,1.2185947329704703,0.20608582051558846,0.24195347621371185,0.8414793850028799,59.776321990038106,4,1.5824914426247365,102,17.51676636431016,25.193903325451778,1.0,1,0.1560695662655276,0,0.8279143507468913,0.35905587673187256,3.9560710719568465e-13
1,3,step,False,8,1.0529759994370083,0.05932395174017996,0.22055200303460834,0.6576183775429378,90.63043919268989,4,1.2089503562504371,135,32.620287363950254,43.508516497660544,1.0,1,0.13324112411286715,0,0.8279143507468913,0.35905587673187256,3.9560710719568465e-13
1,3,step,False,9,0.29021406196150945,0.5615432773351385,0.9670807746197337,0.1982428341906109,86.10041172850613,4,1.3027633038404485,140,29.228576546754034,39.75772645751369,1.0,1,0.22083654188875432,0,0.8279143507468913,0.35905587673187256,3.9560710719568465e-13
1,3,step,False,10,1.385073693952201,0.09354799432085856,0.13215962103503467,0.789350777110115,71.91980943756451,4,1.3079830281169158,120,20.552625394862073,27.365525101420864,1.0,1,0.11249275535336126,0,0.8279143507468913,0.35905587673187256,3.9560710719568465e-13
1,3,step,False,11,1.039287979344075,0.06825809225565449,0.23118558247061435,0.5870922888283767,44.593612143074274,4,1.4179461310870287,80,12.704945145851902,16.782984834243525,1.0,1,0.07460395904806603,0,0.8279143507468913,0.35905587673187256,3.9560710719568465e-13
1,3,step,False,12,1.093621695593289,0.1355398701293287,0.13041988552657197,0.7660395917318017,83.87676452846466,4,1.2362845540544831,127,31.039036013053646,39.941424197271736,1.0,1,0.09655726587801383,0,0.8279143507468913,0.35905587673187256,3.9560710719568465e-13
1,3,step,False,13,0.9736580260817508,0.11394459298171893,0.3084883333299315,0.5869158572797941,60.767410951634155,4,1.3012547771511178,99,16.20958753923081,22.860172617856623,1.0,1,0.18119442847255107,0,0.8279143507468913,0.35905587673187256,3.9560710719568465e-13
1,3,step,False,14,1.313802687997899,0.12349342913751195,0.1646470576684292,0.8547961781115798,76.4711253420775,4,1.2740067003456363,123,23.936965433881532,31.76629034679632,1.0,1,0.16453466340728637,0,0.8279143507468913,0.35905587673187256,3.9560710719568465e-13
1,3,step,False,15,2.345362840709062,0.27060989665318924,0.18844460267552837,1.3936670035970806,15.315387151269974,4,1.6743011216639352,34,6.000000000115087,8.10318115457205,1.0,1,0.3415293315932307,0,0.8279143507468913,0.35905587673187256,3.9560710719568465e-13
1,3,step,False,16,0.720181991764751,0.08494375335100242,0.0724206453001821,0.48166211738700226,73.38432044625401,4,1.3478844172948343,114,26.284170394724494,36.034039501166255,1.0,1,0.16736809030067792,0,0.8279143507468913,0.35905587673187256,3.9560710719568465e-13
1,3,step,False,17,1.2805013366604237,0.3365064974968949,0.24353558287222207,0.7707768203473779,39.55629964356406,4,1.4893567238615686,75,11.867616329195597,17.861533492094157,1.0,1,0.15594114365103173,0,0.8279143507468913,0.35905587673187256,3.9560710719568465e-13
1,3,step,False,18,0.8160002170453344,0.14066863751857586,0.1885685474603186,0.5495810023567146,80.73122378063826,4,1.2727468403386215,129,32.845107605981234,41.59592375839395,1.0,1,0.1510095212978642,0,0.8279143507468913,0.35905587673187256,3.9560710719568465e-13
1,3,step,False,19,1.3316689125660606,0.12755284599071753,0.12630496662992002,0.9147970231724395,15.966969068378386,4,1.6890374174626903,37,6.000000000435818,7.854211410615066,1.0,1,0.08580916157170428,0,0.8279143507468913,0.35905587673187256,3.9560710719568465e-13
1,3,step,False,20,1.542113069582152,0.030818880360383206,0.08537846206211981,0.9928620230514716,50.35094875946201,4,1.2156112198778257,85,20.675044698269367,26.258334732144753,1.0,1,0.1116724439396844,0,0.8279143507468913,0.35905587673187256,3.9560710719568465e-13
1,3,step,False,21,2.0051335288065353,0.2040606448174912,0.0741215130623265,1.330418673404337,35.97508400818381,4,1.362173227191439,63,6.000000000158629,8.314628562251436,1.0,1,0.15707649883185373,0,0.8279143507468913,0.35905587673187256,3.9560710719568465e-13
1,3,step,False,22,2.5644615416402696,0.1116971144203175,0.1497711299760425,1.5824513265501605,17.124575495420004,4,1.6590726355233671,30,6.000000000075142,8.191294469633737,1.0,1,0.1350210790091259,0,0.8279143507468913,0.35905587673187256,3.9560710719568465e-13
1,3,step,False,23,1.107052378092518,0.17752826728702986,0.19492534343252502,0.6743392677323732,87.14941156343991,4,1.3010299865835984,137,28.45575721942379,38.617662651010264,1.0,1,0.17767587671891316,0,0.8279143507468913,0.35905587673187256,3.9560710719568465e-13
2,0,init,False,0,1.0467706587360495,0.22851500244119868,0.22851500244119818,0.6810330044325779,59.04569452859888,4,1.389966061080823,96,nan,nan,1.0,1,nan,0,nan,nan,nan
2,0,init,False,1,1.0701418227387929,0.1242590027458333,0.12425900274583421,0.7956896675689481,51.64105542247972,4,1.2390161483685567,93,nan,nan,1.0,1,nan,0,nan,nan,nan
2,0,init,False,2,0.7932685761589658,0.2135662286359259,0.21356622863592536,0.5212532946898482,42.34374708505638,4,1.3021521159175078,77,nan,nan,1.0,1,nan,0,nan,nan,nan
2,0,init,False,3,0.3205409858769687,0.4651924320744398,0.4651924320744398,0.2196051088941605,84.00726786199591,4,1.300901783066737,130,nan,nan,1.0,1,nan,0,nan,nan,nan
2,0,init,False,4,1.2844467353127504,0.3230750650443471,0.3230750650443471,1.0882036414207648,7.469383352135623,4,1.6761644872707415,14,nan,nan,1.0,1,nan,0,nan,nan,nan
2,0,init,False,5,2.0802561912918844,0.10292378375608005,0.10292378375607898,1.2605784874453647,39.51145944543005,4,1.5192913821130405,72,nan,nan,1.0,1,nan,0,nan,nan,nan
2,0,init,False,6,1.2190457946602995,0.15879930250395094,0.15879930250394814,0.8107072579918712,72.9073654873682,4,1.2255340651471252,122,nan,nan,1.0,1,nan,0,nan,nan,nan
2,0,init,False,7,1.5215077396539407,0.13509832988052678,0.13509832988052758,1.0433858820927175,65.90824151687282,4,1.2594893218466454,114,nan,nan,1.0,1,nan,0,nan,nan,nan
2,0,init,False,8,1.0115079638172977,0.19362840248183816,0.1936284024818393,0.5657300662748956,75.22126136979051,4,1.3281580911852546,123,nan,nan,1.0,1,nan,0,nan,nan,nan
2,0,init,False,9,0.3423530440072947,0.6418871329045058,0.6418871329045058,0.28585976233832544,35.18788834101062,4,1.3549033565079938,63,nan,nan,1.0,1,nan,0,nan,nan,nan
2,0,init,False,10,0.3204744605844023,0.4811119610242212,0.481111961024221,0.23494589287688908,87.16048825978412,4,1.2738906059503479,139,nan,nan,1.0,1,nan,0,nan,nan,nan
2,0,init,False,11,1.348557138294263,0.19315930164702746,0.1931593016470286,0.9865866211262098,54.85926235489409,4,1.2922969011704626,92,nan,nan,1.0,1,nan,0,nan,nan,nan
2,0,init,False,12,1.95878432879614,0.09208050280730688,0.09208050280730327,1.1303472927735145,40.08902068095337,4,1.384946821223811,76,nan,nan,1.0,1,nan,0,nan,nan,nan
2,0,init,False,13,2.3633895001822,0.09091541469964279,0.09091541469964279,1.4744123258001987,26.59264496145776,4,1.352033392404459,52,nan,nan,1.0,1,nan,0,nan,nan,nan
2,0,init,False,14,1.7825206800460858,0.05249625041188088,0.052496250411876645,1.0193644068760228,46.172091068059316,4,1.3466985252160468,82,nan,nan,1.0,1,nan,0,nan,nan,nan
2,0,init,False,15,1.1478094221068595,0.21946160362443368,0.21946160362443318,0.877361554877913,28.877027391427546,4,1.59673346097239,55,nan,nan,1.0,1,nan,0,nan,nan,nan
2,0,init,False,16,0.7518156372889109,0.38422802762941227,0.3842280276294127,0.420181870454791,106.71190044916905,4,1.1266294635540246,165,nan,nan,1.0,1,nan,0,nan,nan,nan
2,0,init,False,17,1.4618158494836173,0.030111383298292382,0.03011138329827395,1.0922074339596302,35.0073398635863,4,1.3254211573746157,63,nan,nan,1.0,1,nan,0,nan,nan,nan
2,0,init,False,18,1.7987267463663223,0.13713806758589336,0.13713806758589497,0.980701922242823,44.12035323503808,4,1.4784202331339371,84,nan,nan,1.0,1,nan,0,nan,nan,nan
2,0,init,False,19,1.6219259550985072,0.2256926250044479,0.2256926250044474,0.8805342626268562,74.42484287557377,4,1.3377405722563598,113,nan,nan,1.0,1,nan,0,nan,nan,nan
2,0,init,False,20,0.4967517232200428,0.37977740378019104,0.37977740378019104,0.42772438218880854,75.84888072224115,4,1.410734447486806,127,nan,nan,1.0,1,nan,0,nan,nan,nan
2,0,init,False,21,0.2801579968649878,0.5207737417640396,0.52077374176404,0.13843247089108443,106.18932736682225,4,1.31924396631905,161,nan,nan,1.0,1,nan,0,nan,nan,nan
2,0,init,False,22,0.4284902509478303,0.2271678615530471,0.22716786155304758,0.31533300723622376,88.86975276936352,4,1.2797301308079836,138,nan,nan,1.0,1,nan,0,nan,nan,nan
2,0,init,False,23,0.8766018881723402,0.13409260778038312,0.13409260778038312,0.44367666827444185,91.8337035908913,4,1.2317549105593442,153,nan,nan,1.0,1,nan,0,nan,nan,nan
2,1,step,False,0,1.0467706587360495,0.09053494453448521,0.22851500244119818,0.6810330044325779,59.04569452859888,4,1.389966061080823,96,19.776593842374545,29.496742830431185,1.0,1,0.4833194567260337,0,1.6949287368540935,1.0,8.87180638377843e-16
2,1,step,False,1,1.0701418227387929,0.18886748391474004,0.12425900274583421,0.7956896675689481,51.64105542247972,4,1.2390161483685567,93,16.77943175354453,22.524447990007843,1.0,1,0.37146711996252335,0,1.6949287368540935,1.0,8.87180638377843e-16
2,1,step,False,2,0.7932685761589658,0.14810943507931587,0.21356622863592536,0.5212532946898482,42.34374708505638,4,1.3021521159175078,77,16.354900382347658,22.399713348815585,1.0,1,0.45706129212190444,0,1.6949287368540935,1.0,8.87180638377843e-16
2,1,step,False,3,0.3205409858769687,0.28433191830086474,0.4651924320744398,0.2196051088941605,84.00726786199591,4,1.300901783066737,130,29.176252212002822,42.60630639616182,1.0,1,0.6293117096614549,0,1.6949287368540935,1.0,8.87180638377843e-16
2,1,step,False,4,1.2844467353127504,0.28422180959800775,0.3230750650443471,1.0882036414207648,7.469383352135623,4,1.6761644872707415,14,6.000000000401242,7.9424714488303465,1.0,1,0.7323253352242866,0,1.6949287368540935,1.0,8.87180638377843e-16
2,1,step,False,5,2.0802561912918844,0.023885461631551134,0.10292378375607898,1.2605784874453647,39.51145944543005,4,1.5192913821130405,72,11.240977815410172,14.022946368431896,1.0,1,0.3127270603508251,0,1.6949287368540935,1.0,8.87180638377843e-16
2,1,step,False,6,1.2190457946602995,0.18097368742222505,0.15879930250394814,0.8107072579918712,72.9073654873682,4,1.2255340651471252,122,22.65144161303686,30.46859474134583,1.0,1,0.26959883666153844,0,1.6949287368540935,1.0,8.87180638377843e-16
2,1,step,False,7,1.5215077396539407,0.17615516972314887,0.13509832988052758,1.0433858820927175,65.90824151687282,4,1.2594893218466454,114,22.219354176951285,32.446071434006505,1.0,1,0.31297334042431507,0,1.6949287368540935,1.0,8.87180638377843e-16
2,1,step,False,8,1.0115079638172977,0.22942423489291566,0.1936284024818393,0.5657300662748956,75.22126136979051,4,1.3281580911852546,123,27.91704293999407,36.44179125757889,1.0,1,0.45507288172767785,0,1.6949287368540935,1.0,8.87180638377843e-16
2,1,step,False,9,0.3423530440072947,0.5791115629902702,0.6418871329045058,0.28585976233832544,35.18788834101062,4,1.3549033565079938,63,8.86183472093312,12.404979820776017,1.0,1,0.6065048522716171,0,1.6949287368540935,1.0,8.87180638377843e-16
2,1,step,False,10,0.3204744605844023,0.4338365800454471,0.481111961024221,0.23494589287688908,87.16048825978412,4,1.2738906059503479,139,30.738004960022103,42.2178425158871,1.0,1,0.7514931128426562,0,1.6949287368540935,1.0,8.87180638377843e-16
2,1,step,False,11,1.348557138294263,0.1352761475696828,0.1931593016470286,0.9865866211262098,54.85926235489409,4,1.2922969011704626,92,17.05164612994586,24.629664273133443,1.0,1,0.7305454598260037,0,1.6949287368540935,1.0,8.87180638377843e-16
2,1,step,False,12,1.95878432879614,0.060730884734258375,0.09208050280730327,1.1303472927735145,40.08902068095337,4,1.384946821223811,76,13.735461525275536,18.818722520805604,1.0,1,0.39254899767550094,0,1.6949287368540935,1.0,8.87180638377843e-16
2,1,step,False,13,2.3633895001822,0.1009812560812635,0.09091541469964279,1.4744123258001987,26.59264496145776,4,1.352033392404459,52,7.475902496093372,10.466105937265866,1.0,1,0.37797296151323295,0,1.6949287368540935,1.0,8.87180638377843e-16
2,1,step,False,14,1.7825206800460858,0.029012327046213753,0.052496250411876645,1.0193644068760228,46.172091068059316,4,1.3466985252160468,82,16.11904513790899,21.546685416902598,1.0,1,0.2967990810085998,0,1.6949287368540935,1.0,8.87180638377843e-16
2,1,step,False,15,1.1478094221068595,0.1999347737110873,0.21946160362443318,0.877361554877913,28.877027391427546,4,1.59673346097239,55,7.160966979626291,10.77413941529456,1.0,1,0.2501179318711198,0,1.6949287368540935,1.0,8.87180638377843e-16
2,1,step,False,16,0.7518156372889109,0.08485795208433701,0.3842280276294127,0.420181870454791,106.71190044916905,4,1.1266294635540246,165,36.22535879486841,49.556704841941325,1.0,1,0.5528085516876905,0,1.6949287368540935,1.0,8.87180638377843e-16
2,1,step,False,17,1.4618158494836173,0.05207680408435154,0.03011138329827395,1.0922074339596302,35.0073398635863,4,1.3254211573746157,63,9.853171079702859,13.593338418183833,1.0,1,0.34268722613238944,0,1.6949287368540935,1.0,8.87180638377843e-16
2,1,step,False,18,1.7987267463663223,0.24097349318104055,0.13713806758589497,0.980701922242823,44.12035323503808,4,1.4784202331339371,84,12.690661207299115,17.41004192114241,1.0,1,0.24049747581054487,0,1.6949287368540935,1.0,8.87180638377843e-16
2,1,step,False,19,1.6219259550985072,0.06119227474849728,0.2256926250044474,0.8805342626268562,74.42484287557377,4,1.3377405722563598,113,30.601027591767718,41.380871693530764,1.0,1,0.4105257767137051,0,1.6949287368540935,1.0,8.87180638377843e-16
2,1,step,False,20,0.4967517232200428,0.30814005202656813,0.37977740378019104,0.42772438218880854,75.84888072224115,4,1.410734447486806,127,18.816311055389633,29.60165141043377,1.0,1,0.4201037935368463,0,1.6949287368540935,1.0,8.87180638377843e-16
2,1,step,False,21,0.2801579968649878,0.35592399776871747,0.52077374176404,0.13843247089108443,106.18932736682225,4,1.31924396631905,161,37.635997295129684,52.91425200546409,1.0,1,0.44023888802731503,0,1.6949287368540935,1.0,8.87180638377843e-16
2,1,step,False,22,0.4284902509478303,0.19855273565869938,0.22716786155304758,0.31533300723622376,88.86975276936352,4,1.2797301308079836,138,33.205969876835965,46.86479078669111,1.0,1,0.356414225077041,0,1.6949287368540935,1.0,8.87180638377843e-16
2,1,step,False,23,0.8766018881723402,0.09511891334039473,0.13409260778038312,0.44367666827444185,91.8337035908913,4,1.2317549105593442,153,31.044857366390332,42.51745364896881,1.0,1,0.43494437257442586,0,1.6949287368540935,1.0,8.87180638377843e-16
2,2,step,False,0,1.0467706587360495,0.10047014222756316,0.22851500244119818,0.6810330044325779,59.04569452859888,4,1.389966061080823,96,20.643614360463847,31.634583285154637,1.0,1,0.44768384202092426,0,1.1984956034574787,0.6096562147140503,1.2221258501310954e-15
2,2,step,False,1,1.0701418227387929,0.2035565474171314,0.12425900274583421,0.7956896675689481,51.64105542247972,4,1.2390161483685567,93,15.697193300603637,20.114364091603587,1.0,1,0.1630524420481051,0,1.1984956034574787,0.6096562147140503,1.2221258501310954e-15
2,2,step,False,2,0.7932685761589658,0.10029321634354879,0.21356622863592536,0.5212532946898482,42.34374708505638,4,1.3021521159175078,77,17.479348341651733,23.79360864898914,1.0,1,0.18887033975793288,0,1.1984956034574787,0.6096562147140503,1.2221258501310954e-15
2,2,step,False,3,0.3205409858769687,0.36658310765352936,0.4651924320744398,0.2196051088941605,84.00726786199591,4,1.300901783066737,130,30.907677378625106,43.631481211764545,1.0,1,0.19846112068647603,0,1.1984956034574787,0.6096562147140503,1.2221258501310954e-15
2,2,step,False,4,1.2844467353127504,0.20931059902870885,0.3230750650443471,1.0882036414207648,7.469383352135623,4,1.6761644872707415,14,6.0000000002948575,8.245509172108829,1.0,1,0.3361054353916462,0,1.1984956034574787,0.6096562147140503,1.2221258501310954e-15
2,2,step,False,5,2.0802561912918844,0.061922068699687714,0.10292378375607898,1.2605784874453647,39.51145944543005,4,1.5192913821130405,72,9.868797412106037,11.75963812714735,1.0,1,0.14271167637595952,0,1.1984956034574787,0.6096562147140503,1.2221258501310954e-15
2,2,step,False,6,1.2190457946602995,0.2060313615304034,0.15879930250394814,0.8107072579918712,72.9073654873682,4,1.2255340651471252,122,22.548533063647636,31.626665751155986,1.0,1,0.2223331803109904,0,1.1984956034574787,0.6096562147140503,1.2221258501310954e-15
2,2,step,False,7,1.5215077396539407,0.1926807107474182,0.13509832988052758,1.0433858820927175,65.90824151687282,4,1.2594893218466454,114,18.58056516146337,25.540389587551733,1.0,1,0.20535010789918495,0,1.1984956034574787,0.6096562147140503,1.2221258501310954e-15
2,2,step,False,8,1.0115079638172977,0.2584841298331717,0.1936284024818393,0.5657300662748956,75.22126136979051,4,1.3281580911852546,123,29.9498852085473,38.74811242424632,1.0,1,0.2625732555842005,0,1.1984956034574787,0.6096562147140503,1.2221258501310954e-15
2,2,step,False,9,0.3423530440072947,0.4146720620335051,0.6418871329045058,0.28585976233832544,35.18788834101062,4,1.3549033565079938,63,9.388598893986876,13.865410717199236,1.0,1,0.40415828410629256,0,1.1984956034574787,0.6096562147140503,1.2221258501310954e-15
2,2,step,False,10,0.3204744605844023,0.27513700325051593,0.481111961024221,0.23494589287688908,87.16048825978412,4,1.2738906059503479,139,31.687552382688573,45.2163933471006,1.0,1,0.2950800528287041,0,1.1984956034574787,0.6096562147140503,1.2221258501310954e-15
2,2,step,False,11,1.348557138294263,0.18195268720861987,0.1931593016470286,0.9865866211262098,54.85926235489409,4,1.2922969011704626,92,15.314461383718735,23.71369301615629,1.0,1,0.4059531399894666,0,1.1984956034574787,0.6096562147140503,1.2221258501310954e-15
2,2,step,False,12,1.95878432879614,0.07836768478802747,0.09208050280730327,1.1303472927735145,40.08902068095337,4,1.384946821223811,76,11.040787976177919,14.575895210764559,1.0,1,0.23912991054386948,0,1.1984956034574787,0.6096562147140503,1.2221258501310954e-15
2,2,step,False,13,2.3633895001822,0.10629959618619728,0.09091541469964279,1.4744123258001987,26.59264496145776,4,1.352033392404459,52,6.2597547292778914,7.717479271829459,1.0,1,0.28091528835118296,0,1.1984956034574787,0.6096562147140503,1.2221258501310954e-15
2,2,step,False,14,1.7825206800460858,0.09973831297962564,0.052496250411876645,1.0193644068760228,46.172091068059316,4,1.3466985252160468,82,14.186803027302949,17.821331741657563,1.0,1,0.1955728938495361,0,1.1984956034574787,0.6096562147140503,1.2221258501310954e-15
2,2,step,False,15,1.1478094221068595,0.3984537573351206,0.21946160362443318,0.877361554877913,28.877027391427546,4,1.59673346097239,55,6.880583958583405,11.255200709572017,1.0,1,0.1969786176932817,0,1.1984956034574787,0.6096562147140503,1.2221258501310954e-15
2,2,step,False,16,0.7518156372889109,0.08878064581433781,0.3842280276294127,0.420181870454791,106.71190044916905,4,1.1266294635540246,165,38.78960816489467,52.993063689504,1.0,1,0.32663156550380473,0,1.1984956034574787,0.6096562147140503,1.2221258501310954e-15
2,2,step,False,17,1.4618158494836173,0.07832137359000942,0.03011138329827395,1.0922074339596302,35.0073398635863,4,1.3254211573746157,63,10.881175150202601,14.89114743523011,1.0,1,0.2023385025247816,0,1.1984956034574787,0.6096562147140503,1.2221258501310954e-15
2,2,step,False,18,1.7987267463663223,0.2031667390079602,0.13713806758589497,0.980701922242823,44.12035323503808,4,1.4784202331339371,84,12.566021281151581,17.04954257744811,1.0,1,0.15349549734363027,0,1.1984956034574787,0.6096562147140503,1.2221258501310954e-15
2,2,step,False,19,1.6219259550985072,0.08483366238627023,0.2256926250044474,0.8805342626268562,74.42484287557377,4,1.3377405722563598,113,28.7919580493435,37.695740742555465,1.0,1,0.3134245301406521,0,1.1984956034574787,0.6096562147140503,1.2221258501310954e-15
2,2,step,False,20,0.4967517232200428,0.29699521411035906,0.37977740378019104,0.42772438218880854,75.84888072224115,4,1.410734447486806,127,21.90715344599149,35.62405246720421,1.0,1,0.3584875410713436,0,1.1984956034574787,0.6096562147140503,1.2221258501310954e-15
2,2,step,False,21,0.2801579968649878,0.1748703748676454,0.52077374176404,0.13843247089108443,106.18932736682225,4,1.31924396631905,161,36.659310203461345,49.62573702729537,1.0,1,0.31196959408518493,0,1.1984956034574787,0.6096562147140503,1.2221258501310954e-15
2,2,step,False,22,0.4284902509478303,0.1444736659969539,0.22716786155304758,0.31533300723622376,88.86975276936352,4,1.2797301308079836,138,35.52319104721893,50.03634310693917,1.0,1,0.36957560035139975,0,1.1984956034574787,0.6096562147140503,1.2221258501310954e-15
2,2,step,False,23,0.8766018881723402,0.1037211505598705,0.13409260778038312,0.44367666827444185,91.8337035908913,4,1.2317549105593442,153,31.486928887139424,41.8807938438934,1.0,1,0.2314210854233158,0,1.1984956034574787,0.6096562147140503,1.2221258501310954e-15
2,3,step,False,0,1.0467706587360495,0.21944270655888207,0.22851500244119818,0.6810330044325779,59.04569452859888,4,1.389966061080823,96,18.386988989180203,25.75699442618098,1.0,1,0.2286398040068342,0,0.8474643684270466,0.3692883998155594,3.728069798324009e-14
2,3,step,False,1,1.0701418227387929,0.08211949896105299,0.12425900274583421,0.7956896675689481,51.64105542247972,4,1.2390161483685567,93,16.459888348012043,22.341764254101015,1.0,1,0.18589138147778617,0,0.8474643684270466,0.3692883998155594,3.728069798324009e-14
2,3,step,False,2,0.7932685761589658,0.04436235328799489,0.21356622863592536,0.5212532946898482,42.34374708505638,4,1.3021521159175078,77,18.247919551391874,23.93726803755075,1.0,1,0.12767152074838287,0,0.8474643684270466,0.3692883998155594,3.728069798324009e-14
2,3,step,False,3,0.3205409858769687,0.38946359314491397,0.4651924320744398,0.2196051088941605,84.00726786199591,4,1.300901783066737,130,32.93044837407479,44.993220816019516,1.0,1,0.11441175416658225,0,0.8474643684270466,0.3692883998155594,3.728069798324009e-14
2,3,step,False,4,1.2844467353127504,0.22125488519068018,0.3230750650443471,1.0882036414207648,7.469383352135623,4,1.6761644872707415,14,6.000000000218974,9.295868405716218,1.0,1,0.1980423688835136,0,0.8474643684270466,0.3692883998155594,3.728069798324009e-14
2,3,step,False,5,2.0802561912918844,0.09245051715259901,0.10292378375607898,1.2605784874453647,39.51145944543005,4,1.5192913821130405,72,9.940031422354544,12.681412144376571,1.0,1,0.15497352084650506,0,0.8474643684270466,0.3692883998155594,3.728069798324009e-14
2,3,step,False,6,1.2190457946602995,0.18095803983064485,0.15879930250394814,0.8107072579918712,72.9073654873682,4,1.2255340651471252,122,20.926680963125147,28.6758962582142,1.0,1,0.2337992103613173,0,0.8474643684270466,0.3692883998155594,3.728069798324009e-14
2,3,step,False,7,1.5215077396539407,0.22326853721097378,0.13509832988052758,1.0433858820927175,65.90824151687282,4,1.2594893218466454,114,15.83811660343023,21.32713565250111,1.0,1,0.29142090307722307,0,0.8474643684270466,0.3692883998155594,3.728069798324009e-14
2,3,step,False,8,1.0115079638172977,0.26530497067896525,0.1936284024818393,0.5657300662748956,75.22126136979051,4,1.3281580911852546,123,32.42206457248037,41.16241103018449,1.0,1,0.10224726202842287,0,0.8474643684270466,0.3692883998155594,3.728069798324009e-14
2,3,step,False,9,0.3423530440072947,0.8359503026232894,0.6418871329045058,0.28585976233832544,35.18788834101062,4,1.3549033565079938,63,10.773360845243062,15.094816314787256,1.0,1,0.19553673169248265,0,0.8474643684270466,0.3692883998155594,3.728069798324009e-14
2,3,step,False,10,0.3204744605844023,0.28820610628889587,0.481111961024221,0.23494589287688908,87.16048825978412,4,1.2738906059503479,139,32.79011175574819,47.9053959746827,1.0,1,0.19420578239977174,0,0.8474643684270466,0.3692883998155594,3.728069798324009e-14
2,3,step,False,11,1.348557138294263,0.2364674920130386,0.1931593016470286,0.9865866211262098,54.85926235489409,4,1.2922969011704626,92,12.580943204924681,16.894236229002612,1.0,1,0.08823928851974844,0,0.8474643684270466,0.3692883998155594,3.728069798324009e-14
2,3,step,False,12,1.95878432879614,0.10465401121335063,0.09208050280730327,1.1303472927735145,40.08902068095337,4,1.384946821223811,76,8.681952461815355,10.164241438580774,1.0,1,0.14019255434014516,0,0.8474643684270466,0.3692883998155594,3.728069798324009e-14
2,3,step,False,13,2.3633895001822,0.09877057231878196,0.09091541469964279,1.4744123258001987,26.59264496145776,4,1.352033392404459,52,6.00000000016807,7.2793476030876,1.0,1,0.17985039541209005,0,0.8474643684270466,0.3692883998155594,3.728069798324009e-14
2,3,step,False,14,1.7825206800460858,0.11679023921172242,0.052496250411876645,1.0193644068760228,46.172091068059316,4,1.3466985252160468,82,12.877247436205941,15.535508869066122,1.0,1,0.12415674816125595,0,0.8474643684270466,0.3692883998155594,3.728069798324009e-14
2,3,step,False,15,1.1478094221068595,0.36584153851055373,0.21946160362443318,0.877361554877913,28.877027391427546,4,1.59673346097239,55,8.041314927765425,11.95984676217459,1.0,1,0.11349389872627326,0,0.8474643684270466,0.3692883998155594,3.728069798324009e-14
2,3,step,False,16,0.7518156372889109,0.0635698003356466,0.3842280276294127,0.420181870454791,106.71190044916905,4,1.1266294635540246,165,39.23349626680335,52.19842626319149,1.0,1,0.1537317416285221,0,0.8474643684270466,0.3692883998155594,3.728069798324009e-14
2,3,step,False,17,1.4618158494836173,0.03803622571505418,0.03011138329827395,1.0922074339596302,35.0073398635863,4,1.3254211573746157,63,12.836468723005959,17.80574534306326,1.0,1,0.17099437655923852,0,0.8474643684270466,0.3692883998155594,3.728069798324009e-14
2,3,step,False,18,1.7987267463663223,0.21625644041062825,0.13713806758589497,0.980701922242823,44.12035323503808,4,1.4784202331339371,84,13.806653952511722,17.93521426174862,1.0,1,0.10976881476238438,0,0.8474643684270466,0.3692883998155594,3.728069798324009e-14
2,3,step,False,19,1.6219259550985072,0.19643379986173906,0.2256926250044474,0.8805342626268562,74.42484287557377,4,1.3377405722563598,113,25.79430276090567,32.37073505875681,1.0,1,0.17388699762432092,0,0.8474643684270466,0.3692883998155594,3.728069798324009e-14
2,3,step,False,20,0.4967517232200428,0.3673521709829972,0.37977740378019104,0.42772438218880854,75.84888072224115,4,1.410734447486806,127,26.25106241341039,40.0860741254884,1.0,1,0.22571421796965258,0,0.8474643684270466,0.3692883998155594,3.728069798324009e-14
2,3,step,False,21,0.2801579968649878,0.13249157519142632,0.52077374176404,0.13843247089108443,106.18932736682225,4,1.31924396631905,161,35.56324436441359,47.70576845080647,1.0,1,0.12083383590721908,0,0.8474643684270466,0.3692883998155594,3.728069798324009e-14
2,3,step,False,22,0.4284902509478303,0.17598429966704182,0.22716786155304758,0.31533300723622376,88.86975276936352,4,1.2797301308079836,138,34.48015997652407,48.54054721942205,1.0,1,0.11166271225744406,0,0.8474643684270466,0.3692883998155594,3.728069798324009e-14
2,3,step,False,23,0.8766018881723402,0.17339728787682193,0.13409260778038312,0.44367666827444185,91.8337035908913,4,1.2317549105593442,153,32.34436080803355,41.566535907135375,1.0,1,0.18750069095320313,0,0.8474643684270466,0.3692883998155594,3.728069798324009e-14
3,0,init,False,0,2.012293809437055,0.0838008471334167,0.08380084713341804,1.5402516091339595,37.93057280478205,4,1.3455784074471395,70,nan,nan,1.0,1,nan,0,nan,nan,nan
3,0,init,False,1,0.7367854000076806,0.3033297504573356,0.3033297504573349,0.6440423118210855,57.99527211735812,4,1.3382596057270464,106,nan,nan,1.0,1,nan,0,nan,nan,nan
3,0,init,False,2,0.6609735095724033,0.3862369969522639,0.38623699695226416,0.7646360036319266,63.15955652333682,4,1.3465946908914779,109,nan,nan,1.0,1,nan,0,nan,nan,nan
3,0,init,False,3,1.5791575861932878,0.2435496721736036,0.24354967217360451,1.115232313634725,50.09814652505192,4,1.4943202051199926,94,nan,nan,1.0,1,nan,0,nan,nan,nan
3,0,init,False,4,1.2628620126326964,0.16950896581629626,0.16950896581629626,0.9902355710827684,82.79149624132033,4,1.204873137523886,136,nan,nan,1.0,1,nan,0,nan,nan,nan
3,0,init,False,5,2.203884775882906,0.10451028839151812,0.10451028839151918,1.6749614487151394,26.607861162891997,4,1.6151408514682852,50,nan,nan,1.0,1,nan,0,nan,nan,nan
3,0,init,False,6,1.3474154075443938,0.21320513794625756,0.21320513794625756,0.9864678493589868,22.494725083016796,4,1.6539183287774182,46,nan,nan,1.0,1,nan,0,nan,nan,nan
3,0,init,False,7,0.637017188984615,0.3707487381791445,0.3707487381791445,0.6031598226075812,88.99898775563832,4,1.2111449125455207,139,nan,nan,1.0,1,nan,0,nan,nan,nan
3,0,init,False,8,1.1241654617540675,0.17177864712806748,0.17177864712806812,0.9203420329676484,88.03765048272967,4,1.257016970154669,145,nan,nan,1.0,1,nan,0,nan,nan,nan
3,0,init,False,9,0.3160041946949852,0.4686036486010846,0.4686036486010847,0.23123521902121053,108.0706132519012,4,1.2117144547233307,161,nan,nan,1.0,1,nan,0,nan,nan,nan
3,0,init,False,10,0.5495978082565923,0.42324479036028706,0.42324479036028734,0.5960798006648088,39.635768704361176,4,1.524224254169316,70,nan,nan,1.0,1,nan,0,nan,nan,nan
3,0,init,False,11,1.145507073081825,0.33149742431484513,0.33149742431484497,0.8515123938283693,53.50595265384432,4,1.3543931342986377,91,nan,nan,1.0,1,nan,0,nan,nan,nan
3,0,init,False,12,1.6167986815583852,0.12416861548606999,0.1241686154860682,1.1627560541958475,35.30335441281399,4,1.470880390822856,74,nan,nan,1.0,1,nan,0,nan,nan,nan
3,0,init,False,13,1.4957891254472597,0.2347554513731877,0.23475545137318865,1.2212379390800372,37.83702709614994,4,1.514555800642806,63,nan,nan,1.0,1,nan,0,nan,nan,nan
3,0,init,False,14,1.2928729106443955,0.11101843678701602,0.11101843678701802,1.025695678413242,59.557835607351116,4,1.3574636402010074,100,nan,nan,1.0,1,nan,0,nan,nan,nan
3,0,init,False,15,1.0821811863143032,0.077442052285507,0.077442052285507,0.9211732005257176,80.57983105058655,4,1.2621418675497373,123,nan,nan,1.0,1,nan,0,nan,nan,nan
3,0,init,False,16,2.2308898068401075,0.14838870155022335,0.1483887015502241,1.6678017973001766,29.913116794190373,4,1.419443889218377,53,nan,nan,1.0,1,nan,0,nan,nan,nan
3,0,init,False,17,0.9897997487825622,0.23025120718122355,0.23025120718122502,0.7823522654289061,81.85760306373517,4,1.2668221508812167,130,nan,nan,1.0,1,nan,0,nan,nan,nan
3,0,init,False,18,0.5590769175905304,0.179193688732059,0.17919368873205777,0.5057778254642993,92.05003247630124,4,1.1697464886624773,143,nan,nan,1.0,1,nan,0,nan,nan,nan
3,0,init,False,19,0.3614042791791365,0.5443529209573507,0.5443529209573507,0.4283663315382897,94.70932325003324,4,1.2914698356524905,147,nan,nan,1.0,1,nan,0,nan,nan,nan
3,0,init,False,20,1.1237436745120502,0.15069433990348677,0.1506943399034853,0.8784531211345564,74.65822521997791,4,1.2522667698187906,126,nan,nan,1.0,1,nan,0,nan,nan,nan
3,0,init,False,21,0.48646786313588014,0.8470192076832614,0.8470192076832614,0.3288886919527557,78.49371927859829,4,1.2956308258276654,125,nan,nan,1.0,1,nan,0,nan,nan,nan
3,0,init,False,22,1.1811721758476943,0.13474149447518435,0.13474149447518272,0.7396946074727961,35.3537841656409,4,1.6002462899003156,65,nan,nan,1.0,1,nan,0,nan,nan,nan
3,0,init,False,23,0.5342055744252718,0.1539389125597131,0.15393891255971237,0.5884220754114263,20.35954427838876,4,1.4853578680848185,45,nan,nan,1.0,1,nan,0,nan,nan,nan
3,1,step,False,0,2.012293809437055,0.08570973432603629,0.08380084713341804,1.5402516091339595,37.93057280478205,4,1.3455784074471395,70,10.922416364615072,14.482454994206554,1.0,1,0.4837575403536357,0,1.5615755036669832,1.0,1.5642066767973488e-15
3,1,step,False,1,0.7367854000076806,0.1623819979478683,0.3033297504573349,0.6440423118210855,57.99527211735812,4,1.3382596057270464,106,15.010092051920687,22.83846301223448,1.0,1,0.33464991961189194,0,1.5615755036669832,1.0,1.5642066767973488e-15
3,1,step,False,2,0.6609735095724033,0.4155313237228401,0.38623699695226416,0.7646360036319266,63.15955652333682,4,1.3465946908914779,109,16.773240001704252,26.060001847395142,1.0,1,0.5074761011512033,0,1.5615755036669832,1.0,1.5642066767973488e-15
3,1,step,False,3,1.5791575861932878,0.17343316013752647,0.24354967217360451,1.115232313634725,50.09814652505192,4,1.4943202051199926,94,14.899836431441516,19.76585011294503,1.0,1,0.37468237546885685,0,1.5615755036669832,1.0,1.5642066767973488e-15
3,1,step,False,4,1.2628620126326964,0.19347501898930394,0.16950896581629626,0.9902355710827684,82.79149624132033,4,1.204873137523886,136,30.000734778869607,41.36548508494214,1.0,1,0.5086135964229284,0,1.5615755036669832,1.0,1.5642066767973488e-15
3,1,step,False,5,2.203884775882906,0.07240366494469348,0.10451028839151918,1.6749614487151394,26.607861162891997,4,1.6151408514682852,50,6.0000000004595995,9.991526186540185,1.0,1,0.35545303405545875,0,1.5615755036669832,1.0,1.5642066767973488e-15
3,1,step,False,6,1.3474154075443938,0.1494001516695527,0.21320513794625756,0.9864678493589868,22.494725083016796,4,1.6539183287774182,46,6.000000000553866,9.549807590621803,1.0,1,0.18836221731464373,0,1.5615755036669832,1.0,1.5642066767973488e-15
3,1,step,False,7,0.637017188984615,0.1770797416966945,0.3707487381791445,0.6031598226075812,88.99898775563832,4,1.2111449125455207,139,30.448542280750008,41.1574719300779,1.0,1,0.42521576830816554,0,1.5615755036669832,1.0,1.5642066767973488e-15
3,1,step,False,8,1.1241654617540675,0.13829581597856697,0.17177864712806812,0.9203420329676484,88.03765048272967,4,1.257016970154669,145,29.053652846562443,41.683052171770576,1.0,1,0.5090916271774443,0,1.5615755036669832,1.0,1.5642066767973488e-15
3,1,step,False,9,0.3160041946949852,0.4825566038974453,0.4686036486010847,0.23123521902121053,108.0706132519012,4,1.2117144547233307,161,42.8935622231798,58.530855301915764,1.0,1,0.4799592378185198,0,1.5615755036669832,1.0,1.5642066767973488e-15
3,1,step,False,10,0.5495978082565923,0.4346129467399627,0.42324479036028734,0.5960798006648088,39.635768704361176,4,1.524224254169316,70,10.636952920369222,14.250463305950456,1.0,1,0.3551579826714587,0,1.5615755036669832,1.0,1.5642066767973488e-15
3,1,step,False,11,1.145507073081825,0.16009748334376922,0.33149742431484497,0.8515123938283693,53.50595265384432,4,1.3543931342986377,91,16.987319016572748,22.422380618220046,1.0,1,0.3889607849935886,0,1.5615755036669832,1.0,1.5642066767973488e-15
3,1,step,False,12,1.6167986815583852,0.14054541739771648,0.1241686154860682,1.1627560541958475,35.30335441281399,4,1.470880390822856,74,8.27525075068241,10.276580991030693,1.0,1,0.28913777372610805,0,1.5615755036669832,1.0,1.5642066767973488e-15
3,1,step,False,13,1.4957891254472597,0.17822408548314084,0.23475545137318865,1.2212379390800372,37.83702709614994,4,1.514555800642806,63,14.486518135238502,20.3996384800186,1.0,1,0.40258606392197066,0,1.5615755036669832,1.0,1.5642066767973488e-15
3,1,step,False,14,1.2928729106443955,0.06145945889082794,0.11101843678701802,1.025695678413242,59.557835607351116,4,1.3574636402010074,100,21.64276409526105,30.36216966529646,1.0,1,0.4408916871751244,0,1.5615755036669832,1.0,1.5642066767973488e-15
3,1,step,False,15,1.0821811863143032,0.12303468039381477,0.077442052285507,0.9211732005257176,80.57983105058655,4,1.2621418675497373,123,30.556319088868502,43.483785732213775,1.0,1,0.4645940043673995,0,1.5615755036669832,1.0,1.5642066767973488e-15
3,1,step,False,16,2.2308898068401075,0.17519882468076173,0.1483887015502241,1.6678017973001766,29.913116794190373,4,1.419443889218377,53,9.17412241406408,12.544210845162215,1.0,1,0.2311766175285096,0,1.5615755036669832,1.0,1.5642066767973488e-15
3,1,step,False,17,0.9897997487825622,0.1352144342825622,0.23025120718122502,0.7823522654289061,81.85760306373517,4,1.2668221508812167,130,29.688235730993995,42.488633301819924,1.0,1,0.48894196461918205,0,1.5615755036669832,1.0,1.5642066767973488e-15
3,1,step,False,18,0.5590769175905304,0.24375766134906474,0.17919368873205777,0.5057778254642993,92.05003247630124,4,1.1697464886624773,143,34.46379207333563,47.075097607185626,1.0,1,0.45134998073493793,0,1.5615755036669832,1.0,1.5642066767973488e-15
3,1,step,False,19,0.3614042791791365,0.503548451831078,0.5443529209573507,0.4283663315382897,94.70932325003324,4,1.2914698356524905,147,32.555472275433054,45.326689933314725,1.0,1,0.639617725294722,0,1.5615755036669832,1.0,1.5642066767973488e-15
3,1,step,False,20,1.1237436745120502,0.0731523339767272,0.1506943399034853,0.8784531211345564,74.65822521997791,4,1.2522667698187906,126,29.580320927251453,39.15800024600011,1.0,1,0.448836228727165,0,1.5615755036669832,1.0,1.5642066767973488e-15
3,1,step,False,21,0.48646786313588014,0.4227794382745142,0.8470192076832614,0.3288886919527557,78.49371927859829,4,1.2956308258276654,125,26.417901366606994,36.81208911139034,1.0,1,0.32258628575995013,0,1.5615755036669832,1.0,1.5642066767973488e-15
3,1,step,False,22,1.1811721758476943,0.1809969175244048,0.13474149447518272,0.7396946074727961,35.3537841656409,4,1.6002462899003156,65,10.049682712382431,14.14525421403489,1.0,1,0.3049081889237923,0,1.5615755036669832,1.0,1.5642066767973488e-15
3,1,step,False,23,0.5342055744252718,0.05434375459962131,0.15393891255971237,0.5884220754114263,20.35954427838876,4,1.4853578680848185,45,6.000000000403003,7.9686208448951135,1.0,1,0.13855564370795417,0,1.5615755036669832,1.0,1.5642066767973488e-15
3,2,step,False,0,2.012293809437055,0.09485963240808026,0.08380084713341804,1.5402516091339595,37.93057280478205,4,1.3455784074471395,70,10.41793185532552,13.970389269721716,1.0,1,0.2270945644470852,0,1.1042006279777221,0.6080570220947266,6.6823920816178675e-15
3,2,step,False,1,0.7367854000076806,0.0324556174873449,0.3033297504573349,0.6440423118210855,57.99527211735812,4,1.3382596057270464,106,15.508086891743542,22.684053847699154,1.0,1,0.2846246066140307,0,1.1042006279777221,0.6080570220947266,6.6823920816178675e-15
3,2,step,False,2,0.6609735095724033,0.27546170462033776,0.38623699695226416,0.7646360036319266,63.15955652333682,4,1.3465946908914779,109,13.499067659279776,19.532297172025203,1.0,1,0.2003004275972068,0,1.1042006279777221,0.6080570220947266,6.6823920816178675e-15
3,2,step,False,3,1.5791575861932878,0.11838643852502662,0.24354967217360451,1.115232313634725,50.09814652505192,4,1.4943202051199926,94,14.319378909131299,19.059034404647715,1.0,1,0.17149156122823847,0,1.1042006279777221,0.6080570220947266,6.6823920816178675e-15
3,2,step,False,4,1.2628620126326964,0.14971936549085102,0.16950896581629626,0.9902355710827684,82.79149624132033,4,1.204873137523886,136,28.822957158324968,37.55957121079199,1.0,1,0.2501906174530094,0,1.1042006279777221,0.6080570220947266,6.6823920816178675e-15
3,2,step,False,5,2.203884775882906,0.15953335530416687,0.10451028839151918,1.6749614487151394,26.607861162891997,4,1.6151408514682852,50,6.0000000000057785,8.07398542982796,1.0,1,0.17337398441294008,0,1.1042006279777221,0.6080570220947266,6.6823920816178675e-15
3,2,step,False,6,1.3474154075443938,0.09880704607774217,0.21320513794625756,0.9864678493589868,22.494725083016796,4,1.6539183287774182,46,6.802482167985162,10.231037010538092,1.0,1,0.2887538038068585,0,1.1042006279777221,0.6080570220947266,6.6823920816178675e-15
3,2,step,False,7,0.637017188984615,0.1605802653774911,0.3707487381791445,0.6031598226075812,88.99898775563832,4,1.2111449125455207,139,31.29985208919208,43.58864748424242,1.0,1,0.2380355401293726,0,1.1042006279777221,0.6080570220947266,6.6823920816178675e-15
3,2,step,False,8,1.1241654617540675,0.13597588691997914,0.17177864712806812,0.9203420329676484,88.03765048272967,4,1.257016970154669,145,29.430735832002803,40.33395108595166,1.0,1,0.2843532431754197,0,1.1042006279777221,0.6080570220947266,6.6823920816178675e-15
3,2,step,False,9,0.3160041946949852,0.5286700491471082,0.4686036486010847,0.23123521902121053,108.0706132519012,4,1.2117144547233307,161,45.706745664163044,60.367110917568226,1.0,1,0.16700538784969327,0,1.1042006279777221,0.6080570220947266,6.6823920816178675e-15
3,2,step,False,10,0.5495978082565923,0.37161261390704026,0.42324479036028734,0.5960798006648088,39.635768704361176,4,1.524224254169316,70,13.198702168007808,18.49271655545616,1.0,1,0.22779158473940406,0,1.1042006279777221,0.6080570220947266,6.6823920816178675e-15
3,2,step,False,11,1.145507073081825,0.10493604590969585,0.33149742431484497,0.8515123938283693,53.50595265384432,4,1.3543931342986377,91,17.765664204161848,24.650017880359286,1.0,1,0.2774715312032089,0,1.1042006279777221,0.6080570220947266,6.6823920816178675e-15
3,2,step,False,12,1.6167986815583852,0.1733368390140285,0.1241686154860682,1.1627560541958475,35.30335441281399,4,1.470880390822856,74,8.053191018934706,10.678143855030354,1.0,1,0.4082916880946694,0,1.1042006279777221,0.6080570220947266,6.6823920816178675e-15
3,2,step,False,13,1.4957891254472597,0.2265595417828475,0.23475545137318865,1.2212379390800372,37.83702709614994,4,1.514555800642806,63,12.6799663355977,18.135162801931056,1.0,1,0.2310107454553891,0,1.1042006279777221,0.6080570220947266,6.6823920816178675e-15
3,2,step,False,14,1.2928729106443955,0.039073971654960044,0.11101843678701802,1.025695678413242,59.557835607351116,4,1.3574636402010074,100,19.648073487233656,27.242773366188054,1.0,1,0.26859107181235065,0,1.1042006279777221,0.6080570220947266,6.6823920816178675e-15
3,2,step,False,15,1.0821811863143032,0.1199995515393995,0.077442052285507,0.9211732005257176,80.57983105058655,4,1.2621418675497373,123,31.37041376349831,42.10887503597362,1.0,1,0.24757405618230585,0,1.1042006279777221,0.6080570220947266,6.6823920816178675e-15
3,2,step,False,16,2.2308898068401075,0.20824743201898796,0.1483887015502241,1.6678017973001766,29.913116794190373,4,1.419443889218377,53,7.626794330794434,10.382227170445496,1.0,1,0.10730293252416467,0,1.1042006279777221,0.6080570220947266,6.6823920816178675e-15
3,2,step,False,17,0.9897997487825622,0.13040391515997868,0.23025120718122502,0.7823522654289061,81.85760306373517,4,1.2668221508812167,130,28.669288087925477,39.25975034643036,1.0,1,0.21827880054654616,0,1.1042006279777221,0.6080570220947266,6.6823920816178675e-15
3,2,step,False,18,0.5590769175905304,0.3294865852916541,0.17919368873205777,0.5057778254642993,92.05003247630124,4,1.1697464886624773,143,34.128698401109254,46.83518656095243,1.0,1,0.21556443830026004,0,1.1042006279777221,0.6080570220947266,6.6823920816178675e-15
3,2,step,False,19,0.3614042791791365,0.546503811402814,0.5443529209573507,0.4283663315382897,94.70932325003324,4,1.2914698356524905,147,31.68054792487745,44.938135424468435,1.0,1,0.2915070518267811,0,1.1042006279777221,0.6080570220947266,6.6823920816178675e-15
3,2,step,False,20,1.1237436745120502,0.07959823018564671,0.1506943399034853,0.8784531211345564,74.65822521997791,4,1.2522667698187906,126,29.44371962264604,39.75732557578269,1.0,1,0.1854442464060979,0,1.1042006279777221,0.6080570220947266,6.6823920816178675e-15
3,2,step,False,21,0.48646786313588014,0.33639558389191015,0.8470192076832614,0.3288886919527557,78.49371927859829,4,1.2956308258276654,125,28.112748376574146,37.58386161769585,1.0,1,0.16054230949662035,0,1.1042006279777221,0.6080570220947266,6.6823920816178675e-15
3,2,step,False,22,1.1811721758476943,0.15759247777998972,0.13474149447518272,0.7396946074727961,35.3537841656409,4,1.6002462899003156,65,9.741880528445032,14.0020491864462,1.0,1,0.21376346708167698,0,1.1042006279777221,0.6080570220947266,6.6823920816178675e-15
3,2,step,False,23,0.5342055744252718,0.05913983994525816,0.15393891255971237,0.5884220754114263,20.35954427838876,4,1.4853578680848185,45,6.964414382117074,9.666351592811498,1.0,1,0.1664352337132166,0,1.1042006279777221,0.6080570220947266,6.6823920816178675e-15
3,3,step,False,0,2.012293809437055,0.11801129811507288,0.08380084713341804,1.5402516091339595,37.93057280478205,4,1.3455784074471395,70,9.265925166225019,12.27840396103921,1.0,1,0.2671064866676493,0,0.7807877518334915,0.3677537739276886,2.025628832816346e-12
3,3,step,False,1,0.7367854000076806,0.22024200086837895,0.3033297504573349,0.6440423118210855,57.99527211735812,4,1.3382596057270464,106,16.63196566680501,25.058016986130657,1.0,1,0.2067721782396702,0,0.7807877518334915,0.3677537739276886,2.025628832816346e-12
3,3,step,False,2,0.6609735095724033,0.4541672301183563,0.38623699695226416,0.7646360036319266,63.15955652333682,4,1.3465946908914779,109,16.669147006335695,24.96861538361455,1.0,1,0.12908993695540147,0,0.7807877518334915,0.3677537739276886,2.025628832816346e-12
3,3,step,False,3,1.5791575861932878,0.1176393280103658,0.24354967217360451,1.115232313634725,50.09814652505192,4,1.4943202051199926,94,15.091015587592699,20.220754984461138,1.0,1,0.17770989102560014,0,0.7807877518334915,0.3677537739276886,2.025628832816346e-12
3,3,step,False,4,1.2628620126326964,0.13672777194828875,0.16950896581629626,0.9902355710827684,82.79149624132033,4,1.204873137523886,136,27.258257334748528,33.21301771389131,1.0,1,0.12935660790503423,0,0.7807877518334915,0.3677537739276886,2.025628832816346e-12
3,3,step,False,5,2.203884775882906,0.2006793738128792,0.10451028839151918,1.6749614487151394,26.607861162891997,4,1.6151408514682852,50,6.000000000183443,7.890776989619126,1.0,1,0.1670564722805731,0,0.7807877518334915,0.3677537739276886,2.025628832816346e-12
3,3,step,False,6,1.3474154075443938,0.1290095323865078,0.21320513794625756,0.9864678493589868,22.494725083016796,4,1.6539183287774182,46,7.536296484990125,9.985247853792494,1.0,1,0.10615967633488327,0,0.7807877518334915,0.3677537739276886,2.025628832816346e-12
3,3,step,False,7,0.637017188984615,0.20272399374732752,0.3707487381791445,0.6031598226075812,88.99898775563832,4,1.2111449125455207,139,32.003843645018996,42.85353608734448,1.0,1,0.11930165330093292,0,0.7807877518334915,0.3677537739276886,2.025628832816346e-12
3,3,step,False,8,1.1241654617540675,0.11163858257729468,0.17177864712806812,0.9203420329676484,88.03765048272967,4,1.257016970154669,145,29.334511405230316,39.60190699986305,1.0,1,0.16664072895408655,0,0.7807877518334915,0.3677537739276886,2.025628832816346e-12
3,3,step,False,9,0.3160041946949852,0.25697255909072936,0.4686036486010847,0.23123521902121053,108.0706132519012,4,1.2117144547233307,161,47.87791954176025,62.89724706615303,1.0,1,0.1110138580416027,0,0.7807877518334915,0.3677537739276886,2.025628832816346e-12
3,3,step,False,10,0.5495978082565923,0.3895300379803335,0.42324479036028734,0.5960798006648088,39.635768704361176,4,1.524224254169316,70,15.13833505858145,21.152101683051825,1.0,1,0.1962583368248198,0,0.7807877518334915,0.3677537739276886,2.025628832816346e-12
3,3,step,False,11,1.145507073081825,0.1263650385554221,0.33149742431484497,0.8515123938283693,53.50595265384432,4,1.3543931342986377,91,17.139038283099985,22.871360319326588,1.0,1,0.12299387765313889,0,0.7807877518334915,0.3677537739276886,2.025628832816346e-12
3,3,step,False,12,1.6167986815583852,0.19377638248115506,0.1241686154860682,1.1627560541958475,35.30335441281399,4,1.470880390822856,74,7.971241647743699,11.843098452512304,1.0,1,0.1916865700189948,0,0.7807877518334915,0.3677537739276886,2.025628832816346e-12
3,3,step,False,13,1.4957891254472597,0.2600655695491731,0.23475545137318865,1.2212379390800372,37.83702709614994,4,1.514555800642806,63,9.024585423913647,12.024819669714267,1.0,1,0.20018994096476947,0,0.7807877518334915,0.3677537739276886,2.025628832816346e-12
3,3,step,False,14,1.2928729106443955,0.0532138367103474,0.11101843678701802,1.025695678413242,59.557835607351116,4,1.3574636402010074,100,16.60820435802681,21.31531897722797,1.0,1,0.1550561022035305,0,0.7807877518334915,0.3677537739276886,2.025628832816346e-12
3,3,step,False,15,1.0821811863143032,0.06426966611030993,0.077442052285507,0.9211732005257176,80.57983105058655,4,1.2621418675497373,123,30.136108255572346,38.87049202256572,1.0,1,0.14775384887636195,0,0.7807877518334915,0.3677537739276886,2.025628832816346e-12
3,3,step,False,16,2.2308898068401075,0.2301954251402736,0.1483887015502241,1.6678017973001766,29.913116794190373,4,1.419443889218377,53,6.74701707953203,8.679370824310187,1.0,1,0.06320854829344973,0,0.7807877518334915,0.3677537739276886,2.025628832816346e-12
3,3,step,False,17,0.9897997487825622,0.16253140613371883,0.23025120718122502,0.7823522654289061,81.85760306373517,4,1.2668221508812167,130,29.295850515308455,38.630269983716225,1.0,1,0.11448190057459212,0,0.7807877518334915,0.3677537739276886,2.025628832816346e-12
3,3,step,False,18,0.5590769175905304,0.35397533876163023,0.17919368873205777,0.5057778254642993,92.05003247630124,4,1.1697464886624773,143,33.31841343183824,44.6714526048379,1.0,1,0.13952102964561286,0,0.7807877518334915,0.3677537739276886,2.025628832816346e-12
3,3,step,False,19,0.3614042791791365,0.6276345225628798,0.5443529209573507,0.4283663315382897,94.70932325003324,4,1.2914698356524905,147,30.170903492382653,42.44410649748208,1.0,1,0.13669445793266324,0,0.7807877518334915,0.3677537739276886,2.025628832816346e-12
3,3,step,False,20,1.1237436745120502,0.11120202054019344,0.1506943399034853,0.8784531211345564,74.65822521997791,4,1.2522667698187906,126,28.25308391792086,39.33129367988597,1.0,1,0.20608292897827582,0,0.7807877518334915,0.3677537739276886,2.025628832816346e-12
3,3,step,False,21,0.48646786313588014,0.3056000092408835,0.8470192076832614,0.3288886919527557,78.49371927859829,4,1.2956308258276654,125,31.359043974912115,39.190886497114626,1.0,1,0.11481300436328949,0,0.7807877518334915,0.3677537739276886,2.025628832816346e-12
3,3,step,False,22,1.1811721758476943,0.09767768256824022,0.13474149447518272,0.7396946074727961,35.3537841656409,4,1.6002462899003156,65,9.069991993715742,13.792693936249565,1.0,1,0.10273305406255336,0,0.7807877518334915,0.3677537739276886,2.025628832816346e-12
3,3,step,False,23,0.5342055744252718,0.11746786937689241,0.15393891255971237,0.5884220754114263,20.35954427838876,4,1.4853578680848185,45,9.186642646455875,12.53582599735903,1.0,1,0.14342487772409912,0,0.7807877518334915,0.3677537739276886,2.025628832816346e-12
4,0,init,False,0,0.7314387939142174,0.5073575779719194,0.5073575779719194,0.3488720987583121,44.639233131341264,4,1.4717034210320197,80,nan,nan,1.0,1,nan,0,nan,nan,nan
4,0,init,False,1,0.1901008407877457,0.8060556090402555,0.8060556090402555,0.1562697109825038,95.16254019214296,4,1.1874728407876145,152,nan,nan,1.0,1,nan,0,nan,nan,nan
4,0,init,False,2,1.441147482065505,0.09893059557084154,0.09893059557084266,0.875115265500899,70.04878199399387,4,1.2364578866533147,111,nan,nan,1.0,1,nan,0,nan,nan,nan
4,0,init,False,3,0.767155368090763,0.39211122835536566,0.39211122835536594,0.3000681300408479,100.75550557741175,4,1.2565369514170905,162,nan,nan,1.0,1,nan,0,nan,nan,nan
4,0,init,False,4,0.5621501343069247,0.10521224533694513,0.10521224533694302,0.31103520024761433,89.49245843116506,4,1.1743079759427548,143,nan,nan,1.0,1,nan,0,nan,nan,nan
4,0,init,False,5,1.741348863480143,0.13551876239308233,0.13551876239308314,1.0518740386369914,46.93688532852703,4,1.300178936994807,78,nan,nan,1.0,1,nan,0,nan,nan,nan
4,0,init,False,6,1.1638828463724025,0.06289977297936927,0.06289977297936399,0.622028426472157,73.73652846831166,4,1.3447438919268,122,nan,nan,1.0,1,nan,0,nan,nan,nan
4,0,init,False,7,2.6451436560886648,0.07602073873092921,0.07602073873092775,1.546293103374471,13.3769927683865,4,1.5612099688142451,29,nan,nan,1.0,1,nan,0,nan,nan,nan
4,0,init,False,8,1.1773111634983904,0.23291791713110716,0.23291791713110763,0.7933264009229355,64.15268601527599,4,1.229517982047906,102,nan,nan,1.0,1,nan,0,nan,nan,nan
4,0,init,False,9,2.021911938662873,0.03730169591404009,0.03730169591404009,1.2721400504958391,18.556817078819357,4,1.3693512604865345,39,nan,nan,1.0,1,nan,0,nan,nan,nan
4,0,init,False,10,1.5164206506624354,0.13808931204054958,0.13808931204054878,0.8302204335831187,46.70874174669558,4,1.527742603416708,79,nan,nan,1.0,1,nan,0,nan,nan,nan
4,0,init,False,11,1.7873261353014271,0.2652878563480948,0.26528785634809443,1.126051849928676,57.084695115331876,4,1.5808953940501442,96,nan,nan,1.0,1,nan,0,nan,nan,nan
4,0,init,False,12,0.4960937291639991,0.4108634612164743,0.4108634612164743,0.3111488363554541,63.6783197134603,4,1.3589012809914252,108,nan,nan,1.0,1,nan,0,nan,nan,nan
4,0,init,False,13,0.7733730741862967,0.2556308750535229,0.25563087505352156,0.451534386767639,66.83403132970636,4,1.329152171362885,115,nan,nan,1.0,1,nan,0,nan,nan,nan
4,0,init,False,14,1.2441028283176079,0.08698193174574825,0.08698193174574825,0.7674945914542526,58.061725957454186,4,1.2633188937440742,98,nan,nan,1.0,1,nan,0,nan,nan,nan
4,0,init,False,15,1.020636180189332,0.06380384431239283,0.06380384431239458,0.6787413011425951,58.51959310555104,4,1.2981172287303016,108,nan,nan,1.0,1,nan,0,nan,nan,nan
4,0,init,False,16,0.6465795769665226,0.444736720837922,0.44473672083792226,0.3681701844501494,97.89745695364742,4,1.2003166810382462,147,nan,nan,1.0,1,nan,0,nan,nan,nan
4,0,init,False,17,1.3800791253006297,0.34542194471449855,0.3454219447144979,0.7570265018045935,48.80763556737149,4,1.4697516896109295,86,nan,nan,1.0,1,nan,0,nan,nan,nan
4,0,init,False,18,1.9545733255213382,0.1734032492476009,0.17340324924760217,1.3881731250162486,7.853191170770043,4,1.7569804946433485,22,nan,nan,1.0,1,nan,0,nan,nan,nan
4,0,init,False,19,0.8642655972196809,0.03665801877604915,0.03665801877604915,0.45671670486002897,61.87620529710102,4,1.340721252836389,104,nan,nan,1.0,1,nan,0,nan,nan,nan
4,0,init,False,20,0.4015157065634968,0.735242077860848,0.735242077860848,0.23255373067413956,32.3597539167309,4,1.4465041377328534,59,nan,nan,1.0,1,nan,0,nan,nan,nan
4,0,init,False,21,1.0339699688965198,0.12056576519138043,0.12056576519138043,0.6144482949458159,110.95355214142103,4,1.16420689553413,158,nan,nan,1.0,1,nan,0,nan,nan,nan
4,0,init,False,22,0.8323167227644012,0.13164829101919223,0.13164829101919223,0.5634638051950027,28.29923000992318,4,1.2823286814629669,48,nan,nan,1.0,1,nan,0,nan,nan,nan
4,0,init,False,23,0.6269417020834565,0.38204053994893616,0.38204053994893644,0.33682594423068674,84.20743898946,4,1.3641352759470966,132,nan,nan,1.0,1,nan,0,nan,nan,nan
4,1,step,False,0,0.7314387939142174,0.4351731914199492,0.5073575779719194,0.3488720987583121,44.639233131341264,4,1.4717034210320197,80,10.867840800094928,16.34553838528442,1.0,1,0.33159273937987394,0,1.5893452000177961,1.0,3.9046292662956755e-14
4,1,step,False,1,0.1901008407877457,0.8093248832802508,0.8060556090402555,0.1562697109825038,95.16254019214296,4,1.1874728407876145,152,30.42662057704763,44.156256981023,1.0,1,0.32929148039903866,0,1.5893452000177961,1.0,3.9046292662956755e-14
4,1,step,False,2,1.441147482065505,0.012147008194337384,0.09893059557084266,0.875115265500899,70.04878199399387,4,1.2364578866533147,111,21.88223548020074,29.81173253236193,1.0,1,0.2663148147274659,0,1.5893452000177961,1.0,3.9046292662956755e-14
4,1,step,False,3,0.767155368090763,0.19655298534571086,0.39211122835536594,0.3000681300408479,100.75550557741175,4,1.2565369514170905,162,36.94905793727604,50.487823389069,1.0,1,0.4741745212616739,0,1.5893452000177961,1.0,3.9046292662956755e-14
4,1,step,False,4,0.5621501343069247,0.10058646346297329,0.10521224533694302,0.31103520024761433,89.49245843116506,4,1.1743079759427548,143,35.40288280778162,49.32900839808475,1.0,1,0.5675425651143773,0,1.5893452000177961,1.0,3.9046292662956755e-14
4,1,step,False,5,1.741348863480143,0.13877108707431884,0.13551876239308314,1.0518740386369914,46.93688532852703,4,1.300178936994807,78,14.18712793226074,20.63637407450372,1.0,1,0.5113986449114465,0,1.5893452000177961,1.0,3.9046292662956755e-14
4,1,step,False,6,1.1638828463724025,0.0686680209578199,0.06289977297936399,0.622028426472157,73.73652846831166,4,1.3447438919268,122,27.282808259752084,37.815597881797714,1.0,1,0.2954433770268191,0,1.5893452000177961,1.0,3.9046292662956755e-14
4,1,step,False,7,2.6451436560886648,0.04300599737600188,0.07602073873092775,1.546293103374471,13.3769927683865,4,1.5612099688142451,29,6.00000000042726,9.157163809743498,1.0,1,0.5324945919149093,0,1.5893452000177961,1.0,3.9046292662956755e-14
4,1,step,False,8,1.1773111634983904,0.14712388518772904,0.23291791713110763,0.7933264009229355,64.15268601527599,4,1.229517982047906,102,22.14512891317337,30.00529150549333,1.0,1,0.2479464292875775,0,1.5893452000177961,1.0,3.9046292662956755e-14
4,1,step,False,9,2.021911938662873,0.08287181106834601,0.03730169591404009,1.2721400504958391,18.556817078819357,4,1.3693512604865345,39,6.00000000017142,7.867996565455747,1.0,1,0.3077912312899876,0,1.5893452000177961,1.0,3.9046292662956755e-14
4,1,step,False,10,1.5164206506624354,0.15016829357682365,0.13808931204054878,0.8302204335831187,46.70874174669558,4,1.527742603416708,79,15.88586239200536,23.671434326590305,1.0,1,0.4010251901564847,0,1.5893452000177961,1.0,3.9046292662956755e-14
4,1,step,False,11,1.7873261353014271,0.09457975431733162,0.26528785634809443,1.126051849928676,57.084695115331876,4,1.5808953940501442,96,16.934463209239592,24.277678458123926,1.0,1,0.18745069764277753,0,1.5893452000177961,1.0,3.9046292662956755e-14
4,1,step,False,12,0.4960937291639991,0.341204379763815,0.4108634612164743,0.3111488363554541,63.6783197134603,4,1.3589012809914252,108,18.425165416187124,25.54088599863783,1.0,1,0.3461057429007882,0,1.5893452000177961,1.0,3.9046292662956755e-14
4,1,step,False,13,0.7733730741862967,0.21423773473961902,0.25563087505352156,0.451534386767639,66.83403132970636,4,1.329152171362885,115,18.09668162674781,27.251058628448416,1.0,1,0.3970140607589151,0,1.5893452000177961,1.0,3.9046292662956755e-14
4,1,step,False,14,1.2441028283176079,0.08351878500083985,0.08698193174574825,0.7674945914542526,58.061725957454186,4,1.2633188937440742,98,18.681311522456305,25.606853720183594,1.0,1,0.3582946773940214,0,1.5893452000177961,1.0,3.9046292662956755e-14
4,1,step,False,15,1.020636180189332,0.10719388275350082,0.06380384431239458,0.6787413011425951,58.51959310555104,4,1.2981172287303016,108,16.919473306581814,25.11235260271079,1.0,1,0.42441282681822307,0,1.5893452000177961,1.0,3.9046292662956755e-14
4,1,step,False,16,0.6465795769665226,0.34667372753013326,0.44473672083792226,0.3681701844501494,97.89745695364742,4,1.2003166810382462,147,36.715597490790174,52.64884482421617,1.0,1,0.47209070187783164,0,1.5893452000177961,1.0,3.9046292662956755e-14
4,1,step,False,17,1.3800791253006297,0.22699310269881143,0.3454219447144979,0.7570265018045935,48.80763556737149,4,1.4697516896109295,86,13.735150674123815,18.06236898152559,1.0,1,0.1989620770051817,0,1.5893452000177961,1.0,3.9046292662956755e-14
4,1,step,False,18,1.9545733255213382,0.19352940155288767,0.17340324924760217,1.3881731250162486,7.853191170770043,4,1.7569804946433485,22,6.000000000348895,9.690096691282585,1.0,1,0.5027948127997083,0,1.5893452000177961,1.0,3.9046292662956755e-14
4,1,step,False,19,0.8642655972196809,0.04383820566495924,0.03665801877604915,0.45671670486002897,61.87620529710102,4,1.340721252836389,104,21.447002476224277,28.496418702030272,1.0,1,0.24959556939456182,0,1.5893452000177961,1.0,3.9046292662956755e-14
4,1,step,False,20,0.4015157065634968,0.7190713775603729,0.735242077860848,0.23255373067413956,32.3597539167309,4,1.4465041377328534,59,8.713449693383566,13.394106441929836,1.0,1,0.311452896756087,0,1.5893452000177961,1.0,3.9046292662956755e-14
4,1,step,False,21,1.0339699688965198,0.08957001356653806,0.12056576519138043,0.6144482949458159,110.95355214142103,4,1.16420689553413,158,47.440106444905595,65.38818605400166,1.0,1,0.39303736521906996,0,1.5893452000177961,1.0,3.9046292662956755e-14
4,1,step,False,22,0.8323167227644012,0.1126554923891141,0.13164829101919223,0.5634638051950027,28.29923000992318,4,1.2823286814629669,48,9.93844657111371,14.007689025494434,1.0,1,0.4266846853578501,0,1.5893452000177961,1.0,3.9046292662956755e-14
4,1,step,False,23,0.6269417020834565,0.09480376727734564,0.38204053994893644,0.33682594423068674,84.20743898946,4,1.3641352759470966,132,29.45918808884126,41.345521551778255,1.0,1,0.48224170290243007,0,1.5893452000177961,1.0,3.9046292662956755e-14
4,2,step,False,0,0.7314387939142174,0.4820760722642316,0.5073575779719194,0.3488720987583121,44.639233131341264,4,1.4717034210320197,80,12.866045214398508,18.718431666190114,1.0,1,0.2036350334597074,0,1.1238367685788733,0.6190136820077896,4.718652734080689e-14
4,2,step,False,1,0.1901008407877457,0.8116963139957747,0.8060556090402555,0.1562697109825038,95.16254019214296,4,1.1874728407876145,152,27.821359558267403,38.360734674588215,1.0,1,0.20062342453590956,0,1.1238367685788733,0.6190136820077896,4.718652734080689e-14
4,2,step,False,2,1.441147482065505,0.023466939658443306,0.09893059557084266,0.875115265500899,70.04878199399387,4,1.2364578866533147,111,22.562088414578625,30.012800737148066,1.0,1,0.15968829770685894,0,1.1238367685788733,0.6190136820077896,4.718652734080689e-14
4,2,step,False,3,0.767155368090763,0.2493290631790422,0.39211122835536594,0.3000681300408479,100.75550557741175,4,1.2565369514170905,162,37.233426839926295,50.694609167827096,1.0,1,0.2682420776522132,0,1.1238367685788733,0.6190136820077896,4.718652734080689e-14
4,2,step,False,4,0.5621501343069247,0.20941119336175726,0.10521224533694302,0.31103520024761433,89.49245843116506,4,1.1743079759427548,143,36.708188680054896,52.01638489492234,1.0,1,0.405714760888157,0,1.1238367685788733,0.6190136820077896,4.718652734080689e-14
4,2,step,False,5,1.741348863480143,0.1901242357926632,0.13551876239308314,1.0518740386369914,46.93688532852703,4,1.300178936994807,78,11.657502239833242,16.459640484984448,1.0,1,0.28038333713982644,0,1.1238367685788733,0.6190136820077896,4.718652734080689e-14
4,2,step,False,6,1.1638828463724025,0.09727263260852094,0.06289977297936399,0.622028426472157,73.73652846831166,4,1.3447438919268,122,29.0584020938809,39.13503880934547,1.0,1,0.17783064203614835,0,1.1238367685788733,0.6190136820077896,4.718652734080689e-14
4,2,step,False,7,2.6451436560886648,0.10124115512689286,0.07602073873092775,1.546293103374471,13.3769927683865,4,1.5612099688142451,29,6.000000000431092,9.542593721333201,1.0,1,0.5187438371029893,0,1.1238367685788733,0.6190136820077896,4.718652734080689e-14
4,2,step,False,8,1.1773111634983904,0.13496540238100632,0.23291791713110763,0.7933264009229355,64.15268601527599,4,1.229517982047906,102,21.830284746744546,28.49029149030647,1.0,1,0.21214737848829943,0,1.1238367685788733,0.6190136820077896,4.718652734080689e-14
4,2,step,False,9,2.021911938662873,0.11643660409476704,0.03730169591404009,1.2721400504958391,18.556817078819357,4,1.3693512604865345,39,6.000000000356652,7.838553587312225,1.0,1,0.14951422086554866,0,1.1238367685788733,0.6190136820077896,4.718652734080689e-14
4,2,step,False,10,1.5164206506624354,0.12680779299399292,0.13808931204054878,0.8302204335831187,46.70874174669558,4,1.527742603416708,79,13.743600595552575,20.56559498591369,1.0,1,0.25190922880500266,0,1.1238367685788733,0.6190136820077896,4.718652734080689e-14
4,2,step,False,11,1.7873261353014271,0.034094880094247784,0.26528785634809443,1.126051849928676,57.084695115331876,4,1.5808953940501442,96,12.700920491150278,17.957717211971286,1.0,1,0.14658807716777966,0,1.1238367685788733,0.6190136820077896,4.718652734080689e-14
4,2,step,False,12,0.4960937291639991,0.2626748141616728,0.4108634612164743,0.3111488363554541,63.6783197134603,4,1.3589012809914252,108,18.717770084448723,25.115906871631225,1.0,1,0.17015463621437618,0,1.1238367685788733,0.6190136820077896,4.718652734080689e-14
4,2,step,False,13,0.7733730741862967,0.2824318110131439,0.25563087505352156,0.451534386767639,66.83403132970636,4,1.329152171362885,115,21.874583806140464,34.57197555573958,1.0,1,0.22585254675409397,0,1.1238367685788733,0.6190136820077896,4.718652734080689e-14
4,2,step,False,14,1.2441028283176079,0.06752811512407973,0.08698193174574825,0.7674945914542526,58.061725957454186,4,1.2633188937440742,98,17.13395344012105,22.850067388988595,1.0,1,0.19109609995900556,0,1.1238367685788733,0.6190136820077896,4.718652734080689e-14
4,2,step,False,15,1.020636180189332,0.09024291734323656,0.06380384431239458,0.6787413011425951,58.51959310555104,4,1.2981172287303016,108,17.89968501801164,25.21801138057531,1.0,1,0.18355034458168598,0,1.1238367685788733,0.6190136820077896,4.718652734080689e-14
4,2,step,False,16,0.6465795769665226,0.2742915236078855,0.44473672083792226,0.3681701844501494,97.89745695364742,4,1.2003166810382462,147,37.49370894878203,52.64944394716086,1.0,1,0.27103518157711676,0,1.1238367685788733,0.6190136820077896,4.718652734080689e-14
4,2,step,False,17,1.3800791253006297,0.19574220561938938,0.3454219447144979,0.7570265018045935,48.80763556737149,4,1.4697516896109295,86,12.543074869637568,16.707251300586535,1.0,1,0.20947879602032063,0,1.1238367685788733,0.6190136820077896,4.718652734080689e-14
4,2,step,False,18,1.9545733255213382,0.13209358165425622,0.17340324924760217,1.3881731250162486,7.853191170770043,4,1.7569804946433485,22,6.000000000599251,10.644254309781772,1.0,1,0.3459874051873823,0,1.1238367685788733,0.6190136820077896,4.718652734080689e-14
4,2,step,False,19,0.8642655972196809,0.16764097052001675,0.03665801877604915,0.45671670486002897,61.87620529710102,4,1.340721252836389,104,23.904017259659646,31.95026234579134,1.0,1,0.15722967503285634,0,1.1238367685788733,0.6190136820077896,4.718652734080689e-14
4,2,step,False,20,0.4015157065634968,0.6506538240046453,0.735242077860848,0.23255373067413956,32.3597539167309,4,1.4465041377328534,59,8.699900702742163,12.353788923968612,1.0,1,0.16260945190199094,0,1.1238367685788733,0.6190136820077896,4.718652734080689e-14
4,2,step,False,21,1.0339699688965198,0.07088497202540918,0.12056576519138043,0.6144482949458159,110.95355214142103,4,1.16420689553413,158,46.30111047114076,61.85835120178293,1.0,1,0.1724026607241239,0,1.1238367685788733,0.6190136820077896,4.718652734080689e-14
4,2,step,False,22,0.8323167227644012,0.09762071113608023,0.13164829101919223,0.5634638051950027,28.29923000992318,4,1.2823286814629669,48,11.121197354208926,16.30944672789229,1.0,1,0.3643525709942683,0,1.1238367685788733,0.6190136820077896,4.718652734080689e-14
4,2,step,False,23,0.6269417020834565,0.07081245982550279,0.38204053994893644,0.33682594423068674,84.20743898946,4,1.3641352759470966,132,30.889908282898528,43.81548882488092,1.0,1,0.27321994979658415,0,1.1238367685788733,0.6190136820077896,4.718652734080689e-14
4,3,step,False,0,0.7314387939142174,0.5689972681224787,0.5073575779719194,0.3488720987583121,44.639233131341264,4,1.4717034210320197,80,16.00816527696334,22.4035711312827,1.0,1,0.10390036046080814,0,0.794672600008898,0.3776361346244812,4.489303001827592e-14
4,3,step,False,1,0.1901008407877457,0.6734342529757988,0.8060556090402555,0.1562697109825038,95.16254019214296,4,1.1874728407876145,152,28.56445309801033,38.964947010653724,1.0,1,0.12019805168180824,0,0.794672600008898,0.3776361346244812,4.489303001827592e-14
4,3,step,False,2,1.441147482065505,0.044760777305254025,0.09893059557084266,0.875115265500899,70.04878199399387,4,1.2364578866533147,111,20.476686477198534,26.66931353182551,1.0,1,0.1686365339224513,0,0.794672600008898,0.3776361346244812,4.489303001827592e-14
4,3,step,False,3,0.767155368090763,0.26693697557834967,0.39211122835536594,0.3000681300408479,100.75550557741175,4,1.2565369514170905,162,36.7992290214631,48.03173056315016,1.0,1,0.13869040987676234,0,0.794672600008898,0.3776361346244812,4.489303001827592e-14
4,3,step,False,4,0.5621501343069247,0.2867030567931397,0.10521224533694302,0.31103520024761433,89.49245843116506,4,1.1743079759427548,143,35.995076097464,50.193528287050825,1.0,1,0.12437698052689909,0,0.794672600008898,0.3776361346244812,4.489303001827592e-14
4,3,step,False,5,1.741348863480143,0.2621321968162201,0.13551876239308314,1.0518740386369914,46.93688532852703,4,1.300178936994807,78,9.911955400869422,13.89984253121498,1.0,1,0.21779767428490385,0,0.794672600008898,0.3776361346244812,4.489303001827592e-14
4,3,step,False,6,1.1638828463724025,0.13684261017874952,0.06289977297936399,0.622028426472157,73.73652846831166,4,1.3447438919268,122,28.85788147404509,37.64628135307974,1.0,1,0.08406656691193169,0,0.794672600008898,0.3776361346244812,4.489303001827592e-14
4,3,step,False,7,2.6451436560886648,0.1294825368520202,0.07602073873092775,1.546293103374471,13.3769927683865,4,1.5612099688142451,29,6.000000000470749,9.099541554017462,1.0,1,0.47384695539281285,0,0.794672600008898,0.3776361346244812,4.489303001827592e-14
4,3,step,False,8,1.1773111634983904,0.15521381820437175,0.23291791713110763,0.7933264009229355,64.15268601527599,4,1.229517982047906,102,22.026326593737583,29.11092994704267,1.0,1,0.14876849416611856,0,0.794672600008898,0.3776361346244812,4.489303001827592e-14
4,3,step,False,9,2.021911938662873,0.10852238620796914,0.03730169591404009,1.2721400504958391,18.556817078819357,4,1.3693512604865345,39,6.00000000024027,7.801076233216787,1.0,1,0.1639549016517365,0,0.794672600008898,0.3776361346244812,4.489303001827592e-14
4,3,step,False,10,1.5164206506624354,0.07293794628478592,0.13808931204054878,0.8302204335831187,46.70874174669558,4,1.527742603416708,79,11.790901636902518,15.269958950683602,1.0,1,0.111988645453648,0,0.794672600008898,0.3776361346244812,4.489303001827592e-14
4,3,step,False,11,1.7873261353014271,0.1203220980022687,0.26528785634809443,1.126051849928676,57.084695115331876,4,1.5808953940501442,96,10.717878927294986,15.616548505306527,1.0,1,0.08827840713733401,0,0.794672600008898,0.3776361346244812,4.489303001827592e-14
4,3,step,False,12,0.4960937291639991,0.07439074343438441,0.4108634612164743,0.3111488363554541,63.6783197134603,4,1.3589012809914252,108,20.324112400358267,27.1832868147052,1.0,1,0.10791491368472277,0,0.794672600008898,0.3776361346244812,4.489303001827592e-14
4,3,step,False,13,0.7733730741862967,0.324746706560124,0.25563087505352156,0.451534386767639,66.83403132970636,4,1.329152171362885,115,23.26648858427272,34.21807551078287,1.0,1,0.14266138207878523,0,0.794672600008898,0.3776361346244812,4.489303001827592e-14
4,3,step,False,14,1.2441028283176079,0.07351589596818657,0.08698193174574825,0.7674945914542526,58.061725957454186,4,1.2633188937440742,98,15.887768342005556,21.863594648492757,1.0,1,0.11238196907915271,0,0.794672600008898,0.3776361346244812,4.489303001827592e-14
4,3,step,False,15,1.020636180189332,0.14522482602288178,0.06380384431239458,0.6787413011425951,58.51959310555104,4,1.2981172287303016,108,21.15949574055772,29.65527300362476,1.0,1,0.11471020344117924,0,0.794672600008898,0.3776361346244812,4.489303001827592e-14
4,3,step,False,16,0.6465795769665226,0.29220541025546015,0.44473672083792226,0.3681701844501494,97.89745695364742,4,1.2003166810382462,147,37.26652745054925,51.20025408984808,1.0,1,0.13163531867714917,0,0.794672600008898,0.3776361346244812,4.489303001827592e-14
4,3,step,False,17,1.3800791253006297,0.28104644343378543,0.3454219447144979,0.7570265018045935,48.80763556737149,4,1.4697516896109295,86,10.17269426376594,13.820635387899282,1.0,1,0.165488136250235,0,0.794672600008898,0.3776361346244812,4.489303001827592e-14
4,3,step,False,18,1.9545733255213382,0.118393142855832,0.17340324924760217,1.3881731250162486,7.853191170770043,4,1.7569804946433485,22,6.000000000047356,9.629934677534598,1.0,1,0.15116838935661014,0,0.794672600008898,0.3776361346244812,4.489303001827592e-14
4,3,step,False,19,0.8642655972196809,0.21732057340452196,0.03665801877604915,0.45671670486002897,61.87620529710102,4,1.340721252836389,104,25.771783187008676,34.19881250532476,1.0,1,0.10784771480995821,0,0.794672600008898,0.3776361346244812,4.489303001827592e-14
4,3,step,False,20,0.4015157065634968,0.6280676866626711,0.735242077860848,0.23255373067413956,32.3597539167309,4,1.4465041377328534,59,10.700774820598037,14.853321965903767,1.0,1,0.1151295409473013,0,0.794672600008898,0.3776361346244812,4.489303001827592e-14
4,3,step,False,21,1.0339699688965198,0.06463292557352142,0.12056576519138043,0.6144482949458159,110.95355214142103,4,1.16420689553413,158,45.53096979469941,57.02700919697949,1.0,1,0.0885263294647033,0,0.794672600008898,0.3776361346244812,4.489303001827592e-14
4,3,step,False,22,0.8323167227644012,0.10909796627598704,0.13164829101919223,0.5634638051950027,28.29923000992318,4,1.2823286814629669,48,11.638879303863872,16.2964641052336,1.0,1,0.09904978382925614,0,0.794672600008898,0.3776361346244812,4.489303001827592e-14
4,3,step,False,23,0.6269417020834565,0.15336149178389663,0.38204053994893644,0.33682594423068674,84.20743898946,4,1.3641352759470966,132,30.026188511391194,41.76265281568879,1.0,1,0.17466230851240236,0,0.794672600008898,0.3776361346244812,4.489303001827592e-14
5,0,init,False,0,1.1820895330230798,0.3241116396054079,0.32411163960540756,0.857374985614215,38.90297561919407,4,1.5071678897923484,67,nan,nan,1.0,1,nan,0,nan,nan,nan
5,0,init,False,1,0.26367240428572386,0.16539621168576046,0.16539621168576113,0.22185542112478318,95.84519872031498,4,1.287746448166381,155,nan,nan,1.0,1,nan,0,nan,nan,nan
5,0,init,False,2,1.4340599023864413,0.17459219010075439,0.174592190100755,1.158405486237627,55.98291989849718,4,1.3553777963333264,95,nan,nan,1.0,1,nan,0,nan,nan,nan
5,0,init,False,3,2.0354935116480677,0.05406743463391137,0.05406743463390932,1.7285146722177454,33.44533630616429,4,1.4575318171354017,57,nan,nan,1.0,1,nan,0,nan,nan,nan
5,0,init,False,4,1.71708545598336,0.10099193842856917,0.10099193842856587,1.3571937829292102,60.11580097272275,4,1.2389011314110931,99,nan,nan,1.0,1,nan,0,nan,nan,nan
5,0,init,False,5,1.1181558309160755,0.08198948536465578,0.08198948536465712,0.7935726957298979,61.19777099850654,4,1.4314713500216605,105,nan,nan,1.0,1,nan,0,nan,nan,nan
5,0,init,False,6,0.6253378024127711,0.0994278080918958,0.0994278080918958,0.4892243965605667,110.0586936588459,4,1.2500789463895183,165,nan,nan,1.0,1,nan,0,nan,nan,nan
5,0,init,False,7,1.2089920649223933,0.09013254848285243,0.09013254848285365,0.9641824706292976,67.29482899156545,4,1.355290842554952,115,nan,nan,1.0,1,nan,0,nan,nan,nan
5,0,init,False,8,1.9290127460323419,0.11002760353969684,0.11002760353969786,1.4732891678458182,14.016744934235074,4,1.7009976930557105,28,nan,nan,1.0,1,nan,0,nan,nan,nan
5,0,init,False,9,1.3537456170574012,0.01697244973965534,0.01697244973965534,1.04435512009004,73.0190906692872,4,1.3651017948003297,121,nan,nan,1.0,1,nan,0,nan,nan,nan
5,0,init,False,10,1.0134078727473856,0.157594036012756,0.1575940360127539,0.7596442934490684,73.13296962220065,4,1.3820441899567106,114,nan,nan,1.0,1,nan,0,nan,nan,nan
5,0,init,False,11,2.6010207254251076,0.11251685372823621,0.11251685372823621,1.9476187491606891,17.438172763650442,4,1.8152890169892664,36,nan,nan,1.0,1,nan,0,nan,nan,nan
5,0,init,False,12,0.847995390281777,0.14576423570776575,0.14576423570776728,0.6044797632237658,99.09670441818193,4,1.2786510227569414,158,nan,nan,1.0,1,nan,0,nan,nan,nan
5,0,init,False,13,1.158477556120006,0.18855795233335315,0.18855795233335254,0.861497801534667,33.837397863001414,4,1.573040429892719,63,nan,nan,1.0,1,nan,0,nan,nan,nan
5,0,init,False,14,1.6911301854914427,0.13234764475274036,0.13234764475274036,1.3948780066692326,36.99050377418594,4,1.5126754161719986,70,nan,nan,1.0,1,nan,0,nan,nan,nan
5,0,init,False,15,0.9443564653403165,0.3053697177035067,0.30536971770350596,0.5686140600774047,68.61454808951223,4,1.2549233403767515,114,nan,nan,1.0,1,nan,0,nan,nan,nan
5,0,init,False,16,1.469340822890217,0.05950633472275186,0.059506334722753726,1.0994060958644145,67.84650810599985,4,1.4085137832519536,117,nan,nan,1.0,1,nan,0,nan,nan,nan
5,0,init,False,17,2.426100916153647,0.13396921756337601,0.13396921756337518,1.8155762674298326,30.159664122786523,4,1.3692893234626067,58,nan,nan,1.0,1,nan,0,nan,nan,nan
5,0,init,False,18,1.2113073977099769,0.28248299094411533,0.28248299094411533,0.7543919456706542,34.494677777760245,4,1.4694076471196909,65,nan,nan,1.0,1,nan,0,nan,nan,nan
5,0,init,False,19,0.6565585810840902,0.1692017877160871,0.16920178771608774,0.5798657723895476,94.9924857091055,4,1.1841976947545165,144,nan,nan,1.0,1,nan,0,nan,nan,nan
5,0,init,False,20,0.22818447607247358,0.24247710600803557,0.24247710600803601,0.22721771292319382,114.43026484318936,4,1.2019047796631555,169,nan,nan,1.0,1,nan,0,nan,nan,nan
5,0,init,False,21,2.8435732924836863,0.14108848787634234,0.14108848787634234,2.2355014986939183,9.042044717524398,4,1.8542263553963083,21,nan,nan,1.0,1,nan,0,nan,nan,nan
5,0,init,False,22,1.170997784687522,0.11031236597377861,0.11031236597377962,0.8321436965387609,82.5520169378254,4,1.1535871122095316,135,nan,nan,1.0,1,nan,0,nan,nan,nan
5,0,init,False,23,0.7465120467117895,0.2262188458091572,0.22621884580915622,0.47678905410900263,67.49268048574271,4,1.1477873774205645,107,nan,nan,1.0,1,nan,0,nan,nan,nan
5,1,step,False,0,1.1820895330230798,0.2861510316832885,0.32411163960540756,0.857374985614215,38.90297561919407,4,1.5071678897923484,67,11.17293158946632,16.456088780701318,1.0,1,0.3125833338233604,0,1.5361907633867116,1.0,6.149309358215526e-16
5,1,step,False,1,0.26367240428572386,0.1470106858790655,0.16539621168576113,0.22185542112478318,95.84519872031498,4,1.287746448166381,155,33.67709180614857,47.36336676718726,1.0,1,0.3944907074178804,0,1.5361907633867116,1.0,6.149309358215526e-16
5,1,step,False,2,1.4340599023864413,0.09715919818105533,0.174592190100755,1.158405486237627,55.98291989849718,4,1.3553777963333264,95,16.2232282358807,24.655222482180157,1.0,1,0.3035513089938095,0,1.5361907633867116,1.0,6.149309358215526e-16
5,1,step,False,3,2.0354935116480677,0.0915332581026793,0.05406743463390932,1.7285146722177454,33.44533630616429,4,1.4575318171354017,57,11.778477256056245,16.32116319251349,1.0,1,0.3157119977526626,0,1.5361907633867116,1.0,6.149309358215526e-16
5,1,step,False,4,1.71708545598336,0.06984489291167942,0.10099193842856587,1.3571937829292102,60.11580097272275,4,1.2389011314110931,99,21.634179176079904,29.941043516514128,1.0,1,0.3652941029822828,0,1.5361907633867116,1.0,6.149309358215526e-16
5,1,step,False,5,1.1181558309160755,0.07993524327891162,0.08198948536465712,0.7935726957298979,61.19777099850654,4,1.4314713500216605,105,20.09338342682252,27.79327243098916,1.0,1,0.31235957998000996,0,1.5361907633867116,1.0,6.149309358215526e-16
5,1,step,False,6,0.6253378024127711,0.08363667901792478,0.0994278080918958,0.4892243965605667,110.0586936588459,4,1.2500789463895183,165,39.19008595268184,52.14454097154675,1.0,1,0.3613609470781238,0,1.5361907633867116,1.0,6.149309358215526e-16
5,1,step,False,7,1.2089920649223933,0.08471464010039939,0.09013254848285365,0.9641824706292976,67.29482899156545,4,1.355290842554952,115,22.818660679297867,31.59651724682935,1.0,1,0.32553485134098664,0,1.5361907633867116,1.0,6.149309358215526e-16
5,1,step,False,8,1.9290127460323419,0.13687789955749127,0.11002760353969786,1.4732891678458182,14.016744934235074,4,1.7009976930557105,28,6.000000000142502,8.402144971464958,1.0,1,0.48645759351876566,0,1.5361907633867116,1.0,6.149309358215526e-16
5,1,step,False,9,1.3537456170574012,0.10241851079357664,0.01697244973965534,1.04435512009004,73.0190906692872,4,1.3651017948003297,121,20.507121797576986,32.0715818384732,1.0,1,0.49914813114256085,0,1.5361907633867116,1.0,6.149309358215526e-16
5,1,step,False,10,1.0134078727473856,0.1153701414889233,0.1575940360127539,0.7596442934490684,73.13296962220065,4,1.3820441899567106,114,25.0304841296724,34.772517725431705,1.0,1,0.24535981271775337,0,1.5361907633867116,1.0,6.149309358215526e-16
5,1,step,False,11,2.6010207254251076,0.20277206908268577,0.11251685372823621,1.9476187491606891,17.438172763650442,4,1.8152890169892664,36,6.000000000786857,10.061509155140543,1.0,1,0.3903132901746758,0,1.5361907633867116,1.0,6.149309358215526e-16
5,1,step,False,12,0.847995390281777,0.05655914548000378,0.14576423570776728,0.6044797632237658,99.09670441818193,4,1.2786510227569414,158,36.62482742136224,51.908543908929694,1.0,1,0.2436114330201362,0,1.5361907633867116,1.0,6.149309358215526e-16
5,1,step,False,13,1.158477556120006,0.13118579982368803,0.18855795233335254,0.861497801534667,33.837397863001414,4,1.573040429892719,63,10.120835993986212,13.94226606814005,1.0,1,0.39231835051775205,0,1.5361907633867116,1.0,6.149309358215526e-16
5,1,step,False,14,1.6911301854914427,0.025331549653737094,0.13234764475274036,1.3948780066692326,36.99050377418594,4,1.5126754161719986,70,7.82599694807122,12.830351168609024,1.0,1,0.4465088969289498,0,1.5361907633867116,1.0,6.149309358215526e-16
5,1,step,False,15,0.9443564653403165,0.33969207766543497,0.30536971770350596,0.5686140600774047,68.61454808951223,4,1.2549233403767515,114,24.546968000354262,33.24617060392652,1.0,1,0.25141573151138136,0,1.5361907633867116,1.0,6.149309358215526e-16
5,1,step,False,16,1.469340822890217,0.14980485070000002,0.059506334722753726,1.0994060958644145,67.84650810599985,4,1.4085137832519536,117,18.534764586363135,28.955810419867785,1.0,1,0.3679913081794912,0,1.5361907633867116,1.0,6.149309358215526e-16
5,1,step,False,17,2.426100916153647,0.07221451453797946,0.13396921756337518,1.8155762674298326,30.159664122786523,4,1.3692893234626067,58,6.054047008644099,8.392926223184741,1.0,1,0.22067257003551638,0,1.5361907633867116,1.0,6.149309358215526e-16
5,1,step,False,18,1.2113073977099769,0.2054568014574364,0.28248299094411533,0.7543919456706542,34.494677777760245,4,1.4694076471196909,65,10.82602053150082,16.56309678049839,1.0,1,0.33099219041895855,0,1.5361907633867116,1.0,6.149309358215526e-16
5,1,step,False,19,0.6565585810840902,0.08155655594692368,0.16920178771608774,0.5798657723895476,94.9924857091055,4,1.1841976947545165,144,36.96978609357848,53.55873231954947,1.0,1,0.4297889955167578,0,1.5361907633867116,1.0,6.149309358215526e-16
5,1,step,False,20,0.22818447607247358,0.29946653902322584,0.24247710600803601,0.22721771292319382,114.43026484318936,4,1.2019047796631555,169,43.83236656690404,62.06222334747862,1.0,1,0.4640040912013469,0,1.5361907633867116,1.0,6.149309358215526e-16
5,1,step,False,21,2.8435732924836863,0.17952535883103446,0.14108848787634234,2.2355014986939183,9.042044717524398,4,1.8542263553963083,21,6.0000000003773195,7.963532480492461,1.0,1,0.2394974464815215,0,1.5361907633867116,1.0,6.149309358215526e-16
5,1,step,False,22,1.170997784687522,0.054812365178632715,0.11031236597377962,0.8321436965387609,82.5520169378254,4,1.1535871122095316,135,29.83058501371553,41.32661134980959,1.0,1,0.46714023047069275,0,1.5361907633867116,1.0,6.149309358215526e-16
5,1,step,False,23,0.7465120467117895,0.12411465714540183,0.22621884580915622,0.47678905410900263,67.49268048574271,4,1.1477873774205645,107,23.706998561935052,32.99485764915649,1.0,1,0.34103268317991825,0,1.5361907633867116,1.0,6.149309358215526e-16
5,2,step,False,0,1.1820895330230798,0.150899071996316,0.32411163960540756,0.857374985614215,38.90297561919407,4,1.5071678897923484,67,8.985439518466158,15.128049898295997,1.0,1,0.191068825315838,0,1.0862509059868828,0.6101449429988861,3.509591977290964e-14
5,2,step,False,1,0.26367240428572386,0.09727738040093098,0.16539621168576113,0.22185542112478318,95.84519872031498,4,1.287746448166381,155,34.35330875214424,46.63797571365182,1.0,1,0.21014390290576385,0,1.0862509059868828,0.6101449429988861,3.509591977290964e-14
5,2,step,False,2,1.4340599023864413,0.1195505846217739,0.174592190100755,1.158405486237627,55.98291989849718,4,1.3553777963333264,95,16.415723555925066,25.315541400062614,1.0,1,0.2741861553978155,0,1.0862509059868828,0.6101449429988861,3.509591977290964e-14
5,2,step,False,3,2.0354935116480677,0.06990675478854139,0.05406743463390932,1.7285146722177454,33.44533630616429,4,1.4575318171354017,57,9.115065519130116,12.105277436645773,1.0,1,0.25428722221590305,0,1.0862509059868828,0.6101449429988861,3.509591977290964e-14
5,2,step,False,4,1.71708545598336,0.09316116579632179,0.10099193842856587,1.3571937829292102,60.11580097272275,4,1.2389011314110931,99,17.058380881941666,22.048395555727257,1.0,1,0.21826548558653228,0,1.0862509059868828,0.6101449429988861,3.509591977290964e-14
5,2,step,False,5,1.1181558309160755,0.09921713090664909,0.08198948536465712,0.7935726957298979,61.19777099850654,4,1.4314713500216605,105,21.505787078133224,28.33826491213859,1.0,1,0.17194804376377237,0,1.0862509059868828,0.6101449429988861,3.509591977290964e-14
5,2,step,False,6,0.6253378024127711,0.18436925102450535,0.0994278080918958,0.4892243965605667,110.0586936588459,4,1.2500789463895183,165,43.75278471662943,60.04665519634949,1.0,1,0.2945681840765674,0,1.0862509059868828,0.6101449429988861,3.509591977290964e-14
5,2,step,False,7,1.2089920649223933,0.06633221889415397,0.09013254848285365,0.9641824706292976,67.29482899156545,4,1.355290842554952,115,23.833349500837432,34.120219056524064,1.0,1,0.22966966961792923,0,1.0862509059868828,0.6101449429988861,3.509591977290964e-14
5,2,step,False,8,1.9290127460323419,0.15505331950032905,0.11002760353969786,1.4732891678458182,14.016744934235074,4,1.7009976930557105,28,6.000000000122252,8.338526838568571,1.0,1,0.3298067514716426,0,1.0862509059868828,0.6101449429988861,3.509591977290964e-14
5,2,step,False,9,1.3537456170574012,0.16251570791471154,0.01697244973965534,1.04435512009004,73.0190906692872,4,1.3651017948003297,121,18.91275469261363,27.633660253972224,1.0,1,0.16956049887693864,0,1.0862509059868828,0.6101449429988861,3.509591977290964e-14
5,2,step,False,10,1.0134078727473856,0.10864010643211322,0.1575940360127539,0.7596442934490684,73.13296962220065,4,1.3820441899567106,114,27.477550412739514,37.7079198632478,1.0,1,0.1698818286343332,0,1.0862509059868828,0.6101449429988861,3.509591977290964e-14
5,2,step,False,11,2.6010207254251076,0.25529581804159696,0.11251685372823621,1.9476187491606891,17.438172763650442,4,1.8152890169892664,36,6.000000000112475,9.4097935140775,1.0,1,0.2197923217401736,0,1.0862509059868828,0.6101449429988861,3.509591977290964e-14
5,2,step,False,12,0.847995390281777,0.07694550590955403,0.14576423570776728,0.6044797632237658,99.09670441818193,4,1.2786510227569414,158,39.254938886816944,54.4639400505576,1.0,1,0.24893782572433132,0,1.0862509059868828,0.6101449429988861,3.509591977290964e-14
5,2,step,False,13,1.158477556120006,0.09202647578676841,0.18855795233335254,0.861497801534667,33.837397863001414,4,1.573040429892719,63,11.478761627429547,16.94415468882446,1.0,1,0.27329246888480163,0,1.0862509059868828,0.6101449429988861,3.509591977290964e-14
5,2,step,False,14,1.6911301854914427,0.05113193415690141,0.13234764475274036,1.3948780066692326,36.99050377418594,4,1.5126754161719986,70,6.304894321968056,9.656406977985679,1.0,1,0.18378035540474225,0,1.0862509059868828,0.6101449429988861,3.509591977290964e-14
5,2,step,False,15,0.9443564653403165,0.2816866612417629,0.30536971770350596,0.5686140600774047,68.61454808951223,4,1.2549233403767515,114,24.880854937190353,32.95734638237029,1.0,1,0.22154132840369306,0,1.0862509059868828,0.6101449429988861,3.509591977290964e-14
5,2,step,False,16,1.469340822890217,0.1685969892396995,0.059506334722753726,1.0994060958644145,67.84650810599985,4,1.4085137832519536,117,17.50959523284481,27.19508103507038,1.0,1,0.21706176578021277,0,1.0862509059868828,0.6101449429988861,3.509591977290964e-14
5,2,step,False,17,2.426100916153647,0.06870716752410377,0.13396921756337518,1.8155762674298326,30.159664122786523,4,1.3692893234626067,58,6.000000000381132,8.724538974136223,1.0,1,0.37351738299084924,0,1.0862509059868828,0.6101449429988861,3.509591977290964e-14
5,2,step,False,18,1.2113073977099769,0.2118493493045584,0.28248299094411533,0.7543919456706542,34.494677777760245,4,1.4694076471196909,65,9.826410638902122,14.492286011736185,1.0,1,0.30656187410500685,0,1.0862509059868828,0.6101449429988861,3.509591977290964e-14
5,2,step,False,19,0.6565585810840902,0.10997311904241691,0.16920178771608774,0.5798657723895476,94.9924857091055,4,1.1841976947545165,144,40.49828265498849,58.13239698640346,1.0,1,0.29727681269731815,0,1.0862509059868828,0.6101449429988861,3.509591977290964e-14
5,2,step,False,20,0.22818447607247358,0.29067203045295636,0.24247710600803601,0.22721771292319382,114.43026484318936,4,1.2019047796631555,169,44.95720534875955,62.27538188544414,1.0,1,0.2670753393307593,0,1.0862509059868828,0.6101449429988861,3.509591977290964e-14
5,2,step,False,21,2.8435732924836863,0.2632316074852031,0.14108848787634234,2.2355014986939183,9.042044717524398,4,1.8542263553963083,21,6.000000000033541,9.099700448656868,1.0,1,0.3265983453953211,0,1.0862509059868828,0.6101449429988861,3.509591977290964e-14
5,2,step,False,22,1.170997784687522,0.01918196532177916,0.11031236597377962,0.8321436965387609,82.5520169378254,4,1.1535871122095316,135,27.666612582048415,37.591588902091,1.0,1,0.2600252819122638,0,1.0862509059868828,0.6101449429988861,3.509591977290964e-14
5,2,step,False,23,0.7465120467117895,0.10789183784930519,0.22621884580915622,0.47678905410900263,67.49268048574271,4,1.1477873774205645,107,24.878018402177652,33.80482650702549,1.0,1,0.23340390264818017,0,1.0862509059868828,0.6101449429988861,3.509591977290964e-14
5,3,step,False,0,1.1820895330230798,0.14212051518556018,0.32411163960540756,0.857374985614215,38.90297561919407,4,1.5071678897923484,67,9.719581099761733,16.63078683111639,1.0,1,0.12185594214402587,0,0.7680953816933557,0.3635814040899277,1.0539122156630978e-13
5,3,step,False,1,0.26367240428572386,0.13102470430410254,0.16539621168576113,0.22185542112478318,95.84519872031498,4,1.287746448166381,155,35.57253857518443,47.89322358524891,1.0,1,0.16411584147326924,0,0.7680953816933557,0.3635814040899277,1.0539122156630978e-13
5,3,step,False,2,1.4340599023864413,0.1856728013714805,0.174592190100755,1.158405486237627,55.98291989849718,4,1.3553777963333264,95,14.721495379501484,20.479363918219544,1.0,1,0.10374879218441505,0,0.7680953816933557,0.3635814040899277,1.0539122156630978e-13
5,3,step,False,3,2.0354935116480677,0.11489328132472548,0.05406743463390932,1.7285146722177454,33.44533630616429,4,1.4575318171354017,57,8.930728431256338,12.448316007579281,1.0,1,0.08752586349066084,0,0.7680953816933557,0.3635814040899277,1.0539122156630978e-13
5,3,step,False,4,1.71708545598336,0.08829692156653207,0.10099193842856587,1.3571937829292102,60.11580097272275,4,1.2389011314110931,99,14.046455432705367,17.18315355824921,1.0,1,0.1311918111510358,0,0.7680953816933557,0.3635814040899277,1.0539122156630978e-13
5,3,step,False,5,1.1181558309160755,0.08493905622028944,0.08198948536465712,0.7935726957298979,61.19777099850654,4,1.4314713500216605,105,23.316019081133124,31.117678329609248,1.0,1,0.08988645762775434,0,0.7680953816933557,0.3635814040899277,1.0539122156630978e-13
5,3,step,False,6,0.6253378024127711,0.30905564134464314,0.0994278080918958,0.4892243965605667,110.0586936588459,4,1.2500789463895183,165,43.45246587029065,58.58481643834383,1.0,1,0.17768224436825036,0,0.7680953816933557,0.3635814040899277,1.0539122156630978e-13
5,3,step,False,7,1.2089920649223933,0.060282801639463444,0.09013254848285365,0.9641824706292976,67.29482899156545,4,1.355290842554952,115,21.898640998426764,29.930724383867293,1.0,1,0.1492778784834616,0,0.7680953816933557,0.3635814040899277,1.0539122156630978e-13
5,3,step,False,8,1.9290127460323419,0.2036567192402106,0.11002760353969786,1.4732891678458182,14.016744934235074,4,1.7009976930557105,28,6.00000000016038,8.734227369546845,1.0,1,0.3348369576027606,0,0.7680953816933557,0.3635814040899277,1.0539122156630978e-13
5,3,step,False,9,1.3537456170574012,0.22312330393470683,0.01697244973965534,1.04435512009004,73.0190906692872,4,1.3651017948003297,121,19.365188534916307,26.80121677958361,1.0,1,0.12215406649850583,0,0.7680953816933557,0.3635814040899277,1.0539122156630978e-13
5,3,step,False,10,1.0134078727473856,0.18065520382519565,0.1575940360127539,0.7596442934490684,73.13296962220065,4,1.3820441899567106,114,30.21801244485033,40.40588156356752,1.0,1,0.09108644064463466,0,0.7680953816933557,0.3635814040899277,1.0539122156630978e-13
5,3,step,False,11,2.6010207254251076,0.2764843268878801,0.11251685372823621,1.9476187491606891,17.438172763650442,4,1.8152890169892664,36,6.000000000381936,8.704503804144332,1.0,1,0.18351884514519548,0,0.7680953816933557,0.3635814040899277,1.0539122156630978e-13
5,3,step,False,12,0.847995390281777,0.05736695330694286,0.14576423570776728,0.6044797632237658,99.09670441818193,4,1.2786510227569414,158,40.98279734678683,55.48664939441655,1.0,1,0.13702439645623704,0,0.7680953816933557,0.3635814040899277,1.0539122156630978e-13
5,3,step,False,13,1.158477556120006,0.06620244364911246,0.18855795233335254,0.861497801534667,33.837397863001414,4,1.573040429892719,63,13.073314604567566,17.624601205783954,1.0,1,0.10104120077297338,0,0.7680953816933557,0.3635814040899277,1.0539122156630978e-13
5,3,step,False,14,1.6911301854914427,0.11403073787742518,0.13234764475274036,1.3948780066692326,36.99050377418594,4,1.5126754161719986,70,6.077111817096778,9.054410423322592,1.0,1,0.17571190937343148,0,0.7680953816933557,0.3635814040899277,1.0539122156630978e-13
5,3,step,False,15,0.9443564653403165,0.23157236653896657,0.30536971770350596,0.5686140600774047,68.61454808951223,4,1.2549233403767515,114,25.906768234234942,34.789576099436836,1.0,1,0.13396893243400074,0,0.7680953816933557,0.3635814040899277,1.0539122156630978e-13
5,3,step,False,16,1.469340822890217,0.12440470506851907,0.059506334722753726,1.0994060958644145,67.84650810599985,4,1.4085137832519536,117,17.352654263938458,25.180491296375916,1.0,1,0.18973634865370245,0,0.7680953816933557,0.3635814040899277,1.0539122156630978e-13
5,3,step,False,17,2.426100916153647,0.17783971630408923,0.13396921756337518,1.8155762674298326,30.159664122786523,4,1.3692893234626067,58,6.000000000266587,8.338728396488039,1.0,1,0.48649608084593765,0,0.7680953816933557,0.3635814040899277,1.0539122156630978e-13
5,3,step,False,18,1.2113073977099769,0.5117866756303839,0.28248299094411533,0.7543919456706542,34.494677777760245,4,1.4694076471196909,65,9.677988224330573,13.790805314813174,1.0,1,0.155591966063789,0,0.7680953816933557,0.3635814040899277,1.0539122156630978e-13
5,3,step,False,19,0.6565585810840902,0.08553415745716107,0.16920178771608774,0.5798657723895476,94.9924857091055,4,1.1841976947545165,144,40.617512256024355,53.30472188349898,1.0,1,0.10657378290704765,0,0.7680953816933557,0.3635814040899277,1.0539122156630978e-13
5,3,step,False,20,0.22818447607247358,0.2919399422807867,0.24247710600803601,0.22721771292319382,114.43026484318936,4,1.2019047796631555,169,44.43049010573005,61.058228831786884,1.0,1,0.16561752754504558,0,0.7680953816933557,0.3635814040899277,1.0539122156630978e-13
5,3,step,False,21,2.8435732924836863,0.2898652535583506,0.14108848787634234,2.2355014986939183,9.042044717524398,4,1.8542263553963083,21,6.000000000325209,9.448917007341274,1.0,1,0.36780715411344456,0,0.7680953816933557,0.3635814040899277,1.0539122156630978e-13
5,3,step,False,22,1.170997784687522,0.06010425280600674,0.11031236597377962,0.8321436965387609,82.5520169378254,4,1.1535871122095316,135,25.671112415867228,34.76450472847135,1.0,1,0.17589569752281464,0,0.7680953816933557,0.3635814040899277,1.0539122156630978e-13
5,3,step,False,23,0.7465120467117895,0.21309244831460855,0.22621884580915622,0.47678905410900263,67.49268048574271,4,1.1477873774205645,107,25.84204735993248,34.84058859810355,1.0,1,0.09744284204110525,0,0.7680953816933557,0.3635814040899277,1.0539122156630978e-13
6,0,init,False,0,2.54098135741418,0.10533064186018039,0.10533064186017933,1.6683342527849552,17.46057952630617,4,1.27484943904016,33,nan,nan,1.0,1,nan,0,nan,nan,nan
6,0,init,False,1,0.7412300966119058,0.18394499152415278,0.183944991524154,0.4523221269466964,58.75002316755938,4,1.3885988138108036,102,nan,nan,1.0,1,nan,0,nan,nan,nan
6,0,init,False,2,0.2768699161868602,0.45106349745289126,0.45106349745289104,0.341659833482148,59.861531152866775,4,1.334131016019222,107,nan,nan,1.0,1,nan,0,nan,nan,nan
6,0,init,False,3,0.49089716394589106,0.3314081102594584,0.3314081102594584,0.25780268821821556,84.03306920488411,4,1.2510632781073787,137,nan,nan,1.0,1,nan,0,nan,nan,nan
6,0,init,False,4,0.9705931967434145,0.36490867507886726,0.3649086750788676,0.4583565544637617,19.762615612563682,4,1.2898079726077678,47,nan,nan,1.0,1,nan,0,nan,nan,nan
6,0,init,False,5,1.595701416217555,0.053804243093254184,0.053804243093254184,0.811757240337845,75.81195041346109,4,1.48316733780218,126,nan,nan,1.0,1,nan,0,nan,nan,nan
6,0,init,False,6,1.5853100652539636,0.14833105598803048,0.14833105598803048,0.7215622322955737,53.4790893985892,4,1.3239819964929083,95,nan,nan,1.0,1,nan,0,nan,nan,nan
6,0,init,False,7,0.4018957436714012,0.5315990105554133,0.5315990105554131,0.2722467318637011,96.64326979807032,4,1.184094946286352,153,nan,nan,1.0,1,nan,0,nan,nan,nan
6,0,init,False,8,1.2700049529393447,0.1296708432144467,0.12967084321444497,0.6850481526632658,42.525822798838774,4,1.3911741521780545,73,nan,nan,1.0,1,nan,0,nan,nan,nan
6,0,init,False,9,1.396706319763929,0.08502041075510162,0.08502041075510425,0.773700771507764,71.97134862060662,4,1.170680791268743,118,nan,nan,1.0,1,nan,0,nan,nan,nan
6,0,init,False,10,0.7169159324718162,0.175129251344806,0.1751292513448041,0.39889246314504756,115.49336898557972,4,1.2014671291458443,171,nan,nan,1.0,1,nan,0,nan,nan,nan
6,0,init,False,11,2.103429569382233,0.149698142379566,0.14969814237956675,1.1211936545110492,48.80161383275155,4,1.3789303085189457,88,nan,nan,1.0,1,nan,0,nan,nan,nan
6,0,init,False,12,1.470954417908997,0.048850718270816884,0.04885071827081233,0.8343803663590249,75.62404581090895,4,1.283627964475052,117,nan,nan,1.0,1,nan,0,nan,nan,nan
6,0,init,False,13,1.388642514644572,0.11153576650856475,0.11153576650856575,0.7809233377273139,40.89857424422631,4,1.2771140316097331,72,nan,nan,1.0,1,nan,0,nan,nan,nan
6,0,init,False,14,3.7373453800473535,0.10974758732324424,0.10974758732324526,2.460869903507289,2.7073364238549575,4,4.564046198290462,8,nan,nan,1.0,1,nan,0,nan,nan,nan
6,0,init,False,15,0.40616906286920945,0.43286249733228066,0.43286249733228066,0.4135643299208524,50.47056557527236,4,1.434244672769924,91,nan,nan,1.0,1,nan,0,nan,nan,nan
6,0,init,False,16,0.3890029855377656,0.181642278548978,0.1816422785489786,0.3081396337178968,122.0736781920817,4,1.2172174899420798,178,nan,nan,1.0,1,nan,0,nan,nan,nan
6,0,init,False,17,2.1699025667912704,0.18857348268746313,0.18857348268746224,1.2575505083726142,36.98537468571456,4,1.4482690910673952,70,nan,nan,1.0,1,nan,0,nan,nan,nan
6,0,init,False,18,2.1977118582756474,0.2634955529650224,0.263495552965022,1.1995074475134946,16.87004217402684,4,1.443738741870929,33,nan,nan,1.0,1,nan,0,nan,nan,nan
6,0,init,False,19,0.8905675226758757,0.07690053708953833,0.07690053708953833,0.5973469299301543,79.6001769273492,4,1.2791646380629778,128,nan,nan,1.0,1,nan,0,nan,nan,nan
6,0,init,False,20,1.1310230282852698,0.1366877139446659,0.13668771394466506,0.6302446691925783,74.3621311687393,4,1.4697135649056174,122,nan,nan,1.0,1,nan,0,nan,nan,nan
6,0,init,False,21,2.0401207972277002,0.10018629607510075,0.10018629607509964,1.1638306853755096,56.20392719180741,4,1.334272943232875,93,nan,nan,1.0,1,nan,0,nan,nan,nan
6,0,init,False,22,0.9210253947734512,0.12253753551768772,0.12253753551768862,0.5248899521282914,64.23113255828872,4,1.2918368917104768,104,nan,nan,1.0,1,nan,0,nan,nan,nan
6,0,init,False,23,1.5776915231880368,0.06722009441183967,0.06722009441184132,0.9423351722465786,75.37873253565283,4,1.217459543327222,119,nan,nan,1.0,1,nan,0,nan,nan,nan
6,1,step,False,0,2.54098135741418,0.12996732073473757,0.10533064186017933,1.6683342527849552,17.46057952630617,4,1.27484943904016,33,6.000000000234156,8.247804774044706,1.0,1,0.7846114185021195,0,1.6273409581129943,1.0,2.2243008699606686e-14
6,1,step,False,1,0.7412300966119058,0.3455374632358426,0.183944991524154,0.4523221269466964,58.75002316755938,4,1.3885988138108036,102,15.36275977580894,21.212459869668514,1.0,1,0.39817064161527754,0,1.6273409581129943,1.0,2.2243008699606686e-14
6,1,step,False,2,0.2768699161868602,0.5114091488848339,0.45106349745289104,0.341659833482148,59.861531152866775,4,1.334131016019222,107,16.83259370480924,24.677812307732694,1.0,1,0.41178814594647917,0,1.6273409581129943,1.0,2.2243008699606686e-14
6,1,step,False,3,0.49089716394589106,0.2564715574456185,0.3314081102594584,0.25780268821821556,84.03306920488411,4,1.2510632781073787,137,26.58959450332477,36.08096288938939,1.0,1,0.5256287306708766,0,1.6273409581129943,1.0,2.2243008699606686e-14
6,1,step,False,4,0.9705931967434145,0.43049586563520853,0.3649086750788676,0.4583565544637617,19.762615612563682,4,1.2898079726077678,47,6.000000000481441,7.999597581940898,1.0,1,0.3848850127922932,0,1.6273409581129943,1.0,2.2243008699606686e-14
6,1,step,False,5,1.595701416217555,0.031622029646215855,0.053804243093254184,0.811757240337845,75.81195041346109,4,1.48316733780218,126,23.96852315630904,33.80458412771796,1.0,1,0.2272244023620939,0,1.6273409581129943,1.0,2.2243008699606686e-14
6,1,step,False,6,1.5853100652539636,0.17843065542994854,0.14833105598803048,0.7215622322955737,53.4790893985892,4,1.3239819964929083,95,13.618710527794772,19.98800139924261,1.0,1,0.33693583357132745,0,1.6273409581129943,1.0,2.2243008699606686e-14
6,1,step,False,7,0.4018957436714012,0.17049645905511138,0.5315990105554131,0.2722467318637011,96.64326979807032,4,1.184094946286352,153,35.1861851967134,46.97883811133255,1.0,1,0.3725462677320476,0,1.6273409581129943,1.0,2.2243008699606686e-14
6,1,step,False,8,1.2700049529393447,0.18666952212007726,0.12967084321444497,0.6850481526632658,42.525822798838774,4,1.3911741521780545,73,12.732039682213614,20.480168688471355,1.0,1,0.42008150139921724,0,1.6273409581129943,1.0,2.2243008699606686e-14
6,1,step,False,9,1.396706319763929,0.11136339344702247,0.08502041075510425,0.773700771507764,71.97134862060662,4,1.170680791268743,118,25.155465580470995,33.63605214959357,1.0,1,0.6420491083599571,0,1.6273409581129943,1.0,2.2243008699606686e-14
6,1,step,False,10,0.7169159324718162,0.12687283975925306,0.1751292513448041,0.39889246314504756,115.49336898557972,4,1.2014671291458443,171,49.35571960074817,67.07116552927494,1.0,1,0.48720919093859283,0,1.6273409581129943,1.0,2.2243008699606686e-14
6,1,step,False,11,2.103429569382233,0.13330744711026363,0.14969814237956675,1.1211936545110492,48.80161383275155,4,1.3789303085189457,88,14.519322894768052,19.3033197375298,1.0,1,0.26120549758583367,0,1.6273409581129943,1.0,2.2243008699606686e-14
6,1,step,False,12,1.470954417908997,0.0863879994573485,0.04885071827081233,0.8343803663590249,75.62404581090895,4,1.283627964475052,117,25.79336491686083,38.79039582110543,1.0,1,0.39509971545144607,0,1.6273409581129943,1.0,2.2243008699606686e-14
6,1,step,False,13,1.388642514644572,0.04387256021836664,0.11153576650856575,0.7809233377273139,40.89857424422631,4,1.2771140316097331,72,10.016672991582903,13.1215986348465,1.0,1,0.3473559513992979,0,1.6273409581129943,1.0,2.2243008699606686e-14
6,1,step,False,14,3.7373453800473535,0.10868680068708798,0.10974758732324526,2.460869903507289,2.7073364238549575,4,4.564046198290462,8,6.000000000282098,10.874938683933525,1.0,1,1.0732068766490996,0,1.6273409581129943,1.0,2.2243008699606686e-14
6,1,step,False,15,0.40616906286920945,0.3691371533071555,0.43286249733228066,0.4135643299208524,50.47056557527236,4,1.434244672769924,91,12.403690647773246,18.229232119301496,1.0,1,0.21203659428447633,0,1.6273409581129943,1.0,2.2243008699606686e-14
6,1,step,False,16,0.3890029855377656,0.16318658733625385,0.1816422785489786,0.3081396337178968,122.0736781920817,4,1.2172174899420798,178,48.173609060085724,69.33492169693001,1.0,1,0.5969445233071677,0,1.6273409581129943,1.0,2.2243008699606686e-14
6,1,step,False,17,2.1699025667912704,0.049274025075284736,0.18857348268746224,1.2575505083726142,36.98537468571456,4,1.4482690910673952,70,8.755496127665829,12.896568378973392,1.0,1,0.23280018435745597,0,1.6273409581129943,1.0,2.2243008699606686e-14
6,1,step,False,18,2.1977118582756474,0.25691878705525073,0.263495552965022,1.1995074475134946,16.87004217402684,4,1.443738741870929,33,6.000000000251383,7.644120775784168,1.0,1,0.3736808767201064,0,1.6273409581129943,1.0,2.2243008699606686e-14
6,1,step,False,19,0.8905675226758757,0.04823254616476408,0.07690053708953833,0.5973469299301543,79.6001769273492,4,1.2791646380629778,128,30.213062681903562,42.1425408445288,1.0,1,0.4198255573650671,0,1.6273409581129943,1.0,2.2243008699606686e-14
6,1,step,False,20,1.1310230282852698,0.13065265287514688,0.13668771394466506,0.6302446691925783,74.3621311687393,4,1.4697135649056174,122,25.350055972965464,34.337063368970774,1.0,1,0.26562790680984016,0,1.6273409581129943,1.0,2.2243008699606686e-14
6,1,step,False,21,2.0401207972277002,0.06487718627761563,0.10018629607509964,1.1638306853755096,56.20392719180741,4,1.334272943232875,93,17.60425583224027,23.710192275256475,1.0,1,0.2981504224598031,0,1.6273409581129943,1.0,2.2243008699606686e-14
6,1,step,False,22,0.9210253947734512,0.09357484768823336,0.12253753551768862,0.5248899521282914,64.23113255828872,4,1.2918368917104768,104,23.935624294868877,31.737084635556386,1.0,1,0.3822056243371516,0,1.6273409581129943,1.0,2.2243008699606686e-14
6,1,step,False,23,1.5776915231880368,0.0681456104842534,0.06722009441184132,0.9423351722465786,75.37873253565283,4,1.217459543327222,119,29.76694276056097,41.88065224055272,1.0,1,0.3937617738783561,0,1.6273409581129943,1.0,2.2243008699606686e-14
6,2,step,False,0,2.54098135741418,0.15764373512304253,0.10533064186017933,1.6683342527849552,17.46057952630617,4,1.27484943904016,33,6.000000000262735,7.943530858855704,1.0,1,0.2520033006937669,0,1.1507038267843115,0.6058510690927505,5.658872734911543e-14
6,2,step,False,1,0.7412300966119058,0.3719140721096609,0.183944991524154,0.4523221269466964,58.75002316755938,4,1.3885988138108036,102,17.754181447361848,25.163855966977643,1.0,1,0.18449772191758437,0,1.1507038267843115,0.6058510690927505,5.658872734911543e-14
6,2,step,False,2,0.2768699161868602,0.5390112310218494,0.45106349745289104,0.341659833482148,59.861531152866775,4,1.334131016019222,107,18.422631490967714,27.343732244668914,1.0,1,0.1883019851629156,0,1.1507038267843115,0.6058510690927505,5.658872734911543e-14
6,2,step,False,3,0.49089716394589106,0.17693280948870607,0.3314081102594584,0.25780268821821556,84.03306920488411,4,1.2510632781073787,137,24.06569437229906,33.02666759314768,1.0,1,0.37888602658358583,0,1.1507038267843115,0.6058510690927505,5.658872734911543e-14
6,2,step,False,4,0.9705931967434145,0.3907949502259042,0.3649086750788676,0.4583565544637617,19.762615612563682,4,1.2898079726077678,47,6.0000000007372165,8.55871180660421,1.0,1,0.30913733874412047,0,1.1507038267843115,0.6058510690927505,5.658872734911543e-14
6,2,step,False,5,1.595701416217555,0.042473301733137854,0.053804243093254184,0.811757240337845,75.81195041346109,4,1.48316733780218,126,20.9898921351243,27.747944459104016,1.0,1,0.17788095124659895,0,1.1507038267843115,0.6058510690927505,5.658872734911543e-14
6,2,step,False,6,1.5853100652539636,0.21652573574701722,0.14833105598803048,0.7215622322955737,53.4790893985892,4,1.3239819964929083,95,15.446535300419551,21.610518554419244,1.0,1,0.13576637945365233,0,1.1507038267843115,0.6058510690927505,5.658872734911543e-14
6,2,step,False,7,0.4018957436714012,0.22652788343040478,0.5315990105554131,0.2722467318637011,96.64326979807032,4,1.184094946286352,153,39.70033154366936,53.84153745176243,1.0,1,0.26321972742830557,0,1.1507038267843115,0.6058510690927505,5.658872734911543e-14
6,2,step,False,8,1.2700049529393447,0.1633424827561609,0.12967084321444497,0.6850481526632658,42.525822798838774,4,1.3911741521780545,73,13.4808576476728,20.966545165061856,1.0,1,0.2337084248807603,0,1.1507038267843115,0.6058510690927505,5.658872734911543e-14
6,2,step,False,9,1.396706319763929,0.10734013480978072,0.08502041075510425,0.773700771507764,71.97134862060662,4,1.170680791268743,118,25.610369811507866,33.91380783370523,1.0,1,0.24284285064110805,0,1.1507038267843115,0.6058510690927505,5.658872734911543e-14
6,2,step,False,10,0.7169159324718162,0.07241900856171347,0.1751292513448041,0.39889246314504756,115.49336898557972,4,1.2014671291458443,171,48.4490450052328,64.48611295862402,1.0,1,0.3395267914891519,0,1.1507038267843115,0.6058510690927505,5.658872734911543e-14
6,2,step,False,11,2.103429569382233,0.11555285580683707,0.14969814237956675,1.1211936545110492,48.80161383275155,4,1.3789303085189457,88,11.705419819031944,14.295013443665443,1.0,1,0.10833468107133985,0,1.1507038267843115,0.6058510690927505,5.658872734911543e-14
6,2,step,False,12,1.470954417908997,0.05904890245114352,0.04885071827081233,0.8343803663590249,75.62404581090895,4,1.283627964475052,117,25.926252307431326,37.70693563943856,1.0,1,0.3333872934890323,0,1.1507038267843115,0.6058510690927505,5.658872734911543e-14
6,2,step,False,13,1.388642514644572,0.11785468089367926,0.11153576650856575,0.7809233377273139,40.89857424422631,4,1.2771140316097331,72,11.247445969276686,15.21978771822178,1.0,1,0.18285236842015196,0,1.1507038267843115,0.6058510690927505,5.658872734911543e-14
6,2,step,False,14,3.7373453800473535,0.16689905361723392,0.10974758732324526,2.460869903507289,2.7073364238549575,4,4.564046198290462,8,6.000000000115003,10.595741108658332,1.0,1,1.0032552308267062,0,1.1507038267843115,0.6058510690927505,5.658872734911543e-14
6,2,step,False,15,0.40616906286920945,0.3288740661146777,0.43286249733228066,0.4135643299208524,50.47056557527236,4,1.434244672769924,91,13.285311680254983,19.680278358427934,1.0,1,0.19542016136138435,0,1.1507038267843115,0.6058510690927505,5.658872734911543e-14
6,2,step,False,16,0.3890029855377656,0.22762958557967788,0.1816422785489786,0.3081396337178968,122.0736781920817,4,1.2172174899420798,178,51.7520272598714,73.2165561125582,1.0,1,0.243058113473375,0,1.1507038267843115,0.6058510690927505,5.658872734911543e-14
6,2,step,False,17,2.1699025667912704,0.05625050986472086,0.18857348268746224,1.2575505083726142,36.98537468571456,4,1.4482690910673952,70,7.73244449973489,11.016345263476497,1.0,1,0.14243946557231132,0,1.1507038267843115,0.6058510690927505,5.658872734911543e-14
6,2,step,False,18,2.1977118582756474,0.3104490361943624,0.263495552965022,1.1995074475134946,16.87004217402684,4,1.443738741870929,33,6.000000000021057,7.516513206456493,1.0,1,0.2698720247182864,0,1.1507038267843115,0.6058510690927505,5.658872734911543e-14
6,2,step,False,19,0.8905675226758757,0.07646052938709594,0.07690053708953833,0.5973469299301543,79.6001769273492,4,1.2791646380629778,128,28.442787902675235,39.248665331911376,1.0,1,0.29180992275691003,0,1.1507038267843115,0.6058510690927505,5.658872734911543e-14
6,2,step,False,20,1.1310230282852698,0.09362475589472813,0.13668771394466506,0.6302446691925783,74.3621311687393,4,1.4697135649056174,122,26.41266687362154,35.132038862779154,1.0,1,0.22478997460319153,0,1.1507038267843115,0.6058510690927505,5.658872734911543e-14
6,2,step,False,21,2.0401207972277002,0.06977046806432878,0.10018629607509964,1.1638306853755096,56.20392719180741,4,1.334272943232875,93,14.138829215927077,18.793993905486122,1.0,1,0.22125434178976652,0,1.1507038267843115,0.6058510690927505,5.658872734911543e-14
6,2,step,False,22,0.9210253947734512,0.05117011424606342,0.12253753551768862,0.5248899521282914,64.23113255828872,4,1.2918368917104768,104,25.16924610397794,33.12397381059022,1.0,1,0.2599223140231989,0,1.1507038267843115,0.6058510690927505,5.658872734911543e-14
6,2,step,False,23,1.5776915231880368,0.03898346838438738,0.06722009441184132,0.9423351722465786,75.37873253565283,4,1.217459543327222,119,26.61441319923956,36.46436368038574,1.0,1,0.2637201605966499,0,1.1507038267843115,0.6058510690927505,5.658872734911543e-14
6,3,step,False,0,2.54098135741418,0.26381261172001363,0.10533064186017933,1.6683342527849552,17.46057952630617,4,1.27484943904016,33,6.000000000199218,7.590462853592258,1.0,1,0.20235613847685258,0,0.8136704790564969,0.3629861921072006,2.5058962289057835e-13
6,3,step,False,1,0.7412300966119058,0.2738186507889956,0.183944991524154,0.4523221269466964,58.75002316755938,4,1.3885988138108036,102,21.998388628488712,31.186147049541983,1.0,1,0.07194712336714792,0,0.8136704790564969,0.3629861921072006,2.5058962289057835e-13
6,3,step,False,2,0.2768699161868602,0.6330485380933162,0.45106349745289104,0.341659833482148,59.861531152866775,4,1.334131016019222,107,20.866648880313623,29.99608688846822,1.0,1,0.16327600284340146,0,0.8136704790564969,0.3629861921072006,2.5058962289057835e-13
6,3,step,False,3,0.49089716394589106,0.25886627507218124,0.3314081102594584,0.25780268821821556,84.03306920488411,4,1.2510632781073787,137,26.47384898065266,38.11645870940046,1.0,1,0.22770625755383958,0,0.8136704790564969,0.3629861921072006,2.5058962289057835e-13
6,3,step,False,4,0.9705931967434145,0.3072702286613872,0.3649086750788676,0.4583565544637617,19.762615612563682,4,1.2898079726077678,47,6.00000000002381,8.978105756664418,1.0,1,0.14985976348619323,0,0.8136704790564969,0.3629861921072006,2.5058962289057835e-13
6,3,step,False,5,1.595701416217555,0.0765794850308759,0.053804243093254184,0.811757240337845,75.81195041346109,4,1.48316733780218,126,19.270731827286035,25.55346977823468,1.0,1,0.13601977731080125,0,0.8136704790564969,0.3629861921072006,2.5058962289057835e-13
6,3,step,False,6,1.5853100652539636,0.3104189127983198,0.14833105598803048,0.7215622322955737,53.4790893985892,4,1.3239819964929083,95,17.414589211036155,23.134778883904577,1.0,1,0.1193606397360861,0,0.8136704790564969,0.3629861921072006,2.5058962289057835e-13
6,3,step,False,7,0.4018957436714012,0.3279606333490036,0.5315990105554131,0.2722467318637011,96.64326979807032,4,1.184094946286352,153,38.73069292660468,49.909118903605396,1.0,1,0.1534262846549064,0,0.8136704790564969,0.3629861921072006,2.5058962289057835e-13
6,3,step,False,8,1.2700049529393447,0.15304077542903718,0.12967084321444497,0.6850481526632658,42.525822798838774,4,1.3911741521780545,73,12.915881055818208,17.833328620175013,1.0,1,0.14761479039417996,0,0.8136704790564969,0.3629861921072006,2.5058962289057835e-13
6,3,step,False,9,1.396706319763929,0.14861257335845107,0.08502041075510425,0.773700771507764,71.97134862060662,4,1.170680791268743,118,25.378557081857927,34.22598131614663,1.0,1,0.1618040800358674,0,0.8136704790564969,0.3629861921072006,2.5058962289057835e-13
6,3,step,False,10,0.7169159324718162,0.08109196453380477,0.1751292513448041,0.39889246314504756,115.49336898557972,4,1.2014671291458443,171,42.84138132608116,54.882296721560834,1.0,1,0.23110396776902414,0,0.8136704790564969,0.3629861921072006,2.5058962289057835e-13
6,3,step,False,11,2.103429569382233,0.13955064535034967,0.14969814237956675,1.1211936545110492,48.80161383275155,4,1.3789303085189457,88,11.339531596216663,13.693969098020533,1.0,1,0.1154532340399758,0,0.8136704790564969,0.3629861921072006,2.5058962289057835e-13
6,3,step,False,12,1.470954417908997,0.04316142531647768,0.04885071827081233,0.8343803663590249,75.62404581090895,4,1.283627964475052,117,25.760421224236044,34.6336860106612,1.0,1,0.14104510033835355,0,0.8136704790564969,0.3629861921072006,2.5058962289057835e-13
6,3,step,False,13,1.388642514644572,0.14431019785993981,0.11153576650856575,0.7809233377273139,40.89857424422631,4,1.2771140316097331,72,14.099363155758656,19.564372047419614,1.0,1,0.1272289665219708,0,0.8136704790564969,0.3629861921072006,2.5058962289057835e-13
6,3,step,False,14,3.7373453800473535,0.24349040291321938,0.10974758732324526,2.460869903507289,2.7073364238549575,4,4.564046198290462,8,6.000000000074511,10.30473550635563,1.0,1,0.8546841298758683,0,0.8136704790564969,0.3629861921072006,2.5058962289057835e-13
6,3,step,False,15,0.40616906286920945,0.3460862419638158,0.43286249733228066,0.4135643299208524,50.47056557527236,4,1.434244672769924,91,16.391439005812277,24.470872470399485,1.0,1,0.12351684186502324,0,0.8136704790564969,0.3629861921072006,2.5058962289057835e-13
6,3,step,False,16,0.3890029855377656,0.26705620473227315,0.1816422785489786,0.3081396337178968,122.0736781920817,4,1.2172174899420798,178,52.22685260322537,73.31140516178513,1.0,1,0.22334115206360894,0,0.8136704790564969,0.3629861921072006,2.5058962289057835e-13
6,3,step,False,17,2.1699025667912704,0.23229282453094696,0.18857348268746224,1.2575505083726142,36.98537468571456,4,1.4482690910673952,70,6.989776800152597,10.190812553825644,1.0,1,0.1759360651432282,0,0.8136704790564969,0.3629861921072006,2.5058962289057835e-13
6,3,step,False,18,2.1977118582756474,0.3306320662607213,0.263495552965022,1.1995074475134946,16.87004217402684,4,1.443738741870929,33,6.000000000218997,7.342421977316529,1.0,1,0.1496880354483057,0,0.8136704790564969,0.3629861921072006,2.5058962289057835e-13
6,3,step,False,19,0.8905675226758757,0.08802339852792723,0.07690053708953833,0.5973469299301543,79.6001769273492,4,1.2791646380629778,128,27.638000394789877,36.58161662316659,1.0,1,0.14770992444608208,0,0.8136704790564969,0.3629861921072006,2.5058962289057835e-13
6,3,step,False,20,1.1310230282852698,0.12261619991329781,0.13668771394466506,0.6302446691925783,74.3621311687393,4,1.4697135649056174,122,27.239332542196045,37.542171642258914,1.0,1,0.11749984503565958,0,0.8136704790564969,0.3629861921072006,2.5058962289057835e-13
6,3,step,False,21,2.0401207972277002,0.0997954336032167,0.10018629607509964,1.1638306853755096,56.20392719180741,4,1.334272943232875,93,10.139654591056768,13.810959766259016,1.0,1,0.11857389785820352,0,0.8136704790564969,0.3629861921072006,2.5058962289057835e-13
6,3,step,False,22,0.9210253947734512,0.043793575660889296,0.12253753551768862,0.5248899521282914,64.23113255828872,4,1.2918368917104768,104,23.255250525656926,29.935427150275196,1.0,1,0.19921958122666394,0,0.8136704790564969,0.3629861921072006,2.5058962289057835e-13
6,3,step,False,23,1.5776915231880368,0.05989883426430573,0.06722009441184132,0.9423351722465786,75.37873253565283,4,1.217459543327222,119,22.99885719163992,29.077725046917905,1.0,1,0.08844662839327302,0,0.8136704790564969,0.3629861921072006,2.5058962289057835e-13
7,0,init,False,0,1.695893548209062,0.19525904343548456,0.19525904343548456,0.9573948863427433,53.465993280249634,4,1.2472880042483732,97,nan,nan,1.0,1,nan,0,nan,nan,nan
7,0,init,False,1,2.2857085843603824,0.08816563490339002,0.08816563490338374,1.407207050863268,33.80790741579857,4,1.3955810576463779,68,nan,nan,1.0,1,nan,0,nan,nan,nan
7,0,init,False,2,0.7496180157712998,0.22128192646225778,0.22128192646225855,0.5188666530424966,102.02524851658946,4,1.2462523477289515,158,nan,nan,1.0,1,nan,0,nan,nan,nan
7,0,init,False,3,0.7321385464267546,0.43061914756824915,0.43061914756824915,0.4566342126644743,78.43110798093267,4,1.266839737976448,118,nan,nan,1.0,1,nan,0,nan,nan,nan
7,0,init,False,4,1.3432311769705663,0.022440461770385334,0.022440461770385334,0.9259020799765998,75.99552897688298,4,1.1526094094761743,130,nan,nan,1.0,1,nan,0,nan,nan,nan
7,0,init,False,5,2.5599472376981836,0.12059792129482769,0.12059792129482677,1.516949512907638,24.62584607685912,4,1.7856351223096008,46,nan,nan,1.0,1,nan,0,nan,nan,nan
7,0,init,False,6,2.5719546876022785,0.08038873524180516,0.0803887352418024,1.6257582648923694,25.886473484609475,4,1.3148413721217607,49,nan,nan,1.0,1,nan,0,nan,nan,nan
7,0,init,False,7,0.5562056173718655,0.20872328781321878,0.20872328781321825,0.3844420441868076,109.16931197286914,4,1.204066454109447,169,nan,nan,1.0,1,nan,0,nan,nan,nan
7,0,init,False,8,0.18965584778829725,0.9143077372142384,0.9143077372142385,0.22116256011098753,78.52859213405438,4,1.3153045139270814,121,nan,nan,1.0,1,nan,0,nan,nan,nan
7,0,init,False,9,1.7902645027757145,0.2041430775873366,0.20414307758733768,1.1345627468432873,30.051260915893067,4,1.5234981204062745,62,nan,nan,1.0,1,nan,0,nan,nan,nan
7,0,init,False,10,1.8688287133032908,0.10160294257412225,0.10160294257412553,1.164129773233636,13.875457717056847,4,1.5335676978780175,32,nan,nan,1.0,1,nan,0,nan,nan,nan
7,0,init,False,11,1.798904448533471,0.06039189156361457,0.06039189156360905,1.01696113752201,22.526533495044212,4,1.4991487356783237,45,nan,nan,1.0,1,nan,0,nan,nan,nan
7,0,init,False,12,1.656085565633077,0.24183518523562716,0.2418351852356281,0.9201230880504457,66.52874753848387,4,1.4668885675408487,111,nan,nan,1.0,1,nan,0,nan,nan,nan
7,0,init,False,13,1.4164375940140463,0.12684618222524618,0.12684618222524793,0.8454071957022431,49.903785347071945,4,1.4397238092834648,87,nan,nan,1.0,1,nan,0,nan,nan,nan
7,0,init,False,14,0.9095282557893342,0.5823441853318558,0.5823441853318562,0.5919228099474745,25.982990440588615,4,1.8809392902878954,46,nan,nan,1.0,1,nan,0,nan,nan,nan
7,0,init,False,15,0.979959092698329,0.12345671530436458,0.12345671530436549,0.6714650101740443,100.22869046624908,4,1.1588893870320889,154,nan,nan,1.0,1,nan,0,nan,nan,nan
7,0,init,False,16,0.6074272708457642,0.15945736630496707,0.15945736630496915,0.4085003650284757,114.58790735195603,4,1.2143450195914391,171,nan,nan,1.0,1,nan,0,nan,nan,nan
7,0,init,False,17,0.7090745349758502,0.2824515192779555,0.28245151927795586,0.5006839274000127,91.91038893568631,4,1.2310369715249714,147,nan,nan,1.0,1,nan,0,nan,nan,nan
7,0,init,False,18,1.6675110350894953,0.05872379568227734,0.05872379568227734,1.0925690653641356,63.257256614165854,4,1.2209103837488429,107,nan,nan,1.0,1,nan,0,nan,nan,nan
7,0,init,False,19,0.9835998101561569,0.132463352024765,0.132463352024765,0.6627376854633845,95.24671985369999,4,1.1657662482924642,146,nan,nan,1.0,1,nan,0,nan,nan,nan
7,0,init,False,20,1.3118515925786611,0.08429378441610506,0.08429378441610243,0.9235690947304813,32.39522492289318,4,1.297573357104855,59,nan,nan,1.0,1,nan,0,nan,nan,nan
7,0,init,False,21,2.4897466425669204,0.1589147823289075,0.1589147823289075,1.7721822389908501,12.877475319551785,4,1.6628685030494748,28,nan,nan,1.0,1,nan,0,nan,nan,nan
7,0,init,False,22,0.5277176915553676,0.37647377676361266,0.37647377676361277,0.3747600967617925,109.47356309689263,4,1.2290279960899777,170,nan,nan,1.0,1,nan,0,nan,nan,nan
7,0,init,False,23,2.43209115517156,0.08425974037642339,0.08425974037642406,1.4524038013586822,29.217988145921435,4,1.4840626442287876,55,nan,nan,1.0,1,nan,0,nan,nan,nan
7,1,step,False,0,1.695893548209062,0.15447679472257583,0.19525904343548456,0.9573948863427433,53.465993280249634,4,1.2472880042483732,97,15.507996359957538,23.645960967002807,1.0,1,0.533400494739218,0,1.6605951643384131,1.0,1.4072536092319122e-15
7,1,step,False,1,2.2857085843603824,0.13641304764636744,0.08816563490338374,1.407207050863268,33.80790741579857,4,1.3955810576463779,68,6.521452823460307,10.042722663536358,1.0,1,0.39725087951060445,0,1.6605951643384131,1.0,1.4072536092319122e-15
7,1,step,False,2,0.7496180157712998,0.1470359655962912,0.22128192646225855,0.5188666530424966,102.02524851658946,4,1.2462523477289515,158,34.97049595842469,45.117098805605764,1.0,1,0.4753371114794653,0,1.6605951643384131,1.0,1.4072536092319122e-15
7,1,step,False,3,0.7321385464267546,0.2510163982236913,0.43061914756824915,0.4566342126644743,78.43110798093267,4,1.266839737976448,118,26.15095431798394,36.65837000379006,1.0,1,0.3695898111014688,0,1.6605951643384131,1.0,1.4072536092319122e-15
7,1,step,False,4,1.3432311769705663,0.06570691278135285,0.022440461770385334,0.9259020799765998,75.99552897688298,4,1.1526094094761743,130,24.44210631248285,34.81996011635408,1.0,1,0.4796861174429015,0,1.6605951643384131,1.0,1.4072536092319122e-15
7,1,step,False,5,2.5599472376981836,0.13991405774450996,0.12059792129482677,1.516949512907638,24.62584607685912,4,1.7856351223096008,46,6.000000000585682,9.516752299777842,1.0,1,0.33313562269617913,0,1.6605951643384131,1.0,1.4072536092319122e-15
7,1,step,False,6,2.5719546876022785,0.05171523113026875,0.0803887352418024,1.6257582648923694,25.886473484609475,4,1.3148413721217607,49,7.442089797589687,11.60852096269116,1.0,1,0.5463869913982096,0,1.6605951643384131,1.0,1.4072536092319122e-15
7,1,step,False,7,0.5562056173718655,0.21817421155398117,0.20872328781321825,0.3844420441868076,109.16931197286914,4,1.204066454109447,169,44.71463294585974,61.689432715257816,1.0,1,0.5320047090987311,0,1.6605951643384131,1.0,1.4072536092319122e-15
7,1,step,False,8,0.18965584778829725,0.9159641701526985,0.9143077372142385,0.22116256011098753,78.52859213405438,4,1.3153045139270814,121,23.813398992061803,33.90219620912647,1.0,1,0.4069091908112035,0,1.6605951643384131,1.0,1.4072536092319122e-15
7,1,step,False,9,1.7902645027757145,0.08970474735454183,0.20414307758733768,1.1345627468432873,30.051260915893067,4,1.5234981204062745,62,7.457892022467633,11.932053152406091,1.0,1,0.5744332459923702,0,1.6605951643384131,1.0,1.4072536092319122e-15
7,1,step,False,10,1.8688287133032908,0.08462177362067166,0.10160294257412553,1.164129773233636,13.875457717056847,4,1.5335676978780175,32,6.000000000447641,8.939572542087346,1.0,1,0.5331905214928329,0,1.6605951643384131,1.0,1.4072536092319122e-15
7,1,step,False,11,1.798904448533471,0.10628152451569703,0.06039189156360905,1.01696113752201,22.526533495044212,4,1.4991487356783237,45,6.000000000287427,7.803363812240605,1.0,1,0.11017030510330868,0,1.6605951643384131,1.0,1.4072536092319122e-15
7,1,step,False,12,1.656085565633077,0.1966729038886301,0.2418351852356281,0.9201230880504457,66.52874753848387,4,1.4668885675408487,111,22.07633146972727,31.83853491192256,1.0,1,0.3068530124966845,0,1.6605951643384131,1.0,1.4072536092319122e-15
7,1,step,False,13,1.4164375940140463,0.09396650887355727,0.12684618222524793,0.8454071957022431,49.903785347071945,4,1.4397238092834648,87,9.722569566055254,14.735965812203196,1.0,1,0.31584560249194205,0,1.6605951643384131,1.0,1.4072536092319122e-15
7,1,step,False,14,0.9095282557893342,0.5474507590527847,0.5823441853318562,0.5919228099474745,25.982990440588615,4,1.8809392902878954,46,7.198143495626002,10.72591774988459,1.0,1,0.43735091985279945,0,1.6605951643384131,1.0,1.4072536092319122e-15
7,1,step,False,15,0.979959092698329,0.11371516669472644,0.12345671530436549,0.6714650101740443,100.22869046624908,4,1.1588893870320889,154,38.69873344675015,53.853702182277424,1.0,1,0.4668240341179638,0,1.6605951643384131,1.0,1.4072536092319122e-15
7,1,step,False,16,0.6074272708457642,0.19275814327102903,0.15945736630496915,0.4085003650284757,114.58790735195603,4,1.2143450195914391,171,48.0641338327472,67.445561422251,1.0,1,0.5162515695074796,0,1.6605951643384131,1.0,1.4072536092319122e-15
7,1,step,False,17,0.7090745349758502,0.12674360487503836,0.28245151927795586,0.5006839274000127,91.91038893568631,4,1.2310369715249714,147,30.956332724561626,42.95449234441716,1.0,1,0.46020855001540245,0,1.6605951643384131,1.0,1.4072536092319122e-15
7,1,step,False,18,1.6675110350894953,0.04353973828754984,0.05872379568227734,1.0925690653641356,63.257256614165854,4,1.2209103837488429,107,18.308987459315652,24.98037696756598,1.0,1,0.4442146435423136,0,1.6605951643384131,1.0,1.4072536092319122e-15
7,1,step,False,19,0.9835998101561569,0.0887888867122716,0.132463352024765,0.6627376854633845,95.24671985369999,4,1.1657662482924642,146,38.0516721386496,53.05114956342134,1.0,1,0.46835954461063695,0,1.6605951643384131,1.0,1.4072536092319122e-15
7,1,step,False,20,1.3118515925786611,0.08598298581454865,0.08429378441610243,0.9235690947304813,32.39522492289318,4,1.297573357104855,59,9.105175267293191,13.6607547925201,1.0,1,0.23836105228527504,0,1.6605951643384131,1.0,1.4072536092319122e-15
7,1,step,False,21,2.4897466425669204,0.14385749126507896,0.1589147823289075,1.7721822389908501,12.877475319551785,4,1.6628685030494748,28,6.000000000144624,9.185863555411789,1.0,1,0.3759428800092108,0,1.6605951643384131,1.0,1.4072536092319122e-15
7,1,step,False,22,0.5277176915553676,0.29869748981921634,0.37647377676361277,0.3747600967617925,109.47356309689263,4,1.2290279960899777,170,41.3399474802764,56.28471301796256,1.0,1,0.6407550790643667,0,1.6605951643384131,1.0,1.4072536092319122e-15
7,1,step,False,23,2.43209115517156,0.13807134709454288,0.08425974037642406,1.4524038013586822,29.217988145921435,4,1.4840626442287876,55,8.548061119125059,13.752532896366455,1.0,1,0.44350881416739907,0,1.6605951643384131,1.0,1.4072536092319122e-15
7,2,step,False,0,1.695893548209062,0.1459577707593259,0.19525904343548456,0.9573948863427433,53.465993280249634,4,1.2472880042483732,97,13.81552152951223,19.015583934375734,1.0,1,0.32955532181406155,0,1.1742181015092812,0.5928334891796112,7.370897566096543e-15
7,2,step,False,1,2.2857085843603824,0.1875842253318353,0.08816563490338374,1.407207050863268,33.80790741579857,4,1.3955810576463779,68,7.227065280024295,10.927499109728972,1.0,1,0.304409939067441,0,1.1742181015092812,0.5928334891796112,7.370897566096543e-15
7,2,step,False,2,0.7496180157712998,0.16361391532496541,0.22128192646225855,0.5188666530424966,102.02524851658946,4,1.2462523477289515,158,37.442976582115485,50.70956834856699,1.0,1,0.25369571891753717,0,1.1742181015092812,0.5928334891796112,7.370897566096543e-15
7,2,step,False,3,0.7321385464267546,0.20530819517424326,0.43061914756824915,0.4566342126644743,78.43110798093267,4,1.266839737976448,118,30.090313764337623,42.1106231070463,1.0,1,0.29927249338761697,0,1.1742181015092812,0.5928334891796112,7.370897566096543e-15
7,2,step,False,4,1.3432311769705663,0.05033508437859001,0.022440461770385334,0.9259020799765998,75.99552897688298,4,1.1526094094761743,130,20.90188868633839,27.085871493634944,1.0,1,0.17016558299988746,0,1.1742181015092812,0.5928334891796112,7.370897566096543e-15
7,2,step,False,5,2.5599472376981836,0.1503909807207429,0.12059792129482677,1.516949512907638,24.62584607685912,4,1.7856351223096008,46,6.000000000220288,9.21721573217951,1.0,1,0.34663545954124925,0,1.1742181015092812,0.5928334891796112,7.370897566096543e-15
7,2,step,False,6,2.5719546876022785,0.10190986072606602,0.0803887352418024,1.6257582648923694,25.886473484609475,4,1.3148413721217607,49,6.00000000000937,8.092771701915487,1.0,1,0.21224353987424963,0,1.1742181015092812,0.5928334891796112,7.370897566096543e-15
7,2,step,False,7,0.5562056173718655,0.2360290353281446,0.20872328781321825,0.3844420441868076,109.16931197286914,4,1.204066454109447,169,45.49888587576826,64.34906209706172,1.0,1,0.34072500906018555,0,1.1742181015092812,0.5928334891796112,7.370897566096543e-15
7,2,step,False,8,0.18965584778829725,0.8824918113552738,0.9143077372142385,0.22116256011098753,78.52859213405438,4,1.3153045139270814,121,23.854032249825718,35.18752010673068,1.0,1,0.2636946832566355,0,1.1742181015092812,0.5928334891796112,7.370897566096543e-15
7,2,step,False,9,1.7902645027757145,0.06982291631207602,0.20414307758733768,1.1345627468432873,30.051260915893067,4,1.5234981204062745,62,7.700518842415758,11.455979844152765,1.0,1,0.26854399107630406,0,1.1742181015092812,0.5928334891796112,7.370897566096543e-15
7,2,step,False,10,1.8688287133032908,0.16164402543388662,0.10160294257412553,1.164129773233636,13.875457717056847,4,1.5335676978780175,32,6.000000000692081,9.443241178158653,1.0,1,0.41813750575152675,0,1.1742181015092812,0.5928334891796112,7.370897566096543e-15
7,2,step,False,11,1.798904448533471,0.1627690600996998,0.06039189156360905,1.01696113752201,22.526533495044212,4,1.4991487356783237,45,6.000000000457441,8.10563005343185,1.0,1,0.11249692189073962,0,1.1742181015092812,0.5928334891796112,7.370897566096543e-15
7,2,step,False,12,1.656085565633077,0.17879698109200798,0.2418351852356281,0.9201230880504457,66.52874753848387,4,1.4668885675408487,111,21.766859055036154,30.697856872915366,1.0,1,0.20932496404300083,0,1.1742181015092812,0.5928334891796112,7.370897566096543e-15
7,2,step,False,13,1.4164375940140463,0.06794494766359045,0.12684618222524793,0.8454071957022431,49.903785347071945,4,1.4397238092834648,87,12.36227414296138,19.341469290776597,1.0,1,0.28179875882650657,0,1.1742181015092812,0.5928334891796112,7.370897566096543e-15
7,2,step,False,14,0.9095282557893342,0.4930936682796308,0.5823441853318562,0.5919228099474745,25.982990440588615,4,1.8809392902878954,46,7.48918480034747,10.194259630126327,1.0,1,0.2350397372110125,0,1.1742181015092812,0.5928334891796112,7.370897566096543e-15
7,2,step,False,15,0.979959092698329,0.11638480702197813,0.12345671530436549,0.6714650101740443,100.22869046624908,4,1.1588893870320889,154,37.45780212257106,51.274502580209536,1.0,1,0.3242830772672787,0,1.1742181015092812,0.5928334891796112,7.370897566096543e-15
7,2,step,False,16,0.6074272708457642,0.14093057645133908,0.15945736630496915,0.4085003650284757,114.58790735195603,4,1.2143450195914391,171,48.06305694084047,66.01406860706756,1.0,1,0.23924518641870096,0,1.1742181015092812,0.5928334891796112,7.370897566096543e-15
7,2,step,False,17,0.7090745349758502,0.12356897123916893,0.28245151927795586,0.5006839274000127,91.91038893568631,4,1.2310369715249714,147,31.672952240341715,43.19019428064346,1.0,1,0.2537486966514695,0,1.1742181015092812,0.5928334891796112,7.370897566096543e-15
7,2,step,False,18,1.6675110350894953,0.06903452480839971,0.05872379568227734,1.0925690653641356,63.257256614165854,4,1.2209103837488429,107,18.559827685453996,25.135033985107068,1.0,1,0.29571404933546214,0,1.1742181015092812,0.5928334891796112,7.370897566096543e-15
7,2,step,False,19,0.9835998101561569,0.10432075912097451,0.132463352024765,0.6627376854633845,95.24671985369999,4,1.1657662482924642,146,35.94477956375302,48.821380534022474,1.0,1,0.32367618374258655,0,1.1742181015092812,0.5928334891796112,7.370897566096543e-15
7,2,step,False,20,1.3118515925786611,0.10452232532827446,0.08429378441610243,0.9235690947304813,32.39522492289318,4,1.297573357104855,59,10.604713930688828,14.680312496798862,1.0,1,0.19714231377420796,0,1.1742181015092812,0.5928334891796112,7.370897566096543e-15
7,2,step,False,21,2.4897466425669204,0.21330277536415004,0.1589147823289075,1.7721822389908501,12.877475319551785,4,1.6628685030494748,28,6.000000000333028,9.95372780698394,1.0,1,0.47162435877638137,0,1.1742181015092812,0.5928334891796112,7.370897566096543e-15
7,2,step,False,22,0.5277176915553676,0.2413488130119329,0.37647377676361277,0.3747600967617925,109.47356309689263,4,1.2290279960899777,170,41.48481867981008,57.79717862370256,1.0,1,0.34677936013702415,0,1.1742181015092812,0.5928334891796112,7.370897566096543e-15
7,2,step,False,23,2.43209115517156,0.12232729641215882,0.08425974037642406,1.4524038013586822,29.217988145921435,4,1.4840626442287876,55,7.343861149055142,9.713610153226789,1.0,1,0.2346475689086121,0,1.1742181015092812,0.5928334891796112,7.370897566096543e-15
7,3,step,False,0,1.695893548209062,0.19201343031210952,0.19525904343548456,0.9573948863427433,53.465993280249634,4,1.2472880042483732,97,14.496753899771285,18.689876378304177,1.0,1,0.15597046497312372,0,0.8302975821692065,0.3464581221342087,3.9029334565888044e-14
7,3,step,False,1,2.2857085843603824,0.2744767196503096,0.08816563490338374,1.407207050863268,33.80790741579857,4,1.3955810576463779,68,7.343772037308754,9.678075363821927,1.0,1,0.25761129660458676,0,0.8302975821692065,0.3464581221342087,3.9029334565888044e-14
7,3,step,False,2,0.7496180157712998,0.2495485206504832,0.22128192646225855,0.5188666530424966,102.02524851658946,4,1.2462523477289515,158,35.73467123644969,48.52044723657669,1.0,1,0.19515732385044313,0,0.8302975821692065,0.3464581221342087,3.9029334565888044e-14
7,3,step,False,3,0.7321385464267546,0.23504446658457984,0.43061914756824915,0.4566342126644743,78.43110798093267,4,1.266839737976448,118,32.17204404514477,45.00722675591141,1.0,1,0.18605277022711675,0,0.8302975821692065,0.3464581221342087,3.9029334565888044e-14
7,3,step,False,4,1.3432311769705663,0.03770633482007164,0.022440461770385334,0.9259020799765998,75.99552897688298,4,1.1526094094761743,130,21.69676937214229,26.799650829021367,1.0,1,0.13497437423460146,0,0.8302975821692065,0.3464581221342087,3.9029334565888044e-14
7,3,step,False,5,2.5599472376981836,0.20746355564164928,0.12059792129482677,1.516949512907638,24.62584607685912,4,1.7856351223096008,46,6.0000000004161524,8.151442422408232,1.0,1,0.18853478309003502,0,0.8302975821692065,0.3464581221342087,3.9029334565888044e-14
7,3,step,False,6,2.5719546876022785,0.13456503738082032,0.0803887352418024,1.6257582648923694,25.886473484609475,4,1.3148413721217607,49,6.000000000387107,7.552743898027708,1.0,1,0.13869332551946276,0,0.8302975821692065,0.3464581221342087,3.9029334565888044e-14
7,3,step,False,7,0.5562056173718655,0.15763115219001833,0.20872328781321825,0.3844420441868076,109.16931197286914,4,1.204066454109447,169,44.288637279715054,61.15213645493791,1.0,1,0.145848360314232,0,0.8302975821692065,0.3464581221342087,3.9029334565888044e-14
7,3,step,False,8,0.18965584778829725,0.6400508244879846,0.9143077372142385,0.22116256011098753,78.52859213405438,4,1.3153045139270814,121,23.597422278060602,32.26653514532281,1.0,1,0.10543323139013852,0,0.8302975821692065,0.3464581221342087,3.9029334565888044e-14
7,3,step,False,9,1.7902645027757145,0.07881462852519304,0.20414307758733768,1.1345627468432873,30.051260915893067,4,1.5234981204062745,62,8.926114685363931,14.075066959884808,1.0,1,0.19575067800057525,0,0.8302975821692065,0.3464581221342087,3.9029334565888044e-14
7,3,step,False,10,1.8688287133032908,0.06217483914138635,0.10160294257412553,1.164129773233636,13.875457717056847,4,1.5335676978780175,32,6.000000000588455,9.500057945472784,1.0,1,0.20515145992005399,0,0.8302975821692065,0.3464581221342087,3.9029334565888044e-14
7,3,step,False,11,1.798904448533471,0.09764581651061122,0.06039189156360905,1.01696113752201,22.526533495044212,4,1.4991487356783237,45,7.345315457063602,10.637866049588142,1.0,1,0.14941556453555907,0,0.8302975821692065,0.3464581221342087,3.9029334565888044e-14
7,3,step,False,12,1.656085565633077,0.1771729992316434,0.2418351852356281,0.9201230880504457,66.52874753848387,4,1.4668885675408487,111,19.486548528801595,26.902650067789764,1.0,1,0.18551355664203448,0,0.8302975821692065,0.3464581221342087,3.9029334565888044e-14
7,3,step,False,13,1.4164375940140463,0.0522236737522113,0.12684618222524793,0.8454071957022431,49.903785347071945,4,1.4397238092834648,87,13.403956489874089,19.35240645216837,1.0,1,0.16844120824215847,0,0.8302975821692065,0.3464581221342087,3.9029334565888044e-14
7,3,step,False,14,0.9095282557893342,0.5061284824292825,0.5823441853318562,0.5919228099474745,25.982990440588615,4,1.8809392902878954,46,9.166334802283549,12.724039503756263,1.0,1,0.25314544794567634,0,0.8302975821692065,0.3464581221342087,3.9029334565888044e-14
7,3,step,False,15,0.979959092698329,0.14730527366141857,0.12345671530436549,0.6714650101740443,100.22869046624908,4,1.1588893870320889,154,35.03625068743322,46.222088590429536,1.0,1,0.25337550146235827,0,0.8302975821692065,0.3464581221342087,3.9029334565888044e-14
7,3,step,False,16,0.6074272708457642,0.13669068570158718,0.15945736630496915,0.4085003650284757,114.58790735195603,4,1.2143450195914391,171,48.22611973428023,64.16941979687077,1.0,1,0.19586702277103796,0,0.8302975821692065,0.3464581221342087,3.9029334565888044e-14
7,3,step,False,17,0.7090745349758502,0.12401586294292934,0.28245151927795586,0.5006839274000127,91.91038893568631,4,1.2310369715249714,147,32.864576211593,44.336374242917834,1.0,1,0.22590858249088352,0,0.8302975821692065,0.3464581221342087,3.9029334565888044e-14
7,3,step,False,18,1.6675110350894953,0.0959311389334288,0.05872379568227734,1.0925690653641356,63.257256614165854,4,1.2209103837488429,107,18.456049559710966,25.128516717301203,1.0,1,0.16528006406584023,0,0.8302975821692065,0.3464581221342087,3.9029334565888044e-14
7,3,step,False,19,0.9835998101561569,0.13205060043405517,0.132463352024765,0.6627376854633845,95.24671985369999,4,1.1657662482924642,146,33.29839098246054,43.95170071938058,1.0,1,0.20751548300391345,0,0.8302975821692065,0.3464581221342087,3.9029334565888044e-14
7,3,step,False,20,1.3118515925786611,0.09918880654383884,0.08429378441610243,0.9235690947304813,32.39522492289318,4,1.297573357104855,59,11.417114582771466,14.864938922264283,1.0,1,0.09233446589298283,0,0.8302975821692065,0.3464581221342087,3.9029334565888044e-14
7,3,step,False,21,2.4897466425669204,0.31535123734059817,0.1589147823289075,1.7721822389908501,12.877475319551785,4,1.6628685030494748,28,6.000000000085568,8.631341503987,1.0,1,0.16373206935825588,0,0.8302975821692065,0.3464581221342087,3.9029334565888044e-14
7,3,step,False,22,0.5277176915553676,0.24077832444396172,0.37647377676361277,0.3747600967617925,109.47356309689263,4,1.2290279960899777,170,40.87049088605551,53.723951856168874,1.0,1,0.17858678791627677,0,0.8302975821692065,0.3464581221342087,3.9029334565888044e-14
7,3,step,False,23,2.43209115517156,0.10430702804137448,0.08425974037642406,1.4524038013586822,29.217988145921435,4,1.4840626442287876,55,6.8523543077872064,7.916296703997539,1.0,1,0.07518987533077916,0,0.8302975821692065,0.3464581221342087,3.9029334565888044e-14
8,0,init,False,0,1.0378506748875693,0.12303605294880063,0.12303605294879973,0.6012933781725471,80.38713347296193,4,1.2026616870824982,131,nan,nan,1.0,1,nan,0,nan,nan,nan
8,0,init,False,1,0.6716561569208681,0.12568697732852122,0.12568697732852122,0.30461582712940066,110.66944159046545,4,1.1833399203270567,160,nan,nan,1.0,1,nan,0,nan,nan,nan
8,0,init,False,2,2.0226041686187917,0.16904517333489122,0.16904517333489255,1.2580471060144989,27.076090029182133,4,1.4261710912871275,57,nan,nan,1.0,1,nan,0,nan,nan,nan
8,0,init,False,3,0.7777394701992171,0.24949333439569438,0.24949333439569482,0.3828333536828489,91.31304504135807,4,1.2207595593000429,140,nan,nan,1.0,1,nan,0,nan,nan,nan
8,0,init,False,4,0.47784343743739227,0.41991478051445036,0.41991478051445036,0.2921728391935947,101.21065763451463,4,1.28146989511169,148,nan,nan,1.0,1,nan,0,nan,nan,nan
8,0,init,False,5,0.6531959063139913,0.23445463581716433,0.23445463581716386,0.40453578366524134,42.28914634096264,4,1.2983931169285168,76,nan,nan,1.0,1,nan,0,nan,nan,nan
8,0,init,False,6,1.1350102603683618,0.21298474513168975,0.2129847451316913,0.6711400654645836,53.62026537984196,4,1.208308728279306,99,nan,nan,1.0,1,nan,0,nan,nan,nan
8,0,init,False,7,1.0600535721639959,0.26565181881205935,0.26565181881205935,0.8035658186694545,55.050758548392636,4,1.3889876218895796,91,nan,nan,1.0,1,nan,0,nan,nan,nan
8,0,init,False,8,1.8614204865315083,0.10258853602998527,0.10258853602998527,1.1101139028193139,52.453877476051616,4,1.254462317202486,94,nan,nan,1.0,1,nan,0,nan,nan,nan
8,0,init,False,9,3.20983498587541,0.1151591637819622,0.1151591637819622,2.190695482201376,3.6738970218116878,4,3.0083351974084533,8,nan,nan,1.0,1,nan,0,nan,nan,nan
8,0,init,False,10,0.8302344040252218,0.3024570668814359,0.3024570668814359,0.4864733974997199,89.28078021085307,4,1.1786060088213433,135,nan,nan,1.0,1,nan,0,nan,nan,nan
8,0,init,False,11,0.2031161972728973,0.3539489107395194,0.3539489107395197,0.14607377248674752,120.36043469189067,4,1.169915737059017,171,nan,nan,1.0,1,nan,0,nan,nan,nan
8,0,init,False,12,0.8087519726279173,0.11464679184858774,0.11464679184858678,0.46289950586347306,77.21598082614605,4,1.2865793629860431,127,nan,nan,1.0,1,nan,0,nan,nan,nan
8,0,init,False,13,2.043123899298297,0.07303363955223752,0.07303363955223752,1.3078200303194811,38.77488469774087,4,1.517674082475266,76,nan,nan,1.0,1,nan,0,nan,nan,nan
8,0,init,False,14,0.951778082041314,0.35927298855838785,0.3592729885583885,0.3889981400938256,38.09994319474929,4,1.6056901379588442,71,nan,nan,1.0,1,nan,0,nan,nan,nan
8,0,init,False,15,0.4172505094214615,0.40757618048955785,0.40757618048955757,0.26996132229601627,74.19146716210743,4,1.2295859775099058,124,nan,nan,1.0,1,nan,0,nan,nan,nan
8,0,init,False,16,0.35411392282486276,0.44573851793526775,0.4457385179352675,0.2478574893369517,96.19237975674679,4,1.3103526701279253,153,nan,nan,1.0,1,nan,0,nan,nan,nan
8,0,init,False,17,1.5646563512603404,0.09669025035476284,0.09669025035476168,0.8270807471974078,64.84271274356155,4,1.2130484449046435,119,nan,nan,1.0,1,nan,0,nan,nan,nan
8,0,init,False,18,1.8032365558301429,0.07677892529708916,0.07677892529708916,1.0547730329039768,41.454124403351656,4,1.4494181781835445,79,nan,nan,1.0,1,nan,0,nan,nan,nan
8,0,init,False,19,2.8305949396715846,0.06984983268365495,0.06984983268365177,1.7313165651532458,10.812960344088546,4,2.2426472127309065,24,nan,nan,1.0,1,nan,0,nan,nan,nan
8,0,init,False,20,0.5059941463453863,0.3401432720029035,0.34014327200290284,0.3536446661180881,51.6561043131468,4,1.437951901754448,90,nan,nan,1.0,1,nan,0,nan,nan,nan
8,0,init,False,21,1.8806394974673035,0.16694469810097834,0.16694469810097767,1.3255865032424996,10.13580479948925,4,2.330469541565189,18,nan,nan,1.0,1,nan,0,nan,nan,nan
8,0,init,False,22,1.0642945010013232,0.4400458830570233,0.4400458830570237,0.733282986456121,50.29420951461046,4,1.385653510564346,83,nan,nan,1.0,1,nan,0,nan,nan,nan
8,0,init,False,23,1.6477180246523284,0.06168240977399996,0.06168240977399816,0.9798373699576436,58.943900805974884,4,1.2586679152456106,98,nan,nan,1.0,1,nan,0,nan,nan,nan
8,1,step,False,0,1.0378506748875693,0.14516448449006034,0.12303605294879973,0.6012933781725471,80.38713347296193,4,1.2026616870824982,131,21.895530188516656,31.773846515058782,1.0,1,0.4235260791270288,0,1.6121988453621614,1.0,1.3670378825337664e-15
8,1,step,False,1,0.6716561569208681,0.12892624019997928,0.12568697732852122,0.30461582712940066,110.66944159046545,4,1.1833399203270567,160,49.55694500252269,66.71685685704648,1.0,1,0.33274958310227964,0,1.6121988453621614,1.0,1.3670378825337664e-15
8,1,step,False,2,2.0226041686187917,0.17145452006745107,0.16904517333489255,1.2580471060144989,27.076090029182133,4,1.4261710912871275,57,6.000000000348885,9.8368651932781,1.0,1,0.5035100942662203,0,1.6121988453621614,1.0,1.3670378825337664e-15
8,1,step,False,3,0.7777394701992171,0.12016288383791214,0.24949333439569482,0.3828333536828489,91.31304504135807,4,1.2207595593000429,140,29.742003550379085,42.17284181741827,1.0,1,0.31834572720348625,0,1.6121988453621614,1.0,1.3670378825337664e-15
8,1,step,False,4,0.47784343743739227,0.15971678394240965,0.41991478051445036,0.2921728391935947,101.21065763451463,4,1.28146989511169,148,40.94693627248696,53.84363168088366,1.0,1,0.26681022656898834,0,1.6121988453621614,1.0,1.3670378825337664e-15
8,1,step,False,5,0.6531959063139913,0.1864184716351547,0.23445463581716386,0.40453578366524134,42.28914634096264,4,1.2983931169285168,76,11.908013492864018,16.06636886178867,1.0,1,0.5064781606432377,0,1.6121988453621614,1.0,1.3670378825337664e-15
8,1,step,False,6,1.1350102603683618,0.1116440711697816,0.2129847451316913,0.6711400654645836,53.62026537984196,4,1.208308728279306,99,15.932256040150145,22.7157232365763,1.0,1,0.530624481331228,0,1.6121988453621614,1.0,1.3670378825337664e-15
8,1,step,False,7,1.0600535721639959,0.2258867920649978,0.26565181881205935,0.8035658186694545,55.050758548392636,4,1.3889876218895796,91,15.858418246996337,23.45324563561238,1.0,1,0.39960197827693145,0,1.6121988453621614,1.0,1.3670378825337664e-15
8,1,step,False,8,1.8614204865315083,0.08943457363864958,0.10258853602998527,1.1101139028193139,52.453877476051616,4,1.254462317202486,94,13.79309044455039,19.957087272632027,1.0,1,0.4458590983194686,0,1.6121988453621614,1.0,1.3670378825337664e-15
8,1,step,False,9,3.20983498587541,0.1204457669734721,0.1151591637819622,2.190695482201376,3.6738970218116878,4,3.0083351974084533,8,6.000000000171458,9.293328704746289,1.0,1,0.666304873318786,0,1.6121988453621614,1.0,1.3670378825337664e-15
8,1,step,False,10,0.8302344040252218,0.10852166297351899,0.3024570668814359,0.4864733974997199,89.28078021085307,4,1.1786060088213433,135,38.61697558121317,50.91782272811072,1.0,1,0.3914606860168828,0,1.6121988453621614,1.0,1.3670378825337664e-15
8,1,step,False,11,0.2031161972728973,0.3622299923229938,0.3539489107395197,0.14607377248674752,120.36043469189067,4,1.169915737059017,171,50.37931935446912,69.77606203896397,1.0,1,0.5399488865820026,0,1.6121988453621614,1.0,1.3670378825337664e-15
8,1,step,False,12,0.8087519726279173,0.05349462501490688,0.11464679184858678,0.46289950586347306,77.21598082614605,4,1.2865793629860431,127,27.021026391348087,36.56102216299682,1.0,1,0.5820825715090028,0,1.6121988453621614,1.0,1.3670378825337664e-15
8,1,step,False,13,2.043123899298297,0.0649047094899766,0.07303363955223752,1.3078200303194811,38.77488469774087,4,1.517674082475266,76,10.464119750646459,14.930083598844334,1.0,1,0.6027708770617332,0,1.6121988453621614,1.0,1.3670378825337664e-15
8,1,step,False,14,0.951778082041314,0.3488601257381616,0.3592729885583885,0.3889981400938256,38.09994319474929,4,1.6056901379588442,71,8.333591829611837,12.23917254789896,1.0,1,0.3220022331513221,0,1.6121988453621614,1.0,1.3670378825337664e-15
8,1,step,False,15,0.4172505094214615,0.3449338933160588,0.40757618048955757,0.26996132229601627,74.19146716210743,4,1.2295859775099058,124,23.317026386953245,32.89669488422646,1.0,1,0.5438610258021692,0,1.6121988453621614,1.0,1.3670378825337664e-15
8,1,step,False,16,0.35411392282486276,0.26513641563073165,0.4457385179352675,0.2478574893369517,96.19237975674679,4,1.3103526701279253,153,34.02945447329896,47.093222834729005,1.0,1,0.5002086947441576,0,1.6121988453621614,1.0,1.3670378825337664e-15
8,1,step,False,17,1.5646563512603404,0.02794747574645206,0.09669025035476168,0.8270807471974078,64.84271274356155,4,1.2130484449046435,119,19.250993136177776,27.888448601148742,1.0,1,0.35783068071465146,0,1.6121988453621614,1.0,1.3670378825337664e-15
8,1,step,False,18,1.8032365558301429,0.04715714176428341,0.07677892529708916,1.0547730329039768,41.454124403351656,4,1.4494181781835445,79,10.001866587350095,14.388125540199326,1.0,1,0.23539757774827,0,1.6121988453621614,1.0,1.3670378825337664e-15
8,1,step,False,19,2.8305949396715846,0.060119988089464435,0.06984983268365177,1.7313165651532458,10.812960344088546,4,2.2426472127309065,24,6.000000000503581,8.64036739844342,1.0,1,0.5822915543960454,0,1.6121988453621614,1.0,1.3670378825337664e-15
8,1,step,False,20,0.5059941463453863,0.3232710863076246,0.34014327200290284,0.3536446661180881,51.6561043131468,4,1.437951901754448,90,15.275048253119522,20.235477680902225,1.0,1,0.4992104730350389,0,1.6121988453621614,1.0,1.3670378825337664e-15
8,1,step,False,21,1.8806394974673035,0.20244349107259024,0.16694469810097767,1.3255865032424996,10.13580479948925,4,2.330469541565189,18,6.000000000383482,8.970348103672075,1.0,1,0.9369227945533495,0,1.6121988453621614,1.0,1.3670378825337664e-15
8,1,step,False,22,1.0642945010013232,0.25526736214843593,0.4400458830570237,0.733282986456121,50.29420951461046,4,1.385653510564346,83,15.498274758050524,22.790112885775397,1.0,1,0.32617544285616223,0,1.6121988453621614,1.0,1.3670378825337664e-15
8,1,step,False,23,1.6477180246523284,0.06123441472849748,0.06168240977399816,0.9798373699576436,58.943900805974884,4,1.2586679152456106,98,17.498453573059592,24.57219512039844,1.0,1,0.3146381826685895,0,1.6121988453621614,1.0,1.3670378825337664e-15
8,2,step,False,0,1.0378506748875693,0.1570320414739651,0.12303605294879973,0.6012933781725471,80.38713347296193,4,1.2026616870824982,131,23.449344999861864,32.9246750680476,1.0,1,0.2746562928415775,0,1.1399967361767063,0.6089926809072495,1.2719728023923995e-14
8,2,step,False,1,0.6716561569208681,0.18372282417857777,0.12568697732852122,0.30461582712940066,110.66944159046545,4,1.1833399203270567,160,50.00305047390161,64.10367879527956,1.0,1,0.25798810628054575,0,1.1399967361767063,0.6089926809072495,1.2719728023923995e-14
8,2,step,False,2,2.0226041686187917,0.26130551431218796,0.16904517333489255,1.2580471060144989,27.076090029182133,4,1.4261710912871275,57,6.00000000031222,9.797712837392483,1.0,1,0.35147658366477885,0,1.1399967361767063,0.6089926809072495,1.2719728023923995e-14
8,2,step,False,3,0.7777394701992171,0.11947239118641556,0.24949333439569482,0.3828333536828489,91.31304504135807,4,1.2207595593000429,140,32.4176076041135,44.65836837072155,1.0,1,0.21922464367071895,0,1.1399967361767063,0.6089926809072495,1.2719728023923995e-14
8,2,step,False,4,0.47784343743739227,0.08177878604519712,0.41991478051445036,0.2921728391935947,101.21065763451463,4,1.28146989511169,148,46.70931985298018,63.88813293601515,1.0,1,0.19573354684846292,0,1.1399967361767063,0.6089926809072495,1.2719728023923995e-14
8,2,step,False,5,0.6531959063139913,0.2772865054971152,0.23445463581716386,0.40453578366524134,42.28914634096264,4,1.2983931169285168,76,14.41918865531385,21.536324031559055,1.0,1,0.21489454412876471,0,1.1399967361767063,0.6089926809072495,1.2719728023923995e-14
8,2,step,False,6,1.1350102603683618,0.12801712972042434,0.2129847451316913,0.6711400654645836,53.62026537984196,4,1.208308728279306,99,14.806488050834956,20.396427109561724,1.0,1,0.27479531813679753,0,1.1399967361767063,0.6089926809072495,1.2719728023923995e-14
8,2,step,False,7,1.0600535721639959,0.27369299301750916,0.26565181881205935,0.8035658186694545,55.050758548392636,4,1.3889876218895796,91,16.318779379957284,24.086520537003832,1.0,1,0.1589704353451266,0,1.1399967361767063,0.6089926809072495,1.2719728023923995e-14
8,2,step,False,8,1.8614204865315083,0.0821100642289689,0.10258853602998527,1.1101139028193139,52.453877476051616,4,1.254462317202486,94,10.808825677912345,15.377597151487574,1.0,1,0.22089580365505176,0,1.1399967361767063,0.6089926809072495,1.2719728023923995e-14
8,2,step,False,9,3.20983498587541,0.12114093761885403,0.1151591637819622,2.190695482201376,3.6738970218116878,4,3.0083351974084533,8,6.000000000297646,8.881719391719745,1.0,1,0.6078620300607199,0,1.1399967361767063,0.6089926809072495,1.2719728023923995e-14
8,2,step,False,10,0.8302344040252218,0.10006748206593127,0.3024570668814359,0.4864733974997199,89.28078021085307,4,1.1786060088213433,135,38.83416840588351,51.463437368963675,1.0,1,0.29917923416612335,0,1.1399967361767063,0.6089926809072495,1.2719728023923995e-14
8,2,step,False,11,0.2031161972728973,0.39130907926965836,0.3539489107395197,0.14607377248674752,120.36043469189067,4,1.169915737059017,171,50.05741615728303,67.27491653052627,1.0,1,0.24384511472481163,0,1.1399967361767063,0.6089926809072495,1.2719728023923995e-14
8,2,step,False,12,0.8087519726279173,0.07328507773868848,0.11464679184858678,0.46289950586347306,77.21598082614605,4,1.2865793629860431,127,27.35946908818995,38.1508570451052,1.0,1,0.360218012242426,0,1.1399967361767063,0.6089926809072495,1.2719728023923995e-14
8,2,step,False,13,2.043123899298297,0.07044060447338601,0.07303363955223752,1.3078200303194811,38.77488469774087,4,1.517674082475266,76,8.016718618600184,11.102185112359985,1.0,1,0.4660052927488664,0,1.1399967361767063,0.6089926809072495,1.2719728023923995e-14
8,2,step,False,14,0.951778082041314,0.31999518586119197,0.3592729885583885,0.3889981400938256,38.09994319474929,4,1.6056901379588442,71,8.339327909034916,12.340124880796518,1.0,1,0.22937991236711838,0,1.1399967361767063,0.6089926809072495,1.2719728023923995e-14
8,2,step,False,15,0.4172505094214615,0.3995470895436332,0.40757618048955757,0.26996132229601627,74.19146716210743,4,1.2295859775099058,124,24.144343723453915,33.18370646652355,1.0,1,0.2580360116007449,0,1.1399967361767063,0.6089926809072495,1.2719728023923995e-14
8,2,step,False,16,0.35411392282486276,0.16344617777696205,0.4457385179352675,0.2478574893369517,96.19237975674679,4,1.3103526701279253,153,34.14454018645369,47.683755327921865,1.0,1,0.36662741893855855,0,1.1399967361767063,0.6089926809072495,1.2719728023923995e-14
8,2,step,False,17,1.5646563512603404,0.09683899061107282,0.09669025035476168,0.8270807471974078,64.84271274356155,4,1.2130484449046435,119,16.887691068712286,24.518094909480613,1.0,1,0.24647604659788652,0,1.1399967361767063,0.6089926809072495,1.2719728023923995e-14
8,2,step,False,18,1.8032365558301429,0.08794141825761641,0.07677892529708916,1.0547730329039768,41.454124403351656,4,1.4494181781835445,79,8.034722822904811,11.571989497338246,1.0,1,0.1829208982652729,0,1.1399967361767063,0.6089926809072495,1.2719728023923995e-14
8,2,step,False,19,2.8305949396715846,0.058533989613189674,0.06984983268365177,1.7313165651532458,10.812960344088546,4,2.2426472127309065,24,6.0000000001827125,7.990614048694208,1.0,1,0.6008786537945912,0,1.1399967361767063,0.6089926809072495,1.2719728023923995e-14
8,2,step,False,20,0.5059941463453863,0.2912819172576559,0.34014327200290284,0.3536446661180881,51.6561043131468,4,1.437951901754448,90,13.87534912409066,17.86466282488635,1.0,1,0.25345764868055126,0,1.1399967361767063,0.6089926809072495,1.2719728023923995e-14
8,2,step,False,21,1.8806394974673035,0.15156000323800892,0.16694469810097767,1.3255865032424996,10.13580479948925,4,2.330469541565189,18,6.000000000071973,8.323259570319458,1.0,1,0.5421718186197997,0,1.1399967361767063,0.6089926809072495,1.2719728023923995e-14
8,2,step,False,22,1.0642945010013232,0.2460867096509889,0.4400458830570237,0.733282986456121,50.29420951461046,4,1.385653510564346,83,15.09686431552658,20.93949124093258,1.0,1,0.22952155301261035,0,1.1399967361767063,0.6089926809072495,1.2719728023923995e-14
8,2,step,False,23,1.6477180246523284,0.11656288525151873,0.06168240977399816,0.9798373699576436,58.943900805974884,4,1.2586679152456106,98,16.29699713206321,22.439570860233143,1.0,1,0.2912133304474236,0,1.1399967361767063,0.6089926809072495,1.2719728023923995e-14
8,3,step,False,0,1.0378506748875693,0.1834565409902769,0.12303605294879973,0.6012933781725471,80.38713347296193,4,1.2026616870824982,131,24.113969429017818,33.186364929216715,1.0,1,0.18262563199264814,0,0.8060994226810805,0.36371538043022156,8.418434165789011e-14
8,3,step,False,1,0.6716561569208681,0.11545905453158459,0.12568697732852122,0.30461582712940066,110.66944159046545,4,1.1833399203270567,160,49.021984215386325,62.71703364036953,1.0,1,0.1572768899804492,0,0.8060994226810805,0.36371538043022156,8.418434165789011e-14
8,3,step,False,2,2.0226041686187917,0.12592333135941133,0.16904517333489255,1.2580471060144989,27.076090029182133,4,1.4261710912871275,57,6.000000000347484,8.947385917281556,1.0,1,0.11452269514230785,0,0.8060994226810805,0.36371538043022156,8.418434165789011e-14
8,3,step,False,3,0.7777394701992171,0.11804871055696246,0.24949333439569482,0.3828333536828489,91.31304504135807,4,1.2207595593000429,140,35.19789195618492,47.46056725657847,1.0,1,0.13328485067692747,0,0.8060994226810805,0.36371538043022156,8.418434165789011e-14
8,3,step,False,4,0.47784343743739227,0.1460372683194161,0.41991478051445036,0.2921728391935947,101.21065763451463,4,1.28146989511169,148,49.793785016781065,69.79170065462722,1.0,1,0.19274661372862884,0,0.8060994226810805,0.36371538043022156,8.418434165789011e-14
8,3,step,False,5,0.6531959063139913,0.2665553157458153,0.23445463581716386,0.40453578366524134,42.28914634096264,4,1.2983931169285168,76,18.523446965155205,27.469781038594427,1.0,1,0.1003237920991296,0,0.8060994226810805,0.36371538043022156,8.418434165789011e-14
8,3,step,False,6,1.1350102603683618,0.1414313835903204,0.2129847451316913,0.6711400654645836,53.62026537984196,4,1.208308728279306,99,16.237256349168362,22.068415454869402,1.0,1,0.13755028601560534,0,0.8060994226810805,0.36371538043022156,8.418434165789011e-14
8,3,step,False,7,1.0600535721639959,0.3506119821203582,0.26565181881205935,0.8035658186694545,55.050758548392636,4,1.3889876218895796,91,15.505787617079584,20.871220188398308,1.0,1,0.16482828778608766,0,0.8060994226810805,0.36371538043022156,8.418434165789011e-14
8,3,step,False,8,1.8614204865315083,0.0863277886044431,0.10258853602998527,1.1101139028193139,52.453877476051616,4,1.254462317202486,94,9.248863958096848,11.734914327056053,1.0,1,0.19215554527602238,0,0.8060994226810805,0.36371538043022156,8.418434165789011e-14
8,3,step,False,9,3.20983498587541,0.12244546913575038,0.1151591637819622,2.190695482201376,3.6738970218116878,4,3.0083351974084533,8,6.000000000437014,8.978293726435151,1.0,1,0.5140365320891394,0,0.8060994226810805,0.36371538043022156,8.418434165789011e-14
8,3,step,False,10,0.8302344040252218,0.16651846043602828,0.3024570668814359,0.4864733974997199,89.28078021085307,4,1.1786060088213433,135,35.9537572010598,46.952813528486104,1.0,1,0.1842573297469888,0,0.8060994226810805,0.36371538043022156,8.418434165789011e-14
8,3,step,False,11,0.2031161972728973,0.2510270969609327,0.3539489107395197,0.14607377248674752,120.36043469189067,4,1.169915737059017,171,48.52245191845585,64.20120943879395,1.0,1,0.12632637739129102,0,0.8060994226810805,0.36371538043022156,8.418434165789011e-14
8,3,step,False,12,0.8087519726279173,0.19525883213385775,0.11464679184858678,0.46289950586347306,77.21598082614605,4,1.2865793629860431,127,27.65544968431165,36.18983482321938,1.0,1,0.11306023295001714,0,0.8060994226810805,0.36371538043022156,8.418434165789011e-14
8,3,step,False,13,2.043123899298297,0.0574131006213238,0.07303363955223752,1.3078200303194811,38.77488469774087,4,1.517674082475266,76,6.000000000325789,7.721117647181938,1.0,1,0.32562626528825606,0,0.8060994226810805,0.36371538043022156,8.418434165789011e-14
8,3,step,False,14,0.951778082041314,0.3017306062222541,0.3592729885583885,0.3889981400938256,38.09994319474929,4,1.6056901379588442,71,10.39656754699601,14.454943619778012,1.0,1,0.12527486122026685,0,0.8060994226810805,0.36371538043022156,8.418434165789011e-14
8,3,step,False,15,0.4172505094214615,0.3111970425425048,0.40757618048955757,0.26996132229601627,74.19146716210743,4,1.2295859775099058,124,25.706698935577194,36.38877114618854,1.0,1,0.14843379896947667,0,0.8060994226810805,0.36371538043022156,8.418434165789011e-14
8,3,step,False,16,0.35411392282486276,0.19930221671194956,0.4457385179352675,0.2478574893369517,96.19237975674679,4,1.3103526701279253,153,31.89208743274355,43.463772824946,1.0,1,0.1371884587457857,0,0.8060994226810805,0.36371538043022156,8.418434165789011e-14
8,3,step,False,17,1.5646563512603404,0.15154575919984078,0.09669025035476168,0.8270807471974078,64.84271274356155,4,1.2130484449046435,119,14.092611021545846,18.856551665782046,1.0,1,0.0862423091688658,0,0.8060994226810805,0.36371538043022156,8.418434165789011e-14
8,3,step,False,18,1.8032365558301429,0.15895532629477843,0.07677892529708916,1.0547730329039768,41.454124403351656,4,1.4494181781835445,79,7.0752892470935995,10.579753850375255,1.0,1,0.19147900714285096,0,0.8060994226810805,0.36371538043022156,8.418434165789011e-14
8,3,step,False,19,2.8305949396715846,0.09206455862220823,0.06984983268365177,1.7313165651532458,10.812960344088546,4,2.2426472127309065,24,6.000000000203863,7.849807994969245,1.0,1,0.45590346182748576,0,0.8060994226810805,0.36371538043022156,8.418434165789011e-14
8,3,step,False,20,0.5059941463453863,0.3114533940665312,0.34014327200290284,0.3536446661180881,51.6561043131468,4,1.437951901754448,90,15.332624152763847,20.553878631842963,1.0,1,0.0903448444160776,0,0.8060994226810805,0.36371538043022156,8.418434165789011e-14
8,3,step,False,21,1.8806394974673035,0.08227044007785311,0.16694469810097767,1.3255865032424996,10.13580479948925,4,2.330469541565189,18,6.000000000233557,8.033273333161853,1.0,1,0.40334105624548233,0,0.8060994226810805,0.36371538043022156,8.418434165789011e-14
8,3,step,False,22,1.0642945010013232,0.2078794318038036,0.4400458830570237,0.733282986456121,50.29420951461046,4,1.385653510564346,83,14.88434072024716,20.923247944753125,1.0,1,0.19390759331280422,0,0.8060994226810805,0.36371538043022156,8.418434165789011e-14
8,3,step,False,23,1.6477180246523284,0.16152842094989625,0.06168240977399816,0.9798373699576436,58.943900805974884,4,1.2586679152456106,98,14.749808220157613,20.047550315294146,1.0,1,0.10837056449745498,0,0.8060994226810805,0.36371538043022156,8.418434165789011e-14
9,0,init,False,0,1.9319150175304767,0.10922289075720396,0.10922289075720497,1.1741594893840335,50.83765592911183,4,1.5080824678619769,94,nan,nan,1.0,1,nan,0,nan,nan,nan
9,0,init,False,1,2.297613715968394,0.16228131059326514,0.16228131059326445,1.3195659414977998,9.036244677316205,4,1.4151987580563266,17,nan,nan,1.0,1,nan,0,nan,nan,nan
9,0,init,False,2,0.3806438597462406,0.7688169237098968,0.7688169237098971,0.3724109192463156,45.72076231280717,4,1.6999048964630479,77,nan,nan,1.0,1,nan,0,nan,nan,nan
9,0,init,False,3,2.589576667811834,0.13322389399089862,0.1332238939908978,1.4685184233212882,21.878998199936778,4,1.4101589686111116,41,nan,nan,1.0,1,nan,0,nan,nan,nan
9,0,init,False,4,0.4350174884567207,0.6324199763837438,0.6324199763837439,0.27689877281712677,46.06352586455857,4,1.326473862479658,82,nan,nan,1.0,1,nan,0,nan,nan,nan
9,0,init,False,5,1.1156952399600832,0.18023716553541028,0.18023716553541275,0.6884010975879544,43.374717724875914,4,1.3542569949811656,78,nan,nan,1.0,1,nan,0,nan,nan,nan
9,0,init,False,6,1.3582674648938677,0.14676985899851352,0.14676985899851125,0.7762411083543527,79.7391800660551,4,1.1534659600038029,129,nan,nan,1.0,1,nan,0,nan,nan,nan
9,0,init,False,7,1.0005504679814938,0.14662420938681772,0.1466242093868162,0.5328449404557218,84.84485484469167,4,1.2284512066025288,138,nan,nan,1.0,1,nan,0,nan,nan,nan
9,0,init,False,8,1.9666485141928456,0.19737429712429255,0.19737429712429255,1.2234565165012112,21.853085367342054,4,1.6307073254371576,46,nan,nan,1.0,1,nan,0,nan,nan,nan
9,0,init,False,9,0.6243284807757906,0.32791610766039003,0.3279161076603897,0.3349818360725658,97.61428840538967,4,1.249645505709279,154,nan,nan,1.0,1,nan,0,nan,nan,nan
9,0,init,False,10,1.7743448667122528,0.13898496592129558,0.13898496592129797,1.0406885577753495,40.70322499449219,4,1.4769839727858245,83,nan,nan,1.0,1,nan,0,nan,nan,nan
9,0,init,False,11,1.0972591878173263,0.2792895201560445,0.2792895201560445,0.7425227093851822,65.40928099831156,4,1.2263952143406478,108,nan,nan,1.0,1,nan,0,nan,nan,nan
9,0,init,False,12,2.5440052353798466,0.2411229841446357,0.2411229841446357,1.6782903052148672,3.7329969318222256,4,8.4013883568947,6,nan,nan,1.0,1,nan,0,nan,nan,nan
9,0,init,False,13,1.065335976205895,0.15988510373123277,0.15988510373123277,0.48074151789870073,99.54309701714674,4,1.2654416926309866,157,nan,nan,1.0,1,nan,0,nan,nan,nan
9,0,init,False,14,0.6147355922993071,0.1344472839295392,0.13444728392954045,0.23553545051378413,101.88338781080608,4,1.2131011237126672,155,nan,nan,1.0,1,nan,0,nan,nan,nan
9,0,init,False,15,1.1390096535776728,0.09802056962033691,0.09802056962033691,0.6436712604281858,103.97304012625618,4,1.084218045433002,155,nan,nan,1.0,1,nan,0,nan,nan,nan
9,0,init,False,16,1.2557821063963082,0.11611579825014204,0.11611579825014204,0.6747425535690329,96.59675285176966,4,1.2449504557197069,153,nan,nan,1.0,1,nan,0,nan,nan,nan
9,0,init,False,17,2.4046687697579534,0.09742479103183085,0.09742479103182744,1.3791854268956292,33.0812012220659,4,1.6683970443998164,66,nan,nan,1.0,1,nan,0,nan,nan,nan
9,0,init,False,18,1.5047639121030847,0.12618457708691697,0.12618457708691785,0.9314880879902975,54.67622169110198,4,1.5949543931485424,93,nan,nan,1.0,1,nan,0,nan,nan,nan
9,0,init,False,19,1.497484781295103,0.0685479401430192,0.06854794014301595,0.8961007175209915,52.59368491985117,4,1.1888821417890714,97,nan,nan,1.0,1,nan,0,nan,nan,nan
9,0,init,False,20,0.3913953812157383,0.45029835540271934,0.45029835540271934,0.360824054902853,90.62980286426586,4,1.2649703156125822,146,nan,nan,1.0,1,nan,0,nan,nan,nan
9,0,init,False,21,1.664103941613645,0.07277465176761158,0.07277465176761311,1.1391165315662632,12.120125259295206,4,1.3443735004067154,22,nan,nan,1.0,1,nan,0,nan,nan,nan
9,0,init,False,22,1.408979648993165,0.16533938859444647,0.16533938859444647,0.6915377792758998,53.60540342249233,4,1.421516828106679,102,nan,nan,1.0,1,nan,0,nan,nan,nan
9,0,init,False,23,0.36411673436852154,0.12471637197965432,0.12471637197965432,0.2217320279639587,130.4884664982385,4,1.154610501318598,187,nan,nan,1.0,1,nan,0,nan,nan,nan
9,1,step,False,0,1.9319150175304767,0.07798967210326903,0.10922289075720497,1.1741594893840335,50.83765592911183,4,1.5080824678619769,94,11.90028241878269,19.885481576677257,1.0,1,0.5705065041770829,0,1.7084164625838822,1.0,6.922993091099533e-16
9,1,step,False,1,2.297613715968394,0.15009325165053844,0.16228131059326445,1.3195659414977998,9.036244677316205,4,1.4151987580563266,17,6.000000000151591,8.759408166587608,1.0,1,0.49409243138485504,0,1.7084164625838822,1.0,6.922993091099533e-16
9,1,step,False,2,0.3806438597462406,0.6116694875101548,0.7688169237098971,0.3724109192463156,45.72076231280717,4,1.6999048964630479,77,12.321658107402728,17.692483542791134,1.0,1,0.40538145861264574,0,1.7084164625838822,1.0,6.922993091099533e-16
9,1,step,False,3,2.589576667811834,0.0832193064937621,0.1332238939908978,1.4685184233212882,21.878998199936778,4,1.4101589686111116,41,6.000000000566928,8.584310529259763,1.0,1,0.4391078755136034,0,1.7084164625838822,1.0,6.922993091099533e-16
9,1,step,False,4,0.4350174884567207,0.5367050115390729,0.6324199763837439,0.27689877281712677,46.06352586455857,4,1.326473862479658,82,14.101343720952563,20.404649320083315,1.0,1,0.5353009274857351,0,1.7084164625838822,1.0,6.922993091099533e-16
9,1,step,False,5,1.1156952399600832,0.2176386576782918,0.18023716553541275,0.6884010975879544,43.374717724875914,4,1.3542569949811656,78,12.966592956796749,18.891762767913193,1.0,1,0.38492442115323006,0,1.7084164625838822,1.0,6.922993091099533e-16
9,1,step,False,6,1.3582674648938677,0.16244057638015932,0.14676985899851125,0.7762411083543527,79.7391800660551,4,1.1534659600038029,129,28.747105336916775,39.920758057570026,1.0,1,0.3478198763702415,0,1.7084164625838822,1.0,6.922993091099533e-16
9,1,step,False,7,1.0005504679814938,0.07000683475262279,0.1466242093868162,0.5328449404557218,84.84485484469167,4,1.2284512066025288,138,27.787493253656557,38.74140640264389,1.0,1,0.5133471754412577,0,1.7084164625838822,1.0,6.922993091099533e-16
9,1,step,False,8,1.9666485141928456,0.2179619618026831,0.19737429712429255,1.2234565165012112,21.853085367342054,4,1.6307073254371576,46,6.000000000498111,9.104622283626487,1.0,1,0.4234836227306766,0,1.7084164625838822,1.0,6.922993091099533e-16
9,1,step,False,9,0.6243284807757906,0.2059396063921485,0.3279161076603897,0.3349818360725658,97.61428840538967,4,1.249645505709279,154,36.471645697460836,54.05235222147349,1.0,1,0.3878470051200768,0,1.7084164625838822,1.0,6.922993091099533e-16
9,1,step,False,10,1.7743448667122528,0.1874703514434229,0.13898496592129797,1.0406885577753495,40.70322499449219,4,1.4769839727858245,83,7.801507214063661,10.397751771224254,1.0,1,0.377471222158751,0,1.7084164625838822,1.0,6.922993091099533e-16
9,1,step,False,11,1.0972591878173263,0.1194547008377294,0.2792895201560445,0.7425227093851822,65.40928099831156,4,1.2263952143406478,108,17.425073309112193,24.404618069607093,1.0,1,0.41668483654257454,0,1.7084164625838822,1.0,6.922993091099533e-16
9,1,step,False,12,2.5440052353798466,0.163866893810687,0.2411229841446357,1.6782903052148672,3.7329969318222256,4,8.4013883568947,6,6.0000000003222205,8.534894432161284,1.0,1,0.8481121531715465,0,1.7084164625838822,1.0,6.922993091099533e-16
9,1,step,False,13,1.065335976205895,0.08255203052481042,0.15988510373123277,0.48074151789870073,99.54309701714674,4,1.2654416926309866,157,35.8242000193221,51.30125971846591,1.0,1,0.42450913890843306,0,1.7084164625838822,1.0,6.922993091099533e-16
9,1,step,False,14,0.6147355922993071,0.1154597845256318,0.13444728392954045,0.23553545051378413,101.88338781080608,4,1.2131011237126672,155,42.54616209528608,56.32190117238338,1.0,1,0.353762560417647,0,1.7084164625838822,1.0,6.922993091099533e-16
9,1,step,False,15,1.1390096535776728,0.044016524711505405,0.09802056962033691,0.6436712604281858,103.97304012625618,4,1.084218045433002,155,43.82642858407712,60.958712330623,1.0,1,0.4226795393467343,0,1.7084164625838822,1.0,6.922993091099533e-16
9,1,step,False,16,1.2557821063963082,0.06260007315113902,0.11611579825014204,0.6747425535690329,96.59675285176966,4,1.2449504557197069,153,29.19509157337148,41.8359724571946,1.0,1,0.3209679403932152,0,1.7084164625838822,1.0,6.922993091099533e-16
9,1,step,False,17,2.4046687697579534,0.11941391589074543,0.09742479103182744,1.3791854268956292,33.0812012220659,4,1.6683970443998164,66,6.015185002316217,10.612403607488014,1.0,1,0.3638292712846156,0,1.7084164625838822,1.0,6.922993091099533e-16
9,1,step,False,18,1.5047639121030847,0.08463988369226742,0.12618457708691785,0.9314880879902975,54.67622169110198,4,1.5949543931485424,93,17.8559324071023,26.138922190522386,1.0,1,0.5006121497238025,0,1.7084164625838822,1.0,6.922993091099533e-16
9,1,step,False,19,1.497484781295103,0.1017863909637117,0.06854794014301595,0.8961007175209915,52.59368491985117,4,1.1888821417890714,97,12.798893428967256,19.697874575842242,1.0,1,0.49900846095220397,0,1.7084164625838822,1.0,6.922993091099533e-16
9,1,step,False,20,0.3913953812157383,0.346604275027469,0.45029835540271934,0.360824054902853,90.62980286426586,4,1.2649703156125822,146,32.1420444826835,46.74980486743438,1.0,1,0.3459780232492546,0,1.7084164625838822,1.0,6.922993091099533e-16
9,1,step,False,21,1.664103941613645,0.0793029565467941,0.07277465176761311,1.1391165315662632,12.120125259295206,4,1.3443735004067154,22,6.000000000377103,8.308842931827598,1.0,1,0.23564957471391207,0,1.7084164625838822,1.0,6.922993091099533e-16
9,1,step,False,22,1.408979648993165,0.08120863667263904,0.16533938859444647,0.6915377792758998,53.60540342249233,4,1.421516828106679,102,11.895609067305841,17.214234912493975,1.0,1,0.34678535593669074,0,1.7084164625838822,1.0,6.922993091099533e-16
9,1,step,False,23,0.36411673436852154,0.08423997898821106,0.12471637197965432,0.2217320279639587,130.4884664982385,4,1.154610501318598,187,60.77400767995109,82.77528192639559,1.0,1,0.5695807513049496,0,1.7084164625838822,1.0,6.922993091099533e-16
9,2,step,False,0,1.9319150175304767,0.13479383175136506,0.10922289075720497,1.1741594893840335,50.83765592911183,4,1.5080824678619769,94,6.7565968059244526,10.535421884274024,1.0,1,0.35174425189533604,0,1.2080328657837966,0.5994746834039688,1.1821249789669075e-14
9,2,step,False,1,2.297613715968394,0.18339167342311383,0.16228131059326445,1.3195659414977998,9.036244677316205,4,1.4151987580563266,17,6.000000000506196,9.273888460184798,1.0,1,0.4166827340423037,0,1.2080328657837966,0.5994746834039688,1.1821249789669075e-14
9,2,step,False,2,0.3806438597462406,0.3610458955588175,0.7688169237098971,0.3724109192463156,45.72076231280717,4,1.6999048964630479,77,12.386618061502059,18.980082667884716,1.0,1,0.26864076546130505,0,1.2080328657837966,0.5994746834039688,1.1821249789669075e-14
9,2,step,False,3,2.589576667811834,0.2416249053947489,0.1332238939908978,1.4685184233212882,21.878998199936778,4,1.4101589686111116,41,6.000000000269708,7.758819401517129,1.0,1,0.3842368138648888,0,1.2080328657837966,0.5994746834039688,1.1821249789669075e-14
9,2,step,False,4,0.4350174884567207,0.5790870419197057,0.6324199763837439,0.27689877281712677,46.06352586455857,4,1.326473862479658,82,14.688052216381868,20.377729405850726,1.0,1,0.30877478920915186,0,1.2080328657837966,0.5994746834039688,1.1821249789669075e-14
9,2,step,False,5,1.1156952399600832,0.2611852176214233,0.18023716553541275,0.6884010975879544,43.374717724875914,4,1.3542569949811656,78,13.01694856820906,18.39715507047368,1.0,1,0.15300314835497694,0,1.2080328657837966,0.5994746834039688,1.1821249789669075e-14
9,2,step,False,6,1.3582674648938677,0.10599182114063663,0.14676985899851125,0.7762411083543527,79.7391800660551,4,1.1534659600038029,129,28.297504065118304,39.05973674489884,1.0,1,0.3009179847467919,0,1.2080328657837966,0.5994746834039688,1.1821249789669075e-14
9,2,step,False,7,1.0005504679814938,0.1278426964430342,0.1466242093868162,0.5328449404557218,84.84485484469167,4,1.2284512066025288,138,29.592527335737387,41.032978685366196,1.0,1,0.3102938956811009,0,1.2080328657837966,0.5994746834039688,1.1821249789669075e-14
9,2,step,False,8,1.9666485141928456,0.2706889809744351,0.19737429712429255,1.2234565165012112,21.853085367342054,4,1.6307073254371576,46,6.000000000105471,9.422011567604335,1.0,1,0.22117935432442917,0,1.2080328657837966,0.5994746834039688,1.1821249789669075e-14
9,2,step,False,9,0.6243284807757906,0.19031732008443253,0.3279161076603897,0.3349818360725658,97.61428840538967,4,1.249645505709279,154,38.177799536418306,55.2428283580022,1.0,1,0.2788983280261971,0,1.2080328657837966,0.5994746834039688,1.1821249789669075e-14
9,2,step,False,10,1.7743448667122528,0.19440414537047832,0.13898496592129797,1.0406885577753495,40.70322499449219,4,1.4769839727858245,83,6.501053415867225,9.043070869966643,1.0,1,0.31568952672620304,0,1.2080328657837966,0.5994746834039688,1.1821249789669075e-14
9,2,step,False,11,1.0972591878173263,0.07746823221294877,0.2792895201560445,0.7425227093851822,65.40928099831156,4,1.2263952143406478,108,19.51882093714615,27.60036890455447,1.0,1,0.2603064341588415,0,1.2080328657837966,0.5994746834039688,1.1821249789669075e-14
9,2,step,False,12,2.5440052353798466,0.17571647592020284,0.2411229841446357,1.6782903052148672,3.7329969318222256,4,8.4013883568947,6,6.0000000001353335,7.974280522082574,1.0,1,0.27895136535243586,0,1.2080328657837966,0.5994746834039688,1.1821249789669075e-14
9,2,step,False,13,1.065335976205895,0.04927848473084697,0.15988510373123277,0.48074151789870073,99.54309701714674,4,1.2654416926309866,157,33.694250860482,45.163116712142475,1.0,1,0.3054952641852976,0,1.2080328657837966,0.5994746834039688,1.1821249789669075e-14
9,2,step,False,14,0.6147355922993071,0.1378601118812973,0.13444728392954045,0.23553545051378413,101.88338781080608,4,1.2131011237126672,155,46.23776321487438,60.084880267774466,1.0,1,0.23583783663698998,0,1.2080328657837966,0.5994746834039688,1.1821249789669075e-14
9,2,step,False,15,1.1390096535776728,0.0983016844600885,0.09802056962033691,0.6436712604281858,103.97304012625618,4,1.084218045433002,155,42.187097632552856,55.5197977618922,1.0,1,0.22143316416147446,0,1.2080328657837966,0.5994746834039688,1.1821249789669075e-14
9,2,step,False,16,1.2557821063963082,0.044503580043793824,0.11611579825014204,0.6747425535690329,96.59675285176966,4,1.2449504557197069,153,28.07129667385621,40.27180948381807,1.0,1,0.21292041970610132,0,1.2080328657837966,0.5994746834039688,1.1821249789669075e-14
9,2,step,False,17,2.4046687697579534,0.08959614451937647,0.09742479103182744,1.3791854268956292,33.0812012220659,4,1.6683970443998164,66,6.0000000003584795,9.982567024064057,1.0,1,0.26663963084421344,0,1.2080328657837966,0.5994746834039688,1.1821249789669075e-14
9,2,step,False,18,1.5047639121030847,0.07913582091657555,0.12618457708691785,0.9314880879902975,54.67622169110198,4,1.5949543931485424,93,17.0112405660912,24.276358765531914,1.0,1,0.3717266727929202,0,1.2080328657837966,0.5994746834039688,1.1821249789669075e-14
9,2,step,False,19,1.497484781295103,0.09934265380607768,0.06854794014301595,0.8961007175209915,52.59368491985117,4,1.1888821417890714,97,12.643731434711272,20.555989673194247,1.0,1,0.33090764522293836,0,1.2080328657837966,0.5994746834039688,1.1821249789669075e-14
9,2,step,False,20,0.3913953812157383,0.3125223158604545,0.45029835540271934,0.360824054902853,90.62980286426586,4,1.2649703156125822,146,38.671368343854866,53.92199660949359,1.0,1,0.23720939004414246,0,1.2080328657837966,0.5994746834039688,1.1821249789669075e-14
9,2,step,False,21,1.664103941613645,0.07722808201144407,0.07277465176761311,1.1391165315662632,12.120125259295206,4,1.3443735004067154,22,6.000000000342634,8.31791354053201,1.0,1,0.25316239684572045,0,1.2080328657837966,0.5994746834039688,1.1821249789669075e-14
9,2,step,False,22,1.408979648993165,0.033199866062453044,0.16533938859444647,0.6915377792758998,53.60540342249233,4,1.421516828106679,102,12.26633855928797,18.116273318874594,1.0,1,0.2135364278124917,0,1.2080328657837966,0.5994746834039688,1.1821249789669075e-14
9,2,step,False,23,0.36411673436852154,0.1199578837633367,0.12471637197965432,0.2217320279639587,130.4884664982385,4,1.154610501318598,187,61.496500765582944,79.4365245676799,1.0,1,0.20349861403934644,0,1.2080328657837966,0.5994746834039688,1.1821249789669075e-14
9,3,step,False,0,1.9319150175304767,0.2153060286175168,0.10922289075720497,1.1741594893840335,50.83765592911183,4,1.5080824678619769,94,6.890453734126443,10.595252266415175,1.0,1,0.15914948016731048,0,0.854208231291941,0.356610044836998,3.9496584182771425e-13
9,3,step,False,1,2.297613715968394,0.2555146460758103,0.16228131059326445,1.3195659414977998,9.036244677316205,4,1.4151987580563266,17,6.000000000189832,9.212019830105234,1.0,1,0.31247012210006203,0,0.854208231291941,0.356610044836998,3.9496584182771425e-13
9,3,step,False,2,0.3806438597462406,0.19047984210510308,0.7688169237098971,0.3724109192463156,45.72076231280717,4,1.6999048964630479,77,16.132016858181753,22.781157301473286,1.0,1,0.14706026572073205,0,0.854208231291941,0.356610044836998,3.9496584182771425e-13
9,3,step,False,3,2.589576667811834,0.27736887189154597,0.1332238939908978,1.4685184233212882,21.878998199936778,4,1.4101589686111116,41,6.000000000262075,7.496431734667635,1.0,1,0.18601035997266557,0,0.854208231291941,0.356610044836998,3.9496584182771425e-13
9,3,step,False,4,0.4350174884567207,0.45899061538906966,0.6324199763837439,0.27689877281712677,46.06352586455857,4,1.326473862479658,82,14.809812534706227,19.950489236709025,1.0,1,0.09140661293018629,0,0.854208231291941,0.356610044836998,3.9496584182771425e-13
9,3,step,False,5,1.1156952399600832,0.42290068005901743,0.18023716553541275,0.6884010975879544,43.374717724875914,4,1.3542569949811656,78,14.274614103696726,19.16937126155647,1.0,1,0.08187791396271514,0,0.854208231291941,0.356610044836998,3.9496584182771425e-13
9,3,step,False,6,1.3582674648938677,0.124368620470461,0.14676985899851125,0.7762411083543527,79.7391800660551,4,1.1534659600038029,129,24.588827149907996,32.34093772243208,1.0,1,0.1686842228557406,0,0.854208231291941,0.356610044836998,3.9496584182771425e-13
9,3,step,False,7,1.0005504679814938,0.19235611133074568,0.1466242093868162,0.5328449404557218,84.84485484469167,4,1.2284512066025288,138,30.5029767948336,40.43393776760059,1.0,1,0.18490141704900873,0,0.854208231291941,0.356610044836998,3.9496584182771425e-13
9,3,step,False,8,1.9666485141928456,0.31533839328347385,0.19737429712429255,1.2234565165012112,21.853085367342054,4,1.6307073254371576,46,6.000000000606178,8.79350836843178,1.0,1,0.15967507808047618,0,0.854208231291941,0.356610044836998,3.9496584182771425e-13
9,3,step,False,9,0.6243284807757906,0.126742269282593,0.3279161076603897,0.3349818360725658,97.61428840538967,4,1.249645505709279,154,38.464021572548624,53.04902807920683,1.0,1,0.1529678449948455,0,0.854208231291941,0.356610044836998,3.9496584182771425e-13
9,3,step,False,10,1.7743448667122528,0.21626992605556886,0.13898496592129797,1.0406885577753495,40.70322499449219,4,1.4769839727858245,83,7.538063867728249,10.982440357950685,1.0,1,0.20056517881494948,0,0.854208231291941,0.356610044836998,3.9496584182771425e-13
9,3,step,False,11,1.0972591878173263,0.1573872931348387,0.2792895201560445,0.7425227093851822,65.40928099831156,4,1.2263952143406478,108,22.211352857818238,31.601333054331096,1.0,1,0.1550093095151114,0,0.854208231291941,0.356610044836998,3.9496584182771425e-13
9,3,step,False,12,2.5440052353798466,0.18915229480602988,0.2411229841446357,1.6782903052148672,3.7329969318222256,4,8.4013883568947,6,6.00000000022823,8.288650077110205,1.0,1,0.21234846114163128,0,0.854208231291941,0.356610044836998,3.9496584182771425e-13
9,3,step,False,13,1.065335976205895,0.028739281309813652,0.15988510373123277,0.48074151789870073,99.54309701714674,4,1.2654416926309866,157,32.913285067360775,43.30023883845119,1.0,1,0.1489990507677606,0,0.854208231291941,0.356610044836998,3.9496584182771425e-13
9,3,step,False,14,0.6147355922993071,0.13116750147334635,0.13444728392954045,0.23553545051378413,101.88338781080608,4,1.2131011237126672,155,44.3815760529079,56.18619882702655,1.0,1,0.13936254114447363,0,0.854208231291941,0.356610044836998,3.9496584182771425e-13
9,3,step,False,15,1.1390096535776728,0.09762209694267462,0.09802056962033691,0.6436712604281858,103.97304012625618,4,1.084218045433002,155,37.643971747800855,47.74993198166579,1.0,1,0.20518066269044286,0,0.854208231291941,0.356610044836998,3.9496584182771425e-13
9,3,step,False,16,1.2557821063963082,0.09049279052960746,0.11611579825014204,0.6747425535690329,96.59675285176966,4,1.2449504557197069,153,26.388401061993964,36.39761571439408,1.0,1,0.10940321799357955,0,0.854208231291941,0.356610044836998,3.9496584182771425e-13
9,3,step,False,17,2.4046687697579534,0.1522819875754646,0.09742479103182744,1.3791854268956292,33.0812012220659,4,1.6683970443998164,66,6.000000000426892,9.148138541761101,1.0,1,0.14627852382331122,0,0.854208231291941,0.356610044836998,3.9496584182771425e-13
9,3,step,False,18,1.5047639121030847,0.12238948528086231,0.12618457708691785,0.9314880879902975,54.67622169110198,4,1.5949543931485424,93,15.212707344321927,20.598136237775837,1.0,1,0.23493847347253333,0,0.854208231291941,0.356610044836998,3.9496584182771425e-13
9,3,step,False,19,1.497484781295103,0.23810301166617767,0.06854794014301595,0.8961007175209915,52.59368491985117,4,1.1888821417890714,97,11.538659267546874,16.664523428190908,1.0,1,0.15052977508730536,0,0.854208231291941,0.356610044836998,3.9496584182771425e-13
9,3,step,False,20,0.3913953812157383,0.3462356631121528,0.45029835540271934,0.360824054902853,90.62980286426586,4,1.2649703156125822,146,41.662842605993895,55.938287913562355,1.0,1,0.14425312604343216,0,0.854208231291941,0.356610044836998,3.9496584182771425e-13
9,3,step,False,21,1.664103941613645,0.06481250009078161,0.07277465176761311,1.1391165315662632,12.120125259295206,4,1.3443735004067154,22,6.000000000386001,8.214787878996283,1.0,1,0.2055842873428502,0,0.854208231291941,0.356610044836998,3.9496584182771425e-13
9,3,step,False,22,1.408979648993165,0.24410574362368423,0.16533938859444647,0.6915377792758998,53.60540342249233,4,1.421516828106679,102,12.31764703629167,18.26468807231454,1.0,1,0.15042586377241624,0,0.854208231291941,0.356610044836998,3.9496584182771425e-13
9,3,step,False,23,0.36411673436852154,0.1880266377767334,0.12471637197965432,0.2217320279639587,130.4884664982385,4,1.154610501318598,187,62.375560238035334,80.54468411827945,1.0,1,0.14532906999604586,0,0.854208231291941,0.356610044836998,3.9496584182771425e-13
