seed,phase_index,phase,failed,center,radius,sine,pilot_sine,gradient_norm,linear_mass,linear_rank,linear_condition,linear_support,function_mass,n_eff,manifold_mass,manifold_neighbors,slope_min_singular,slope_rank_zero,h,alpha,linear_relative_residual_max
0,0,init,False,0,2.013105417584776,0.0879382864257262,0.10690290741397018,1.2082318982774403,45.25131891809136,4,1.1798474781985144,79,nan,nan,2.777991978085399,3,nan,0,nan,nan,nan
0,0,init,False,1,1.8393261347459855,0.13684135871705055,0.24144588765146913,1.02054557365162,31.940513081492973,4,1.3217857462609153,65,nan,nan,1.7467855830685557,3,nan,0,nan,nan,nan
0,0,init,False,2,0.8324216477026292,0.3052542160261466,0.08631309360335346,0.42633961418034694,95.70652241506949,4,1.2926125639595911,144,nan,nan,2.9122672770913107,3,nan,0,nan,nan,nan
0,0,init,False,3,1.7671365625020585,0.033688523664663884,0.05278562666083619,0.9275987289059564,57.55429743684587,4,1.4961967445043285,104,nan,nan,2.03672907729928,3,nan,0,nan,nan,nan
0,0,init,False,4,0.189190438782976,0.9173781862069738,0.4148584432933423,0.28438677205814034,86.61455688672773,4,1.2253467761845325,137,nan,nan,2.747628899910756,3,nan,0,nan,nan,nan
0,0,init,False,5,0.9624957231516963,0.5032949103037759,0.19381408199477074,0.6436556018911967,100.66230206714853,4,1.401847941884606,152,nan,nan,2.9087281598389616,3,nan,0,nan,nan,nan
0,0,init,False,6,1.878120422772648,0.050243650372241495,0.10841157534649223,1.170076458679142,56.30447193552446,4,1.227336443590866,96,nan,nan,2.9569600401244847,3,nan,0,nan,nan,nan
0,0,init,False,7,1.1659714895589495,0.38819378584200026,0.10507697372295698,0.7127793246699999,51.99423262134718,4,1.5285894745866542,87,nan,nan,2.7633865927423384,3,nan,0,nan,nan,nan
0,0,init,False,8,1.66032737134484,0.3616771357720273,0.0894926862598072,0.9389377553989154,11.819416878870557,4,2.026586931196822,26,nan,nan,1.1330600765125198,2,nan,0,nan,nan,nan
0,0,init,False,9,1.6461682316146562,0.67540264721532,0.2545545490373319,0.9738572244989234,37.543552928539356,4,1.4412322784247225,65,nan,nan,2.408481234326115,3,nan,0,nan,nan,nan
0,0,init,False,10,2.4714404049555068,0.16768494336027534,0.16768494336027534,1.7253275857301344,10.15448500645655,4,2.4079244265377597,20,nan,nan,1.0,1,nan,0,nan,nan,nan
0,0,init,False,11,0.8931465161478112,0.9998146458976244,0.307911046750844,0.5910489049098231,43.392081459615156,4,1.5331905489234308,83,nan,nan,2.462634550391558,3,nan,0,nan,nan,nan
0,0,init,False,12,0.8277010638072685,0.9613237600860103,0.167711763160992,0.49240734645412415,99.60092708268655,4,1.1788566064618986,158,nan,nan,2.678181110801557,3,nan,0,nan,nan,nan
0,0,init,False,13,1.6770024361296911,0.2657487694401267,0.06651795239039174,1.1040497441218842,47.8807759883679,4,1.3488019381897085,87,nan,nan,2.8315816027113736,3,nan,0,nan,nan,nan
0,0,init,False,14,2.1318195481244704,0.38212791452678513,0.055964765880067734,1.2278878951404717,43.409210194733,4,1.4174425444032683,70,nan,nan,2.9095333312493166,3,nan,0,nan,nan,nan
0,0,init,False,15,0.8702271550814301,0.2809977541517103,0.13161740889607412,0.5504888608426778,96.04184728257837,4,1.263563869945345,147,nan,nan,2.9108021594038442,3,nan,0,nan,nan,nan
0,0,init,False,16,0.7714455089923629,0.4970433688138851,0.39883476748606717,0.5196999475222689,72.69219066972167,4,1.3384043689817446,117,nan,nan,2.9023370079603366,3,nan,0,nan,nan,nan
0,0,init,False,17,0.2875326920240055,0.576473010454557,0.2423152776556495,0.2732558112361853,76.68372379940722,4,1.2368547980033078,133,nan,nan,2.5270842179194606,3,nan,0,nan,nan,nan
0,0,init,False,18,1.2405084321280169,0.37494740365869283,0.37494740365869283,0.743132142336476,6.5091475001375025,4,2.7889278686408487,15,nan,nan,1.0,1,nan,0,nan,nan,nan
0,0,init,False,19,1.7323699323297677,0.12823819820797958,0.12211184342088977,1.043615193750532,68.81193320483357,4,1.28081094247929,111,nan,nan,2.9798009556800134,3,nan,0,nan,nan,nan
0,0,init,False,20,1.2578374095484226,0.1396281854874219,0.1772736606774362,0.833311457521915,76.88178852690064,4,1.4994073035874473,123,nan,nan,2.9254825607351154,3,nan,0,nan,nan,nan
0,0,init,False,21,1.1944097178215622,0.25680428160979324,0.08456492099423943,0.6624887745711098,97.01859239689279,4,1.3516191907056236,147,nan,nan,2.92151388751899,3,nan,0,nan,nan,nan
0,0,init,False,22,1.2865519208297453,0.1726768200892444,0.13373718552482963,0.8923724374919266,57.60596565566867,4,1.1434171490671163,94,nan,nan,2.922017310930408,3,nan,0,nan,nan,nan
0,0,init,False,23,1.5882846153801122,0.15357049070311693,0.1373802910210718,0.973890297775329,67.926146062343,4,1.1695569105909993,108,nan,nan,2.986273677575226,3,nan,0,nan,nan,nan
0,1,step,False,0,2.013105417584776,0.09497613968841248,0.10690290741397018,1.2082318982774403,45.25131891809136,4,1.1798474781985144,79,17.4546104486637,23.961986672685068,2.777991978085399,3,0.22512062172097225,0,1.6633575396573566,1.0,1.2798197660295723e-15
0,1,step,False,1,1.8393261347459855,0.24361857450657648,0.24144588765146913,1.02054557365162,31.940513081492973,4,1.3217857462609153,65,12.000000000656065,18.18644169609815,1.7467855830685557,3,0.4061306769663613,0,1.6633575396573566,1.0,1.2798197660295723e-15
0,1,step,False,2,0.8324216477026292,0.4312118091706092,0.08631309360335346,0.42633961418034694,95.70652241506949,4,1.2926125639595911,144,39.04149238121993,53.52184722682377,2.9122672770913107,3,0.2884110688915199,0,1.6633575396573566,1.0,1.2798197660295723e-15
0,1,step,False,3,1.7671365625020585,0.14924080103653525,0.05278562666083619,0.9275987289059564,57.55429743684587,4,1.4961967445043285,104,15.163882051344746,22.044532642816744,2.03672907729928,3,0.4051979012437625,0,1.6633575396573566,1.0,1.2798197660295723e-15
0,1,step,False,4,0.189190438782976,0.9282906134280446,0.4148584432933423,0.28438677205814034,86.61455688672773,4,1.2253467761845325,137,25.554443758003906,36.20749948444799,2.747628899910756,3,0.4389483616917571,0,1.6633575396573566,1.0,1.2798197660295723e-15
0,1,step,False,5,0.9624957231516963,0.5921846774106485,0.19381408199477074,0.6436556018911967,100.66230206714853,4,1.401847941884606,152,36.74984926202968,53.28940696474683,2.9087281598389616,3,0.194507669765708,0,1.6633575396573566,1.0,1.2798197660295723e-15
0,1,step,False,6,1.878120422772648,0.19601955622976727,0.10841157534649223,1.170076458679142,56.30447193552446,4,1.227336443590866,96,16.30466619306752,24.419020375902583,2.9569600401244847,3,0.3487991539101091,0,1.6633575396573566,1.0,1.2798197660295723e-15
0,1,step,False,7,1.1659714895589495,0.3633053543298296,0.10507697372295698,0.7127793246699999,51.99423262134718,4,1.5285894745866542,87,16.326597374167847,24.162443271568044,2.7633865927423384,3,0.22814720225203994,0,1.6633575396573566,1.0,1.2798197660295723e-15
0,1,step,False,8,1.66032737134484,0.2729714276924488,0.0894926862598072,0.9389377553989154,11.819416878870557,4,2.026586931196822,26,12.000000000178154,18.97551682684881,1.1330600765125198,2,0.3462248604752021,0,1.6633575396573566,1.0,1.2798197660295723e-15
0,1,step,False,9,1.6461682316146562,0.6600245956724812,0.2545545490373319,0.9738572244989234,37.543552928539356,4,1.4412322784247225,65,12.00000000118071,19.24619800327965,2.408481234326115,3,0.254159107856057,0,1.6633575396573566,1.0,1.2798197660295723e-15
0,1,step,False,10,2.4714404049555068,0.1732046657771371,0.16768494336027534,1.7253275857301344,10.15448500645655,4,2.4079244265377597,20,12.000000000413266,17.49092202537403,1.0,1,0.7813106644049976,0,1.6633575396573566,1.0,1.2798197660295723e-15
0,1,step,False,11,0.8931465161478112,0.9908185850129992,0.307911046750844,0.5910489049098231,43.392081459615156,4,1.5331905489234308,83,12.000000000641197,18.100537219125503,2.462634550391558,3,0.404856059210351,0,1.6633575396573566,1.0,1.2798197660295723e-15
0,1,step,False,12,0.8277010638072685,0.9981799205110904,0.167711763160992,0.49240734645412415,99.60092708268655,4,1.1788566064618986,158,32.30047513535959,45.83697318429608,2.678181110801557,3,0.387038211805735,0,1.6633575396573566,1.0,1.2798197660295723e-15
0,1,step,False,13,1.6770024361296911,0.40072207156752926,0.06651795239039174,1.1040497441218842,47.8807759883679,4,1.3488019381897085,87,12.000000000208232,19.67598232763769,2.8315816027113736,3,0.3512129701799345,0,1.6633575396573566,1.0,1.2798197660295723e-15
0,1,step,False,14,2.1318195481244704,0.2609959128836958,0.055964765880067734,1.2278878951404717,43.409210194733,4,1.4174425444032683,70,15.236600952775309,20.434156746746734,2.9095333312493166,3,0.2710979159127258,0,1.6633575396573566,1.0,1.2798197660295723e-15
0,1,step,False,15,0.8702271550814301,0.11374687355812234,0.13161740889607412,0.5504888608426778,96.04184728257837,4,1.263563869945345,147,43.99338190045703,58.48920776596773,2.9108021594038442,3,0.3486480406411435,0,1.6633575396573566,1.0,1.2798197660295723e-15
0,1,step,False,16,0.7714455089923629,0.40171994673477296,0.39883476748606717,0.5196999475222689,72.69219066972167,4,1.3384043689817446,117,23.329803068498148,35.481925059749955,2.9023370079603366,3,0.44080020978355733,0,1.6633575396573566,1.0,1.2798197660295723e-15
0,1,step,False,17,0.2875326920240055,0.4583746411837022,0.2423152776556495,0.2732558112361853,76.68372379940722,4,1.2368547980033078,133,26.466136655396323,37.70596262011128,2.5270842179194606,3,0.4085042732682589,0,1.6633575396573566,1.0,1.2798197660295723e-15
0,1,step,False,18,1.2405084321280169,0.31702123787072667,0.37494740365869283,0.743132142336476,6.5091475001375025,4,2.7889278686408487,15,12.000000000301446,19.253882805278455,1.0,1,0.8591823658332007,0,1.6633575396573566,1.0,1.2798197660295723e-15
0,1,step,False,19,1.7323699323297677,0.08833057141067079,0.12211184342088977,1.043615193750532,68.81193320483357,4,1.28081094247929,111,24.393795253637936,32.912126769974215,2.9798009556800134,3,0.34888223201637664,0,1.6633575396573566,1.0,1.2798197660295723e-15
0,1,step,False,20,1.2578374095484226,0.22485120063161498,0.1772736606774362,0.833311457521915,76.88178852690064,4,1.4994073035874473,123,23.194459139978036,34.79255635761158,2.9254825607351154,3,0.1951635710989598,0,1.6633575396573566,1.0,1.2798197660295723e-15
0,1,step,False,21,1.1944097178215622,0.1424225549050992,0.08456492099423943,0.6624887745711098,97.01859239689279,4,1.3516191907056236,147,37.18784215673985,49.2169066251834,2.92151388751899,3,0.24916480503797925,0,1.6633575396573566,1.0,1.2798197660295723e-15
0,1,step,False,22,1.2865519208297453,0.08690186066913995,0.13373718552482963,0.8923724374919266,57.60596565566867,4,1.1434171490671163,94,18.698269447754594,25.416132723044406,2.922017310930408,3,0.39522638518495395,0,1.6633575396573566,1.0,1.2798197660295723e-15
0,1,step,False,23,1.5882846153801122,0.10518145769299547,0.1373802910210718,0.973890297775329,67.926146062343,4,1.1695569105909993,108,23.620896660295074,30.167718623983,2.986273677575226,3,0.39480121880499613,0,1.6633575396573566,1.0,1.2798197660295723e-15
0,2,step,False,0,2.013105417584776,0.08260931293943992,0.10690290741397018,1.2082318982774403,45.25131891809136,4,1.1798474781985144,79,14.275330241325946,19.299347869724816,2.777991978085399,3,0.15891324936655882,0,1.1761713958294884,0.6066669970750809,2.1922425274564985e-15
0,2,step,False,1,1.8393261347459855,0.25348145537508626,0.24144588765146913,1.02054557365162,31.940513081492973,4,1.3217857462609153,65,12.000000000561833,17.647333415577265,1.7467855830685557,3,0.1717492857829513,0,1.1761713958294884,0.6066669970750809,2.1922425274564985e-15
0,2,step,False,2,0.8324216477026292,0.4290198107026325,0.08631309360335346,0.42633961418034694,95.70652241506949,4,1.2926125639595911,144,39.66354772964821,53.21001029498508,2.9122672770913107,3,0.2425614386171831,0,1.1761713958294884,0.6066669970750809,2.1922425274564985e-15
0,2,step,False,3,1.7671365625020585,0.15295202274126066,0.05278562666083619,0.9275987289059564,57.55429743684587,4,1.4961967445043285,104,14.328316877978619,19.42839781819712,2.03672907729928,3,0.16265202961129036,0,1.1761713958294884,0.6066669970750809,2.1922425274564985e-15
0,2,step,False,4,0.189190438782976,0.9235326131309038,0.4148584432933423,0.28438677205814034,86.61455688672773,4,1.2253467761845325,137,29.149366509460634,40.96955674755703,2.747628899910756,3,0.19987682447608204,0,1.1761713958294884,0.6066669970750809,2.1922425274564985e-15
0,2,step,False,5,0.9624957231516963,0.5260596905615875,0.19381408199477074,0.6436556018911967,100.66230206714853,4,1.401847941884606,152,39.979120698045556,56.513420523019974,2.9087281598389616,3,0.19028013064084684,0,1.1761713958294884,0.6066669970750809,2.1922425274564985e-15
0,2,step,False,6,1.878120422772648,0.18922554018977975,0.10841157534649223,1.170076458679142,56.30447193552446,4,1.227336443590866,96,14.726146189320607,20.31993383932674,2.9569600401244847,3,0.23680680776046517,0,1.1761713958294884,0.6066669970750809,2.1922425274564985e-15
0,2,step,False,7,1.1659714895589495,0.31581731805567187,0.10507697372295698,0.7127793246699999,51.99423262134718,4,1.5285894745866542,87,17.00741178675225,24.484067015951403,2.7633865927423384,3,0.1578600177581037,0,1.1761713958294884,0.6066669970750809,2.1922425274564985e-15
0,2,step,False,8,1.66032737134484,0.22646964026900906,0.0894926862598072,0.9389377553989154,11.819416878870557,4,2.026586931196822,26,12.000000000215769,18.58604854004392,1.1330600765125198,2,0.4200626537420904,0,1.1761713958294884,0.6066669970750809,2.1922425274564985e-15
0,2,step,False,9,1.6461682316146562,0.7082759416826989,0.2545545490373319,0.9738572244989234,37.543552928539356,4,1.4412322784247225,65,12.000000001256488,19.22669424445687,2.408481234326115,3,0.18902406478355235,0,1.1761713958294884,0.6066669970750809,2.1922425274564985e-15
0,2,step,False,10,2.4714404049555068,0.09280722465812653,0.16768494336027534,1.7253275857301344,10.15448500645655,4,2.4079244265377597,20,12.00000000076216,17.701091719232586,1.0,1,0.6630558886055539,0,1.1761713958294884,0.6066669970750809,2.1922425274564985e-15
0,2,step,False,11,0.8931465161478112,0.9937067138442826,0.307911046750844,0.5910489049098231,43.392081459615156,4,1.5331905489234308,83,12.00000000059456,16.602887311389676,2.462634550391558,3,0.2585484163934006,0,1.1761713958294884,0.6066669970750809,2.1922425274564985e-15
0,2,step,False,12,0.8277010638072685,0.9898486180786122,0.167711763160992,0.49240734645412415,99.60092708268655,4,1.1788566064618986,158,34.59829981597239,48.993341539514745,2.678181110801557,3,0.3068448483602923,0,1.1761713958294884,0.6066669970750809,2.1922425274564985e-15
0,2,step,False,13,1.6770024361296911,0.3689925619810722,0.06651795239039174,1.1040497441218842,47.8807759883679,4,1.3488019381897085,87,12.000000000259039,18.447310303698597,2.8315816027113736,3,0.18145575218810575,0,1.1761713958294884,0.6066669970750809,2.1922425274564985e-15
0,2,step,False,14,2.1318195481244704,0.347497546463271,0.055964765880067734,1.2278878951404717,43.409210194733,4,1.4174425444032683,70,12.134668664200742,15.376295237171067,2.9095333312493166,3,0.28771270678085514,0,1.1761713958294884,0.6066669970750809,2.1922425274564985e-15
0,2,step,False,15,0.8702271550814301,0.11598560253062849,0.13161740889607412,0.5504888608426778,96.04184728257837,4,1.263563869945345,147,40.84014388925812,53.6739877263703,2.9108021594038442,3,0.2023580904943806,0,1.1761713958294884,0.6066669970750809,2.1922425274564985e-15
0,2,step,False,16,0.7714455089923629,0.4259529350594921,0.39883476748606717,0.5196999475222689,72.69219066972167,4,1.3384043689817446,117,23.878077840316283,34.28847172780648,2.9023370079603366,3,0.1998330888490908,0,1.1761713958294884,0.6066669970750809,2.1922425274564985e-15
0,2,step,False,17,0.2875326920240055,0.23753261072424794,0.2423152776556495,0.2732558112361853,76.68372379940722,4,1.2368547980033078,133,29.675654542620016,41.61270068982959,2.5270842179194606,3,0.3164211186258446,0,1.1761713958294884,0.6066669970750809,2.1922425274564985e-15
0,2,step,False,18,1.2405084321280169,0.30345504764102027,0.37494740365869283,0.743132142336476,6.5091475001375025,4,2.7889278686408487,15,12.000000000753007,19.21937270416249,1.0,1,0.3409095331561035,0,1.1761713958294884,0.6066669970750809,2.1922425274564985e-15
0,2,step,False,19,1.7323699323297677,0.07504339787458829,0.12211184342088977,1.043615193750532,68.81193320483357,4,1.28081094247929,111,20.26565501499086,27.113292159973764,2.9798009556800134,3,0.23723857776753268,0,1.1761713958294884,0.6066669970750809,2.1922425274564985e-15
0,2,step,False,20,1.2578374095484226,0.11898117861360905,0.1772736606774362,0.833311457521915,76.88178852690064,4,1.4994073035874473,123,23.73862586384378,34.975056680015506,2.9254825607351154,3,0.1909172450673618,0,1.1761713958294884,0.6066669970750809,2.1922425274564985e-15
0,2,step,False,21,1.1944097178215622,0.2408975875323493,0.08456492099423943,0.6624887745711098,97.01859239689279,4,1.3516191907056236,147,36.50373692756752,47.90109946333131,2.92151388751899,3,0.277060536690096,0,1.1761713958294884,0.6066669970750809,2.1922425274564985e-15
0,2,step,False,22,1.2865519208297453,0.03882284028727965,0.13373718552482963,0.8923724374919266,57.60596565566867,4,1.1434171490671163,94,19.474441300306918,26.53210068167098,2.922017310930408,3,0.2700302160936431,0,1.1761713958294884,0.6066669970750809,2.1922425274564985e-15
0,2,step,False,23,1.5882846153801122,0.056440892025608806,0.1373802910210718,0.973890297775329,67.926146062343,4,1.1695569105909993,108,21.97606497007888,28.97295507327693,2.986273677575226,3,0.27033195587298664,0,1.1761713958294884,0.6066669970750809,2.1922425274564985e-15
0,3,step,False,0,2.013105417584776,0.07785805581282922,0.10690290741397018,1.2082318982774403,45.25131891809136,4,1.1798474781985144,79,12.000000000342938,15.110097567745116,2.777991978085399,3,0.11156344006624828,0,0.8316787698286782,0.3650106340646744,7.86073045071324e-14
0,3,step,False,1,1.8393261347459855,0.37811123147858844,0.24144588765146913,1.02054557365162,31.940513081492973,4,1.3217857462609153,65,12.00000000027556,15.89790851131921,1.7467855830685557,3,0.10742206249201394,0,0.8316787698286782,0.3650106340646744,7.86073045071324e-14
0,3,step,False,2,0.8324216477026292,0.3875450503737889,0.08631309360335346,0.42633961418034694,95.70652241506949,4,1.2926125639595911,144,40.956407261262605,54.326420265383724,2.9122672770913107,3,0.07910754642184219,0,0.8316787698286782,0.3650106340646744,7.86073045071324e-14
0,3,step,False,3,1.7671365625020585,0.2867440435458851,0.05278562666083619,0.9275987289059564,57.55429743684587,4,1.4961967445043285,104,13.239057991101452,16.90830493614576,2.03672907729928,3,0.11985863024364689,0,0.8316787698286782,0.3650106340646744,7.86073045071324e-14
0,3,step,False,4,0.189190438782976,0.9314217210541508,0.4148584432933423,0.28438677205814034,86.61455688672773,4,1.2253467761845325,137,33.30678722175512,48.10166568770667,2.747628899910756,3,0.1326466168905012,0,0.8316787698286782,0.3650106340646744,7.86073045071324e-14
0,3,step,False,5,0.9624957231516963,0.49052100072176463,0.19381408199477074,0.6436556018911967,100.66230206714853,4,1.401847941884606,152,43.66350196452166,58.54983717144369,2.9087281598389616,3,0.10898016558379836,0,0.8316787698286782,0.3650106340646744,7.86073045071324e-14
0,3,step,False,6,1.878120422772648,0.15874040585057564,0.10841157534649223,1.170076458679142,56.30447193552446,4,1.227336443590866,96,14.06247624893326,18.63066574877865,2.9569600401244847,3,0.12951746166858122,0,0.8316787698286782,0.3650106340646744,7.86073045071324e-14
0,3,step,False,7,1.1659714895589495,0.27301523255640514,0.10507697372295698,0.7127793246699999,51.99423262134718,4,1.5285894745866542,87,17.822685912811547,26.110420274801857,2.7633865927423384,3,0.12621359160301057,0,0.8316787698286782,0.3650106340646744,7.86073045071324e-14
0,3,step,False,8,1.66032737134484,0.21500059137943625,0.0894926862598072,0.9389377553989154,11.819416878870557,4,2.026586931196822,26,12.000000000309512,18.11766896456658,1.1330600765125198,2,0.24670485768306522,0,0.8316787698286782,0.3650106340646744,7.86073045071324e-14
0,3,step,False,9,1.6461682316146562,0.6562816182438893,0.2545545490373319,0.9738572244989234,37.543552928539356,4,1.4412322784247225,65,13.085950700225164,20.2428661505906,2.408481234326115,3,0.12527921432446062,0,0.8316787698286782,0.3650106340646744,7.86073045071324e-14
0,3,step,False,10,2.4714404049555068,0.0773095102633599,0.16768494336027534,1.7253275857301344,10.15448500645655,4,2.4079244265377597,20,12.000000000144095,17.914096913511152,1.0,1,0.5777734320449307,0,0.8316787698286782,0.3650106340646744,7.86073045071324e-14
0,3,step,False,11,0.8931465161478112,0.9952261597879004,0.307911046750844,0.5910489049098231,43.392081459615156,4,1.5331905489234308,83,14.488228158473863,21.86294594677368,2.462634550391558,3,0.18535595370128874,0,0.8316787698286782,0.3650106340646744,7.86073045071324e-14
0,3,step,False,12,0.8277010638072685,0.9763277716242785,0.167711763160992,0.49240734645412415,99.60092708268655,4,1.1788566064618986,158,37.14760696170205,54.257956165240884,2.678181110801557,3,0.15613619198561104,0,0.8316787698286782,0.3650106340646744,7.86073045071324e-14
0,3,step,False,13,1.6770024361296911,0.31718794484219753,0.06651795239039174,1.1040497441218842,47.8807759883679,4,1.3488019381897085,87,12.000000000373669,17.439312732368418,2.8315816027113736,3,0.17046704037533159,0,0.8316787698286782,0.3650106340646744,7.86073045071324e-14
0,3,step,False,14,2.1318195481244704,0.4219975667760754,0.055964765880067734,1.2278878951404717,43.409210194733,4,1.4174425444032683,70,12.000000000179853,15.1584769770111,2.9095333312493166,3,0.13296831706745604,0,0.8316787698286782,0.3650106340646744,7.86073045071324e-14
0,3,step,False,15,0.8702271550814301,0.09456098182325534,0.13161740889607412,0.5504888608426778,96.04184728257837,4,1.263563869945345,147,34.755990934565546,45.34250607024976,2.9108021594038442,3,0.12003462030896339,0,0.8316787698286782,0.3650106340646744,7.86073045071324e-14
0,3,step,False,16,0.7714455089923629,0.41822737612651073,0.39883476748606717,0.5196999475222689,72.69219066972167,4,1.3384043689817446,117,24.505781322200516,33.869834856071826,2.9023370079603366,3,0.13288695444473034,0,0.8316787698286782,0.3650106340646744,7.86073045071324e-14
0,3,step,False,17,0.2875326920240055,0.15154914332442465,0.2423152776556495,0.2732558112361853,76.68372379940722,4,1.2368547980033078,133,29.482517856968325,41.284641492748726,2.5270842179194606,3,0.11557268891575044,0,0.8316787698286782,0.3650106340646744,7.86073045071324e-14
0,3,step,False,18,1.2405084321280169,0.33196043293733324,0.37494740365869283,0.743132142336476,6.5091475001375025,4,2.7889278686408487,15,12.000000000403002,18.672363649972123,1.0,1,0.25640011791960204,0,0.8316787698286782,0.3650106340646744,7.86073045071324e-14
0,3,step,False,19,1.7323699323297677,0.051450965611836916,0.12211184342088977,1.043615193750532,68.81193320483357,4,1.28081094247929,111,16.89603009341564,21.031652065509252,2.9798009556800134,3,0.1297074315299879,0,0.8316787698286782,0.3650106340646744,7.86073045071324e-14
0,3,step,False,20,1.2578374095484226,0.08448987165896792,0.1772736606774362,0.833311457521915,76.88178852690064,4,1.4994073035874473,123,23.57049161646417,34.4081290999416,2.9254825607351154,3,0.11171907154246383,0,0.8316787698286782,0.3650106340646744,7.86073045071324e-14
0,3,step,False,21,1.1944097178215622,0.2560227182323407,0.08456492099423943,0.6624887745711098,97.01859239689279,4,1.3516191907056236,147,35.57558796353939,47.37868211471999,2.92151388751899,3,0.08450712127271992,0,0.8316787698286782,0.3650106340646744,7.86073045071324e-14
0,3,step,False,22,1.2865519208297453,0.030033119438181953,0.13373718552482963,0.8923724374919266,57.60596565566867,4,1.1434171490671163,94,17.937121135371946,24.96669102452553,2.922017310930408,3,0.13625547478447997,0,0.8316787698286782,0.3650106340646744,7.86073045071324e-14
0,3,step,False,23,1.5882846153801122,0.022687257285408578,0.1373802910210718,0.973890297775329,67.926146062343,4,1.1695569105909993,108,18.39887734624966,22.45725130174413,2.986273677575226,3,0.1364104064234096,0,0.8316787698286782,0.3650106340646744,7.86073045071324e-14
1,0,init,False,0,1.5749285892107503,0.18196509332011232,0.05266626956231886,1.0456497293241727,58.1255192699806,4,1.3359299744479276,100,nan,nan,2.938089376370531,3,nan,0,nan,nan,nan
1,0,init,False,1,1.2597795664531544,0.0626091955467927,0.006743372039069341,0.8630006868235384,73.4203802244768,4,1.3014780187753279,119,nan,nan,2.974958138645761,3,nan,0,nan,nan,nan
1,0,init,False,2,1.321130606706036,0.13653689796458912,0.11543906753709644,0.8806445562429156,64.21333978017283,4,1.3680608408512542,109,nan,nan,2.732694480494643,3,nan,0,nan,nan,nan
1,0,init,False,3,0.7822524636658202,0.22693869520167434,0.44164496573085077,0.5516281588328207,31.65460114810914,4,1.5401210518536577,63,nan,nan,2.624800292994724,3,nan,0,nan,nan,nan
1,0,init,False,4,0.34434947603663596,0.6628956654365477,0.2629529020266202,0.26148535687877,110.76965662245044,4,1.2506721675324675,171,nan,nan,2.723125795720472,3,nan,0,nan,nan,nan
1,0,init,False,5,1.4417495312968414,0.5046934631394284,0.11580421223612355,0.8189884660021316,58.85843969092172,4,1.443776098345645,109,nan,nan,2.630192949029967,3,nan,0,nan,nan,nan
1,0,init,False,6,1.00972397712654,0.2987113968217925,0.17363996065201645,0.5395588078365875,53.26794803322947,4,1.4548996150584552,93,nan,nan,2.8982635931994642,3,nan,0,nan,nan,nan
1,0,init,False,7,1.2185947329704703,0.15129225844964642,0.24195347621371185,0.8414793850028799,59.776321990038106,4,1.5824914426247365,102,nan,nan,2.832566426194336,3,nan,0,nan,nan,nan
1,0,init,False,8,1.0529759994370083,0.33771815717161596,0.22055200303460834,0.6576183775429378,90.63043919268989,4,1.2089503562504371,135,nan,nan,2.923419164615308,3,nan,0,nan,nan,nan
1,0,init,False,9,0.29021406196150945,0.9952595531218908,0.9670807746197337,0.1982428341906109,86.10041172850613,4,1.3027633038404485,140,nan,nan,2.799694472443446,3,nan,0,nan,nan,nan
1,0,init,False,10,1.385073693952201,0.3317660481538602,0.13215962103503467,0.789350777110115,71.91980943756451,4,1.3079830281169158,120,nan,nan,2.990649192924389,3,nan,0,nan,nan,nan
1,0,init,False,11,1.039287979344075,0.13905004676119595,0.23118558247061435,0.5870922888283767,44.593612143074274,4,1.4179461310870287,80,nan,nan,2.6782497318900447,3,nan,0,nan,nan,nan
1,0,init,False,12,1.093621695593289,0.1907965790458442,0.13041988552657197,0.7660395917318017,83.87676452846466,4,1.2362845540544831,127,nan,nan,2.9786389535030398,3,nan,0,nan,nan,nan
1,0,init,False,13,0.9736580260817508,0.6172801407790254,0.3084883333299315,0.5869158572797941,60.767410951634155,4,1.3012547771511178,99,nan,nan,2.8695916778823394,3,nan,0,nan,nan,nan
1,0,init,False,14,1.313802687997899,0.0535487049632263,0.1646470576684292,0.8547961781115798,76.4711253420775,4,1.2740067003456363,123,nan,nan,2.995096912085555,3,nan,0,nan,nan,nan
1,0,init,False,15,2.345362840709062,0.24562355743163694,0.18844460267552837,1.3936670035970806,15.315387151269974,4,1.6743011216639352,34,nan,nan,1.3334986384996432,3,nan,0,nan,nan,nan
1,0,init,False,16,0.720181991764751,0.10912555036982424,0.0724206453001821,0.48166211738700226,73.38432044625401,4,1.3478844172948343,114,nan,nan,2.8897680311434524,3,nan,0,nan,nan,nan
1,0,init,False,17,1.2805013366604237,0.38008837150780383,0.24353558287222207,0.7707768203473779,39.55629964356406,4,1.4893567238615686,75,nan,nan,2.784429442109528,3,nan,0,nan,nan,nan
1,0,init,False,18,0.8160002170453344,0.6651333479107473,0.1885685474603186,0.5495810023567146,80.73122378063826,4,1.2727468403386215,129,nan,nan,2.7349266508441534,3,nan,0,nan,nan,nan
1,0,init,False,19,1.3316689125660606,0.16108280078619303,0.12630496662992002,0.9147970231724395,15.966969068378386,4,1.6890374174626903,37,nan,nan,2.0115552838317177,3,nan,0,nan,nan,nan
1,0,init,False,20,1.542113069582152,0.3041397389419838,0.08537846206211981,0.9928620230514716,50.35094875946201,4,1.2156112198778257,85,nan,nan,2.9406393376138333,3,nan,0,nan,nan,nan
1,0,init,False,21,2.0051335288065353,0.15539849343364148,0.0741215130623265,1.330418673404337,35.97508400818381,4,1.362173227191439,63,nan,nan,2.4994954712342343,3,nan,0,nan,nan,nan
1,0,init,False,22,2.5644615416402696,0.14977112997604028,0.1497711299760425,1.5824513265501605,17.124575495420004,4,1.6590726355233671,30,nan,nan,1.0,1,nan,0,nan,nan,nan
1,0,init,False,23,1.107052378092518,0.13239364138149046,0.19492534343252502,0.6743392677323732,87.14941156343991,4,1.3010299865835984,137,nan,nan,2.9878682344914664,3,nan,0,nan,nan,nan
1,1,step,False,0,1.5749285892107503,0.20097836285116338,0.05266626956231886,1.0456497293241727,58.1255192699806,4,1.3359299744479276,100,20.59852130321884,28.479483566494398,2.938089376370531,3,0.35062902222626946,0,1.6558287014937831,1.0,8.105708403083292e-09
1,1,step,False,1,1.2597795664531544,0.10406056579775166,0.006743372039069341,0.8630006868235384,73.4203802244768,4,1.3014780187753279,119,28.40386179477597,38.63465136606058,2.974958138645761,3,0.35151503417037916,0,1.6558287014937831,1.0,8.105708403083292e-09
1,1,step,False,2,1.321130606706036,0.22467899725177692,0.11543906753709644,0.8806445562429156,64.21333978017283,4,1.3680608408512542,109,17.855639041357886,25.868303825078737,2.732694480494643,3,0.32136849464596995,0,1.6558287014937831,1.0,8.105708403083292e-09
1,1,step,False,3,0.7822524636658202,0.15084801509882215,0.44164496573085077,0.5516281588328207,31.65460114810914,4,1.5401210518536577,63,12.00000000044691,17.67359415088104,2.624800292994724,3,0.4065439473161467,0,1.6558287014937831,1.0,8.105708403083292e-09
1,1,step,False,4,0.34434947603663596,0.7211756194473105,0.2629529020266202,0.26148535687877,110.76965662245044,4,1.2506721675324675,171,43.47201625408509,59.248157521185114,2.723125795720472,3,0.45898425714013125,0,1.6558287014937831,1.0,8.105708403083292e-09
1,1,step,False,5,1.4417495312968414,0.6626466874219114,0.11580421223612355,0.8189884660021316,58.85843969092172,4,1.443776098345645,109,19.740985148939526,26.420632451306382,2.630192949029967,3,0.4528365376358393,0,1.6558287014937831,1.0,8.105708403083292e-09
1,1,step,False,6,1.00972397712654,0.31289490595132935,0.17363996065201645,0.5395588078365875,53.26794803322947,4,1.4548996150584552,93,13.887473030153876,19.684940243892243,2.8982635931994642,3,0.33696625296877697,0,1.6558287014937831,1.0,8.105708403083292e-09
1,1,step,False,7,1.2185947329704703,0.20213913620648233,0.24195347621371185,0.8414793850028799,59.776321990038106,4,1.5824914426247365,102,18.89287660936788,29.191093076605014,2.832566426194336,3,0.4268459383491881,0,1.6558287014937831,1.0,8.105708403083292e-09
1,1,step,False,8,1.0529759994370083,0.2484775568934053,0.22055200303460834,0.6576183775429378,90.63043919268989,4,1.2089503562504371,135,32.77956836697321,48.72410113322512,2.923419164615308,3,0.3099603813604496,0,1.6558287014937831,1.0,8.105708403083292e-09
1,1,step,False,9,0.29021406196150945,0.9957995206896725,0.9670807746197337,0.1982428341906109,86.10041172850613,4,1.3027633038404485,140,27.769282057771342,40.20620643288194,2.799694472443446,3,0.4509279898850103,0,1.6558287014937831,1.0,8.105708403083292e-09
1,1,step,False,10,1.385073693952201,0.34305365125109755,0.13215962103503467,0.789350777110115,71.91980943756451,4,1.3079830281169158,120,20.951430197476885,31.43172029939866,2.990649192924389,3,0.35096877652593467,0,1.6558287014937831,1.0,8.105708403083292e-09
1,1,step,False,11,1.039287979344075,0.45124008832673423,0.23118558247061435,0.5870922888283767,44.593612143074274,4,1.4179461310870287,80,13.294875268863809,18.783504810958583,2.6782497318900447,3,0.37043808140118,0,1.6558287014937831,1.0,8.105708403083292e-09
1,1,step,False,12,1.093621695593289,0.19548681513849275,0.13041988552657197,0.7660395917318017,83.87676452846466,4,1.2362845540544831,127,27.190900311888967,38.4470171310464,2.9786389535030398,3,0.33459030217415864,0,1.6558287014937831,1.0,8.105708403083292e-09
1,1,step,False,13,0.9736580260817508,0.45745209786544005,0.3084883333299315,0.5869158572797941,60.767410951634155,4,1.3012547771511178,99,21.54043517163722,30.648319502897117,2.8695916778823394,3,0.4291731077684784,0,1.6558287014937831,1.0,8.105708403083292e-09
1,1,step,False,14,1.313802687997899,0.05568293962528598,0.1646470576684292,0.8547961781115798,76.4711253420775,4,1.2740067003456363,123,23.89193754753978,34.23326527540986,2.995096912085555,3,0.350984992312739,0,1.6558287014937831,1.0,8.105708403083292e-09
1,1,step,False,15,2.345362840709062,0.2350846350369418,0.18844460267552837,1.3936670035970806,15.315387151269974,4,1.6743011216639352,34,12.00000000051207,17.168453855533784,1.3334986384996432,3,0.3233951745079321,0,1.6558287014937831,1.0,8.105708403083292e-09
1,1,step,False,16,0.720181991764751,0.20443028374912053,0.0724206453001821,0.48166211738700226,73.38432044625401,4,1.3478844172948343,114,23.475585983024153,33.17452902246887,2.8897680311434524,3,0.42500248760776704,0,1.6558287014937831,1.0,8.105708403083292e-09
1,1,step,False,17,1.2805013366604237,0.641239735462894,0.24353558287222207,0.7707768203473779,39.55629964356406,4,1.4893567238615686,75,12.00000000093161,16.960201510938766,2.784429442109528,3,0.4046737683910617,0,1.6558287014937831,1.0,8.105708403083292e-09
1,1,step,False,18,0.8160002170453344,0.7836054104386185,0.1885685474603186,0.5495810023567146,80.73122378063826,4,1.2727468403386215,129,32.66170119490752,44.752394551646056,2.7349266508441534,3,0.3639569707034004,0,1.6558287014937831,1.0,8.105708403083292e-09
1,1,step,False,19,1.3316689125660606,0.27525029301896115,0.12630496662992002,0.9147970231724395,15.966969068378386,4,1.6890374174626903,37,12.000000000743922,16.77490791128694,2.0115552838317177,3,0.28683020543788623,0,1.6558287014937831,1.0,8.105708403083292e-09
1,1,step,False,20,1.542113069582152,0.31481088431641113,0.08537846206211981,0.9928620230514716,50.35094875946201,4,1.2156112198778257,85,20.03590346947051,26.433112217440037,2.9406393376138333,3,0.3523279107856441,0,1.6558287014937831,1.0,8.105708403083292e-09
1,1,step,False,21,2.0051335288065353,0.04194496766084782,0.0741215130623265,1.330418673404337,35.97508400818381,4,1.362173227191439,63,12.00000000017734,18.012818075986967,2.4994954712342343,3,0.37333322139179453,0,1.6558287014937831,1.0,8.105708403083292e-09
1,1,step,False,22,2.5644615416402696,0.12702882482955066,0.1497711299760425,1.5824513265501605,17.124575495420004,4,1.6590726355233671,30,12.00000000073096,16.8378503609941,1.0,1,0.4398346784166044,0,1.6558287014937831,1.0,8.105708403083292e-09
1,1,step,False,23,1.107052378092518,0.14176548136677405,0.19492534343252502,0.6743392677323732,87.14941156343991,4,1.3010299865835984,137,31.026278731325654,43.39158199341926,2.9878682344914664,3,0.3510137104971626,0,1.6558287014937831,1.0,8.105708403083292e-09
1,2,step,False,0,1.5749285892107503,0.2618525283547497,0.05266626956231886,1.0456497293241727,58.1255192699806,4,1.3359299744479276,100,20.704244310671452,28.17432522893819,2.938089376370531,3,0.22900338464428782,0,1.1708477033095694,0.6059772819280624,3.8093864097743535e-15
1,2,step,False,1,1.2597795664531544,0.13909965452420964,0.006743372039069341,0.8630006868235384,73.4203802244768,4,1.3014780187753279,119,29.18712152812962,39.015060644664906,2.974958138645761,3,0.22898290677819963,0,1.1708477033095694,0.6059772819280624,3.8093864097743535e-15
1,2,step,False,2,1.321130606706036,0.29087615288739377,0.11543906753709644,0.8806445562429156,64.21333978017283,4,1.3680608408512542,109,18.472118814458103,28.382076063518657,2.732694480494643,3,0.3430779540898528,0,1.1708477033095694,0.6059772819280624,3.8093864097743535e-15
1,2,step,False,3,0.7822524636658202,0.2667907053396844,0.44164496573085077,0.5516281588328207,31.65460114810914,4,1.5401210518536577,63,12.000000001151001,18.169550454983174,2.624800292994724,3,0.31998793306323714,0,1.1708477033095694,0.6059772819280624,3.8093864097743535e-15
1,2,step,False,4,0.34434947603663596,0.7787090359026233,0.2629529020266202,0.26148535687877,110.76965662245044,4,1.2506721675324675,171,43.410059891797296,56.67827403218975,2.723125795720472,3,0.27047849250959116,0,1.1708477033095694,0.6059772819280624,3.8093864097743535e-15
1,2,step,False,5,1.4417495312968414,0.6335361910856333,0.11580421223612355,0.8189884660021316,58.85843969092172,4,1.443776098345645,109,20.75911775950861,28.360442032989628,2.630192949029967,3,0.23276005955959916,0,1.1708477033095694,0.6059772819280624,3.8093864097743535e-15
1,2,step,False,6,1.00972397712654,0.4197635490608362,0.17363996065201645,0.5395588078365875,53.26794803322947,4,1.4548996150584552,93,15.839209278968374,21.741681954221214,2.8982635931994642,3,0.12826962435339764,0,1.1708477033095694,0.6059772819280624,3.8093864097743535e-15
1,2,step,False,7,1.2185947329704703,0.21242471580295705,0.24195347621371185,0.8414793850028799,59.776321990038106,4,1.5824914426247365,102,17.69644988539011,26.50355128359548,2.832566426194336,3,0.27291407082575486,0,1.1708477033095694,0.6059772819280624,3.8093864097743535e-15
1,2,step,False,8,1.0529759994370083,0.10166151065410405,0.22055200303460834,0.6576183775429378,90.63043919268989,4,1.2089503562504371,135,33.137090520771075,47.58186035072391,2.923419164615308,3,0.2513696628373746,0,1.1708477033095694,0.6059772819280624,3.8093864097743535e-15
1,2,step,False,9,0.29021406196150945,0.9994174223936894,0.9670807746197337,0.1982428341906109,86.10041172850613,4,1.3027633038404485,140,24.430957114919305,33.44832331410846,2.799694472443446,3,0.2682831608932401,0,1.1708477033095694,0.6059772819280624,3.8093864097743535e-15
1,2,step,False,10,1.385073693952201,0.3573616664403521,0.13215962103503467,0.789350777110115,71.91980943756451,4,1.3079830281169158,120,21.643794547296267,31.193495108872515,2.990649192924389,3,0.20118320601621523,0,1.1708477033095694,0.6059772819280624,3.8093864097743535e-15
1,2,step,False,11,1.039287979344075,0.45549419824277626,0.23118558247061435,0.5870922888283767,44.593612143074274,4,1.4179461310870287,80,13.674800422248873,19.4613254489004,2.6782497318900447,3,0.154134048154411,0,1.1708477033095694,0.6059772819280624,3.8093864097743535e-15
1,2,step,False,12,1.093621695593289,0.3157954845538614,0.13041988552657197,0.7660395917318017,83.87676452846466,4,1.2362845540544831,127,29.04364616459984,39.9421258720978,2.9786389535030398,3,0.13038160924339556,0,1.1708477033095694,0.6059772819280624,3.8093864097743535e-15
1,2,step,False,13,0.9736580260817508,0.43730135062357045,0.3084883333299315,0.5869158572797941,60.767410951634155,4,1.3012547771511178,99,21.15381680189459,30.79162993092204,2.8695916778823394,3,0.27496565935134576,0,1.1708477033095694,0.6059772819280624,3.8093864097743535e-15
1,2,step,False,14,1.313802687997899,0.08884495030197538,0.1646470576684292,0.8547961781115798,76.4711253420775,4,1.2740067003456363,123,24.008396115897703,34.44795497818636,2.995096912085555,3,0.2012125590603325,0,1.1708477033095694,0.6059772819280624,3.8093864097743535e-15
1,2,step,False,15,2.345362840709062,0.2876385233698894,0.18844460267552837,1.3936670035970806,15.315387151269974,4,1.6743011216639352,34,12.0000000000202,17.325250223977125,1.3334986384996432,3,0.2770731902383998,0,1.1708477033095694,0.6059772819280624,3.8093864097743535e-15
1,2,step,False,16,0.720181991764751,0.22373619832710534,0.0724206453001821,0.48166211738700226,73.38432044625401,4,1.3478844172948343,114,26.185424676761855,37.479214755727476,2.8897680311434524,3,0.32336809548776385,0,1.1708477033095694,0.6059772819280624,3.8093864097743535e-15
1,2,step,False,17,1.2805013366604237,0.7343387608234426,0.24353558287222207,0.7707768203473779,39.55629964356406,4,1.4893567238615686,75,12.000000000855497,18.109401261305315,2.784429442109528,3,0.3241206888314347,0,1.1708477033095694,0.6059772819280624,3.8093864097743535e-15
1,2,step,False,18,0.8160002170453344,0.7658455078045362,0.1885685474603186,0.5495810023567146,80.73122378063826,4,1.2727468403386215,129,32.94539421904582,43.639264978529404,2.7349266508441534,3,0.211149927323131,0,1.1708477033095694,0.6059772819280624,3.8093864097743535e-15
1,2,step,False,19,1.3316689125660606,0.11005859306141906,0.12630496662992002,0.9147970231724395,15.966969068378386,4,1.6890374174626903,37,12.00000000115407,17.348473308318884,2.0115552838317177,3,0.37716042006054057,0,1.1708477033095694,0.6059772819280624,3.8093864097743535e-15
1,2,step,False,20,1.542113069582152,0.22692905232508762,0.08537846206211981,0.9928620230514716,50.35094875946201,4,1.2156112198778257,85,21.70324404245351,29.081256736524,2.9406393376138333,3,0.22898660019236178,0,1.1708477033095694,0.6059772819280624,3.8093864097743535e-15
1,2,step,False,21,2.0051335288065353,0.13039234467215005,0.0741215130623265,1.330418673404337,35.97508400818381,4,1.362173227191439,63,12.000000000919082,18.424625564035786,2.4994954712342343,3,0.14765412293800673,0,1.1708477033095694,0.6059772819280624,3.8093864097743535e-15
1,2,step,False,22,2.5644615416402696,0.10701140783925336,0.1497711299760425,1.5824513265501605,17.124575495420004,4,1.6590726355233671,30,12.000000000287917,16.45053906884592,1.0,1,0.25059766950059,0,1.1708477033095694,0.6059772819280624,3.8093864097743535e-15
1,2,step,False,23,1.107052378092518,0.16285606898292035,0.19492534343252502,0.6743392677323732,87.14941156343991,4,1.3010299865835984,137,29.429440424968135,41.36421738189964,2.9878682344914664,3,0.20127462823594866,0,1.1708477033095694,0.6059772819280624,3.8093864097743535e-15
1,3,step,False,0,1.5749285892107503,0.32377351540166865,0.05266626956231886,1.0456497293241727,58.1255192699806,4,1.3359299744479276,100,20.100595151759638,26.697213039569295,2.938089376370531,3,0.11564702466557376,0,0.8279143507468913,0.36710424721241,6.3078473659242545e-15
1,3,step,False,1,1.2597795664531544,0.2023262099606085,0.006743372039069341,0.8630006868235384,73.4203802244768,4,1.3014780187753279,119,29.200524497539885,38.78772571295867,2.974958138645761,3,0.11549179343999239,0,0.8279143507468913,0.36710424721241,6.3078473659242545e-15
1,3,step,False,2,1.321130606706036,0.4359356715242566,0.11543906753709644,0.8806445562429156,64.21333978017283,4,1.3680608408512542,109,18.17663838511883,26.210136636637564,2.732694480494643,3,0.21896469939498547,0,0.8279143507468913,0.36710424721241,6.3078473659242545e-15
1,3,step,False,3,0.7822524636658202,0.35806364662549506,0.44164496573085077,0.5516281588328207,31.65460114810914,4,1.5401210518536577,63,12.000000001303546,18.564594238883686,2.624800292994724,3,0.18214035464108302,0,0.8279143507468913,0.36710424721241,6.3078473659242545e-15
1,3,step,False,4,0.34434947603663596,0.7955599650646821,0.2629529020266202,0.26148535687877,110.76965662245044,4,1.2506721675324675,171,45.94248132743843,61.33116686303192,2.723125795720472,3,0.17342923955945694,0,0.8279143507468913,0.36710424721241,6.3078473659242545e-15
1,3,step,False,5,1.4417495312968414,0.5215983418497813,0.11580421223612355,0.8189884660021316,58.85843969092172,4,1.443776098345645,109,20.2848754474778,28.53583391672777,2.630192949029967,3,0.19844162319863262,0,0.8279143507468913,0.36710424721241,6.3078473659242545e-15
1,3,step,False,6,1.00972397712654,0.4066975284307396,0.17363996065201645,0.5395588078365875,53.26794803322947,4,1.4548996150584552,93,18.97570063484931,25.41978761468176,2.8982635931994642,3,0.0951990104409878,0,0.8279143507468913,0.36710424721241,6.3078473659242545e-15
1,3,step,False,7,1.2185947329704703,0.27420206505190425,0.24195347621371185,0.8414793850028799,59.776321990038106,4,1.5824914426247365,102,18.18656861694584,26.48794430571043,2.832566426194336,3,0.14645854829916904,0,0.8279143507468913,0.36710424721241,6.3078473659242545e-15
1,3,step,False,8,1.0529759994370083,0.0684928861127873,0.22055200303460834,0.6576183775429378,90.63043919268989,4,1.2089503562504371,135,31.12607146165148,41.51015060733832,2.923419164615308,3,0.12861935998232646,0,0.8279143507468913,0.36710424721241,6.3078473659242545e-15
1,3,step,False,9,0.29021406196150945,0.9794136865644041,0.9670807746197337,0.1982428341906109,86.10041172850613,4,1.3027633038404485,140,27.882783891791487,40.639583110353236,2.799694472443446,3,0.14391835870940933,0,0.8279143507468913,0.36710424721241,6.3078473659242545e-15
1,3,step,False,10,1.385073693952201,0.332219057594982,0.13215962103503467,0.789350777110115,71.91980943756451,4,1.3079830281169158,120,21.541080384783637,29.68608394972057,2.990649192924389,3,0.09772061941946991,0,0.8279143507468913,0.36710424721241,6.3078473659242545e-15
1,3,step,False,11,1.039287979344075,0.3980866723649124,0.23118558247061435,0.5870922888283767,44.593612143074274,4,1.4179461310870287,80,13.25867978232007,17.50450553530469,2.6782497318900447,3,0.05406593767684603,0,0.8279143507468913,0.36710424721241,6.3078473659242545e-15
1,3,step,False,12,1.093621695593289,0.3121133667628388,0.13041988552657197,0.7660395917318017,83.87676452846466,4,1.2362845540544831,127,29.660834306228203,38.34788232183191,2.9786389535030398,3,0.09720927112319007,0,0.8279143507468913,0.36710424721241,6.3078473659242545e-15
1,3,step,False,13,0.9736580260817508,0.3810892557330436,0.3084883333299315,0.5869158572797941,60.767410951634155,4,1.3012547771511178,99,19.931983385488078,26.90988638268712,2.8695916778823394,3,0.14858935196671083,0,0.8279143507468913,0.36710424721241,6.3078473659242545e-15
1,3,step,False,14,1.313802687997899,0.07252770719306705,0.1646470576684292,0.8547961781115798,76.4711253420775,4,1.2740067003456363,123,23.34443865949036,31.52531882506469,2.995096912085555,3,0.09768304427725055,0,0.8279143507468913,0.36710424721241,6.3078473659242545e-15
1,3,step,False,15,2.345362840709062,0.24695506008269605,0.18844460267552837,1.3936670035970806,15.315387151269974,4,1.6743011216639352,34,12.000000000844686,17.62266638564492,1.3334986384996432,3,0.45119696070281223,0,0.8279143507468913,0.36710424721241,6.3078473659242545e-15
1,3,step,False,16,0.720181991764751,0.2538811381815652,0.0724206453001821,0.48166211738700226,73.38432044625401,4,1.3478844172948343,114,25.99844870523456,36.05608115927109,2.8897680311434524,3,0.18356580745950166,0,0.8279143507468913,0.36710424721241,6.3078473659242545e-15
1,3,step,False,17,1.2805013366604237,0.783726592711527,0.24353558287222207,0.7707768203473779,39.55629964356406,4,1.4893567238615686,75,12.000000001685665,18.26432755109676,2.784429442109528,3,0.18397359797550555,0,0.8279143507468913,0.36710424721241,6.3078473659242545e-15
1,3,step,False,18,0.8160002170453344,0.8176372085830125,0.1885685474603186,0.5495810023567146,80.73122378063826,4,1.2727468403386215,129,32.8829800634386,43.17531843221548,2.7349266508441534,3,0.1213836103782227,0,0.8279143507468913,0.36710424721241,6.3078473659242545e-15
1,3,step,False,19,1.3316689125660606,0.07572087072849171,0.12630496662992002,0.9147970231724395,15.966969068378386,4,1.6890374174626903,37,12.00000000063533,18.308139638089585,2.0115552838317177,3,0.1949716341374606,0,0.8279143507468913,0.36710424721241,6.3078473659242545e-15
1,3,step,False,20,1.542113069582152,0.16376489221743945,0.08537846206211981,0.9928620230514716,50.35094875946201,4,1.2156112198778257,85,20.655888559002282,26.728311238371838,2.9406393376138333,3,0.11536895103593174,0,0.8279143507468913,0.36710424721241,6.3078473659242545e-15
1,3,step,False,21,2.0051335288065353,0.10148504920850678,0.0741215130623265,1.330418673404337,35.97508400818381,4,1.362173227191439,63,12.000000000284313,17.805680565392453,2.4994954712342343,3,0.10156383756660624,0,0.8279143507468913,0.36710424721241,6.3078473659242545e-15
1,3,step,False,22,2.5644615416402696,0.0550401302129604,0.1497711299760425,1.5824513265501605,17.124575495420004,4,1.6590726355233671,30,12.000000000413522,15.980120256990377,1.0,1,0.4858756309258183,0,0.8279143507468913,0.36710424721241,6.3078473659242545e-15
1,3,step,False,23,1.107052378092518,0.13877712414908838,0.19492534343252502,0.6743392677323732,87.14941156343991,4,1.3010299865835984,137,27.448393334433494,37.397344253659725,2.9878682344914664,3,0.09761112276458384,0,0.8279143507468913,0.36710424721241,6.3078473659242545e-15
2,0,init,False,0,1.0467706587360495,0.651227311111316,0.22851500244119818,0.6810330044325779,59.04569452859888,4,1.389966061080823,96,nan,nan,2.761257775140318,3,nan,0,nan,nan,nan
2,0,init,False,1,1.0701418227387929,0.41078599507592006,0.12425900274583421,0.7956896675689481,51.64105542247972,4,1.2390161483685567,93,nan,nan,2.5085434676569545,3,nan,0,nan,nan,nan
2,0,init,False,2,0.7932685761589658,0.6539611392120005,0.21356622863592536,0.5212532946898482,42.34374708505638,4,1.3021521159175078,77,nan,nan,2.8711907380602804,3,nan,0,nan,nan,nan
2,0,init,False,3,0.3205409858769687,0.25566868240180746,0.4651924320744398,0.2196051088941605,84.00726786199591,4,1.300901783066737,130,nan,nan,2.925178848848641,3,nan,0,nan,nan,nan
2,0,init,False,4,1.2844467353127504,0.40143014753110623,0.3230750650443471,1.0882036414207648,7.469383352135623,4,1.6761644872707415,14,nan,nan,1.2331901625011739,2,nan,0,nan,nan,nan
2,0,init,False,5,2.0802561912918844,0.04852464956673022,0.10292378375607898,1.2605784874453647,39.51145944543005,4,1.5192913821130405,72,nan,nan,2.790676308915582,3,nan,0,nan,nan,nan
2,0,init,False,6,1.2190457946602995,0.18613970056417517,0.15879930250394814,0.8107072579918712,72.9073654873682,4,1.2255340651471252,122,nan,nan,2.8859871131925923,3,nan,0,nan,nan,nan
2,0,init,False,7,1.5215077396539407,0.07572963888518468,0.13509832988052758,1.0433858820927175,65.90824151687282,4,1.2594893218466454,114,nan,nan,2.7849350169784572,3,nan,0,nan,nan,nan
2,0,init,False,8,1.0115079638172977,0.49236465029692156,0.1936284024818393,0.5657300662748956,75.22126136979051,4,1.3281580911852546,123,nan,nan,2.8430834607054676,3,nan,0,nan,nan,nan
2,0,init,False,9,0.3423530440072947,0.9257319869036597,0.6418871329045058,0.28585976233832544,35.18788834101062,4,1.3549033565079938,63,nan,nan,2.148099159849063,3,nan,0,nan,nan,nan
2,0,init,False,10,0.3204744605844023,0.1491357795989616,0.481111961024221,0.23494589287688908,87.16048825978412,4,1.2738906059503479,139,nan,nan,2.954811808348115,3,nan,0,nan,nan,nan
2,0,init,False,11,1.348557138294263,0.07120446197262478,0.1931593016470286,0.9865866211262098,54.85926235489409,4,1.2922969011704626,92,nan,nan,2.6903055414407557,3,nan,0,nan,nan,nan
2,0,init,False,12,1.95878432879614,0.07258040435770428,0.09208050280730327,1.1303472927735145,40.08902068095337,4,1.384946821223811,76,nan,nan,2.4100691051181142,3,nan,0,nan,nan,nan
2,0,init,False,13,2.3633895001822,0.31138990829212726,0.09091541469964279,1.4744123258001987,26.59264496145776,4,1.352033392404459,52,nan,nan,2.069115005870652,3,nan,0,nan,nan,nan
2,0,init,False,14,1.7825206800460858,0.10948895644503392,0.052496250411876645,1.0193644068760228,46.172091068059316,4,1.3466985252160468,82,nan,nan,2.8639474691921696,3,nan,0,nan,nan,nan
2,0,init,False,15,1.1478094221068595,0.2541305861426308,0.21946160362443318,0.877361554877913,28.877027391427546,4,1.59673346097239,55,nan,nan,2.771049908874423,3,nan,0,nan,nan,nan
2,0,init,False,16,0.7518156372889109,0.592528372607853,0.3842280276294127,0.420181870454791,106.71190044916905,4,1.1266294635540246,165,nan,nan,2.8651751300972714,3,nan,0,nan,nan,nan
2,0,init,False,17,1.4618158494836173,0.23630665288573932,0.03011138329827395,1.0922074339596302,35.0073398635863,4,1.3254211573746157,63,nan,nan,2.0971220775563917,3,nan,0,nan,nan,nan
2,0,init,False,18,1.7987267463663223,0.26712454542647,0.13713806758589497,0.980701922242823,44.12035323503808,4,1.4784202331339371,84,nan,nan,2.7825603788304996,3,nan,0,nan,nan,nan
2,0,init,False,19,1.6219259550985072,0.15985392398985818,0.2256926250044474,0.8805342626268562,74.42484287557377,4,1.3377405722563598,113,nan,nan,2.7456575200691744,3,nan,0,nan,nan,nan
2,0,init,False,20,0.4967517232200428,0.3184366445397538,0.37977740378019104,0.42772438218880854,75.84888072224115,4,1.410734447486806,127,nan,nan,2.9188427175763536,3,nan,0,nan,nan,nan
2,0,init,False,21,0.2801579968649878,0.17863993053264215,0.52077374176404,0.13843247089108443,106.18932736682225,4,1.31924396631905,161,nan,nan,2.978508884193038,3,nan,0,nan,nan,nan
2,0,init,False,22,0.4284902509478303,0.1970265903706457,0.22716786155304758,0.31533300723622376,88.86975276936352,4,1.2797301308079836,138,nan,nan,2.9165329966154756,3,nan,0,nan,nan,nan
2,0,init,False,23,0.8766018881723402,0.2534307221081893,0.13409260778038312,0.44367666827444185,91.8337035908913,4,1.2317549105593442,153,nan,nan,2.9423376787398174,3,nan,0,nan,nan,nan
2,1,step,False,0,1.0467706587360495,0.7303315037432297,0.22851500244119818,0.6810330044325779,59.04569452859888,4,1.389966061080823,96,19.776593842374545,29.496742830431185,2.761257775140318,3,0.35984357390762156,0,1.6949287368540935,1.0,1.0682219222441822e-15
2,1,step,False,1,1.0701418227387929,0.40999402273919827,0.12425900274583421,0.7956896675689481,51.64105542247972,4,1.2390161483685567,93,16.77943175354453,22.524447990007843,2.5085434676569545,3,0.4364304523511741,0,1.6949287368540935,1.0,1.0682219222441822e-15
2,1,step,False,2,0.7932685761589658,0.3394467394450968,0.21356622863592536,0.5212532946898482,42.34374708505638,4,1.3021521159175078,77,16.354900382347658,22.399713348815585,2.8711907380602804,3,0.4845591345658343,0,1.6949287368540935,1.0,1.0682219222441822e-15
2,1,step,False,3,0.3205409858769687,0.3427232385972036,0.4651924320744398,0.2196051088941605,84.00726786199591,4,1.300901783066737,130,29.176252212002822,42.60630639616182,2.925178848848641,3,0.38628308139290896,0,1.6949287368540935,1.0,1.0682219222441822e-15
2,1,step,False,4,1.2844467353127504,0.27728859005536444,0.3230750650443471,1.0882036414207648,7.469383352135623,4,1.6761644872707415,14,12.00000000008409,18.411285360022543,1.2331901625011739,2,0.35311089669929596,0,1.6949287368540935,1.0,1.0682219222441822e-15
2,1,step,False,5,2.0802561912918844,0.21577235733325684,0.10292378375607898,1.2605784874453647,39.51145944543005,4,1.5192913821130405,72,12.000000000363116,15.11427648148933,2.790676308915582,3,0.2940050427720852,0,1.6949287368540935,1.0,1.0682219222441822e-15
2,1,step,False,6,1.2190457946602995,0.2558415852187764,0.15879930250394814,0.8107072579918712,72.9073654873682,4,1.2255340651471252,122,22.65144161303686,30.46859474134583,2.8859871131925923,3,0.2982341547709615,0,1.6949287368540935,1.0,1.0682219222441822e-15
2,1,step,False,7,1.5215077396539407,0.14239209038847553,0.13509832988052758,1.0433858820927175,65.90824151687282,4,1.2594893218466454,114,22.219354176951285,32.446071434006505,2.7849350169784572,3,0.30007202079252143,0,1.6949287368540935,1.0,1.0682219222441822e-15
2,1,step,False,8,1.0115079638172977,0.4194713640091636,0.1936284024818393,0.5657300662748956,75.22126136979051,4,1.3281580911852546,123,27.91704293999407,36.44179125757889,2.8430834607054676,3,0.35780108057334487,0,1.6949287368540935,1.0,1.0682219222441822e-15
2,1,step,False,9,0.3423530440072947,0.8699564844016887,0.6418871329045058,0.28585976233832544,35.18788834101062,4,1.3549033565079938,63,12.000000000544112,17.458718503476156,2.148099159849063,3,0.4832655210301672,0,1.6949287368540935,1.0,1.0682219222441822e-15
2,1,step,False,10,0.3204744605844023,0.14519608032317022,0.481111961024221,0.23494589287688908,87.16048825978412,4,1.2738906059503479,139,30.738004960022103,42.2178425158871,2.954811808348115,3,0.46561055124268563,0,1.6949287368540935,1.0,1.0682219222441822e-15
2,1,step,False,11,1.348557138294263,0.1285805427321898,0.1931593016470286,0.9865866211262098,54.85926235489409,4,1.2922969011704626,92,17.05164612994586,24.629664273133443,2.6903055414407557,3,0.3917090966155021,0,1.6949287368540935,1.0,1.0682219222441822e-15
2,1,step,False,12,1.95878432879614,0.18759443355282876,0.09208050280730327,1.1303472927735145,40.08902068095337,4,1.384946821223811,76,13.735461525275536,18.818722520805604,2.4100691051181142,3,0.24346320551525882,0,1.6949287368540935,1.0,1.0682219222441822e-15
2,1,step,False,13,2.3633895001822,0.35341163927065294,0.09091541469964279,1.4744123258001987,26.59264496145776,4,1.352033392404459,52,12.00000000037923,17.652586153097587,2.069115005870652,3,0.371867069310012,0,1.6949287368540935,1.0,1.0682219222441822e-15
2,1,step,False,14,1.7825206800460858,0.14373020146345503,0.052496250411876645,1.0193644068760228,46.172091068059316,4,1.3466985252160468,82,16.11904513790899,21.546685416902598,2.8639474691921696,3,0.2941522833834042,0,1.6949287368540935,1.0,1.0682219222441822e-15
2,1,step,False,15,1.1478094221068595,0.32860108106436137,0.21946160362443318,0.877361554877913,28.877027391427546,4,1.59673346097239,55,12.000000001205027,18.660929566008598,2.771049908874423,3,0.4974824013108339,0,1.6949287368540935,1.0,1.0682219222441822e-15
2,1,step,False,16,0.7518156372889109,0.1587525935802,0.3842280276294127,0.420181870454791,106.71190044916905,4,1.1266294635540246,165,36.22535879486841,49.556704841941325,2.8651751300972714,3,0.3583134203683277,0,1.6949287368540935,1.0,1.0682219222441822e-15
2,1,step,False,17,1.4618158494836173,0.25642890216244546,0.03011138329827395,1.0922074339596302,35.0073398635863,4,1.3254211573746157,63,12.000000000297767,17.04751158951345,2.0971220775563917,3,0.3732853641196071,0,1.6949287368540935,1.0,1.0682219222441822e-15
2,1,step,False,18,1.7987267463663223,0.2509804847788275,0.13713806758589497,0.980701922242823,44.12035323503808,4,1.4784202331339371,84,12.690661207299115,17.41004192114241,2.7825603788304996,3,0.24259824270641597,0,1.6949287368540935,1.0,1.0682219222441822e-15
2,1,step,False,19,1.6219259550985072,0.11087381144618136,0.2256926250044474,0.8805342626268562,74.42484287557377,4,1.3377405722563598,113,30.601027591767718,41.380871693530764,2.7456575200691744,3,0.24443074350199856,0,1.6949287368540935,1.0,1.0682219222441822e-15
2,1,step,False,20,0.4967517232200428,0.5959791737795502,0.37977740378019104,0.42772438218880854,75.84888072224115,4,1.410734447486806,127,18.816311055389633,29.60165141043377,2.9188427175763536,3,0.2375186548090971,0,1.6949287368540935,1.0,1.0682219222441822e-15
2,1,step,False,21,0.2801579968649878,0.1548646700070061,0.52077374176404,0.13843247089108443,106.18932736682225,4,1.31924396631905,161,37.635997295129684,52.91425200546409,2.978508884193038,3,0.4407568785626418,0,1.6949287368540935,1.0,1.0682219222441822e-15
2,1,step,False,22,0.4284902509478303,0.29245709952747256,0.22716786155304758,0.31533300723622376,88.86975276936352,4,1.2797301308079836,138,33.205969876835965,46.86479078669111,2.9165329966154756,3,0.38244557383436717,0,1.6949287368540935,1.0,1.0682219222441822e-15
2,1,step,False,23,0.8766018881723402,0.06991421967298748,0.13409260778038312,0.44367666827444185,91.8337035908913,4,1.2317549105593442,153,31.044857366390332,42.51745364896881,2.9423376787398174,3,0.42057183087415995,0,1.6949287368540935,1.0,1.0682219222441822e-15
2,2,step,False,0,1.0467706587360495,0.3995748923639923,0.22851500244119818,0.6810330044325779,59.04569452859888,4,1.389966061080823,96,20.341910408215497,30.17206899301654,2.761257775140318,3,0.34213360428209283,0,1.1984956034574787,0.6097861379384995,3.580583255591996e-15
2,2,step,False,1,1.0701418227387929,0.23955604735213026,0.12425900274583421,0.7956896675689481,51.64105542247972,4,1.2390161483685567,93,15.663563775001109,20.42373277133129,2.5085434676569545,3,0.21598052569258666,0,1.1984956034574787,0.6097861379384995,3.580583255591996e-15
2,2,step,False,2,0.7932685761589658,0.37866776000370167,0.21356622863592536,0.5212532946898482,42.34374708505638,4,1.3021521159175078,77,17.06058269456045,23.3439975949824,2.8711907380602804,3,0.2771558162079706,0,1.1984956034574787,0.6097861379384995,3.580583255591996e-15
2,2,step,False,3,0.3205409858769687,0.20266395427771491,0.4651924320744398,0.2196051088941605,84.00726786199591,4,1.300901783066737,130,30.24862157891693,42.473570379154495,2.925178848848641,3,0.17840512997440303,0,1.1984956034574787,0.6097861379384995,3.580583255591996e-15
2,2,step,False,4,1.2844467353127504,0.18953319065953667,0.3230750650443471,1.0882036414207648,7.469383352135623,4,1.6761644872707415,14,12.000000000138566,19.147241139929505,1.2331901625011739,2,0.2763384812715442,0,1.1984956034574787,0.6097861379384995,3.580583255591996e-15
2,2,step,False,5,2.0802561912918844,0.21744081018962846,0.10292378375607898,1.2605784874453647,39.51145944543005,4,1.5192913821130405,72,12.0000000002088,14.618412575120514,2.790676308915582,3,0.1981855078975443,0,1.1984956034574787,0.6097861379384995,3.580583255591996e-15
2,2,step,False,6,1.2190457946602995,0.2510277438116997,0.15879930250394814,0.8107072579918712,72.9073654873682,4,1.2255340651471252,122,23.13546177196184,32.36186280844835,2.8859871131925923,3,0.2070879227788244,0,1.1984956034574787,0.6097861379384995,3.580583255591996e-15
2,2,step,False,7,1.5215077396539407,0.15253025611244836,0.13509832988052758,1.0433858820927175,65.90824151687282,4,1.2594893218466454,114,18.736002466105067,25.5922462166188,2.7849350169784572,3,0.19918523362926802,0,1.1984956034574787,0.6097861379384995,3.580583255591996e-15
2,2,step,False,8,1.0115079638172977,0.42934998911008926,0.1936284024818393,0.5657300662748956,75.22126136979051,4,1.3281580911852546,123,29.439856910706446,38.332597884203906,2.8430834607054676,3,0.27262852722980463,0,1.1984956034574787,0.6097861379384995,3.580583255591996e-15
2,2,step,False,9,0.3423530440072947,0.6973149000935944,0.6418871329045058,0.28585976233832544,35.18788834101062,4,1.3549033565079938,63,12.000000000195369,17.78228941316291,2.148099159849063,3,0.3268933366273835,0,1.1984956034574787,0.6097861379384995,3.580583255591996e-15
2,2,step,False,10,0.3204744605844023,0.19071658555149282,0.481111961024221,0.23494589287688908,87.16048825978412,4,1.2738906059503479,139,30.7412958960666,44.67717775974315,2.954811808348115,3,0.29295657452791785,0,1.1984956034574787,0.6097861379384995,3.580583255591996e-15
2,2,step,False,11,1.348557138294263,0.06373163091615543,0.1931593016470286,0.9865866211262098,54.85926235489409,4,1.2922969011704626,92,15.69297396493083,23.945390259707025,2.6903055414407557,3,0.4131942921402975,0,1.1984956034574787,0.6097861379384995,3.580583255591996e-15
2,2,step,False,12,1.95878432879614,0.12414682706255477,0.09208050280730327,1.1303472927735145,40.08902068095337,4,1.384946821223811,76,12.000000001062245,16.29515929003107,2.4100691051181142,3,0.19930895970636378,0,1.1984956034574787,0.6097861379384995,3.580583255591996e-15
2,2,step,False,13,2.3633895001822,0.2213657852225992,0.09091541469964279,1.4744123258001987,26.59264496145776,4,1.352033392404459,52,12.00000000081291,16.34243697977281,2.069115005870652,3,0.3693463723387149,0,1.1984956034574787,0.6097861379384995,3.580583255591996e-15
2,2,step,False,14,1.7825206800460858,0.15749703043169755,0.052496250411876645,1.0193644068760228,46.172091068059316,4,1.3466985252160468,82,14.338144460887001,18.302432847174476,2.8639474691921696,3,0.19774492930206738,0,1.1984956034574787,0.6097861379384995,3.580583255591996e-15
2,2,step,False,15,1.1478094221068595,0.33227618161988265,0.21946160362443318,0.877361554877913,28.877027391427546,4,1.59673346097239,55,12.000000001148521,18.86641255773024,2.771049908874423,3,0.3569000696097453,0,1.1984956034574787,0.6097861379384995,3.580583255591996e-15
2,2,step,False,16,0.7518156372889109,0.13951211510838496,0.3842280276294127,0.420181870454791,106.71190044916905,4,1.1266294635540246,165,38.51969030921128,51.68139055371373,2.8651751300972714,3,0.23290478179499075,0,1.1984956034574787,0.6097861379384995,3.580583255591996e-15
2,2,step,False,17,1.4618158494836173,0.17948572489681516,0.03011138329827395,1.0922074339596302,35.0073398635863,4,1.3254211573746157,63,12.000000000596922,15.971483108875267,2.0971220775563917,3,0.246064276096478,0,1.1984956034574787,0.6097861379384995,3.580583255591996e-15
2,2,step,False,18,1.7987267463663223,0.34632819830771755,0.13713806758589497,0.980701922242823,44.12035323503808,4,1.4784202331339371,84,12.901533685868891,17.036911267240267,2.7825603788304996,3,0.15225014512654717,0,1.1984956034574787,0.6097861379384995,3.580583255591996e-15
2,2,step,False,19,1.6219259550985072,0.10807280805661597,0.2256926250044474,0.8805342626268562,74.42484287557377,4,1.3377405722563598,113,28.69026362170778,37.617311575022306,2.7456575200691744,3,0.11639145782183355,0,1.1984956034574787,0.6097861379384995,3.580583255591996e-15
2,2,step,False,20,0.4967517232200428,0.47425930769475055,0.37977740378019104,0.42772438218880854,75.84888072224115,4,1.410734447486806,127,24.178452039883528,37.862400114671,2.9188427175763536,3,0.19663128546627484,0,1.1984956034574787,0.6097861379384995,3.580583255591996e-15
2,2,step,False,21,0.2801579968649878,0.06047361401004305,0.52077374176404,0.13843247089108443,106.18932736682225,4,1.31924396631905,161,36.34306938909249,49.764050187031174,2.978508884193038,3,0.22638844456655702,0,1.1984956034574787,0.6097861379384995,3.580583255591996e-15
2,2,step,False,22,0.4284902509478303,0.18575135383940847,0.22716786155304758,0.31533300723622376,88.86975276936352,4,1.2797301308079836,138,35.19608048189813,50.13853904663397,2.9165329966154756,3,0.1781932877129663,0,1.1984956034574787,0.6097861379384995,3.580583255591996e-15
2,2,step,False,23,0.8766018881723402,0.11231088150854324,0.13409260778038312,0.44367666827444185,91.8337035908913,4,1.2317549105593442,153,31.52492973338552,41.901406402385085,2.9423376787398174,3,0.2311686848664105,0,1.1984956034574787,0.6097861379384995,3.580583255591996e-15
2,3,step,False,0,1.0467706587360495,0.16390126600544866,0.22851500244119818,0.6810330044325779,59.04569452859888,4,1.389966061080823,96,17.263615554379733,23.959081457903988,2.761257775140318,3,0.17649941886233747,0,0.8474643684270466,0.3680606037378311,3.200011994864909e-14
2,3,step,False,1,1.0701418227387929,0.2937418470597812,0.12425900274583421,0.7956896675689481,51.64105542247972,4,1.2390161483685567,93,18.575035657692993,25.20701934388455,2.5085434676569545,3,0.18662195708916726,0,0.8474643684270466,0.3680606037378311,3.200011994864909e-14
2,3,step,False,2,0.7932685761589658,0.143574068232692,0.21356622863592536,0.5212532946898482,42.34374708505638,4,1.3021521159175078,77,15.407135372177665,20.584343440932994,2.8711907380602804,3,0.11345632685990838,0,0.8474643684270466,0.3680606037378311,3.200011994864909e-14
2,3,step,False,3,0.3205409858769687,0.703576050973896,0.4651924320744398,0.2196051088941605,84.00726786199591,4,1.300901783066737,130,33.536333710730545,45.73206830817106,2.925178848848641,3,0.13367069040892002,0,0.8474643684270466,0.3680606037378311,3.200011994864909e-14
2,3,step,False,4,1.2844467353127504,0.18064269712947012,0.3230750650443471,1.0882036414207648,7.469383352135623,4,1.6761644872707415,14,12.000000000186336,19.751266995356744,1.2331901625011739,2,0.24960091094043535,0,0.8474643684270466,0.3680606037378311,3.200011994864909e-14
2,3,step,False,5,2.0802561912918844,0.25188654795073967,0.10292378375607898,1.2605784874453647,39.51145944543005,4,1.5192913821130405,72,12.000000000085,15.625157320473784,2.790676308915582,3,0.13131767224626736,0,0.8474643684270466,0.3680606037378311,3.200011994864909e-14
2,3,step,False,6,1.2190457946602995,0.25235408695940237,0.15879930250394814,0.8107072579918712,72.9073654873682,4,1.2255340651471252,122,22.545540094333763,31.871734519513275,2.8859871131925923,3,0.22525937833145704,0,0.8474643684270466,0.3680606037378311,3.200011994864909e-14
2,3,step,False,7,1.5215077396539407,0.186000665167321,0.13509832988052758,1.0433858820927175,65.90824151687282,4,1.2594893218466454,114,16.397719921405987,21.83524190092921,2.7849350169784572,3,0.2327831286361907,0,0.8474643684270466,0.3680606037378311,3.200011994864909e-14
2,3,step,False,8,1.0115079638172977,0.629797104866115,0.1936284024818393,0.5657300662748956,75.22126136979051,4,1.3281580911852546,123,31.154286996118483,40.02763644343248,2.8430834607054676,3,0.1348234477555214,0,0.8474643684270466,0.3680606037378311,3.200011994864909e-14
2,3,step,False,9,0.3423530440072947,0.5145385055467946,0.6418871329045058,0.28585976233832544,35.18788834101062,4,1.3549033565079938,63,12.016288454764869,17.76890307420385,2.148099159849063,3,0.20576975584348692,0,0.8474643684270466,0.3680606037378311,3.200011994864909e-14
2,3,step,False,10,0.3204744605844023,0.449805462842586,0.481111961024221,0.23494589287688908,87.16048825978412,4,1.2738906059503479,139,30.61836805829986,44.61561255918629,2.954811808348115,3,0.12409351335567366,0,0.8474643684270466,0.3680606037378311,3.200011994864909e-14
2,3,step,False,11,1.348557138294263,0.15433582206771676,0.1931593016470286,0.9865866211262098,54.85926235489409,4,1.2922969011704626,92,13.689177907586995,18.70654820291822,2.6903055414407557,3,0.09690895421301973,0,0.8474643684270466,0.3680606037378311,3.200011994864909e-14
2,3,step,False,12,1.95878432879614,0.1925467827702212,0.09208050280730327,1.1303472927735145,40.08902068095337,4,1.384946821223811,76,12.000000000268578,16.339021376712303,2.4100691051181142,3,0.11436810172938036,0,0.8474643684270466,0.3680606037378311,3.200011994864909e-14
2,3,step,False,13,2.3633895001822,0.2898421928185727,0.09091541469964279,1.4744123258001987,26.59264496145776,4,1.352033392404459,52,12.0000000006169,15.494289280933174,2.069115005870652,3,0.19874480491771998,0,0.8474643684270466,0.3680606037378311,3.200011994864909e-14
2,3,step,False,14,1.7825206800460858,0.18342317525473947,0.052496250411876645,1.0193644068760228,46.172091068059316,4,1.3466985252160468,82,13.066754436915199,15.994976553015995,2.8639474691921696,3,0.13106469980507715,0,0.8474643684270466,0.3680606037378311,3.200011994864909e-14
2,3,step,False,15,1.1478094221068595,0.3981472392654203,0.21946160362443318,0.877361554877913,28.877027391427546,4,1.59673346097239,55,12.000000000234586,17.70942798805846,2.771049908874423,3,0.18709314334249322,0,0.8474643684270466,0.3680606037378311,3.200011994864909e-14
2,3,step,False,16,0.7518156372889109,0.11561180212995249,0.3842280276294127,0.420181870454791,106.71190044916905,4,1.1266294635540246,165,39.705637330459055,52.72305340784707,2.8651751300972714,3,0.16712460781957525,0,0.8474643684270466,0.3680606037378311,3.200011994864909e-14
2,3,step,False,17,1.4618158494836173,0.08770971875195607,0.03011138329827395,1.0922074339596302,35.0073398635863,4,1.3254211573746157,63,14.025456008196038,19.415861883500295,2.0971220775563917,3,0.17551098291114794,0,0.8474643684270466,0.3680606037378311,3.200011994864909e-14
2,3,step,False,18,1.7987267463663223,0.1213846550472904,0.13713806758589497,0.980701922242823,44.12035323503808,4,1.4784202331339371,84,14.795695394434555,19.388155761111218,2.7825603788304996,3,0.14309817006835096,0,0.8474643684270466,0.3680606037378311,3.200011994864909e-14
2,3,step,False,19,1.6219259550985072,0.20849733774049609,0.2256926250044474,0.8805342626268562,74.42484287557377,4,1.3377405722563598,113,26.180613518371626,32.673876286152186,2.7456575200691744,3,0.10652617852500056,0,0.8474643684270466,0.3680606037378311,3.200011994864909e-14
2,3,step,False,20,0.4967517232200428,0.39534849050817045,0.37977740378019104,0.42772438218880854,75.84888072224115,4,1.410734447486806,127,25.544310566930324,39.85795044693821,2.9188427175763536,3,0.172754427658699,0,0.8474643684270466,0.3680606037378311,3.200011994864909e-14
2,3,step,False,21,0.2801579968649878,0.060228585906399595,0.52077374176404,0.13843247089108443,106.18932736682225,4,1.31924396631905,161,35.18909437653898,48.689599355439086,2.978508884193038,3,0.1266302091965399,0,0.8474643684270466,0.3680606037378311,3.200011994864909e-14
2,3,step,False,22,0.4284902509478303,0.690197099598626,0.22716786155304758,0.31533300723622376,88.86975276936352,4,1.2797301308079836,138,34.04109841056625,49.18340943540741,2.9165329966154756,3,0.13115449489626338,0,0.8474643684270466,0.3680606037378311,3.200011994864909e-14
2,3,step,False,23,0.8766018881723402,0.0911441571801008,0.13409260778038312,0.44367666827444185,91.8337035908913,4,1.2317549105593442,153,32.61185394546596,41.946439202666916,2.9423376787398174,3,0.12910266107324592,0,0.8474643684270466,0.3680606037378311,3.200011994864909e-14
3,0,init,False,0,2.012293809437055,0.07223707197436016,0.08380084713341804,1.5402516091339595,37.93057280478205,4,1.3455784074471395,70,nan,nan,2.248086264062102,3,nan,0,nan,nan,nan
3,0,init,False,1,0.7367854000076806,0.4650535594876208,0.3033297504573349,0.6440423118210855,57.99527211735812,4,1.3382596057270464,106,nan,nan,2.5286057564777584,3,nan,0,nan,nan,nan
3,0,init,False,2,0.6609735095724033,0.2718090538521964,0.38623699695226416,0.7646360036319266,63.15955652333682,4,1.3465946908914779,109,nan,nan,2.885785342823825,3,nan,0,nan,nan,nan
3,0,init,False,3,1.5791575861932878,0.3421939956705716,0.24354967217360451,1.115232313634725,50.09814652505192,4,1.4943202051199926,94,nan,nan,2.8659011617639156,3,nan,0,nan,nan,nan
3,0,init,False,4,1.2628620126326964,0.22244046185030358,0.16950896581629626,0.9902355710827684,82.79149624132033,4,1.204873137523886,136,nan,nan,2.7997148528646014,3,nan,0,nan,nan,nan
3,0,init,False,5,2.203884775882906,0.1883971382357383,0.10451028839151918,1.6749614487151394,26.607861162891997,4,1.6151408514682852,50,nan,nan,2.4154520571426357,3,nan,0,nan,nan,nan
3,0,init,False,6,1.3474154075443938,0.2772724972278985,0.21320513794625756,0.9864678493589868,22.494725083016796,4,1.6539183287774182,46,nan,nan,2.442334307569001,3,nan,0,nan,nan,nan
3,0,init,False,7,0.637017188984615,0.3765811174669331,0.3707487381791445,0.6031598226075812,88.99898775563832,4,1.2111449125455207,139,nan,nan,2.9753661979015353,3,nan,0,nan,nan,nan
3,0,init,False,8,1.1241654617540675,0.12579089274062397,0.17177864712806812,0.9203420329676484,88.03765048272967,4,1.257016970154669,145,nan,nan,2.8645622279123377,3,nan,0,nan,nan,nan
3,0,init,False,9,0.3160041946949852,0.7541324117036695,0.4686036486010847,0.23123521902121053,108.0706132519012,4,1.2117144547233307,161,nan,nan,2.963502108542752,3,nan,0,nan,nan,nan
3,0,init,False,10,0.5495978082565923,0.7214778384894207,0.42324479036028734,0.5960798006648088,39.635768704361176,4,1.524224254169316,70,nan,nan,2.393989414479433,3,nan,0,nan,nan,nan
3,0,init,False,11,1.145507073081825,0.3719289158086872,0.33149742431484497,0.8515123938283693,53.50595265384432,4,1.3543931342986377,91,nan,nan,2.895684702279737,3,nan,0,nan,nan,nan
3,0,init,False,12,1.6167986815583852,0.10667822485162676,0.1241686154860682,1.1627560541958475,35.30335441281399,4,1.470880390822856,74,nan,nan,2.1550566831349682,3,nan,0,nan,nan,nan
3,0,init,False,13,1.4957891254472597,0.15195247746727278,0.23475545137318865,1.2212379390800372,37.83702709614994,4,1.514555800642806,63,nan,nan,2.803091225960861,3,nan,0,nan,nan,nan
3,0,init,False,14,1.2928729106443955,0.3306706300698157,0.11101843678701802,1.025695678413242,59.557835607351116,4,1.3574636402010074,100,nan,nan,2.6616106138136857,3,nan,0,nan,nan,nan
3,0,init,False,15,1.0821811863143032,0.11423850835161722,0.077442052285507,0.9211732005257176,80.57983105058655,4,1.2621418675497373,123,nan,nan,2.8980703901886113,3,nan,0,nan,nan,nan
3,0,init,False,16,2.2308898068401075,0.12200632250026887,0.1483887015502241,1.6678017973001766,29.913116794190373,4,1.419443889218377,53,nan,nan,2.7772449603376677,3,nan,0,nan,nan,nan
3,0,init,False,17,0.9897997487825622,0.40762597381320964,0.23025120718122502,0.7823522654289061,81.85760306373517,4,1.2668221508812167,130,nan,nan,2.9035966086519727,3,nan,0,nan,nan,nan
3,0,init,False,18,0.5590769175905304,0.6658559284174295,0.17919368873205777,0.5057778254642993,92.05003247630124,4,1.1697464886624773,143,nan,nan,2.938419086019552,3,nan,0,nan,nan,nan
3,0,init,False,19,0.3614042791791365,0.7885761072571901,0.5443529209573507,0.4283663315382897,94.70932325003324,4,1.2914698356524905,147,nan,nan,2.9163313430575655,3,nan,0,nan,nan,nan
3,0,init,False,20,1.1237436745120502,0.25562889102264735,0.1506943399034853,0.8784531211345564,74.65822521997791,4,1.2522667698187906,126,nan,nan,2.755154227679342,3,nan,0,nan,nan,nan
3,0,init,False,21,0.48646786313588014,0.7188293743900618,0.8470192076832614,0.3288886919527557,78.49371927859829,4,1.2956308258276654,125,nan,nan,2.693227929376703,3,nan,0,nan,nan,nan
3,0,init,False,22,1.1811721758476943,0.7966560606436852,0.13474149447518272,0.7396946074727961,35.3537841656409,4,1.6002462899003156,65,nan,nan,2.340317431032207,3,nan,0,nan,nan,nan
3,0,init,False,23,0.5342055744252718,0.6926528113748045,0.15393891255971237,0.5884220754114263,20.35954427838876,4,1.4853578680848185,45,nan,nan,1.6117748430731833,3,nan,0,nan,nan,nan
3,1,step,False,0,2.012293809437055,0.09285389877060873,0.08380084713341804,1.5402516091339595,37.93057280478205,4,1.3455784074471395,70,12.000000000927303,16.009148467769187,2.248086264062102,3,0.43060554531242967,0,1.5615755036669832,1.0,4.3491863627888214e-16
3,1,step,False,1,0.7367854000076806,0.8217515091005301,0.3033297504573349,0.6440423118210855,57.99527211735812,4,1.3382596057270464,106,15.010092051920687,22.83846301223448,2.5286057564777584,3,0.3182690913426371,0,1.5615755036669832,1.0,4.3491863627888214e-16
3,1,step,False,2,0.6609735095724033,0.4059682103405343,0.38623699695226416,0.7646360036319266,63.15955652333682,4,1.3465946908914779,109,16.773240001704252,26.060001847395142,2.885785342823825,3,0.4297277322022559,0,1.5615755036669832,1.0,4.3491863627888214e-16
3,1,step,False,3,1.5791575861932878,0.5474924683691385,0.24354967217360451,1.115232313634725,50.09814652505192,4,1.4943202051199926,94,14.899836431441516,19.76585011294503,2.8659011617639156,3,0.3784107271971302,0,1.5615755036669832,1.0,4.3491863627888214e-16
3,1,step,False,4,1.2628620126326964,0.4029051978420341,0.16950896581629626,0.9902355710827684,82.79149624132033,4,1.204873137523886,136,30.000734778869607,41.36548508494214,2.7997148528646014,3,0.4712129384604359,0,1.5615755036669832,1.0,4.3491863627888214e-16
3,1,step,False,5,2.203884775882906,0.15701377717912005,0.10451028839151918,1.6749614487151394,26.607861162891997,4,1.6151408514682852,50,12.000000001139874,19.31402603802823,2.4154520571426357,3,0.41567060154790253,0,1.5615755036669832,1.0,4.3491863627888214e-16
3,1,step,False,6,1.3474154075443938,0.17015334171685434,0.21320513794625756,0.9864678493589868,22.494725083016796,4,1.6539183287774182,46,12.000000000867608,17.487223246759438,2.442334307569001,3,0.19659260147755642,0,1.5615755036669832,1.0,4.3491863627888214e-16
3,1,step,False,7,0.637017188984615,0.19129190809736307,0.3707487381791445,0.6031598226075812,88.99898775563832,4,1.2111449125455207,139,30.448542280750008,41.1574719300779,2.9753661979015353,3,0.42935750448632687,0,1.5615755036669832,1.0,4.3491863627888214e-16
3,1,step,False,8,1.1241654617540675,0.16503448464616113,0.17177864712806812,0.9203420329676484,88.03765048272967,4,1.257016970154669,145,29.053652846562443,41.683052171770576,2.8645622279123377,3,0.4492516446576935,0,1.5615755036669832,1.0,4.3491863627888214e-16
3,1,step,False,9,0.3160041946949852,0.9165435288121746,0.4686036486010847,0.23123521902121053,108.0706132519012,4,1.2117144547233307,161,42.8935622231798,58.530855301915764,2.963502108542752,3,0.30704343793931566,0,1.5615755036669832,1.0,4.3491863627888214e-16
3,1,step,False,10,0.5495978082565923,0.9734085130897561,0.42324479036028734,0.5960798006648088,39.635768704361176,4,1.524224254169316,70,12.000000000567429,16.159571424420744,2.393989414479433,3,0.2602466504220364,0,1.5615755036669832,1.0,4.3491863627888214e-16
3,1,step,False,11,1.145507073081825,0.31606123797274155,0.33149742431484497,0.8515123938283693,53.50595265384432,4,1.3543931342986377,91,16.987319016572748,22.422380618220046,2.895684702279737,3,0.22249303711528146,0,1.5615755036669832,1.0,4.3491863627888214e-16
3,1,step,False,12,1.6167986815583852,0.27014001297045326,0.1241686154860682,1.1627560541958475,35.30335441281399,4,1.470880390822856,74,12.000000001212065,16.62481451103888,2.1550566831349682,3,0.3701961574666616,0,1.5615755036669832,1.0,4.3491863627888214e-16
3,1,step,False,13,1.4957891254472597,0.08398860022663496,0.23475545137318865,1.2212379390800372,37.83702709614994,4,1.514555800642806,63,14.486518135238502,20.3996384800186,2.803091225960861,3,0.29358879944491834,0,1.5615755036669832,1.0,4.3491863627888214e-16
3,1,step,False,14,1.2928729106443955,0.4655210701666134,0.11101843678701802,1.025695678413242,59.557835607351116,4,1.3574636402010074,100,21.64276409526105,30.36216966529646,2.6616106138136857,3,0.32651055903024895,0,1.5615755036669832,1.0,4.3491863627888214e-16
3,1,step,False,15,1.0821811863143032,0.049181818039845886,0.077442052285507,0.9211732005257176,80.57983105058655,4,1.2621418675497373,123,30.556319088868502,43.483785732213775,2.8980703901886113,3,0.4677457556406697,0,1.5615755036669832,1.0,4.3491863627888214e-16
3,1,step,False,16,2.2308898068401075,0.05767571849716842,0.1483887015502241,1.6678017973001766,29.913116794190373,4,1.419443889218377,53,12.000000000703947,16.602647878730206,2.7772449603376677,3,0.29217216783002453,0,1.5615755036669832,1.0,4.3491863627888214e-16
3,1,step,False,17,0.9897997487825622,0.20050743779974778,0.23025120718122502,0.7823522654289061,81.85760306373517,4,1.2668221508812167,130,29.688235730993995,42.488633301819924,2.9035966086519727,3,0.429063354160768,0,1.5615755036669832,1.0,4.3491863627888214e-16
3,1,step,False,18,0.5590769175905304,0.48061092304107655,0.17919368873205777,0.5057778254642993,92.05003247630124,4,1.1697464886624773,143,34.46379207333563,47.075097607185626,2.938419086019552,3,0.36007508044534337,0,1.5615755036669832,1.0,4.3491863627888214e-16
3,1,step,False,19,0.3614042791791365,0.5794367615062305,0.5443529209573507,0.4283663315382897,94.70932325003324,4,1.2914698356524905,147,32.555472275433054,45.326689933314725,2.9163313430575655,3,0.31240242005634256,0,1.5615755036669832,1.0,4.3491863627888214e-16
3,1,step,False,20,1.1237436745120502,0.2097935767635939,0.1506943399034853,0.8784531211345564,74.65822521997791,4,1.2522667698187906,126,29.580320927251453,39.15800024600011,2.755154227679342,3,0.2957348543912472,0,1.5615755036669832,1.0,4.3491863627888214e-16
3,1,step,False,21,0.48646786313588014,0.48918980768349457,0.8470192076832614,0.3288886919527557,78.49371927859829,4,1.2956308258276654,125,26.417901366606994,36.81208911139034,2.693227929376703,3,0.44267947847511113,0,1.5615755036669832,1.0,4.3491863627888214e-16
3,1,step,False,22,1.1811721758476943,0.5671124809015966,0.13474149447518272,0.7396946074727961,35.3537841656409,4,1.6002462899003156,65,12.000000001045414,16.81212312582696,2.340317431032207,3,0.33216760356379216,0,1.5615755036669832,1.0,4.3491863627888214e-16
3,1,step,False,23,0.5342055744252718,0.7713872970687083,0.15393891255971237,0.5884220754114263,20.35954427838876,4,1.4853578680848185,45,12.000000000979252,17.649208599573743,1.6117748430731833,3,0.39742328762501816,0,1.5615755036669832,1.0,4.3491863627888214e-16
3,2,step,False,0,2.012293809437055,0.11387532492702558,0.08380084713341804,1.5402516091339595,37.93057280478205,4,1.3455784074471395,70,12.000000000309582,15.745462814577426,2.248086264062102,3,0.2410641736486046,0,1.1042006279777221,0.6129528433084488,1.009395946442005e-14
3,2,step,False,1,0.7367854000076806,0.3565065515128481,0.3033297504573349,0.6440423118210855,57.99527211735812,4,1.3382596057270464,106,15.110817040987826,22.54189393177929,2.5286057564777584,3,0.19507052478895634,0,1.1042006279777221,0.6129528433084488,1.009395946442005e-14
3,2,step,False,2,0.6609735095724033,0.34461981095160726,0.38623699695226416,0.7646360036319266,63.15955652333682,4,1.3465946908914779,109,14.871519671039318,21.881134385065078,2.885785342823825,3,0.237696235233224,0,1.1042006279777221,0.6129528433084488,1.009395946442005e-14
3,2,step,False,3,1.5791575861932878,0.5271542444505496,0.24354967217360451,1.115232313634725,50.09814652505192,4,1.4943202051199926,94,14.244804322554922,18.555465567919487,2.8659011617639156,3,0.23804286569913327,0,1.1042006279777221,0.6129528433084488,1.009395946442005e-14
3,2,step,False,4,1.2628620126326964,0.6020668902043617,0.16950896581629626,0.9902355710827684,82.79149624132033,4,1.204873137523886,136,28.90202520290406,37.99184784401003,2.7997148528646014,3,0.2353283320548841,0,1.1042006279777221,0.6129528433084488,1.009395946442005e-14
3,2,step,False,5,2.203884775882906,0.14558803278262433,0.10451028839151918,1.6749614487151394,26.607861162891997,4,1.6151408514682852,50,12.000000000263597,17.59302605695956,2.4154520571426357,3,0.21245520239234472,0,1.1042006279777221,0.6129528433084488,1.009395946442005e-14
3,2,step,False,6,1.3474154075443938,0.14609568797672495,0.21320513794625756,0.9864678493589868,22.494725083016796,4,1.6539183287774182,46,12.000000000729795,17.111074377606478,2.442334307569001,3,0.23179335388525052,0,1.1042006279777221,0.6129528433084488,1.009395946442005e-14
3,2,step,False,7,0.637017188984615,0.13414068211918417,0.3707487381791445,0.6031598226075812,88.99898775563832,4,1.2111449125455207,139,30.740817258035438,42.73570994232684,2.9753661979015353,3,0.23610104356032155,0,1.1042006279777221,0.6129528433084488,1.009395946442005e-14
3,2,step,False,8,1.1241654617540675,0.24575770366733787,0.17177864712806812,0.9203420329676484,88.03765048272967,4,1.257016970154669,145,28.769749148622477,39.37026424117545,2.8645622279123377,3,0.2760422711537984,0,1.1042006279777221,0.6129528433084488,1.009395946442005e-14
3,2,step,False,9,0.3160041946949852,0.9187925049243039,0.4686036486010847,0.23123521902121053,108.0706132519012,4,1.2117144547233307,161,45.37116157282798,59.044811010541,2.963502108542752,3,0.21380620577548876,0,1.1042006279777221,0.6129528433084488,1.009395946442005e-14
3,2,step,False,10,0.5495978082565923,0.9535233768419135,0.42324479036028734,0.5960798006648088,39.635768704361176,4,1.524224254169316,70,14.594194580335085,21.373710338836823,2.393989414479433,3,0.14189894402596737,0,1.1042006279777221,0.6129528433084488,1.009395946442005e-14
3,2,step,False,11,1.145507073081825,0.3006693673153958,0.33149742431484497,0.8515123938283693,53.50595265384432,4,1.3543931342986377,91,17.85792317804857,24.480235983575476,2.895684702279737,3,0.1718405518177836,0,1.1042006279777221,0.6129528433084488,1.009395946442005e-14
3,2,step,False,12,1.6167986815583852,0.32022177442131455,0.1241686154860682,1.1627560541958475,35.30335441281399,4,1.470880390822856,74,12.000000001206601,17.531166164446848,2.1550566831349682,3,0.34824612435041746,0,1.1042006279777221,0.6129528433084488,1.009395946442005e-14
3,2,step,False,13,1.4957891254472597,0.03999438774601776,0.23475545137318865,1.2212379390800372,37.83702709614994,4,1.514555800642806,63,12.279092036334117,17.065997313012584,2.803091225960861,3,0.1836398032435897,0,1.1042006279777221,0.6129528433084488,1.009395946442005e-14
3,2,step,False,14,1.2928729106443955,0.12986858578628782,0.11101843678701802,1.025695678413242,59.557835607351116,4,1.3574636402010074,100,21.683036866994183,29.28330522291063,2.6616106138136857,3,0.15472410760921307,0,1.1042006279777221,0.6129528433084488,1.009395946442005e-14
3,2,step,False,15,1.0821811863143032,0.16637852126496883,0.077442052285507,0.9211732005257176,80.57983105058655,4,1.2621418675497373,123,30.96364142235735,41.58752911586777,2.8980703901886113,3,0.24904283728673446,0,1.1042006279777221,0.6129528433084488,1.009395946442005e-14
3,2,step,False,16,2.2308898068401075,0.04548633030965245,0.1483887015502241,1.6678017973001766,29.913116794190373,4,1.419443889218377,53,12.000000000220822,16.210234305940943,2.7772449603376677,3,0.18269245285863395,0,1.1042006279777221,0.6129528433084488,1.009395946442005e-14
3,2,step,False,17,0.9897997487825622,0.1629266844712094,0.23025120718122502,0.7823522654289061,81.85760306373517,4,1.2668221508812167,130,27.127188542727996,36.84630060952706,2.9035966086519727,3,0.2339214721667348,0,1.1042006279777221,0.6129528433084488,1.009395946442005e-14
3,2,step,False,18,0.5590769175905304,0.24689061609147822,0.17919368873205777,0.5057778254642993,92.05003247630124,4,1.1697464886624773,143,32.90405283382717,45.85329245793944,2.938419086019552,3,0.22747032524968402,0,1.1042006279777221,0.6129528433084488,1.009395946442005e-14
3,2,step,False,19,0.3614042791791365,0.5917048770077524,0.5443529209573507,0.4283663315382897,94.70932325003324,4,1.2914698356524905,147,32.00761967148716,46.141371138565376,2.9163313430575655,3,0.21595907732548741,0,1.1042006279777221,0.6129528433084488,1.009395946442005e-14
3,2,step,False,20,1.1237436745120502,0.17303851364415637,0.1506943399034853,0.8784531211345564,74.65822521997791,4,1.2522667698187906,126,28.71224055931155,38.75364185924961,2.755154227679342,3,0.18347957360085423,0,1.1042006279777221,0.6129528433084488,1.009395946442005e-14
3,2,step,False,21,0.48646786313588014,0.8922076440831617,0.8470192076832614,0.3288886919527557,78.49371927859829,4,1.2956308258276654,125,29.740317525724947,42.49173033668525,2.693227929376703,3,0.23087815973939352,0,1.1042006279777221,0.6129528433084488,1.009395946442005e-14
3,2,step,False,22,1.1811721758476943,0.4823801115903492,0.13474149447518272,0.7396946074727961,35.3537841656409,4,1.6002462899003156,65,12.000000000958114,17.24731197214728,2.340317431032207,3,0.1883574064604691,0,1.1042006279777221,0.6129528433084488,1.009395946442005e-14
3,2,step,False,23,0.5342055744252718,0.5696919556497058,0.15393891255971237,0.5884220754114263,20.35954427838876,4,1.4853578680848185,45,12.000000000949058,17.61596525992403,1.6117748430731833,3,0.31138710644661505,0,1.1042006279777221,0.6129528433084488,1.009395946442005e-14
3,3,step,False,0,2.012293809437055,0.06996331193795906,0.08380084713341804,1.5402516091339595,37.93057280478205,4,1.3455784074471395,70,12.000000000396073,15.26600151976849,2.248086264062102,3,0.14163402321244392,0,0.7807877518334915,0.3677609860897064,5.116922231355466e-14
3,3,step,False,1,0.7367854000076806,0.2810589919234382,0.3033297504573349,0.6440423118210855,57.99527211735812,4,1.3382596057270464,106,17.212611713352977,27.16553928896452,2.5286057564777584,3,0.19886804431437355,0,0.7807877518334915,0.3677609860897064,5.116922231355466e-14
3,3,step,False,2,0.6609735095724033,0.28924437915614465,0.38623699695226416,0.7646360036319266,63.15955652333682,4,1.3465946908914779,109,18.42034856027056,27.19907503664828,2.885785342823825,3,0.07761017682011838,0,0.7807877518334915,0.3677609860897064,5.116922231355466e-14
3,3,step,False,3,1.5791575861932878,0.7177341583719894,0.24354967217360451,1.115232313634725,50.09814652505192,4,1.4943202051199926,94,16.091894998055828,21.550216976486066,2.8659011617639156,3,0.11718509906870668,0,0.7807877518334915,0.3677609860897064,5.116922231355466e-14
3,3,step,False,4,1.2628620126326964,0.8095356534637773,0.16950896581629626,0.9902355710827684,82.79149624132033,4,1.204873137523886,136,28.218956240157336,38.599963769023056,2.7997148528646014,3,0.1791353271502776,0,0.7807877518334915,0.3677609860897064,5.116922231355466e-14
3,3,step,False,5,2.203884775882906,0.21044274303745833,0.10451028839151918,1.6749614487151394,26.607861162891997,4,1.6151408514682852,50,12.000000000315044,16.054310789698036,2.4154520571426357,3,0.11159506454536579,0,0.7807877518334915,0.3677609860897064,5.116922231355466e-14
3,3,step,False,6,1.3474154075443938,0.17289461676033344,0.21320513794625756,0.9864678493589868,22.494725083016796,4,1.6539183287774182,46,12.0000000002328,16.096535384227664,2.442334307569001,3,0.138938258107053,0,0.7807877518334915,0.3677609860897064,5.116922231355466e-14
3,3,step,False,7,0.637017188984615,0.1634389095647111,0.3707487381791445,0.6031598226075812,88.99898775563832,4,1.2111449125455207,139,31.805965437876257,43.113935847129774,2.9753661979015353,3,0.08122921483097462,0,0.7807877518334915,0.3677609860897064,5.116922231355466e-14
3,3,step,False,8,1.1241654617540675,0.28544149387016254,0.17177864712806812,0.9203420329676484,88.03765048272967,4,1.257016970154669,145,28.00550168619352,37.46566799176113,2.8645622279123377,3,0.1499216050420892,0,0.7807877518334915,0.3677609860897064,5.116922231355466e-14
3,3,step,False,9,0.3160041946949852,0.9030792403498701,0.4686036486010847,0.23123521902121053,108.0706132519012,4,1.2117144547233307,161,47.07671901289,60.300967808597434,2.963502108542752,3,0.11546270187146557,0,0.7807877518334915,0.3677609860897064,5.116922231355466e-14
3,3,step,False,10,0.5495978082565923,0.700559576696071,0.42324479036028734,0.5960798006648088,39.635768704361176,4,1.524224254169316,70,15.02046871569721,20.821215497303413,2.393989414479433,3,0.2002365466564562,0,0.7807877518334915,0.3677609860897064,5.116922231355466e-14
3,3,step,False,11,1.145507073081825,0.2483416390920684,0.33149742431484497,0.8515123938283693,53.50595265384432,4,1.3543931342986377,91,17.02680205789216,22.633075164722026,2.895684702279737,3,0.14384509897147332,0,0.7807877518334915,0.3677609860897064,5.116922231355466e-14
3,3,step,False,12,1.6167986815583852,0.1780487723032127,0.1241686154860682,1.1627560541958475,35.30335441281399,4,1.470880390822856,74,12.000000000135636,17.923253372194697,2.1550566831349682,3,0.2487573355068698,0,0.7807877518334915,0.3677609860897064,5.116922231355466e-14
3,3,step,False,13,1.4957891254472597,0.08502821480901214,0.23475545137318865,1.2212379390800372,37.83702709614994,4,1.514555800642806,63,12.000000001134596,16.68235945967132,2.803091225960861,3,0.154810199678951,0,0.7807877518334915,0.3677609860897064,5.116922231355466e-14
3,3,step,False,14,1.2928729106443955,0.12445327941570011,0.11101843678701802,1.025695678413242,59.557835607351116,4,1.3574636402010074,100,17.417126419710904,22.093547508934897,2.6616106138136857,3,0.15992302309712547,0,0.7807877518334915,0.3677609860897064,5.116922231355466e-14
3,3,step,False,15,1.0821811863143032,0.16595968221623364,0.077442052285507,0.9211732005257176,80.57983105058655,4,1.2621418675497373,123,30.400840356505068,38.99685364777238,2.8980703901886113,3,0.14694703983592436,0,0.7807877518334915,0.3677609860897064,5.116922231355466e-14
3,3,step,False,16,2.2308898068401075,0.07935274788025885,0.1483887015502241,1.6678017973001766,29.913116794190373,4,1.419443889218377,53,12.000000000366862,15.203563815301608,2.7772449603376677,3,0.1500755937495372,0,0.7807877518334915,0.3677609860897064,5.116922231355466e-14
3,3,step,False,17,0.9897997487825622,0.20530025053126982,0.23025120718122502,0.7823522654289061,81.85760306373517,4,1.2668221508812167,130,26.9249976548414,34.91222904178974,2.9035966086519727,3,0.08442197767835354,0,0.7807877518334915,0.3677609860897064,5.116922231355466e-14
3,3,step,False,18,0.5590769175905304,0.1904416309581551,0.17919368873205777,0.5057778254642993,92.05003247630124,4,1.1697464886624773,143,34.15030281010583,46.12887512022833,2.938419086019552,3,0.12856463087611136,0,0.7807877518334915,0.3677609860897064,5.116922231355466e-14
3,3,step,False,19,0.3614042791791365,0.6058192216175481,0.5443529209573507,0.4283663315382897,94.70932325003324,4,1.2914698356524905,147,30.713374341297083,43.060762739565526,2.9163313430575655,3,0.11482477907717248,0,0.7807877518334915,0.3677609860897064,5.116922231355466e-14
3,3,step,False,20,1.1237436745120502,0.1935737799698753,0.1506943399034853,0.8784531211345564,74.65822521997791,4,1.2522667698187906,126,27.477367718516714,37.21053889536924,2.755154227679342,3,0.16133154456317156,0,0.7807877518334915,0.3677609860897064,5.116922231355466e-14
3,3,step,False,21,0.48646786313588014,0.7525528035334114,0.8470192076832614,0.3288886919527557,78.49371927859829,4,1.2956308258276654,125,32.15653852398325,46.776680863068755,2.693227929376703,3,0.16081461483378742,0,0.7807877518334915,0.3677609860897064,5.116922231355466e-14
3,3,step,False,22,1.1811721758476943,0.45384029775754303,0.13474149447518272,0.7396946074727961,35.3537841656409,4,1.6002462899003156,65,12.0000000008662,18.380363520512653,2.340317431032207,3,0.16105979850071747,0,0.7807877518334915,0.3677609860897064,5.116922231355466e-14
3,3,step,False,23,0.5342055744252718,0.5381434542151754,0.15393891255971237,0.5884220754114263,20.35954427838876,4,1.4853578680848185,45,12.000000000892292,17.066300651060153,1.6117748430731833,3,0.21064427190033835,0,0.7807877518334915,0.3677609860897064,5.116922231355466e-14
4,0,init,False,0,0.7314387939142174,0.7450461345457544,0.5073575779719194,0.3488720987583121,44.639233131341264,4,1.4717034210320197,80,nan,nan,2.70029024724345,3,nan,0,nan,nan,nan
4,0,init,False,1,0.1901008407877457,0.5387740353104102,0.8060556090402555,0.1562697109825038,95.16254019214296,4,1.1874728407876145,152,nan,nan,2.8063796167440547,3,nan,0,nan,nan,nan
4,0,init,False,2,1.441147482065505,0.12547491477965414,0.09893059557084266,0.875115265500899,70.04878199399387,4,1.2364578866533147,111,nan,nan,2.927552482503763,3,nan,0,nan,nan,nan
4,0,init,False,3,0.767155368090763,0.8806226397998046,0.39211122835536594,0.3000681300408479,100.75550557741175,4,1.2565369514170905,162,nan,nan,2.82633341142597,3,nan,0,nan,nan,nan
4,0,init,False,4,0.5621501343069247,0.4001306997553786,0.10521224533694302,0.31103520024761433,89.49245843116506,4,1.1743079759427548,143,nan,nan,2.9082430367581877,3,nan,0,nan,nan,nan
4,0,init,False,5,1.741348863480143,0.18019803974502965,0.13551876239308314,1.0518740386369914,46.93688532852703,4,1.300178936994807,78,nan,nan,2.6855431830532597,3,nan,0,nan,nan,nan
4,0,init,False,6,1.1638828463724025,0.12021083452670073,0.06289977297936399,0.622028426472157,73.73652846831166,4,1.3447438919268,122,nan,nan,2.9009983942777633,3,nan,0,nan,nan,nan
4,0,init,False,7,2.6451436560886648,0.021279567571159452,0.07602073873092775,1.546293103374471,13.3769927683865,4,1.5612099688142451,29,nan,nan,1.8547885538293745,3,nan,0,nan,nan,nan
4,0,init,False,8,1.1773111634983904,0.22117886229598382,0.23291791713110763,0.7933264009229355,64.15268601527599,4,1.229517982047906,102,nan,nan,2.7779322813977054,3,nan,0,nan,nan,nan
4,0,init,False,9,2.021911938662873,0.11474361406792581,0.03730169591404009,1.2721400504958391,18.556817078819357,4,1.3693512604865345,39,nan,nan,2.126737249611038,3,nan,0,nan,nan,nan
4,0,init,False,10,1.5164206506624354,0.20094704188061374,0.13808931204054878,0.8302204335831187,46.70874174669558,4,1.527742603416708,79,nan,nan,2.894637204094119,3,nan,0,nan,nan,nan
4,0,init,False,11,1.7873261353014271,0.3620240303078772,0.26528785634809443,1.126051849928676,57.084695115331876,4,1.5808953940501442,96,nan,nan,2.60913255641355,3,nan,0,nan,nan,nan
4,0,init,False,12,0.4960937291639991,0.48148411753312864,0.4108634612164743,0.3111488363554541,63.6783197134603,4,1.3589012809914252,108,nan,nan,2.960605448953177,3,nan,0,nan,nan,nan
4,0,init,False,13,0.7733730741862967,0.7019126788451838,0.25563087505352156,0.451534386767639,66.83403132970636,4,1.329152171362885,115,nan,nan,2.855557723233121,3,nan,0,nan,nan,nan
4,0,init,False,14,1.2441028283176079,0.4017169048792213,0.08698193174574825,0.7674945914542526,58.061725957454186,4,1.2633188937440742,98,nan,nan,2.7652050589997046,3,nan,0,nan,nan,nan
4,0,init,False,15,1.020636180189332,0.1299202666332921,0.06380384431239458,0.6787413011425951,58.51959310555104,4,1.2981172287303016,108,nan,nan,2.958994206216348,3,nan,0,nan,nan,nan
4,0,init,False,16,0.6465795769665226,0.5572098456880025,0.44473672083792226,0.3681701844501494,97.89745695364742,4,1.2003166810382462,147,nan,nan,2.923924655455956,3,nan,0,nan,nan,nan
4,0,init,False,17,1.3800791253006297,0.17113040714641523,0.3454219447144979,0.7570265018045935,48.80763556737149,4,1.4697516896109295,86,nan,nan,2.8458162569145267,3,nan,0,nan,nan,nan
4,0,init,False,18,1.9545733255213382,0.1734032492476009,0.17340324924760217,1.3881731250162486,7.853191170770043,4,1.7569804946433485,22,nan,nan,1.0,1,nan,0,nan,nan,nan
4,0,init,False,19,0.8642655972196809,0.6884346776557059,0.03665801877604915,0.45671670486002897,61.87620529710102,4,1.340721252836389,104,nan,nan,2.9441104665741795,3,nan,0,nan,nan,nan
4,0,init,False,20,0.4015157065634968,0.09553030176328495,0.735242077860848,0.23255373067413956,32.3597539167309,4,1.4465041377328534,59,nan,nan,2.6799202987995057,3,nan,0,nan,nan,nan
4,0,init,False,21,1.0339699688965198,0.14316599556041945,0.12056576519138043,0.6144482949458159,110.95355214142103,4,1.16420689553413,158,nan,nan,2.8325130346728526,3,nan,0,nan,nan,nan
4,0,init,False,22,0.8323167227644012,0.19370791104893295,0.13164829101919223,0.5634638051950027,28.29923000992318,4,1.2823286814629669,48,nan,nan,2.849794411913929,3,nan,0,nan,nan,nan
4,0,init,False,23,0.6269417020834565,0.18647168760878174,0.38204053994893644,0.33682594423068674,84.20743898946,4,1.3641352759470966,132,nan,nan,2.96277875304588,3,nan,0,nan,nan,nan
4,1,step,False,0,0.7314387939142174,0.7296408031682019,0.5073575779719194,0.3488720987583121,44.639233131341264,4,1.4717034210320197,80,12.000000000187091,18.36231195118544,2.70029024724345,3,0.23979549754167936,0,1.5893452000177961,1.0,3.802061714350407e-16
4,1,step,False,1,0.1901008407877457,0.5138650209114591,0.8060556090402555,0.1562697109825038,95.16254019214296,4,1.1874728407876145,152,30.42662057704763,44.156256981023,2.8063796167440547,3,0.3277807520952183,0,1.5893452000177961,1.0,3.802061714350407e-16
4,1,step,False,2,1.441147482065505,0.09470203736870864,0.09893059557084266,0.875115265500899,70.04878199399387,4,1.2364578866533147,111,21.88223548020074,29.81173253236193,2.927552482503763,3,0.2616491714381419,0,1.5893452000177961,1.0,3.802061714350407e-16
4,1,step,False,3,0.767155368090763,0.8736525752355011,0.39211122835536594,0.3000681300408479,100.75550557741175,4,1.2565369514170905,162,36.94905793727604,50.487823389069,2.82633341142597,3,0.24751121514521776,0,1.5893452000177961,1.0,3.802061714350407e-16
4,1,step,False,4,0.5621501343069247,0.3724524009110799,0.10521224533694302,0.31103520024761433,89.49245843116506,4,1.1743079759427548,143,35.40288280778162,49.32900839808475,2.9082430367581877,3,0.3260510045015697,0,1.5893452000177961,1.0,3.802061714350407e-16
4,1,step,False,5,1.741348863480143,0.2041976537422904,0.13551876239308314,1.0518740386369914,46.93688532852703,4,1.300178936994807,78,14.18712793226074,20.63637407450372,2.6855431830532597,3,0.2869980657427397,0,1.5893452000177961,1.0,3.802061714350407e-16
4,1,step,False,6,1.1638828463724025,0.23495062649372594,0.06289977297936399,0.622028426472157,73.73652846831166,4,1.3447438919268,122,27.282808259752084,37.815597881797714,2.9009983942777633,3,0.3023348381116019,0,1.5893452000177961,1.0,3.802061714350407e-16
4,1,step,False,7,2.6451436560886648,0.0634190233707653,0.07602073873092775,1.546293103374471,13.3769927683865,4,1.5612099688142451,29,12.00000000094632,18.808527650286536,1.8547885538293745,3,0.3559447005943514,0,1.5893452000177961,1.0,3.802061714350407e-16
4,1,step,False,8,1.1773111634983904,0.12327842852150744,0.23291791713110763,0.7933264009229355,64.15268601527599,4,1.229517982047906,102,22.14512891317337,30.00529150549333,2.7779322813977054,3,0.2438864908729655,0,1.5893452000177961,1.0,3.802061714350407e-16
4,1,step,False,9,2.021911938662873,0.14562689501864395,0.03730169591404009,1.2721400504958391,18.556817078819357,4,1.3693512604865345,39,12.000000000500275,17.998385666348444,2.126737249611038,3,0.23933497196075804,0,1.5893452000177961,1.0,3.802061714350407e-16
4,1,step,False,10,1.5164206506624354,0.11984212924917735,0.13808931204054878,0.8302204335831187,46.70874174669558,4,1.527742603416708,79,15.88586239200536,23.671434326590305,2.894637204094119,3,0.3853066803840102,0,1.5893452000177961,1.0,3.802061714350407e-16
4,1,step,False,11,1.7873261353014271,0.48507626116047126,0.26528785634809443,1.126051849928676,57.084695115331876,4,1.5808953940501442,96,16.934463209239592,24.277678458123926,2.60913255641355,3,0.21222764813334763,0,1.5893452000177961,1.0,3.802061714350407e-16
4,1,step,False,12,0.4960937291639991,0.47803965056144093,0.4108634612164743,0.3111488363554541,63.6783197134603,4,1.3589012809914252,108,18.425165416187124,25.54088599863783,2.960605448953177,3,0.34744256954441316,0,1.5893452000177961,1.0,3.802061714350407e-16
4,1,step,False,13,0.7733730741862967,0.6757055302769354,0.25563087505352156,0.451534386767639,66.83403132970636,4,1.329152171362885,115,18.09668162674781,27.251058628448416,2.855557723233121,3,0.357160263514401,0,1.5893452000177961,1.0,3.802061714350407e-16
4,1,step,False,14,1.2441028283176079,0.4839622870926846,0.08698193174574825,0.7674945914542526,58.061725957454186,4,1.2633188937440742,98,18.681311522456305,25.606853720183594,2.7652050589997046,3,0.2514023880471366,0,1.5893452000177961,1.0,3.802061714350407e-16
4,1,step,False,15,1.020636180189332,0.20608473981396383,0.06380384431239458,0.6787413011425951,58.51959310555104,4,1.2981172287303016,108,16.919473306581814,25.11235260271079,2.958994206216348,3,0.2524464246425814,0,1.5893452000177961,1.0,3.802061714350407e-16
4,1,step,False,16,0.6465795769665226,0.4412146230322262,0.44473672083792226,0.3681701844501494,97.89745695364742,4,1.2003166810382462,147,36.715597490790174,52.64884482421617,2.923924655455956,3,0.2775211210578676,0,1.5893452000177961,1.0,3.802061714350407e-16
4,1,step,False,17,1.3800791253006297,0.17636353316336922,0.3454219447144979,0.7570265018045935,48.80763556737149,4,1.4697516896109295,86,13.735150674123815,18.06236898152559,2.8458162569145267,3,0.23292355417729105,0,1.5893452000177961,1.0,3.802061714350407e-16
4,1,step,False,18,1.9545733255213382,0.15745325403544141,0.17340324924760217,1.3881731250162486,7.853191170770043,4,1.7569804946433485,22,12.000000000054573,21.21936127943188,1.0,1,0.6367846527175569,0,1.5893452000177961,1.0,3.802061714350407e-16
4,1,step,False,19,0.8642655972196809,0.6880696022244408,0.03665801877604915,0.45671670486002897,61.87620529710102,4,1.340721252836389,104,21.447002476224277,28.496418702030272,2.9441104665741795,3,0.33361144394087916,0,1.5893452000177961,1.0,3.802061714350407e-16
4,1,step,False,20,0.4015157065634968,0.14111126343108546,0.735242077860848,0.23255373067413956,32.3597539167309,4,1.4465041377328534,59,12.000000000128162,18.64035983338688,2.6799202987995057,3,0.32841627024074754,0,1.5893452000177961,1.0,3.802061714350407e-16
4,1,step,False,21,1.0339699688965198,0.1918457120268986,0.12056576519138043,0.6144482949458159,110.95355214142103,4,1.16420689553413,158,47.440106444905595,65.38818605400166,2.8325130346728526,3,0.24439178517271506,0,1.5893452000177961,1.0,3.802061714350407e-16
4,1,step,False,22,0.8323167227644012,0.5094761433081899,0.13164829101919223,0.5634638051950027,28.29923000992318,4,1.2823286814629669,48,12.00000000040423,16.570838013438145,2.849794411913929,3,0.29888568707465535,0,1.5893452000177961,1.0,3.802061714350407e-16
4,1,step,False,23,0.6269417020834565,0.08547457098192211,0.38204053994893644,0.33682594423068674,84.20743898946,4,1.3641352759470966,132,29.45918808884126,41.345521551778255,2.96277875304588,3,0.34687638922486586,0,1.5893452000177961,1.0,3.802061714350407e-16
4,2,step,False,0,0.7314387939142174,0.7868518280887207,0.5073575779719194,0.3488720987583121,44.639233131341264,4,1.4717034210320197,80,13.328537619409063,20.51221375202988,2.70029024724345,3,0.19163212057702275,0,1.1238367685788733,0.6253594756126404,2.0301444554703412e-15
4,2,step,False,1,0.1901008407877457,0.5721508021090698,0.8060556090402555,0.1562697109825038,95.16254019214296,4,1.1874728407876145,152,30.870033943934924,42.005748071872496,2.8063796167440547,3,0.14528474543130113,0,1.1238367685788733,0.6253594756126404,2.0301444554703412e-15
4,2,step,False,2,1.441147482065505,0.057385479804338564,0.09893059557084266,0.875115265500899,70.04878199399387,4,1.2364578866533147,111,22.67745208581249,30.521211570704967,2.927552482503763,3,0.1542869079642344,0,1.1238367685788733,0.6253594756126404,2.0301444554703412e-15
4,2,step,False,3,0.767155368090763,0.8987303922584898,0.39211122835536594,0.3000681300408479,100.75550557741175,4,1.2565369514170905,162,36.15919912577791,48.32224720123637,2.8263334114259706,3,0.20881854557904878,0,1.1238367685788733,0.6253594756126404,2.0301444554703412e-15
4,2,step,False,4,0.5621501343069247,0.4343321797243666,0.10521224533694302,0.31103520024761433,89.49245843116506,4,1.1743079759427548,143,34.75940550935692,49.701500200750814,2.9082430367581877,3,0.14579013097855117,0,1.1238367685788733,0.6253594756126404,2.0301444554703412e-15
4,2,step,False,5,1.741348863480143,0.15636727074134982,0.13551876239308314,1.0518740386369914,46.93688532852703,4,1.300178936994807,78,12.000000000501938,16.440295284367153,2.6855431830532597,3,0.2327253201110239,0,1.1238367685788733,0.6253594756126404,2.0301444554703412e-15
4,2,step,False,6,1.1638828463724025,0.2643297897147567,0.06289977297936399,0.622028426472157,73.73652846831166,4,1.3447438919268,122,28.948914555105105,39.32263220316781,2.9009983942777633,3,0.17356695586590348,0,1.1238367685788733,0.6253594756126404,2.0301444554703412e-15
4,2,step,False,7,2.6451436560886648,0.07292504139071626,0.07602073873092775,1.546293103374471,13.3769927683865,4,1.5612099688142451,29,12.000000000516113,18.349058587991163,1.8547885538293745,3,0.30783356946265394,0,1.1238367685788733,0.6253594756126404,2.0301444554703412e-15
4,2,step,False,8,1.1773111634983904,0.13321406491380935,0.23291791713110763,0.7933264009229355,64.15268601527599,4,1.229517982047906,102,21.894900002847418,28.739150474320525,2.7779322813977054,3,0.22037967501788988,0,1.1238367685788733,0.6253594756126404,2.0301444554703412e-15
4,2,step,False,9,2.021911938662873,0.10237460065345279,0.03730169591404009,1.2721400504958391,18.556817078819357,4,1.3693512604865345,39,12.000000000700139,18.091794092150455,2.126737249611038,3,0.2266191306686241,0,1.1238367685788733,0.6253594756126404,2.0301444554703412e-15
4,2,step,False,10,1.5164206506624354,0.10568522405839863,0.13808931204054878,0.8302204335831187,46.70874174669558,4,1.527742603416708,79,13.845572900440802,20.433260451430186,2.894637204094119,3,0.1562537986433725,0,1.1238367685788733,0.6253594756126404,2.0301444554703412e-15
4,2,step,False,11,1.7873261353014271,0.580189497278133,0.26528785634809443,1.126051849928676,57.084695115331876,4,1.5808953940501442,96,15.482595811351025,22.695745270356106,2.60913255641355,3,0.1434378111734713,0,1.1238367685788733,0.6253594756126404,2.0301444554703412e-15
4,2,step,False,12,0.4960937291639991,0.4350549799285977,0.4108634612164743,0.3111488363554541,63.6783197134603,4,1.3589012809914252,108,18.92190340380627,25.764332887174547,2.960605448953177,3,0.1254245289224257,0,1.1238367685788733,0.6253594756126404,2.0301444554703412e-15
4,2,step,False,13,0.7733730741862967,0.686842298126008,0.25563087505352156,0.451534386767639,66.83403132970636,4,1.329152171362885,115,21.285452933644148,32.57590802586917,2.855557723233121,3,0.25567086399291095,0,1.1238367685788733,0.6253594756126404,2.0301444554703412e-15
4,2,step,False,14,1.2441028283176079,0.5661532616855522,0.08698193174574825,0.7674945914542526,58.061725957454186,4,1.2633188937440742,98,17.548581792136414,25.109042507466775,2.7652050589997046,3,0.1845954372273013,0,1.1238367685788733,0.6253594756126404,2.0301444554703412e-15
4,2,step,False,15,1.020636180189332,0.17060062453064223,0.06380384431239458,0.6787413011425951,58.51959310555104,4,1.2981172287303016,108,17.642122104264534,24.870375547871326,2.958994206216348,3,0.15641802575622873,0,1.1238367685788733,0.6253594756126404,2.0301444554703412e-15
4,2,step,False,16,0.6465795769665226,0.36472629520400635,0.44473672083792226,0.3681701844501494,97.89745695364742,4,1.2003166810382462,147,37.05281270740286,52.70143968799833,2.923924655455956,3,0.1757056372000921,0,1.1238367685788733,0.6253594756126404,2.0301444554703412e-15
4,2,step,False,17,1.3800791253006297,0.21599855719107366,0.3454219447144979,0.7570265018045935,48.80763556737149,4,1.4697516896109295,86,12.105912843358578,16.078429345832934,2.8458162569145267,3,0.19334371994991123,0,1.1238367685788733,0.6253594756126404,2.0301444554703412e-15
4,2,step,False,18,1.9545733255213382,0.1030428192561784,0.17340324924760217,1.3881731250162486,7.853191170770043,4,1.7569804946433485,22,12.000000000298204,20.361511270565305,1.0,1,0.4834952984495921,0,1.1238367685788733,0.6253594756126404,2.0301444554703412e-15
4,2,step,False,19,0.8642655972196809,0.7280897856758456,0.03665801877604915,0.45671670486002897,61.87620529710102,4,1.340721252836389,104,21.66907444724591,28.426810615081337,2.9441104665741795,3,0.12614312939115382,0,1.1238367685788733,0.6253594756126404,2.0301444554703412e-15
4,2,step,False,20,0.4015157065634968,0.06460386838233609,0.735242077860848,0.23255373067413956,32.3597539167309,4,1.4465041377328534,59,12.00000000092296,17.236575449721236,2.6799202987995057,3,0.14729938738702789,0,1.1238367685788733,0.6253594756126404,2.0301444554703412e-15
4,2,step,False,21,1.0339699688965198,0.12316736294367978,0.12056576519138043,0.6144482949458159,110.95355214142103,4,1.16420689553413,158,45.76310849500937,61.47384072374544,2.8325130346728526,3,0.16183440672599925,0,1.1238367685788733,0.6253594756126404,2.0301444554703412e-15
4,2,step,False,22,0.8323167227644012,0.5023003993598731,0.13164829101919223,0.5634638051950027,28.29923000992318,4,1.2823286814629669,48,12.000000000754396,17.25625196365803,2.849794411913929,3,0.19246340133248546,0,1.1238367685788733,0.6253594756126404,2.0301444554703412e-15
4,2,step,False,23,0.6269417020834565,0.06854069428744844,0.38204053994893644,0.33682594423068674,84.20743898946,4,1.3641352759470966,132,30.599494288957896,43.74620941406391,2.96277875304588,3,0.12544806332598274,0,1.1238367685788733,0.6253594756126404,2.0301444554703412e-15
4,3,step,False,0,0.7314387939142174,0.7876100013260268,0.5073575779719194,0.3488720987583121,44.639233131341264,4,1.4717034210320197,80,13.96017517189946,20.334653443614883,2.70029024724345,3,0.12187268361851922,0,0.794672600008898,0.38227999210357666,5.196638137881168e-14
4,3,step,False,1,0.1901008407877457,0.49541786021413564,0.8060556090402555,0.1562697109825038,95.16254019214296,4,1.1874728407876145,152,33.49915819371751,45.427175029026195,2.8063796167440547,3,0.12623895720242473,0,0.794672600008898,0.38227999210357666,5.196638137881168e-14
4,3,step,False,2,1.441147482065505,0.05788648277460007,0.09893059557084266,0.875115265500899,70.04878199399387,4,1.2364578866533147,111,20.790950975978674,27.3971773954867,2.927552482503763,3,0.13617458335891575,0,0.794672600008898,0.38227999210357666,5.196638137881168e-14
4,3,step,False,3,0.767155368090763,0.8994707254078055,0.39211122835536594,0.3000681300408479,100.75550557741175,4,1.2565369514170905,162,36.15448303089413,48.958825335003255,2.82633341142597,3,0.16567917184692532,0,0.794672600008898,0.38227999210357666,5.196638137881168e-14
4,3,step,False,4,0.5621501343069247,0.38443189458959515,0.10521224533694302,0.31103520024761433,89.49245843116506,4,1.1743079759427548,143,30.609374030556207,42.01736859982237,2.9082430367581877,3,0.1265023038078039,0,0.794672600008898,0.38227999210357666,5.196638137881168e-14
4,3,step,False,5,1.741348863480143,0.12881556595970362,0.13551876239308314,1.0518740386369914,46.93688532852703,4,1.300178936994807,78,12.000000000326407,15.839105074348327,2.6855431830532597,3,0.2264965682386434,0,0.794672600008898,0.38227999210357666,5.196638137881168e-14
4,3,step,False,6,1.1638828463724025,0.2637752951487682,0.06289977297936399,0.622028426472157,73.73652846831166,4,1.3447438919268,122,29.61671598375225,39.280521140363945,2.9009983942777633,3,0.1053935243888534,0,0.794672600008898,0.38227999210357666,5.196638137881168e-14
4,3,step,False,7,2.6451436560886648,0.0949952885829515,0.07602073873092775,1.546293103374471,13.3769927683865,4,1.5612099688142451,29,12.000000000290893,17.968770106919585,1.8547885538293745,3,0.5233776446396575,0,0.794672600008898,0.38227999210357666,5.196638137881168e-14
4,3,step,False,8,1.1773111634983904,0.16148941727550073,0.23291791713110763,0.7933264009229355,64.15268601527599,4,1.229517982047906,102,21.71255100550713,28.575575016801977,2.7779322813977054,3,0.14238989424404716,0,0.794672600008898,0.38227999210357666,5.196638137881168e-14
4,3,step,False,9,2.021911938662873,0.11047889163239838,0.03730169591404009,1.2721400504958391,18.556817078819357,4,1.3693512604865345,39,12.000000000608573,17.712537582231597,2.126737249611038,3,0.13704559628679483,0,0.794672600008898,0.38227999210357666,5.196638137881168e-14
4,3,step,False,10,1.5164206506624354,0.10860876706613923,0.13808931204054878,0.8302204335831187,46.70874174669558,4,1.527742603416708,79,12.560053155485958,16.359255956736753,2.894637204094119,3,0.12424540752495762,0,0.794672600008898,0.38227999210357666,5.196638137881168e-14
4,3,step,False,11,1.7873261353014271,0.4902968520427534,0.26528785634809443,1.126051849928676,57.084695115331876,4,1.5808953940501442,96,16.987129913818418,26.31911566532296,2.60913255641355,3,0.10529172305713129,0,0.794672600008898,0.38227999210357666,5.196638137881168e-14
4,3,step,False,12,0.4960937291639991,0.6841068433675946,0.4108634612164743,0.3111488363554541,63.6783197134603,4,1.3589012809914252,108,22.524457111301988,30.646681197865238,2.960605448953177,3,0.10563561893491942,0,0.794672600008898,0.38227999210357666,5.196638137881168e-14
4,3,step,False,13,0.7733730741862967,0.5090190908028481,0.25563087505352156,0.451534386767639,66.83403132970636,4,1.329152171362885,115,22.287919117810006,33.44594924451508,2.855557723233121,3,0.11407655097168976,0,0.794672600008898,0.38227999210357666,5.196638137881168e-14
4,3,step,False,14,1.2441028283176079,0.27568602235276507,0.08698193174574825,0.7674945914542526,58.061725957454186,4,1.2633188937440742,98,18.048284244906732,24.607312105838243,2.7652050589997046,3,0.10017512273880827,0,0.794672600008898,0.38227999210357666,5.196638137881168e-14
4,3,step,False,15,1.020636180189332,0.2935458731964878,0.06380384431239458,0.6787413011425951,58.51959310555104,4,1.2981172287303016,108,18.87389968384633,25.73080524635708,2.958994206216348,3,0.10483615876905517,0,0.794672600008898,0.38227999210357666,5.196638137881168e-14
4,3,step,False,16,0.6465795769665226,0.3519030368136151,0.44473672083792226,0.3681701844501494,97.89745695364742,4,1.2003166810382462,147,37.9346168550491,53.80337898579553,2.923924655455956,3,0.14425033612058605,0,0.794672600008898,0.38227999210357666,5.196638137881168e-14
4,3,step,False,17,1.3800791253006297,0.459192468799599,0.3454219447144979,0.7570265018045935,48.80763556737149,4,1.4697516896109295,86,12.000000000261082,16.75013397108479,2.8458162569145267,3,0.1250002150237351,0,0.794672600008898,0.38227999210357666,5.196638137881168e-14
4,3,step,False,18,1.9545733255213382,0.175272504167744,0.17340324924760217,1.3881731250162486,7.853191170770043,4,1.7569804946433485,22,12.000000000681567,20.147192356169846,1.0,1,0.3081433360902177,0,0.794672600008898,0.38227999210357666,5.196638137881168e-14
4,3,step,False,19,0.8642655972196809,0.8925356348715934,0.03665801877604915,0.45671670486002897,61.87620529710102,4,1.340721252836389,104,22.137152260023527,29.38046011072305,2.9441104665741795,3,0.10382008649485905,0,0.794672600008898,0.38227999210357666,5.196638137881168e-14
4,3,step,False,20,0.4015157065634968,0.31174590536453284,0.735242077860848,0.23255373067413956,32.3597539167309,4,1.4465041377328534,59,12.00000000016133,17.518980429353995,2.6799202987995057,3,0.14362812925424226,0,0.794672600008898,0.38227999210357666,5.196638137881168e-14
4,3,step,False,21,1.0339699688965198,0.07301355019298884,0.12056576519138043,0.6144482949458159,110.95355214142103,4,1.16420689553413,158,44.14215263266267,54.829627482873086,2.8325130346728526,3,0.0928341812242812,0,0.794672600008898,0.38227999210357666,5.196638137881168e-14
4,3,step,False,22,0.8323167227644012,0.37118555862633296,0.13164829101919223,0.5634638051950027,28.29923000992318,4,1.2823286814629669,48,12.000000000159512,16.890282488201926,2.849794411913929,3,0.2051461975468947,0,0.794672600008898,0.38227999210357666,5.196638137881168e-14
4,3,step,False,23,0.6269417020834565,0.9226985744781776,0.38204053994893644,0.33682594423068674,84.20743898946,4,1.3641352759470966,132,29.72411211225492,41.49524814576669,2.96277875304588,3,0.10550961825578063,0,0.794672600008898,0.38227999210357666,5.196638137881168e-14
5,0,init,False,0,1.1820895330230798,0.30387232982687395,0.32411163960540756,0.857374985614215,38.90297561919407,4,1.5071678897923484,67,nan,nan,1.7944674370949696,3,nan,0,nan,nan,nan
5,0,init,False,1,0.26367240428572386,0.8292856373102852,0.16539621168576113,0.22185542112478318,95.84519872031498,4,1.287746448166381,155,nan,nan,2.9661082912800496,3,nan,0,nan,nan,nan
5,0,init,False,2,1.4340599023864413,0.12445543687285686,0.174592190100755,1.158405486237627,55.98291989849718,4,1.3553777963333264,95,nan,nan,2.711602444278969,3,nan,0,nan,nan,nan
5,0,init,False,3,2.0354935116480677,0.19109760857545915,0.05406743463390932,1.7285146722177454,33.44533630616429,4,1.4575318171354017,57,nan,nan,2.6335730204745307,3,nan,0,nan,nan,nan
5,0,init,False,4,1.71708545598336,0.04322726365827332,0.10099193842856587,1.3571937829292102,60.11580097272275,4,1.2389011314110931,99,nan,nan,2.7928086788709896,3,nan,0,nan,nan,nan
5,0,init,False,5,1.1181558309160755,0.15105906694695945,0.08198948536465712,0.7935726957298979,61.19777099850654,4,1.4314713500216605,105,nan,nan,2.7462921611834212,3,nan,0,nan,nan,nan
5,0,init,False,6,0.6253378024127711,0.22684153632641157,0.0994278080918958,0.4892243965605667,110.0586936588459,4,1.2500789463895183,165,nan,nan,2.973815696204649,3,nan,0,nan,nan,nan
5,0,init,False,7,1.2089920649223933,0.2100055348444722,0.09013254848285365,0.9641824706292976,67.29482899156545,4,1.355290842554952,115,nan,nan,2.870026565729044,3,nan,0,nan,nan,nan
5,0,init,False,8,1.9290127460323419,0.11002760353969684,0.11002760353969786,1.4732891678458182,14.016744934235074,4,1.7009976930557105,28,nan,nan,1.0,1,nan,0,nan,nan,nan
5,0,init,False,9,1.3537456170574012,0.022228177339566536,0.01697244973965534,1.04435512009004,73.0190906692872,4,1.3651017948003297,121,nan,nan,2.750285017427781,3,nan,0,nan,nan,nan
5,0,init,False,10,1.0134078727473856,0.2115699795430861,0.1575940360127539,0.7596442934490684,73.13296962220065,4,1.3820441899567106,114,nan,nan,2.890516043662201,3,nan,0,nan,nan,nan
5,0,init,False,11,2.6010207254251076,0.08194597553177038,0.11251685372823621,1.9476187491606891,17.438172763650442,4,1.8152890169892664,36,nan,nan,2.496812069815267,3,nan,0,nan,nan,nan
5,0,init,False,12,0.847995390281777,0.22710937222324729,0.14576423570776728,0.6044797632237658,99.09670441818193,4,1.2786510227569414,158,nan,nan,2.9577913647956575,3,nan,0,nan,nan,nan
5,0,init,False,13,1.158477556120006,0.30313003049116216,0.18855795233335254,0.861497801534667,33.837397863001414,4,1.573040429892719,63,nan,nan,1.6317218464138068,3,nan,0,nan,nan,nan
5,0,init,False,14,1.6911301854914427,0.29800330758960264,0.13234764475274036,1.3948780066692326,36.99050377418594,4,1.5126754161719986,70,nan,nan,2.5095391165817675,3,nan,0,nan,nan,nan
5,0,init,False,15,0.9443564653403165,0.3192249637746159,0.30536971770350596,0.5686140600774047,68.61454808951223,4,1.2549233403767515,114,nan,nan,2.92689581328589,3,nan,0,nan,nan,nan
5,0,init,False,16,1.469340822890217,0.05860672865763124,0.059506334722753726,1.0994060958644145,67.84650810599985,4,1.4085137832519536,117,nan,nan,2.8200202692486878,3,nan,0,nan,nan,nan
5,0,init,False,17,2.426100916153647,0.11275206797863441,0.13396921756337518,1.8155762674298326,30.159664122786523,4,1.3692893234626067,58,nan,nan,2.2941665286469495,3,nan,0,nan,nan,nan
5,0,init,False,18,1.2113073977099769,0.45989502112364966,0.28248299094411533,0.7543919456706542,34.494677777760245,4,1.4694076471196909,65,nan,nan,2.726178758066487,3,nan,0,nan,nan,nan
5,0,init,False,19,0.6565585810840902,0.19786839981173027,0.16920178771608774,0.5798657723895476,94.9924857091055,4,1.1841976947545165,144,nan,nan,2.8112607849156763,3,nan,0,nan,nan,nan
5,0,init,False,20,0.22818447607247358,0.9422125200406275,0.24247710600803601,0.22721771292319382,114.43026484318936,4,1.2019047796631555,169,nan,nan,2.9713634767986816,3,nan,0,nan,nan,nan
5,0,init,False,21,2.8435732924836863,0.09063708881124638,0.14108848787634234,2.2355014986939183,9.042044717524398,4,1.8542263553963083,21,nan,nan,1.8902502288882013,2,nan,0,nan,nan,nan
5,0,init,False,22,1.170997784687522,0.3420872285146253,0.11031236597377962,0.8321436965387609,82.5520169378254,4,1.1535871122095316,135,nan,nan,2.874330430066633,3,nan,0,nan,nan,nan
5,0,init,False,23,0.7465120467117895,0.5437960938551383,0.22621884580915622,0.47678905410900263,67.49268048574271,4,1.1477873774205645,107,nan,nan,2.891183818887826,3,nan,0,nan,nan,nan
5,1,step,False,0,1.1820895330230798,0.17335228956475107,0.32411163960540756,0.857374985614215,38.90297561919407,4,1.5071678897923484,67,12.000000000154806,17.58636001051443,1.7944674370949696,3,0.31179364780709523,0,1.5361907633867116,1.0,5.149520721770061e-16
5,1,step,False,1,0.26367240428572386,0.7496695617279338,0.16539621168576113,0.22185542112478318,95.84519872031498,4,1.287746448166381,155,33.67709180614857,47.36336676718726,2.9661082912800496,3,0.3620660838452742,0,1.5361907633867116,1.0,5.149520721770061e-16
5,1,step,False,2,1.4340599023864413,0.10719506450499028,0.174592190100755,1.158405486237627,55.98291989849718,4,1.3553777963333264,95,16.2232282358807,24.655222482180157,2.711602444278969,3,0.2838572068422034,0,1.5361907633867116,1.0,5.149520721770061e-16
5,1,step,False,3,2.0354935116480677,0.06789207906004491,0.05406743463390932,1.7285146722177454,33.44533630616429,4,1.4575318171354017,57,12.000000000294236,16.58981835759817,2.6335730204745307,3,0.28862519873801085,0,1.5361907633867116,1.0,5.149520721770061e-16
5,1,step,False,4,1.71708545598336,0.11026101563803826,0.10099193842856587,1.3571937829292102,60.11580097272275,4,1.2389011314110931,99,21.634179176079904,29.941043516514128,2.7928086788709896,3,0.2782634295949787,0,1.5361907633867116,1.0,5.149520721770061e-16
5,1,step,False,5,1.1181558309160755,0.07042009537834082,0.08198948536465712,0.7935726957298979,61.19777099850654,4,1.4314713500216605,105,20.09338342682252,27.79327243098916,2.7462921611834212,3,0.26078041077992864,0,1.5361907633867116,1.0,5.149520721770061e-16
5,1,step,False,6,0.6253378024127711,0.4640949927919218,0.0994278080918958,0.4892243965605667,110.0586936588459,4,1.2500789463895183,165,39.19008595268184,52.14454097154675,2.973815696204649,3,0.24819788571373932,0,1.5361907633867116,1.0,5.149520721770061e-16
5,1,step,False,7,1.2089920649223933,0.24126026454965088,0.09013254848285365,0.9641824706292976,67.29482899156545,4,1.355290842554952,115,22.818660679297867,31.59651724682935,2.870026565729044,3,0.29501838903674926,0,1.5361907633867116,1.0,5.149520721770061e-16
5,1,step,False,8,1.9290127460323419,0.11381981268503763,0.11002760353969786,1.4732891678458182,14.016744934235074,4,1.7009976930557105,28,12.000000000273559,17.225202088237182,1.0,1,0.6240400662116825,0,1.5361907633867116,1.0,5.149520721770061e-16
5,1,step,False,9,1.3537456170574012,0.0788148298439387,0.01697244973965534,1.04435512009004,73.0190906692872,4,1.3651017948003297,121,20.507121797576986,32.0715818384732,2.750285017427781,3,0.2107259254539901,0,1.5361907633867116,1.0,5.149520721770061e-16
5,1,step,False,10,1.0134078727473856,0.23885907189315106,0.1575940360127539,0.7596442934490684,73.13296962220065,4,1.3820441899567106,114,25.0304841296724,34.772517725431705,2.890516043662201,3,0.17181303947741694,0,1.5361907633867116,1.0,5.149520721770061e-16
5,1,step,False,11,2.6010207254251076,0.1779710400406781,0.11251685372823621,1.9476187491606891,17.438172763650442,4,1.8152890169892664,36,12.000000000980286,19.689106546084137,2.496812069815267,3,0.36430040579748574,0,1.5361907633867116,1.0,5.149520721770061e-16
5,1,step,False,12,0.847995390281777,0.0677337533522165,0.14576423570776728,0.6044797632237658,99.09670441818193,4,1.2786510227569414,158,36.62482742136224,51.908543908929694,2.9577913647956575,3,0.24418274831529346,0,1.5361907633867116,1.0,5.149520721770061e-16
5,1,step,False,13,1.158477556120006,0.19470326012885952,0.18855795233335254,0.861497801534667,33.837397863001414,4,1.573040429892719,63,12.000000000268273,16.642295904916388,1.6317218464138068,3,0.38598159328513665,0,1.5361907633867116,1.0,5.149520721770061e-16
5,1,step,False,14,1.6911301854914427,0.2159210277799515,0.13234764475274036,1.3948780066692326,36.99050377418594,4,1.5126754161719986,70,12.000000000467612,19.056175904448875,2.5095391165817675,3,0.36408841977624584,0,1.5361907633867116,1.0,5.149520721770061e-16
5,1,step,False,15,0.9443564653403165,0.40776068476624505,0.30536971770350596,0.5686140600774047,68.61454808951223,4,1.2549233403767515,114,24.546968000354262,33.24617060392652,2.92689581328589,3,0.2463221399106123,0,1.5361907633867116,1.0,5.149520721770061e-16
5,1,step,False,16,1.469340822890217,0.10356358194534088,0.059506334722753726,1.0994060958644145,67.84650810599985,4,1.4085137832519536,117,18.534764586363135,28.955810419867785,2.8200202692486878,3,0.26367794705680364,0,1.5361907633867116,1.0,5.149520721770061e-16
5,1,step,False,17,2.426100916153647,0.2706851089008934,0.13396921756337518,1.8155762674298326,30.159664122786523,4,1.3692893234626067,58,12.00000000004576,19.16734513340775,2.2941665286469495,3,0.2485898946826917,0,1.5361907633867116,1.0,5.149520721770061e-16
5,1,step,False,18,1.2113073977099769,0.4993910546283487,0.28248299094411533,0.7543919456706542,34.494677777760245,4,1.4694076471196909,65,12.000000000001737,18.23101599261081,2.726178758066487,3,0.2567110585013259,0,1.5361907633867116,1.0,5.149520721770061e-16
5,1,step,False,19,0.6565585810840902,0.1610209688500677,0.16920178771608774,0.5798657723895476,94.9924857091055,4,1.1841976947545165,144,36.96978609357848,53.55873231954947,2.8112607849156763,3,0.31703745480882345,0,1.5361907633867116,1.0,5.149520721770061e-16
5,1,step,False,20,0.22818447607247358,0.9763599279709911,0.24247710600803601,0.22721771292319382,114.43026484318936,4,1.2019047796631555,169,43.83236656690404,62.06222334747862,2.9713634767986816,3,0.361754844686652,0,1.5361907633867116,1.0,5.149520721770061e-16
5,1,step,False,21,2.8435732924836863,0.11466305094842819,0.14108848787634234,2.2355014986939183,9.042044717524398,4,1.8542263553963083,21,12.000000000635726,18.630834449138387,1.8902502288882013,2,0.26833596306306673,0,1.5361907633867116,1.0,5.149520721770061e-16
5,1,step,False,22,1.170997784687522,0.4206891040541478,0.11031236597377962,0.8321436965387609,82.5520169378254,4,1.1535871122095316,135,29.83058501371553,41.32661134980959,2.874330430066633,3,0.2682915720800341,0,1.5361907633867116,1.0,5.149520721770061e-16
5,1,step,False,23,0.7465120467117895,0.44154113563942576,0.22621884580915622,0.47678905410900263,67.49268048574271,4,1.1477873774205645,107,23.706998561935052,32.99485764915649,2.891183818887826,3,0.2897438675585113,0,1.5361907633867116,1.0,5.149520721770061e-16
5,2,step,False,0,1.1820895330230798,0.09539969531163268,0.32411163960540756,0.857374985614215,38.90297561919407,4,1.5071678897923484,67,12.000000000922512,18.890439930077815,1.7944674370949696,3,0.2105129176537588,0,1.0862509059868828,0.6127912551164627,5.8644913027409e-15
5,2,step,False,1,0.26367240428572386,0.6869398708319427,0.16539621168576113,0.22185542112478318,95.84519872031498,4,1.287746448166381,155,34.94789077108837,51.9454217124788,2.9661082912800496,3,0.31782806102800665,0,1.0862509059868828,0.6127912551164627,5.8644913027409e-15
5,2,step,False,2,1.4340599023864413,0.12209655526703618,0.174592190100755,1.158405486237627,55.98291989849718,4,1.3553777963333264,95,16.291474220591567,24.739181448119627,2.711602444278969,3,0.27493820731553564,0,1.0862509059868828,0.6127912551164627,5.8644913027409e-15
5,2,step,False,3,2.0354935116480677,0.13706790889473025,0.05406743463390932,1.7285146722177454,33.44533630616429,4,1.4575318171354017,57,12.000000000774762,16.28297769223877,2.6335730204745307,3,0.26899769868278806,0,1.0862509059868828,0.6127912551164627,5.8644913027409e-15
5,2,step,False,4,1.71708545598336,0.0874555309829913,0.10099193842856587,1.3571937829292102,60.11580097272275,4,1.2389011314110931,99,17.051074971172135,21.991488705232005,2.7928086788709896,3,0.20730833546716768,0,1.0862509059868828,0.6127912551164627,5.8644913027409e-15
5,2,step,False,5,1.1181558309160755,0.04232019390200839,0.08198948536465712,0.7935726957298979,61.19777099850654,4,1.4314713500216605,105,21.094863624897986,27.996552714190862,2.7462921611834212,3,0.17214050786230042,0,1.0862509059868828,0.6127912551164627,5.8644913027409e-15
5,2,step,False,6,0.6253378024127711,0.43758108931819945,0.0994278080918958,0.4892243965605667,110.0586936588459,4,1.2500789463895183,165,43.46537259662498,60.647707896592735,2.973815696204649,3,0.2622627437665516,0,1.0862509059868828,0.6127912551164627,5.8644913027409e-15
5,2,step,False,7,1.2089920649223933,0.18893752295229657,0.09013254848285365,0.9641824706292976,67.29482899156545,4,1.355290842554952,115,23.635659010340937,33.04782123175545,2.870026565729044,3,0.18940102679594534,0,1.0862509059868828,0.6127912551164627,5.8644913027409e-15
5,2,step,False,8,1.9290127460323419,0.19915732890126048,0.11002760353969786,1.4732891678458182,14.016744934235074,4,1.7009976930557105,28,12.000000000586397,17.17610403245048,1.0,1,0.3612266557285204,0,1.0862509059868828,0.6127912551164627,5.8644913027409e-15
5,2,step,False,9,1.3537456170574012,0.14042258018259052,0.01697244973965534,1.04435512009004,73.0190906692872,4,1.3651017948003297,121,18.413192357510628,26.75492174679182,2.750285017427781,3,0.16031314153985118,0,1.0862509059868828,0.6127912551164627,5.8644913027409e-15
5,2,step,False,10,1.0134078727473856,0.09395038700171564,0.1575940360127539,0.7596442934490684,73.13296962220065,4,1.3820441899567106,114,27.2899565719245,37.07384505327477,2.890516043662201,3,0.15990519647993368,0,1.0862509059868828,0.6127912551164627,5.8644913027409e-15
5,2,step,False,11,2.6010207254251076,0.20774781334188555,0.11251685372823621,1.9476187491606891,17.438172763650442,4,1.8152890169892664,36,12.000000000170267,17.80870419800359,2.496812069815267,3,0.22032944221198741,0,1.0862509059868828,0.6127912551164627,5.8644913027409e-15
5,2,step,False,12,0.847995390281777,0.04063527026206106,0.14576423570776728,0.6044797632237658,99.09670441818193,4,1.2786510227569414,158,38.883166095606185,53.91618920907569,2.9577913647956575,3,0.2418363781657419,0,1.0862509059868828,0.6127912551164627,5.8644913027409e-15
5,2,step,False,13,1.158477556120006,0.2980340528730589,0.18855795233335254,0.861497801534667,33.837397863001414,4,1.573040429892719,63,12.00000000064346,17.310806741204015,1.6317218464138068,3,0.25794837578236857,0,1.0862509059868828,0.6127912551164627,5.8644913027409e-15
5,2,step,False,14,1.6911301854914427,0.1524866021591142,0.13234764475274036,1.3948780066692326,36.99050377418594,4,1.5126754161719986,70,12.000000000761098,18.994747964274257,2.5095391165817675,3,0.21761297083038272,0,1.0862509059868828,0.6127912551164627,5.8644913027409e-15
5,2,step,False,15,0.9443564653403165,0.3818376056421622,0.30536971770350596,0.5686140600774047,68.61454808951223,4,1.2549233403767515,114,24.96411835717933,33.36644676508688,2.92689581328589,3,0.22468781025473336,0,1.0862509059868828,0.6127912551164627,5.8644913027409e-15
5,2,step,False,16,1.469340822890217,0.1066751602961827,0.059506334722753726,1.0994060958644145,67.84650810599985,4,1.4085137832519536,117,17.510051218689448,27.038837690952235,2.8200202692486878,3,0.19641323296148028,0,1.0862509059868828,0.6127912551164627,5.8644913027409e-15
5,2,step,False,17,2.426100916153647,0.27889444915195527,0.13396921756337518,1.8155762674298326,30.159664122786523,4,1.3692893234626067,58,12.000000000036223,17.773205445949053,2.2941665286469495,3,0.1879035398848153,0,1.0862509059868828,0.6127912551164627,5.8644913027409e-15
5,2,step,False,18,1.2113073977099769,0.4487435128689653,0.28248299094411533,0.7543919456706542,34.494677777760245,4,1.4694076471196909,65,12.000000000082991,17.47490720915728,2.726178758066487,3,0.23314760222751166,0,1.0862509059868828,0.6127912551164627,5.8644913027409e-15
5,2,step,False,19,0.6565585810840902,0.1560477383255899,0.16920178771608774,0.5798657723895476,94.9924857091055,4,1.1841976947545165,144,40.09414105474666,57.16439630766508,2.8112607849156763,3,0.2758146227758016,0,1.0862509059868828,0.6127912551164627,5.8644913027409e-15
5,2,step,False,20,0.22818447607247358,0.992423836520713,0.24247710600803601,0.22721771292319382,114.43026484318936,4,1.2019047796631555,169,42.35951543915342,60.53304595527822,2.9713634767986816,3,0.3177967845025153,0,1.0862509059868828,0.6127912551164627,5.8644913027409e-15
5,2,step,False,21,2.8435732924836863,0.1709602042959575,0.14108848787634234,2.2355014986939183,9.042044717524398,4,1.8542263553963083,21,12.000000000644858,18.001067025097527,1.8902502288882013,2,0.2825844606862052,0,1.0862509059868828,0.6127912551164627,5.8644913027409e-15
5,2,step,False,22,1.170997784687522,0.3897714680348684,0.11031236597377962,0.8321436965387609,82.5520169378254,4,1.1535871122095316,135,30.40216328660129,43.016595863092356,2.874330430066633,3,0.1941976396681533,0,1.0862509059868828,0.6127912551164627,5.8644913027409e-15
5,2,step,False,23,0.7465120467117895,0.5385215796821444,0.22621884580915622,0.47678905410900263,67.49268048574271,4,1.1477873774205645,107,24.03235208240459,32.53884508110436,2.891183818887826,3,0.25616192472697036,0,1.0862509059868828,0.6127912551164627,5.8644913027409e-15
5,3,step,False,0,1.1820895330230798,0.1370148344222718,0.32411163960540756,0.857374985614215,38.90297561919407,4,1.5071678897923484,67,12.000000000932372,18.84053453655493,1.7944674370949696,3,0.06807920834598756,0,0.7680953816933557,0.36587241291999817,1.4906297707313195e-14
5,3,step,False,1,0.26367240428572386,0.5823957430627631,0.16539621168576113,0.22185542112478318,95.84519872031498,4,1.287746448166381,155,33.13856361120413,46.0313867395199,2.9661082912800496,3,0.13632031101905795,0,0.7680953816933557,0.36587241291999817,1.4906297707313195e-14
5,3,step,False,2,1.4340599023864413,0.19376403983481896,0.174592190100755,1.158405486237627,55.98291989849718,4,1.3553777963333264,95,15.856213707309273,21.913864634111775,2.711602444278969,3,0.11859643185982763,0,0.7680953816933557,0.36587241291999817,1.4906297707313195e-14
5,3,step,False,3,2.0354935116480677,0.20646617506846368,0.05406743463390932,1.7285146722177454,33.44533630616429,4,1.4575318171354017,57,12.00000000051556,16.326435527682275,2.6335730204745307,3,0.07212624496696877,0,0.7680953816933557,0.36587241291999817,1.4906297707313195e-14
5,3,step,False,4,1.71708545598336,0.12407165790853687,0.10099193842856587,1.3571937829292102,60.11580097272275,4,1.2389011314110931,99,14.55367346775993,18.10506517513695,2.7928086788709896,3,0.10187060235746433,0,0.7680953816933557,0.36587241291999817,1.4906297707313195e-14
5,3,step,False,5,1.1181558309160755,0.044756222579007715,0.08198948536465712,0.7935726957298979,61.19777099850654,4,1.4314713500216605,105,22.30312456815379,29.970296559789965,2.7462921611834212,3,0.11708137216213241,0,0.7680953816933557,0.36587241291999817,1.4906297707313195e-14
5,3,step,False,6,0.6253378024127711,0.3807663142263175,0.0994278080918958,0.4892243965605667,110.0586936588459,4,1.2500789463895183,165,42.858014851140545,57.39556338450047,2.973815696204649,3,0.12683885120767038,0,0.7680953816933557,0.36587241291999817,1.4906297707313195e-14
5,3,step,False,7,1.2089920649223933,0.30392211958518245,0.09013254848285365,0.9641824706292976,67.29482899156545,4,1.355290842554952,115,21.112629149462776,28.60188281997155,2.870026565729044,3,0.13120920869819258,0,0.7680953816933557,0.36587241291999817,1.4906297707313195e-14
5,3,step,False,8,1.9290127460323419,0.23223227383487724,0.11002760353969786,1.4732891678458182,14.016744934235074,4,1.7009976930557105,28,12.000000000501041,16.61455910871842,1.0,1,0.3242405479810614,0,0.7680953816933557,0.36587241291999817,1.4906297707313195e-14
5,3,step,False,9,1.3537456170574012,0.20738747037726585,0.01697244973965534,1.04435512009004,73.0190906692872,4,1.3651017948003297,121,19.24184843102133,26.762532587551704,2.750285017427781,3,0.11640911405130668,0,0.7680953816933557,0.36587241291999817,1.4906297707313195e-14
5,3,step,False,10,1.0134078727473856,0.3155551237949228,0.1575940360127539,0.7596442934490684,73.13296962220065,4,1.3820441899567106,114,30.178252797063614,40.49009093201653,2.890516043662201,3,0.10516414778150446,0,0.7680953816933557,0.36587241291999817,1.4906297707313195e-14
5,3,step,False,11,2.6010207254251076,0.2076742805854622,0.11251685372823621,1.9476187491606891,17.438172763650442,4,1.8152890169892664,36,12.000000000191761,15.925688585993282,2.496812069815267,3,0.1867740281033628,0,0.7680953816933557,0.36587241291999817,1.4906297707313195e-14
5,3,step,False,12,0.847995390281777,0.0922937704124544,0.14576423570776728,0.6044797632237658,99.09670441818193,4,1.2786510227569414,158,40.253936501270346,53.4951341748461,2.9577913647956575,3,0.12516338058488916,0,0.7680953816933557,0.36587241291999817,1.4906297707313195e-14
5,3,step,False,13,1.158477556120006,0.3213639413349212,0.18855795233335254,0.861497801534667,33.837397863001414,4,1.573040429892719,63,13.430375131785688,18.04094939432672,1.6317218464138068,3,0.10691051594056897,0,0.7680953816933557,0.36587241291999817,1.4906297707313195e-14
5,3,step,False,14,1.6911301854914427,0.1705488775719996,0.13234764475274036,1.3948780066692326,36.99050377418594,4,1.5126754161719986,70,12.00000000086795,17.80004058045969,2.5095391165817675,3,0.18275856571749302,0,0.7680953816933557,0.36587241291999817,1.4906297707313195e-14
5,3,step,False,15,0.9443564653403165,0.5497688224310817,0.30536971770350596,0.5686140600774047,68.61454808951223,4,1.2549233403767515,114,24.75782353220504,33.374851413129356,2.92689581328589,3,0.1184553017859618,0,0.7680953816933557,0.36587241291999817,1.4906297707313195e-14
5,3,step,False,16,1.469340822890217,0.09378322865820807,0.059506334722753726,1.0994060958644145,67.84650810599985,4,1.4085137832519536,117,17.262082786776574,25.157806061949145,2.8200202692486878,3,0.17919120873055147,0,0.7680953816933557,0.36587241291999817,1.4906297707313195e-14
5,3,step,False,17,2.426100916153647,0.20555442258620032,0.13396921756337518,1.8155762674298326,30.159664122786523,4,1.3692893234626067,58,12.00000000011291,16.366431604794034,2.2941665286469495,3,0.17239903905897055,0,0.7680953816933557,0.36587241291999817,1.4906297707313195e-14
5,3,step,False,18,1.2113073977099769,0.48525232561859133,0.28248299094411533,0.7543919456706542,34.494677777760245,4,1.4694076471196909,65,12.000000000330001,17.527039078627315,2.726178758066487,3,0.12266953986298326,0,0.7680953816933557,0.36587241291999817,1.4906297707313195e-14
5,3,step,False,19,0.6565585810840902,0.13453738765156617,0.16920178771608774,0.5798657723895476,94.9924857091055,4,1.1841976947545165,144,40.22691412205769,52.780395271294196,2.8112607849156763,3,0.10202568775357151,0,0.7680953816933557,0.36587241291999817,1.4906297707313195e-14
5,3,step,False,20,0.22818447607247358,0.9999094132823804,0.24247710600803601,0.22721771292319382,114.43026484318936,4,1.2019047796631555,169,39.09273657479781,52.38420011795887,2.9713634767986816,3,0.1363436557723836,0,0.7680953816933557,0.36587241291999817,1.4906297707313195e-14
5,3,step,False,21,2.8435732924836863,0.20601699762977094,0.14108848787634234,2.2355014986939183,9.042044717524398,4,1.8542263553963083,21,12.00000000007111,18.109001588514253,1.8902502288882013,2,0.07989269765116798,0,0.7680953816933557,0.36587241291999817,1.4906297707313195e-14
5,3,step,False,22,1.170997784687522,0.3850233940070969,0.11031236597377962,0.8321436965387609,82.5520169378254,4,1.1535871122095316,135,30.444845763199034,41.28145877870949,2.874330430066633,3,0.10559566629689557,0,0.7680953816933557,0.36587241291999817,1.4906297707313195e-14
5,3,step,False,23,0.7465120467117895,0.4550716299021983,0.22621884580915622,0.47678905410900263,67.49268048574271,4,1.1477873774205645,107,27.3131680198044,37.297491731104856,2.891183818887826,3,0.10171282125521605,0,0.7680953816933557,0.36587241291999817,1.4906297707313195e-14
6,0,init,False,0,2.54098135741418,0.2852545387883963,0.10533064186017933,1.6683342527849552,17.46057952630617,4,1.27484943904016,33,nan,nan,1.5707688609171744,3,nan,0,nan,nan,nan
6,0,init,False,1,0.7412300966119058,0.33471045550436423,0.183944991524154,0.4523221269466964,58.75002316755938,4,1.3885988138108036,102,nan,nan,2.8528901645728966,3,nan,0,nan,nan,nan
6,0,init,False,2,0.2768699161868602,0.24192078383294283,0.45106349745289104,0.341659833482148,59.861531152866775,4,1.334131016019222,107,nan,nan,2.6044260793267258,3,nan,0,nan,nan,nan
6,0,init,False,3,0.49089716394589106,0.6023572906797862,0.3314081102594584,0.25780268821821556,84.03306920488411,4,1.2510632781073787,137,nan,nan,2.8591538498433904,3,nan,0,nan,nan,nan
6,0,init,False,4,0.9705931967434145,0.2470729061031442,0.3649086750788676,0.4583565544637617,19.762615612563682,4,1.2898079726077678,47,nan,nan,1.7722303826509713,3,nan,0,nan,nan,nan
6,0,init,False,5,1.595701416217555,0.11438145546933298,0.053804243093254184,0.811757240337845,75.81195041346109,4,1.48316733780218,126,nan,nan,2.9072160198006967,3,nan,0,nan,nan,nan
6,0,init,False,6,1.5853100652539636,0.20923034566676765,0.14833105598803048,0.7215622322955737,53.4790893985892,4,1.3239819964929083,95,nan,nan,2.829226727420198,3,nan,0,nan,nan,nan
6,0,init,False,7,0.4018957436714012,0.7090914025279138,0.5315990105554131,0.2722467318637011,96.64326979807032,4,1.184094946286352,153,nan,nan,2.699463160064144,3,nan,0,nan,nan,nan
6,0,init,False,8,1.2700049529393447,0.05315341012200795,0.12967084321444497,0.6850481526632658,42.525822798838774,4,1.3911741521780545,73,nan,nan,2.7115182103451887,3,nan,0,nan,nan,nan
6,0,init,False,9,1.396706319763929,0.24103358852196058,0.08502041075510425,0.773700771507764,71.97134862060662,4,1.170680791268743,118,nan,nan,2.7470720283530836,3,nan,0,nan,nan,nan
6,0,init,False,10,0.7169159324718162,0.374773007131154,0.1751292513448041,0.39889246314504756,115.49336898557972,4,1.2014671291458443,171,nan,nan,2.922415914119179,3,nan,0,nan,nan,nan
6,0,init,False,11,2.103429569382233,0.35563241909956517,0.14969814237956675,1.1211936545110492,48.80161383275155,4,1.3789303085189457,88,nan,nan,2.530896421448176,3,nan,0,nan,nan,nan
6,0,init,False,12,1.470954417908997,0.17304586559828536,0.04885071827081233,0.8343803663590249,75.62404581090895,4,1.283627964475052,117,nan,nan,2.841447203481652,3,nan,0,nan,nan,nan
6,0,init,False,13,1.388642514644572,0.07429160670686712,0.11153576650856575,0.7809233377273139,40.89857424422631,4,1.2771140316097331,72,nan,nan,2.5704773938298127,3,nan,0,nan,nan,nan
6,0,init,False,14,3.7373453800473535,0.05313389345617949,0.10974758732324526,2.460869903507289,2.7073364238549575,4,4.564046198290462,8,nan,nan,1.0780156009349202,2,nan,0,nan,nan,nan
6,0,init,False,15,0.40616906286920945,0.37579432360819304,0.43286249733228066,0.4135643299208524,50.47056557527236,4,1.434244672769924,91,nan,nan,2.723038829114603,3,nan,0,nan,nan,nan
6,0,init,False,16,0.3890029855377656,0.9582992054775421,0.1816422785489786,0.3081396337178968,122.0736781920817,4,1.2172174899420798,178,nan,nan,2.87333198910624,3,nan,0,nan,nan,nan
6,0,init,False,17,2.1699025667912704,0.17466405359193693,0.18857348268746224,1.2575505083726142,36.98537468571456,4,1.4482690910673952,70,nan,nan,2.5842589120237793,3,nan,0,nan,nan,nan
6,0,init,False,18,2.1977118582756474,0.16771376173112146,0.263495552965022,1.1995074475134946,16.87004217402684,4,1.443738741870929,33,nan,nan,1.5765211707915592,2,nan,0,nan,nan,nan
6,0,init,False,19,0.8905675226758757,0.3478861644469342,0.07690053708953833,0.5973469299301543,79.6001769273492,4,1.2791646380629778,128,nan,nan,2.8438891299032116,3,nan,0,nan,nan,nan
6,0,init,False,20,1.1310230282852698,0.08790545173131914,0.13668771394466506,0.6302446691925783,74.3621311687393,4,1.4697135649056174,122,nan,nan,2.933575942720432,3,nan,0,nan,nan,nan
6,0,init,False,21,2.0401207972277002,0.23761983646480786,0.10018629607509964,1.1638306853755096,56.20392719180741,4,1.334272943232875,93,nan,nan,2.7774650025098535,3,nan,0,nan,nan,nan
6,0,init,False,22,0.9210253947734512,0.2408461970238763,0.12253753551768862,0.5248899521282914,64.23113255828872,4,1.2918368917104768,104,nan,nan,2.866914103161619,3,nan,0,nan,nan,nan
6,0,init,False,23,1.5776915231880368,0.2962056783430035,0.06722009441184132,0.9423351722465786,75.37873253565283,4,1.217459543327222,119,nan,nan,2.6824898109979403,3,nan,0,nan,nan,nan
6,1,step,False,0,2.54098135741418,0.278216459870817,0.10533064186017933,1.6683342527849552,17.46057952630617,4,1.27484943904016,33,12.000000000222037,17.49863111338821,1.5707688609171744,3,0.2517644119757164,0,1.6273409581129943,1.0,3.61737002958387e-16
6,1,step,False,1,0.7412300966119058,0.5640523079757414,0.183944991524154,0.4523221269466964,58.75002316755938,4,1.3885988138108036,102,15.36275977580894,21.212459869668514,2.8528901645728966,3,0.28488269857391446,0,1.6273409581129943,1.0,3.61737002958387e-16
6,1,step,False,2,0.2768699161868602,0.2271799993597066,0.45106349745289104,0.341659833482148,59.861531152866775,4,1.334131016019222,107,16.83259370480924,24.677812307732694,2.6044260793267258,3,0.35461864926161984,0,1.6273409581129943,1.0,3.61737002958387e-16
6,1,step,False,3,0.49089716394589106,0.6199034459536495,0.3314081102594584,0.25780268821821556,84.03306920488411,4,1.2510632781073787,137,26.58959450332477,36.08096288938939,2.8591538498433904,3,0.3518473013394057,0,1.6273409581129943,1.0,3.61737002958387e-16
6,1,step,False,4,0.9705931967434145,0.3610024488430515,0.3649086750788676,0.4583565544637617,19.762615612563682,4,1.2898079726077678,47,12.000000001255453,18.961481019216194,1.7722303826509713,3,0.3687872195217349,0,1.6273409581129943,1.0,3.61737002958387e-16
6,1,step,False,5,1.595701416217555,0.1836947724524394,0.053804243093254184,0.811757240337845,75.81195041346109,4,1.48316733780218,126,23.96852315630904,33.80458412771796,2.9072160198006967,3,0.22209853293741147,0,1.6273409581129943,1.0,3.61737002958387e-16
6,1,step,False,6,1.5853100652539636,0.3744374943962055,0.14833105598803048,0.7215622322955737,53.4790893985892,4,1.3239819964929083,95,13.618710527794772,19.98800139924261,2.829226727420198,3,0.25689663245769806,0,1.6273409581129943,1.0,3.61737002958387e-16
6,1,step,False,7,0.4018957436714012,0.6144495827599683,0.5315990105554131,0.2722467318637011,96.64326979807032,4,1.184094946286352,153,35.1861851967134,46.97883811133255,2.699463160064144,3,0.37130151098160774,0,1.6273409581129943,1.0,3.61737002958387e-16
6,1,step,False,8,1.2700049529393447,0.18215449472619027,0.12967084321444497,0.6850481526632658,42.525822798838774,4,1.3911741521780545,73,12.732039682213614,20.480168688471355,2.7115182103451887,3,0.4104265996147005,0,1.6273409581129943,1.0,3.61737002958387e-16
6,1,step,False,9,1.396706319763929,0.3893849842180401,0.08502041075510425,0.773700771507764,71.97134862060662,4,1.170680791268743,118,25.155465580470995,33.63605214959357,2.7470720283530836,3,0.27276833577308335,0,1.6273409581129943,1.0,3.61737002958387e-16
6,1,step,False,10,0.7169159324718162,0.19701684748026538,0.1751292513448041,0.39889246314504756,115.49336898557972,4,1.2014671291458443,171,49.35571960074817,67.07116552927494,2.922415914119179,3,0.30619777704134904,0,1.6273409581129943,1.0,3.61737002958387e-16
6,1,step,False,11,2.103429569382233,0.45272234146332874,0.14969814237956675,1.1211936545110492,48.80161383275155,4,1.3789303085189457,88,14.519322894768052,19.3033197375298,2.530896421448176,3,0.2734031198007774,0,1.6273409581129943,1.0,3.61737002958387e-16
6,1,step,False,12,1.470954417908997,0.17010234835342303,0.04885071827081233,0.8343803663590249,75.62404581090895,4,1.283627964475052,117,25.79336491686083,38.79039582110543,2.841447203481652,3,0.3494148591490742,0,1.6273409581129943,1.0,3.61737002958387e-16
6,1,step,False,13,1.388642514644572,0.11310554864533078,0.11153576650856575,0.7809233377273139,40.89857424422631,4,1.2771140316097331,72,12.000000001089507,15.879152674075735,2.5704773938298127,3,0.2957674543472985,0,1.6273409581129943,1.0,3.61737002958387e-16
6,1,step,False,14,3.7373453800473535,0.10666109489831656,0.10974758732324526,2.460869903507289,2.7073364238549575,4,4.564046198290462,8,12.000000000543714,21.143064978470722,1.0780156009349202,2,0.2648438762485514,0,1.6273409581129943,1.0,3.61737002958387e-16
6,1,step,False,15,0.40616906286920945,0.6597604818597728,0.43286249733228066,0.4135643299208524,50.47056557527236,4,1.434244672769924,91,12.403690647773246,18.229232119301496,2.723038829114603,3,0.2595196130728089,0,1.6273409581129943,1.0,3.61737002958387e-16
6,1,step,False,16,0.3890029855377656,0.8380237177742624,0.1816422785489786,0.3081396337178968,122.0736781920817,4,1.2172174899420798,178,48.173609060085724,69.33492169693001,2.87333198910624,3,0.4626923295558202,0,1.6273409581129943,1.0,3.61737002958387e-16
6,1,step,False,17,2.1699025667912704,0.3434880578849544,0.18857348268746224,1.2575505083726142,36.98537468571456,4,1.4482690910673952,70,12.00000000047556,17.854343268836526,2.5842589120237793,3,0.31718163774938696,0,1.6273409581129943,1.0,3.61737002958387e-16
6,1,step,False,18,2.1977118582756474,0.18130976592723155,0.263495552965022,1.1995074475134946,16.87004217402684,4,1.443738741870929,33,12.000000000268177,16.922581138009722,1.5765211707915592,2,0.3679240529432342,0,1.6273409581129943,1.0,3.61737002958387e-16
6,1,step,False,19,0.8905675226758757,0.09362090543244099,0.07690053708953833,0.5973469299301543,79.6001769273492,4,1.2791646380629778,128,30.213062681903562,42.1425408445288,2.8438891299032116,3,0.24329170642666756,0,1.6273409581129943,1.0,3.61737002958387e-16
6,1,step,False,20,1.1310230282852698,0.11541683685393482,0.13668771394466506,0.6302446691925783,74.3621311687393,4,1.4697135649056174,122,25.350055972965464,34.337063368970774,2.933575942720432,3,0.2219725071599721,0,1.6273409581129943,1.0,3.61737002958387e-16
6,1,step,False,21,2.0401207972277002,0.1448927462954815,0.10018629607509964,1.1638306853755096,56.20392719180741,4,1.334272943232875,93,17.60425583224027,23.710192275256475,2.7774650025098535,3,0.2710623994132648,0,1.6273409581129943,1.0,3.61737002958387e-16
6,1,step,False,22,0.9210253947734512,0.31657433980416877,0.12253753551768862,0.5248899521282914,64.23113255828872,4,1.2918368917104768,104,23.935624294868877,31.737084635556386,2.866914103161619,3,0.36704184480137897,0,1.6273409581129943,1.0,3.61737002958387e-16
6,1,step,False,23,1.5776915231880368,0.3978484956179869,0.06722009441184132,0.9423351722465786,75.37873253565283,4,1.217459543327222,119,29.76694276056097,41.88065224055272,2.6824898109979403,3,0.29585438806497344,0,1.6273409581129943,1.0,3.61737002958387e-16
6,2,step,False,0,2.54098135741418,0.14436046023667273,0.10533064186017933,1.6683342527849552,17.46057952630617,4,1.27484943904016,33,12.000000000758057,17.443782310507192,1.5707688609171744,3,0.30474665598609363,0,1.1507038267843115,0.6136671900749207,1.0883454992778892e-15
6,2,step,False,1,0.7412300966119058,0.568748905568636,0.183944991524154,0.4523221269466964,58.75002316755938,4,1.3885988138108036,102,17.343513684975232,24.980056514014,2.8528901645728966,3,0.2182398894042144,0,1.1507038267843115,0.6136671900749207,1.0883454992778892e-15
6,2,step,False,2,0.2768699161868602,0.19058524902544652,0.45106349745289104,0.341659833482148,59.861531152866775,4,1.334131016019222,107,19.539937499264997,27.83538918599646,2.6044260793267258,3,0.16104841788127688,0,1.1507038267843115,0.6136671900749207,1.0883454992778892e-15
6,2,step,False,3,0.49089716394589106,0.6552617750441504,0.3314081102594584,0.25780268821821556,84.03306920488411,4,1.2510632781073787,137,27.63192863840922,37.765421342538524,2.8591538498433904,3,0.28825627368353784,0,1.1507038267843115,0.6136671900749207,1.0883454992778892e-15
6,2,step,False,4,0.9705931967434145,0.4094730068034292,0.3649086750788676,0.4583565544637617,19.762615612563682,4,1.2898079726077678,47,12.000000000559986,19.184895832750506,1.7722303826509713,3,0.24208640934385717,0,1.1507038267843115,0.6136671900749207,1.0883454992778892e-15
6,2,step,False,5,1.595701416217555,0.30703563783969523,0.053804243093254184,0.811757240337845,75.81195041346109,4,1.48316733780218,126,21.488198384924846,28.7406534008742,2.9072160198006967,3,0.1788267911725635,0,1.1507038267843115,0.6136671900749207,1.0883454992778892e-15
6,2,step,False,6,1.5853100652539636,0.45822937744664516,0.14833105598803048,0.7215622322955737,53.4790893985892,4,1.3239819964929083,95,15.981362880069842,22.277083938295593,2.829226727420198,3,0.14756842174624205,0,1.1507038267843115,0.6136671900749207,1.0883454992778892e-15
6,2,step,False,7,0.4018957436714012,0.5048766193247007,0.5315990105554131,0.2722467318637011,96.64326979807032,4,1.184094946286352,153,37.82613721904455,50.40207903305795,2.699463160064144,3,0.26420477783403973,0,1.1507038267843115,0.6136671900749207,1.0883454992778892e-15
6,2,step,False,8,1.2700049529393447,0.18285112806281165,0.12967084321444497,0.6850481526632658,42.525822798838774,4,1.3911741521780545,73,13.718316909713446,21.403375250987335,2.7115182103451887,3,0.22752400641322792,0,1.1507038267843115,0.6136671900749207,1.0883454992778892e-15
6,2,step,False,9,1.396706319763929,0.29223396161413684,0.08502041075510425,0.773700771507764,71.97134862060662,4,1.170680791268743,118,25.424453821913453,34.0679575258815,2.7470720283530836,3,0.23233066610142758,0,1.1507038267843115,0.6136671900749207,1.0883454992778892e-15
6,2,step,False,10,0.7169159324718162,0.23074449576815897,0.1751292513448041,0.39889246314504756,115.49336898557972,4,1.2014671291458443,171,47.931789583567294,63.70405153301144,2.922415914119179,3,0.26287186741768015,0,1.1507038267843115,0.6136671900749207,1.0883454992778892e-15
6,2,step,False,11,2.103429569382233,0.5001950685753044,0.14969814237956675,1.1211936545110492,48.80161383275155,4,1.3789303085189457,88,13.221424923380926,17.289052426160687,2.530896421448176,3,0.12539376001612523,0,1.1507038267843115,0.6136671900749207,1.0883454992778892e-15
6,2,step,False,12,1.470954417908997,0.13678511284676323,0.04885071827081233,0.8343803663590249,75.62404581090895,4,1.283627964475052,117,26.6107125638045,38.85979308039651,2.841447203481652,3,0.17440331478383808,0,1.1507038267843115,0.6136671900749207,1.0883454992778892e-15
6,2,step,False,13,1.388642514644572,0.13601062230795785,0.11153576650856575,0.7809233377273139,40.89857424422631,4,1.2771140316097331,72,12.000000001107784,16.561153662942203,2.5704773938298127,3,0.2033422148949271,0,1.1507038267843115,0.6136671900749207,1.0883454992778892e-15
6,2,step,False,14,3.7373453800473535,0.1551165226705553,0.10974758732324526,2.460869903507289,2.7073364238549575,4,4.564046198290462,8,12.000000001583484,20.689394633651062,1.0780156009349202,2,0.247675578944986,0,1.1507038267843115,0.6136671900749207,1.0883454992778892e-15
6,2,step,False,15,0.40616906286920945,0.6520956862021149,0.43286249733228066,0.4135643299208524,50.47056557527236,4,1.434244672769924,91,13.50816763965297,21.531882622209427,2.723038829114603,3,0.22553889044130293,0,1.1507038267843115,0.6136671900749207,1.0883454992778892e-15
6,2,step,False,16,0.3890029855377656,0.7252481877349766,0.1816422785489786,0.3081396337178968,122.0736781920817,4,1.2172174899420798,178,49.13131086771556,68.56415055141161,2.87333198910624,3,0.2839570555873849,0,1.1507038267843115,0.6136671900749207,1.0883454992778892e-15
6,2,step,False,17,2.1699025667912704,0.28127677511919985,0.18857348268746224,1.2575505083726142,36.98537468571456,4,1.4482690910673952,70,12.000000000273008,16.77911229511032,2.5842589120237793,3,0.20693762932518137,0,1.1507038267843115,0.6136671900749207,1.0883454992778892e-15
6,2,step,False,18,2.1977118582756474,0.34424419267100753,0.263495552965022,1.1995074475134946,16.87004217402684,4,1.443738741870929,33,12.000000000086928,16.59900962132377,1.5765211707915592,2,0.31604923614429437,0,1.1507038267843115,0.6136671900749207,1.0883454992778892e-15
6,2,step,False,19,0.8905675226758757,0.10016507765944806,0.07690053708953833,0.5973469299301543,79.6001769273492,4,1.2791646380629778,128,27.676144791699095,37.73916142512961,2.8438891299032116,3,0.28080838010775583,0,1.1507038267843115,0.6136671900749207,1.0883454992778892e-15
6,2,step,False,20,1.1310230282852698,0.22470097949335283,0.13668771394466506,0.6302446691925783,74.3621311687393,4,1.4697135649056174,122,25.461928478716487,33.965810293757464,2.933575942720432,3,0.17855463128052415,0,1.1507038267843115,0.6136671900749207,1.0883454992778892e-15
6,2,step,False,21,2.0401207972277002,0.1722840931186677,0.10018629607509964,1.1638306853755096,56.20392719180741,4,1.334272943232875,93,14.014509880169541,18.52918667067925,2.7774650025098535,3,0.2279210574179884,0,1.1507038267843115,0.6136671900749207,1.0883454992778892e-15
6,2,step,False,22,0.9210253947734512,0.16180750731240634,0.12253753551768862,0.5248899521282914,64.23113255828872,4,1.2918368917104768,104,24.561285707975813,32.23251789756333,2.866914103161619,3,0.2091925648042485,0,1.1507038267843115,0.6136671900749207,1.0883454992778892e-15
6,2,step,False,23,1.5776915231880368,0.2845899500229929,0.06722009441184132,0.9423351722465786,75.37873253565283,4,1.217459543327222,119,26.736568848813324,36.55289122936071,2.6824898109979403,3,0.1439818477853391,0,1.1507038267843115,0.6136671900749207,1.0883454992778892e-15
6,3,step,False,0,2.54098135741418,0.16463766052588585,0.10533064186017933,1.6683342527849552,17.46057952630617,4,1.27484943904016,33,12.000000000151783,16.09890227666813,1.5707688609171744,3,0.34242591600956324,0,0.8136704790564969,0.369502991437912,4.164367825755134e-14
6,3,step,False,1,0.7412300966119058,0.07565226481865793,0.183944991524154,0.4523221269466964,58.75002316755938,4,1.3885988138108036,102,21.077521880636017,29.50924113127329,2.8528901645728966,3,0.07298805618429394,0,0.8136704790564969,0.369502991437912,4.164367825755134e-14
6,3,step,False,2,0.2768699161868602,0.05350930596247071,0.45106349745289104,0.341659833482148,59.861531152866775,4,1.334131016019222,107,21.692345950964306,29.534171889481236,2.6044260793267258,3,0.1433797429313796,0,0.8136704790564969,0.369502991437912,4.164367825755134e-14
6,3,step,False,3,0.49089716394589106,0.8586161091021544,0.3314081102594584,0.25780268821821556,84.03306920488411,4,1.2510632781073787,137,28.56082344021287,39.44834517699507,2.8591538498433904,3,0.16577767240927066,0,0.8136704790564969,0.369502991437912,4.164367825755134e-14
6,3,step,False,4,0.9705931967434145,0.37461333222523896,0.3649086750788676,0.4583565544637617,19.762615612563682,4,1.2898079726077678,47,12.000000000876511,19.348227619469377,1.7722303826509713,3,0.10478843308848035,0,0.8136704790564969,0.369502991437912,4.164367825755134e-14
6,3,step,False,5,1.595701416217555,0.2815553214387196,0.053804243093254184,0.811757240337845,75.81195041346109,4,1.48316733780218,126,21.213404745133463,28.238062043135816,2.9072160198006967,3,0.0922923364141229,0,0.8136704790564969,0.369502991437912,4.164367825755134e-14
6,3,step,False,6,1.5853100652539636,0.4697797894443942,0.14833105598803048,0.7215622322955737,53.4790893985892,4,1.3239819964929083,95,16.989367797704553,22.468988848666342,2.829226727420198,3,0.13825796086510622,0,0.8136704790564969,0.369502991437912,4.164367825755134e-14
6,3,step,False,7,0.4018957436714012,0.6253433752484129,0.5315990105554131,0.2722467318637011,96.64326979807032,4,1.184094946286352,153,40.116637159175454,53.08039753060629,2.699463160064144,3,0.15984735305957556,0,0.8136704790564969,0.369502991437912,4.164367825755134e-14
6,3,step,False,8,1.2700049529393447,0.2042953331434849,0.12967084321444497,0.6850481526632658,42.525822798838774,4,1.3911741521780545,73,13.674532430794379,19.52555832565801,2.7115182103451887,3,0.14427124276258046,0,0.8136704790564969,0.369502991437912,4.164367825755134e-14
6,3,step,False,9,1.396706319763929,0.2750630385876069,0.08502041075510425,0.773700771507764,71.97134862060662,4,1.170680791268743,118,26.027118213125487,36.405215555287946,2.7470720283530836,3,0.12849782152005765,0,0.8136704790564969,0.369502991437912,4.164367825755134e-14
6,3,step,False,10,0.7169159324718162,0.2415285624479651,0.1751292513448041,0.39889246314504756,115.49336898557972,4,1.2014671291458443,171,45.16452449626192,57.90919257587316,2.922415914119179,3,0.10422751792594492,0,0.8136704790564969,0.369502991437912,4.164367825755134e-14
6,3,step,False,11,2.103429569382233,0.4629642008288865,0.14969814237956675,1.1211936545110492,48.80161383275155,4,1.3789303085189457,88,13.885547254078803,17.990616804074627,2.530896421448176,3,0.12487385273745856,0,0.8136704790564969,0.369502991437912,4.164367825755134e-14
6,3,step,False,12,1.470954417908997,0.13610061167968357,0.04885071827081233,0.8343803663590249,75.62404581090895,4,1.283627964475052,117,26.568553316225138,35.92319367519546,2.841447203481652,3,0.13100804352964365,0,0.8136704790564969,0.369502991437912,4.164367825755134e-14
6,3,step,False,13,1.388642514644572,0.0920084049100011,0.11153576650856575,0.7809233377273139,40.89857424422631,4,1.2771140316097331,72,13.0600830325002,17.77301329277165,2.5704773938298127,3,0.11616440426701684,0,0.8136704790564969,0.369502991437912,4.164367825755134e-14
6,3,step,False,14,3.7373453800473535,0.18006466192638218,0.10974758732324526,2.460869903507289,2.7073364238549575,4,4.564046198290462,8,12.000000000068036,20.035732983560187,1.0780156009349202,2,0.13737997312006964,0,0.8136704790564969,0.369502991437912,4.164367825755134e-14
6,3,step,False,15,0.40616906286920945,0.2670505254536056,0.43286249733228066,0.4135643299208524,50.47056557527236,4,1.434244672769924,91,14.253374014969335,21.946832089582543,2.723038829114603,3,0.08253803636169667,0,0.8136704790564969,0.369502991437912,4.164367825755134e-14
6,3,step,False,16,0.3890029855377656,0.603144863576966,0.1816422785489786,0.3081396337178968,122.0736781920817,4,1.2172174899420798,178,46.438409952281695,62.439821115046946,2.87333198910624,3,0.17778137018918325,0,0.8136704790564969,0.369502991437912,4.164367825755134e-14
6,3,step,False,17,2.1699025667912704,0.09963761550641154,0.18857348268746224,1.2575505083726142,36.98537468571456,4,1.4482690910673952,70,12.000000000562014,15.474491947247483,2.5842589120237793,3,0.14564048489821774,0,0.8136704790564969,0.369502991437912,4.164367825755134e-14
6,3,step,False,18,2.1977118582756474,0.25155886181725906,0.263495552965022,1.1995074475134946,16.87004217402684,4,1.443738741870929,33,12.000000000135142,16.37364822445373,1.5765211707915592,2,0.1940637448136424,0,0.8136704790564969,0.369502991437912,4.164367825755134e-14
6,3,step,False,19,0.8905675226758757,0.1690417725583711,0.07690053708953833,0.5973469299301543,79.6001769273492,4,1.2791646380629778,128,25.181913666717378,33.16563430237731,2.8438891299032116,3,0.14479305708528173,0,0.8136704790564969,0.369502991437912,4.164367825755134e-14
6,3,step,False,20,1.1310230282852698,0.1923769256247522,0.13668771394466506,0.6302446691925783,74.3621311687393,4,1.4697135649056174,122,25.795070478173958,34.68273140107685,2.933575942720432,3,0.09232264633874682,0,0.8136704790564969,0.369502991437912,4.164367825755134e-14
6,3,step,False,21,2.0401207972277002,0.19330323400297994,0.10018629607509964,1.1638306853755096,56.20392719180741,4,1.334272943232875,93,12.000000000544777,16.104451753854782,2.7774650025098535,3,0.13017665467589054,0,0.8136704790564969,0.369502991437912,4.164367825755134e-14
6,3,step,False,22,0.9210253947734512,0.11907504590736119,0.12253753551768862,0.5248899521282914,64.23113255828872,4,1.2918368917104768,104,23.262661705619475,30.42353627688688,2.866914103161619,3,0.1969950761835135,0,0.8136704790564969,0.369502991437912,4.164367825755134e-14
6,3,step,False,23,1.5776915231880368,0.28586922941036114,0.06722009441184132,0.9423351722465786,75.37873253565283,4,1.217459543327222,119,22.89817912243691,29.604503414615518,2.6824898109979403,3,0.10862140724418058,0,0.8136704790564969,0.369502991437912,4.164367825755134e-14
7,0,init,False,0,1.695893548209062,0.2560609984401544,0.19525904343548456,0.9573948863427433,53.465993280249634,4,1.2472880042483732,97,nan,nan,2.556157788849405,3,nan,0,nan,nan,nan
7,0,init,False,1,2.2857085843603824,0.18974824383973904,0.08816563490338374,1.407207050863268,33.80790741579857,4,1.3955810576463779,68,nan,nan,2.593154622214722,3,nan,0,nan,nan,nan
7,0,init,False,2,0.7496180157712998,0.2812680062878143,0.22128192646225855,0.5188666530424966,102.02524851658946,4,1.2462523477289515,158,nan,nan,2.964268663028953,3,nan,0,nan,nan,nan
7,0,init,False,3,0.7321385464267546,0.7159859837203775,0.43061914756824915,0.4566342126644743,78.43110798093267,4,1.266839737976448,118,nan,nan,2.9377763937735804,3,nan,0,nan,nan,nan
7,0,init,False,4,1.3432311769705663,0.11314751309174782,0.022440461770385334,0.9259020799765998,75.99552897688298,4,1.1526094094761743,130,nan,nan,2.92251128209318,3,nan,0,nan,nan,nan
7,0,init,False,5,2.5599472376981836,0.31036044130431917,0.12059792129482677,1.516949512907638,24.62584607685912,4,1.7856351223096008,46,nan,nan,2.6574692110926144,3,nan,0,nan,nan,nan
7,0,init,False,6,2.5719546876022785,0.1692941356947784,0.0803887352418024,1.6257582648923694,25.886473484609475,4,1.3148413721217607,49,nan,nan,2.844568249021738,3,nan,0,nan,nan,nan
7,0,init,False,7,0.5562056173718655,0.11781049455829366,0.20872328781321825,0.3844420441868076,109.16931197286914,4,1.204066454109447,169,nan,nan,2.9419207028833205,3,nan,0,nan,nan,nan
7,0,init,False,8,0.18965584778829725,0.9670373385679787,0.9143077372142385,0.22116256011098753,78.52859213405438,4,1.3153045139270814,121,nan,nan,2.8783232477147616,3,nan,0,nan,nan,nan
7,0,init,False,9,1.7902645027757145,0.18056313175674044,0.20414307758733768,1.1345627468432873,30.051260915893067,4,1.5234981204062745,62,nan,nan,1.965315136448519,2,nan,0,nan,nan,nan
7,0,init,False,10,1.8688287133032908,0.08840697399235267,0.10160294257412553,1.164129773233636,13.875457717056847,4,1.5335676978780175,32,nan,nan,1.7510751662640738,3,nan,0,nan,nan,nan
7,0,init,False,11,1.798904448533471,0.10723916094572564,0.06039189156360905,1.01696113752201,22.526533495044212,4,1.4991487356783237,45,nan,nan,2.1093531614939183,3,nan,0,nan,nan,nan
7,0,init,False,12,1.656085565633077,0.460103533659849,0.2418351852356281,0.9201230880504457,66.52874753848387,4,1.4668885675408487,111,nan,nan,2.0588724176070796,3,nan,0,nan,nan,nan
7,0,init,False,13,1.4164375940140463,0.19873232331917856,0.12684618222524793,0.8454071957022431,49.903785347071945,4,1.4397238092834648,87,nan,nan,2.520374331857813,3,nan,0,nan,nan,nan
7,0,init,False,14,0.9095282557893342,0.8394638739913507,0.5823441853318562,0.5919228099474745,25.982990440588615,4,1.8809392902878954,46,nan,nan,1.7702377377974834,3,nan,0,nan,nan,nan
7,0,init,False,15,0.979959092698329,0.12886621057225792,0.12345671530436549,0.6714650101740443,100.22869046624908,4,1.1588893870320889,154,nan,nan,2.9873634029059875,3,nan,0,nan,nan,nan
7,0,init,False,16,0.6074272708457642,0.06727635500061345,0.15945736630496915,0.4085003650284757,114.58790735195603,4,1.2143450195914391,171,nan,nan,2.9642663802763103,3,nan,0,nan,nan,nan
7,0,init,False,17,0.7090745349758502,0.49953181240557787,0.28245151927795586,0.5006839274000127,91.91038893568631,4,1.2310369715249714,147,nan,nan,2.935695991862011,3,nan,0,nan,nan,nan
7,0,init,False,18,1.6675110350894953,0.18389873125989245,0.05872379568227734,1.0925690653641356,63.257256614165854,4,1.2209103837488429,107,nan,nan,2.926762361600587,3,nan,0,nan,nan,nan
7,0,init,False,19,0.9835998101561569,0.07564678233469908,0.132463352024765,0.6627376854633845,95.24671985369999,4,1.1657662482924642,146,nan,nan,2.9688975943093814,3,nan,0,nan,nan,nan
7,0,init,False,20,1.3118515925786611,0.1427781906641229,0.08429378441610243,0.9235690947304813,32.39522492289318,4,1.297573357104855,59,nan,nan,2.7619950596382363,3,nan,0,nan,nan,nan
7,0,init,False,21,2.4897466425669204,0.17401827659164806,0.1589147823289075,1.7721822389908501,12.877475319551785,4,1.6628685030494748,28,nan,nan,1.213309395418206,2,nan,0,nan,nan,nan
7,0,init,False,22,0.5277176915553676,0.3960423697519179,0.37647377676361277,0.3747600967617925,109.47356309689263,4,1.2290279960899777,170,nan,nan,2.9083143007799226,3,nan,0,nan,nan,nan
7,0,init,False,23,2.43209115517156,0.1784796927353592,0.08425974037642406,1.4524038013586822,29.217988145921435,4,1.4840626442287876,55,nan,nan,2.7186142106583873,3,nan,0,nan,nan,nan
7,1,step,False,0,1.695893548209062,0.24807783054013802,0.19525904343548456,0.9573948863427433,53.465993280249634,4,1.2472880042483732,97,15.507996359957538,23.645960967002807,2.556157788849405,3,0.5208801804240848,0,1.6605951643384131,1.0,5.724560944230532e-16
7,1,step,False,1,2.2857085843603824,0.17331209227092279,0.08816563490338374,1.407207050863268,33.80790741579857,4,1.3955810576463779,68,12.00000000020634,19.385402028616213,2.593154622214722,3,0.42262838358104654,0,1.6605951643384131,1.0,5.724560944230532e-16
7,1,step,False,2,0.7496180157712998,0.1696972152287766,0.22128192646225855,0.5188666530424966,102.02524851658946,4,1.2462523477289515,158,34.97049595842469,45.117098805605764,2.964268663028953,3,0.46104072440338795,0,1.6605951643384131,1.0,5.724560944230532e-16
7,1,step,False,3,0.7321385464267546,0.7809145991225612,0.43061914756824915,0.4566342126644743,78.43110798093267,4,1.266839737976448,118,26.15095431798394,36.65837000379006,2.9377763937735804,3,0.3386470976731983,0,1.6605951643384131,1.0,5.724560944230532e-16
7,1,step,False,4,1.3432311769705663,0.1631822944464026,0.022440461770385334,0.9259020799765998,75.99552897688298,4,1.1526094094761743,130,24.44210631248285,34.81996011635408,2.92251128209318,3,0.2776998206548893,0,1.6605951643384131,1.0,5.724560944230532e-16
7,1,step,False,5,2.5599472376981836,0.33314885384740545,0.12059792129482677,1.516949512907638,24.62584607685912,4,1.7856351223096008,46,12.000000000825466,18.463998059861552,2.6574692110926144,3,0.4622197746711875,0,1.6605951643384131,1.0,5.724560944230532e-16
7,1,step,False,6,2.5719546876022785,0.16831084987267697,0.0803887352418024,1.6257582648923694,25.886473484609475,4,1.3148413721217607,49,12.00000000016875,17.970965423351387,2.844568249021738,3,0.4544350654840728,0,1.6605951643384131,1.0,5.724560944230532e-16
7,1,step,False,7,0.5562056173718655,0.14150378018951312,0.20872328781321825,0.3844420441868076,109.16931197286914,4,1.204066454109447,169,44.71463294585974,61.689432715257816,2.9419207028833205,3,0.4525130661829365,0,1.6605951643384131,1.0,5.724560944230532e-16
7,1,step,False,8,0.18965584778829725,0.9904268183248462,0.9143077372142385,0.22116256011098753,78.52859213405438,4,1.3153045139270814,121,23.813398992061803,33.90219620912647,2.8783232477147616,3,0.3380049430307441,0,1.6605951643384131,1.0,5.724560944230532e-16
7,1,step,False,9,1.7902645027757145,0.07511747659067351,0.20414307758733768,1.1345627468432873,30.051260915893067,4,1.5234981204062745,62,12.00000000018244,17.90403298903625,1.965315136448519,2,0.41880718077508877,0,1.6605951643384131,1.0,5.724560944230532e-16
7,1,step,False,10,1.8688287133032908,0.14033663963436105,0.10160294257412553,1.164129773233636,13.875457717056847,4,1.5335676978780175,32,12.000000000785423,18.323489450317325,1.7510751662640738,3,0.44484839912443525,0,1.6605951643384131,1.0,5.724560944230532e-16
7,1,step,False,11,1.798904448533471,0.15344165896477768,0.06039189156360905,1.01696113752201,22.526533495044212,4,1.4991487356783237,45,12.000000000713735,17.62003348749139,2.1093531614939183,3,0.194858531237008,0,1.6605951643384131,1.0,5.724560944230532e-16
7,1,step,False,12,1.656085565633077,0.5595322794311086,0.2418351852356281,0.9201230880504457,66.52874753848387,4,1.4668885675408487,111,22.07633146972727,31.83853491192256,2.0588724176070796,3,0.2349385904143058,0,1.6605951643384131,1.0,5.724560944230532e-16
7,1,step,False,13,1.4164375940140463,0.22234001754127602,0.12684618222524793,0.8454071957022431,49.903785347071945,4,1.4397238092834648,87,12.000000001651099,19.624954592959543,2.520374331857813,3,0.38747799767313107,0,1.6605951643384131,1.0,5.724560944230532e-16
7,1,step,False,14,0.9095282557893342,0.923254002535575,0.5823441853318562,0.5919228099474745,25.982990440588615,4,1.8809392902878954,46,12.000000000334891,17.46758336632602,1.7702377377974834,3,0.19317954191757566,0,1.6605951643384131,1.0,5.724560944230532e-16
7,1,step,False,15,0.979959092698329,0.13035410622739058,0.12345671530436549,0.6714650101740443,100.22869046624908,4,1.1588893870320889,154,38.69873344675015,53.853702182277424,2.9873634029059875,3,0.4469256805180677,0,1.6605951643384131,1.0,5.724560944230532e-16
7,1,step,False,16,0.6074272708457642,0.15678567123390258,0.15945736630496915,0.4085003650284757,114.58790735195603,4,1.2143450195914391,171,48.0641338327472,67.445561422251,2.9642663802763103,3,0.4610058459860919,0,1.6605951643384131,1.0,5.724560944230532e-16
7,1,step,False,17,0.7090745349758502,0.375958817407659,0.28245151927795586,0.5006839274000127,91.91038893568631,4,1.2310369715249714,147,30.956332724561626,42.95449234441716,2.935695991862011,3,0.32592677115831986,0,1.6605951643384131,1.0,5.724560944230532e-16
7,1,step,False,18,1.6675110350894953,0.20517107096869455,0.05872379568227734,1.0925690653641356,63.257256614165854,4,1.2209103837488429,107,18.308987459315652,24.98037696756598,2.926762361600587,3,0.4541425911155736,0,1.6605951643384131,1.0,5.724560944230532e-16
7,1,step,False,19,0.9835998101561569,0.12146846116968645,0.132463352024765,0.6627376854633845,95.24671985369999,4,1.1657662482924642,146,38.0516721386496,53.05114956342134,2.9688975943093814,3,0.4663987832050513,0,1.6605951643384131,1.0,5.724560944230532e-16
7,1,step,False,20,1.3118515925786611,0.11236463381156,0.08429378441610243,0.9235690947304813,32.39522492289318,4,1.297573357104855,59,12.000000000467637,17.575864344162238,2.7619950596382363,3,0.2778086927465787,0,1.6605951643384131,1.0,5.724560944230532e-16
7,1,step,False,21,2.4897466425669204,0.14886286829319587,0.1589147823289075,1.7721822389908501,12.877475319551785,4,1.6628685030494748,28,12.000000000015575,18.75439881064784,1.213309395418206,2,0.4911691089521154,0,1.6605951643384131,1.0,5.724560944230532e-16
7,1,step,False,22,0.5277176915553676,0.3078161027067843,0.37647377676361277,0.3747600967617925,109.47356309689263,4,1.2290279960899777,170,41.3399474802764,56.28471301796256,2.9083143007799226,3,0.4848776106038696,0,1.6605951643384131,1.0,5.724560944230532e-16
7,1,step,False,23,2.43209115517156,0.15075222036572192,0.08425974037642406,1.4524038013586822,29.217988145921435,4,1.4840626442287876,55,12.000000000606946,17.2510083783905,2.7186142106583873,3,0.4647714608531049,0,1.6605951643384131,1.0,5.724560944230532e-16
7,2,step,False,0,1.695893548209062,0.28423278371558375,0.19525904343548456,0.9573948863427433,53.465993280249634,4,1.2472880042483732,97,12.693645790428274,17.930268419691444,2.556157788849405,3,0.3837496514866259,0,1.1742181015092812,0.602528840303421,5.35570766731014e-16
7,2,step,False,1,2.2857085843603824,0.11216065435283572,0.08816563490338374,1.407207050863268,33.80790741579857,4,1.3955810576463779,68,12.000000001048639,17.90156563930242,2.593154622214722,3,0.2961300434360254,0,1.1742181015092812,0.602528840303421,5.35570766731014e-16
7,2,step,False,2,0.7496180157712998,0.21653508181319644,0.22128192646225855,0.5188666530424966,102.02524851658946,4,1.2462523477289515,158,36.48760875611286,49.0663381057089,2.964268663028953,3,0.24055862944626966,0,1.1742181015092812,0.602528840303421,5.35570766731014e-16
7,2,step,False,3,0.7321385464267546,0.7718370128574352,0.43061914756824915,0.4566342126644743,78.43110798093267,4,1.266839737976448,118,30.28730719447736,42.03831438902953,2.9377763937735804,3,0.2744938123784758,0,1.1742181015092812,0.602528840303421,5.35570766731014e-16
7,2,step,False,4,1.3432311769705663,0.14604971677090275,0.022440461770385334,0.9259020799765998,75.99552897688298,4,1.1526094094761743,130,20.43844755313178,26.35598471651197,2.92251128209318,3,0.1744191439561488,0,1.1742181015092812,0.602528840303421,5.35570766731014e-16
7,2,step,False,5,2.5599472376981836,0.40076758494653125,0.12059792129482677,1.516949512907638,24.62584607685912,4,1.7856351223096008,46,12.000000000447763,16.897467786033026,2.6574692110926144,3,0.3384488390485682,0,1.1742181015092812,0.602528840303421,5.35570766731014e-16
7,2,step,False,6,2.5719546876022785,0.1761468351152443,0.0803887352418024,1.6257582648923694,25.886473484609475,4,1.3148413721217607,49,12.000000000899828,17.09598699994025,2.844568249021738,3,0.19695992618108363,0,1.1742181015092812,0.602528840303421,5.35570766731014e-16
7,2,step,False,7,0.5562056173718655,0.1612088011584659,0.20872328781321825,0.3844420441868076,109.16931197286914,4,1.204066454109447,169,45.04369852453849,63.06472073490327,2.9419207028833205,3,0.25634150443114256,0,1.1742181015092812,0.602528840303421,5.35570766731014e-16
7,2,step,False,8,0.18965584778829725,0.987552895854018,0.9143077372142385,0.22116256011098753,78.52859213405438,4,1.3153045139270814,121,29.251279543723847,43.03455335448425,2.8783232477147616,3,0.27414236721769847,0,1.1742181015092812,0.602528840303421,5.35570766731014e-16
7,2,step,False,9,1.7902645027757145,0.15337214731838708,0.20414307758733768,1.1345627468432873,30.051260915893067,4,1.5234981204062745,62,12.000000000389106,17.381758798986354,1.965315136448519,2,0.25576650888674135,0,1.1742181015092812,0.602528840303421,5.35570766731014e-16
7,2,step,False,10,1.8688287133032908,0.13806816773525388,0.10160294257412553,1.164129773233636,13.875457717056847,4,1.5335676978780175,32,12.000000000891703,19.92030849136842,1.7510751662640738,3,0.36421476639074407,0,1.1742181015092812,0.602528840303421,5.35570766731014e-16
7,2,step,False,11,1.798904448533471,0.055857882545382015,0.06039189156360905,1.01696113752201,22.526533495044212,4,1.4991487356783237,45,12.000000000667136,17.503598791896806,2.1093531614939183,3,0.16748037503192711,0,1.1742181015092812,0.602528840303421,5.35570766731014e-16
7,2,step,False,12,1.656085565633077,0.21197207585374728,0.2418351852356281,0.9201230880504457,66.52874753848387,4,1.4668885675408487,111,22.52323726996707,32.68397382566955,2.0588724176070796,3,0.22669708595715712,0,1.1742181015092812,0.602528840303421,5.35570766731014e-16
7,2,step,False,13,1.4164375940140463,0.2576097500197626,0.12684618222524793,0.8454071957022431,49.903785347071945,4,1.4397238092834648,87,12.313645406734178,18.967516301909363,2.520374331857813,3,0.2615020279128936,0,1.1742181015092812,0.602528840303421,5.35570766731014e-16
7,2,step,False,14,0.9095282557893342,0.9853116732640484,0.5823441853318562,0.5919228099474745,25.982990440588615,4,1.8809392902878954,46,12.000000000944922,18.694844824928754,1.7702377377974834,3,0.1935638986620492,0,1.1742181015092812,0.602528840303421,5.35570766731014e-16
7,2,step,False,15,0.979959092698329,0.11102834326681255,0.12345671530436549,0.6714650101740443,100.22869046624908,4,1.1588893870320889,154,36.2452644410438,49.67027920422619,2.9873634029059875,3,0.2644637887051767,0,1.1742181015092812,0.602528840303421,5.35570766731014e-16
7,2,step,False,16,0.6074272708457642,0.10618529586636453,0.15945736630496915,0.4085003650284757,114.58790735195603,4,1.2143450195914391,171,47.1325472032152,64.81661492790649,2.9642663802763103,3,0.2404481830501228,0,1.1742181015092812,0.602528840303421,5.35570766731014e-16
7,2,step,False,17,0.7090745349758502,0.301839758942692,0.28245151927795586,0.5006839274000127,91.91038893568631,4,1.2310369715249714,147,32.111084145342815,45.37235328632731,2.935695991862011,3,0.31037015301698667,0,1.1742181015092812,0.602528840303421,5.35570766731014e-16
7,2,step,False,18,1.6675110350894953,0.1803359772530587,0.05872379568227734,1.0925690653641356,63.257256614165854,4,1.2209103837488429,107,17.9808547061433,24.084458208491515,2.926762361600587,3,0.19618985963582183,0,1.1742181015092812,0.602528840303421,5.35570766731014e-16
7,2,step,False,19,0.9835998101561569,0.10659359952906931,0.132463352024765,0.6627376854633845,95.24671985369999,4,1.1657662482924642,146,34.61284733229783,47.05951234164214,2.9688975943093814,3,0.22219879832927783,0,1.1742181015092812,0.602528840303421,5.35570766731014e-16
7,2,step,False,20,1.3118515925786611,0.1197932052083253,0.08429378441610243,0.9235690947304813,32.39522492289318,4,1.297573357104855,59,12.000000000115248,16.358542037962405,2.7619950596382363,3,0.1741709244893431,0,1.1742181015092812,0.602528840303421,5.35570766731014e-16
7,2,step,False,21,2.4897466425669204,0.14632643022425773,0.1589147823289075,1.7721822389908501,12.877475319551785,4,1.6628685030494748,28,12.000000000335746,17.31898384110902,1.213309395418206,2,0.3005533162515064,0,1.1742181015092812,0.602528840303421,5.35570766731014e-16
7,2,step,False,22,0.5277176915553676,0.18401378619910716,0.37647377676361277,0.3747600967617925,109.47356309689263,4,1.2290279960899777,170,43.02697809152802,59.60761940840913,2.9083143007799226,3,0.30279472257072926,0,1.1742181015092812,0.602528840303421,5.35570766731014e-16
7,2,step,False,23,2.43209115517156,0.1550997371770569,0.08425974037642406,1.4524038013586822,29.217988145921435,4,1.4840626442287876,55,12.00000000050729,15.706288006418701,2.7186142106583873,3,0.32038989609935886,0,1.1742181015092812,0.602528840303421,5.35570766731014e-16
7,3,step,False,0,1.695893548209062,0.3476102432287965,0.19525904343548456,0.9573948863427433,53.465993280249634,4,1.2472880042483732,97,12.25939133544661,16.25599660712257,2.556157788849405,3,0.217620128633206,0,0.8302975821692065,0.35599350929260254,6.345639984897129e-15
7,3,step,False,1,2.2857085843603824,0.12325516446924795,0.08816563490338374,1.407207050863268,33.80790741579857,4,1.3955810576463779,68,12.000000000100016,16.475021017533667,2.593154622214722,3,0.195104497863247,0,0.8302975821692065,0.35599350929260254,6.345639984897129e-15
7,3,step,False,2,0.7496180157712998,0.18598987783387436,0.22128192646225855,0.5188666530424966,102.02524851658946,4,1.2462523477289515,158,36.63742855645582,49.282656528827815,2.964268663028953,3,0.1789031266944386,0,0.8302975821692065,0.35599350929260254,6.345639984897129e-15
7,3,step,False,3,0.7321385464267546,0.6313300447874992,0.43061914756824915,0.4566342126644743,78.43110798093267,4,1.266839737976448,118,35.15209689517247,48.19302072923439,2.9377763937735804,3,0.1505570258033668,0,0.8302975821692065,0.35599350929260254,6.345639984897129e-15
7,3,step,False,4,1.3432311769705663,0.1311284778535829,0.022440461770385334,0.9259020799765998,75.99552897688298,4,1.1526094094761743,130,20.95602677927443,25.976869339709776,2.92251128209318,3,0.08729212792430743,0,0.8302975821692065,0.35599350929260254,6.345639984897129e-15
7,3,step,False,5,2.5599472376981836,0.4850687700544881,0.12059792129482677,1.516949512907638,24.62584607685912,4,1.7856351223096008,46,12.000000000183398,15.635675636081961,2.6574692110926144,3,0.23707877079438705,0,0.8302975821692065,0.35599350929260254,6.345639984897129e-15
7,3,step,False,6,2.5719546876022785,0.20842086336067495,0.0803887352418024,1.6257582648923694,25.886473484609475,4,1.3148413721217607,49,12.000000000406667,14.968951701319071,2.844568249021738,3,0.1382176604358885,0,0.8302975821692065,0.35599350929260254,6.345639984897129e-15
7,3,step,False,7,0.5562056173718655,0.15175188993134295,0.20872328781321825,0.3844420441868076,109.16931197286914,4,1.204066454109447,169,43.03196897439097,59.71381028166519,2.9419207028833205,3,0.15259109236393695,0,0.8302975821692065,0.35599350929260254,6.345639984897129e-15
7,3,step,False,8,0.18965584778829725,0.9152076429474892,0.9143077372142385,0.22116256011098753,78.52859213405438,4,1.3153045139270814,121,34.53821028365751,49.169426717662326,2.8783232477147616,3,0.15549991124816118,0,0.8302975821692065,0.35599350929260254,6.345639984897129e-15
7,3,step,False,9,1.7902645027757145,0.1549242923736033,0.20414307758733768,1.1345627468432873,30.051260915893067,4,1.5234981204062745,62,12.000000000017364,17.112286501610296,1.965315136448519,2,0.20032241160685574,0,0.8302975821692065,0.35599350929260254,6.345639984897129e-15
7,3,step,False,10,1.8688287133032908,0.15789024486159,0.10160294257412553,1.164129773233636,13.875457717056847,4,1.5335676978780175,32,12.000000000602146,19.20563079268668,1.7510751662640738,3,0.3074444137536258,0,0.8302975821692065,0.35599350929260254,6.345639984897129e-15
7,3,step,False,11,1.798904448533471,0.11077702733510357,0.06039189156360905,1.01696113752201,22.526533495044212,4,1.4991487356783237,45,12.000000000699137,16.711489595627352,2.1093531614939183,3,0.19654872906268522,0,0.8302975821692065,0.35599350929260254,6.345639984897129e-15
7,3,step,False,12,1.656085565633077,0.2858953342840545,0.2418351852356281,0.9201230880504457,66.52874753848387,4,1.4668885675408487,111,19.13486550639331,26.57704783527397,2.0588724176070796,3,0.19135395976884212,0,0.8302975821692065,0.35599350929260254,6.345639984897129e-15
7,3,step,False,13,1.4164375940140463,0.11478900260632753,0.12684618222524793,0.8454071957022431,49.903785347071945,4,1.4397238092834648,87,12.000000000186747,16.8744367121295,2.520374331857813,3,0.1845682312372592,0,0.8302975821692065,0.35599350929260254,6.345639984897129e-15
7,3,step,False,14,0.9095282557893342,0.9649748665530167,0.5823441853318562,0.5919228099474745,25.982990440588615,4,1.8809392902878954,46,12.000000000239101,19.347794814959503,1.7702377377974834,3,0.21344171822875166,0,0.8302975821692065,0.35599350929260254,6.345639984897129e-15
7,3,step,False,15,0.979959092698329,0.1655470157478729,0.12345671530436549,0.6714650101740443,100.22869046624908,4,1.1588893870320889,154,33.74996964621313,44.68794747801161,2.9873634029059875,3,0.17574534477047657,0,0.8302975821692065,0.35599350929260254,6.345639984897129e-15
7,3,step,False,16,0.6074272708457642,0.19849579478590507,0.15945736630496915,0.4085003650284757,114.58790735195603,4,1.2143450195914391,171,46.68899523625006,62.41123360916372,2.9642663802763103,3,0.17834847235507226,0,0.8302975821692065,0.35599350929260254,6.345639984897129e-15
7,3,step,False,17,0.7090745349758502,0.28245083312958824,0.28245151927795586,0.5006839274000127,91.91038893568631,4,1.2310369715249714,147,30.378894521158877,42.63846177285156,2.935695991862011,3,0.18489746094339152,0,0.8302975821692065,0.35599350929260254,6.345639984897129e-15
7,3,step,False,18,1.6675110350894953,0.1514629753642376,0.05872379568227734,1.0925690653641356,63.257256614165854,4,1.2209103837488429,107,17.981927584173167,23.75920355047178,2.926762361600587,3,0.13815555006544686,0,0.8302975821692065,0.35599350929260254,6.345639984897129e-15
7,3,step,False,19,0.9835998101561569,0.14933782625902753,0.132463352024765,0.6627376854633845,95.24671985369999,4,1.1657662482924642,146,32.33698575470864,42.9621700659154,2.9688975943093814,3,0.19455500413839666,0,0.8302975821692065,0.35599350929260254,6.345639984897129e-15
7,3,step,False,20,1.3118515925786611,0.12794674062725134,0.08429378441610243,0.9235690947304813,32.39522492289318,4,1.297573357104855,59,12.000000001021732,15.619750398089876,2.7619950596382363,3,0.08749681185481108,0,0.8302975821692065,0.35599350929260254,6.345639984897129e-15
7,3,step,False,21,2.4897466425669204,0.192082477973369,0.1589147823289075,1.7721822389908501,12.877475319551785,4,1.6628685030494748,28,12.000000000269502,17.951392253863673,1.213309395418206,2,0.37767112996470603,0,0.8302975821692065,0.35599350929260254,6.345639984897129e-15
7,3,step,False,22,0.5277176915553676,0.1737631631310872,0.37647377676361277,0.3747600967617925,109.47356309689263,4,1.2290279960899777,170,42.179057991206214,55.602000225422614,2.9083143007799226,3,0.19538389008057927,0,0.8302975821692065,0.35599350929260254,6.345639984897129e-15
7,3,step,False,23,2.43209115517156,0.14861760831345774,0.08425974037642406,1.4524038013586822,29.217988145921435,4,1.4840626442287876,55,12.000000000273726,14.979272272201316,2.7186142106583873,3,0.19143111176352354,0,0.8302975821692065,0.35599350929260254,6.345639984897129e-15
8,0,init,False,0,1.0378506748875693,0.31449939671591925,0.12303605294879973,0.6012933781725471,80.38713347296193,4,1.2026616870824982,131,nan,nan,2.6322851932720606,3,nan,0,nan,nan,nan
8,0,init,False,1,0.6716561569208681,0.2570612204551713,0.12568697732852122,0.30461582712940066,110.66944159046545,4,1.1833399203270567,160,nan,nan,2.9631403085696917,3,nan,0,nan,nan,nan
8,0,init,False,2,2.0226041686187917,0.2618574707901899,0.16904517333489255,1.2580471060144989,27.076090029182133,4,1.4261710912871275,57,nan,nan,2.3969167911193088,3,nan,0,nan,nan,nan
8,0,init,False,3,0.7777394701992171,0.19213883663988632,0.24949333439569482,0.3828333536828489,91.31304504135807,4,1.2207595593000429,140,nan,nan,2.7291480303494717,3,nan,0,nan,nan,nan
8,0,init,False,4,0.47784343743739227,0.29516199028583817,0.41991478051445036,0.2921728391935947,101.21065763451463,4,1.28146989511169,148,nan,nan,2.968984122768398,3,nan,0,nan,nan,nan
8,0,init,False,5,0.6531959063139913,0.20093480508340902,0.23445463581716386,0.40453578366524134,42.28914634096264,4,1.2983931169285168,76,nan,nan,2.456374044213069,3,nan,0,nan,nan,nan
8,0,init,False,6,1.1350102603683618,0.4620147341511882,0.2129847451316913,0.6711400654645836,53.62026537984196,4,1.208308728279306,99,nan,nan,2.6561442606734444,3,nan,0,nan,nan,nan
8,0,init,False,7,1.0600535721639959,0.26503405972141064,0.26565181881205935,0.8035658186694545,55.050758548392636,4,1.3889876218895796,91,nan,nan,2.9090973244417726,3,nan,0,nan,nan,nan
8,0,init,False,8,1.8614204865315083,0.14123957955833863,0.10258853602998527,1.1101139028193139,52.453877476051616,4,1.254462317202486,94,nan,nan,2.140126376058593,3,nan,0,nan,nan,nan
8,0,init,False,9,3.20983498587541,0.1151591637819622,0.1151591637819622,2.190695482201376,3.6738970218116878,4,3.0083351974084533,8,nan,nan,1.0,1,nan,0,nan,nan,nan
8,0,init,False,10,0.8302344040252218,0.2866173689218449,0.3024570668814359,0.4864733974997199,89.28078021085307,4,1.1786060088213433,135,nan,nan,2.979314665862937,3,nan,0,nan,nan,nan
8,0,init,False,11,0.2031161972728973,0.1524992185653459,0.3539489107395197,0.14607377248674752,120.36043469189067,4,1.169915737059017,171,nan,nan,2.9539597445124923,3,nan,0,nan,nan,nan
8,0,init,False,12,0.8087519726279173,0.21446427367213444,0.11464679184858678,0.46289950586347306,77.21598082614605,4,1.2865793629860431,127,nan,nan,2.979326131532676,3,nan,0,nan,nan,nan
8,0,init,False,13,2.043123899298297,0.12217204787469604,0.07303363955223752,1.3078200303194811,38.77488469774087,4,1.517674082475266,76,nan,nan,2.643375406261162,3,nan,0,nan,nan,nan
8,0,init,False,14,0.951778082041314,0.9541785827285426,0.3592729885583885,0.3889981400938256,38.09994319474929,4,1.6056901379588442,71,nan,nan,1.7750842193913179,3,nan,0,nan,nan,nan
8,0,init,False,15,0.4172505094214615,0.3413142685364432,0.40757618048955757,0.26996132229601627,74.19146716210743,4,1.2295859775099058,124,nan,nan,2.5476126814334767,3,nan,0,nan,nan,nan
8,0,init,False,16,0.35411392282486276,0.5163512566447085,0.4457385179352675,0.2478574893369517,96.19237975674679,4,1.3103526701279253,153,nan,nan,2.9690671560054462,3,nan,0,nan,nan,nan
8,0,init,False,17,1.5646563512603404,0.29823170070596217,0.09669025035476168,0.8270807471974078,64.84271274356155,4,1.2130484449046435,119,nan,nan,2.907033457488745,3,nan,0,nan,nan,nan
8,0,init,False,18,1.8032365558301429,0.05371680397462601,0.07677892529708916,1.0547730329039768,41.454124403351656,4,1.4494181781835445,79,nan,nan,2.788535604070082,3,nan,0,nan,nan,nan
8,0,init,False,19,2.8305949396715846,0.038202053313304056,0.06984983268365177,1.7313165651532458,10.812960344088546,4,2.2426472127309065,24,nan,nan,1.938532512655518,2,nan,0,nan,nan,nan
8,0,init,False,20,0.5059941463453863,0.37386995158059416,0.34014327200290284,0.3536446661180881,51.6561043131468,4,1.437951901754448,90,nan,nan,2.9520423110561276,3,nan,0,nan,nan,nan
8,0,init,False,21,1.8806394974673035,0.15035348662160256,0.16694469810097767,1.3255865032424996,10.13580479948925,4,2.330469541565189,18,nan,nan,1.1764279143543734,2,nan,0,nan,nan,nan
8,0,init,False,22,1.0642945010013232,0.4892912101604307,0.4400458830570237,0.733282986456121,50.29420951461046,4,1.385653510564346,83,nan,nan,2.6894302689190157,3,nan,0,nan,nan,nan
8,0,init,False,23,1.6477180246523284,0.09912797611305998,0.06168240977399816,0.9798373699576436,58.943900805974884,4,1.2586679152456106,98,nan,nan,2.8572340035874513,3,nan,0,nan,nan,nan
8,1,step,False,0,1.0378506748875693,0.29791621964025183,0.12303605294879973,0.6012933781725471,80.38713347296193,4,1.2026616870824982,131,21.895530188516656,31.773846515058782,2.6322851932720606,3,0.30588513007938345,0,1.6121988453621614,1.0,4.029063253292318e-16
8,1,step,False,1,0.6716561569208681,0.17094834335510387,0.12568697732852122,0.30461582712940066,110.66944159046545,4,1.1833399203270567,160,49.55694500252269,66.71685685704648,2.9631403085696917,3,0.34955181149582454,0,1.6121988453621614,1.0,4.029063253292318e-16
8,1,step,False,2,2.0226041686187917,0.2585702632851876,0.16904517333489255,1.2580471060144989,27.076090029182133,4,1.4261710912871275,57,12.000000001016163,19.068288434826645,2.3969167911193088,3,0.344363175102337,0,1.6121988453621614,1.0,4.029063253292318e-16
8,1,step,False,3,0.7777394701992171,0.09562197634702352,0.24949333439569482,0.3828333536828489,91.31304504135807,4,1.2207595593000429,140,29.742003550379085,42.17284181741827,2.7291480303494717,3,0.3161469212352589,0,1.6121988453621614,1.0,4.029063253292318e-16
8,1,step,False,4,0.47784343743739227,0.36634657488524414,0.41991478051445036,0.2921728391935947,101.21065763451463,4,1.28146989511169,148,40.94693627248696,53.84363168088366,2.968984122768398,3,0.2260243560914298,0,1.6121988453621614,1.0,4.029063253292318e-16
8,1,step,False,5,0.6531959063139913,0.14950470854308093,0.23445463581716386,0.40453578366524134,42.28914634096264,4,1.2983931169285168,76,12.000000000911152,16.220583430517255,2.456374044213069,3,0.36549491132898865,0,1.6121988453621614,1.0,4.029063253292318e-16
8,1,step,False,6,1.1350102603683618,0.3230139105924357,0.2129847451316913,0.6711400654645836,53.62026537984196,4,1.208308728279306,99,15.932256040150145,22.7157232365763,2.6561442606734444,3,0.204764610179335,0,1.6121988453621614,1.0,4.029063253292318e-16
8,1,step,False,7,1.0600535721639959,0.11696604819493803,0.26565181881205935,0.8035658186694545,55.050758548392636,4,1.3889876218895796,91,15.858418246996337,23.45324563561238,2.9090973244417726,3,0.23106955588870448,0,1.6121988453621614,1.0,4.029063253292318e-16
8,1,step,False,8,1.8614204865315083,0.12786223488636034,0.10258853602998527,1.1101139028193139,52.453877476051616,4,1.254462317202486,94,13.79309044455039,19.957087272632027,2.140126376058593,3,0.35578772264405784,0,1.6121988453621614,1.0,4.029063253292318e-16
8,1,step,False,9,3.20983498587541,0.21714543777409773,0.1151591637819622,2.190695482201376,3.6738970218116878,4,3.0083351974084533,8,12.000000000125326,21.115229404342127,1.0,1,0.8686148392811215,0,1.6121988453621614,1.0,4.029063253292318e-16
8,1,step,False,10,0.8302344040252218,0.18000325633210465,0.3024570668814359,0.4864733974997199,89.28078021085307,4,1.1786060088213433,135,38.61697558121317,50.91782272811072,2.979314665862937,3,0.25381846847219647,0,1.6121988453621614,1.0,4.029063253292318e-16
8,1,step,False,11,0.2031161972728973,0.3062752149204764,0.3539489107395197,0.14607377248674752,120.36043469189067,4,1.169915737059017,171,50.37931935446912,69.77606203896397,2.9539597445124923,3,0.2612148558624448,0,1.6121988453621614,1.0,4.029063253292318e-16
8,1,step,False,12,0.8087519726279173,0.06083087804451676,0.11464679184858678,0.46289950586347306,77.21598082614605,4,1.2865793629860431,127,27.021026391348087,36.56102216299682,2.979326131532676,3,0.4695836539931562,0,1.6121988453621614,1.0,4.029063253292318e-16
8,1,step,False,13,2.043123899298297,0.3359192670328196,0.07303363955223752,1.3078200303194811,38.77488469774087,4,1.517674082475266,76,12.000000001317026,17.371721454292814,2.643375406261162,3,0.27374538307893115,0,1.6121988453621614,1.0,4.029063253292318e-16
8,1,step,False,14,0.951778082041314,0.9682438520012941,0.3592729885583885,0.3889981400938256,38.09994319474929,4,1.6056901379588442,71,12.000000001273394,18.148841000502326,1.7750842193913179,3,0.31067829252883733,0,1.6121988453621614,1.0,4.029063253292318e-16
8,1,step,False,15,0.4172505094214615,0.4513532773050903,0.40757618048955757,0.26996132229601627,74.19146716210743,4,1.2295859775099058,124,23.317026386953245,32.89669488422646,2.5476126814334767,3,0.36384076898918305,0,1.6121988453621614,1.0,4.029063253292318e-16
8,1,step,False,16,0.35411392282486276,0.4885291071275398,0.4457385179352675,0.2478574893369517,96.19237975674679,4,1.3103526701279253,153,34.02945447329896,47.093222834729005,2.9690671560054462,3,0.5312363800114779,0,1.6121988453621614,1.0,4.029063253292318e-16
8,1,step,False,17,1.5646563512603404,0.3623216879745952,0.09669025035476168,0.8270807471974078,64.84271274356155,4,1.2130484449046435,119,19.250993136177776,27.888448601148742,2.907033457488745,3,0.3031878637091448,0,1.6121988453621614,1.0,4.029063253292318e-16
8,1,step,False,18,1.8032365558301429,0.18977902173875646,0.07677892529708916,1.0547730329039768,41.454124403351656,4,1.4494181781835445,79,12.00000000085037,16.614565015365887,2.788535604070082,3,0.2638051486883048,0,1.6121988453621614,1.0,4.029063253292318e-16
8,1,step,False,19,2.8305949396715846,0.06294592074087883,0.06984983268365177,1.7313165651532458,10.812960344088546,4,2.2426472127309065,24,12.000000000708699,18.02784554887374,1.938532512655518,2,0.6176794597731501,0,1.6121988453621614,1.0,4.029063253292318e-16
8,1,step,False,20,0.5059941463453863,0.3435224106657973,0.34014327200290284,0.3536446661180881,51.6561043131468,4,1.437951901754448,90,15.275048253119522,20.235477680902225,2.9520423110561276,3,0.4700359930513249,0,1.6121988453621614,1.0,4.029063253292318e-16
8,1,step,False,21,1.8806394974673035,0.1779174658454627,0.16694469810097767,1.3255865032424996,10.13580479948925,4,2.330469541565189,18,12.000000000637591,17.51510297009045,1.1764279143543734,2,0.44146231819540976,0,1.6121988453621614,1.0,4.029063253292318e-16
8,1,step,False,22,1.0642945010013232,0.4410347133650119,0.4400458830570237,0.733282986456121,50.29420951461046,4,1.385653510564346,83,15.498274758050524,22.790112885775397,2.6894302689190157,3,0.3128579032916223,0,1.6121988453621614,1.0,4.029063253292318e-16
8,1,step,False,23,1.6477180246523284,0.07016606930338673,0.06168240977399816,0.9798373699576436,58.943900805974884,4,1.2586679152456106,98,17.498453573059592,24.57219512039844,2.8572340035874513,3,0.30290712815349613,0,1.6121988453621614,1.0,4.029063253292318e-16
8,2,step,False,0,1.0378506748875693,0.265874965068255,0.12303605294879973,0.6012933781725471,80.38713347296193,4,1.2026616870824982,131,23.421492440071514,33.33880168294683,2.6322851932720606,3,0.27408791274137706,0,1.1399967361767063,0.6139856278896332,1.0187101575218153e-15
8,2,step,False,1,0.6716561569208681,0.1564312993901295,0.12568697732852122,0.30461582712940066,110.66944159046545,4,1.1833399203270567,160,49.66200392076649,63.738720714846984,2.9631403085696917,3,0.26548603164296863,0,1.1399967361767063,0.6139856278896332,1.0187101575218153e-15
8,2,step,False,2,2.0226041686187917,0.2049126284236118,0.16904517333489255,1.2580471060144989,27.076090029182133,4,1.4261710912871275,57,12.000000001022903,18.54311253847401,2.3969167911193088,3,0.24532053561685238,0,1.1399967361767063,0.6139856278896332,1.0187101575218153e-15
8,2,step,False,3,0.7777394701992171,0.12190370161092155,0.24949333439569482,0.3828333536828489,91.31304504135807,4,1.2207595593000429,140,32.68750556872805,45.67459589753081,2.7291480303494717,3,0.22998745084446193,0,1.1399967361767063,0.6139856278896332,1.0187101575218153e-15
8,2,step,False,4,0.47784343743739227,0.5072752675090857,0.41991478051445036,0.2921728391935947,101.21065763451463,4,1.28146989511169,148,45.356151926285094,61.25802641049536,2.968984122768398,3,0.18716250994652692,0,1.1399967361767063,0.6139856278896332,1.0187101575218153e-15
8,2,step,False,5,0.6531959063139913,0.08710696136248748,0.23445463581716386,0.40453578366524134,42.28914634096264,4,1.2983931169285168,76,13.291637485795025,19.832233408936677,2.456374044213069,3,0.2280464590452718,0,1.1399967361767063,0.6139856278896332,1.0187101575218153e-15
8,2,step,False,6,1.1350102603683618,0.35132774738331823,0.2129847451316913,0.6711400654645836,53.62026537984196,4,1.208308728279306,99,15.771130211889403,22.207531167776658,2.6561442606734444,3,0.20189725453586194,0,1.1399967361767063,0.6139856278896332,1.0187101575218153e-15
8,2,step,False,7,1.0600535721639959,0.2091655763928091,0.26565181881205935,0.8035658186694545,55.050758548392636,4,1.3889876218895796,91,17.078903062594915,25.412496873237114,2.9090973244417726,3,0.15764855467235728,0,1.1399967361767063,0.6139856278896332,1.0187101575218153e-15
8,2,step,False,8,1.8614204865315083,0.16671545040730704,0.10258853602998527,1.1101139028193139,52.453877476051616,4,1.254462317202486,94,12.00000000084287,17.17136471734941,2.140126376058593,3,0.2380517651473152,0,1.1399967361767063,0.6139856278896332,1.0187101575218153e-15
8,2,step,False,9,3.20983498587541,0.1283446491612506,0.1151591637819622,2.190695482201376,3.6738970218116878,4,3.0083351974084533,8,12.000000002327445,19.131867239527768,1.0,1,0.4647884190943837,0,1.1399967361767063,0.6139856278896332,1.0187101575218153e-15
8,2,step,False,10,0.8302344040252218,0.11711446539770975,0.3024570668814359,0.4864733974997199,89.28078021085307,4,1.1786060088213433,135,38.95357024704293,51.54754242589879,2.979314665862937,3,0.23534385690730583,0,1.1399967361767063,0.6139856278896332,1.0187101575218153e-15
8,2,step,False,11,0.2031161972728973,0.39942508184320774,0.3539489107395197,0.14607377248674752,120.36043469189067,4,1.169915737059017,171,48.23785232471287,66.00084801022922,2.9539597445124923,3,0.20429083415108443,0,1.1399967361767063,0.6139856278896332,1.0187101575218153e-15
8,2,step,False,12,0.8087519726279173,0.0720338975364226,0.11464679184858678,0.46289950586347306,77.21598082614605,4,1.2865793629860431,127,26.688543632789617,36.881936325728546,2.979326131532676,3,0.2702624322529634,0,1.1399967361767063,0.6139856278896332,1.0187101575218153e-15
8,2,step,False,13,2.043123899298297,0.05825121290380465,0.07303363955223752,1.3078200303194811,38.77488469774087,4,1.517674082475266,76,12.00000000053818,16.340942906329087,2.643375406261162,3,0.3084245222029128,0,1.1399967361767063,0.6139856278896332,1.0187101575218153e-15
8,2,step,False,14,0.951778082041314,0.9553101067154317,0.3592729885583885,0.3889981400938256,38.09994319474929,4,1.6056901379588442,71,12.000000000168686,17.416514343053716,1.7750842193913179,3,0.14827253497798412,0,1.1399967361767063,0.6139856278896332,1.0187101575218153e-15
8,2,step,False,15,0.4172505094214615,0.5061743653615042,0.40757618048955757,0.26996132229601627,74.19146716210743,4,1.2295859775099058,124,23.830237717566586,33.158843499677765,2.5476126814334767,3,0.23743089031683287,0,1.1399967361767063,0.6139856278896332,1.0187101575218153e-15
8,2,step,False,16,0.35411392282486276,0.5657848096210003,0.4457385179352675,0.2478574893369517,96.19237975674679,4,1.3103526701279253,153,32.25279247118289,45.55491351815374,2.9690671560054462,3,0.31905876927634264,0,1.1399967361767063,0.6139856278896332,1.0187101575218153e-15
8,2,step,False,17,1.5646563512603404,0.3334158500905927,0.09669025035476168,0.8270807471974078,64.84271274356155,4,1.2130484449046435,119,17.881896368553882,26.372429563916842,2.907033457488745,3,0.2562753240162282,0,1.1399967361767063,0.6139856278896332,1.0187101575218153e-15
8,2,step,False,18,1.8032365558301429,0.1407952085906079,0.07677892529708916,1.0547730329039768,41.454124403351656,4,1.4494181781835445,79,12.000000000433342,17.40874700310062,2.788535604070082,3,0.2424761131770854,0,1.1399967361767063,0.6139856278896332,1.0187101575218153e-15
8,2,step,False,19,2.8305949396715846,0.0432990513653124,0.06984983268365177,1.7313165651532458,10.812960344088546,4,2.2426472127309065,24,12.000000000032106,17.1434472241937,1.938532512655518,2,0.5562100413585983,0,1.1399967361767063,0.6139856278896332,1.0187101575218153e-15
8,2,step,False,20,0.5059941463453863,0.26829264825385873,0.34014327200290284,0.3536446661180881,51.6561043131468,4,1.437951901754448,90,15.77826006282215,21.37165106311869,2.9520423110561276,3,0.2710813625638651,0,1.1399967361767063,0.6139856278896332,1.0187101575218153e-15
8,2,step,False,21,1.8806394974673035,0.22100162976809118,0.16694469810097767,1.3255865032424996,10.13580479948925,4,2.330469541565189,18,12.000000000493232,16.26430312677729,1.1764279143543734,2,0.5237320286332782,0,1.1399967361767063,0.6139856278896332,1.0187101575218153e-15
8,2,step,False,22,1.0642945010013232,0.49687780949880206,0.4400458830570237,0.733282986456121,50.29420951461046,4,1.385653510564346,83,15.360694828466258,22.01617828472085,2.6894302689190157,3,0.2890858223360043,0,1.1399967361767063,0.6139856278896332,1.0187101575218153e-15
8,2,step,False,23,1.6477180246523284,0.03438842578831869,0.06168240977399816,0.9798373699576436,58.943900805974884,4,1.2586679152456106,98,15.688638515529405,21.83331056708538,2.8572340035874513,3,0.2715504605031521,0,1.1399967361767063,0.6139856278896332,1.0187101575218153e-15
8,3,step,False,0,1.0378506748875693,0.32150878347153317,0.12303605294879973,0.6012933781725471,80.38713347296193,4,1.2026616870824982,131,23.457707722735705,31.770080379262037,2.6322851932720606,3,0.08769107561358837,0,0.8060994226810805,0.3639712780714035,2.4749462216659484e-14
8,3,step,False,1,0.6716561569208681,0.13468935618742003,0.12568697732852122,0.30461582712940066,110.66944159046545,4,1.1833399203270567,160,48.681023269133135,62.1984765007418,2.9631403085696917,3,0.15441794797025962,0,0.8060994226810805,0.3639712780714035,2.4749462216659484e-14
8,3,step,False,2,2.0226041686187917,0.12205896461601318,0.16904517333489255,1.2580471060144989,27.076090029182133,4,1.4261710912871275,57,12.000000000021622,16.973160315125156,2.3969167911193088,3,0.21870781160972982,0,0.8060994226810805,0.3639712780714035,2.4749462216659484e-14
8,3,step,False,3,0.7777394701992171,0.07140329941123925,0.24949333439569482,0.3828333536828489,91.31304504135807,4,1.2207595593000429,140,36.93549693363145,50.91931423717759,2.7291480303494717,3,0.11563375161795804,0,0.8060994226810805,0.3639712780714035,2.4749462216659484e-14
8,3,step,False,4,0.47784343743739227,0.577665674157431,0.41991478051445036,0.2921728391935947,101.21065763451463,4,1.28146989511169,148,45.55112254074023,61.49215222065746,2.968984122768398,3,0.16109420909816935,0,0.8060994226810805,0.3639712780714035,2.4749462216659484e-14
8,3,step,False,5,0.6531959063139913,0.1918391507586954,0.23445463581716386,0.40453578366524134,42.28914634096264,4,1.2983931169285168,76,17.17788249260785,25.427384649130964,2.456374044213069,3,0.14202759441974322,0,0.8060994226810805,0.3639712780714035,2.4749462216659484e-14
8,3,step,False,6,1.1350102603683618,0.3810008024889304,0.2129847451316913,0.6711400654645836,53.62026537984196,4,1.208308728279306,99,16.682626092226517,22.21557419232168,2.6561442606734444,3,0.11699756746771281,0,0.8060994226810805,0.3639712780714035,2.4749462216659484e-14
8,3,step,False,7,1.0600535721639959,0.2417704373378714,0.26565181881205935,0.8035658186694545,55.050758548392636,4,1.3889876218895796,91,16.927278006894966,23.288257186148357,2.9090973244417726,3,0.14799615745618924,0,0.8060994226810805,0.3639712780714035,2.4749462216659484e-14
8,3,step,False,8,1.8614204865315083,0.25789229145208825,0.10258853602998527,1.1101139028193139,52.453877476051616,4,1.254462317202486,94,12.000000000525835,15.99338411326636,2.140126376058593,3,0.20006269008416308,0,0.8060994226810805,0.3639712780714035,2.4749462216659484e-14
8,3,step,False,9,3.20983498587541,0.21048975816417664,0.1151591637819622,2.190695482201376,3.6738970218116878,4,3.0083351974084533,8,12.000000000886711,18.120430680123025,1.0,1,0.4873557715767996,0,0.8060994226810805,0.3639712780714035,2.4749462216659484e-14
8,3,step,False,10,0.8302344040252218,0.10543756342663292,0.3024570668814359,0.4864733974997199,89.28078021085307,4,1.1786060088213433,135,36.885783991021874,48.47985442025112,2.979314665862937,3,0.16461073503271947,0,0.8060994226810805,0.3639712780714035,2.4749462216659484e-14
8,3,step,False,11,0.2031161972728973,0.3868284706624203,0.3539489107395197,0.14607377248674752,120.36043469189067,4,1.169915737059017,171,46.71933097492901,60.60833156570709,2.9539597445124923,3,0.1237499905538602,0,0.8060994226810805,0.3639712780714035,2.4749462216659484e-14
8,3,step,False,12,0.8087519726279173,0.18345207929510884,0.11464679184858678,0.46289950586347306,77.21598082614605,4,1.2865793629860431,127,27.76931762988242,36.35962045163809,2.979326131532676,3,0.11802404795514419,0,0.8060994226810805,0.3639712780714035,2.4749462216659484e-14
8,3,step,False,13,2.043123899298297,0.13101003466775743,0.07303363955223752,1.3078200303194811,38.77488469774087,4,1.517674082475266,76,12.000000000387221,16.88809157306139,2.643375406261162,3,0.35642078034986335,0,0.8060994226810805,0.3639712780714035,2.4749462216659484e-14
8,3,step,False,14,0.951778082041314,0.9926364137417142,0.3592729885583885,0.3889981400938256,38.09994319474929,4,1.6056901379588442,71,14.545678932392702,20.06635008524701,1.7750842193913179,3,0.06239534636909168,0,0.8060994226810805,0.3639712780714035,2.4749462216659484e-14
8,3,step,False,15,0.4172505094214615,0.2744302081960377,0.40757618048955757,0.26996132229601627,74.19146716210743,4,1.2295859775099058,124,24.387029302172067,32.61584541364349,2.5476126814334767,3,0.09488545012090369,0,0.8060994226810805,0.3639712780714035,2.4749462216659484e-14
8,3,step,False,16,0.35411392282486276,0.14844188776792352,0.4457385179352675,0.2478574893369517,96.19237975674679,4,1.3103526701279253,153,33.7638639572062,48.17781015341893,2.9690671560054462,3,0.164679854202723,0,0.8060994226810805,0.3639712780714035,2.4749462216659484e-14
8,3,step,False,17,1.5646563512603404,0.3176731796236536,0.09669025035476168,0.8270807471974078,64.84271274356155,4,1.2130484449046435,119,15.137905576622076,20.156448714015028,2.907033457488745,3,0.17715259233796954,0,0.8060994226810805,0.3639712780714035,2.4749462216659484e-14
8,3,step,False,18,1.8032365558301429,0.1764706394323743,0.07677892529708916,1.0547730329039768,41.454124403351656,4,1.4494181781835445,79,12.000000000154278,17.95463953978308,2.788535604070082,3,0.1836933803535738,0,0.8060994226810805,0.3639712780714035,2.4749462216659484e-14
8,3,step,False,19,2.8305949396715846,0.15542689220519595,0.06984983268365177,1.7313165651532458,10.812960344088546,4,2.2426472127309065,24,12.000000000501402,15.903926336690656,1.938532512655518,2,0.34404926392917407,0,0.8060994226810805,0.3639712780714035,2.4749462216659484e-14
8,3,step,False,20,0.5059941463453863,0.16283780754747051,0.34014327200290284,0.3536446661180881,51.6561043131468,4,1.437951901754448,90,16.65571441973979,23.612960516577083,2.9520423110561276,3,0.11893410768414495,0,0.8060994226810805,0.3639712780714035,2.4749462216659484e-14
8,3,step,False,21,1.8806394974673035,0.18577459801096408,0.16694469810097767,1.3255865032424996,10.13580479948925,4,2.330469541565189,18,12.000000000307715,16.373076244684803,1.1764279143543734,2,0.5511085832657037,0,0.8060994226810805,0.3639712780714035,2.4749462216659484e-14
8,3,step,False,22,1.0642945010013232,0.32350345772568284,0.4400458830570237,0.733282986456121,50.29420951461046,4,1.385653510564346,83,13.496402125355537,19.312979771581038,2.6894302689190157,3,0.1909995387838302,0,0.8060994226810805,0.3639712780714035,2.4749462216659484e-14
8,3,step,False,23,1.6477180246523284,0.07748949171546683,0.06168240977399816,0.9798373699576436,58.943900805974884,4,1.2586679152456106,98,13.611436342165106,18.80099521144948,2.8572340035874513,3,0.0927871774661845,0,0.8060994226810805,0.3639712780714035,2.4749462216659484e-14
9,0,init,False,0,1.9319150175304767,0.09217820490257594,0.10922289075720497,1.1741594893840335,50.83765592911183,4,1.5080824678619769,94,nan,nan,2.6490034396613886,3,nan,0,nan,nan,nan
9,0,init,False,1,2.297613715968394,0.10746543619213325,0.16228131059326445,1.3195659414977998,9.036244677316205,4,1.4151987580563266,17,nan,nan,2.4066897298444108,3,nan,0,nan,nan,nan
9,0,init,False,2,0.3806438597462406,0.16200062964184808,0.7688169237098971,0.3724109192463156,45.72076231280717,4,1.6999048964630479,77,nan,nan,2.4892024929614163,3,nan,0,nan,nan,nan
9,0,init,False,3,2.589576667811834,0.17087501995275567,0.1332238939908978,1.4685184233212882,21.878998199936778,4,1.4101589686111116,41,nan,nan,2.327677051661899,3,nan,0,nan,nan,nan
9,0,init,False,4,0.4350174884567207,0.8701032868727984,0.6324199763837439,0.27689877281712677,46.06352586455857,4,1.326473862479658,82,nan,nan,2.6547552227287587,3,nan,0,nan,nan,nan
9,0,init,False,5,1.1156952399600832,0.6914028449671235,0.18023716553541275,0.6884010975879544,43.374717724875914,4,1.3542569949811656,78,nan,nan,2.7825452319089425,3,nan,0,nan,nan,nan
9,0,init,False,6,1.3582674648938677,0.13965847268463338,0.14676985899851125,0.7762411083543527,79.7391800660551,4,1.1534659600038029,129,nan,nan,2.92594414499747,3,nan,0,nan,nan,nan
9,0,init,False,7,1.0005504679814938,0.47000550747668046,0.1466242093868162,0.5328449404557218,84.84485484469167,4,1.2284512066025288,138,nan,nan,2.858562400498614,3,nan,0,nan,nan,nan
9,0,init,False,8,1.9666485141928456,0.48652647942731286,0.19737429712429255,1.2234565165012112,21.853085367342054,4,1.6307073254371576,46,nan,nan,1.8765721262367219,3,nan,0,nan,nan,nan
9,0,init,False,9,0.6243284807757906,0.22317719662767177,0.3279161076603897,0.3349818360725658,97.61428840538967,4,1.249645505709279,154,nan,nan,2.9052008314533952,3,nan,0,nan,nan,nan
9,0,init,False,10,1.7743448667122528,0.08456911904198626,0.13898496592129797,1.0406885577753495,40.70322499449219,4,1.4769839727858245,83,nan,nan,2.5123818535860005,3,nan,0,nan,nan,nan
9,0,init,False,11,1.0972591878173263,0.17609482483203043,0.2792895201560445,0.7425227093851822,65.40928099831156,4,1.2263952143406478,108,nan,nan,2.5174381223133757,3,nan,0,nan,nan,nan
9,0,init,False,12,2.5440052353798466,0.2274699586755311,0.2411229841446357,1.6782903052148672,3.7329969318222256,4,8.4013883568947,6,nan,nan,1.1612495848795443,2,nan,0,nan,nan,nan
9,0,init,False,13,1.065335976205895,0.12592478409008234,0.15988510373123277,0.48074151789870073,99.54309701714674,4,1.2654416926309866,157,nan,nan,2.9240829081127204,3,nan,0,nan,nan,nan
9,0,init,False,14,0.6147355922993071,0.07719724780920748,0.13444728392954045,0.23553545051378413,101.88338781080608,4,1.2131011237126672,155,nan,nan,2.8352710668511576,3,nan,0,nan,nan,nan
9,0,init,False,15,1.1390096535776728,0.07133003592363336,0.09802056962033691,0.6436712604281858,103.97304012625618,4,1.084218045433002,155,nan,nan,2.967292460168082,3,nan,0,nan,nan,nan
9,0,init,False,16,1.2557821063963082,0.09758928904795215,0.11611579825014204,0.6747425535690329,96.59675285176966,4,1.2449504557197069,153,nan,nan,2.7573708500297034,3,nan,0,nan,nan,nan
9,0,init,False,17,2.4046687697579534,0.22287671651536523,0.09742479103182744,1.3791854268956292,33.0812012220659,4,1.6683970443998164,66,nan,nan,2.370460164998173,3,nan,0,nan,nan,nan
9,0,init,False,18,1.5047639121030847,0.11908298421714421,0.12618457708691785,0.9314880879902975,54.67622169110198,4,1.5949543931485424,93,nan,nan,2.5688030065145186,3,nan,0,nan,nan,nan
9,0,init,False,19,1.497484781295103,0.2309804113333213,0.06854794014301595,0.8961007175209915,52.59368491985117,4,1.1888821417890714,97,nan,nan,2.610164278019126,3,nan,0,nan,nan,nan
9,0,init,False,20,0.3913953812157383,0.19583180654321997,0.45029835540271934,0.360824054902853,90.62980286426586,4,1.2649703156125822,146,nan,nan,2.828760948918589,3,nan,0,nan,nan,nan
9,0,init,False,21,1.664103941613645,0.22871445266360604,0.07277465176761311,1.1391165315662632,12.120125259295206,4,1.3443735004067154,22,nan,nan,1.7213828827791333,3,nan,0,nan,nan,nan
9,0,init,False,22,1.408979648993165,0.19840957553829378,0.16533938859444647,0.6915377792758998,53.60540342249233,4,1.421516828106679,102,nan,nan,2.7825642368043404,3,nan,0,nan,nan,nan
9,0,init,False,23,0.36411673436852154,0.4412519645670627,0.12471637197965432,0.2217320279639587,130.4884664982385,4,1.154610501318598,187,nan,nan,2.9242483991305686,3,nan,0,nan,nan,nan
9,1,step,False,0,1.9319150175304767,0.31754025707701006,0.10922289075720497,1.1741594893840335,50.83765592911183,4,1.5080824678619769,94,12.000000000876735,20.041251427445104,2.6490034396613886,3,0.3354845259437922,0,1.7084164625838822,1.0,7.236555197626432e-16
9,1,step,False,1,2.297613715968394,0.12288783482598135,0.16228131059326445,1.3195659414977998,9.036244677316205,4,1.4151987580563266,17,12.000000000277904,18.040062438691933,2.4066897298444108,3,0.3205080857078084,0,1.7084164625838822,1.0,7.236555197626432e-16
9,1,step,False,2,0.3806438597462406,0.15665036420891512,0.7688169237098971,0.3724109192463156,45.72076231280717,4,1.6999048964630479,77,12.321658107402728,17.692483542791134,2.4892024929614163,3,0.5020407381803551,0,1.7084164625838822,1.0,7.236555197626432e-16
9,1,step,False,3,2.589576667811834,0.10436687717081826,0.1332238939908978,1.4685184233212882,21.878998199936778,4,1.4101589686111116,41,12.000000001236476,18.33778116410137,2.327677051661899,3,0.428021954163776,0,1.7084164625838822,1.0,7.236555197626432e-16
9,1,step,False,4,0.4350174884567207,0.9087589508943811,0.6324199763837439,0.27689877281712677,46.06352586455857,4,1.326473862479658,82,14.101343720952563,20.404649320083315,2.6547552227287587,3,0.34911525621095113,0,1.7084164625838822,1.0,7.236555197626432e-16
9,1,step,False,5,1.1156952399600832,0.7726832011834022,0.18023716553541275,0.6884010975879544,43.374717724875914,4,1.3542569949811656,78,12.966592956796749,18.891762767913193,2.7825452319089425,3,0.31215899738093716,0,1.7084164625838822,1.0,7.236555197626432e-16
9,1,step,False,6,1.3582674648938677,0.05664113861663478,0.14676985899851125,0.7762411083543527,79.7391800660551,4,1.1534659600038029,129,28.747105336916775,39.920758057570026,2.92594414499747,3,0.3396981241991706,0,1.7084164625838822,1.0,7.236555197626432e-16
9,1,step,False,7,1.0005504679814938,0.44303748530484477,0.1466242093868162,0.5328449404557218,84.84485484469167,4,1.2284512066025288,138,27.787493253656557,38.74140640264389,2.858562400498614,3,0.36110745548789464,0,1.7084164625838822,1.0,7.236555197626432e-16
9,1,step,False,8,1.9666485141928456,0.6138266495674658,0.19737429712429255,1.2234565165012112,21.853085367342054,4,1.6307073254371576,46,12.000000000947121,18.955136677977222,1.8765721262367219,3,0.2743307658214273,0,1.7084164625838822,1.0,7.236555197626432e-16
9,1,step,False,9,0.6243284807757906,0.13933662041203626,0.3279161076603897,0.3349818360725658,97.61428840538967,4,1.249645505709279,154,36.471645697460836,54.05235222147349,2.9052008314533952,3,0.3881276780668156,0,1.7084164625838822,1.0,7.236555197626432e-16
9,1,step,False,10,1.7743448667122528,0.12875938504368675,0.13898496592129797,1.0406885577753495,40.70322499449219,4,1.4769839727858245,83,12.0000000011747,17.753158939761676,2.5123818535860005,3,0.4157539167739915,0,1.7084164625838822,1.0,7.236555197626432e-16
9,1,step,False,11,1.0972591878173263,0.1621891979678096,0.2792895201560445,0.7425227093851822,65.40928099831156,4,1.2263952143406478,108,17.425073309112193,24.404618069607093,2.5174381223133757,3,0.4355391642928549,0,1.7084164625838822,1.0,7.236555197626432e-16
9,1,step,False,12,2.5440052353798466,0.12674439146559816,0.2411229841446357,1.6782903052148672,3.7329969318222256,4,8.4013883568947,6,12.000000000175117,17.9945364582381,1.1612495848795443,2,0.49332531406353897,0,1.7084164625838822,1.0,7.236555197626432e-16
9,1,step,False,13,1.065335976205895,0.03594602235703598,0.15988510373123277,0.48074151789870073,99.54309701714674,4,1.2654416926309866,157,35.8242000193221,51.30125971846591,2.9240829081127204,3,0.3297762043773521,0,1.7084164625838822,1.0,7.236555197626432e-16
9,1,step,False,14,0.6147355922993071,0.1416704474129478,0.13444728392954045,0.23553545051378413,101.88338781080608,4,1.2131011237126672,155,42.54616209528608,56.32190117238338,2.8352710668511576,3,0.38335333252493314,0,1.7084164625838822,1.0,7.236555197626432e-16
9,1,step,False,15,1.1390096535776728,0.07217147546265122,0.09802056962033691,0.6436712604281858,103.97304012625618,4,1.084218045433002,155,43.82642858407712,60.958712330623,2.967292460168082,3,0.35923410432564545,0,1.7084164625838822,1.0,7.236555197626432e-16
9,1,step,False,16,1.2557821063963082,0.4109049079281654,0.11611579825014204,0.6747425535690329,96.59675285176966,4,1.2449504557197069,153,29.19509157337148,41.8359724571946,2.7573708500297034,3,0.3282756659646241,0,1.7084164625838822,1.0,7.236555197626432e-16
9,1,step,False,17,2.4046687697579534,0.26170310000844743,0.09742479103182744,1.3791854268956292,33.0812012220659,4,1.6683970443998164,66,12.000000000249432,19.613812139715215,2.370460164998173,3,0.32484703023308936,0,1.7084164625838822,1.0,7.236555197626432e-16
9,1,step,False,18,1.5047639121030847,0.034370556859735786,0.12618457708691785,0.9314880879902975,54.67622169110198,4,1.5949543931485424,93,17.8559324071023,26.138922190522386,2.5688030065145186,3,0.3954889060111457,0,1.7084164625838822,1.0,7.236555197626432e-16
9,1,step,False,19,1.497484781295103,0.14142135369247189,0.06854794014301595,0.8961007175209915,52.59368491985117,4,1.1888821417890714,97,12.798893428967256,19.697874575842242,2.610164278019126,3,0.3541434398270845,0,1.7084164625838822,1.0,7.236555197626432e-16
9,1,step,False,20,0.3913953812157383,0.22946115995072855,0.45029835540271934,0.360824054902853,90.62980286426586,4,1.2649703156125822,146,32.1420444826835,46.74980486743438,2.828760948918589,3,0.32285137474671444,0,1.7084164625838822,1.0,7.236555197626432e-16
9,1,step,False,21,1.664103941613645,0.18292948243666987,0.07277465176761311,1.1391165315662632,12.120125259295206,4,1.3443735004067154,22,12.000000000214442,16.213745567599034,1.7213828827791333,3,0.3242755993460544,0,1.7084164625838822,1.0,7.236555197626432e-16
9,1,step,False,22,1.408979648993165,0.12809077859463922,0.16533938859444647,0.6915377792758998,53.60540342249233,4,1.421516828106679,102,12.000000000817202,17.392530227493737,2.7825642368043404,3,0.33063480091243663,0,1.7084164625838822,1.0,7.236555197626432e-16
9,1,step,False,23,0.36411673436852154,0.31755046296153566,0.12471637197965432,0.2217320279639587,130.4884664982385,4,1.154610501318598,187,60.77400767995109,82.77528192639559,2.9242483991305686,3,0.4212945423553737,0,1.7084164625838822,1.0,7.236555197626432e-16
9,2,step,False,0,1.9319150175304767,0.0338597921977059,0.10922289075720497,1.1741594893840335,50.83765592911183,4,1.5080824678619769,94,12.000000002120627,21.644088153204194,2.6490034396613886,3,0.24963331002390965,0,1.2080328657837966,0.6093758344650269,3.3164648881799237e-15
9,2,step,False,1,2.297613715968394,0.16126190818450498,0.16228131059326445,1.3195659414977998,9.036244677316205,4,1.4151987580563266,17,12.000000000757993,18.735064270670502,2.4066897298444108,3,0.319538421596065,0,1.2080328657837966,0.6093758344650269,3.3164648881799237e-15
9,2,step,False,2,0.3806438597462406,0.21817122995343247,0.7688169237098971,0.3724109192463156,45.72076231280717,4,1.6999048964630479,77,15.45946959155107,23.206219640214684,2.4892024929614163,3,0.2613758615298692,0,1.2080328657837966,0.6093758344650269,3.3164648881799237e-15
9,2,step,False,3,2.589576667811834,0.12955625558579417,0.1332238939908978,1.4685184233212882,21.878998199936778,4,1.4101589686111116,41,12.000000000816287,18.095576425071375,2.327677051661899,3,0.23294187538675598,0,1.2080328657837966,0.6093758344650269,3.3164648881799237e-15
9,2,step,False,4,0.4350174884567207,0.9386078466403023,0.6324199763837439,0.27689877281712677,46.06352586455857,4,1.326473862479658,82,16.8237280315369,24.73237809655978,2.6547552227287587,3,0.23936209107208456,0,1.2080328657837966,0.6093758344650269,3.3164648881799237e-15
9,2,step,False,5,1.1156952399600832,0.8106181298974031,0.18023716553541275,0.6884010975879544,43.374717724875914,4,1.3542569949811656,78,15.092357744277514,20.9001295096405,2.7825452319089425,3,0.23827148628032702,0,1.2080328657837966,0.6093758344650269,3.3164648881799237e-15
9,2,step,False,6,1.3582674648938677,0.09995226182083236,0.14676985899851125,0.7762411083543527,79.7391800660551,4,1.1534659600038029,129,27.438183270338467,38.06891725082172,2.92594414499747,3,0.22612362661043092,0,1.2080328657837966,0.6093758344650269,3.3164648881799237e-15
9,2,step,False,7,1.0005504679814938,0.343219572770808,0.1466242093868162,0.5328449404557218,84.84485484469167,4,1.2284512066025288,138,30.683207206817563,43.445328026736576,2.858562400498614,3,0.22851776993460374,0,1.2080328657837966,0.6093758344650269,3.3164648881799237e-15
9,2,step,False,8,1.9666485141928456,0.4276603783332895,0.19737429712429255,1.2234565165012112,21.853085367342054,4,1.6307073254371576,46,12.000000000391905,18.690082031535006,1.8765721262367219,3,0.26325624251742036,0,1.2080328657837966,0.6093758344650269,3.3164648881799237e-15
9,2,step,False,9,0.6243284807757906,0.18728970156272398,0.3279161076603897,0.3349818360725658,97.61428840538967,4,1.249645505709279,154,37.99961639407076,55.07628857827173,2.9052008314533952,3,0.271639346359979,0,1.2080328657837966,0.6093758344650269,3.3164648881799237e-15
9,2,step,False,10,1.7743448667122528,0.15390842689964596,0.13898496592129797,1.0406885577753495,40.70322499449219,4,1.4769839727858245,83,12.000000000651255,18.625740876923825,2.5123818535860005,3,0.21847118614211994,0,1.2080328657837966,0.6093758344650269,3.3164648881799237e-15
9,2,step,False,11,1.0972591878173263,0.10792328704842502,0.2792895201560445,0.7425227093851822,65.40928099831156,4,1.2263952143406478,108,18.571196862122086,25.801747191382315,2.5174381223133757,3,0.24846775922559364,0,1.2080328657837966,0.6093758344650269,3.3164648881799237e-15
9,2,step,False,12,2.5440052353798466,0.07416306055053722,0.2411229841446357,1.6782903052148672,3.7329969318222256,4,8.4013883568947,6,12.0000000002708,18.335112893901425,1.1612495848795443,2,0.4070318673309462,0,1.2080328657837966,0.6093758344650269,3.3164648881799237e-15
9,2,step,False,13,1.065335976205895,0.016375039108758437,0.15988510373123277,0.48074151789870073,99.54309701714674,4,1.2654416926309866,157,32.62515356802617,43.9730050770407,2.9240829081127204,3,0.20646220645411317,0,1.2080328657837966,0.6093758344650269,3.3164648881799237e-15
9,2,step,False,14,0.6147355922993071,0.15450888411977007,0.13444728392954045,0.23553545051378413,101.88338781080608,4,1.2131011237126672,155,44.746590491594,58.79107963080031,2.8352710668511576,3,0.29404759647064854,0,1.2080328657837966,0.6093758344650269,3.3164648881799237e-15
9,2,step,False,15,1.1390096535776728,0.20213419058869397,0.09802056962033691,0.6436712604281858,103.97304012625618,4,1.084218045433002,155,40.7283823701035,53.75971531189243,2.967292460168082,3,0.22727194894160607,0,1.2080328657837966,0.6093758344650269,3.3164648881799237e-15
9,2,step,False,16,1.2557821063963082,0.0735578557036131,0.11611579825014204,0.6747425535690329,96.59675285176966,4,1.2449504557197069,153,29.09391055046321,41.21589685433666,2.7573708500297034,3,0.19712993813063379,0,1.2080328657837966,0.6093758344650269,3.3164648881799237e-15
9,2,step,False,17,2.4046687697579534,0.21450362342761875,0.09742479103182744,1.3791854268956292,33.0812012220659,4,1.6683970443998164,66,12.000000001356202,20.21859830352347,2.370460164998173,3,0.3509051315103503,0,1.2080328657837966,0.6093758344650269,3.3164648881799237e-15
9,2,step,False,18,1.5047639121030847,0.02543843626953496,0.12618457708691785,0.9314880879902975,54.67622169110198,4,1.5949543931485424,93,16.339537101677752,23.41777262492881,2.5688030065145186,3,0.2834615842578031,0,1.2080328657837966,0.6093758344650269,3.3164648881799237e-15
9,2,step,False,19,1.497484781295103,0.09201446650454731,0.06854794014301595,0.8961007175209915,52.59368491985117,4,1.1888821417890714,97,12.140366507089206,19.90618828092705,2.610164278019126,3,0.2819851592750915,0,1.2080328657837966,0.6093758344650269,3.3164648881799237e-15
9,2,step,False,20,0.3913953812157383,0.21779409981077355,0.45029835540271934,0.360824054902853,90.62980286426586,4,1.2649703156125822,146,38.146056004560414,54.103592439808985,2.828760948918589,3,0.2488192142896885,0,1.2080328657837966,0.6093758344650269,3.3164648881799237e-15
9,2,step,False,21,1.664103941613645,0.15675964657673222,0.07277465176761311,1.1391165315662632,12.120125259295206,4,1.3443735004067154,22,12.000000000581933,16.21695549549073,1.7213828827791333,3,0.2500684599871766,0,1.2080328657837966,0.6093758344650269,3.3164648881799237e-15
9,2,step,False,22,1.408979648993165,0.09746383622655609,0.16533938859444647,0.6915377792758998,53.60540342249233,4,1.421516828106679,102,12.435312287777414,18.659522029426192,2.7825642368043404,3,0.2064015556068779,0,1.2080328657837966,0.6093758344650269,3.3164648881799237e-15
9,2,step,False,23,0.36411673436852154,0.20886236950862636,0.12471637197965432,0.2217320279639587,130.4884664982385,4,1.154610501318598,187,60.34280406186962,78.45090519207177,2.9242483991305686,3,0.18450376034100346,0,1.2080328657837966,0.6093758344650269,3.3164648881799237e-15
9,3,step,False,0,1.9319150175304767,0.2429356915741646,0.10922289075720497,1.1741594893840335,50.83765592911183,4,1.5080824678619769,94,12.000000000592301,16.998224406258377,2.6490034396613886,3,0.30457182085416484,0,0.854208231291941,0.36577458679676056,4.4436673189775666e-14
9,3,step,False,1,2.297613715968394,0.1353849501949044,0.16228131059326445,1.3195659414977998,9.036244677316205,4,1.4151987580563266,17,12.000000000343922,19.32350365298324,2.4066897298444108,3,0.21900610363907197,0,0.854208231291941,0.36577458679676056,4.4436673189775666e-14
9,3,step,False,2,0.3806438597462406,0.10387116097915791,0.7688169237098971,0.3724109192463156,45.72076231280717,4,1.6999048964630479,77,17.262240710569188,25.02414276135757,2.4892024929614163,3,0.14132179073879636,0,0.854208231291941,0.36577458679676056,4.4436673189775666e-14
9,3,step,False,3,2.589576667811834,0.1362506960765748,0.1332238939908978,1.4685184233212882,21.878998199936778,4,1.4101589686111116,41,12.000000000252244,16.403901964775844,2.327677051661899,3,0.12953943610185456,0,0.854208231291941,0.36577458679676056,4.4436673189775666e-14
9,3,step,False,4,0.4350174884567207,0.9516513931381171,0.6324199763837439,0.27689877281712677,46.06352586455857,4,1.326473862479658,82,19.626052261474197,28.50203734463865,2.6547552227287587,3,0.15399672640827852,0,0.854208231291941,0.36577458679676056,4.4436673189775666e-14
9,3,step,False,5,1.1156952399600832,0.8323717523164541,0.18023716553541275,0.6884010975879544,43.374717724875914,4,1.3542569949811656,78,17.351472336491824,24.48188117185382,2.7825452319089425,3,0.14859517586827387,0,0.854208231291941,0.36577458679676056,4.4436673189775666e-14
9,3,step,False,6,1.3582674648938677,0.09896441202513222,0.14676985899851125,0.7762411083543527,79.7391800660551,4,1.1534659600038029,129,23.971607984106438,32.040945394947784,2.92594414499747,3,0.1704136452857886,0,0.854208231291941,0.36577458679676056,4.4436673189775666e-14
9,3,step,False,7,1.0005504679814938,0.2771639806940028,0.1466242093868162,0.5328449404557218,84.84485484469167,4,1.2284512066025288,138,33.76050691210739,47.355192647883165,2.858562400498614,3,0.16418445183977612,0,0.854208231291941,0.36577458679676056,4.4436673189775666e-14
9,3,step,False,8,1.9666485141928456,0.3074828550659167,0.19737429712429255,1.2234565165012112,21.853085367342054,4,1.6307073254371576,46,12.0000000010815,17.922232758496264,1.8765721262367219,3,0.17451645876001903,0,0.854208231291941,0.36577458679676056,4.4436673189775666e-14
9,3,step,False,9,0.6243284807757906,0.2504715549138857,0.3279161076603897,0.3349818360725658,97.61428840538967,4,1.249645505709279,154,38.58631996594403,53.21333226333897,2.9052008314533952,3,0.1509457947136562,0,0.854208231291941,0.36577458679676056,4.4436673189775666e-14
9,3,step,False,10,1.7743448667122528,0.26874626128872453,0.13898496592129797,1.0406885577753495,40.70322499449219,4,1.4769839727858245,83,12.00000000058951,17.674137264326212,2.5123818535860005,3,0.21939089807155532,0,0.854208231291941,0.36577458679676056,4.4436673189775666e-14
9,3,step,False,11,1.0972591878173263,0.2626249857490517,0.2792895201560445,0.7425227093851822,65.40928099831156,4,1.2263952143406478,108,20.47648956016717,28.272642258810755,2.5174381223133757,3,0.14480456059689778,0,0.854208231291941,0.36577458679676056,4.4436673189775666e-14
9,3,step,False,12,2.5440052353798466,0.06798115708117687,0.2411229841446357,1.6782903052148672,3.7329969318222256,4,8.4013883568947,6,12.000000000393598,17.555283672710765,1.1612495848795443,2,0.26817184909780356,0,0.854208231291941,0.36577458679676056,4.4436673189775666e-14
9,3,step,False,13,1.065335976205895,0.043052479226188226,0.15988510373123277,0.48074151789870073,99.54309701714674,4,1.2654416926309866,157,31.58735264951776,41.72057442893183,2.9240829081127204,3,0.1361675376990082,0,0.854208231291941,0.36577458679676056,4.4436673189775666e-14
9,3,step,False,14,0.6147355922993071,0.1621301534643713,0.13444728392954045,0.23553545051378413,101.88338781080608,4,1.2131011237126672,155,41.82447121260352,52.773493352392975,2.8352710668511576,3,0.12522583404735002,0,0.854208231291941,0.36577458679676056,4.4436673189775666e-14
9,3,step,False,15,1.1390096535776728,0.25067463810780694,0.09802056962033691,0.6436712604281858,103.97304012625618,4,1.084218045433002,155,37.650814521925746,48.44778758617003,2.967292460168082,3,0.1633902448462137,0,0.854208231291941,0.36577458679676056,4.4436673189775666e-14
9,3,step,False,16,1.2557821063963082,0.17001741776182447,0.11611579825014204,0.6747425535690329,96.59675285176966,4,1.2449504557197069,153,24.99310130241019,35.39722999635598,2.7573708500297034,3,0.12498723143217845,0,0.854208231291941,0.36577458679676056,4.4436673189775666e-14
9,3,step,False,17,2.4046687697579534,0.1334954183927683,0.09742479103182744,1.3791854268956292,33.0812012220659,4,1.6683970443998164,66,12.000000000649104,16.827722962102904,2.370460164998173,3,0.18451271908471267,0,0.854208231291941,0.36577458679676056,4.4436673189775666e-14
9,3,step,False,18,1.5047639121030847,0.04879271414866949,0.12618457708691785,0.9314880879902975,54.67622169110198,4,1.5949543931485424,93,14.661954360125822,20.055887706396447,2.5688030065145186,3,0.1996043454066868,0,0.854208231291941,0.36577458679676056,4.4436673189775666e-14
9,3,step,False,19,1.497484781295103,0.1941840716449141,0.06854794014301595,0.8961007175209915,52.59368491985117,4,1.1888821417890714,97,12.00000000007028,17.073732405108437,2.610164278019126,3,0.1538669982320047,0,0.854208231291941,0.36577458679676056,4.4436673189775666e-14
9,3,step,False,20,0.3913953812157383,0.2585541072587152,0.45029835540271934,0.360824054902853,90.62980286426586,4,1.2649703156125822,146,40.462772892731785,55.466023685136115,2.828760948918589,3,0.14857724411111375,0,0.854208231291941,0.36577458679676056,4.4436673189775666e-14
9,3,step,False,21,1.664103941613645,0.11236809617942004,0.07277465176761311,1.1391165315662632,12.120125259295206,4,1.3443735004067154,22,12.00000000025787,17.10253522700235,1.7213828827791333,3,0.2515432155060696,0,0.854208231291941,0.36577458679676056,4.4436673189775666e-14
9,3,step,False,22,1.408979648993165,0.13687905397165592,0.16533938859444647,0.6915377792758998,53.60540342249233,4,1.421516828106679,102,12.000000000146684,17.59035293241606,2.7825642368043404,3,0.1353139075438176,0,0.854208231291941,0.36577458679676056,4.4436673189775666e-14
9,3,step,False,23,0.36411673436852154,0.18374471919722626,0.12471637197965432,0.2217320279639587,130.4884664982385,4,1.154610501318598,187,61.15000172520983,80.0138460144442,2.9242483991305686,3,0.13666138414860038,0,0.854208231291941,0.36577458679676056,4.4436673189775666e-14
