experiment,title,point,point_label,run,seed,seed_bundle,model_seed,build,order,n,noise_dimension_condition,d,n_over_d,sigma_x,rho_corr,sigma_eps,link,x_distribution,noise_distribution,heteroscedastic,outlier_fraction,outlier_scale,delta,mode,index_dim,n_samples,tau,link_scale,normalize_link_by_sigma_x,basis_pool_dim,N_loc,N_lin,N_J,N_phi,N_manifold,sync_steps,lambda_manifold,outer_steps,lambda_penalty,a,h_min_factor,index_init,direction_mode,multi_tensor,select_step,center_displacement,training_set,redraw_directions,solver_max_steps,requested_config,effective_config,status,error,quality_metric,quality_direction,convergence_pass,quality_pass,recovered,failure_mode,quality,cosine_abs,trace_score,projector_distance,max_principal_sine,max_principal_angle_deg,initial_quality,last_quality,initial_eigenvalues,fit_time_sec,max_stage_traced_peak_mib,outer_iterations,stop_reason,selected_iteration,selected_error,prediction_rmse,trace,solver_diagnostics
diagnostic-manifold-base,"manifold: base, local parameter variants",0,"N_loc=20, N_phi=10, N_J=24, N_manifold=6, lambda_manifold=0.5, sync_steps=1",0,0,"{""beta"":160747260,""features"":2186772633,""noise"":475316650,""centers"":2297579960,""directions"":834610471,""init"":3414180542,""outliers"":2022353668,""outlier_noise"":1111215905,""gamma"":2591228347,""misspecification"":1802179717}",3414180542,ADP,0,240,True,4,60,1.0,0.0,0.05,manifold_radial,gaussian,gaussian,False,0.0,1.0,0.0,manifold,1,240,,1.0,False,,20,60,24,10,6,1,0.5,,,,10,,,,,,,,,"{""config"":{""seed"":42,""N_loc"":20,""N_lin"":60,""N_J"":24,""N_phi"":10,""lambda_penalty"":0.05,""local_ridge"":1e-08,""kernel"":""ADP.core.ADP_Config:epanechnikov"",""a"":1.4142135623730951,""h_min"":0.6454972243679028,""batch_size"":32,""index_init"":""local"",""estimator"":""new"",""direction_mode"":""auto"",""multi_tensor"":""orthogonal"",""select_step"":""best"",""center_displacement"":0.0,""training_set"":""all"",""redraw_directions"":true,""smart_weights"":false,""gpu"":false,""gpu_solver"":false},""solver_tol"":1e-06,""solver_max_steps"":3,""solver"":""cg"",""theta"":0.1,""trust_radius"":null,""lsmr_maxiter"":null,""cg_maxiter"":null,""manifold"":{""N_manifold"":6,""sync_steps"":1,""lambda_manifold"":0.5}}","{""seed"":3414180542,""N_loc"":20,""N_lin"":60,""N_J"":24,""N_phi"":10,""lambda_penalty"":0.05,""local_ridge"":1e-08,""kernel"":""ADP.core.ADP_Config:epanechnikov"",""a"":1.4142135623730951,""h_min"":0.6454972243679028,""batch_size"":32,""index_init"":""local"",""estimator"":""new"",""direction_mode"":""auto"",""multi_tensor"":""orthogonal"",""select_step"":""best"",""center_displacement"":0.0,""training_set"":""all"",""redraw_directions"":true,""smart_weights"":false,""gpu"":false,""gpu_solver"":false,""solver"":""cg"",""solver_tol"":1e-06,""solver_max_steps"":1,""theta"":null,""trust_radius"":null,""lsmr_maxiter"":null,""cg_maxiter"":null,""training_size"":240,""center_displacement_scale"":0.0,""N_manifold"":6,""sync_steps"":1,""lambda_manifold"":0.5}",success,,local_projector_distance,lower,True,False,False,converged_bad_quality,0.48095653044126213,,,0.48095653044126213,0.989399410770587,81.64998935487186,,0.48095653044126213,[],0.27675721400009934,0.7365550994873047,3,h_min,2,90.4543369497081,0.6139161755677918,"[{""phase"":""sync"",""iteration"":0,""h"":1.6633575396573566,""h_manifold"":2.250489893576492,""alpha"":1.0,""alpha_manifold"":1.0,""function_edges"":851,""manifold_edges"":228,""function_mass_q10"":4.142971690230403,""function_mass_min"":2.4337449486986866,""function_mass_mean"":20.000000000000004,""function_mass_median"":18.07643994820915,""function_mass_q90"":37.056444288326794,""n_eff_q10"":6.336492672760581,""n_eff_min"":3.3874532556079515,""n_eff_median"":24.917576549473505,""n_eff_q90"":52.0676568628778,""manifold_mass_q10"":1.3171777284793307,""manifold_mass_median"":5.905797282851303,""manifold_mass_q90"":9.487421311276238,""projector_change_median"":0.16781336701510152,""projector_change_max"":0.40088590986208605,""objective"":105.18850595663369,""manifold_penalty"":2.0191108798649706,""cg_iterations"":96,""cg_relative_residual_max"":1.8693613911727413e-15,""linear_iterations"":96,""linear_relative_residual_max"":1.8693613911727413e-15,""dense_solves"":0,""pcg_solves"":0,""fallback_solves"":0},{""phase"":""scale"",""iteration"":1,""h"":1.1761713958294884,""h_manifold"":2.250489893576492,""alpha"":0.6081723272800446,""alpha_manifold"":1.0,""function_edges"":829,""manifold_edges"":228,""function_mass_q10"":4.329492397552054,""function_mass_min"":1.6732065374836547,""function_mass_mean"":20.000000519661246,""function_mass_median"":18.135155834954944,""function_mass_q90"":37.60571492965732,""n_eff_q10"":6.278582316398468,""n_eff_min"":1.986596412625024,""n_eff_median"":25.377826275534726,""n_eff_q90"":51.092763824741326,""manifold_mass_q10"":1.3171777284793307,""manifold_mass_median"":5.905797282851303,""manifold_mass_q90"":9.487421311276238,""projector_change_median"":0.1307014397418462,""projector_change_max"":0.33340259362112074,""objective"":88.55273263506263,""manifold_penalty"":2.0473445954470906,""cg_iterations"":96,""cg_relative_residual_max"":1.6451937834456953e-15,""linear_iterations"":96,""linear_relative_residual_max"":1.6451937834456953e-15,""dense_solves"":0,""pcg_solves"":0,""fallback_solves"":0},{""phase"":""scale"",""iteration"":2,""h"":0.8316787698286782,""h_manifold"":2.250489893576492,""alpha"":0.3670121133327484,""alpha_manifold"":1.0,""function_edges"":828,""manifold_edges"":228,""function_mass_q10"":6.208034517764972,""function_mass_min"":1.4879381168480448,""function_mass_mean"":20.000001392443657,""function_mass_median"":17.32800166320573,""function_mass_q90"":37.19429540385967,""n_eff_q10"":9.602495546364503,""n_eff_min"":1.788215132699223,""n_eff_median"":21.92253377354787,""n_eff_q90"":50.7406103180201,""manifold_mass_q10"":1.3171777284793307,""manifold_mass_median"":5.905797282851303,""manifold_mass_q90"":9.487421311276238,""projector_change_median"":0.10275486347171223,""projector_change_max"":0.2554263878921073,""objective"":93.60843505203506,""manifold_penalty"":1.888869591438342,""cg_iterations"":92,""cg_relative_residual_max"":1.8396109100848684e-14,""linear_iterations"":92,""linear_relative_residual_max"":1.8396109100848684e-14,""dense_solves"":0,""pcg_solves"":0,""fallback_solves"":0,""stop_reason"":""h_min""}]","{""converged"":true,""cg_iterations"":284,""cg_relative_residual_max"":1.8396109100848684e-14,""linear_iterations"":284,""linear_relative_residual_max"":1.8396109100848684e-14,""dense_solves"":0,""pcg_solves"":0,""fallback_solves"":0}"
diagnostic-manifold-base,"manifold: base, local parameter variants",0,"N_loc=20, N_phi=10, N_J=24, N_manifold=6, lambda_manifold=0.5, sync_steps=1",1,1,"{""beta"":1931894582,""features"":728973687,""noise"":453924638,""centers"":2145764529,""directions"":1084146302,""init"":1568069026,""outliers"":2674833454,""outlier_noise"":1988346855,""gamma"":3811432093,""misspecification"":345464691}",1568069026,ADP,0,240,True,4,60,1.0,0.0,0.05,manifold_radial,gaussian,gaussian,False,0.0,1.0,0.0,manifold,1,240,,1.0,False,,20,60,24,10,6,1,0.5,,,,10,,,,,,,,,"{""config"":{""seed"":42,""N_loc"":20,""N_lin"":60,""N_J"":24,""N_phi"":10,""lambda_penalty"":0.05,""local_ridge"":1e-08,""kernel"":""ADP.core.ADP_Config:epanechnikov"",""a"":1.4142135623730951,""h_min"":0.6454972243679028,""batch_size"":32,""index_init"":""local"",""estimator"":""new"",""direction_mode"":""auto"",""multi_tensor"":""orthogonal"",""select_step"":""best"",""center_displacement"":0.0,""training_set"":""all"",""redraw_directions"":true,""smart_weights"":false,""gpu"":false,""gpu_solver"":false},""solver_tol"":1e-06,""solver_max_steps"":3,""solver"":""cg"",""theta"":0.1,""trust_radius"":null,""lsmr_maxiter"":null,""cg_maxiter"":null,""manifold"":{""N_manifold"":6,""sync_steps"":1,""lambda_manifold"":0.5}}","{""seed"":1568069026,""N_loc"":20,""N_lin"":60,""N_J"":24,""N_phi"":10,""lambda_penalty"":0.05,""local_ridge"":1e-08,""kernel"":""ADP.core.ADP_Config:epanechnikov"",""a"":1.4142135623730951,""h_min"":0.6454972243679028,""batch_size"":32,""index_init"":""local"",""estimator"":""new"",""direction_mode"":""auto"",""multi_tensor"":""orthogonal"",""select_step"":""best"",""center_displacement"":0.0,""training_set"":""all"",""redraw_directions"":true,""smart_weights"":false,""gpu"":false,""gpu_solver"":false,""solver"":""cg"",""solver_tol"":1e-06,""solver_max_steps"":1,""theta"":null,""trust_radius"":null,""lsmr_maxiter"":null,""cg_maxiter"":null,""training_size"":240,""center_displacement_scale"":0.0,""N_manifold"":6,""sync_steps"":1,""lambda_manifold"":0.5}",success,,local_projector_distance,lower,True,False,False,converged_bad_quality,0.4366502792614748,,,0.4366502792614748,0.9997700349302963,88.77121220099033,,0.4366502792614748,[],0.26219893799861893,0.662750244140625,3,h_min,2,72.93633956244518,0.55127254134731,"[{""phase"":""sync"",""iteration"":0,""h"":1.655828701493783,""h_manifold"":2.319866362038382,""alpha"":1.0,""alpha_manifold"":1.0,""function_edges"":876,""manifold_edges"":224,""function_mass_q10"":6.2626455605731195,""function_mass_min"":4.398587113857294,""function_mass_mean"":19.999999999999996,""function_mass_median"":20.317212386344664,""function_mass_q90"":32.171074455832944,""n_eff_q10"":9.115186139787221,""n_eff_min"":5.644182069735399,""n_eff_median"":28.835288321549683,""n_eff_q90"":44.34415078417799,""manifold_mass_q10"":2.290557434291452,""manifold_mass_median"":6.120236735010389,""manifold_mass_q90"":10.074979297813792,""projector_change_median"":0.14285347747611188,""projector_change_max"":0.47061782063522006,""objective"":81.3659421969034,""manifold_penalty"":1.2968568315098157,""cg_iterations"":96,""cg_relative_residual_max"":3.106764882692313e-16,""linear_iterations"":96,""linear_relative_residual_max"":3.106764882692313e-16,""dense_solves"":0,""pcg_solves"":0,""fallback_solves"":0},{""phase"":""scale"",""iteration"":1,""h"":1.1708477033095694,""h_manifold"":2.319866362038382,""alpha"":0.6099494844675064,""alpha_manifold"":1.0,""function_edges"":870,""manifold_edges"":224,""function_mass_q10"":4.753315861895205,""function_mass_min"":3.2535921829435317,""function_mass_mean"":20.000000865025388,""function_mass_median"":20.96154296924255,""function_mass_q90"":31.60060175980807,""n_eff_q10"":6.772502125142814,""n_eff_min"":4.295172656190314,""n_eff_median"":28.30203369409969,""n_eff_q90"":42.19534745561912,""manifold_mass_q10"":2.290557434291452,""manifold_mass_median"":6.120236735010389,""manifold_mass_q90"":10.074979297813792,""projector_change_median"":0.21126494721755318,""projector_change_max"":0.417508539446456,""objective"":95.50466929016574,""manifold_penalty"":1.6477239534940415,""cg_iterations"":96,""cg_relative_residual_max"":3.2813308278137177e-13,""linear_iterations"":96,""linear_relative_residual_max"":3.2813308278137177e-13,""dense_solves"":0,""pcg_solves"":0,""fallback_solves"":0},{""phase"":""scale"",""iteration"":2,""h"":0.8279143507468913,""h_manifold"":2.319866362038382,""alpha"":0.36730271577835083,""alpha_manifold"":1.0,""function_edges"":836,""manifold_edges"":224,""function_mass_q10"":3.985956531896732,""function_mass_min"":2.8741620577767937,""function_mass_mean"":20.000000341930793,""function_mass_median"":20.442834308933136,""function_mass_q90"":31.4059007471717,""n_eff_q10"":5.083902498417897,""n_eff_min"":3.663314301794781,""n_eff_median"":27.590816966234,""n_eff_q90"":42.53264674339093,""manifold_mass_q10"":2.290557434291452,""manifold_mass_median"":6.120236735010389,""manifold_mass_q90"":10.074979297813792,""projector_change_median"":0.16764649964125344,""projector_change_max"":0.3137978422434329,""objective"":63.13146132680401,""manifold_penalty"":1.7602827843077549,""cg_iterations"":96,""cg_relative_residual_max"":4.898210507801981e-15,""linear_iterations"":96,""linear_relative_residual_max"":4.898210507801981e-15,""dense_solves"":0,""pcg_solves"":0,""fallback_solves"":0,""stop_reason"":""h_min""}]","{""converged"":true,""cg_iterations"":288,""cg_relative_residual_max"":3.2813308278137177e-13,""linear_iterations"":288,""linear_relative_residual_max"":3.2813308278137177e-13,""dense_solves"":0,""pcg_solves"":0,""fallback_solves"":0}"
diagnostic-manifold-base,"manifold: base, local parameter variants",0,"N_loc=20, N_phi=10, N_J=24, N_manifold=6, lambda_manifold=0.5, sync_steps=1",2,2,"{""beta"":3049918365,""features"":1057112449,""noise"":2816531493,""centers"":3529945714,""directions"":2935922697,""init"":4167035260,""outliers"":1654234620,""outlier_noise"":2849204727,""gamma"":605489280,""misspecification"":212052512}",4167035260,ADP,0,240,True,4,60,1.0,0.0,0.05,manifold_radial,gaussian,gaussian,False,0.0,1.0,0.0,manifold,1,240,,1.0,False,,20,60,24,10,6,1,0.5,,,,10,,,,,,,,,"{""config"":{""seed"":42,""N_loc"":20,""N_lin"":60,""N_J"":24,""N_phi"":10,""lambda_penalty"":0.05,""local_ridge"":1e-08,""kernel"":""ADP.core.ADP_Config:epanechnikov"",""a"":1.4142135623730951,""h_min"":0.6454972243679028,""batch_size"":32,""index_init"":""local"",""estimator"":""new"",""direction_mode"":""auto"",""multi_tensor"":""orthogonal"",""select_step"":""best"",""center_displacement"":0.0,""training_set"":""all"",""redraw_directions"":true,""smart_weights"":false,""gpu"":false,""gpu_solver"":false},""solver_tol"":1e-06,""solver_max_steps"":3,""solver"":""cg"",""theta"":0.1,""trust_radius"":null,""lsmr_maxiter"":null,""cg_maxiter"":null,""manifold"":{""N_manifold"":6,""sync_steps"":1,""lambda_manifold"":0.5}}","{""seed"":4167035260,""N_loc"":20,""N_lin"":60,""N_J"":24,""N_phi"":10,""lambda_penalty"":0.05,""local_ridge"":1e-08,""kernel"":""ADP.core.ADP_Config:epanechnikov"",""a"":1.4142135623730951,""h_min"":0.6454972243679028,""batch_size"":32,""index_init"":""local"",""estimator"":""new"",""direction_mode"":""auto"",""multi_tensor"":""orthogonal"",""select_step"":""best"",""center_displacement"":0.0,""training_set"":""all"",""redraw_directions"":true,""smart_weights"":false,""gpu"":false,""gpu_solver"":false,""solver"":""cg"",""solver_tol"":1e-06,""solver_max_steps"":1,""theta"":null,""trust_radius"":null,""lsmr_maxiter"":null,""cg_maxiter"":null,""training_size"":240,""center_displacement_scale"":0.0,""N_manifold"":6,""sync_steps"":1,""lambda_manifold"":0.5}",success,,local_projector_distance,lower,True,False,False,converged_bad_quality,0.5102439697389267,,,0.5102439697389267,0.9998983541341527,89.18306750959817,,0.5102439697389267,[],0.2485405980005453,0.6520118713378906,3,h_min,2,120.99379241088654,0.7100287330186204,"[{""phase"":""sync"",""iteration"":0,""h"":1.6949287368540935,""h_manifold"":2.2964829637292796,""alpha"":1.0,""alpha_manifold"":1.0,""function_edges"":865,""manifold_edges"":230,""function_mass_q10"":7.891682163545296,""function_mass_min"":2.6677890471491295,""function_mass_mean"":20.000000000000004,""function_mass_median"":17.933978592667746,""function_mass_q90"":32.55763612370227,""n_eff_q10"":11.263391536939,""n_eff_min"":3.957090577021544,""n_eff_median"":27.063203551782323,""n_eff_q90"":45.58724546953231,""manifold_mass_q10"":2.726294132473343,""manifold_mass_median"":5.699909910362927,""manifold_mass_q90"":10.017294286875105,""projector_change_median"":0.15221087967029756,""projector_change_max"":0.6509438733405327,""objective"":111.2974556985817,""manifold_penalty"":1.443733065349829,""cg_iterations"":95,""cg_relative_residual_max"":9.214039639631709e-07,""linear_iterations"":95,""linear_relative_residual_max"":9.214039639631709e-07,""dense_solves"":0,""pcg_solves"":0,""fallback_solves"":0},{""phase"":""scale"",""iteration"":1,""h"":1.1984956034574787,""h_manifold"":2.2964829637292796,""alpha"":0.6118425279855728,""alpha_manifold"":1.0,""function_edges"":849,""manifold_edges"":230,""function_mass_q10"":7.783601669285374,""function_mass_min"":2.9337464514790215,""function_mass_mean"":20.00000051920988,""function_mass_median"":18.323482935713304,""function_mass_q90"":34.72836715757228,""n_eff_q10"":11.269333074196911,""n_eff_min"":4.429181350476432,""n_eff_median"":25.22518349151901,""n_eff_q90"":49.97402808868065,""manifold_mass_q10"":2.726294132473343,""manifold_mass_median"":5.699909910362927,""manifold_mass_q90"":10.017294286875103,""projector_change_median"":0.21601317361219136,""projector_change_max"":0.7619951207421551,""objective"":118.12660277380074,""manifold_penalty"":1.6198609714887695,""cg_iterations"":96,""cg_relative_residual_max"":5.346206590119756e-16,""linear_iterations"":96,""linear_relative_residual_max"":5.346206590119756e-16,""dense_solves"":0,""pcg_solves"":0,""fallback_solves"":0},{""phase"":""scale"",""iteration"":2,""h"":0.8474643684270466,""h_manifold"":2.2964829637292796,""alpha"":0.3684625029563904,""alpha_manifold"":1.0,""function_edges"":837,""manifold_edges"":230,""function_mass_q10"":7.604971993684485,""function_mass_min"":2.6011256255195856,""function_mass_mean"":20.000001531136018,""function_mass_median"":18.685321433092817,""function_mass_q90"":34.43840261135322,""n_eff_q10"":10.95649218130879,""n_eff_min"":3.931573071830818,""n_eff_median"":26.093482749003996,""n_eff_q90"":47.71534905483807,""manifold_mass_q10"":2.726294132473343,""manifold_mass_median"":5.699909910362927,""manifold_mass_q90"":10.017294286875105,""projector_change_median"":0.15769183512801455,""projector_change_max"":1.3190437724876063,""objective"":80.02462702587738,""manifold_penalty"":1.8471009234164149,""cg_iterations"":96,""cg_relative_residual_max"":1.9320395351221557e-15,""linear_iterations"":96,""linear_relative_residual_max"":1.9320395351221557e-15,""dense_solves"":0,""pcg_solves"":0,""fallback_solves"":0,""stop_reason"":""h_min""}]","{""converged"":true,""cg_iterations"":287,""cg_relative_residual_max"":9.214039639631709e-07,""linear_iterations"":287,""linear_relative_residual_max"":9.214039639631709e-07,""dense_solves"":0,""pcg_solves"":0,""fallback_solves"":0}"
diagnostic-manifold-base,"manifold: base, local parameter variants",0,"N_loc=20, N_phi=10, N_J=24, N_manifold=6, lambda_manifold=0.5, sync_steps=1",3,3,"{""beta"":4255376772,""features"":1229764143,""noise"":813326700,""centers"":2701065647,""directions"":3025337717,""init"":2424736837,""outliers"":408440574,""outlier_noise"":739910795,""gamma"":1682775850,""misspecification"":3107270422}",2424736837,ADP,0,240,True,4,60,1.0,0.0,0.05,manifold_radial,gaussian,gaussian,False,0.0,1.0,0.0,manifold,1,240,,1.0,False,,20,60,24,10,6,1,0.5,,,,10,,,,,,,,,"{""config"":{""seed"":42,""N_loc"":20,""N_lin"":60,""N_J"":24,""N_phi"":10,""lambda_penalty"":0.05,""local_ridge"":1e-08,""kernel"":""ADP.core.ADP_Config:epanechnikov"",""a"":1.4142135623730951,""h_min"":0.6454972243679028,""batch_size"":32,""index_init"":""local"",""estimator"":""new"",""direction_mode"":""auto"",""multi_tensor"":""orthogonal"",""select_step"":""best"",""center_displacement"":0.0,""training_set"":""all"",""redraw_directions"":true,""smart_weights"":false,""gpu"":false,""gpu_solver"":false},""solver_tol"":1e-06,""solver_max_steps"":3,""solver"":""cg"",""theta"":0.1,""trust_radius"":null,""lsmr_maxiter"":null,""cg_maxiter"":null,""manifold"":{""N_manifold"":6,""sync_steps"":1,""lambda_manifold"":0.5}}","{""seed"":2424736837,""N_loc"":20,""N_lin"":60,""N_J"":24,""N_phi"":10,""lambda_penalty"":0.05,""local_ridge"":1e-08,""kernel"":""ADP.core.ADP_Config:epanechnikov"",""a"":1.4142135623730951,""h_min"":0.6454972243679028,""batch_size"":32,""index_init"":""local"",""estimator"":""new"",""direction_mode"":""auto"",""multi_tensor"":""orthogonal"",""select_step"":""best"",""center_displacement"":0.0,""training_set"":""all"",""redraw_directions"":true,""smart_weights"":false,""gpu"":false,""gpu_solver"":false,""solver"":""cg"",""solver_tol"":1e-06,""solver_max_steps"":1,""theta"":null,""trust_radius"":null,""lsmr_maxiter"":null,""cg_maxiter"":null,""training_size"":240,""center_displacement_scale"":0.0,""N_manifold"":6,""sync_steps"":1,""lambda_manifold"":0.5}",success,,local_projector_distance,lower,True,False,False,converged_bad_quality,0.5703165557311602,,,0.5703165557311602,0.9996633362646815,88.51321563954019,,0.5703165557311602,[],0.24836135299847228,0.6499881744384766,3,h_min,2,94.62570667817897,0.6279122373594463,"[{""phase"":""sync"",""iteration"":0,""h"":1.5615755036669832,""h_manifold"":1.9944635143778515,""alpha"":1.0,""alpha_manifold"":1.0,""function_edges"":855,""manifold_edges"":218,""function_mass_q10"":6.473282369427427,""function_mass_min"":4.6225759309657,""function_mass_mean"":19.999999999999996,""function_mass_median"":16.8802795091385,""function_mass_q90"":31.955726319463693,""n_eff_q10"":9.761322241876911,""n_eff_min"":5.500069281013567,""n_eff_median"":24.449232429814806,""n_eff_q90"":44.77381867298445,""manifold_mass_q10"":2.4636965800324506,""manifold_mass_median"":6.3404674752220505,""manifold_mass_q90"":9.608100287713269,""projector_change_median"":0.2387540425616963,""projector_change_max"":0.7514385197764548,""objective"":174.98704185046296,""manifold_penalty"":3.037555211898767,""cg_iterations"":96,""cg_relative_residual_max"":1.4353276592735615e-15,""linear_iterations"":96,""linear_relative_residual_max"":1.4353276592735615e-15,""dense_solves"":0,""pcg_solves"":0,""fallback_solves"":0},{""phase"":""scale"",""iteration"":1,""h"":1.1042006279777221,""h_manifold"":1.9944635143778515,""alpha"":0.6150597035884857,""alpha_manifold"":1.0,""function_edges"":849,""manifold_edges"":218,""function_mass_q10"":6.907866044937548,""function_mass_min"":5.027559567156161,""function_mass_mean"":20.0000000867571,""function_mass_median"":17.634164186503284,""function_mass_q90"":31.729389764227886,""n_eff_q10"":9.741169680077142,""n_eff_min"":6.857224267305343,""n_eff_median"":25.725402531298833,""n_eff_q90"":44.968927579192275,""manifold_mass_q10"":2.4636965800324506,""manifold_mass_median"":6.3404674752220505,""manifold_mass_q90"":9.608100287713269,""projector_change_median"":0.2598460638660886,""projector_change_max"":0.5126322512261353,""objective"":112.91218573215744,""manifold_penalty"":2.87019870613537,""cg_iterations"":96,""cg_relative_residual_max"":5.301639530418227e-15,""linear_iterations"":96,""linear_relative_residual_max"":5.301639530418227e-15,""dense_solves"":0,""pcg_solves"":0,""fallback_solves"":0},{""phase"":""scale"",""iteration"":2,""h"":0.7807877518334915,""h_manifold"":1.9944635143778515,""alpha"":0.3754101097583771,""alpha_manifold"":1.0,""function_edges"":820,""manifold_edges"":218,""function_mass_q10"":6.924209276939978,""function_mass_min"":4.732395310366661,""function_mass_mean"":20.000001353203956,""function_mass_median"":18.21353974201196,""function_mass_q90"":31.7818825119449,""n_eff_q10"":8.999456117423154,""n_eff_min"":6.195258044028512,""n_eff_median"":24.875959979950103,""n_eff_q90"":45.14472936777535,""manifold_mass_q10"":2.4636965800324506,""manifold_mass_median"":6.3404674752220505,""manifold_mass_q90"":9.608100287713269,""projector_change_median"":0.1840164356488522,""projector_change_max"":1.0514638516148764,""objective"":97.01588462471415,""manifold_penalty"":3.0134517408995602,""cg_iterations"":96,""cg_relative_residual_max"":5.393324019245555e-15,""linear_iterations"":96,""linear_relative_residual_max"":5.393324019245555e-15,""dense_solves"":0,""pcg_solves"":0,""fallback_solves"":0,""stop_reason"":""h_min""}]","{""converged"":true,""cg_iterations"":288,""cg_relative_residual_max"":5.393324019245555e-15,""linear_iterations"":288,""linear_relative_residual_max"":5.393324019245555e-15,""dense_solves"":0,""pcg_solves"":0,""fallback_solves"":0}"
diagnostic-manifold-base,"manifold: base, local parameter variants",0,"N_loc=20, N_phi=10, N_J=24, N_manifold=6, lambda_manifold=0.5, sync_steps=1",4,4,"{""beta"":2626536110,""features"":227981437,""noise"":1989028013,""centers"":4205761707,""directions"":1746734398,""init"":3699691919,""outliers"":1937795235,""outlier_noise"":1205558110,""gamma"":3432378550,""misspecification"":592425380}",3699691919,ADP,0,240,True,4,60,1.0,0.0,0.05,manifold_radial,gaussian,gaussian,False,0.0,1.0,0.0,manifold,1,240,,1.0,False,,20,60,24,10,6,1,0.5,,,,10,,,,,,,,,"{""config"":{""seed"":42,""N_loc"":20,""N_lin"":60,""N_J"":24,""N_phi"":10,""lambda_penalty"":0.05,""local_ridge"":1e-08,""kernel"":""ADP.core.ADP_Config:epanechnikov"",""a"":1.4142135623730951,""h_min"":0.6454972243679028,""batch_size"":32,""index_init"":""local"",""estimator"":""new"",""direction_mode"":""auto"",""multi_tensor"":""orthogonal"",""select_step"":""best"",""center_displacement"":0.0,""training_set"":""all"",""redraw_directions"":true,""smart_weights"":false,""gpu"":false,""gpu_solver"":false},""solver_tol"":1e-06,""solver_max_steps"":3,""solver"":""cg"",""theta"":0.1,""trust_radius"":null,""lsmr_maxiter"":null,""cg_maxiter"":null,""manifold"":{""N_manifold"":6,""sync_steps"":1,""lambda_manifold"":0.5}}",,numerical_failure,"RuntimeError: rank-deficient local slope for target 7: rank=0, required=1; increase N_phi or N_loc",local_projector_distance,lower,False,,False,numerical_failure,,,,,,,,,,,,,,,,,,
diagnostic-manifold-base,"manifold: base, local parameter variants",0,"N_loc=20, N_phi=10, N_J=24, N_manifold=6, lambda_manifold=0.5, sync_steps=1",5,5,"{""beta"":2591981369,""features"":3757986669,""noise"":654094259,""centers"":1360362612,""directions"":622664474,""init"":3202134607,""outliers"":2238804734,""outlier_noise"":1028591118,""gamma"":691848187,""misspecification"":854566012}",3202134607,ADP,0,240,True,4,60,1.0,0.0,0.05,manifold_radial,gaussian,gaussian,False,0.0,1.0,0.0,manifold,1,240,,1.0,False,,20,60,24,10,6,1,0.5,,,,10,,,,,,,,,"{""config"":{""seed"":42,""N_loc"":20,""N_lin"":60,""N_J"":24,""N_phi"":10,""lambda_penalty"":0.05,""local_ridge"":1e-08,""kernel"":""ADP.core.ADP_Config:epanechnikov"",""a"":1.4142135623730951,""h_min"":0.6454972243679028,""batch_size"":32,""index_init"":""local"",""estimator"":""new"",""direction_mode"":""auto"",""multi_tensor"":""orthogonal"",""select_step"":""best"",""center_displacement"":0.0,""training_set"":""all"",""redraw_directions"":true,""smart_weights"":false,""gpu"":false,""gpu_solver"":false},""solver_tol"":1e-06,""solver_max_steps"":3,""solver"":""cg"",""theta"":0.1,""trust_radius"":null,""lsmr_maxiter"":null,""cg_maxiter"":null,""manifold"":{""N_manifold"":6,""sync_steps"":1,""lambda_manifold"":0.5}}",,numerical_failure,"RuntimeError: rank-deficient local slope for target 3: rank=0, required=1; increase N_phi or N_loc",local_projector_distance,lower,False,,False,numerical_failure,,,,,,,,,,,,,,,,,,
diagnostic-manifold-base,"manifold: base, local parameter variants",0,"N_loc=20, N_phi=10, N_J=24, N_manifold=6, lambda_manifold=0.5, sync_steps=1",6,6,"{""beta"":2649590584,""features"":3993099560,""noise"":1760850090,""centers"":1235842596,""directions"":516648510,""init"":1329562486,""outliers"":4220703868,""outlier_noise"":3112353199,""gamma"":697337733,""misspecification"":2423010501}",1329562486,ADP,0,240,True,4,60,1.0,0.0,0.05,manifold_radial,gaussian,gaussian,False,0.0,1.0,0.0,manifold,1,240,,1.0,False,,20,60,24,10,6,1,0.5,,,,10,,,,,,,,,"{""config"":{""seed"":42,""N_loc"":20,""N_lin"":60,""N_J"":24,""N_phi"":10,""lambda_penalty"":0.05,""local_ridge"":1e-08,""kernel"":""ADP.core.ADP_Config:epanechnikov"",""a"":1.4142135623730951,""h_min"":0.6454972243679028,""batch_size"":32,""index_init"":""local"",""estimator"":""new"",""direction_mode"":""auto"",""multi_tensor"":""orthogonal"",""select_step"":""best"",""center_displacement"":0.0,""training_set"":""all"",""redraw_directions"":true,""smart_weights"":false,""gpu"":false,""gpu_solver"":false},""solver_tol"":1e-06,""solver_max_steps"":3,""solver"":""cg"",""theta"":0.1,""trust_radius"":null,""lsmr_maxiter"":null,""cg_maxiter"":null,""manifold"":{""N_manifold"":6,""sync_steps"":1,""lambda_manifold"":0.5}}",,numerical_failure,"RuntimeError: rank-deficient local slope for target 14: rank=0, required=1; increase N_phi or N_loc",local_projector_distance,lower,False,,False,numerical_failure,,,,,,,,,,,,,,,,,,
diagnostic-manifold-base,"manifold: base, local parameter variants",0,"N_loc=20, N_phi=10, N_J=24, N_manifold=6, lambda_manifold=0.5, sync_steps=1",7,7,"{""beta"":1192128109,""features"":4203467630,""noise"":955820423,""centers"":264639041,""directions"":1237972010,""init"":2645466379,""outliers"":2165193105,""outlier_noise"":627906730,""gamma"":548357580,""misspecification"":1960086769}",2645466379,ADP,0,240,True,4,60,1.0,0.0,0.05,manifold_radial,gaussian,gaussian,False,0.0,1.0,0.0,manifold,1,240,,1.0,False,,20,60,24,10,6,1,0.5,,,,10,,,,,,,,,"{""config"":{""seed"":42,""N_loc"":20,""N_lin"":60,""N_J"":24,""N_phi"":10,""lambda_penalty"":0.05,""local_ridge"":1e-08,""kernel"":""ADP.core.ADP_Config:epanechnikov"",""a"":1.4142135623730951,""h_min"":0.6454972243679028,""batch_size"":32,""index_init"":""local"",""estimator"":""new"",""direction_mode"":""auto"",""multi_tensor"":""orthogonal"",""select_step"":""best"",""center_displacement"":0.0,""training_set"":""all"",""redraw_directions"":true,""smart_weights"":false,""gpu"":false,""gpu_solver"":false},""solver_tol"":1e-06,""solver_max_steps"":3,""solver"":""cg"",""theta"":0.1,""trust_radius"":null,""lsmr_maxiter"":null,""cg_maxiter"":null,""manifold"":{""N_manifold"":6,""sync_steps"":1,""lambda_manifold"":0.5}}",,numerical_failure,"RuntimeError: rank-deficient local slope for target 17: rank=0, required=1; increase N_phi or N_loc",local_projector_distance,lower,False,,False,numerical_failure,,,,,,,,,,,,,,,,,,
diagnostic-manifold-base,"manifold: base, local parameter variants",0,"N_loc=20, N_phi=10, N_J=24, N_manifold=6, lambda_manifold=0.5, sync_steps=1",8,8,"{""beta"":1609080203,""features"":2594376887,""noise"":1918940653,""centers"":2936154285,""directions"":3848134078,""init"":3430508477,""outliers"":639789839,""outlier_noise"":2784368537,""gamma"":1561447794,""misspecification"":244015551}",3430508477,ADP,0,240,True,4,60,1.0,0.0,0.05,manifold_radial,gaussian,gaussian,False,0.0,1.0,0.0,manifold,1,240,,1.0,False,,20,60,24,10,6,1,0.5,,,,10,,,,,,,,,"{""config"":{""seed"":42,""N_loc"":20,""N_lin"":60,""N_J"":24,""N_phi"":10,""lambda_penalty"":0.05,""local_ridge"":1e-08,""kernel"":""ADP.core.ADP_Config:epanechnikov"",""a"":1.4142135623730951,""h_min"":0.6454972243679028,""batch_size"":32,""index_init"":""local"",""estimator"":""new"",""direction_mode"":""auto"",""multi_tensor"":""orthogonal"",""select_step"":""best"",""center_displacement"":0.0,""training_set"":""all"",""redraw_directions"":true,""smart_weights"":false,""gpu"":false,""gpu_solver"":false},""solver_tol"":1e-06,""solver_max_steps"":3,""solver"":""cg"",""theta"":0.1,""trust_radius"":null,""lsmr_maxiter"":null,""cg_maxiter"":null,""manifold"":{""N_manifold"":6,""sync_steps"":1,""lambda_manifold"":0.5}}",,numerical_failure,"RuntimeError: rank-deficient local slope for target 9: rank=0, required=1; increase N_phi or N_loc",local_projector_distance,lower,False,,False,numerical_failure,,,,,,,,,,,,,,,,,,
diagnostic-manifold-base,"manifold: base, local parameter variants",0,"N_loc=20, N_phi=10, N_J=24, N_manifold=6, lambda_manifold=0.5, sync_steps=1",9,9,"{""beta"":2952143991,""features"":2627908462,""noise"":3029906209,""centers"":3185039825,""directions"":4246493789,""init"":3554362247,""outliers"":280476494,""outlier_noise"":3164107022,""gamma"":1298903658,""misspecification"":3020752865}",3554362247,ADP,0,240,True,4,60,1.0,0.0,0.05,manifold_radial,gaussian,gaussian,False,0.0,1.0,0.0,manifold,1,240,,1.0,False,,20,60,24,10,6,1,0.5,,,,10,,,,,,,,,"{""config"":{""seed"":42,""N_loc"":20,""N_lin"":60,""N_J"":24,""N_phi"":10,""lambda_penalty"":0.05,""local_ridge"":1e-08,""kernel"":""ADP.core.ADP_Config:epanechnikov"",""a"":1.4142135623730951,""h_min"":0.6454972243679028,""batch_size"":32,""index_init"":""local"",""estimator"":""new"",""direction_mode"":""auto"",""multi_tensor"":""orthogonal"",""select_step"":""best"",""center_displacement"":0.0,""training_set"":""all"",""redraw_directions"":true,""smart_weights"":false,""gpu"":false,""gpu_solver"":false},""solver_tol"":1e-06,""solver_max_steps"":3,""solver"":""cg"",""theta"":0.1,""trust_radius"":null,""lsmr_maxiter"":null,""cg_maxiter"":null,""manifold"":{""N_manifold"":6,""sync_steps"":1,""lambda_manifold"":0.5}}",,numerical_failure,"RuntimeError: rank-deficient local slope for target 1: rank=0, required=1; increase N_phi or N_loc",local_projector_distance,lower,False,,False,numerical_failure,,,,,,,,,,,,,,,,,,
diagnostic-manifold-base,"manifold: base, local parameter variants",0,"N_loc=20, N_phi=10, N_J=24, N_manifold=6, lambda_manifold=0.5, sync_steps=1",10,10,"{""beta"":2986142371,""features"":946643688,""noise"":1178448990,""centers"":4266290743,""directions"":2060725515,""init"":2568546636,""outliers"":892251341,""outlier_noise"":2365362817,""gamma"":3229695262,""misspecification"":1326227304}",2568546636,ADP,0,240,True,4,60,1.0,0.0,0.05,manifold_radial,gaussian,gaussian,False,0.0,1.0,0.0,manifold,1,240,,1.0,False,,20,60,24,10,6,1,0.5,,,,10,,,,,,,,,"{""config"":{""seed"":42,""N_loc"":20,""N_lin"":60,""N_J"":24,""N_phi"":10,""lambda_penalty"":0.05,""local_ridge"":1e-08,""kernel"":""ADP.core.ADP_Config:epanechnikov"",""a"":1.4142135623730951,""h_min"":0.6454972243679028,""batch_size"":32,""index_init"":""local"",""estimator"":""new"",""direction_mode"":""auto"",""multi_tensor"":""orthogonal"",""select_step"":""best"",""center_displacement"":0.0,""training_set"":""all"",""redraw_directions"":true,""smart_weights"":false,""gpu"":false,""gpu_solver"":false},""solver_tol"":1e-06,""solver_max_steps"":3,""solver"":""cg"",""theta"":0.1,""trust_radius"":null,""lsmr_maxiter"":null,""cg_maxiter"":null,""manifold"":{""N_manifold"":6,""sync_steps"":1,""lambda_manifold"":0.5}}","{""seed"":2568546636,""N_loc"":20,""N_lin"":60,""N_J"":24,""N_phi"":10,""lambda_penalty"":0.05,""local_ridge"":1e-08,""kernel"":""ADP.core.ADP_Config:epanechnikov"",""a"":1.4142135623730951,""h_min"":0.6454972243679028,""batch_size"":32,""index_init"":""local"",""estimator"":""new"",""direction_mode"":""auto"",""multi_tensor"":""orthogonal"",""select_step"":""best"",""center_displacement"":0.0,""training_set"":""all"",""redraw_directions"":true,""smart_weights"":false,""gpu"":false,""gpu_solver"":false,""solver"":""cg"",""solver_tol"":1e-06,""solver_max_steps"":1,""theta"":null,""trust_radius"":null,""lsmr_maxiter"":null,""cg_maxiter"":null,""training_size"":240,""center_displacement_scale"":0.0,""N_manifold"":6,""sync_steps"":1,""lambda_manifold"":0.5}",success,,local_projector_distance,lower,True,False,False,converged_bad_quality,0.4902707464115496,,,0.4902707464115496,0.9902036609107423,81.97352763584722,,0.4902707464115496,[],0.2383772540015343,0.6451129913330078,3,h_min,2,110.40332581680994,0.6782432141717611,"[{""phase"":""sync"",""iteration"":0,""h"":1.6866708117994105,""h_manifold"":2.297981403041594,""alpha"":1.0,""alpha_manifold"":1.0,""function_edges"":871,""manifold_edges"":222,""function_mass_q10"":4.355265438201597,""function_mass_min"":2.3899055485943954,""function_mass_mean"":20.0,""function_mass_median"":14.969596917254021,""function_mass_q90"":37.64094350675557,""n_eff_q10"":6.239732807518214,""n_eff_min"":3.5281007135554763,""n_eff_median"":21.439885448502068,""n_eff_q90"":52.610222834959174,""manifold_mass_q10"":2.0423621649367583,""manifold_mass_median"":5.863692938102602,""manifold_mass_q90"":9.612680259865932,""projector_change_median"":0.252672524048109,""projector_change_max"":0.4890838270735262,""objective"":94.54738406135465,""manifold_penalty"":2.7628315095105638,""cg_iterations"":96,""cg_relative_residual_max"":4.0682903242117556e-16,""linear_iterations"":96,""linear_relative_residual_max"":4.0682903242117556e-16,""dense_solves"":0,""pcg_solves"":0,""fallback_solves"":0},{""phase"":""scale"",""iteration"":1,""h"":1.1926563686527822,""h_manifold"":2.297981403041594,""alpha"":0.6179259866476059,""alpha_manifold"":1.0,""function_edges"":851,""manifold_edges"":222,""function_mass_q10"":3.7464598876086543,""function_mass_min"":1.8155871157094845,""function_mass_mean"":20.000000740818873,""function_mass_median"":14.962651410618673,""function_mass_q90"":37.22626073179218,""n_eff_q10"":5.242889621754545,""n_eff_min"":2.4320690512776273,""n_eff_median"":21.617495604960943,""n_eff_q90"":50.61378377514592,""manifold_mass_q10"":2.0423621649367583,""manifold_mass_median"":5.863692938102602,""manifold_mass_q90"":9.612680259865932,""projector_change_median"":0.13556251177737552,""projector_change_max"":0.3538310283057209,""objective"":66.71374386160797,""manifold_penalty"":2.779343498438431,""cg_iterations"":96,""cg_relative_residual_max"":6.52962876659457e-16,""linear_iterations"":96,""linear_relative_residual_max"":6.52962876659457e-16,""dense_solves"":0,""pcg_solves"":0,""fallback_solves"":0},{""phase"":""scale"",""iteration"":2,""h"":0.8433354058997052,""h_manifold"":2.297981403041594,""alpha"":0.37723028659820557,""alpha_manifold"":1.0,""function_edges"":855,""manifold_edges"":222,""function_mass_q10"":4.764415518092123,""function_mass_min"":1.5846371141759759,""function_mass_mean"":20.00000102618863,""function_mass_median"":17.17601381220416,""function_mass_q90"":37.808211958722325,""n_eff_q10"":6.931037235096949,""n_eff_min"":1.8714217800535293,""n_eff_median"":25.654808752133217,""n_eff_q90"":51.58013531746692,""manifold_mass_q10"":2.0423621649367583,""manifold_mass_median"":5.863692938102602,""manifold_mass_q90"":9.612680259865932,""projector_change_median"":0.07848330360546482,""projector_change_max"":0.3693781530580905,""objective"":49.72801782469217,""manifold_penalty"":2.4584201815316282,""cg_iterations"":96,""cg_relative_residual_max"":4.928771134759469e-15,""linear_iterations"":96,""linear_relative_residual_max"":4.928771134759469e-15,""dense_solves"":0,""pcg_solves"":0,""fallback_solves"":0,""stop_reason"":""h_min""}]","{""converged"":true,""cg_iterations"":288,""cg_relative_residual_max"":4.928771134759469e-15,""linear_iterations"":288,""linear_relative_residual_max"":4.928771134759469e-15,""dense_solves"":0,""pcg_solves"":0,""fallback_solves"":0}"
diagnostic-manifold-base,"manifold: base, local parameter variants",0,"N_loc=20, N_phi=10, N_J=24, N_manifold=6, lambda_manifold=0.5, sync_steps=1",11,11,"{""beta"":1169213037,""features"":1095957835,""noise"":3841810831,""centers"":1031671468,""directions"":3208422369,""init"":3202220039,""outliers"":3254441912,""outlier_noise"":462153641,""gamma"":938740265,""misspecification"":1943647296}",3202220039,ADP,0,240,True,4,60,1.0,0.0,0.05,manifold_radial,gaussian,gaussian,False,0.0,1.0,0.0,manifold,1,240,,1.0,False,,20,60,24,10,6,1,0.5,,,,10,,,,,,,,,"{""config"":{""seed"":42,""N_loc"":20,""N_lin"":60,""N_J"":24,""N_phi"":10,""lambda_penalty"":0.05,""local_ridge"":1e-08,""kernel"":""ADP.core.ADP_Config:epanechnikov"",""a"":1.4142135623730951,""h_min"":0.6454972243679028,""batch_size"":32,""index_init"":""local"",""estimator"":""new"",""direction_mode"":""auto"",""multi_tensor"":""orthogonal"",""select_step"":""best"",""center_displacement"":0.0,""training_set"":""all"",""redraw_directions"":true,""smart_weights"":false,""gpu"":false,""gpu_solver"":false},""solver_tol"":1e-06,""solver_max_steps"":3,""solver"":""cg"",""theta"":0.1,""trust_radius"":null,""lsmr_maxiter"":null,""cg_maxiter"":null,""manifold"":{""N_manifold"":6,""sync_steps"":1,""lambda_manifold"":0.5}}","{""seed"":3202220039,""N_loc"":20,""N_lin"":60,""N_J"":24,""N_phi"":10,""lambda_penalty"":0.05,""local_ridge"":1e-08,""kernel"":""ADP.core.ADP_Config:epanechnikov"",""a"":1.4142135623730951,""h_min"":0.6454972243679028,""batch_size"":32,""index_init"":""local"",""estimator"":""new"",""direction_mode"":""auto"",""multi_tensor"":""orthogonal"",""select_step"":""best"",""center_displacement"":0.0,""training_set"":""all"",""redraw_directions"":true,""smart_weights"":false,""gpu"":false,""gpu_solver"":false,""solver"":""cg"",""solver_tol"":1e-06,""solver_max_steps"":1,""theta"":null,""trust_radius"":null,""lsmr_maxiter"":null,""cg_maxiter"":null,""training_size"":240,""center_displacement_scale"":0.0,""N_manifold"":6,""sync_steps"":1,""lambda_manifold"":0.5}",success,,local_projector_distance,lower,True,False,False,converged_bad_quality,0.4941336399138694,,,0.4941336399138694,0.999222816421815,87.74094102285792,,0.4941336399138694,[],0.24014056899977732,0.6454582214355469,3,h_min,2,100.82057429674754,0.6481402056935275,"[{""phase"":""sync"",""iteration"":0,""h"":1.5204013226950852,""h_manifold"":2.122917706841165,""alpha"":1.0,""alpha_manifold"":1.0,""function_edges"":875,""manifold_edges"":236,""function_mass_q10"":5.234231782333284,""function_mass_min"":2.477639733794975,""function_mass_mean"":20.000000000000014,""function_mass_median"":15.868326181299363,""function_mass_q90"":36.693453277372136,""n_eff_q10"":7.536996574725949,""n_eff_min"":3.0872737184018852,""n_eff_median"":23.72759629738974,""n_eff_q90"":50.46040786535443,""manifold_mass_q10"":2.5807857931611795,""manifold_mass_median"":5.98472883588148,""manifold_mass_q90"":9.609776177171382,""projector_change_median"":0.151867703344017,""projector_change_max"":0.6020258966271055,""objective"":51.689853393724235,""manifold_penalty"":1.241878109124615,""cg_iterations"":95,""cg_relative_residual_max"":2.0525743576174384e-07,""linear_iterations"":95,""linear_relative_residual_max"":2.0525743576174384e-07,""dense_solves"":0,""pcg_solves"":0,""fallback_solves"":0},{""phase"":""scale"",""iteration"":1,""h"":1.075086085402691,""h_manifold"":2.122917706841165,""alpha"":0.6055467128753662,""alpha_manifold"":1.0,""function_edges"":853,""manifold_edges"":236,""function_mass_q10"":5.391947873470884,""function_mass_min"":2.094461168060143,""function_mass_mean"":20.0000009196782,""function_mass_median"":15.476397372995846,""function_mass_q90"":36.850111360537966,""n_eff_q10"":8.256457660232485,""n_eff_min"":2.5305066984307802,""n_eff_median"":23.099368392493147,""n_eff_q90"":51.91748290352301,""manifold_mass_q10"":2.5807857931611795,""manifold_mass_median"":5.98472883588148,""manifold_mass_q90"":9.609776177171382,""projector_change_median"":0.1571503637204978,""projector_change_max"":0.4066768683164239,""objective"":64.1748325281615,""manifold_penalty"":1.182986207464352,""cg_iterations"":96,""cg_relative_residual_max"":1.6551896706232262e-15,""linear_iterations"":96,""linear_relative_residual_max"":1.6551896706232262e-15,""dense_solves"":0,""pcg_solves"":0,""fallback_solves"":0},{""phase"":""scale"",""iteration"":2,""h"":0.7602006613475425,""h_manifold"":2.122917706841165,""alpha"":0.36046643555164337,""alpha_manifold"":1.0,""function_edges"":834,""manifold_edges"":236,""function_mass_q10"":6.503800310949367,""function_mass_min"":2.078210592206224,""function_mass_mean"":20.000000321310825,""function_mass_median"":16.68502258156904,""function_mass_q90"":35.51895527295839,""n_eff_q10"":9.708270494867099,""n_eff_min"":2.4050662130661427,""n_eff_median"":23.098231638533434,""n_eff_q90"":48.44523518470273,""manifold_mass_q10"":2.5807857931611795,""manifold_mass_median"":5.98472883588148,""manifold_mass_q90"":9.609776177171382,""projector_change_median"":0.1889760860962006,""projector_change_max"":0.5972744913601431,""objective"":51.1584255314275,""manifold_penalty"":1.2832954830633052,""cg_iterations"":96,""cg_relative_residual_max"":9.967519887967463e-15,""linear_iterations"":96,""linear_relative_residual_max"":9.967519887967463e-15,""dense_solves"":0,""pcg_solves"":0,""fallback_solves"":0,""stop_reason"":""h_min""}]","{""converged"":true,""cg_iterations"":287,""cg_relative_residual_max"":2.0525743576174384e-07,""linear_iterations"":287,""linear_relative_residual_max"":2.0525743576174384e-07,""dense_solves"":0,""pcg_solves"":0,""fallback_solves"":0}"
diagnostic-manifold-base,"manifold: base, local parameter variants",1,"N_loc=10, N_phi=10, N_J=24, N_manifold=6, lambda_manifold=0.5, sync_steps=1",0,0,"{""beta"":160747260,""features"":2186772633,""noise"":475316650,""centers"":2297579960,""directions"":834610471,""init"":3414180542,""outliers"":2022353668,""outlier_noise"":1111215905,""gamma"":2591228347,""misspecification"":1802179717}",3414180542,ADP,0,240,True,4,60,1.0,0.0,0.05,manifold_radial,gaussian,gaussian,False,0.0,1.0,0.0,manifold,1,240,,1.0,False,,10,60,24,10,6,1,0.5,,,,10,,,,,,,,,"{""config"":{""seed"":42,""N_loc"":10,""N_lin"":60,""N_J"":24,""N_phi"":10,""lambda_penalty"":0.05,""local_ridge"":1e-08,""kernel"":""ADP.core.ADP_Config:epanechnikov"",""a"":1.4142135623730951,""h_min"":0.6454972243679028,""batch_size"":32,""index_init"":""local"",""estimator"":""new"",""direction_mode"":""auto"",""multi_tensor"":""orthogonal"",""select_step"":""best"",""center_displacement"":0.0,""training_set"":""all"",""redraw_directions"":true,""smart_weights"":false,""gpu"":false,""gpu_solver"":false},""solver_tol"":1e-06,""solver_max_steps"":3,""solver"":""cg"",""theta"":0.1,""trust_radius"":null,""lsmr_maxiter"":null,""cg_maxiter"":null,""manifold"":{""N_manifold"":6,""sync_steps"":1,""lambda_manifold"":0.5}}",,numerical_failure,"RuntimeError: rank-deficient local slope for target 10: rank=0, required=1; increase N_phi or N_loc",local_projector_distance,lower,False,,False,numerical_failure,,,,,,,,,,,,,,,,,,
diagnostic-manifold-base,"manifold: base, local parameter variants",1,"N_loc=10, N_phi=10, N_J=24, N_manifold=6, lambda_manifold=0.5, sync_steps=1",1,1,"{""beta"":1931894582,""features"":728973687,""noise"":453924638,""centers"":2145764529,""directions"":1084146302,""init"":1568069026,""outliers"":2674833454,""outlier_noise"":1988346855,""gamma"":3811432093,""misspecification"":345464691}",1568069026,ADP,0,240,True,4,60,1.0,0.0,0.05,manifold_radial,gaussian,gaussian,False,0.0,1.0,0.0,manifold,1,240,,1.0,False,,10,60,24,10,6,1,0.5,,,,10,,,,,,,,,"{""config"":{""seed"":42,""N_loc"":10,""N_lin"":60,""N_J"":24,""N_phi"":10,""lambda_penalty"":0.05,""local_ridge"":1e-08,""kernel"":""ADP.core.ADP_Config:epanechnikov"",""a"":1.4142135623730951,""h_min"":0.6454972243679028,""batch_size"":32,""index_init"":""local"",""estimator"":""new"",""direction_mode"":""auto"",""multi_tensor"":""orthogonal"",""select_step"":""best"",""center_displacement"":0.0,""training_set"":""all"",""redraw_directions"":true,""smart_weights"":false,""gpu"":false,""gpu_solver"":false},""solver_tol"":1e-06,""solver_max_steps"":3,""solver"":""cg"",""theta"":0.1,""trust_radius"":null,""lsmr_maxiter"":null,""cg_maxiter"":null,""manifold"":{""N_manifold"":6,""sync_steps"":1,""lambda_manifold"":0.5}}","{""seed"":1568069026,""N_loc"":10,""N_lin"":60,""N_J"":24,""N_phi"":10,""lambda_penalty"":0.05,""local_ridge"":1e-08,""kernel"":""ADP.core.ADP_Config:epanechnikov"",""a"":1.4142135623730951,""h_min"":0.6454972243679028,""batch_size"":32,""index_init"":""local"",""estimator"":""new"",""direction_mode"":""auto"",""multi_tensor"":""orthogonal"",""select_step"":""best"",""center_displacement"":0.0,""training_set"":""all"",""redraw_directions"":true,""smart_weights"":false,""gpu"":false,""gpu_solver"":false,""solver"":""cg"",""solver_tol"":1e-06,""solver_max_steps"":1,""theta"":null,""trust_radius"":null,""lsmr_maxiter"":null,""cg_maxiter"":null,""training_size"":240,""center_displacement_scale"":0.0,""N_manifold"":6,""sync_steps"":1,""lambda_manifold"":0.5}",success,,local_projector_distance,lower,True,False,False,converged_bad_quality,0.42307478216785577,,,0.42307478216785577,0.9997068939078552,88.61273106489303,,0.42307478216785577,[],0.2339868800008844,0.6449069976806641,3,h_min,2,77.04185858976643,0.5665754531605008,"[{""phase"":""sync"",""iteration"":0,""h"":1.342168513472578,""h_manifold"":2.319866362038382,""alpha"":1.0,""alpha_manifold"":1.0,""function_edges"":443,""manifold_edges"":224,""function_mass_q10"":2.9813085524357765,""function_mass_min"":2.412647337359802,""function_mass_mean"":10.000000000000002,""function_mass_median"":10.791051830852158,""function_mass_q90"":16.09902532989148,""n_eff_q10"":3.8854371723585936,""n_eff_min"":3.002666586346445,""n_eff_median"":15.487189771983704,""n_eff_q90"":22.422596519162937,""manifold_mass_q10"":2.290557434291452,""manifold_mass_median"":6.120236735010389,""manifold_mass_q90"":10.074979297813792,""projector_change_median"":0.17890846837426616,""projector_change_max"":0.4588074268985845,""objective"":28.650051017853066,""manifold_penalty"":1.1617992343733698,""cg_iterations"":96,""cg_relative_residual_max"":5.040778372534541e-16,""linear_iterations"":96,""linear_relative_residual_max"":5.040778372534541e-16,""dense_solves"":0,""pcg_solves"":0,""fallback_solves"":0},{""phase"":""scale"",""iteration"":1,""h"":0.9490564573715279,""h_manifold"":2.319866362038382,""alpha"":0.6240593045949936,""alpha_manifold"":1.0,""function_edges"":405,""manifold_edges"":224,""function_mass_q10"":2.3366829634677684,""function_mass_min"":1.862904276247738,""function_mass_mean"":10.000000323319282,""function_mass_median"":10.295757208655724,""function_mass_q90"":16.00874874392484,""n_eff_q10"":2.865011700337984,""n_eff_min"":1.9933135072384782,""n_eff_median"":14.513774730559666,""n_eff_q90"":22.071634998530403,""manifold_mass_q10"":2.290557434291452,""manifold_mass_median"":6.120236735010389,""manifold_mass_q90"":10.074979297813792,""projector_change_median"":0.2567921970964689,""projector_change_max"":0.6301103508854251,""objective"":28.011646382484187,""manifold_penalty"":1.3263566989565447,""cg_iterations"":96,""cg_relative_residual_max"":3.079977381707531e-14,""linear_iterations"":96,""linear_relative_residual_max"":3.079977381707531e-14,""dense_solves"":0,""pcg_solves"":0,""fallback_solves"":0},{""phase"":""scale"",""iteration"":2,""h"":0.6710842567362889,""h_manifold"":2.319866362038382,""alpha"":0.3878370225429535,""alpha_manifold"":1.0,""function_edges"":407,""manifold_edges"":224,""function_mass_q10"":2.5683828707511576,""function_mass_min"":1.6865698419314104,""function_mass_mean"":10.000000403994934,""function_mass_median"":10.345087983929446,""function_mass_q90"":16.369864402350803,""n_eff_q10"":3.105837089966022,""n_eff_min"":1.9395197671538364,""n_eff_median"":13.815912184799238,""n_eff_q90"":22.848283273582574,""manifold_mass_q10"":2.290557434291452,""manifold_mass_median"":6.120236735010389,""manifold_mass_q90"":10.074979297813792,""projector_change_median"":0.1960584616033248,""projector_change_max"":0.3478179712475736,""objective"":21.155047177037638,""manifold_penalty"":1.515325290535568,""cg_iterations"":96,""cg_relative_residual_max"":5.975850619311783e-14,""linear_iterations"":96,""linear_relative_residual_max"":5.975850619311783e-14,""dense_solves"":0,""pcg_solves"":0,""fallback_solves"":0,""stop_reason"":""h_min""}]","{""converged"":true,""cg_iterations"":288,""cg_relative_residual_max"":5.975850619311783e-14,""linear_iterations"":288,""linear_relative_residual_max"":5.975850619311783e-14,""dense_solves"":0,""pcg_solves"":0,""fallback_solves"":0}"
diagnostic-manifold-base,"manifold: base, local parameter variants",1,"N_loc=10, N_phi=10, N_J=24, N_manifold=6, lambda_manifold=0.5, sync_steps=1",2,2,"{""beta"":3049918365,""features"":1057112449,""noise"":2816531493,""centers"":3529945714,""directions"":2935922697,""init"":4167035260,""outliers"":1654234620,""outlier_noise"":2849204727,""gamma"":605489280,""misspecification"":212052512}",4167035260,ADP,0,240,True,4,60,1.0,0.0,0.05,manifold_radial,gaussian,gaussian,False,0.0,1.0,0.0,manifold,1,240,,1.0,False,,10,60,24,10,6,1,0.5,,,,10,,,,,,,,,"{""config"":{""seed"":42,""N_loc"":10,""N_lin"":60,""N_J"":24,""N_phi"":10,""lambda_penalty"":0.05,""local_ridge"":1e-08,""kernel"":""ADP.core.ADP_Config:epanechnikov"",""a"":1.4142135623730951,""h_min"":0.6454972243679028,""batch_size"":32,""index_init"":""local"",""estimator"":""new"",""direction_mode"":""auto"",""multi_tensor"":""orthogonal"",""select_step"":""best"",""center_displacement"":0.0,""training_set"":""all"",""redraw_directions"":true,""smart_weights"":false,""gpu"":false,""gpu_solver"":false},""solver_tol"":1e-06,""solver_max_steps"":3,""solver"":""cg"",""theta"":0.1,""trust_radius"":null,""lsmr_maxiter"":null,""cg_maxiter"":null,""manifold"":{""N_manifold"":6,""sync_steps"":1,""lambda_manifold"":0.5}}","{""seed"":4167035260,""N_loc"":10,""N_lin"":60,""N_J"":24,""N_phi"":10,""lambda_penalty"":0.05,""local_ridge"":1e-08,""kernel"":""ADP.core.ADP_Config:epanechnikov"",""a"":1.4142135623730951,""h_min"":0.6454972243679028,""batch_size"":32,""index_init"":""local"",""estimator"":""new"",""direction_mode"":""auto"",""multi_tensor"":""orthogonal"",""select_step"":""best"",""center_displacement"":0.0,""training_set"":""all"",""redraw_directions"":true,""smart_weights"":false,""gpu"":false,""gpu_solver"":false,""solver"":""cg"",""solver_tol"":1e-06,""solver_max_steps"":1,""theta"":null,""trust_radius"":null,""lsmr_maxiter"":null,""cg_maxiter"":null,""training_size"":240,""center_displacement_scale"":0.0,""N_manifold"":6,""sync_steps"":1,""lambda_manifold"":0.5}",success,,local_projector_distance,lower,True,False,False,converged_bad_quality,0.532375145812574,,,0.532375145812574,0.9995030186515521,88.19355117348432,,0.532375145812574,[],0.23916630599705968,0.6447792053222656,3,h_min,2,122.61470978008899,0.7147689305528774,"[{""phase"":""sync"",""iteration"":0,""h"":1.3590334360998904,""h_manifold"":2.2964829637292796,""alpha"":1.0,""alpha_manifold"":1.0,""function_edges"":431,""manifold_edges"":230,""function_mass_q10"":3.94658721220025,""function_mass_min"":1.0403039170579684,""function_mass_mean"":10.000000000000005,""function_mass_median"":8.548710340842602,""function_mass_q90"":16.385239898812035,""n_eff_q10"":5.187484344083087,""n_eff_min"":1.0804771066427552,""n_eff_median"":11.316576478267109,""n_eff_q90"":23.335801663558453,""manifold_mass_q10"":2.726294132473343,""manifold_mass_median"":5.699909910362927,""manifold_mass_q90"":10.017294286875105,""projector_change_median"":0.15498994591902654,""projector_change_max"":0.44737458208302294,""objective"":25.645150351570976,""manifold_penalty"":1.1709702088487925,""cg_iterations"":96,""cg_relative_residual_max"":3.847559819906234e-16,""linear_iterations"":96,""linear_relative_residual_max"":3.847559819906234e-16,""dense_solves"":0,""pcg_solves"":0,""fallback_solves"":0},{""phase"":""scale"",""iteration"":1,""h"":0.960981758525487,""h_manifold"":2.2964829637292796,""alpha"":0.6167003661394119,""alpha_manifold"":1.0,""function_edges"":408,""manifold_edges"":230,""function_mass_q10"":4.2804055135222105,""function_mass_min"":1.088317114887955,""function_mass_mean"":10.00000005180603,""function_mass_median"":8.69993765124759,""function_mass_q90"":16.222609518017766,""n_eff_q10"":5.696255647083196,""n_eff_min"":1.1752671612049395,""n_eff_median"":12.003946186344525,""n_eff_q90"":22.12311134728545,""manifold_mass_q10"":2.726294132473343,""manifold_mass_median"":5.699909910362927,""manifold_mass_q90"":10.017294286875105,""projector_change_median"":0.13414447613414027,""projector_change_max"":0.4662419982793649,""objective"":27.62643125281454,""manifold_penalty"":1.1992974606410045,""cg_iterations"":96,""cg_relative_residual_max"":1.179052708730959e-15,""linear_iterations"":96,""linear_relative_residual_max"":1.179052708730959e-15,""dense_solves"":0,""pcg_solves"":0,""fallback_solves"":0},{""phase"":""scale"",""iteration"":2,""h"":0.6795167180499451,""h_manifold"":2.2964829637292796,""alpha"":0.3788538873195648,""alpha_manifold"":1.0,""function_edges"":402,""manifold_edges"":230,""function_mass_q10"":3.8300342377651533,""function_mass_min"":1.2493939948282877,""function_mass_mean"":10.00000005314145,""function_mass_median"":9.281111364132254,""function_mass_q90"":16.515423019870475,""n_eff_q10"":4.753392418847701,""n_eff_min"":1.4695812720434662,""n_eff_median"":12.78537205101677,""n_eff_q90"":21.901455735306396,""manifold_mass_q10"":2.726294132473343,""manifold_mass_median"":5.699909910362927,""manifold_mass_q90"":10.017294286875105,""projector_change_median"":0.11352545361367697,""projector_change_max"":1.4033294928408684,""objective"":24.44314537570309,""manifold_penalty"":1.3804038381553285,""cg_iterations"":96,""cg_relative_residual_max"":2.3489313957462772e-15,""linear_iterations"":96,""linear_relative_residual_max"":2.3489313957462772e-15,""dense_solves"":0,""pcg_solves"":0,""fallback_solves"":0,""stop_reason"":""h_min""}]","{""converged"":true,""cg_iterations"":288,""cg_relative_residual_max"":2.3489313957462772e-15,""linear_iterations"":288,""linear_relative_residual_max"":2.3489313957462772e-15,""dense_solves"":0,""pcg_solves"":0,""fallback_solves"":0}"
diagnostic-manifold-base,"manifold: base, local parameter variants",1,"N_loc=10, N_phi=10, N_J=24, N_manifold=6, lambda_manifold=0.5, sync_steps=1",3,3,"{""beta"":4255376772,""features"":1229764143,""noise"":813326700,""centers"":2701065647,""directions"":3025337717,""init"":2424736837,""outliers"":408440574,""outlier_noise"":739910795,""gamma"":1682775850,""misspecification"":3107270422}",2424736837,ADP,0,240,True,4,60,1.0,0.0,0.05,manifold_radial,gaussian,gaussian,False,0.0,1.0,0.0,manifold,1,240,,1.0,False,,10,60,24,10,6,1,0.5,,,,10,,,,,,,,,"{""config"":{""seed"":42,""N_loc"":10,""N_lin"":60,""N_J"":24,""N_phi"":10,""lambda_penalty"":0.05,""local_ridge"":1e-08,""kernel"":""ADP.core.ADP_Config:epanechnikov"",""a"":1.4142135623730951,""h_min"":0.6454972243679028,""batch_size"":32,""index_init"":""local"",""estimator"":""new"",""direction_mode"":""auto"",""multi_tensor"":""orthogonal"",""select_step"":""best"",""center_displacement"":0.0,""training_set"":""all"",""redraw_directions"":true,""smart_weights"":false,""gpu"":false,""gpu_solver"":false},""solver_tol"":1e-06,""solver_max_steps"":3,""solver"":""cg"",""theta"":0.1,""trust_radius"":null,""lsmr_maxiter"":null,""cg_maxiter"":null,""manifold"":{""N_manifold"":6,""sync_steps"":1,""lambda_manifold"":0.5}}","{""seed"":2424736837,""N_loc"":10,""N_lin"":60,""N_J"":24,""N_phi"":10,""lambda_penalty"":0.05,""local_ridge"":1e-08,""kernel"":""ADP.core.ADP_Config:epanechnikov"",""a"":1.4142135623730951,""h_min"":0.6454972243679028,""batch_size"":32,""index_init"":""local"",""estimator"":""new"",""direction_mode"":""auto"",""multi_tensor"":""orthogonal"",""select_step"":""best"",""center_displacement"":0.0,""training_set"":""all"",""redraw_directions"":true,""smart_weights"":false,""gpu"":false,""gpu_solver"":false,""solver"":""cg"",""solver_tol"":1e-06,""solver_max_steps"":1,""theta"":null,""trust_radius"":null,""lsmr_maxiter"":null,""cg_maxiter"":null,""training_size"":240,""center_displacement_scale"":0.0,""N_manifold"":6,""sync_steps"":1,""lambda_manifold"":0.5}",success,,local_projector_distance,lower,True,False,False,converged_bad_quality,0.6098396839906175,,,0.6098396839906175,0.991817571733807,82.66541897233111,,0.6098396839906175,[],0.17130180499952985,0.6435108184814453,2,h_min,1,93.11015308837787,0.6228635253420884,"[{""phase"":""sync"",""iteration"":0,""h"":1.2525307212537373,""h_manifold"":1.9944635143778515,""alpha"":1.0,""alpha_manifold"":1.0,""function_edges"":426,""manifold_edges"":218,""function_mass_q10"":3.901578661173227,""function_mass_min"":1.378778721448867,""function_mass_mean"":10.000000000000002,""function_mass_median"":9.00472791483259,""function_mass_q90"":16.620342159162128,""n_eff_q10"":4.632596669262968,""n_eff_min"":1.692728813171824,""n_eff_median"":11.628350265514284,""n_eff_q90"":23.476852621329527,""manifold_mass_q10"":2.4636965800324506,""manifold_mass_median"":6.3404674752220505,""manifold_mass_q90"":9.608100287713269,""projector_change_median"":0.3575763726742949,""projector_change_max"":0.7657861212708876,""objective"":33.423387659408654,""manifold_penalty"":2.782285608208066,""cg_iterations"":96,""cg_relative_residual_max"":4.449793653451188e-16,""linear_iterations"":96,""linear_relative_residual_max"":4.449793653451188e-16,""dense_solves"":0,""pcg_solves"":0,""fallback_solves"":0},{""phase"":""scale"",""iteration"":1,""h"":0.8856729666429949,""h_manifold"":1.9944635143778515,""alpha"":0.6177665442228317,""alpha_manifold"":1.0,""function_edges"":424,""manifold_edges"":218,""function_mass_q10"":3.613022235745029,""function_mass_min"":1.8263588020611021,""function_mass_mean"":10.000000471565377,""function_mass_median"":8.77171540965163,""function_mass_q90"":16.671621347844834,""n_eff_q10"":4.1838488993434355,""n_eff_min"":2.6587446833682744,""n_eff_median"":11.58332522193144,""n_eff_q90"":24.323131620169733,""manifold_mass_q10"":2.4636965800324506,""manifold_mass_median"":6.3404674752220505,""manifold_mass_q90"":9.608100287713269,""projector_change_median"":0.25617911944132216,""projector_change_max"":0.8977747160358454,""objective"":22.938689333044692,""manifold_penalty"":2.0317072439201165,""cg_iterations"":96,""cg_relative_residual_max"":5.538120415377684e-16,""linear_iterations"":96,""linear_relative_residual_max"":5.538120415377684e-16,""dense_solves"":0,""pcg_solves"":0,""fallback_solves"":0,""stop_reason"":""h_min""}]","{""converged"":true,""cg_iterations"":192,""cg_relative_residual_max"":5.538120415377684e-16,""linear_iterations"":192,""linear_relative_residual_max"":5.538120415377684e-16,""dense_solves"":0,""pcg_solves"":0,""fallback_solves"":0}"
diagnostic-manifold-base,"manifold: base, local parameter variants",1,"N_loc=10, N_phi=10, N_J=24, N_manifold=6, lambda_manifold=0.5, sync_steps=1",4,4,"{""beta"":2626536110,""features"":227981437,""noise"":1989028013,""centers"":4205761707,""directions"":1746734398,""init"":3699691919,""outliers"":1937795235,""outlier_noise"":1205558110,""gamma"":3432378550,""misspecification"":592425380}",3699691919,ADP,0,240,True,4,60,1.0,0.0,0.05,manifold_radial,gaussian,gaussian,False,0.0,1.0,0.0,manifold,1,240,,1.0,False,,10,60,24,10,6,1,0.5,,,,10,,,,,,,,,"{""config"":{""seed"":42,""N_loc"":10,""N_lin"":60,""N_J"":24,""N_phi"":10,""lambda_penalty"":0.05,""local_ridge"":1e-08,""kernel"":""ADP.core.ADP_Config:epanechnikov"",""a"":1.4142135623730951,""h_min"":0.6454972243679028,""batch_size"":32,""index_init"":""local"",""estimator"":""new"",""direction_mode"":""auto"",""multi_tensor"":""orthogonal"",""select_step"":""best"",""center_displacement"":0.0,""training_set"":""all"",""redraw_directions"":true,""smart_weights"":false,""gpu"":false,""gpu_solver"":false},""solver_tol"":1e-06,""solver_max_steps"":3,""solver"":""cg"",""theta"":0.1,""trust_radius"":null,""lsmr_maxiter"":null,""cg_maxiter"":null,""manifold"":{""N_manifold"":6,""sync_steps"":1,""lambda_manifold"":0.5}}",,numerical_failure,"RuntimeError: rank-deficient local slope for target 18: rank=0, required=1; increase N_phi or N_loc",local_projector_distance,lower,False,,False,numerical_failure,,,,,,,,,,,,,,,,,,
diagnostic-manifold-base,"manifold: base, local parameter variants",1,"N_loc=10, N_phi=10, N_J=24, N_manifold=6, lambda_manifold=0.5, sync_steps=1",5,5,"{""beta"":2591981369,""features"":3757986669,""noise"":654094259,""centers"":1360362612,""directions"":622664474,""init"":3202134607,""outliers"":2238804734,""outlier_noise"":1028591118,""gamma"":691848187,""misspecification"":854566012}",3202134607,ADP,0,240,True,4,60,1.0,0.0,0.05,manifold_radial,gaussian,gaussian,False,0.0,1.0,0.0,manifold,1,240,,1.0,False,,10,60,24,10,6,1,0.5,,,,10,,,,,,,,,"{""config"":{""seed"":42,""N_loc"":10,""N_lin"":60,""N_J"":24,""N_phi"":10,""lambda_penalty"":0.05,""local_ridge"":1e-08,""kernel"":""ADP.core.ADP_Config:epanechnikov"",""a"":1.4142135623730951,""h_min"":0.6454972243679028,""batch_size"":32,""index_init"":""local"",""estimator"":""new"",""direction_mode"":""auto"",""multi_tensor"":""orthogonal"",""select_step"":""best"",""center_displacement"":0.0,""training_set"":""all"",""redraw_directions"":true,""smart_weights"":false,""gpu"":false,""gpu_solver"":false},""solver_tol"":1e-06,""solver_max_steps"":3,""solver"":""cg"",""theta"":0.1,""trust_radius"":null,""lsmr_maxiter"":null,""cg_maxiter"":null,""manifold"":{""N_manifold"":6,""sync_steps"":1,""lambda_manifold"":0.5}}",,numerical_failure,"RuntimeError: rank-deficient local slope for target 3: rank=0, required=1; increase N_phi or N_loc",local_projector_distance,lower,False,,False,numerical_failure,,,,,,,,,,,,,,,,,,
diagnostic-manifold-base,"manifold: base, local parameter variants",1,"N_loc=10, N_phi=10, N_J=24, N_manifold=6, lambda_manifold=0.5, sync_steps=1",6,6,"{""beta"":2649590584,""features"":3993099560,""noise"":1760850090,""centers"":1235842596,""directions"":516648510,""init"":1329562486,""outliers"":4220703868,""outlier_noise"":3112353199,""gamma"":697337733,""misspecification"":2423010501}",1329562486,ADP,0,240,True,4,60,1.0,0.0,0.05,manifold_radial,gaussian,gaussian,False,0.0,1.0,0.0,manifold,1,240,,1.0,False,,10,60,24,10,6,1,0.5,,,,10,,,,,,,,,"{""config"":{""seed"":42,""N_loc"":10,""N_lin"":60,""N_J"":24,""N_phi"":10,""lambda_penalty"":0.05,""local_ridge"":1e-08,""kernel"":""ADP.core.ADP_Config:epanechnikov"",""a"":1.4142135623730951,""h_min"":0.6454972243679028,""batch_size"":32,""index_init"":""local"",""estimator"":""new"",""direction_mode"":""auto"",""multi_tensor"":""orthogonal"",""select_step"":""best"",""center_displacement"":0.0,""training_set"":""all"",""redraw_directions"":true,""smart_weights"":false,""gpu"":false,""gpu_solver"":false},""solver_tol"":1e-06,""solver_max_steps"":3,""solver"":""cg"",""theta"":0.1,""trust_radius"":null,""lsmr_maxiter"":null,""cg_maxiter"":null,""manifold"":{""N_manifold"":6,""sync_steps"":1,""lambda_manifold"":0.5}}",,numerical_failure,"RuntimeError: rank-deficient local slope for target 14: rank=0, required=1; increase N_phi or N_loc",local_projector_distance,lower,False,,False,numerical_failure,,,,,,,,,,,,,,,,,,
diagnostic-manifold-base,"manifold: base, local parameter variants",1,"N_loc=10, N_phi=10, N_J=24, N_manifold=6, lambda_manifold=0.5, sync_steps=1",7,7,"{""beta"":1192128109,""features"":4203467630,""noise"":955820423,""centers"":264639041,""directions"":1237972010,""init"":2645466379,""outliers"":2165193105,""outlier_noise"":627906730,""gamma"":548357580,""misspecification"":1960086769}",2645466379,ADP,0,240,True,4,60,1.0,0.0,0.05,manifold_radial,gaussian,gaussian,False,0.0,1.0,0.0,manifold,1,240,,1.0,False,,10,60,24,10,6,1,0.5,,,,10,,,,,,,,,"{""config"":{""seed"":42,""N_loc"":10,""N_lin"":60,""N_J"":24,""N_phi"":10,""lambda_penalty"":0.05,""local_ridge"":1e-08,""kernel"":""ADP.core.ADP_Config:epanechnikov"",""a"":1.4142135623730951,""h_min"":0.6454972243679028,""batch_size"":32,""index_init"":""local"",""estimator"":""new"",""direction_mode"":""auto"",""multi_tensor"":""orthogonal"",""select_step"":""best"",""center_displacement"":0.0,""training_set"":""all"",""redraw_directions"":true,""smart_weights"":false,""gpu"":false,""gpu_solver"":false},""solver_tol"":1e-06,""solver_max_steps"":3,""solver"":""cg"",""theta"":0.1,""trust_radius"":null,""lsmr_maxiter"":null,""cg_maxiter"":null,""manifold"":{""N_manifold"":6,""sync_steps"":1,""lambda_manifold"":0.5}}",,numerical_failure,"RuntimeError: rank-deficient local slope for target 3: rank=0, required=1; increase N_phi or N_loc",local_projector_distance,lower,False,,False,numerical_failure,,,,,,,,,,,,,,,,,,
diagnostic-manifold-base,"manifold: base, local parameter variants",1,"N_loc=10, N_phi=10, N_J=24, N_manifold=6, lambda_manifold=0.5, sync_steps=1",8,8,"{""beta"":1609080203,""features"":2594376887,""noise"":1918940653,""centers"":2936154285,""directions"":3848134078,""init"":3430508477,""outliers"":639789839,""outlier_noise"":2784368537,""gamma"":1561447794,""misspecification"":244015551}",3430508477,ADP,0,240,True,4,60,1.0,0.0,0.05,manifold_radial,gaussian,gaussian,False,0.0,1.0,0.0,manifold,1,240,,1.0,False,,10,60,24,10,6,1,0.5,,,,10,,,,,,,,,"{""config"":{""seed"":42,""N_loc"":10,""N_lin"":60,""N_J"":24,""N_phi"":10,""lambda_penalty"":0.05,""local_ridge"":1e-08,""kernel"":""ADP.core.ADP_Config:epanechnikov"",""a"":1.4142135623730951,""h_min"":0.6454972243679028,""batch_size"":32,""index_init"":""local"",""estimator"":""new"",""direction_mode"":""auto"",""multi_tensor"":""orthogonal"",""select_step"":""best"",""center_displacement"":0.0,""training_set"":""all"",""redraw_directions"":true,""smart_weights"":false,""gpu"":false,""gpu_solver"":false},""solver_tol"":1e-06,""solver_max_steps"":3,""solver"":""cg"",""theta"":0.1,""trust_radius"":null,""lsmr_maxiter"":null,""cg_maxiter"":null,""manifold"":{""N_manifold"":6,""sync_steps"":1,""lambda_manifold"":0.5}}",,numerical_failure,"RuntimeError: rank-deficient local slope for target 9: rank=0, required=1; increase N_phi or N_loc",local_projector_distance,lower,False,,False,numerical_failure,,,,,,,,,,,,,,,,,,
diagnostic-manifold-base,"manifold: base, local parameter variants",1,"N_loc=10, N_phi=10, N_J=24, N_manifold=6, lambda_manifold=0.5, sync_steps=1",9,9,"{""beta"":2952143991,""features"":2627908462,""noise"":3029906209,""centers"":3185039825,""directions"":4246493789,""init"":3554362247,""outliers"":280476494,""outlier_noise"":3164107022,""gamma"":1298903658,""misspecification"":3020752865}",3554362247,ADP,0,240,True,4,60,1.0,0.0,0.05,manifold_radial,gaussian,gaussian,False,0.0,1.0,0.0,manifold,1,240,,1.0,False,,10,60,24,10,6,1,0.5,,,,10,,,,,,,,,"{""config"":{""seed"":42,""N_loc"":10,""N_lin"":60,""N_J"":24,""N_phi"":10,""lambda_penalty"":0.05,""local_ridge"":1e-08,""kernel"":""ADP.core.ADP_Config:epanechnikov"",""a"":1.4142135623730951,""h_min"":0.6454972243679028,""batch_size"":32,""index_init"":""local"",""estimator"":""new"",""direction_mode"":""auto"",""multi_tensor"":""orthogonal"",""select_step"":""best"",""center_displacement"":0.0,""training_set"":""all"",""redraw_directions"":true,""smart_weights"":false,""gpu"":false,""gpu_solver"":false},""solver_tol"":1e-06,""solver_max_steps"":3,""solver"":""cg"",""theta"":0.1,""trust_radius"":null,""lsmr_maxiter"":null,""cg_maxiter"":null,""manifold"":{""N_manifold"":6,""sync_steps"":1,""lambda_manifold"":0.5}}",,numerical_failure,"RuntimeError: rank-deficient local slope for target 12: rank=0, required=1; increase N_phi or N_loc",local_projector_distance,lower,False,,False,numerical_failure,,,,,,,,,,,,,,,,,,
diagnostic-manifold-base,"manifold: base, local parameter variants",1,"N_loc=10, N_phi=10, N_J=24, N_manifold=6, lambda_manifold=0.5, sync_steps=1",10,10,"{""beta"":2986142371,""features"":946643688,""noise"":1178448990,""centers"":4266290743,""directions"":2060725515,""init"":2568546636,""outliers"":892251341,""outlier_noise"":2365362817,""gamma"":3229695262,""misspecification"":1326227304}",2568546636,ADP,0,240,True,4,60,1.0,0.0,0.05,manifold_radial,gaussian,gaussian,False,0.0,1.0,0.0,manifold,1,240,,1.0,False,,10,60,24,10,6,1,0.5,,,,10,,,,,,,,,"{""config"":{""seed"":42,""N_loc"":10,""N_lin"":60,""N_J"":24,""N_phi"":10,""lambda_penalty"":0.05,""local_ridge"":1e-08,""kernel"":""ADP.core.ADP_Config:epanechnikov"",""a"":1.4142135623730951,""h_min"":0.6454972243679028,""batch_size"":32,""index_init"":""local"",""estimator"":""new"",""direction_mode"":""auto"",""multi_tensor"":""orthogonal"",""select_step"":""best"",""center_displacement"":0.0,""training_set"":""all"",""redraw_directions"":true,""smart_weights"":false,""gpu"":false,""gpu_solver"":false},""solver_tol"":1e-06,""solver_max_steps"":3,""solver"":""cg"",""theta"":0.1,""trust_radius"":null,""lsmr_maxiter"":null,""cg_maxiter"":null,""manifold"":{""N_manifold"":6,""sync_steps"":1,""lambda_manifold"":0.5}}",,numerical_failure,"RuntimeError: rank-deficient local slope for target 16: rank=0, required=1; increase N_phi or N_loc",local_projector_distance,lower,False,,False,numerical_failure,,,,,,,,,,,,,,,,,,
diagnostic-manifold-base,"manifold: base, local parameter variants",1,"N_loc=10, N_phi=10, N_J=24, N_manifold=6, lambda_manifold=0.5, sync_steps=1",11,11,"{""beta"":1169213037,""features"":1095957835,""noise"":3841810831,""centers"":1031671468,""directions"":3208422369,""init"":3202220039,""outliers"":3254441912,""outlier_noise"":462153641,""gamma"":938740265,""misspecification"":1943647296}",3202220039,ADP,0,240,True,4,60,1.0,0.0,0.05,manifold_radial,gaussian,gaussian,False,0.0,1.0,0.0,manifold,1,240,,1.0,False,,10,60,24,10,6,1,0.5,,,,10,,,,,,,,,"{""config"":{""seed"":42,""N_loc"":10,""N_lin"":60,""N_J"":24,""N_phi"":10,""lambda_penalty"":0.05,""local_ridge"":1e-08,""kernel"":""ADP.core.ADP_Config:epanechnikov"",""a"":1.4142135623730951,""h_min"":0.6454972243679028,""batch_size"":32,""index_init"":""local"",""estimator"":""new"",""direction_mode"":""auto"",""multi_tensor"":""orthogonal"",""select_step"":""best"",""center_displacement"":0.0,""training_set"":""all"",""redraw_directions"":true,""smart_weights"":false,""gpu"":false,""gpu_solver"":false},""solver_tol"":1e-06,""solver_max_steps"":3,""solver"":""cg"",""theta"":0.1,""trust_radius"":null,""lsmr_maxiter"":null,""cg_maxiter"":null,""manifold"":{""N_manifold"":6,""sync_steps"":1,""lambda_manifold"":0.5}}","{""seed"":3202220039,""N_loc"":10,""N_lin"":60,""N_J"":24,""N_phi"":10,""lambda_penalty"":0.05,""local_ridge"":1e-08,""kernel"":""ADP.core.ADP_Config:epanechnikov"",""a"":1.4142135623730951,""h_min"":0.6454972243679028,""batch_size"":32,""index_init"":""local"",""estimator"":""new"",""direction_mode"":""auto"",""multi_tensor"":""orthogonal"",""select_step"":""best"",""center_displacement"":0.0,""training_set"":""all"",""redraw_directions"":true,""smart_weights"":false,""gpu"":false,""gpu_solver"":false,""solver"":""cg"",""solver_tol"":1e-06,""solver_max_steps"":1,""theta"":null,""trust_radius"":null,""lsmr_maxiter"":null,""cg_maxiter"":null,""training_size"":240,""center_displacement_scale"":0.0,""N_manifold"":6,""sync_steps"":1,""lambda_manifold"":0.5}",success,,local_projector_distance,lower,True,False,False,converged_bad_quality,0.5035127163392784,,,0.5035127163392784,0.9991675814482048,87.66203160303839,,0.5035127163392784,[],0.17410528500113287,0.6432743072509766,2,h_min,1,104.44132091246871,0.6596758070966523,"[{""phase"":""sync"",""iteration"":0,""h"":1.2404784865701852,""h_manifold"":2.122917706841165,""alpha"":1.0,""alpha_manifold"":1.0,""function_edges"":441,""manifold_edges"":236,""function_mass_q10"":2.6775094414635463,""function_mass_min"":1.6481149001545983,""function_mass_mean"":10.000000000000004,""function_mass_median"":8.072642091339944,""function_mass_q90"":20.377716188642587,""n_eff_q10"":3.6066266423165545,""n_eff_min"":2.210819244758536,""n_eff_median"":11.546644192206013,""n_eff_q90"":30.035188003284375,""manifold_mass_q10"":2.5807857931611795,""manifold_mass_median"":5.98472883588148,""manifold_mass_q90"":9.609776177171382,""projector_change_median"":0.21943370201435553,""projector_change_max"":0.543434842309315,""objective"":14.66479206994302,""manifold_penalty"":1.2317894377466199,""cg_iterations"":96,""cg_relative_residual_max"":6.103619608662979e-16,""linear_iterations"":96,""linear_relative_residual_max"":6.103619608662979e-16,""dense_solves"":0,""pcg_solves"":0,""fallback_solves"":0},{""phase"":""scale"",""iteration"":1,""h"":0.8771507497698036,""h_manifold"":2.122917706841165,""alpha"":0.6163208186626434,""alpha_manifold"":1.0,""function_edges"":439,""manifold_edges"":236,""function_mass_q10"":2.4703032443384263,""function_mass_min"":1.5602226297803614,""function_mass_mean"":10.00000015614666,""function_mass_median"":7.81081412950141,""function_mass_q90"":18.343621861571712,""n_eff_q10"":3.250370356909262,""n_eff_min"":1.8527958104594109,""n_eff_median"":11.508772481715518,""n_eff_q90"":26.544834494946034,""manifold_mass_q10"":2.5807857931611795,""manifold_mass_median"":5.98472883588148,""manifold_mass_q90"":9.609776177171382,""projector_change_median"":0.16606664555735262,""projector_change_max"":0.5041445273647965,""objective"":19.82554640986708,""manifold_penalty"":0.9837098017755228,""cg_iterations"":96,""cg_relative_residual_max"":2.6554416963927727e-15,""linear_iterations"":96,""linear_relative_residual_max"":2.6554416963927727e-15,""dense_solves"":0,""pcg_solves"":0,""fallback_solves"":0,""stop_reason"":""h_min""}]","{""converged"":true,""cg_iterations"":192,""cg_relative_residual_max"":2.6554416963927727e-15,""linear_iterations"":192,""linear_relative_residual_max"":2.6554416963927727e-15,""dense_solves"":0,""pcg_solves"":0,""fallback_solves"":0}"
diagnostic-manifold-base,"manifold: base, local parameter variants",2,"N_loc=30, N_phi=10, N_J=24, N_manifold=6, lambda_manifold=0.5, sync_steps=1",0,0,"{""beta"":160747260,""features"":2186772633,""noise"":475316650,""centers"":2297579960,""directions"":834610471,""init"":3414180542,""outliers"":2022353668,""outlier_noise"":1111215905,""gamma"":2591228347,""misspecification"":1802179717}",3414180542,ADP,0,240,True,4,60,1.0,0.0,0.05,manifold_radial,gaussian,gaussian,False,0.0,1.0,0.0,manifold,1,240,,1.0,False,,30,60,24,10,6,1,0.5,,,,10,,,,,,,,,"{""config"":{""seed"":42,""N_loc"":30,""N_lin"":60,""N_J"":24,""N_phi"":10,""lambda_penalty"":0.05,""local_ridge"":1e-08,""kernel"":""ADP.core.ADP_Config:epanechnikov"",""a"":1.4142135623730951,""h_min"":0.6454972243679028,""batch_size"":32,""index_init"":""local"",""estimator"":""new"",""direction_mode"":""auto"",""multi_tensor"":""orthogonal"",""select_step"":""best"",""center_displacement"":0.0,""training_set"":""all"",""redraw_directions"":true,""smart_weights"":false,""gpu"":false,""gpu_solver"":false},""solver_tol"":1e-06,""solver_max_steps"":3,""solver"":""cg"",""theta"":0.1,""trust_radius"":null,""lsmr_maxiter"":null,""cg_maxiter"":null,""manifold"":{""N_manifold"":6,""sync_steps"":1,""lambda_manifold"":0.5}}","{""seed"":3414180542,""N_loc"":30,""N_lin"":60,""N_J"":24,""N_phi"":10,""lambda_penalty"":0.05,""local_ridge"":1e-08,""kernel"":""ADP.core.ADP_Config:epanechnikov"",""a"":1.4142135623730951,""h_min"":0.6454972243679028,""batch_size"":32,""index_init"":""local"",""estimator"":""new"",""direction_mode"":""auto"",""multi_tensor"":""orthogonal"",""select_step"":""best"",""center_displacement"":0.0,""training_set"":""all"",""redraw_directions"":true,""smart_weights"":false,""gpu"":false,""gpu_solver"":false,""solver"":""cg"",""solver_tol"":1e-06,""solver_max_steps"":1,""theta"":null,""trust_radius"":null,""lsmr_maxiter"":null,""cg_maxiter"":null,""training_size"":240,""center_displacement_scale"":0.0,""N_manifold"":6,""sync_steps"":1,""lambda_manifold"":0.5}",success,,local_projector_distance,lower,True,False,False,converged_bad_quality,0.5093881185056173,,,0.5093881185056173,0.9948067973936924,84.15824430115603,,0.5093881185056173,[],0.2963878000009572,0.64617919921875,4,h_min,3,92.01357346168106,0.6191848588456206,"[{""phase"":""sync"",""iteration"":0,""h"":1.905803531126436,""h_manifold"":2.250489893576492,""alpha"":1.0,""alpha_manifold"":1.0,""function_edges"":1237,""manifold_edges"":228,""function_mass_q10"":7.135737894278575,""function_mass_min"":3.3013827590444667,""function_mass_mean"":30.0,""function_mass_median"":26.74483446463423,""function_mass_q90"":54.02418538015789,""n_eff_q10"":10.659096902356422,""n_eff_min"":4.319634459275151,""n_eff_median"":37.387214938211606,""n_eff_q90"":71.66787499475834,""manifold_mass_q10"":1.3171777284793307,""manifold_mass_median"":5.905797282851303,""manifold_mass_q90"":9.487421311276238,""projector_change_median"":0.1333262973525151,""projector_change_max"":0.36015057444762627,""objective"":245.1906954327974,""manifold_penalty"":2.0755474599750396,""cg_iterations"":96,""cg_relative_residual_max"":1.3114033338949658e-15,""linear_iterations"":96,""linear_relative_residual_max"":1.3114033338949658e-15,""dense_solves"":0,""pcg_solves"":0,""fallback_solves"":0},{""phase"":""scale"",""iteration"":1,""h"":1.3476066004687703,""h_manifold"":2.250489893576492,""alpha"":0.6040359288454056,""alpha_manifold"":1.0,""function_edges"":1239,""manifold_edges"":228,""function_mass_q10"":7.89077332701974,""function_mass_min"":3.007193405551253,""function_mass_mean"":30.000000539469863,""function_mass_median"":27.358933111078713,""function_mass_q90"":55.77875732793747,""n_eff_q10"":11.986415940908437,""n_eff_min"":4.379555241498407,""n_eff_median"":36.78287643678726,""n_eff_q90"":74.85958856729428,""manifold_mass_q10"":1.3171777284793307,""manifold_mass_median"":5.905797282851303,""manifold_mass_q90"":9.487421311276238,""projector_change_median"":0.10116030047024646,""projector_change_max"":0.31226610433656404,""objective"":213.07024511280798,""manifold_penalty"":2.166225754781405,""cg_iterations"":95,""cg_relative_residual_max"":3.9435902824068076e-08,""linear_iterations"":95,""linear_relative_residual_max"":3.9435902824068076e-08,""dense_solves"":0,""pcg_solves"":0,""fallback_solves"":0},{""phase"":""scale"",""iteration"":2,""h"":0.9529017655632179,""h_manifold"":2.250489893576492,""alpha"":0.35717226564884186,""alpha_manifold"":1.0,""function_edges"":1175,""manifold_edges"":228,""function_mass_q10"":10.714463597556003,""function_mass_min"":2.5758390886902465,""function_mass_mean"":30.000000968276215,""function_mass_median"":24.63981102488478,""function_mass_q90"":53.444331133838354,""n_eff_q10"":15.385621749213845,""n_eff_min"":3.50434180432334,""n_eff_median"":34.68712840498131,""n_eff_q90"":70.59035569053219,""manifold_mass_q10"":1.3171777284793307,""manifold_mass_median"":5.905797282851303,""manifold_mass_q90"":9.487421311276238,""projector_change_median"":0.14286460881691032,""projector_change_max"":0.28571294657767,""objective"":178.3621525744266,""manifold_penalty"":2.005344729704353,""cg_iterations"":96,""cg_relative_residual_max"":3.6185814099861197e-13,""linear_iterations"":96,""linear_relative_residual_max"":3.6185814099861197e-13,""dense_solves"":0,""pcg_solves"":0,""fallback_solves"":0},{""phase"":""scale"",""iteration"":3,""h"":0.6738033002343851,""h_manifold"":2.250489893576492,""alpha"":0.20006480813026428,""alpha_manifold"":1.0,""function_edges"":1103,""manifold_edges"":228,""function_mass_q10"":13.449548295179925,""function_mass_min"":1.6693018555223185,""function_mass_mean"":30.000001539182744,""function_mass_median"":24.99877021518163,""function_mass_q90"":55.743213063436706,""n_eff_q10"":16.35103036676475,""n_eff_min"":2.2747766687082764,""n_eff_median"":31.415890247969443,""n_eff_q90"":68.32385737440524,""manifold_mass_q10"":1.3171777284793307,""manifold_mass_median"":5.905797282851303,""manifold_mass_q90"":9.487421311276238,""projector_change_median"":0.1090008828522403,""projector_change_max"":0.9710708097597613,""objective"":123.08400495417263,""manifold_penalty"":1.9322205016694927,""cg_iterations"":96,""cg_relative_residual_max"":1.272770162791987e-13,""linear_iterations"":96,""linear_relative_residual_max"":1.272770162791987e-13,""dense_solves"":0,""pcg_solves"":0,""fallback_solves"":0,""stop_reason"":""h_min""}]","{""converged"":true,""cg_iterations"":383,""cg_relative_residual_max"":3.9435902824068076e-08,""linear_iterations"":383,""linear_relative_residual_max"":3.9435902824068076e-08,""dense_solves"":0,""pcg_solves"":0,""fallback_solves"":0}"
diagnostic-manifold-base,"manifold: base, local parameter variants",2,"N_loc=30, N_phi=10, N_J=24, N_manifold=6, lambda_manifold=0.5, sync_steps=1",1,1,"{""beta"":1931894582,""features"":728973687,""noise"":453924638,""centers"":2145764529,""directions"":1084146302,""init"":1568069026,""outliers"":2674833454,""outlier_noise"":1988346855,""gamma"":3811432093,""misspecification"":345464691}",1568069026,ADP,0,240,True,4,60,1.0,0.0,0.05,manifold_radial,gaussian,gaussian,False,0.0,1.0,0.0,manifold,1,240,,1.0,False,,30,60,24,10,6,1,0.5,,,,10,,,,,,,,,"{""config"":{""seed"":42,""N_loc"":30,""N_lin"":60,""N_J"":24,""N_phi"":10,""lambda_penalty"":0.05,""local_ridge"":1e-08,""kernel"":""ADP.core.ADP_Config:epanechnikov"",""a"":1.4142135623730951,""h_min"":0.6454972243679028,""batch_size"":32,""index_init"":""local"",""estimator"":""new"",""direction_mode"":""auto"",""multi_tensor"":""orthogonal"",""select_step"":""best"",""center_displacement"":0.0,""training_set"":""all"",""redraw_directions"":true,""smart_weights"":false,""gpu"":false,""gpu_solver"":false},""solver_tol"":1e-06,""solver_max_steps"":3,""solver"":""cg"",""theta"":0.1,""trust_radius"":null,""lsmr_maxiter"":null,""cg_maxiter"":null,""manifold"":{""N_manifold"":6,""sync_steps"":1,""lambda_manifold"":0.5}}","{""seed"":1568069026,""N_loc"":30,""N_lin"":60,""N_J"":24,""N_phi"":10,""lambda_penalty"":0.05,""local_ridge"":1e-08,""kernel"":""ADP.core.ADP_Config:epanechnikov"",""a"":1.4142135623730951,""h_min"":0.6454972243679028,""batch_size"":32,""index_init"":""local"",""estimator"":""new"",""direction_mode"":""auto"",""multi_tensor"":""orthogonal"",""select_step"":""best"",""center_displacement"":0.0,""training_set"":""all"",""redraw_directions"":true,""smart_weights"":false,""gpu"":false,""gpu_solver"":false,""solver"":""cg"",""solver_tol"":1e-06,""solver_max_steps"":1,""theta"":null,""trust_radius"":null,""lsmr_maxiter"":null,""cg_maxiter"":null,""training_size"":240,""center_displacement_scale"":0.0,""N_manifold"":6,""sync_steps"":1,""lambda_manifold"":0.5}",success,,local_projector_distance,lower,True,False,False,converged_bad_quality,0.4426465812541913,,,0.4426465812541913,0.9993920184165369,88.00195691772484,,0.4426465812541913,[],0.3056994499966095,0.6467094421386719,4,h_min,3,72.01768327746862,0.5477898140005762,"[{""phase"":""sync"",""iteration"":0,""h"":1.8741388696388845,""h_manifold"":2.319866362038382,""alpha"":1.0,""alpha_manifold"":1.0,""function_edges"":1292,""manifold_edges"":224,""function_mass_q10"":9.614091514144143,""function_mass_min"":6.499357290270819,""function_mass_mean"":30.0,""function_mass_median"":29.321504539968807,""function_mass_q90"":44.203590468639334,""n_eff_q10"":13.79139694914106,""n_eff_min"":8.93296643540903,""n_eff_median"":42.369631655126945,""n_eff_q90"":61.84890743435805,""manifold_mass_q10"":2.290557434291452,""manifold_mass_median"":6.120236735010389,""manifold_mass_q90"":10.074979297813792,""projector_change_median"":0.16662629170599264,""projector_change_max"":0.4870194377570355,""objective"":141.81362659151756,""manifold_penalty"":1.2387091256306137,""cg_iterations"":96,""cg_relative_residual_max"":2.672987379552591e-16,""linear_iterations"":96,""linear_relative_residual_max"":2.672987379552591e-16,""dense_solves"":0,""pcg_solves"":0,""fallback_solves"":0},{""phase"":""scale"",""iteration"":1,""h"":1.3252163036069462,""h_manifold"":2.319866362038382,""alpha"":0.6039204895496368,""alpha_manifold"":1.0,""function_edges"":1249,""manifold_edges"":224,""function_mass_q10"":8.246917582184878,""function_mass_min"":5.428090742831666,""function_mass_mean"":30.00000114459155,""function_mass_median"":29.838575821192425,""function_mass_q90"":45.82828934187172,""n_eff_q10"":12.526524326264132,""n_eff_min"":7.1913106705623315,""n_eff_median"":41.47440764150713,""n_eff_q90"":62.13708007972094,""manifold_mass_q10"":2.290557434291452,""manifold_mass_median"":6.120236735010389,""manifold_mass_q90"":10.074979297813792,""projector_change_median"":0.19082046366892771,""projector_change_max"":0.3943401111173944,""objective"":164.73986733343145,""manifold_penalty"":1.3574199955980606,""cg_iterations"":96,""cg_relative_residual_max"":1.1592127123597616e-14,""linear_iterations"":96,""linear_relative_residual_max"":1.1592127123597616e-14,""dense_solves"":0,""pcg_solves"":0,""fallback_solves"":0},{""phase"":""scale"",""iteration"":2,""h"":0.9370694348194422,""h_manifold"":2.319866362038382,""alpha"":0.3562292605638504,""alpha_manifold"":1.0,""function_edges"":1208,""manifold_edges"":224,""function_mass_q10"":6.82820069473983,""function_mass_min"":4.455921169066203,""function_mass_mean"":30.00000059926512,""function_mass_median"":31.793212347790718,""function_mass_q90"":45.218305241863256,""n_eff_q10"":9.309689242566517,""n_eff_min"":5.6351409970968485,""n_eff_median"":43.209131358365624,""n_eff_q90"":60.7815232854871,""manifold_mass_q10"":2.290557434291452,""manifold_mass_median"":6.120236735010389,""manifold_mass_q90"":10.074979297813792,""projector_change_median"":0.15650360552494325,""projector_change_max"":0.45989420253333974,""objective"":125.70863303471633,""manifold_penalty"":1.353898521895293,""cg_iterations"":96,""cg_relative_residual_max"":9.89603540811207e-14,""linear_iterations"":96,""linear_relative_residual_max"":9.89603540811207e-14,""dense_solves"":0,""pcg_solves"":0,""fallback_solves"":0},{""phase"":""scale"",""iteration"":3,""h"":0.662608151803473,""h_manifold"":2.319866362038382,""alpha"":0.20231495797634125,""alpha_manifold"":1.0,""function_edges"":1123,""manifold_edges"":224,""function_mass_q10"":9.516065037528039,""function_mass_min"":4.754603002366823,""function_mass_mean"":30.000002218199228,""function_mass_median"":30.333656785544846,""function_mass_q90"":43.00834425119024,""n_eff_q10"":13.01423722380687,""n_eff_min"":6.45098420868584,""n_eff_median"":38.28916994507181,""n_eff_q90"":54.07477523849804,""manifold_mass_q10"":2.290557434291452,""manifold_mass_median"":6.120236735010389,""manifold_mass_q90"":10.074979297813792,""projector_change_median"":0.12122920506001728,""projector_change_max"":0.3414067666828664,""objective"":87.70995588379583,""manifold_penalty"":1.523730819920789,""cg_iterations"":96,""cg_relative_residual_max"":3.186725079196778e-13,""linear_iterations"":96,""linear_relative_residual_max"":3.186725079196778e-13,""dense_solves"":0,""pcg_solves"":0,""fallback_solves"":0,""stop_reason"":""h_min""}]","{""converged"":true,""cg_iterations"":384,""cg_relative_residual_max"":3.186725079196778e-13,""linear_iterations"":384,""linear_relative_residual_max"":3.186725079196778e-13,""dense_solves"":0,""pcg_solves"":0,""fallback_solves"":0}"
diagnostic-manifold-base,"manifold: base, local parameter variants",2,"N_loc=30, N_phi=10, N_J=24, N_manifold=6, lambda_manifold=0.5, sync_steps=1",2,2,"{""beta"":3049918365,""features"":1057112449,""noise"":2816531493,""centers"":3529945714,""directions"":2935922697,""init"":4167035260,""outliers"":1654234620,""outlier_noise"":2849204727,""gamma"":605489280,""misspecification"":212052512}",4167035260,ADP,0,240,True,4,60,1.0,0.0,0.05,manifold_radial,gaussian,gaussian,False,0.0,1.0,0.0,manifold,1,240,,1.0,False,,30,60,24,10,6,1,0.5,,,,10,,,,,,,,,"{""config"":{""seed"":42,""N_loc"":30,""N_lin"":60,""N_J"":24,""N_phi"":10,""lambda_penalty"":0.05,""local_ridge"":1e-08,""kernel"":""ADP.core.ADP_Config:epanechnikov"",""a"":1.4142135623730951,""h_min"":0.6454972243679028,""batch_size"":32,""index_init"":""local"",""estimator"":""new"",""direction_mode"":""auto"",""multi_tensor"":""orthogonal"",""select_step"":""best"",""center_displacement"":0.0,""training_set"":""all"",""redraw_directions"":true,""smart_weights"":false,""gpu"":false,""gpu_solver"":false},""solver_tol"":1e-06,""solver_max_steps"":3,""solver"":""cg"",""theta"":0.1,""trust_radius"":null,""lsmr_maxiter"":null,""cg_maxiter"":null,""manifold"":{""N_manifold"":6,""sync_steps"":1,""lambda_manifold"":0.5}}","{""seed"":4167035260,""N_loc"":30,""N_lin"":60,""N_J"":24,""N_phi"":10,""lambda_penalty"":0.05,""local_ridge"":1e-08,""kernel"":""ADP.core.ADP_Config:epanechnikov"",""a"":1.4142135623730951,""h_min"":0.6454972243679028,""batch_size"":32,""index_init"":""local"",""estimator"":""new"",""direction_mode"":""auto"",""multi_tensor"":""orthogonal"",""select_step"":""best"",""center_displacement"":0.0,""training_set"":""all"",""redraw_directions"":true,""smart_weights"":false,""gpu"":false,""gpu_solver"":false,""solver"":""cg"",""solver_tol"":1e-06,""solver_max_steps"":1,""theta"":null,""trust_radius"":null,""lsmr_maxiter"":null,""cg_maxiter"":null,""training_size"":240,""center_displacement_scale"":0.0,""N_manifold"":6,""sync_steps"":1,""lambda_manifold"":0.5}",success,,local_projector_distance,lower,True,False,False,converged_bad_quality,0.5235973323677715,,,0.5235973323677715,0.9783990470478129,78.06949121711318,,0.5235973323677715,[],0.30442817699804436,0.6479568481445312,4,h_min,3,126.535406441746,0.7261066451795781,"[{""phase"":""sync"",""iteration"":0,""h"":1.9231582946671055,""h_manifold"":2.2964829637292796,""alpha"":1.0,""alpha_manifold"":1.0,""function_edges"":1286,""manifold_edges"":230,""function_mass_q10"":13.207009327145814,""function_mass_min"":3.989620115040823,""function_mass_mean"":30.0,""function_mass_median"":28.554340357970744,""function_mass_q90"":47.82280856973549,""n_eff_q10"":20.09651782630898,""n_eff_min"":5.534931883408877,""n_eff_median"":40.84618196673854,""n_eff_q90"":66.26128484004228,""manifold_mass_q10"":2.726294132473343,""manifold_mass_median"":5.699909910362927,""manifold_mass_q90"":10.017294286875105,""projector_change_median"":0.18603115928013575,""projector_change_max"":0.5695948687497937,""objective"":227.93507097951647,""manifold_penalty"":1.4494949275658389,""cg_iterations"":96,""cg_relative_residual_max"":4.952479723289827e-16,""linear_iterations"":96,""linear_relative_residual_max"":4.952479723289827e-16,""dense_solves"":0,""pcg_solves"":0,""fallback_solves"":0},{""phase"":""scale"",""iteration"":1,""h"":1.3598782714542668,""h_manifold"":2.2964829637292796,""alpha"":0.6044713258743286,""alpha_manifold"":1.0,""function_edges"":1260,""manifold_edges"":230,""function_mass_q10"":12.30977812014386,""function_mass_min"":4.382685596517455,""function_mass_mean"":30.0000001454779,""function_mass_median"":25.5382513727388,""function_mass_q90"":51.38112052405279,""n_eff_q10"":16.847581280762082,""n_eff_min"":6.091633244551932,""n_eff_median"":35.42894004246567,""n_eff_q90"":71.18149498390395,""manifold_mass_q10"":2.726294132473343,""manifold_mass_median"":5.699909910362927,""manifold_mass_q90"":10.017294286875105,""projector_change_median"":0.18634461559378007,""projector_change_max"":0.7399090781814622,""objective"":277.9717824067794,""manifold_penalty"":1.840205640901622,""cg_iterations"":96,""cg_relative_residual_max"":7.2892508388137245e-16,""linear_iterations"":96,""linear_relative_residual_max"":7.2892508388137245e-16,""dense_solves"":0,""pcg_solves"":0,""fallback_solves"":0},{""phase"":""scale"",""iteration"":2,""h"":0.9615791473335527,""h_manifold"":2.2964829637292796,""alpha"":0.3581100404262543,""alpha_manifold"":1.0,""function_edges"":1209,""manifold_edges"":230,""function_mass_q10"":13.42847624334387,""function_mass_min"":4.660318562933044,""function_mass_mean"":30.000001406184676,""function_mass_median"":27.02438824757965,""function_mass_q90"":49.99792498465829,""n_eff_q10"":18.064529121768434,""n_eff_min"":7.206835793907319,""n_eff_median"":35.97350671059367,""n_eff_q90"":68.43851260577291,""manifold_mass_q10"":2.726294132473343,""manifold_mass_median"":5.699909910362927,""manifold_mass_q90"":10.017294286875105,""projector_change_median"":0.19312459556675088,""projector_change_max"":1.1998400668709723,""objective"":157.4909271806592,""manifold_penalty"":1.8621258484611107,""cg_iterations"":96,""cg_relative_residual_max"":1.2270509423294588e-14,""linear_iterations"":96,""linear_relative_residual_max"":1.2270509423294588e-14,""dense_solves"":0,""pcg_solves"":0,""fallback_solves"":0},{""phase"":""scale"",""iteration"":3,""h"":0.6799391357271333,""h_manifold"":2.2964829637292796,""alpha"":0.20365223288536072,""alpha_manifold"":1.0,""function_edges"":1158,""manifold_edges"":230,""function_mass_q10"":13.592580451243169,""function_mass_min"":5.024096769226006,""function_mass_mean"":30.000000938681122,""function_mass_median"":27.004029368609494,""function_mass_q90"":48.72477335602099,""n_eff_q10"":17.627486553217558,""n_eff_min"":5.695468373314314,""n_eff_median"":36.42243063715202,""n_eff_q90"":65.34473428458085,""manifold_mass_q10"":2.726294132473343,""manifold_mass_median"":5.699909910362927,""manifold_mass_q90"":10.017294286875105,""projector_change_median"":0.19185012444369604,""projector_change_max"":1.2576627212152918,""objective"":76.24783861538384,""manifold_penalty"":1.8835281833347963,""cg_iterations"":96,""cg_relative_residual_max"":1.5070847954946047e-14,""linear_iterations"":96,""linear_relative_residual_max"":1.5070847954946047e-14,""dense_solves"":0,""pcg_solves"":0,""fallback_solves"":0,""stop_reason"":""h_min""}]","{""converged"":true,""cg_iterations"":384,""cg_relative_residual_max"":1.5070847954946047e-14,""linear_iterations"":384,""linear_relative_residual_max"":1.5070847954946047e-14,""dense_solves"":0,""pcg_solves"":0,""fallback_solves"":0}"
diagnostic-manifold-base,"manifold: base, local parameter variants",2,"N_loc=30, N_phi=10, N_J=24, N_manifold=6, lambda_manifold=0.5, sync_steps=1",3,3,"{""beta"":4255376772,""features"":1229764143,""noise"":813326700,""centers"":2701065647,""directions"":3025337717,""init"":2424736837,""outliers"":408440574,""outlier_noise"":739910795,""gamma"":1682775850,""misspecification"":3107270422}",2424736837,ADP,0,240,True,4,60,1.0,0.0,0.05,manifold_radial,gaussian,gaussian,False,0.0,1.0,0.0,manifold,1,240,,1.0,False,,30,60,24,10,6,1,0.5,,,,10,,,,,,,,,"{""config"":{""seed"":42,""N_loc"":30,""N_lin"":60,""N_J"":24,""N_phi"":10,""lambda_penalty"":0.05,""local_ridge"":1e-08,""kernel"":""ADP.core.ADP_Config:epanechnikov"",""a"":1.4142135623730951,""h_min"":0.6454972243679028,""batch_size"":32,""index_init"":""local"",""estimator"":""new"",""direction_mode"":""auto"",""multi_tensor"":""orthogonal"",""select_step"":""best"",""center_displacement"":0.0,""training_set"":""all"",""redraw_directions"":true,""smart_weights"":false,""gpu"":false,""gpu_solver"":false},""solver_tol"":1e-06,""solver_max_steps"":3,""solver"":""cg"",""theta"":0.1,""trust_radius"":null,""lsmr_maxiter"":null,""cg_maxiter"":null,""manifold"":{""N_manifold"":6,""sync_steps"":1,""lambda_manifold"":0.5}}","{""seed"":2424736837,""N_loc"":30,""N_lin"":60,""N_J"":24,""N_phi"":10,""lambda_penalty"":0.05,""local_ridge"":1e-08,""kernel"":""ADP.core.ADP_Config:epanechnikov"",""a"":1.4142135623730951,""h_min"":0.6454972243679028,""batch_size"":32,""index_init"":""local"",""estimator"":""new"",""direction_mode"":""auto"",""multi_tensor"":""orthogonal"",""select_step"":""best"",""center_displacement"":0.0,""training_set"":""all"",""redraw_directions"":true,""smart_weights"":false,""gpu"":false,""gpu_solver"":false,""solver"":""cg"",""solver_tol"":1e-06,""solver_max_steps"":1,""theta"":null,""trust_radius"":null,""lsmr_maxiter"":null,""cg_maxiter"":null,""training_size"":240,""center_displacement_scale"":0.0,""N_manifold"":6,""sync_steps"":1,""lambda_manifold"":0.5}",success,,local_projector_distance,lower,True,False,False,converged_bad_quality,0.5136577504406742,,,0.5136577504406742,0.9503995688721596,71.87858919240992,,0.5136577504406742,[],0.23361764999935986,0.6446113586425781,3,h_min,2,86.50289134044169,0.6003571552988329,"[{""phase"":""sync"",""iteration"":0,""h"":1.7804316762554795,""h_manifold"":1.9944635143778515,""alpha"":1.0,""alpha_manifold"":1.0,""function_edges"":1268,""manifold_edges"":218,""function_mass_q10"":11.519891414465578,""function_mass_min"":7.612347477654269,""function_mass_mean"":30.000000000000004,""function_mass_median"":26.67245264879637,""function_mass_q90"":47.9532071397737,""n_eff_q10"":17.852143874249716,""n_eff_min"":10.733408361937276,""n_eff_median"":38.60432082336796,""n_eff_q90"":66.62564951135371,""manifold_mass_q10"":2.4636965800324506,""manifold_mass_median"":6.3404674752220505,""manifold_mass_q90"":9.608100287713269,""projector_change_median"":0.23701739189170457,""projector_change_max"":0.5621787965514742,""objective"":410.5390281462323,""manifold_penalty"":2.939949892987582,""cg_iterations"":96,""cg_relative_residual_max"":4.913586424043966e-16,""linear_iterations"":96,""linear_relative_residual_max"":4.913586424043966e-16,""dense_solves"":0,""pcg_solves"":0,""fallback_solves"":0},{""phase"":""scale"",""iteration"":1,""h"":1.2589553117195813,""h_manifold"":1.9944635143778515,""alpha"":0.6123300641775131,""alpha_manifold"":1.0,""function_edges"":1235,""manifold_edges"":218,""function_mass_q10"":10.260399728080316,""function_mass_min"":6.596098172950947,""function_mass_mean"":30.000001374324096,""function_mass_median"":27.790601641102086,""function_mass_q90"":49.76141868317807,""n_eff_q10"":14.260394979710231,""n_eff_min"":8.659937342847526,""n_eff_median"":39.130219563570975,""n_eff_q90"":68.875273671586,""manifold_mass_q10"":2.4636965800324506,""manifold_mass_median"":6.3404674752220505,""manifold_mass_q90"":9.608100287713269,""projector_change_median"":0.20947432941803515,""projector_change_max"":0.6979863470166927,""objective"":288.10330421969616,""manifold_penalty"":2.9533767601247862,""cg_iterations"":96,""cg_relative_residual_max"":5.4181505660794944e-15,""linear_iterations"":96,""linear_relative_residual_max"":5.4181505660794944e-15,""dense_solves"":0,""pcg_solves"":0,""fallback_solves"":0},{""phase"":""scale"",""iteration"":2,""h"":0.8902158381277396,""h_manifold"":1.9944635143778515,""alpha"":0.3658466637134552,""alpha_manifold"":1.0,""function_edges"":1203,""manifold_edges"":218,""function_mass_q10"":11.355106451296582,""function_mass_min"":6.034278326752744,""function_mass_mean"":30.000001094760695,""function_mass_median"":28.49520873451352,""function_mass_q90"":47.97447862419735,""n_eff_q10"":15.012757223364172,""n_eff_min"":7.516033078971145,""n_eff_median"":40.61654606276191,""n_eff_q90"":65.2047054951348,""manifold_mass_q10"":2.4636965800324506,""manifold_mass_median"":6.3404674752220505,""manifold_mass_q90"":9.608100287713269,""projector_change_median"":0.15083793486739494,""projector_change_max"":0.7422912646527926,""objective"":158.93561982894397,""manifold_penalty"":2.8521196372218416,""cg_iterations"":96,""cg_relative_residual_max"":1.142284101305465e-14,""linear_iterations"":96,""linear_relative_residual_max"":1.142284101305465e-14,""dense_solves"":0,""pcg_solves"":0,""fallback_solves"":0,""stop_reason"":""h_min""}]","{""converged"":true,""cg_iterations"":288,""cg_relative_residual_max"":1.142284101305465e-14,""linear_iterations"":288,""linear_relative_residual_max"":1.142284101305465e-14,""dense_solves"":0,""pcg_solves"":0,""fallback_solves"":0}"
diagnostic-manifold-base,"manifold: base, local parameter variants",2,"N_loc=30, N_phi=10, N_J=24, N_manifold=6, lambda_manifold=0.5, sync_steps=1",4,4,"{""beta"":2626536110,""features"":227981437,""noise"":1989028013,""centers"":4205761707,""directions"":1746734398,""init"":3699691919,""outliers"":1937795235,""outlier_noise"":1205558110,""gamma"":3432378550,""misspecification"":592425380}",3699691919,ADP,0,240,True,4,60,1.0,0.0,0.05,manifold_radial,gaussian,gaussian,False,0.0,1.0,0.0,manifold,1,240,,1.0,False,,30,60,24,10,6,1,0.5,,,,10,,,,,,,,,"{""config"":{""seed"":42,""N_loc"":30,""N_lin"":60,""N_J"":24,""N_phi"":10,""lambda_penalty"":0.05,""local_ridge"":1e-08,""kernel"":""ADP.core.ADP_Config:epanechnikov"",""a"":1.4142135623730951,""h_min"":0.6454972243679028,""batch_size"":32,""index_init"":""local"",""estimator"":""new"",""direction_mode"":""auto"",""multi_tensor"":""orthogonal"",""select_step"":""best"",""center_displacement"":0.0,""training_set"":""all"",""redraw_directions"":true,""smart_weights"":false,""gpu"":false,""gpu_solver"":false},""solver_tol"":1e-06,""solver_max_steps"":3,""solver"":""cg"",""theta"":0.1,""trust_radius"":null,""lsmr_maxiter"":null,""cg_maxiter"":null,""manifold"":{""N_manifold"":6,""sync_steps"":1,""lambda_manifold"":0.5}}","{""seed"":3699691919,""N_loc"":30,""N_lin"":60,""N_J"":24,""N_phi"":10,""lambda_penalty"":0.05,""local_ridge"":1e-08,""kernel"":""ADP.core.ADP_Config:epanechnikov"",""a"":1.4142135623730951,""h_min"":0.6454972243679028,""batch_size"":32,""index_init"":""local"",""estimator"":""new"",""direction_mode"":""auto"",""multi_tensor"":""orthogonal"",""select_step"":""best"",""center_displacement"":0.0,""training_set"":""all"",""redraw_directions"":true,""smart_weights"":false,""gpu"":false,""gpu_solver"":false,""solver"":""cg"",""solver_tol"":1e-06,""solver_max_steps"":1,""theta"":null,""trust_radius"":null,""lsmr_maxiter"":null,""cg_maxiter"":null,""training_size"":240,""center_displacement_scale"":0.0,""N_manifold"":6,""sync_steps"":1,""lambda_manifold"":0.5}",success,,local_projector_distance,lower,True,False,False,converged_bad_quality,0.5048606169900243,,,0.5048606169900243,0.9857566279808699,80.31809370013109,,0.5048606169900243,[],0.238966970002366,0.6453628540039062,3,h_min,2,132.3181864424016,0.7425131492730214,"[{""phase"":""sync"",""iteration"":0,""h"":1.806651603118407,""h_manifold"":2.1604969536640666,""alpha"":1.0,""alpha_manifold"":1.0,""function_edges"":1286,""manifold_edges"":228,""function_mass_q10"":8.793331428543938,""function_mass_min"":2.3360228788488087,""function_mass_mean"":30.0,""function_mass_median"":29.243254419329034,""function_mass_q90"":52.14148013001957,""n_eff_q10"":11.947698301145564,""n_eff_min"":3.3979682517080483,""n_eff_median"":41.72778253693611,""n_eff_q90"":71.68757839634483,""manifold_mass_q10"":2.5099531718011123,""manifold_mass_median"":6.252258040882965,""manifold_mass_q90"":9.291508735236668,""projector_change_median"":0.2434580273923318,""projector_change_max"":0.39682876342950746,""objective"":137.41281775526068,""manifold_penalty"":2.269793929822372,""cg_iterations"":96,""cg_relative_residual_max"":3.160555165726511e-16,""linear_iterations"":96,""linear_relative_residual_max"":3.160555165726511e-16,""dense_solves"":0,""pcg_solves"":0,""fallback_solves"":0},{""phase"":""scale"",""iteration"":1,""h"":1.2774955998065727,""h_manifold"":2.1604969536640666,""alpha"":0.6192543059587479,""alpha_manifold"":1.0,""function_edges"":1262,""manifold_edges"":228,""function_mass_q10"":8.73394739760689,""function_mass_min"":1.6403111084471624,""function_mass_mean"":30.00000117666907,""function_mass_median"":29.111980912098318,""function_mass_q90"":52.2112434210455,""n_eff_q10"":11.497181351074914,""n_eff_min"":1.955156356895576,""n_eff_median"":41.83544434301049,""n_eff_q90"":69.59397456432966,""manifold_mass_q10"":2.5099531718011123,""manifold_mass_median"":6.252258040882965,""manifold_mass_q90"":9.291508735236668,""projector_change_median"":0.12529819275063103,""projector_change_max"":0.2841543833459926,""objective"":108.03841763698397,""manifold_penalty"":2.0276967734594464,""cg_iterations"":96,""cg_relative_residual_max"":2.3297271393675256e-13,""linear_iterations"":96,""linear_relative_residual_max"":2.3297271393675256e-13,""dense_solves"":0,""pcg_solves"":0,""fallback_solves"":0},{""phase"":""scale"",""iteration"":2,""h"":0.9033258015592034,""h_manifold"":2.1604969536640666,""alpha"":0.37527480721473694,""alpha_manifold"":1.0,""function_edges"":1225,""manifold_edges"":228,""function_mass_q10"":7.990423886977107,""function_mass_min"":1.396624935471423,""function_mass_mean"":30.000001490662893,""function_mass_median"":30.62728774778342,""function_mass_q90"":52.039892297669226,""n_eff_q10"":10.588722818025376,""n_eff_min"":1.6854247806197542,""n_eff_median"":41.20556255640904,""n_eff_q90"":69.93873782910241,""manifold_mass_q10"":2.5099531718011123,""manifold_mass_median"":6.252258040882965,""manifold_mass_q90"":9.291508735236668,""projector_change_median"":0.15496077285774992,""projector_change_max"":0.4088734238352475,""objective"":71.52649708953665,""manifold_penalty"":1.8013898598629083,""cg_iterations"":96,""cg_relative_residual_max"":3.45534679235724e-13,""linear_iterations"":96,""linear_relative_residual_max"":3.45534679235724e-13,""dense_solves"":0,""pcg_solves"":0,""fallback_solves"":0,""stop_reason"":""h_min""}]","{""converged"":true,""cg_iterations"":288,""cg_relative_residual_max"":3.45534679235724e-13,""linear_iterations"":288,""linear_relative_residual_max"":3.45534679235724e-13,""dense_solves"":0,""pcg_solves"":0,""fallback_solves"":0}"
diagnostic-manifold-base,"manifold: base, local parameter variants",2,"N_loc=30, N_phi=10, N_J=24, N_manifold=6, lambda_manifold=0.5, sync_steps=1",5,5,"{""beta"":2591981369,""features"":3757986669,""noise"":654094259,""centers"":1360362612,""directions"":622664474,""init"":3202134607,""outliers"":2238804734,""outlier_noise"":1028591118,""gamma"":691848187,""misspecification"":854566012}",3202134607,ADP,0,240,True,4,60,1.0,0.0,0.05,manifold_radial,gaussian,gaussian,False,0.0,1.0,0.0,manifold,1,240,,1.0,False,,30,60,24,10,6,1,0.5,,,,10,,,,,,,,,"{""config"":{""seed"":42,""N_loc"":30,""N_lin"":60,""N_J"":24,""N_phi"":10,""lambda_penalty"":0.05,""local_ridge"":1e-08,""kernel"":""ADP.core.ADP_Config:epanechnikov"",""a"":1.4142135623730951,""h_min"":0.6454972243679028,""batch_size"":32,""index_init"":""local"",""estimator"":""new"",""direction_mode"":""auto"",""multi_tensor"":""orthogonal"",""select_step"":""best"",""center_displacement"":0.0,""training_set"":""all"",""redraw_directions"":true,""smart_weights"":false,""gpu"":false,""gpu_solver"":false},""solver_tol"":1e-06,""solver_max_steps"":3,""solver"":""cg"",""theta"":0.1,""trust_radius"":null,""lsmr_maxiter"":null,""cg_maxiter"":null,""manifold"":{""N_manifold"":6,""sync_steps"":1,""lambda_manifold"":0.5}}","{""seed"":3202134607,""N_loc"":30,""N_lin"":60,""N_J"":24,""N_phi"":10,""lambda_penalty"":0.05,""local_ridge"":1e-08,""kernel"":""ADP.core.ADP_Config:epanechnikov"",""a"":1.4142135623730951,""h_min"":0.6454972243679028,""batch_size"":32,""index_init"":""local"",""estimator"":""new"",""direction_mode"":""auto"",""multi_tensor"":""orthogonal"",""select_step"":""best"",""center_displacement"":0.0,""training_set"":""all"",""redraw_directions"":true,""smart_weights"":false,""gpu"":false,""gpu_solver"":false,""solver"":""cg"",""solver_tol"":1e-06,""solver_max_steps"":1,""theta"":null,""trust_radius"":null,""lsmr_maxiter"":null,""cg_maxiter"":null,""training_size"":240,""center_displacement_scale"":0.0,""N_manifold"":6,""sync_steps"":1,""lambda_manifold"":0.5}",success,,local_projector_distance,lower,True,False,False,converged_bad_quality,0.40506206253411825,,,0.40506206253411825,0.966559945889877,75.14102538984763,,0.40506206253411825,[],0.2387529679981526,0.6452865600585938,3,h_min,2,71.27216059536782,0.5449470945092125,"[{""phase"":""sync"",""iteration"":0,""h"":1.736446112096077,""h_manifold"":2.023479827523628,""alpha"":1.0,""alpha_manifold"":1.0,""function_edges"":1287,""manifold_edges"":228,""function_mass_q10"":7.503325085636956,""function_mass_min"":4.136681881490749,""function_mass_mean"":30.00000000000001,""function_mass_median"":30.55291530254751,""function_mass_q90"":54.29778904663939,""n_eff_q10"":11.176724478144514,""n_eff_min"":5.6972666816488715,""n_eff_median"":43.06151218966072,""n_eff_q90"":75.9354786567866,""manifold_mass_q10"":1.823202274632939,""manifold_mass_median"":5.914967817664943,""manifold_mass_q90"":9.33904997901202,""projector_change_median"":0.17001430781877497,""projector_change_max"":0.3527427826819271,""objective"":264.4525432597927,""manifold_penalty"":2.4491859308366575,""cg_iterations"":96,""cg_relative_residual_max"":4.2281526365185145e-16,""linear_iterations"":96,""linear_relative_residual_max"":4.2281526365185145e-16,""dense_solves"":0,""pcg_solves"":0,""fallback_solves"":0},{""phase"":""scale"",""iteration"":1,""h"":1.2278528210281519,""h_manifold"":2.023479827523628,""alpha"":0.6088172644376755,""alpha_manifold"":1.0,""function_edges"":1224,""manifold_edges"":228,""function_mass_q10"":5.554742322219373,""function_mass_min"":2.4207043253184617,""function_mass_mean"":30.000000850277598,""function_mass_median"":29.515249481728098,""function_mass_q90"":55.18373102264799,""n_eff_q10"":7.756405444979139,""n_eff_min"":3.3728709187062944,""n_eff_median"":41.77079208168685,""n_eff_q90"":74.84317731781422,""manifold_mass_q10"":1.823202274632939,""manifold_mass_median"":5.914967817664943,""manifold_mass_q90"":9.33904997901202,""projector_change_median"":0.16335052446451787,""projector_change_max"":0.5242994027591217,""objective"":259.8799310229651,""manifold_penalty"":2.7740235442981556,""cg_iterations"":96,""cg_relative_residual_max"":6.502165234041361e-16,""linear_iterations"":96,""linear_relative_residual_max"":6.502165234041361e-16,""dense_solves"":0,""pcg_solves"":0,""fallback_solves"":0},{""phase"":""scale"",""iteration"":2,""h"":0.8682230560480384,""h_manifold"":2.023479827523628,""alpha"":0.35894978046417236,""alpha_manifold"":1.0,""function_edges"":1213,""manifold_edges"":228,""function_mass_q10"":4.379035505558623,""function_mass_min"":1.2638900650715228,""function_mass_mean"":30.000000522981143,""function_mass_median"":28.286229048834308,""function_mass_q90"":56.240367854946435,""n_eff_q10"":6.08438396755197,""n_eff_min"":1.5422905117285488,""n_eff_median"":39.41434439253972,""n_eff_q90"":74.39424019757112,""manifold_mass_q10"":1.823202274632939,""manifold_mass_median"":5.914967817664943,""manifold_mass_q90"":9.33904997901202,""projector_change_median"":0.11685079796919744,""projector_change_max"":0.29504489409123597,""objective"":122.61394051533713,""manifold_penalty"":2.7061548405770255,""cg_iterations"":96,""cg_relative_residual_max"":1.8633494547004323e-15,""linear_iterations"":96,""linear_relative_residual_max"":1.8633494547004323e-15,""dense_solves"":0,""pcg_solves"":0,""fallback_solves"":0,""stop_reason"":""h_min""}]","{""converged"":true,""cg_iterations"":288,""cg_relative_residual_max"":1.8633494547004323e-15,""linear_iterations"":288,""linear_relative_residual_max"":1.8633494547004323e-15,""dense_solves"":0,""pcg_solves"":0,""fallback_solves"":0}"
diagnostic-manifold-base,"manifold: base, local parameter variants",2,"N_loc=30, N_phi=10, N_J=24, N_manifold=6, lambda_manifold=0.5, sync_steps=1",6,6,"{""beta"":2649590584,""features"":3993099560,""noise"":1760850090,""centers"":1235842596,""directions"":516648510,""init"":1329562486,""outliers"":4220703868,""outlier_noise"":3112353199,""gamma"":697337733,""misspecification"":2423010501}",1329562486,ADP,0,240,True,4,60,1.0,0.0,0.05,manifold_radial,gaussian,gaussian,False,0.0,1.0,0.0,manifold,1,240,,1.0,False,,30,60,24,10,6,1,0.5,,,,10,,,,,,,,,"{""config"":{""seed"":42,""N_loc"":30,""N_lin"":60,""N_J"":24,""N_phi"":10,""lambda_penalty"":0.05,""local_ridge"":1e-08,""kernel"":""ADP.core.ADP_Config:epanechnikov"",""a"":1.4142135623730951,""h_min"":0.6454972243679028,""batch_size"":32,""index_init"":""local"",""estimator"":""new"",""direction_mode"":""auto"",""multi_tensor"":""orthogonal"",""select_step"":""best"",""center_displacement"":0.0,""training_set"":""all"",""redraw_directions"":true,""smart_weights"":false,""gpu"":false,""gpu_solver"":false},""solver_tol"":1e-06,""solver_max_steps"":3,""solver"":""cg"",""theta"":0.1,""trust_radius"":null,""lsmr_maxiter"":null,""cg_maxiter"":null,""manifold"":{""N_manifold"":6,""sync_steps"":1,""lambda_manifold"":0.5}}",,numerical_failure,"RuntimeError: rank-deficient local slope for target 14: rank=0, required=1; increase N_phi or N_loc",local_projector_distance,lower,False,,False,numerical_failure,,,,,,,,,,,,,,,,,,
diagnostic-manifold-base,"manifold: base, local parameter variants",2,"N_loc=30, N_phi=10, N_J=24, N_manifold=6, lambda_manifold=0.5, sync_steps=1",7,7,"{""beta"":1192128109,""features"":4203467630,""noise"":955820423,""centers"":264639041,""directions"":1237972010,""init"":2645466379,""outliers"":2165193105,""outlier_noise"":627906730,""gamma"":548357580,""misspecification"":1960086769}",2645466379,ADP,0,240,True,4,60,1.0,0.0,0.05,manifold_radial,gaussian,gaussian,False,0.0,1.0,0.0,manifold,1,240,,1.0,False,,30,60,24,10,6,1,0.5,,,,10,,,,,,,,,"{""config"":{""seed"":42,""N_loc"":30,""N_lin"":60,""N_J"":24,""N_phi"":10,""lambda_penalty"":0.05,""local_ridge"":1e-08,""kernel"":""ADP.core.ADP_Config:epanechnikov"",""a"":1.4142135623730951,""h_min"":0.6454972243679028,""batch_size"":32,""index_init"":""local"",""estimator"":""new"",""direction_mode"":""auto"",""multi_tensor"":""orthogonal"",""select_step"":""best"",""center_displacement"":0.0,""training_set"":""all"",""redraw_directions"":true,""smart_weights"":false,""gpu"":false,""gpu_solver"":false},""solver_tol"":1e-06,""solver_max_steps"":3,""solver"":""cg"",""theta"":0.1,""trust_radius"":null,""lsmr_maxiter"":null,""cg_maxiter"":null,""manifold"":{""N_manifold"":6,""sync_steps"":1,""lambda_manifold"":0.5}}","{""seed"":2645466379,""N_loc"":30,""N_lin"":60,""N_J"":24,""N_phi"":10,""lambda_penalty"":0.05,""local_ridge"":1e-08,""kernel"":""ADP.core.ADP_Config:epanechnikov"",""a"":1.4142135623730951,""h_min"":0.6454972243679028,""batch_size"":32,""index_init"":""local"",""estimator"":""new"",""direction_mode"":""auto"",""multi_tensor"":""orthogonal"",""select_step"":""best"",""center_displacement"":0.0,""training_set"":""all"",""redraw_directions"":true,""smart_weights"":false,""gpu"":false,""gpu_solver"":false,""solver"":""cg"",""solver_tol"":1e-06,""solver_max_steps"":1,""theta"":null,""trust_radius"":null,""lsmr_maxiter"":null,""cg_maxiter"":null,""training_size"":240,""center_displacement_scale"":0.0,""N_manifold"":6,""sync_steps"":1,""lambda_manifold"":0.5}",success,,local_projector_distance,lower,True,False,False,converged_bad_quality,0.503331912880333,,,0.503331912880333,0.992464282359905,82.96161460966579,,0.503331912880333,[],0.3033724480010278,0.6459407806396484,4,h_min,3,67.82729037624888,0.5316142491516165,"[{""phase"":""sync"",""iteration"":0,""h"":1.8863999389661592,""h_manifold"":2.318630167001127,""alpha"":1.0,""alpha_manifold"":1.0,""function_edges"":1260,""manifold_edges"":222,""function_mass_q10"":8.54026669464853,""function_mass_min"":3.9433075401283704,""function_mass_mean"":30.000000000000004,""function_mass_median"":26.400310698811044,""function_mass_q90"":58.49527366546528,""n_eff_q10"":11.985322000591406,""n_eff_min"":5.309202547373153,""n_eff_median"":37.78688406746319,""n_eff_q90"":79.78916566094341,""manifold_mass_q10"":1.830223105002875,""manifold_mass_median"":4.7967295617560115,""manifold_mass_q90"":9.882372587920091,""projector_change_median"":0.15893915194708447,""projector_change_max"":0.41986394766246143,""objective"":182.41851572651197,""manifold_penalty"":1.1207023363611888,""cg_iterations"":96,""cg_relative_residual_max"":3.9250769345825134e-16,""linear_iterations"":96,""linear_relative_residual_max"":3.9250769345825134e-16,""dense_solves"":0,""pcg_solves"":0,""fallback_solves"":0},{""phase"":""scale"",""iteration"":1,""h"":1.3338861888728604,""h_manifold"":2.318630167001127,""alpha"":0.6008183658123016,""alpha_manifold"":1.0,""function_edges"":1234,""manifold_edges"":222,""function_mass_q10"":8.040598703619843,""function_mass_min"":3.170038628400345,""function_mass_mean"":30.000000628482155,""function_mass_median"":23.964909758447178,""function_mass_q90"":60.37364712661281,""n_eff_q10"":11.788839342012889,""n_eff_min"":5.182294227819505,""n_eff_median"":34.44459725907543,""n_eff_q90"":79.55993199494655,""manifold_mass_q10"":1.830223105002875,""manifold_mass_median"":4.7967295617560115,""manifold_mass_q90"":9.882372587920091,""projector_change_median"":0.22056416605828816,""projector_change_max"":0.5973872390138272,""objective"":186.30920021569386,""manifold_penalty"":1.3103833149919837,""cg_iterations"":96,""cg_relative_residual_max"":5.123356593825967e-16,""linear_iterations"":96,""linear_relative_residual_max"":5.123356593825967e-16,""dense_solves"":0,""pcg_solves"":0,""fallback_solves"":0},{""phase"":""scale"",""iteration"":2,""h"":0.9431999694830794,""h_manifold"":2.318630167001127,""alpha"":0.3543793112039566,""alpha_manifold"":1.0,""function_edges"":1155,""manifold_edges"":222,""function_mass_q10"":7.56874213491459,""function_mass_min"":2.935327407198245,""function_mass_mean"":30.000001145243345,""function_mass_median"":22.144273988006482,""function_mass_q90"":60.01483254438067,""n_eff_q10"":9.807779831155027,""n_eff_min"":4.246943322230948,""n_eff_median"":30.06089174811719,""n_eff_q90"":77.98651449303122,""manifold_mass_q10"":1.830223105002875,""manifold_mass_median"":4.7967295617560115,""manifold_mass_q90"":9.882372587920091,""projector_change_median"":0.10069493427589156,""projector_change_max"":0.9223635911266892,""objective"":160.26482803218605,""manifold_penalty"":1.4762225043340678,""cg_iterations"":96,""cg_relative_residual_max"":1.721476013719075e-13,""linear_iterations"":96,""linear_relative_residual_max"":1.721476013719075e-13,""dense_solves"":0,""pcg_solves"":0,""fallback_solves"":0},{""phase"":""scale"",""iteration"":3,""h"":0.6669430944364301,""h_manifold"":2.318630167001127,""alpha"":0.19140362739562988,""alpha_manifold"":1.0,""function_edges"":1057,""manifold_edges"":222,""function_mass_q10"":7.522243621147659,""function_mass_min"":4.452952433495513,""function_mass_mean"":30.000000738843,""function_mass_median"":23.760050282951582,""function_mass_q90"":58.357700844161386,""n_eff_q10"":8.66255128735192,""n_eff_min"":6.59829083753572,""n_eff_median"":30.61090417625028,""n_eff_q90"":74.08612386912041,""manifold_mass_q10"":1.830223105002875,""manifold_mass_median"":4.7967295617560115,""manifold_mass_q90"":9.882372587920091,""projector_change_median"":0.09886885994743434,""projector_change_max"":1.3770227526649073,""objective"":81.86701012368232,""manifold_penalty"":1.2364680144773463,""cg_iterations"":96,""cg_relative_residual_max"":3.751962872215243e-13,""linear_iterations"":96,""linear_relative_residual_max"":3.751962872215243e-13,""dense_solves"":0,""pcg_solves"":0,""fallback_solves"":0,""stop_reason"":""h_min""}]","{""converged"":true,""cg_iterations"":384,""cg_relative_residual_max"":3.751962872215243e-13,""linear_iterations"":384,""linear_relative_residual_max"":3.751962872215243e-13,""dense_solves"":0,""pcg_solves"":0,""fallback_solves"":0}"
diagnostic-manifold-base,"manifold: base, local parameter variants",2,"N_loc=30, N_phi=10, N_J=24, N_manifold=6, lambda_manifold=0.5, sync_steps=1",8,8,"{""beta"":1609080203,""features"":2594376887,""noise"":1918940653,""centers"":2936154285,""directions"":3848134078,""init"":3430508477,""outliers"":639789839,""outlier_noise"":2784368537,""gamma"":1561447794,""misspecification"":244015551}",3430508477,ADP,0,240,True,4,60,1.0,0.0,0.05,manifold_radial,gaussian,gaussian,False,0.0,1.0,0.0,manifold,1,240,,1.0,False,,30,60,24,10,6,1,0.5,,,,10,,,,,,,,,"{""config"":{""seed"":42,""N_loc"":30,""N_lin"":60,""N_J"":24,""N_phi"":10,""lambda_penalty"":0.05,""local_ridge"":1e-08,""kernel"":""ADP.core.ADP_Config:epanechnikov"",""a"":1.4142135623730951,""h_min"":0.6454972243679028,""batch_size"":32,""index_init"":""local"",""estimator"":""new"",""direction_mode"":""auto"",""multi_tensor"":""orthogonal"",""select_step"":""best"",""center_displacement"":0.0,""training_set"":""all"",""redraw_directions"":true,""smart_weights"":false,""gpu"":false,""gpu_solver"":false},""solver_tol"":1e-06,""solver_max_steps"":3,""solver"":""cg"",""theta"":0.1,""trust_radius"":null,""lsmr_maxiter"":null,""cg_maxiter"":null,""manifold"":{""N_manifold"":6,""sync_steps"":1,""lambda_manifold"":0.5}}",,numerical_failure,"RuntimeError: rank-deficient local slope for target 9: rank=0, required=1; increase N_phi or N_loc",local_projector_distance,lower,False,,False,numerical_failure,,,,,,,,,,,,,,,,,,
diagnostic-manifold-base,"manifold: base, local parameter variants",2,"N_loc=30, N_phi=10, N_J=24, N_manifold=6, lambda_manifold=0.5, sync_steps=1",9,9,"{""beta"":2952143991,""features"":2627908462,""noise"":3029906209,""centers"":3185039825,""directions"":4246493789,""init"":3554362247,""outliers"":280476494,""outlier_noise"":3164107022,""gamma"":1298903658,""misspecification"":3020752865}",3554362247,ADP,0,240,True,4,60,1.0,0.0,0.05,manifold_radial,gaussian,gaussian,False,0.0,1.0,0.0,manifold,1,240,,1.0,False,,30,60,24,10,6,1,0.5,,,,10,,,,,,,,,"{""config"":{""seed"":42,""N_loc"":30,""N_lin"":60,""N_J"":24,""N_phi"":10,""lambda_penalty"":0.05,""local_ridge"":1e-08,""kernel"":""ADP.core.ADP_Config:epanechnikov"",""a"":1.4142135623730951,""h_min"":0.6454972243679028,""batch_size"":32,""index_init"":""local"",""estimator"":""new"",""direction_mode"":""auto"",""multi_tensor"":""orthogonal"",""select_step"":""best"",""center_displacement"":0.0,""training_set"":""all"",""redraw_directions"":true,""smart_weights"":false,""gpu"":false,""gpu_solver"":false},""solver_tol"":1e-06,""solver_max_steps"":3,""solver"":""cg"",""theta"":0.1,""trust_radius"":null,""lsmr_maxiter"":null,""cg_maxiter"":null,""manifold"":{""N_manifold"":6,""sync_steps"":1,""lambda_manifold"":0.5}}","{""seed"":3554362247,""N_loc"":30,""N_lin"":60,""N_J"":24,""N_phi"":10,""lambda_penalty"":0.05,""local_ridge"":1e-08,""kernel"":""ADP.core.ADP_Config:epanechnikov"",""a"":1.4142135623730951,""h_min"":0.6454972243679028,""batch_size"":32,""index_init"":""local"",""estimator"":""new"",""direction_mode"":""auto"",""multi_tensor"":""orthogonal"",""select_step"":""best"",""center_displacement"":0.0,""training_set"":""all"",""redraw_directions"":true,""smart_weights"":false,""gpu"":false,""gpu_solver"":false,""solver"":""cg"",""solver_tol"":1e-06,""solver_max_steps"":1,""theta"":null,""trust_radius"":null,""lsmr_maxiter"":null,""cg_maxiter"":null,""training_size"":240,""center_displacement_scale"":0.0,""N_manifold"":6,""sync_steps"":1,""lambda_manifold"":0.5}",success,,local_projector_distance,lower,True,False,False,converged_bad_quality,0.4397146238380912,,,0.4397146238380912,0.9607668316930654,73.89745426047591,,0.4397146238380912,[],0.3078649500021129,0.6462726593017578,4,h_min,3,87.48575538564553,0.6037582138352431,"[{""phase"":""sync"",""iteration"":0,""h"":1.937348429742372,""h_manifold"":2.505518186327478,""alpha"":1.0,""alpha_manifold"":1.0,""function_edges"":1300,""manifold_edges"":244,""function_mass_q10"":6.387648947234103,""function_mass_min"":1.7684417276699174,""function_mass_mean"":30.0,""function_mass_median"":22.002452066460513,""function_mass_q90"":56.63785607200972,""n_eff_q10"":9.1297288193212,""n_eff_min"":2.200052235916561,""n_eff_median"":32.65050503924842,""n_eff_q90"":75.72430271402293,""manifold_mass_q10"":2.3420718293398464,""manifold_mass_median"":5.404220489793844,""manifold_mass_q90"":9.479941700597726,""projector_change_median"":0.14333550731769826,""projector_change_max"":0.5167174814992529,""objective"":214.68110262652215,""manifold_penalty"":2.667741758119525,""cg_iterations"":96,""cg_relative_residual_max"":3.399406742483071e-16,""linear_iterations"":96,""linear_relative_residual_max"":3.399406742483071e-16,""dense_solves"":0,""pcg_solves"":0,""fallback_solves"":0},{""phase"":""scale"",""iteration"":1,""h"":1.3699122121919407,""h_manifold"":2.505518186327478,""alpha"":0.6064749658107758,""alpha_manifold"":1.0,""function_edges"":1237,""manifold_edges"":244,""function_mass_q10"":5.318869899218957,""function_mass_min"":1.957285685926076,""function_mass_mean"":30.00000055017672,""function_mass_median"":25.194349565808658,""function_mass_q90"":56.55200637138823,""n_eff_q10"":7.514489534452942,""n_eff_min"":2.5906702869868714,""n_eff_median"":35.84587783355781,""n_eff_q90"":74.65713946302539,""manifold_mass_q10"":2.3420718293398464,""manifold_mass_median"":5.404220489793844,""manifold_mass_q90"":9.479941700597726,""projector_change_median"":0.1397619502455093,""projector_change_max"":0.3143544983316914,""objective"":195.06473016393278,""manifold_penalty"":2.5145872201514123,""cg_iterations"":96,""cg_relative_residual_max"":5.323879457434336e-16,""linear_iterations"":96,""linear_relative_residual_max"":5.323879457434336e-16,""dense_solves"":0,""pcg_solves"":0,""fallback_solves"":0},{""phase"":""scale"",""iteration"":2,""h"":0.9686742148711858,""h_manifold"":2.505518186327478,""alpha"":0.36028560996055603,""alpha_manifold"":1.0,""function_edges"":1179,""manifold_edges"":244,""function_mass_q10"":4.174760519966525,""function_mass_min"":1.6543570952436233,""function_mass_mean"":30.00000118497508,""function_mass_median"":28.502754566076405,""function_mass_q90"":56.93932139871163,""n_eff_q10"":5.346156785336893,""n_eff_min"":1.9163489551401987,""n_eff_median"":39.784308905782915,""n_eff_q90"":76.43485413045717,""manifold_mass_q10"":2.3420718293398464,""manifold_mass_median"":5.404220489793844,""manifold_mass_q90"":9.479941700597726,""projector_change_median"":0.12432601286495973,""projector_change_max"":0.7923609799885886,""objective"":157.50287250903125,""manifold_penalty"":2.513365776424945,""cg_iterations"":96,""cg_relative_residual_max"":6.169858675216659e-15,""linear_iterations"":96,""linear_relative_residual_max"":6.169858675216659e-15,""dense_solves"":0,""pcg_solves"":0,""fallback_solves"":0},{""phase"":""scale"",""iteration"":3,""h"":0.6849561060959702,""h_manifold"":2.505518186327478,""alpha"":0.2026737630367279,""alpha_manifold"":1.0,""function_edges"":1112,""manifold_edges"":244,""function_mass_q10"":3.6635348044412512,""function_mass_min"":1.7147704306710754,""function_mass_mean"":30.000001535694356,""function_mass_median"":27.76348013216663,""function_mass_q90"":60.27132994672116,""n_eff_q10"":4.543052540253888,""n_eff_min"":1.9888578578012492,""n_eff_median"":35.706655675065804,""n_eff_q90"":76.40322900742451,""manifold_mass_q10"":2.3420718293398464,""manifold_mass_median"":5.404220489793844,""manifold_mass_q90"":9.479941700597726,""projector_change_median"":0.11512709494715773,""projector_change_max"":0.49848036685740194,""objective"":144.7545126068119,""manifold_penalty"":2.6926696905867575,""cg_iterations"":96,""cg_relative_residual_max"":6.643130035268974e-13,""linear_iterations"":96,""linear_relative_residual_max"":6.643130035268974e-13,""dense_solves"":0,""pcg_solves"":0,""fallback_solves"":0,""stop_reason"":""h_min""}]","{""converged"":true,""cg_iterations"":384,""cg_relative_residual_max"":6.643130035268974e-13,""linear_iterations"":384,""linear_relative_residual_max"":6.643130035268974e-13,""dense_solves"":0,""pcg_solves"":0,""fallback_solves"":0}"
diagnostic-manifold-base,"manifold: base, local parameter variants",2,"N_loc=30, N_phi=10, N_J=24, N_manifold=6, lambda_manifold=0.5, sync_steps=1",10,10,"{""beta"":2986142371,""features"":946643688,""noise"":1178448990,""centers"":4266290743,""directions"":2060725515,""init"":2568546636,""outliers"":892251341,""outlier_noise"":2365362817,""gamma"":3229695262,""misspecification"":1326227304}",2568546636,ADP,0,240,True,4,60,1.0,0.0,0.05,manifold_radial,gaussian,gaussian,False,0.0,1.0,0.0,manifold,1,240,,1.0,False,,30,60,24,10,6,1,0.5,,,,10,,,,,,,,,"{""config"":{""seed"":42,""N_loc"":30,""N_lin"":60,""N_J"":24,""N_phi"":10,""lambda_penalty"":0.05,""local_ridge"":1e-08,""kernel"":""ADP.core.ADP_Config:epanechnikov"",""a"":1.4142135623730951,""h_min"":0.6454972243679028,""batch_size"":32,""index_init"":""local"",""estimator"":""new"",""direction_mode"":""auto"",""multi_tensor"":""orthogonal"",""select_step"":""best"",""center_displacement"":0.0,""training_set"":""all"",""redraw_directions"":true,""smart_weights"":false,""gpu"":false,""gpu_solver"":false},""solver_tol"":1e-06,""solver_max_steps"":3,""solver"":""cg"",""theta"":0.1,""trust_radius"":null,""lsmr_maxiter"":null,""cg_maxiter"":null,""manifold"":{""N_manifold"":6,""sync_steps"":1,""lambda_manifold"":0.5}}","{""seed"":2568546636,""N_loc"":30,""N_lin"":60,""N_J"":24,""N_phi"":10,""lambda_penalty"":0.05,""local_ridge"":1e-08,""kernel"":""ADP.core.ADP_Config:epanechnikov"",""a"":1.4142135623730951,""h_min"":0.6454972243679028,""batch_size"":32,""index_init"":""local"",""estimator"":""new"",""direction_mode"":""auto"",""multi_tensor"":""orthogonal"",""select_step"":""best"",""center_displacement"":0.0,""training_set"":""all"",""redraw_directions"":true,""smart_weights"":false,""gpu"":false,""gpu_solver"":false,""solver"":""cg"",""solver_tol"":1e-06,""solver_max_steps"":1,""theta"":null,""trust_radius"":null,""lsmr_maxiter"":null,""cg_maxiter"":null,""training_size"":240,""center_displacement_scale"":0.0,""N_manifold"":6,""sync_steps"":1,""lambda_manifold"":0.5}",success,,local_projector_distance,lower,True,False,False,converged_bad_quality,0.5069854202942737,,,0.5069854202942737,0.9988307163660739,87.22897851789435,,0.5069854202942737,[],0.30519430600179476,0.6461067199707031,4,h_min,3,102.79072858643389,0.6544422835082361,"[{""phase"":""sync"",""iteration"":0,""h"":1.9223971078427915,""h_manifold"":2.297981403041594,""alpha"":1.0,""alpha_manifold"":1.0,""function_edges"":1256,""manifold_edges"":222,""function_mass_q10"":8.358924003235154,""function_mass_min"":4.693111353967554,""function_mass_mean"":30.0,""function_mass_median"":24.967925857825108,""function_mass_q90"":54.27807776612814,""n_eff_q10"":13.407173692399214,""n_eff_min"":7.530235761089468,""n_eff_median"":36.994194336623224,""n_eff_q90"":73.9082119921236,""manifold_mass_q10"":2.0423621649367583,""manifold_mass_median"":5.863692938102602,""manifold_mass_q90"":9.612680259865932,""projector_change_median"":0.18286081967603263,""projector_change_max"":0.42551419632918086,""objective"":170.52342601781498,""manifold_penalty"":2.7061135879201226,""cg_iterations"":96,""cg_relative_residual_max"":3.665866579455555e-16,""linear_iterations"":96,""linear_relative_residual_max"":3.665866579455555e-16,""dense_solves"":0,""pcg_solves"":0,""fallback_solves"":0},{""phase"":""scale"",""iteration"":1,""h"":1.3593400310890444,""h_manifold"":2.297981403041594,""alpha"":0.6145627945661545,""alpha_manifold"":1.0,""function_edges"":1240,""manifold_edges"":222,""function_mass_q10"":5.749252401120401,""function_mass_min"":3.644408120574811,""function_mass_mean"":30.000000400073286,""function_mass_median"":24.860768723300673,""function_mass_q90"":54.4224977333381,""n_eff_q10"":8.07653414133231,""n_eff_min"":5.494338558383226,""n_eff_median"":36.20807462053836,""n_eff_q90"":73.80124260707979,""manifold_mass_q10"":2.0423621649367583,""manifold_mass_median"":5.863692938102602,""manifold_mass_q90"":9.612680259865932,""projector_change_median"":0.1383176095055968,""projector_change_max"":0.2786868093739639,""objective"":127.08189642097689,""manifold_penalty"":2.7762695995381885,""cg_iterations"":96,""cg_relative_residual_max"":9.89337043978223e-16,""linear_iterations"":96,""linear_relative_residual_max"":9.89337043978223e-16,""dense_solves"":0,""pcg_solves"":0,""fallback_solves"":0},{""phase"":""scale"",""iteration"":2,""h"":0.9611985539213956,""h_manifold"":2.297981403041594,""alpha"":0.37334194779396057,""alpha_manifold"":1.0,""function_edges"":1235,""manifold_edges"":222,""function_mass_q10"":7.634542948925046,""function_mass_min"":1.962299343870395,""function_mass_mean"":30.00000019449916,""function_mass_median"":27.96822029857185,""function_mass_q90"":53.96961206470118,""n_eff_q10"":10.669045216791583,""n_eff_min"":2.463034568631246,""n_eff_median"":38.706359263458125,""n_eff_q90"":72.38447666204607,""manifold_mass_q10"":2.0423621649367583,""manifold_mass_median"":5.863692938102602,""manifold_mass_q90"":9.612680259865932,""projector_change_median"":0.09890964207358732,""projector_change_max"":0.3848192356983549,""objective"":105.60682773643654,""manifold_penalty"":2.4272371809021207,""cg_iterations"":96,""cg_relative_residual_max"":4.924949557926528e-15,""linear_iterations"":96,""linear_relative_residual_max"":4.924949557926528e-15,""dense_solves"":0,""pcg_solves"":0,""fallback_solves"":0},{""phase"":""scale"",""iteration"":3,""h"":0.6796700155445221,""h_manifold"":2.297981403041594,""alpha"":0.2159830927848816,""alpha_manifold"":1.0,""function_edges"":1161,""manifold_edges"":222,""function_mass_q10"":7.386311211614554,""function_mass_min"":2.103606424006638,""function_mass_mean"":30.000001871521803,""function_mass_median"":30.098898045875934,""function_mass_q90"":52.98998498240467,""n_eff_q10"":9.986901987717053,""n_eff_min"":2.6092929163613237,""n_eff_median"":40.56695572730602,""n_eff_q90"":70.00853010709277,""manifold_mass_q10"":2.0423621649367583,""manifold_mass_median"":5.863692938102602,""manifold_mass_q90"":9.612680259865932,""projector_change_median"":0.14182242839211184,""projector_change_max"":0.5211375622070653,""objective"":100.82288696269309,""manifold_penalty"":2.476546429432145,""cg_iterations"":96,""cg_relative_residual_max"":1.0224792015949467e-11,""linear_iterations"":96,""linear_relative_residual_max"":1.0224792015949467e-11,""dense_solves"":0,""pcg_solves"":0,""fallback_solves"":0,""stop_reason"":""h_min""}]","{""converged"":true,""cg_iterations"":384,""cg_relative_residual_max"":1.0224792015949467e-11,""linear_iterations"":384,""linear_relative_residual_max"":1.0224792015949467e-11,""dense_solves"":0,""pcg_solves"":0,""fallback_solves"":0}"
diagnostic-manifold-base,"manifold: base, local parameter variants",2,"N_loc=30, N_phi=10, N_J=24, N_manifold=6, lambda_manifold=0.5, sync_steps=1",11,11,"{""beta"":1169213037,""features"":1095957835,""noise"":3841810831,""centers"":1031671468,""directions"":3208422369,""init"":3202220039,""outliers"":3254441912,""outlier_noise"":462153641,""gamma"":938740265,""misspecification"":1943647296}",3202220039,ADP,0,240,True,4,60,1.0,0.0,0.05,manifold_radial,gaussian,gaussian,False,0.0,1.0,0.0,manifold,1,240,,1.0,False,,30,60,24,10,6,1,0.5,,,,10,,,,,,,,,"{""config"":{""seed"":42,""N_loc"":30,""N_lin"":60,""N_J"":24,""N_phi"":10,""lambda_penalty"":0.05,""local_ridge"":1e-08,""kernel"":""ADP.core.ADP_Config:epanechnikov"",""a"":1.4142135623730951,""h_min"":0.6454972243679028,""batch_size"":32,""index_init"":""local"",""estimator"":""new"",""direction_mode"":""auto"",""multi_tensor"":""orthogonal"",""select_step"":""best"",""center_displacement"":0.0,""training_set"":""all"",""redraw_directions"":true,""smart_weights"":false,""gpu"":false,""gpu_solver"":false},""solver_tol"":1e-06,""solver_max_steps"":3,""solver"":""cg"",""theta"":0.1,""trust_radius"":null,""lsmr_maxiter"":null,""cg_maxiter"":null,""manifold"":{""N_manifold"":6,""sync_steps"":1,""lambda_manifold"":0.5}}","{""seed"":3202220039,""N_loc"":30,""N_lin"":60,""N_J"":24,""N_phi"":10,""lambda_penalty"":0.05,""local_ridge"":1e-08,""kernel"":""ADP.core.ADP_Config:epanechnikov"",""a"":1.4142135623730951,""h_min"":0.6454972243679028,""batch_size"":32,""index_init"":""local"",""estimator"":""new"",""direction_mode"":""auto"",""multi_tensor"":""orthogonal"",""select_step"":""best"",""center_displacement"":0.0,""training_set"":""all"",""redraw_directions"":true,""smart_weights"":false,""gpu"":false,""gpu_solver"":false,""solver"":""cg"",""solver_tol"":1e-06,""solver_max_steps"":1,""theta"":null,""trust_radius"":null,""lsmr_maxiter"":null,""cg_maxiter"":null,""training_size"":240,""center_displacement_scale"":0.0,""N_manifold"":6,""sync_steps"":1,""lambda_manifold"":0.5}",success,,local_projector_distance,lower,True,False,False,converged_bad_quality,0.48842250795365477,,,0.48842250795365477,0.9986602700551929,87.03383872330735,,0.48842250795365477,[],0.23924676399838063,0.6450443267822266,3,h_min,2,99.3054762681144,0.6432517530359401,"[{""phase"":""sync"",""iteration"":0,""h"":1.728372800450848,""h_manifold"":2.122917706841165,""alpha"":1.0,""alpha_manifold"":1.0,""function_edges"":1261,""manifold_edges"":236,""function_mass_q10"":9.696750918697632,""function_mass_min"":3.489605557852645,""function_mass_mean"":30.0,""function_mass_median"":26.418824004899285,""function_mass_q90"":52.00564130554093,""n_eff_q10"":14.939849787334103,""n_eff_min"":4.496455195957251,""n_eff_median"":38.29843921287422,""n_eff_q90"":70.69629053629467,""manifold_mass_q10"":2.5807857931611795,""manifold_mass_median"":5.98472883588148,""manifold_mass_q90"":9.609776177171382,""projector_change_median"":0.12975326555231798,""projector_change_max"":0.3615775255358401,""objective"":96.42585136075479,""manifold_penalty"":1.2426840868474667,""cg_iterations"":96,""cg_relative_residual_max"":1.1205534659576243e-15,""linear_iterations"":96,""linear_relative_residual_max"":1.1205534659576243e-15,""dense_solves"":0,""pcg_solves"":0,""fallback_solves"":0},{""phase"":""scale"",""iteration"":1,""h"":1.222144127617178,""h_manifold"":2.122917706841165,""alpha"":0.6010826826095581,""alpha_manifold"":1.0,""function_edges"":1254,""manifold_edges"":236,""function_mass_q10"":9.561582660574294,""function_mass_min"":2.50453652599773,""function_mass_mean"":30.00000090454738,""function_mass_median"":25.191142936267177,""function_mass_q90"":52.929990755829124,""n_eff_q10"":14.787809509002537,""n_eff_min"":2.9366143811116014,""n_eff_median"":36.50673998172087,""n_eff_q90"":72.33330327822173,""manifold_mass_q10"":2.5807857931611795,""manifold_mass_median"":5.98472883588148,""manifold_mass_q90"":9.609776177171382,""projector_change_median"":0.16740366378966615,""projector_change_max"":0.4438961524494428,""objective"":125.88388431823033,""manifold_penalty"":1.2667232019700259,""cg_iterations"":96,""cg_relative_residual_max"":6.270462038751139e-16,""linear_iterations"":96,""linear_relative_residual_max"":6.270462038751139e-16,""dense_solves"":0,""pcg_solves"":0,""fallback_solves"":0},{""phase"":""scale"",""iteration"":2,""h"":0.8641864002254239,""h_manifold"":2.122917706841165,""alpha"":0.3524937033653259,""alpha_manifold"":1.0,""function_edges"":1218,""manifold_edges"":236,""function_mass_q10"":10.494763419454868,""function_mass_min"":3.3392864903764536,""function_mass_mean"":30.000001179777954,""function_mass_median"":26.918725378209842,""function_mass_q90"":52.05158600618046,""n_eff_q10"":13.904550068416748,""n_eff_min"":4.899069972493675,""n_eff_median"":40.36378595550018,""n_eff_q90"":71.33748675936127,""manifold_mass_q10"":2.5807857931611795,""manifold_mass_median"":5.98472883588148,""manifold_mass_q90"":9.609776177171382,""projector_change_median"":0.11399124187103427,""projector_change_max"":0.34448100944096904,""objective"":94.86614917587532,""manifold_penalty"":1.3565839389640033,""cg_iterations"":96,""cg_relative_residual_max"":7.431819400127083e-15,""linear_iterations"":96,""linear_relative_residual_max"":7.431819400127083e-15,""dense_solves"":0,""pcg_solves"":0,""fallback_solves"":0,""stop_reason"":""h_min""}]","{""converged"":true,""cg_iterations"":288,""cg_relative_residual_max"":7.431819400127083e-15,""linear_iterations"":288,""linear_relative_residual_max"":7.431819400127083e-15,""dense_solves"":0,""pcg_solves"":0,""fallback_solves"":0}"
diagnostic-manifold-base,"manifold: base, local parameter variants",3,"N_loc=20, N_phi=4, N_J=24, N_manifold=6, lambda_manifold=0.5, sync_steps=1",0,0,"{""beta"":160747260,""features"":2186772633,""noise"":475316650,""centers"":2297579960,""directions"":834610471,""init"":3414180542,""outliers"":2022353668,""outlier_noise"":1111215905,""gamma"":2591228347,""misspecification"":1802179717}",3414180542,ADP,0,240,True,4,60,1.0,0.0,0.05,manifold_radial,gaussian,gaussian,False,0.0,1.0,0.0,manifold,1,240,,1.0,False,,20,60,24,4,6,1,0.5,,,,10,,,,,,,,,"{""config"":{""seed"":42,""N_loc"":20,""N_lin"":60,""N_J"":24,""N_phi"":4,""lambda_penalty"":0.05,""local_ridge"":1e-08,""kernel"":""ADP.core.ADP_Config:epanechnikov"",""a"":1.4142135623730951,""h_min"":0.6454972243679028,""batch_size"":32,""index_init"":""local"",""estimator"":""new"",""direction_mode"":""auto"",""multi_tensor"":""orthogonal"",""select_step"":""best"",""center_displacement"":0.0,""training_set"":""all"",""redraw_directions"":true,""smart_weights"":false,""gpu"":false,""gpu_solver"":false},""solver_tol"":1e-06,""solver_max_steps"":3,""solver"":""cg"",""theta"":0.1,""trust_radius"":null,""lsmr_maxiter"":null,""cg_maxiter"":null,""manifold"":{""N_manifold"":6,""sync_steps"":1,""lambda_manifold"":0.5}}","{""seed"":3414180542,""N_loc"":20,""N_lin"":60,""N_J"":24,""N_phi"":4,""lambda_penalty"":0.05,""local_ridge"":1e-08,""kernel"":""ADP.core.ADP_Config:epanechnikov"",""a"":1.4142135623730951,""h_min"":0.6454972243679028,""batch_size"":32,""index_init"":""local"",""estimator"":""new"",""direction_mode"":""auto"",""multi_tensor"":""orthogonal"",""select_step"":""best"",""center_displacement"":0.0,""training_set"":""all"",""redraw_directions"":true,""smart_weights"":false,""gpu"":false,""gpu_solver"":false,""solver"":""cg"",""solver_tol"":1e-06,""solver_max_steps"":1,""theta"":null,""trust_radius"":null,""lsmr_maxiter"":null,""cg_maxiter"":null,""training_size"":240,""center_displacement_scale"":0.0,""N_manifold"":6,""sync_steps"":1,""lambda_manifold"":0.5}",success,,local_projector_distance,lower,True,False,False,converged_bad_quality,0.48590006924465123,,,0.48590006924465123,0.9943274493953252,83.89434402807949,,0.48590006924465123,[],0.26152072900003986,0.41995906829833984,3,h_min,2,93.59268708591684,0.6244754034584977,"[{""phase"":""sync"",""iteration"":0,""h"":1.6633575396573566,""h_manifold"":2.250489893576492,""alpha"":1.0,""alpha_manifold"":1.0,""function_edges"":851,""manifold_edges"":228,""function_mass_q10"":4.142971690230403,""function_mass_min"":2.4337449486986866,""function_mass_mean"":20.000000000000004,""function_mass_median"":18.07643994820915,""function_mass_q90"":37.056444288326794,""n_eff_q10"":6.336492672760581,""n_eff_min"":3.3874532556079515,""n_eff_median"":24.917576549473505,""n_eff_q90"":52.0676568628778,""manifold_mass_q10"":1.3171777284793307,""manifold_mass_median"":5.905797282851303,""manifold_mass_q90"":9.487421311276238,""projector_change_median"":0.13650203125923316,""projector_change_max"":0.3522080747920825,""objective"":34.069529847138476,""manifold_penalty"":1.943948605897956,""cg_iterations"":96,""cg_relative_residual_max"":5.23224638498461e-16,""linear_iterations"":96,""linear_relative_residual_max"":5.23224638498461e-16,""dense_solves"":0,""pcg_solves"":0,""fallback_solves"":0},{""phase"":""scale"",""iteration"":1,""h"":1.1761713958294884,""h_manifold"":2.250489893576492,""alpha"":0.6101059168577194,""alpha_manifold"":1.0,""function_edges"":834,""manifold_edges"":228,""function_mass_q10"":4.13878391766657,""function_mass_min"":1.6631605469963415,""function_mass_mean"":20.000000560161894,""function_mass_median"":17.908712893837954,""function_mass_q90"":38.457793826404014,""n_eff_q10"":5.764195461412309,""n_eff_min"":1.9612126015028846,""n_eff_median"":25.152330388613294,""n_eff_q90"":51.520076904856005,""manifold_mass_q10"":1.3171777284793307,""manifold_mass_median"":5.905797282851303,""manifold_mass_q90"":9.487421311276238,""projector_change_median"":0.127798867261808,""projector_change_max"":0.32167781339245666,""objective"":31.87625463060619,""manifold_penalty"":1.7756270567805217,""cg_iterations"":96,""cg_relative_residual_max"":1.7836079931671694e-14,""linear_iterations"":96,""linear_relative_residual_max"":1.7836079931671694e-14,""dense_solves"":0,""pcg_solves"":0,""fallback_solves"":0},{""phase"":""scale"",""iteration"":2,""h"":0.8316787698286782,""h_manifold"":2.250489893576492,""alpha"":0.3672221153974533,""alpha_manifold"":1.0,""function_edges"":829,""manifold_edges"":228,""function_mass_q10"":6.186601483773023,""function_mass_min"":1.5030907058183578,""function_mass_mean"":20.000000095541225,""function_mass_median"":17.310714661414508,""function_mass_q90"":38.08876968773236,""n_eff_q10"":9.505956028854394,""n_eff_min"":1.8029536383761846,""n_eff_median"":21.800867605363663,""n_eff_q90"":51.663304161669366,""manifold_mass_q10"":1.3171777284793305,""manifold_mass_median"":5.905797282851303,""manifold_mass_q90"":9.487421311276238,""projector_change_median"":0.08211069988767195,""projector_change_max"":0.6348509870920217,""objective"":30.532802871469194,""manifold_penalty"":1.690091756719505,""cg_iterations"":92,""cg_relative_residual_max"":1.9760745128464616e-15,""linear_iterations"":92,""linear_relative_residual_max"":1.9760745128464616e-15,""dense_solves"":0,""pcg_solves"":0,""fallback_solves"":0,""stop_reason"":""h_min""}]","{""converged"":true,""cg_iterations"":284,""cg_relative_residual_max"":1.7836079931671694e-14,""linear_iterations"":284,""linear_relative_residual_max"":1.7836079931671694e-14,""dense_solves"":0,""pcg_solves"":0,""fallback_solves"":0}"
diagnostic-manifold-base,"manifold: base, local parameter variants",3,"N_loc=20, N_phi=4, N_J=24, N_manifold=6, lambda_manifold=0.5, sync_steps=1",1,1,"{""beta"":1931894582,""features"":728973687,""noise"":453924638,""centers"":2145764529,""directions"":1084146302,""init"":1568069026,""outliers"":2674833454,""outlier_noise"":1988346855,""gamma"":3811432093,""misspecification"":345464691}",1568069026,ADP,0,240,True,4,60,1.0,0.0,0.05,manifold_radial,gaussian,gaussian,False,0.0,1.0,0.0,manifold,1,240,,1.0,False,,20,60,24,4,6,1,0.5,,,,10,,,,,,,,,"{""config"":{""seed"":42,""N_loc"":20,""N_lin"":60,""N_J"":24,""N_phi"":4,""lambda_penalty"":0.05,""local_ridge"":1e-08,""kernel"":""ADP.core.ADP_Config:epanechnikov"",""a"":1.4142135623730951,""h_min"":0.6454972243679028,""batch_size"":32,""index_init"":""local"",""estimator"":""new"",""direction_mode"":""auto"",""multi_tensor"":""orthogonal"",""select_step"":""best"",""center_displacement"":0.0,""training_set"":""all"",""redraw_directions"":true,""smart_weights"":false,""gpu"":false,""gpu_solver"":false},""solver_tol"":1e-06,""solver_max_steps"":3,""solver"":""cg"",""theta"":0.1,""trust_radius"":null,""lsmr_maxiter"":null,""cg_maxiter"":null,""manifold"":{""N_manifold"":6,""sync_steps"":1,""lambda_manifold"":0.5}}","{""seed"":1568069026,""N_loc"":20,""N_lin"":60,""N_J"":24,""N_phi"":4,""lambda_penalty"":0.05,""local_ridge"":1e-08,""kernel"":""ADP.core.ADP_Config:epanechnikov"",""a"":1.4142135623730951,""h_min"":0.6454972243679028,""batch_size"":32,""index_init"":""local"",""estimator"":""new"",""direction_mode"":""auto"",""multi_tensor"":""orthogonal"",""select_step"":""best"",""center_displacement"":0.0,""training_set"":""all"",""redraw_directions"":true,""smart_weights"":false,""gpu"":false,""gpu_solver"":false,""solver"":""cg"",""solver_tol"":1e-06,""solver_max_steps"":1,""theta"":null,""trust_radius"":null,""lsmr_maxiter"":null,""cg_maxiter"":null,""training_size"":240,""center_displacement_scale"":0.0,""N_manifold"":6,""sync_steps"":1,""lambda_manifold"":0.5}",success,,local_projector_distance,lower,True,False,False,converged_bad_quality,0.47417424610993675,,,0.47417424610993675,0.9988593553810649,87.26313044703349,,0.47417424610993675,[],0.24784678400101257,0.3942127227783203,3,h_min,2,73.61580172501488,0.5538343680086691,"[{""phase"":""sync"",""iteration"":0,""h"":1.655828701493783,""h_manifold"":2.319866362038382,""alpha"":1.0,""alpha_manifold"":1.0,""function_edges"":876,""manifold_edges"":224,""function_mass_q10"":6.2626455605731195,""function_mass_min"":4.398587113857294,""function_mass_mean"":19.999999999999996,""function_mass_median"":20.317212386344664,""function_mass_q90"":32.171074455832944,""n_eff_q10"":9.115186139787221,""n_eff_min"":5.644182069735399,""n_eff_median"":28.835288321549683,""n_eff_q90"":44.34415078417799,""manifold_mass_q10"":2.290557434291452,""manifold_mass_median"":6.120236735010389,""manifold_mass_q90"":10.074979297813792,""projector_change_median"":0.17951238923425372,""projector_change_max"":0.4337340712311034,""objective"":34.03542141259866,""manifold_penalty"":1.2297652187310901,""cg_iterations"":96,""cg_relative_residual_max"":4.2995710944886634e-16,""linear_iterations"":96,""linear_relative_residual_max"":4.2995710944886634e-16,""dense_solves"":0,""pcg_solves"":0,""fallback_solves"":0},{""phase"":""scale"",""iteration"":1,""h"":1.1708477033095694,""h_manifold"":2.319866362038382,""alpha"":0.6121888160705566,""alpha_manifold"":1.0,""function_edges"":873,""manifold_edges"":224,""function_mass_q10"":4.807132267926051,""function_mass_min"":3.9234516158897597,""function_mass_mean"":20.0000007444316,""function_mass_median"":21.066104282030338,""function_mass_q90"":31.153737115047893,""n_eff_q10"":6.9836542454518735,""n_eff_min"":5.277780390523815,""n_eff_median"":28.435877704448977,""n_eff_q90"":41.63751320784571,""manifold_mass_q10"":2.290557434291452,""manifold_mass_median"":6.120236735010389,""manifold_mass_q90"":10.074979297813792,""projector_change_median"":0.18113194743781624,""projector_change_max"":0.6244433888848626,""objective"":27.83234697551918,""manifold_penalty"":1.2620832796091546,""cg_iterations"":96,""cg_relative_residual_max"":2.177400340875186e-15,""linear_iterations"":96,""linear_relative_residual_max"":2.177400340875186e-15,""dense_solves"":0,""pcg_solves"":0,""fallback_solves"":0},{""phase"":""scale"",""iteration"":2,""h"":0.8279143507468913,""h_manifold"":2.319866362038382,""alpha"":0.368619903922081,""alpha_manifold"":1.0,""function_edges"":825,""manifold_edges"":224,""function_mass_q10"":4.61055682366784,""function_mass_min"":3.1920257003658734,""function_mass_mean"":20.00000105503534,""function_mass_median"":20.651073040179128,""function_mass_q90"":31.811920414347433,""n_eff_q10"":6.259002046258092,""n_eff_min"":4.199140427845878,""n_eff_median"":27.339293035102013,""n_eff_q90"":42.37708565138175,""manifold_mass_q10"":2.290557434291452,""manifold_mass_median"":6.120236735010389,""manifold_mass_q90"":10.074979297813792,""projector_change_median"":0.16530580922599553,""projector_change_max"":0.3535107984090172,""objective"":20.04259476929539,""manifold_penalty"":1.2350519724919682,""cg_iterations"":96,""cg_relative_residual_max"":3.936025860045292e-15,""linear_iterations"":96,""linear_relative_residual_max"":3.936025860045292e-15,""dense_solves"":0,""pcg_solves"":0,""fallback_solves"":0,""stop_reason"":""h_min""}]","{""converged"":true,""cg_iterations"":288,""cg_relative_residual_max"":3.936025860045292e-15,""linear_iterations"":288,""linear_relative_residual_max"":3.936025860045292e-15,""dense_solves"":0,""pcg_solves"":0,""fallback_solves"":0}"
diagnostic-manifold-base,"manifold: base, local parameter variants",3,"N_loc=20, N_phi=4, N_J=24, N_manifold=6, lambda_manifold=0.5, sync_steps=1",2,2,"{""beta"":3049918365,""features"":1057112449,""noise"":2816531493,""centers"":3529945714,""directions"":2935922697,""init"":4167035260,""outliers"":1654234620,""outlier_noise"":2849204727,""gamma"":605489280,""misspecification"":212052512}",4167035260,ADP,0,240,True,4,60,1.0,0.0,0.05,manifold_radial,gaussian,gaussian,False,0.0,1.0,0.0,manifold,1,240,,1.0,False,,20,60,24,4,6,1,0.5,,,,10,,,,,,,,,"{""config"":{""seed"":42,""N_loc"":20,""N_lin"":60,""N_J"":24,""N_phi"":4,""lambda_penalty"":0.05,""local_ridge"":1e-08,""kernel"":""ADP.core.ADP_Config:epanechnikov"",""a"":1.4142135623730951,""h_min"":0.6454972243679028,""batch_size"":32,""index_init"":""local"",""estimator"":""new"",""direction_mode"":""auto"",""multi_tensor"":""orthogonal"",""select_step"":""best"",""center_displacement"":0.0,""training_set"":""all"",""redraw_directions"":true,""smart_weights"":false,""gpu"":false,""gpu_solver"":false},""solver_tol"":1e-06,""solver_max_steps"":3,""solver"":""cg"",""theta"":0.1,""trust_radius"":null,""lsmr_maxiter"":null,""cg_maxiter"":null,""manifold"":{""N_manifold"":6,""sync_steps"":1,""lambda_manifold"":0.5}}","{""seed"":4167035260,""N_loc"":20,""N_lin"":60,""N_J"":24,""N_phi"":4,""lambda_penalty"":0.05,""local_ridge"":1e-08,""kernel"":""ADP.core.ADP_Config:epanechnikov"",""a"":1.4142135623730951,""h_min"":0.6454972243679028,""batch_size"":32,""index_init"":""local"",""estimator"":""new"",""direction_mode"":""auto"",""multi_tensor"":""orthogonal"",""select_step"":""best"",""center_displacement"":0.0,""training_set"":""all"",""redraw_directions"":true,""smart_weights"":false,""gpu"":false,""gpu_solver"":false,""solver"":""cg"",""solver_tol"":1e-06,""solver_max_steps"":1,""theta"":null,""trust_radius"":null,""lsmr_maxiter"":null,""cg_maxiter"":null,""training_size"":240,""center_displacement_scale"":0.0,""N_manifold"":6,""sync_steps"":1,""lambda_manifold"":0.5}",success,,local_projector_distance,lower,True,False,False,converged_bad_quality,0.5741432324694986,,,0.5741432324694986,0.9999566496561697,89.4664987118727,,0.5741432324694986,[],0.24313785300182644,0.3900737762451172,3,h_min,2,135.4402205591549,0.7512218396251616,"[{""phase"":""sync"",""iteration"":0,""h"":1.6949287368540935,""h_manifold"":2.2964829637292796,""alpha"":1.0,""alpha_manifold"":1.0,""function_edges"":865,""manifold_edges"":230,""function_mass_q10"":7.891682163545296,""function_mass_min"":2.6677890471491295,""function_mass_mean"":20.000000000000004,""function_mass_median"":17.933978592667746,""function_mass_q90"":32.55763612370227,""n_eff_q10"":11.263391536939,""n_eff_min"":3.957090577021544,""n_eff_median"":27.063203551782323,""n_eff_q90"":45.58724546953231,""manifold_mass_q10"":2.726294132473343,""manifold_mass_median"":5.699909910362927,""manifold_mass_q90"":10.017294286875105,""projector_change_median"":0.22267939976336054,""projector_change_max"":0.7207002939647857,""objective"":37.29260265312897,""manifold_penalty"":1.4519397499706745,""cg_iterations"":96,""cg_relative_residual_max"":4.3271395383148816e-16,""linear_iterations"":96,""linear_relative_residual_max"":4.3271395383148816e-16,""dense_solves"":0,""pcg_solves"":0,""fallback_solves"":0},{""phase"":""scale"",""iteration"":1,""h"":1.1984956034574787,""h_manifold"":2.2964829637292796,""alpha"":0.6097215265035629,""alpha_manifold"":1.0,""function_edges"":857,""manifold_edges"":230,""function_mass_q10"":7.7997781895212075,""function_mass_min"":2.9755451440329597,""function_mass_mean"":20.000000387880867,""function_mass_median"":18.45028786733995,""function_mass_q90"":34.912173958884985,""n_eff_q10"":11.105054278944396,""n_eff_min"":4.470326620818443,""n_eff_median"":25.465277586649147,""n_eff_q90"":50.23212347683715,""manifold_mass_q10"":2.726294132473343,""manifold_mass_median"":5.699909910362927,""manifold_mass_q90"":10.017294286875105,""projector_change_median"":0.1961084536341206,""projector_change_max"":0.8858885775275487,""objective"":31.590402808484477,""manifold_penalty"":1.5024803859316274,""cg_iterations"":96,""cg_relative_residual_max"":8.166265462676049e-16,""linear_iterations"":96,""linear_relative_residual_max"":8.166265462676049e-16,""dense_solves"":0,""pcg_solves"":0,""fallback_solves"":0},{""phase"":""scale"",""iteration"":2,""h"":0.8474643684270466,""h_manifold"":2.2964829637292796,""alpha"":0.36755672097206116,""alpha_manifold"":1.0,""function_edges"":818,""manifold_edges"":230,""function_mass_q10"":7.307662765264704,""function_mass_min"":3.0298286411904733,""function_mass_mean"":20.00000106235908,""function_mass_median"":17.35672514799385,""function_mass_q90"":34.23493407521988,""n_eff_q10"":10.124907241022132,""n_eff_min"":4.159260391166087,""n_eff_median"":23.320643506708883,""n_eff_q90"":48.859165355451935,""manifold_mass_q10"":2.726294132473343,""manifold_mass_median"":5.699909910362927,""manifold_mass_q90"":10.017294286875105,""projector_change_median"":0.11434514842190374,""projector_change_max"":0.39060150982063346,""objective"":30.448732287143308,""manifold_penalty"":1.2804112502498173,""cg_iterations"":96,""cg_relative_residual_max"":3.965458885575564e-15,""linear_iterations"":96,""linear_relative_residual_max"":3.965458885575564e-15,""dense_solves"":0,""pcg_solves"":0,""fallback_solves"":0,""stop_reason"":""h_min""}]","{""converged"":true,""cg_iterations"":288,""cg_relative_residual_max"":3.965458885575564e-15,""linear_iterations"":288,""linear_relative_residual_max"":3.965458885575564e-15,""dense_solves"":0,""pcg_solves"":0,""fallback_solves"":0}"
diagnostic-manifold-base,"manifold: base, local parameter variants",3,"N_loc=20, N_phi=4, N_J=24, N_manifold=6, lambda_manifold=0.5, sync_steps=1",3,3,"{""beta"":4255376772,""features"":1229764143,""noise"":813326700,""centers"":2701065647,""directions"":3025337717,""init"":2424736837,""outliers"":408440574,""outlier_noise"":739910795,""gamma"":1682775850,""misspecification"":3107270422}",2424736837,ADP,0,240,True,4,60,1.0,0.0,0.05,manifold_radial,gaussian,gaussian,False,0.0,1.0,0.0,manifold,1,240,,1.0,False,,20,60,24,4,6,1,0.5,,,,10,,,,,,,,,"{""config"":{""seed"":42,""N_loc"":20,""N_lin"":60,""N_J"":24,""N_phi"":4,""lambda_penalty"":0.05,""local_ridge"":1e-08,""kernel"":""ADP.core.ADP_Config:epanechnikov"",""a"":1.4142135623730951,""h_min"":0.6454972243679028,""batch_size"":32,""index_init"":""local"",""estimator"":""new"",""direction_mode"":""auto"",""multi_tensor"":""orthogonal"",""select_step"":""best"",""center_displacement"":0.0,""training_set"":""all"",""redraw_directions"":true,""smart_weights"":false,""gpu"":false,""gpu_solver"":false},""solver_tol"":1e-06,""solver_max_steps"":3,""solver"":""cg"",""theta"":0.1,""trust_radius"":null,""lsmr_maxiter"":null,""cg_maxiter"":null,""manifold"":{""N_manifold"":6,""sync_steps"":1,""lambda_manifold"":0.5}}","{""seed"":2424736837,""N_loc"":20,""N_lin"":60,""N_J"":24,""N_phi"":4,""lambda_penalty"":0.05,""local_ridge"":1e-08,""kernel"":""ADP.core.ADP_Config:epanechnikov"",""a"":1.4142135623730951,""h_min"":0.6454972243679028,""batch_size"":32,""index_init"":""local"",""estimator"":""new"",""direction_mode"":""auto"",""multi_tensor"":""orthogonal"",""select_step"":""best"",""center_displacement"":0.0,""training_set"":""all"",""redraw_directions"":true,""smart_weights"":false,""gpu"":false,""gpu_solver"":false,""solver"":""cg"",""solver_tol"":1e-06,""solver_max_steps"":1,""theta"":null,""trust_radius"":null,""lsmr_maxiter"":null,""cg_maxiter"":null,""training_size"":240,""center_displacement_scale"":0.0,""N_manifold"":6,""sync_steps"":1,""lambda_manifold"":0.5}",success,,local_projector_distance,lower,True,False,False,converged_bad_quality,0.5364147017968489,,,0.5364147017968489,0.9750225328028639,77.1672432614136,,0.5364147017968488,[],0.2431159120023949,0.38997840881347656,3,h_min,2,93.49727816880127,0.6241570254110782,"[{""phase"":""sync"",""iteration"":0,""h"":1.5615755036669832,""h_manifold"":1.9944635143778515,""alpha"":1.0,""alpha_manifold"":1.0,""function_edges"":855,""manifold_edges"":218,""function_mass_q10"":6.473282369427427,""function_mass_min"":4.6225759309657,""function_mass_mean"":19.999999999999996,""function_mass_median"":16.8802795091385,""function_mass_q90"":31.955726319463693,""n_eff_q10"":9.761322241876911,""n_eff_min"":5.500069281013567,""n_eff_median"":24.449232429814806,""n_eff_q90"":44.77381867298445,""manifold_mass_q10"":2.4636965800324506,""manifold_mass_median"":6.3404674752220505,""manifold_mass_q90"":9.608100287713269,""projector_change_median"":0.14336854232326302,""projector_change_max"":0.5534560907502719,""objective"":56.91213971362953,""manifold_penalty"":2.6750146915666795,""cg_iterations"":96,""cg_relative_residual_max"":3.473029829383619e-16,""linear_iterations"":96,""linear_relative_residual_max"":3.473029829383619e-16,""dense_solves"":0,""pcg_solves"":0,""fallback_solves"":0},{""phase"":""scale"",""iteration"":1,""h"":1.1042006279777221,""h_manifold"":1.9944635143778515,""alpha"":0.6117597371339798,""alpha_manifold"":1.0,""function_edges"":863,""manifold_edges"":218,""function_mass_q10"":6.833758796479705,""function_mass_min"":5.019317439733788,""function_mass_mean"":20.000000292556223,""function_mass_median"":17.339455065167,""function_mass_q90"":32.55326315160411,""n_eff_q10"":9.759109626890012,""n_eff_min"":7.26560698435905,""n_eff_median"":25.563638708743596,""n_eff_q90"":46.000364023605734,""manifold_mass_q10"":2.4636965800324506,""manifold_mass_median"":6.3404674752220505,""manifold_mass_q90"":9.608100287713269,""projector_change_median"":0.260328029815702,""projector_change_max"":0.5523884134690777,""objective"":36.66611999441385,""manifold_penalty"":2.4296080488548624,""cg_iterations"":96,""cg_relative_residual_max"":2.2800321495662288e-15,""linear_iterations"":96,""linear_relative_residual_max"":2.2800321495662288e-15,""dense_solves"":0,""pcg_solves"":0,""fallback_solves"":0},{""phase"":""scale"",""iteration"":2,""h"":0.7807877518334915,""h_manifold"":1.9944635143778515,""alpha"":0.3750874996185303,""alpha_manifold"":1.0,""function_edges"":818,""manifold_edges"":218,""function_mass_q10"":6.83068900530909,""function_mass_min"":4.6462918935348245,""function_mass_mean"":20.000000283403754,""function_mass_median"":17.242556598426198,""function_mass_q90"":31.104993259710174,""n_eff_q10"":8.833366744981987,""n_eff_min"":6.107705841639189,""n_eff_median"":25.892843938609364,""n_eff_q90"":45.200666502170925,""manifold_mass_q10"":2.4636965800324506,""manifold_mass_median"":6.3404674752220505,""manifold_mass_q90"":9.608100287713269,""projector_change_median"":0.20679154768741662,""projector_change_max"":0.37482746547258133,""objective"":29.38071433522257,""manifold_penalty"":1.9938097782782318,""cg_iterations"":96,""cg_relative_residual_max"":6.862179371914813e-14,""linear_iterations"":96,""linear_relative_residual_max"":6.862179371914813e-14,""dense_solves"":0,""pcg_solves"":0,""fallback_solves"":0,""stop_reason"":""h_min""}]","{""converged"":true,""cg_iterations"":288,""cg_relative_residual_max"":6.862179371914813e-14,""linear_iterations"":288,""linear_relative_residual_max"":6.862179371914813e-14,""dense_solves"":0,""pcg_solves"":0,""fallback_solves"":0}"
diagnostic-manifold-base,"manifold: base, local parameter variants",3,"N_loc=20, N_phi=4, N_J=24, N_manifold=6, lambda_manifold=0.5, sync_steps=1",4,4,"{""beta"":2626536110,""features"":227981437,""noise"":1989028013,""centers"":4205761707,""directions"":1746734398,""init"":3699691919,""outliers"":1937795235,""outlier_noise"":1205558110,""gamma"":3432378550,""misspecification"":592425380}",3699691919,ADP,0,240,True,4,60,1.0,0.0,0.05,manifold_radial,gaussian,gaussian,False,0.0,1.0,0.0,manifold,1,240,,1.0,False,,20,60,24,4,6,1,0.5,,,,10,,,,,,,,,"{""config"":{""seed"":42,""N_loc"":20,""N_lin"":60,""N_J"":24,""N_phi"":4,""lambda_penalty"":0.05,""local_ridge"":1e-08,""kernel"":""ADP.core.ADP_Config:epanechnikov"",""a"":1.4142135623730951,""h_min"":0.6454972243679028,""batch_size"":32,""index_init"":""local"",""estimator"":""new"",""direction_mode"":""auto"",""multi_tensor"":""orthogonal"",""select_step"":""best"",""center_displacement"":0.0,""training_set"":""all"",""redraw_directions"":true,""smart_weights"":false,""gpu"":false,""gpu_solver"":false},""solver_tol"":1e-06,""solver_max_steps"":3,""solver"":""cg"",""theta"":0.1,""trust_radius"":null,""lsmr_maxiter"":null,""cg_maxiter"":null,""manifold"":{""N_manifold"":6,""sync_steps"":1,""lambda_manifold"":0.5}}",,numerical_failure,"RuntimeError: rank-deficient local slope for target 7: rank=0, required=1; increase N_phi or N_loc",local_projector_distance,lower,False,,False,numerical_failure,,,,,,,,,,,,,,,,,,
diagnostic-manifold-base,"manifold: base, local parameter variants",3,"N_loc=20, N_phi=4, N_J=24, N_manifold=6, lambda_manifold=0.5, sync_steps=1",5,5,"{""beta"":2591981369,""features"":3757986669,""noise"":654094259,""centers"":1360362612,""directions"":622664474,""init"":3202134607,""outliers"":2238804734,""outlier_noise"":1028591118,""gamma"":691848187,""misspecification"":854566012}",3202134607,ADP,0,240,True,4,60,1.0,0.0,0.05,manifold_radial,gaussian,gaussian,False,0.0,1.0,0.0,manifold,1,240,,1.0,False,,20,60,24,4,6,1,0.5,,,,10,,,,,,,,,"{""config"":{""seed"":42,""N_loc"":20,""N_lin"":60,""N_J"":24,""N_phi"":4,""lambda_penalty"":0.05,""local_ridge"":1e-08,""kernel"":""ADP.core.ADP_Config:epanechnikov"",""a"":1.4142135623730951,""h_min"":0.6454972243679028,""batch_size"":32,""index_init"":""local"",""estimator"":""new"",""direction_mode"":""auto"",""multi_tensor"":""orthogonal"",""select_step"":""best"",""center_displacement"":0.0,""training_set"":""all"",""redraw_directions"":true,""smart_weights"":false,""gpu"":false,""gpu_solver"":false},""solver_tol"":1e-06,""solver_max_steps"":3,""solver"":""cg"",""theta"":0.1,""trust_radius"":null,""lsmr_maxiter"":null,""cg_maxiter"":null,""manifold"":{""N_manifold"":6,""sync_steps"":1,""lambda_manifold"":0.5}}",,numerical_failure,"RuntimeError: rank-deficient local slope for target 3: rank=0, required=1; increase N_phi or N_loc",local_projector_distance,lower,False,,False,numerical_failure,,,,,,,,,,,,,,,,,,
diagnostic-manifold-base,"manifold: base, local parameter variants",3,"N_loc=20, N_phi=4, N_J=24, N_manifold=6, lambda_manifold=0.5, sync_steps=1",6,6,"{""beta"":2649590584,""features"":3993099560,""noise"":1760850090,""centers"":1235842596,""directions"":516648510,""init"":1329562486,""outliers"":4220703868,""outlier_noise"":3112353199,""gamma"":697337733,""misspecification"":2423010501}",1329562486,ADP,0,240,True,4,60,1.0,0.0,0.05,manifold_radial,gaussian,gaussian,False,0.0,1.0,0.0,manifold,1,240,,1.0,False,,20,60,24,4,6,1,0.5,,,,10,,,,,,,,,"{""config"":{""seed"":42,""N_loc"":20,""N_lin"":60,""N_J"":24,""N_phi"":4,""lambda_penalty"":0.05,""local_ridge"":1e-08,""kernel"":""ADP.core.ADP_Config:epanechnikov"",""a"":1.4142135623730951,""h_min"":0.6454972243679028,""batch_size"":32,""index_init"":""local"",""estimator"":""new"",""direction_mode"":""auto"",""multi_tensor"":""orthogonal"",""select_step"":""best"",""center_displacement"":0.0,""training_set"":""all"",""redraw_directions"":true,""smart_weights"":false,""gpu"":false,""gpu_solver"":false},""solver_tol"":1e-06,""solver_max_steps"":3,""solver"":""cg"",""theta"":0.1,""trust_radius"":null,""lsmr_maxiter"":null,""cg_maxiter"":null,""manifold"":{""N_manifold"":6,""sync_steps"":1,""lambda_manifold"":0.5}}",,numerical_failure,"RuntimeError: rank-deficient local slope for target 14: rank=0, required=1; increase N_phi or N_loc",local_projector_distance,lower,False,,False,numerical_failure,,,,,,,,,,,,,,,,,,
diagnostic-manifold-base,"manifold: base, local parameter variants",3,"N_loc=20, N_phi=4, N_J=24, N_manifold=6, lambda_manifold=0.5, sync_steps=1",7,7,"{""beta"":1192128109,""features"":4203467630,""noise"":955820423,""centers"":264639041,""directions"":1237972010,""init"":2645466379,""outliers"":2165193105,""outlier_noise"":627906730,""gamma"":548357580,""misspecification"":1960086769}",2645466379,ADP,0,240,True,4,60,1.0,0.0,0.05,manifold_radial,gaussian,gaussian,False,0.0,1.0,0.0,manifold,1,240,,1.0,False,,20,60,24,4,6,1,0.5,,,,10,,,,,,,,,"{""config"":{""seed"":42,""N_loc"":20,""N_lin"":60,""N_J"":24,""N_phi"":4,""lambda_penalty"":0.05,""local_ridge"":1e-08,""kernel"":""ADP.core.ADP_Config:epanechnikov"",""a"":1.4142135623730951,""h_min"":0.6454972243679028,""batch_size"":32,""index_init"":""local"",""estimator"":""new"",""direction_mode"":""auto"",""multi_tensor"":""orthogonal"",""select_step"":""best"",""center_displacement"":0.0,""training_set"":""all"",""redraw_directions"":true,""smart_weights"":false,""gpu"":false,""gpu_solver"":false},""solver_tol"":1e-06,""solver_max_steps"":3,""solver"":""cg"",""theta"":0.1,""trust_radius"":null,""lsmr_maxiter"":null,""cg_maxiter"":null,""manifold"":{""N_manifold"":6,""sync_steps"":1,""lambda_manifold"":0.5}}",,numerical_failure,"RuntimeError: rank-deficient local slope for target 17: rank=0, required=1; increase N_phi or N_loc",local_projector_distance,lower,False,,False,numerical_failure,,,,,,,,,,,,,,,,,,
diagnostic-manifold-base,"manifold: base, local parameter variants",3,"N_loc=20, N_phi=4, N_J=24, N_manifold=6, lambda_manifold=0.5, sync_steps=1",8,8,"{""beta"":1609080203,""features"":2594376887,""noise"":1918940653,""centers"":2936154285,""directions"":3848134078,""init"":3430508477,""outliers"":639789839,""outlier_noise"":2784368537,""gamma"":1561447794,""misspecification"":244015551}",3430508477,ADP,0,240,True,4,60,1.0,0.0,0.05,manifold_radial,gaussian,gaussian,False,0.0,1.0,0.0,manifold,1,240,,1.0,False,,20,60,24,4,6,1,0.5,,,,10,,,,,,,,,"{""config"":{""seed"":42,""N_loc"":20,""N_lin"":60,""N_J"":24,""N_phi"":4,""lambda_penalty"":0.05,""local_ridge"":1e-08,""kernel"":""ADP.core.ADP_Config:epanechnikov"",""a"":1.4142135623730951,""h_min"":0.6454972243679028,""batch_size"":32,""index_init"":""local"",""estimator"":""new"",""direction_mode"":""auto"",""multi_tensor"":""orthogonal"",""select_step"":""best"",""center_displacement"":0.0,""training_set"":""all"",""redraw_directions"":true,""smart_weights"":false,""gpu"":false,""gpu_solver"":false},""solver_tol"":1e-06,""solver_max_steps"":3,""solver"":""cg"",""theta"":0.1,""trust_radius"":null,""lsmr_maxiter"":null,""cg_maxiter"":null,""manifold"":{""N_manifold"":6,""sync_steps"":1,""lambda_manifold"":0.5}}",,numerical_failure,"RuntimeError: rank-deficient local slope for target 9: rank=0, required=1; increase N_phi or N_loc",local_projector_distance,lower,False,,False,numerical_failure,,,,,,,,,,,,,,,,,,
diagnostic-manifold-base,"manifold: base, local parameter variants",3,"N_loc=20, N_phi=4, N_J=24, N_manifold=6, lambda_manifold=0.5, sync_steps=1",9,9,"{""beta"":2952143991,""features"":2627908462,""noise"":3029906209,""centers"":3185039825,""directions"":4246493789,""init"":3554362247,""outliers"":280476494,""outlier_noise"":3164107022,""gamma"":1298903658,""misspecification"":3020752865}",3554362247,ADP,0,240,True,4,60,1.0,0.0,0.05,manifold_radial,gaussian,gaussian,False,0.0,1.0,0.0,manifold,1,240,,1.0,False,,20,60,24,4,6,1,0.5,,,,10,,,,,,,,,"{""config"":{""seed"":42,""N_loc"":20,""N_lin"":60,""N_J"":24,""N_phi"":4,""lambda_penalty"":0.05,""local_ridge"":1e-08,""kernel"":""ADP.core.ADP_Config:epanechnikov"",""a"":1.4142135623730951,""h_min"":0.6454972243679028,""batch_size"":32,""index_init"":""local"",""estimator"":""new"",""direction_mode"":""auto"",""multi_tensor"":""orthogonal"",""select_step"":""best"",""center_displacement"":0.0,""training_set"":""all"",""redraw_directions"":true,""smart_weights"":false,""gpu"":false,""gpu_solver"":false},""solver_tol"":1e-06,""solver_max_steps"":3,""solver"":""cg"",""theta"":0.1,""trust_radius"":null,""lsmr_maxiter"":null,""cg_maxiter"":null,""manifold"":{""N_manifold"":6,""sync_steps"":1,""lambda_manifold"":0.5}}",,numerical_failure,"RuntimeError: rank-deficient local slope for target 12: rank=0, required=1; increase N_phi or N_loc",local_projector_distance,lower,False,,False,numerical_failure,,,,,,,,,,,,,,,,,,
diagnostic-manifold-base,"manifold: base, local parameter variants",3,"N_loc=20, N_phi=4, N_J=24, N_manifold=6, lambda_manifold=0.5, sync_steps=1",10,10,"{""beta"":2986142371,""features"":946643688,""noise"":1178448990,""centers"":4266290743,""directions"":2060725515,""init"":2568546636,""outliers"":892251341,""outlier_noise"":2365362817,""gamma"":3229695262,""misspecification"":1326227304}",2568546636,ADP,0,240,True,4,60,1.0,0.0,0.05,manifold_radial,gaussian,gaussian,False,0.0,1.0,0.0,manifold,1,240,,1.0,False,,20,60,24,4,6,1,0.5,,,,10,,,,,,,,,"{""config"":{""seed"":42,""N_loc"":20,""N_lin"":60,""N_J"":24,""N_phi"":4,""lambda_penalty"":0.05,""local_ridge"":1e-08,""kernel"":""ADP.core.ADP_Config:epanechnikov"",""a"":1.4142135623730951,""h_min"":0.6454972243679028,""batch_size"":32,""index_init"":""local"",""estimator"":""new"",""direction_mode"":""auto"",""multi_tensor"":""orthogonal"",""select_step"":""best"",""center_displacement"":0.0,""training_set"":""all"",""redraw_directions"":true,""smart_weights"":false,""gpu"":false,""gpu_solver"":false},""solver_tol"":1e-06,""solver_max_steps"":3,""solver"":""cg"",""theta"":0.1,""trust_radius"":null,""lsmr_maxiter"":null,""cg_maxiter"":null,""manifold"":{""N_manifold"":6,""sync_steps"":1,""lambda_manifold"":0.5}}","{""seed"":2568546636,""N_loc"":20,""N_lin"":60,""N_J"":24,""N_phi"":4,""lambda_penalty"":0.05,""local_ridge"":1e-08,""kernel"":""ADP.core.ADP_Config:epanechnikov"",""a"":1.4142135623730951,""h_min"":0.6454972243679028,""batch_size"":32,""index_init"":""local"",""estimator"":""new"",""direction_mode"":""auto"",""multi_tensor"":""orthogonal"",""select_step"":""best"",""center_displacement"":0.0,""training_set"":""all"",""redraw_directions"":true,""smart_weights"":false,""gpu"":false,""gpu_solver"":false,""solver"":""cg"",""solver_tol"":1e-06,""solver_max_steps"":1,""theta"":null,""trust_radius"":null,""lsmr_maxiter"":null,""cg_maxiter"":null,""training_size"":240,""center_displacement_scale"":0.0,""N_manifold"":6,""sync_steps"":1,""lambda_manifold"":0.5}",success,,local_projector_distance,lower,True,False,False,converged_bad_quality,0.497995068202645,,,0.497995068202645,0.9819407237315736,79.09455070260343,,0.497995068202645,[],0.2293113080013427,0.3876514434814453,3,h_min,2,109.44391422977469,0.6752897965249645,"[{""phase"":""sync"",""iteration"":0,""h"":1.6866708117994105,""h_manifold"":2.297981403041594,""alpha"":1.0,""alpha_manifold"":1.0,""function_edges"":871,""manifold_edges"":222,""function_mass_q10"":4.355265438201597,""function_mass_min"":2.3899055485943954,""function_mass_mean"":20.0,""function_mass_median"":14.969596917254021,""function_mass_q90"":37.64094350675557,""n_eff_q10"":6.239732807518214,""n_eff_min"":3.5281007135554763,""n_eff_median"":21.439885448502068,""n_eff_q90"":52.610222834959174,""manifold_mass_q10"":2.0423621649367583,""manifold_mass_median"":5.863692938102602,""manifold_mass_q90"":9.612680259865932,""projector_change_median"":0.24393773091803944,""projector_change_max"":0.4957961854539619,""objective"":28.85011204372972,""manifold_penalty"":2.632416812528084,""cg_iterations"":96,""cg_relative_residual_max"":8.652005258892101e-16,""linear_iterations"":96,""linear_relative_residual_max"":8.652005258892101e-16,""dense_solves"":0,""pcg_solves"":0,""fallback_solves"":0},{""phase"":""scale"",""iteration"":1,""h"":1.1926563686527822,""h_manifold"":2.297981403041594,""alpha"":0.6207627654075623,""alpha_manifold"":1.0,""function_edges"":859,""manifold_edges"":222,""function_mass_q10"":3.374506051282718,""function_mass_min"":1.8189241334910324,""function_mass_mean"":20.000000219327973,""function_mass_median"":15.186104431016973,""function_mass_q90"":37.40266506165637,""n_eff_q10"":5.014188682667251,""n_eff_min"":2.451771935824976,""n_eff_median"":21.63135695016898,""n_eff_q90"":51.26414174001763,""manifold_mass_q10"":2.0423621649367583,""manifold_mass_median"":5.863692938102602,""manifold_mass_q90"":9.612680259865932,""projector_change_median"":0.2073315108840933,""projector_change_max"":0.3452068479472884,""objective"":18.8869096491652,""manifold_penalty"":2.5845056062642207,""cg_iterations"":96,""cg_relative_residual_max"":4.931718399250637e-16,""linear_iterations"":96,""linear_relative_residual_max"":4.931718399250637e-16,""dense_solves"":0,""pcg_solves"":0,""fallback_solves"":0},{""phase"":""scale"",""iteration"":2,""h"":0.8433354058997052,""h_manifold"":2.297981403041594,""alpha"":0.37648558616638184,""alpha_manifold"":1.0,""function_edges"":835,""manifold_edges"":222,""function_mass_q10"":4.46973116461444,""function_mass_min"":1.5246839205384106,""function_mass_mean"":20.00000114285469,""function_mass_median"":16.47569435706594,""function_mass_q90"":37.93033341567315,""n_eff_q10"":6.181455596943944,""n_eff_min"":1.8228443682780502,""n_eff_median"":24.608443192279267,""n_eff_q90"":50.84267852622152,""manifold_mass_q10"":2.0423621649367583,""manifold_mass_median"":5.863692938102602,""manifold_mass_q90"":9.612680259865932,""projector_change_median"":0.14920438779042455,""projector_change_max"":0.5565054884379507,""objective"":23.829883802843284,""manifold_penalty"":2.4565128850067977,""cg_iterations"":96,""cg_relative_residual_max"":4.510960034857319e-14,""linear_iterations"":96,""linear_relative_residual_max"":4.510960034857319e-14,""dense_solves"":0,""pcg_solves"":0,""fallback_solves"":0,""stop_reason"":""h_min""}]","{""converged"":true,""cg_iterations"":288,""cg_relative_residual_max"":4.510960034857319e-14,""linear_iterations"":288,""linear_relative_residual_max"":4.510960034857319e-14,""dense_solves"":0,""pcg_solves"":0,""fallback_solves"":0}"
diagnostic-manifold-base,"manifold: base, local parameter variants",3,"N_loc=20, N_phi=4, N_J=24, N_manifold=6, lambda_manifold=0.5, sync_steps=1",11,11,"{""beta"":1169213037,""features"":1095957835,""noise"":3841810831,""centers"":1031671468,""directions"":3208422369,""init"":3202220039,""outliers"":3254441912,""outlier_noise"":462153641,""gamma"":938740265,""misspecification"":1943647296}",3202220039,ADP,0,240,True,4,60,1.0,0.0,0.05,manifold_radial,gaussian,gaussian,False,0.0,1.0,0.0,manifold,1,240,,1.0,False,,20,60,24,4,6,1,0.5,,,,10,,,,,,,,,"{""config"":{""seed"":42,""N_loc"":20,""N_lin"":60,""N_J"":24,""N_phi"":4,""lambda_penalty"":0.05,""local_ridge"":1e-08,""kernel"":""ADP.core.ADP_Config:epanechnikov"",""a"":1.4142135623730951,""h_min"":0.6454972243679028,""batch_size"":32,""index_init"":""local"",""estimator"":""new"",""direction_mode"":""auto"",""multi_tensor"":""orthogonal"",""select_step"":""best"",""center_displacement"":0.0,""training_set"":""all"",""redraw_directions"":true,""smart_weights"":false,""gpu"":false,""gpu_solver"":false},""solver_tol"":1e-06,""solver_max_steps"":3,""solver"":""cg"",""theta"":0.1,""trust_radius"":null,""lsmr_maxiter"":null,""cg_maxiter"":null,""manifold"":{""N_manifold"":6,""sync_steps"":1,""lambda_manifold"":0.5}}","{""seed"":3202220039,""N_loc"":20,""N_lin"":60,""N_J"":24,""N_phi"":4,""lambda_penalty"":0.05,""local_ridge"":1e-08,""kernel"":""ADP.core.ADP_Config:epanechnikov"",""a"":1.4142135623730951,""h_min"":0.6454972243679028,""batch_size"":32,""index_init"":""local"",""estimator"":""new"",""direction_mode"":""auto"",""multi_tensor"":""orthogonal"",""select_step"":""best"",""center_displacement"":0.0,""training_set"":""all"",""redraw_directions"":true,""smart_weights"":false,""gpu"":false,""gpu_solver"":false,""solver"":""cg"",""solver_tol"":1e-06,""solver_max_steps"":1,""theta"":null,""trust_radius"":null,""lsmr_maxiter"":null,""cg_maxiter"":null,""training_size"":240,""center_displacement_scale"":0.0,""N_manifold"":6,""sync_steps"":1,""lambda_manifold"":0.5}",success,,local_projector_distance,lower,True,False,False,converged_bad_quality,0.5106916368173621,,,0.5106916368173621,0.9984760532571509,86.83642821053981,,0.5106916368173621,[],0.2368070730008185,0.3880767822265625,3,h_min,2,108.8166643464356,0.6733518902551239,"[{""phase"":""sync"",""iteration"":0,""h"":1.5204013226950852,""h_manifold"":2.122917706841165,""alpha"":1.0,""alpha_manifold"":1.0,""function_edges"":875,""manifold_edges"":236,""function_mass_q10"":5.234231782333284,""function_mass_min"":2.477639733794975,""function_mass_mean"":20.000000000000014,""function_mass_median"":15.868326181299363,""function_mass_q90"":36.693453277372136,""n_eff_q10"":7.536996574725949,""n_eff_min"":3.0872737184018852,""n_eff_median"":23.72759629738974,""n_eff_q90"":50.46040786535443,""manifold_mass_q10"":2.5807857931611795,""manifold_mass_median"":5.98472883588148,""manifold_mass_q90"":9.609776177171382,""projector_change_median"":0.18398739477600673,""projector_change_max"":0.7362406280844206,""objective"":16.47318666715366,""manifold_penalty"":1.210055366857703,""cg_iterations"":96,""cg_relative_residual_max"":4.657819861357135e-16,""linear_iterations"":96,""linear_relative_residual_max"":4.657819861357135e-16,""dense_solves"":0,""pcg_solves"":0,""fallback_solves"":0},{""phase"":""scale"",""iteration"":1,""h"":1.075086085402691,""h_manifold"":2.122917706841165,""alpha"":0.607023760676384,""alpha_manifold"":1.0,""function_edges"":852,""manifold_edges"":236,""function_mass_q10"":5.550174459512418,""function_mass_min"":2.075943741831213,""function_mass_mean"":20.000001018216985,""function_mass_median"":14.90313915592385,""function_mass_q90"":36.36943245102362,""n_eff_q10"":8.401860866521497,""n_eff_min"":2.533672405342735,""n_eff_median"":22.007205033080382,""n_eff_q90"":51.53605754689847,""manifold_mass_q10"":2.5807857931611795,""manifold_mass_median"":5.98472883588148,""manifold_mass_q90"":9.609776177171382,""projector_change_median"":0.19949893184938908,""projector_change_max"":0.37788602143055955,""objective"":21.25983769175155,""manifold_penalty"":1.155323898196343,""cg_iterations"":96,""cg_relative_residual_max"":7.781863222449108e-16,""linear_iterations"":96,""linear_relative_residual_max"":7.781863222449108e-16,""dense_solves"":0,""pcg_solves"":0,""fallback_solves"":0},{""phase"":""scale"",""iteration"":2,""h"":0.7602006613475425,""h_manifold"":2.122917706841165,""alpha"":0.35835009813308716,""alpha_manifold"":1.0,""function_edges"":821,""manifold_edges"":236,""function_mass_q10"":6.706475728346659,""function_mass_min"":1.5972625385917965,""function_mass_mean"":20.000000250879044,""function_mass_median"":16.733675815418316,""function_mass_q90"":35.47671243021315,""n_eff_q10"":9.279871520284331,""n_eff_min"":1.8804490542178858,""n_eff_median"":23.57073316924685,""n_eff_q90"":49.04825057968087,""manifold_mass_q10"":2.5807857931611795,""manifold_mass_median"":5.98472883588148,""manifold_mass_q90"":9.609776177171382,""projector_change_median"":0.1553847271215037,""projector_change_max"":0.7706217551244329,""objective"":26.61183033107811,""manifold_penalty"":1.049048314415022,""cg_iterations"":96,""cg_relative_residual_max"":1.7668048845243709e-15,""linear_iterations"":96,""linear_relative_residual_max"":1.7668048845243709e-15,""dense_solves"":0,""pcg_solves"":0,""fallback_solves"":0,""stop_reason"":""h_min""}]","{""converged"":true,""cg_iterations"":288,""cg_relative_residual_max"":1.7668048845243709e-15,""linear_iterations"":288,""linear_relative_residual_max"":1.7668048845243709e-15,""dense_solves"":0,""pcg_solves"":0,""fallback_solves"":0}"
diagnostic-manifold-base,"manifold: base, local parameter variants",4,"N_loc=20, N_phi=16, N_J=24, N_manifold=6, lambda_manifold=0.5, sync_steps=1",0,0,"{""beta"":160747260,""features"":2186772633,""noise"":475316650,""centers"":2297579960,""directions"":834610471,""init"":3414180542,""outliers"":2022353668,""outlier_noise"":1111215905,""gamma"":2591228347,""misspecification"":1802179717}",3414180542,ADP,0,240,True,4,60,1.0,0.0,0.05,manifold_radial,gaussian,gaussian,False,0.0,1.0,0.0,manifold,1,240,,1.0,False,,20,60,24,16,6,1,0.5,,,,10,,,,,,,,,"{""config"":{""seed"":42,""N_loc"":20,""N_lin"":60,""N_J"":24,""N_phi"":16,""lambda_penalty"":0.05,""local_ridge"":1e-08,""kernel"":""ADP.core.ADP_Config:epanechnikov"",""a"":1.4142135623730951,""h_min"":0.6454972243679028,""batch_size"":32,""index_init"":""local"",""estimator"":""new"",""direction_mode"":""auto"",""multi_tensor"":""orthogonal"",""select_step"":""best"",""center_displacement"":0.0,""training_set"":""all"",""redraw_directions"":true,""smart_weights"":false,""gpu"":false,""gpu_solver"":false},""solver_tol"":1e-06,""solver_max_steps"":3,""solver"":""cg"",""theta"":0.1,""trust_radius"":null,""lsmr_maxiter"":null,""cg_maxiter"":null,""manifold"":{""N_manifold"":6,""sync_steps"":1,""lambda_manifold"":0.5}}","{""seed"":3414180542,""N_loc"":20,""N_lin"":60,""N_J"":24,""N_phi"":16,""lambda_penalty"":0.05,""local_ridge"":1e-08,""kernel"":""ADP.core.ADP_Config:epanechnikov"",""a"":1.4142135623730951,""h_min"":0.6454972243679028,""batch_size"":32,""index_init"":""local"",""estimator"":""new"",""direction_mode"":""auto"",""multi_tensor"":""orthogonal"",""select_step"":""best"",""center_displacement"":0.0,""training_set"":""all"",""redraw_directions"":true,""smart_weights"":false,""gpu"":false,""gpu_solver"":false,""solver"":""cg"",""solver_tol"":1e-06,""solver_max_steps"":1,""theta"":null,""trust_radius"":null,""lsmr_maxiter"":null,""cg_maxiter"":null,""training_size"":240,""center_displacement_scale"":0.0,""N_manifold"":6,""sync_steps"":1,""lambda_manifold"":0.5}",success,,local_projector_distance,lower,True,False,False,converged_bad_quality,0.4605020226574629,,,0.4605020226574629,0.9747957558612284,77.1088730415175,,0.4605020226574629,[],0.2655714020002051,0.9739370346069336,3,h_min,2,86.37073230445216,0.5998983674494794,"[{""phase"":""sync"",""iteration"":0,""h"":1.6633575396573566,""h_manifold"":2.250489893576492,""alpha"":1.0,""alpha_manifold"":1.0,""function_edges"":851,""manifold_edges"":228,""function_mass_q10"":4.142971690230403,""function_mass_min"":2.4337449486986866,""function_mass_mean"":20.000000000000004,""function_mass_median"":18.07643994820915,""function_mass_q90"":37.056444288326794,""n_eff_q10"":6.336492672760581,""n_eff_min"":3.3874532556079515,""n_eff_median"":24.917576549473505,""n_eff_q90"":52.0676568628778,""manifold_mass_q10"":1.3171777284793307,""manifold_mass_median"":5.905797282851303,""manifold_mass_q90"":9.487421311276238,""projector_change_median"":0.1527215270588998,""projector_change_max"":0.4457235429629871,""objective"":171.4125391775256,""manifold_penalty"":2.0825341383836116,""cg_iterations"":96,""cg_relative_residual_max"":7.471519694096793e-16,""linear_iterations"":96,""linear_relative_residual_max"":7.471519694096793e-16,""dense_solves"":0,""pcg_solves"":0,""fallback_solves"":0},{""phase"":""scale"",""iteration"":1,""h"":1.1761713958294884,""h_manifold"":2.250489893576492,""alpha"":0.6102652847766876,""alpha_manifold"":1.0,""function_edges"":829,""manifold_edges"":228,""function_mass_q10"":4.36469827046094,""function_mass_min"":1.6659244098908486,""function_mass_mean"":20.000000436174286,""function_mass_median"":18.021781197523843,""function_mass_q90"":38.10100911464361,""n_eff_q10"":6.325484018046877,""n_eff_min"":1.9759601924025032,""n_eff_median"":25.354757201337677,""n_eff_q90"":51.079907603707085,""manifold_mass_q10"":1.3171777284793307,""manifold_mass_median"":5.905797282851303,""manifold_mass_q90"":9.487421311276238,""projector_change_median"":0.11046836734352455,""projector_change_max"":0.2612245726276795,""objective"":157.14983930232498,""manifold_penalty"":1.9718877682756162,""cg_iterations"":96,""cg_relative_residual_max"":5.466170943136449e-16,""linear_iterations"":96,""linear_relative_residual_max"":5.466170943136449e-16,""dense_solves"":0,""pcg_solves"":0,""fallback_solves"":0},{""phase"":""scale"",""iteration"":2,""h"":0.8316787698286782,""h_manifold"":2.250489893576492,""alpha"":0.36630918085575104,""alpha_manifold"":1.0,""function_edges"":829,""manifold_edges"":228,""function_mass_q10"":6.582584832259632,""function_mass_min"":1.488776466960755,""function_mass_mean"":20.00000002842567,""function_mass_median"":16.98913361925955,""function_mass_q90"":38.146240402820325,""n_eff_q10"":10.134773346239479,""n_eff_min"":1.7890475525572902,""n_eff_median"":22.193439656436247,""n_eff_q90"":52.2497118197631,""manifold_mass_q10"":1.3171777284793307,""manifold_mass_median"":5.905797282851303,""manifold_mass_q90"":9.487421311276238,""projector_change_median"":0.10547272958902437,""projector_change_max"":0.27577342732472604,""objective"":134.69971138189868,""manifold_penalty"":2.0543740546495854,""cg_iterations"":92,""cg_relative_residual_max"":1.3454279667373754e-14,""linear_iterations"":92,""linear_relative_residual_max"":1.3454279667373754e-14,""dense_solves"":0,""pcg_solves"":0,""fallback_solves"":0,""stop_reason"":""h_min""}]","{""converged"":true,""cg_iterations"":284,""cg_relative_residual_max"":1.3454279667373754e-14,""linear_iterations"":284,""linear_relative_residual_max"":1.3454279667373754e-14,""dense_solves"":0,""pcg_solves"":0,""fallback_solves"":0}"
diagnostic-manifold-base,"manifold: base, local parameter variants",4,"N_loc=20, N_phi=16, N_J=24, N_manifold=6, lambda_manifold=0.5, sync_steps=1",1,1,"{""beta"":1931894582,""features"":728973687,""noise"":453924638,""centers"":2145764529,""directions"":1084146302,""init"":1568069026,""outliers"":2674833454,""outlier_noise"":1988346855,""gamma"":3811432093,""misspecification"":345464691}",1568069026,ADP,0,240,True,4,60,1.0,0.0,0.05,manifold_radial,gaussian,gaussian,False,0.0,1.0,0.0,manifold,1,240,,1.0,False,,20,60,24,16,6,1,0.5,,,,10,,,,,,,,,"{""config"":{""seed"":42,""N_loc"":20,""N_lin"":60,""N_J"":24,""N_phi"":16,""lambda_penalty"":0.05,""local_ridge"":1e-08,""kernel"":""ADP.core.ADP_Config:epanechnikov"",""a"":1.4142135623730951,""h_min"":0.6454972243679028,""batch_size"":32,""index_init"":""local"",""estimator"":""new"",""direction_mode"":""auto"",""multi_tensor"":""orthogonal"",""select_step"":""best"",""center_displacement"":0.0,""training_set"":""all"",""redraw_directions"":true,""smart_weights"":false,""gpu"":false,""gpu_solver"":false},""solver_tol"":1e-06,""solver_max_steps"":3,""solver"":""cg"",""theta"":0.1,""trust_radius"":null,""lsmr_maxiter"":null,""cg_maxiter"":null,""manifold"":{""N_manifold"":6,""sync_steps"":1,""lambda_manifold"":0.5}}","{""seed"":1568069026,""N_loc"":20,""N_lin"":60,""N_J"":24,""N_phi"":16,""lambda_penalty"":0.05,""local_ridge"":1e-08,""kernel"":""ADP.core.ADP_Config:epanechnikov"",""a"":1.4142135623730951,""h_min"":0.6454972243679028,""batch_size"":32,""index_init"":""local"",""estimator"":""new"",""direction_mode"":""auto"",""multi_tensor"":""orthogonal"",""select_step"":""best"",""center_displacement"":0.0,""training_set"":""all"",""redraw_directions"":true,""smart_weights"":false,""gpu"":false,""gpu_solver"":false,""solver"":""cg"",""solver_tol"":1e-06,""solver_max_steps"":1,""theta"":null,""trust_radius"":null,""lsmr_maxiter"":null,""cg_maxiter"":null,""training_size"":240,""center_displacement_scale"":0.0,""N_manifold"":6,""sync_steps"":1,""lambda_manifold"":0.5}",success,,local_projector_distance,lower,True,False,False,converged_bad_quality,0.42267123811974544,,,0.42267123811974544,0.9999322209285351,89.33290468479355,,0.42267123811974544,[],0.24952692800070508,0.9306526184082031,3,h_min,2,72.16178230487861,0.5483375720639561,"[{""phase"":""sync"",""iteration"":0,""h"":1.655828701493783,""h_manifold"":2.319866362038382,""alpha"":1.0,""alpha_manifold"":1.0,""function_edges"":876,""manifold_edges"":224,""function_mass_q10"":6.2626455605731195,""function_mass_min"":4.398587113857294,""function_mass_mean"":19.999999999999996,""function_mass_median"":20.317212386344664,""function_mass_q90"":32.171074455832944,""n_eff_q10"":9.115186139787221,""n_eff_min"":5.644182069735399,""n_eff_median"":28.835288321549683,""n_eff_q90"":44.34415078417799,""manifold_mass_q10"":2.290557434291452,""manifold_mass_median"":6.120236735010389,""manifold_mass_q90"":10.074979297813792,""projector_change_median"":0.13570846185985613,""projector_change_max"":0.6468729440457891,""objective"":138.87399606930654,""manifold_penalty"":1.3603582520927504,""cg_iterations"":96,""cg_relative_residual_max"":4.596684857232743e-16,""linear_iterations"":96,""linear_relative_residual_max"":4.596684857232743e-16,""dense_solves"":0,""pcg_solves"":0,""fallback_solves"":0},{""phase"":""scale"",""iteration"":1,""h"":1.1708477033095694,""h_manifold"":2.319866362038382,""alpha"":0.6132639199495316,""alpha_manifold"":1.0,""function_edges"":869,""manifold_edges"":224,""function_mass_q10"":4.772384134682113,""function_mass_min"":3.8491116771421634,""function_mass_mean"":20.00000078076214,""function_mass_median"":20.755446149579072,""function_mass_q90"":31.48726092103848,""n_eff_q10"":6.785007590707501,""n_eff_min"":5.195665473081165,""n_eff_median"":28.070928898268498,""n_eff_q90"":41.99360666618406,""manifold_mass_q10"":2.290557434291452,""manifold_mass_median"":6.120236735010389,""manifold_mass_q90"":10.074979297813792,""projector_change_median"":0.1299098853592051,""projector_change_max"":0.244635403876072,""objective"":147.25174886167602,""manifold_penalty"":1.314338066695305,""cg_iterations"":96,""cg_relative_residual_max"":2.0585482063089646e-14,""linear_iterations"":96,""linear_relative_residual_max"":2.0585482063089646e-14,""dense_solves"":0,""pcg_solves"":0,""fallback_solves"":0},{""phase"":""scale"",""iteration"":2,""h"":0.8279143507468913,""h_manifold"":2.319866362038382,""alpha"":0.3709252178668976,""alpha_manifold"":1.0,""function_edges"":828,""manifold_edges"":224,""function_mass_q10"":4.3920588127440015,""function_mass_min"":3.434834679770646,""function_mass_mean"":20.00000013148467,""function_mass_median"":20.093061163832033,""function_mass_q90"":32.42118345536006,""n_eff_q10"":5.650467708309615,""n_eff_min"":4.377826704944297,""n_eff_median"":26.986504139096784,""n_eff_q90"":43.46620656612778,""manifold_mass_q10"":2.290557434291452,""manifold_mass_median"":6.120236735010389,""manifold_mass_q90"":10.074979297813792,""projector_change_median"":0.12748567817646675,""projector_change_max"":0.34987004538180216,""objective"":93.78097306312742,""manifold_penalty"":1.3566012484133025,""cg_iterations"":96,""cg_relative_residual_max"":4.4578778387844345e-14,""linear_iterations"":96,""linear_relative_residual_max"":4.4578778387844345e-14,""dense_solves"":0,""pcg_solves"":0,""fallback_solves"":0,""stop_reason"":""h_min""}]","{""converged"":true,""cg_iterations"":288,""cg_relative_residual_max"":4.4578778387844345e-14,""linear_iterations"":288,""linear_relative_residual_max"":4.4578778387844345e-14,""dense_solves"":0,""pcg_solves"":0,""fallback_solves"":0}"
diagnostic-manifold-base,"manifold: base, local parameter variants",4,"N_loc=20, N_phi=16, N_J=24, N_manifold=6, lambda_manifold=0.5, sync_steps=1",2,2,"{""beta"":3049918365,""features"":1057112449,""noise"":2816531493,""centers"":3529945714,""directions"":2935922697,""init"":4167035260,""outliers"":1654234620,""outlier_noise"":2849204727,""gamma"":605489280,""misspecification"":212052512}",4167035260,ADP,0,240,True,4,60,1.0,0.0,0.05,manifold_radial,gaussian,gaussian,False,0.0,1.0,0.0,manifold,1,240,,1.0,False,,20,60,24,16,6,1,0.5,,,,10,,,,,,,,,"{""config"":{""seed"":42,""N_loc"":20,""N_lin"":60,""N_J"":24,""N_phi"":16,""lambda_penalty"":0.05,""local_ridge"":1e-08,""kernel"":""ADP.core.ADP_Config:epanechnikov"",""a"":1.4142135623730951,""h_min"":0.6454972243679028,""batch_size"":32,""index_init"":""local"",""estimator"":""new"",""direction_mode"":""auto"",""multi_tensor"":""orthogonal"",""select_step"":""best"",""center_displacement"":0.0,""training_set"":""all"",""redraw_directions"":true,""smart_weights"":false,""gpu"":false,""gpu_solver"":false},""solver_tol"":1e-06,""solver_max_steps"":3,""solver"":""cg"",""theta"":0.1,""trust_radius"":null,""lsmr_maxiter"":null,""cg_maxiter"":null,""manifold"":{""N_manifold"":6,""sync_steps"":1,""lambda_manifold"":0.5}}","{""seed"":4167035260,""N_loc"":20,""N_lin"":60,""N_J"":24,""N_phi"":16,""lambda_penalty"":0.05,""local_ridge"":1e-08,""kernel"":""ADP.core.ADP_Config:epanechnikov"",""a"":1.4142135623730951,""h_min"":0.6454972243679028,""batch_size"":32,""index_init"":""local"",""estimator"":""new"",""direction_mode"":""auto"",""multi_tensor"":""orthogonal"",""select_step"":""best"",""center_displacement"":0.0,""training_set"":""all"",""redraw_directions"":true,""smart_weights"":false,""gpu"":false,""gpu_solver"":false,""solver"":""cg"",""solver_tol"":1e-06,""solver_max_steps"":1,""theta"":null,""trust_radius"":null,""lsmr_maxiter"":null,""cg_maxiter"":null,""training_size"":240,""center_displacement_scale"":0.0,""N_manifold"":6,""sync_steps"":1,""lambda_manifold"":0.5}",success,,local_projector_distance,lower,True,False,False,converged_bad_quality,0.4969768388666404,,,0.4969768388666404,0.9902872095200469,82.00788387230774,,0.4969768388666404,[],0.2440220419994148,0.9268932342529297,3,h_min,2,130.09002720886255,0.7362348674417202,"[{""phase"":""sync"",""iteration"":0,""h"":1.6949287368540935,""h_manifold"":2.2964829637292796,""alpha"":1.0,""alpha_manifold"":1.0,""function_edges"":865,""manifold_edges"":230,""function_mass_q10"":7.891682163545296,""function_mass_min"":2.6677890471491295,""function_mass_mean"":20.000000000000004,""function_mass_median"":17.933978592667746,""function_mass_q90"":32.55763612370227,""n_eff_q10"":11.263391536939,""n_eff_min"":3.957090577021544,""n_eff_median"":27.063203551782323,""n_eff_q90"":45.58724546953231,""manifold_mass_q10"":2.726294132473343,""manifold_mass_median"":5.699909910362927,""manifold_mass_q90"":10.017294286875105,""projector_change_median"":0.1484499119200472,""projector_change_max"":0.499725615588497,""objective"":189.9469171747506,""manifold_penalty"":1.3415801297448042,""cg_iterations"":96,""cg_relative_residual_max"":4.623216419064144e-16,""linear_iterations"":96,""linear_relative_residual_max"":4.623216419064144e-16,""dense_solves"":0,""pcg_solves"":0,""fallback_solves"":0},{""phase"":""scale"",""iteration"":1,""h"":1.1984956034574787,""h_manifold"":2.2964829637292796,""alpha"":0.6105396896600723,""alpha_manifold"":1.0,""function_edges"":857,""manifold_edges"":230,""function_mass_q10"":7.971754909561867,""function_mass_min"":2.992476783753502,""function_mass_mean"":20.000000807857734,""function_mass_median"":17.84452517651151,""function_mass_q90"":34.814674610702475,""n_eff_q10"":11.485207830394787,""n_eff_min"":4.666790826243293,""n_eff_median"":25.0157141647881,""n_eff_q90"":49.97487439365293,""manifold_mass_q10"":2.726294132473343,""manifold_mass_median"":5.699909910362927,""manifold_mass_q90"":10.017294286875105,""projector_change_median"":0.17037698555901587,""projector_change_max"":0.7636992730855999,""objective"":201.94021150078925,""manifold_penalty"":1.6277940770264996,""cg_iterations"":96,""cg_relative_residual_max"":4.488362428903026e-16,""linear_iterations"":96,""linear_relative_residual_max"":4.488362428903026e-16,""dense_solves"":0,""pcg_solves"":0,""fallback_solves"":0},{""phase"":""scale"",""iteration"":2,""h"":0.8474643684270466,""h_manifold"":2.2964829637292796,""alpha"":0.36761996150016785,""alpha_manifold"":1.0,""function_edges"":819,""manifold_edges"":230,""function_mass_q10"":7.593365787742322,""function_mass_min"":2.538664191538669,""function_mass_mean"":20.000001280553246,""function_mass_median"":16.61223173335003,""function_mass_q90"":33.998644547503254,""n_eff_q10"":10.216618005086769,""n_eff_min"":3.9609054019899697,""n_eff_median"":21.575198386013867,""n_eff_q90"":48.41379998774685,""manifold_mass_q10"":2.726294132473343,""manifold_mass_median"":5.699909910362927,""manifold_mass_q90"":10.017294286875105,""projector_change_median"":0.10833246642593085,""projector_change_max"":1.0902022411148067,""objective"":144.70477719209248,""manifold_penalty"":1.869860371356927,""cg_iterations"":96,""cg_relative_residual_max"":9.733262592378334e-16,""linear_iterations"":96,""linear_relative_residual_max"":9.733262592378334e-16,""dense_solves"":0,""pcg_solves"":0,""fallback_solves"":0,""stop_reason"":""h_min""}]","{""converged"":true,""cg_iterations"":288,""cg_relative_residual_max"":9.733262592378334e-16,""linear_iterations"":288,""linear_relative_residual_max"":9.733262592378334e-16,""dense_solves"":0,""pcg_solves"":0,""fallback_solves"":0}"
diagnostic-manifold-base,"manifold: base, local parameter variants",4,"N_loc=20, N_phi=16, N_J=24, N_manifold=6, lambda_manifold=0.5, sync_steps=1",3,3,"{""beta"":4255376772,""features"":1229764143,""noise"":813326700,""centers"":2701065647,""directions"":3025337717,""init"":2424736837,""outliers"":408440574,""outlier_noise"":739910795,""gamma"":1682775850,""misspecification"":3107270422}",2424736837,ADP,0,240,True,4,60,1.0,0.0,0.05,manifold_radial,gaussian,gaussian,False,0.0,1.0,0.0,manifold,1,240,,1.0,False,,20,60,24,16,6,1,0.5,,,,10,,,,,,,,,"{""config"":{""seed"":42,""N_loc"":20,""N_lin"":60,""N_J"":24,""N_phi"":16,""lambda_penalty"":0.05,""local_ridge"":1e-08,""kernel"":""ADP.core.ADP_Config:epanechnikov"",""a"":1.4142135623730951,""h_min"":0.6454972243679028,""batch_size"":32,""index_init"":""local"",""estimator"":""new"",""direction_mode"":""auto"",""multi_tensor"":""orthogonal"",""select_step"":""best"",""center_displacement"":0.0,""training_set"":""all"",""redraw_directions"":true,""smart_weights"":false,""gpu"":false,""gpu_solver"":false},""solver_tol"":1e-06,""solver_max_steps"":3,""solver"":""cg"",""theta"":0.1,""trust_radius"":null,""lsmr_maxiter"":null,""cg_maxiter"":null,""manifold"":{""N_manifold"":6,""sync_steps"":1,""lambda_manifold"":0.5}}","{""seed"":2424736837,""N_loc"":20,""N_lin"":60,""N_J"":24,""N_phi"":16,""lambda_penalty"":0.05,""local_ridge"":1e-08,""kernel"":""ADP.core.ADP_Config:epanechnikov"",""a"":1.4142135623730951,""h_min"":0.6454972243679028,""batch_size"":32,""index_init"":""local"",""estimator"":""new"",""direction_mode"":""auto"",""multi_tensor"":""orthogonal"",""select_step"":""best"",""center_displacement"":0.0,""training_set"":""all"",""redraw_directions"":true,""smart_weights"":false,""gpu"":false,""gpu_solver"":false,""solver"":""cg"",""solver_tol"":1e-06,""solver_max_steps"":1,""theta"":null,""trust_radius"":null,""lsmr_maxiter"":null,""cg_maxiter"":null,""training_size"":240,""center_displacement_scale"":0.0,""N_manifold"":6,""sync_steps"":1,""lambda_manifold"":0.5}",success,,local_projector_distance,lower,True,False,False,converged_bad_quality,0.5225726993202898,,,0.5225726993202898,0.9992526864696326,87.78478388137768,,0.5225726993202898,[],0.2443490000005113,0.9269790649414062,3,h_min,2,81.14301770190112,0.5814601509056787,"[{""phase"":""sync"",""iteration"":0,""h"":1.5615755036669832,""h_manifold"":1.9944635143778515,""alpha"":1.0,""alpha_manifold"":1.0,""function_edges"":855,""manifold_edges"":218,""function_mass_q10"":6.473282369427427,""function_mass_min"":4.6225759309657,""function_mass_mean"":19.999999999999996,""function_mass_median"":16.8802795091385,""function_mass_q90"":31.955726319463693,""n_eff_q10"":9.761322241876911,""n_eff_min"":5.500069281013567,""n_eff_median"":24.449232429814806,""n_eff_q90"":44.77381867298445,""manifold_mass_q10"":2.4636965800324506,""manifold_mass_median"":6.3404674752220505,""manifold_mass_q90"":9.608100287713269,""projector_change_median"":0.22976423586777184,""projector_change_max"":0.8842376292723934,""objective"":264.68705309216955,""manifold_penalty"":3.0912907575658792,""cg_iterations"":96,""cg_relative_residual_max"":4.2319745591226135e-16,""linear_iterations"":96,""linear_relative_residual_max"":4.2319745591226135e-16,""dense_solves"":0,""pcg_solves"":0,""fallback_solves"":0},{""phase"":""scale"",""iteration"":1,""h"":1.1042006279777221,""h_manifold"":1.9944635143778515,""alpha"":0.613117516040802,""alpha_manifold"":1.0,""function_edges"":856,""manifold_edges"":218,""function_mass_q10"":7.068499127426292,""function_mass_min"":4.987543169241708,""function_mass_mean"":20.000000990463345,""function_mass_median"":17.21098139632666,""function_mass_q90"":31.824691785653307,""n_eff_q10"":10.004589863233608,""n_eff_min"":7.230342420539986,""n_eff_median"":25.355946519785444,""n_eff_q90"":45.391538006002214,""manifold_mass_q10"":2.4636965800324506,""manifold_mass_median"":6.3404674752220505,""manifold_mass_q90"":9.608100287713269,""projector_change_median"":0.15142437577350737,""projector_change_max"":0.4680378158889488,""objective"":191.52504611884547,""manifold_penalty"":2.926792909736645,""cg_iterations"":96,""cg_relative_residual_max"":3.932345312404755e-15,""linear_iterations"":96,""linear_relative_residual_max"":3.932345312404755e-15,""dense_solves"":0,""pcg_solves"":0,""fallback_solves"":0},{""phase"":""scale"",""iteration"":2,""h"":0.7807877518334915,""h_manifold"":1.9944635143778515,""alpha"":0.373174712061882,""alpha_manifold"":1.0,""function_edges"":841,""manifold_edges"":218,""function_mass_q10"":6.853730490478332,""function_mass_min"":4.777154606044537,""function_mass_mean"":20.00000074213968,""function_mass_median"":18.054342695427884,""function_mass_q90"":31.838754002959057,""n_eff_q10"":9.22450317606902,""n_eff_min"":6.274292285214767,""n_eff_median"":25.44474533531286,""n_eff_q90"":44.24889724886051,""manifold_mass_q10"":2.4636965800324506,""manifold_mass_median"":6.3404674752220505,""manifold_mass_q90"":9.608100287713269,""projector_change_median"":0.16752207712862366,""projector_change_max"":0.889629918547794,""objective"":134.3637281364003,""manifold_penalty"":3.0937851666870584,""cg_iterations"":96,""cg_relative_residual_max"":8.682651741758423e-15,""linear_iterations"":96,""linear_relative_residual_max"":8.682651741758423e-15,""dense_solves"":0,""pcg_solves"":0,""fallback_solves"":0,""stop_reason"":""h_min""}]","{""converged"":true,""cg_iterations"":288,""cg_relative_residual_max"":8.682651741758423e-15,""linear_iterations"":288,""linear_relative_residual_max"":8.682651741758423e-15,""dense_solves"":0,""pcg_solves"":0,""fallback_solves"":0}"
diagnostic-manifold-base,"manifold: base, local parameter variants",4,"N_loc=20, N_phi=16, N_J=24, N_manifold=6, lambda_manifold=0.5, sync_steps=1",4,4,"{""beta"":2626536110,""features"":227981437,""noise"":1989028013,""centers"":4205761707,""directions"":1746734398,""init"":3699691919,""outliers"":1937795235,""outlier_noise"":1205558110,""gamma"":3432378550,""misspecification"":592425380}",3699691919,ADP,0,240,True,4,60,1.0,0.0,0.05,manifold_radial,gaussian,gaussian,False,0.0,1.0,0.0,manifold,1,240,,1.0,False,,20,60,24,16,6,1,0.5,,,,10,,,,,,,,,"{""config"":{""seed"":42,""N_loc"":20,""N_lin"":60,""N_J"":24,""N_phi"":16,""lambda_penalty"":0.05,""local_ridge"":1e-08,""kernel"":""ADP.core.ADP_Config:epanechnikov"",""a"":1.4142135623730951,""h_min"":0.6454972243679028,""batch_size"":32,""index_init"":""local"",""estimator"":""new"",""direction_mode"":""auto"",""multi_tensor"":""orthogonal"",""select_step"":""best"",""center_displacement"":0.0,""training_set"":""all"",""redraw_directions"":true,""smart_weights"":false,""gpu"":false,""gpu_solver"":false},""solver_tol"":1e-06,""solver_max_steps"":3,""solver"":""cg"",""theta"":0.1,""trust_radius"":null,""lsmr_maxiter"":null,""cg_maxiter"":null,""manifold"":{""N_manifold"":6,""sync_steps"":1,""lambda_manifold"":0.5}}",,numerical_failure,"RuntimeError: rank-deficient local slope for target 7: rank=0, required=1; increase N_phi or N_loc",local_projector_distance,lower,False,,False,numerical_failure,,,,,,,,,,,,,,,,,,
diagnostic-manifold-base,"manifold: base, local parameter variants",4,"N_loc=20, N_phi=16, N_J=24, N_manifold=6, lambda_manifold=0.5, sync_steps=1",5,5,"{""beta"":2591981369,""features"":3757986669,""noise"":654094259,""centers"":1360362612,""directions"":622664474,""init"":3202134607,""outliers"":2238804734,""outlier_noise"":1028591118,""gamma"":691848187,""misspecification"":854566012}",3202134607,ADP,0,240,True,4,60,1.0,0.0,0.05,manifold_radial,gaussian,gaussian,False,0.0,1.0,0.0,manifold,1,240,,1.0,False,,20,60,24,16,6,1,0.5,,,,10,,,,,,,,,"{""config"":{""seed"":42,""N_loc"":20,""N_lin"":60,""N_J"":24,""N_phi"":16,""lambda_penalty"":0.05,""local_ridge"":1e-08,""kernel"":""ADP.core.ADP_Config:epanechnikov"",""a"":1.4142135623730951,""h_min"":0.6454972243679028,""batch_size"":32,""index_init"":""local"",""estimator"":""new"",""direction_mode"":""auto"",""multi_tensor"":""orthogonal"",""select_step"":""best"",""center_displacement"":0.0,""training_set"":""all"",""redraw_directions"":true,""smart_weights"":false,""gpu"":false,""gpu_solver"":false},""solver_tol"":1e-06,""solver_max_steps"":3,""solver"":""cg"",""theta"":0.1,""trust_radius"":null,""lsmr_maxiter"":null,""cg_maxiter"":null,""manifold"":{""N_manifold"":6,""sync_steps"":1,""lambda_manifold"":0.5}}",,numerical_failure,"RuntimeError: rank-deficient local slope for target 3: rank=0, required=1; increase N_phi or N_loc",local_projector_distance,lower,False,,False,numerical_failure,,,,,,,,,,,,,,,,,,
diagnostic-manifold-base,"manifold: base, local parameter variants",4,"N_loc=20, N_phi=16, N_J=24, N_manifold=6, lambda_manifold=0.5, sync_steps=1",6,6,"{""beta"":2649590584,""features"":3993099560,""noise"":1760850090,""centers"":1235842596,""directions"":516648510,""init"":1329562486,""outliers"":4220703868,""outlier_noise"":3112353199,""gamma"":697337733,""misspecification"":2423010501}",1329562486,ADP,0,240,True,4,60,1.0,0.0,0.05,manifold_radial,gaussian,gaussian,False,0.0,1.0,0.0,manifold,1,240,,1.0,False,,20,60,24,16,6,1,0.5,,,,10,,,,,,,,,"{""config"":{""seed"":42,""N_loc"":20,""N_lin"":60,""N_J"":24,""N_phi"":16,""lambda_penalty"":0.05,""local_ridge"":1e-08,""kernel"":""ADP.core.ADP_Config:epanechnikov"",""a"":1.4142135623730951,""h_min"":0.6454972243679028,""batch_size"":32,""index_init"":""local"",""estimator"":""new"",""direction_mode"":""auto"",""multi_tensor"":""orthogonal"",""select_step"":""best"",""center_displacement"":0.0,""training_set"":""all"",""redraw_directions"":true,""smart_weights"":false,""gpu"":false,""gpu_solver"":false},""solver_tol"":1e-06,""solver_max_steps"":3,""solver"":""cg"",""theta"":0.1,""trust_radius"":null,""lsmr_maxiter"":null,""cg_maxiter"":null,""manifold"":{""N_manifold"":6,""sync_steps"":1,""lambda_manifold"":0.5}}",,numerical_failure,"RuntimeError: rank-deficient local slope for target 14: rank=0, required=1; increase N_phi or N_loc",local_projector_distance,lower,False,,False,numerical_failure,,,,,,,,,,,,,,,,,,
diagnostic-manifold-base,"manifold: base, local parameter variants",4,"N_loc=20, N_phi=16, N_J=24, N_manifold=6, lambda_manifold=0.5, sync_steps=1",7,7,"{""beta"":1192128109,""features"":4203467630,""noise"":955820423,""centers"":264639041,""directions"":1237972010,""init"":2645466379,""outliers"":2165193105,""outlier_noise"":627906730,""gamma"":548357580,""misspecification"":1960086769}",2645466379,ADP,0,240,True,4,60,1.0,0.0,0.05,manifold_radial,gaussian,gaussian,False,0.0,1.0,0.0,manifold,1,240,,1.0,False,,20,60,24,16,6,1,0.5,,,,10,,,,,,,,,"{""config"":{""seed"":42,""N_loc"":20,""N_lin"":60,""N_J"":24,""N_phi"":16,""lambda_penalty"":0.05,""local_ridge"":1e-08,""kernel"":""ADP.core.ADP_Config:epanechnikov"",""a"":1.4142135623730951,""h_min"":0.6454972243679028,""batch_size"":32,""index_init"":""local"",""estimator"":""new"",""direction_mode"":""auto"",""multi_tensor"":""orthogonal"",""select_step"":""best"",""center_displacement"":0.0,""training_set"":""all"",""redraw_directions"":true,""smart_weights"":false,""gpu"":false,""gpu_solver"":false},""solver_tol"":1e-06,""solver_max_steps"":3,""solver"":""cg"",""theta"":0.1,""trust_radius"":null,""lsmr_maxiter"":null,""cg_maxiter"":null,""manifold"":{""N_manifold"":6,""sync_steps"":1,""lambda_manifold"":0.5}}","{""seed"":2645466379,""N_loc"":20,""N_lin"":60,""N_J"":24,""N_phi"":16,""lambda_penalty"":0.05,""local_ridge"":1e-08,""kernel"":""ADP.core.ADP_Config:epanechnikov"",""a"":1.4142135623730951,""h_min"":0.6454972243679028,""batch_size"":32,""index_init"":""local"",""estimator"":""new"",""direction_mode"":""auto"",""multi_tensor"":""orthogonal"",""select_step"":""best"",""center_displacement"":0.0,""training_set"":""all"",""redraw_directions"":true,""smart_weights"":false,""gpu"":false,""gpu_solver"":false,""solver"":""cg"",""solver_tol"":1e-06,""solver_max_steps"":1,""theta"":null,""trust_radius"":null,""lsmr_maxiter"":null,""cg_maxiter"":null,""training_size"":240,""center_displacement_scale"":0.0,""N_manifold"":6,""sync_steps"":1,""lambda_manifold"":0.5}",success,,local_projector_distance,lower,True,False,False,converged_bad_quality,0.5345835724879034,,,0.5345835724879034,0.9923254795833814,82.89700686527192,,0.5345835724879034,[],0.23587948700151173,0.9251785278320312,3,h_min,2,74.85486094186535,0.5584758311014354,"[{""phase"":""sync"",""iteration"":0,""h"":1.6605951643384131,""h_manifold"":2.318630167001127,""alpha"":1.0,""alpha_manifold"":1.0,""function_edges"":871,""manifold_edges"":222,""function_mass_q10"":5.4842875683172645,""function_mass_min"":2.87726657357594,""function_mass_mean"":20.000000000000007,""function_mass_median"":16.908491909636595,""function_mass_q90"":40.547583270218524,""n_eff_q10"":7.790441833253612,""n_eff_min"":3.8037747892889238,""n_eff_median"":24.313168967284398,""n_eff_q90"":55.55540976725702,""manifold_mass_q10"":1.830223105002875,""manifold_mass_median"":4.7967295617560115,""manifold_mass_q90"":9.882372587920091,""projector_change_median"":0.09891048349456885,""projector_change_max"":0.48895867490161704,""objective"":148.6329186714288,""manifold_penalty"":1.1808795395408127,""cg_iterations"":95,""cg_relative_residual_max"":7.801376715296739e-07,""linear_iterations"":95,""linear_relative_residual_max"":7.801376715296739e-07,""dense_solves"":0,""pcg_solves"":0,""fallback_solves"":0},{""phase"":""scale"",""iteration"":1,""h"":1.1742181015092812,""h_manifold"":2.318630167001127,""alpha"":0.6098395138978958,""alpha_manifold"":1.0,""function_edges"":833,""manifold_edges"":222,""function_mass_q10"":4.903583911780941,""function_mass_min"":1.4688207452549222,""function_mass_mean"":20.00000077481528,""function_mass_median"":15.399637940235099,""function_mass_q90"":41.04509634285942,""n_eff_q10"":7.308574887606023,""n_eff_min"":1.768689092458745,""n_eff_median"":21.07963724050031,""n_eff_q90"":56.65406413964421,""manifold_mass_q10"":1.830223105002875,""manifold_mass_median"":4.7967295617560115,""manifold_mass_q90"":9.882372587920091,""projector_change_median"":0.08205297056427648,""projector_change_max"":0.5963889851854659,""objective"":149.61285734291033,""manifold_penalty"":1.2791354646537716,""cg_iterations"":96,""cg_relative_residual_max"":6.622555926987374e-16,""linear_iterations"":96,""linear_relative_residual_max"":6.622555926987374e-16,""dense_solves"":0,""pcg_solves"":0,""fallback_solves"":0},{""phase"":""scale"",""iteration"":2,""h"":0.8302975821692065,""h_manifold"":2.318630167001127,""alpha"":0.36719468235969543,""alpha_manifold"":1.0,""function_edges"":800,""manifold_edges"":222,""function_mass_q10"":5.383961574961883,""function_mass_min"":1.406660711975905,""function_mass_mean"":20.000000308945598,""function_mass_median"":15.043506639499352,""function_mass_q90"":41.28918365233811,""n_eff_q10"":7.559371677533934,""n_eff_min"":1.825577607464188,""n_eff_median"":20.810344826342696,""n_eff_q90"":54.28324324630361,""manifold_mass_q10"":1.830223105002875,""manifold_mass_median"":4.7967295617560115,""manifold_mass_q90"":9.882372587920091,""projector_change_median"":0.07995363756508161,""projector_change_max"":0.9891702613817103,""objective"":131.50820771578137,""manifold_penalty"":1.4511840656910602,""cg_iterations"":96,""cg_relative_residual_max"":7.031089070539202e-15,""linear_iterations"":96,""linear_relative_residual_max"":7.031089070539202e-15,""dense_solves"":0,""pcg_solves"":0,""fallback_solves"":0,""stop_reason"":""h_min""}]","{""converged"":true,""cg_iterations"":287,""cg_relative_residual_max"":7.801376715296739e-07,""linear_iterations"":287,""linear_relative_residual_max"":7.801376715296739e-07,""dense_solves"":0,""pcg_solves"":0,""fallback_solves"":0}"
diagnostic-manifold-base,"manifold: base, local parameter variants",4,"N_loc=20, N_phi=16, N_J=24, N_manifold=6, lambda_manifold=0.5, sync_steps=1",8,8,"{""beta"":1609080203,""features"":2594376887,""noise"":1918940653,""centers"":2936154285,""directions"":3848134078,""init"":3430508477,""outliers"":639789839,""outlier_noise"":2784368537,""gamma"":1561447794,""misspecification"":244015551}",3430508477,ADP,0,240,True,4,60,1.0,0.0,0.05,manifold_radial,gaussian,gaussian,False,0.0,1.0,0.0,manifold,1,240,,1.0,False,,20,60,24,16,6,1,0.5,,,,10,,,,,,,,,"{""config"":{""seed"":42,""N_loc"":20,""N_lin"":60,""N_J"":24,""N_phi"":16,""lambda_penalty"":0.05,""local_ridge"":1e-08,""kernel"":""ADP.core.ADP_Config:epanechnikov"",""a"":1.4142135623730951,""h_min"":0.6454972243679028,""batch_size"":32,""index_init"":""local"",""estimator"":""new"",""direction_mode"":""auto"",""multi_tensor"":""orthogonal"",""select_step"":""best"",""center_displacement"":0.0,""training_set"":""all"",""redraw_directions"":true,""smart_weights"":false,""gpu"":false,""gpu_solver"":false},""solver_tol"":1e-06,""solver_max_steps"":3,""solver"":""cg"",""theta"":0.1,""trust_radius"":null,""lsmr_maxiter"":null,""cg_maxiter"":null,""manifold"":{""N_manifold"":6,""sync_steps"":1,""lambda_manifold"":0.5}}",,numerical_failure,"RuntimeError: rank-deficient local slope for target 9: rank=0, required=1; increase N_phi or N_loc",local_projector_distance,lower,False,,False,numerical_failure,,,,,,,,,,,,,,,,,,
diagnostic-manifold-base,"manifold: base, local parameter variants",4,"N_loc=20, N_phi=16, N_J=24, N_manifold=6, lambda_manifold=0.5, sync_steps=1",9,9,"{""beta"":2952143991,""features"":2627908462,""noise"":3029906209,""centers"":3185039825,""directions"":4246493789,""init"":3554362247,""outliers"":280476494,""outlier_noise"":3164107022,""gamma"":1298903658,""misspecification"":3020752865}",3554362247,ADP,0,240,True,4,60,1.0,0.0,0.05,manifold_radial,gaussian,gaussian,False,0.0,1.0,0.0,manifold,1,240,,1.0,False,,20,60,24,16,6,1,0.5,,,,10,,,,,,,,,"{""config"":{""seed"":42,""N_loc"":20,""N_lin"":60,""N_J"":24,""N_phi"":16,""lambda_penalty"":0.05,""local_ridge"":1e-08,""kernel"":""ADP.core.ADP_Config:epanechnikov"",""a"":1.4142135623730951,""h_min"":0.6454972243679028,""batch_size"":32,""index_init"":""local"",""estimator"":""new"",""direction_mode"":""auto"",""multi_tensor"":""orthogonal"",""select_step"":""best"",""center_displacement"":0.0,""training_set"":""all"",""redraw_directions"":true,""smart_weights"":false,""gpu"":false,""gpu_solver"":false},""solver_tol"":1e-06,""solver_max_steps"":3,""solver"":""cg"",""theta"":0.1,""trust_radius"":null,""lsmr_maxiter"":null,""cg_maxiter"":null,""manifold"":{""N_manifold"":6,""sync_steps"":1,""lambda_manifold"":0.5}}",,numerical_failure,"RuntimeError: rank-deficient local slope for target 12: rank=0, required=1; increase N_phi or N_loc",local_projector_distance,lower,False,,False,numerical_failure,,,,,,,,,,,,,,,,,,
diagnostic-manifold-base,"manifold: base, local parameter variants",4,"N_loc=20, N_phi=16, N_J=24, N_manifold=6, lambda_manifold=0.5, sync_steps=1",10,10,"{""beta"":2986142371,""features"":946643688,""noise"":1178448990,""centers"":4266290743,""directions"":2060725515,""init"":2568546636,""outliers"":892251341,""outlier_noise"":2365362817,""gamma"":3229695262,""misspecification"":1326227304}",2568546636,ADP,0,240,True,4,60,1.0,0.0,0.05,manifold_radial,gaussian,gaussian,False,0.0,1.0,0.0,manifold,1,240,,1.0,False,,20,60,24,16,6,1,0.5,,,,10,,,,,,,,,"{""config"":{""seed"":42,""N_loc"":20,""N_lin"":60,""N_J"":24,""N_phi"":16,""lambda_penalty"":0.05,""local_ridge"":1e-08,""kernel"":""ADP.core.ADP_Config:epanechnikov"",""a"":1.4142135623730951,""h_min"":0.6454972243679028,""batch_size"":32,""index_init"":""local"",""estimator"":""new"",""direction_mode"":""auto"",""multi_tensor"":""orthogonal"",""select_step"":""best"",""center_displacement"":0.0,""training_set"":""all"",""redraw_directions"":true,""smart_weights"":false,""gpu"":false,""gpu_solver"":false},""solver_tol"":1e-06,""solver_max_steps"":3,""solver"":""cg"",""theta"":0.1,""trust_radius"":null,""lsmr_maxiter"":null,""cg_maxiter"":null,""manifold"":{""N_manifold"":6,""sync_steps"":1,""lambda_manifold"":0.5}}","{""seed"":2568546636,""N_loc"":20,""N_lin"":60,""N_J"":24,""N_phi"":16,""lambda_penalty"":0.05,""local_ridge"":1e-08,""kernel"":""ADP.core.ADP_Config:epanechnikov"",""a"":1.4142135623730951,""h_min"":0.6454972243679028,""batch_size"":32,""index_init"":""local"",""estimator"":""new"",""direction_mode"":""auto"",""multi_tensor"":""orthogonal"",""select_step"":""best"",""center_displacement"":0.0,""training_set"":""all"",""redraw_directions"":true,""smart_weights"":false,""gpu"":false,""gpu_solver"":false,""solver"":""cg"",""solver_tol"":1e-06,""solver_max_steps"":1,""theta"":null,""trust_radius"":null,""lsmr_maxiter"":null,""cg_maxiter"":null,""training_size"":240,""center_displacement_scale"":0.0,""N_manifold"":6,""sync_steps"":1,""lambda_manifold"":0.5}",success,,local_projector_distance,lower,True,False,False,converged_bad_quality,0.4929935279259076,,,0.4929935279259076,0.9826668428613945,79.31669128780995,,0.4929935279259076,[],0.23661498299770756,0.9250812530517578,3,h_min,2,110.79575878512473,0.6794475659960963,"[{""phase"":""sync"",""iteration"":0,""h"":1.6866708117994105,""h_manifold"":2.297981403041594,""alpha"":1.0,""alpha_manifold"":1.0,""function_edges"":871,""manifold_edges"":222,""function_mass_q10"":4.355265438201597,""function_mass_min"":2.3899055485943954,""function_mass_mean"":20.0,""function_mass_median"":14.969596917254021,""function_mass_q90"":37.64094350675557,""n_eff_q10"":6.239732807518214,""n_eff_min"":3.5281007135554763,""n_eff_median"":21.439885448502068,""n_eff_q90"":52.610222834959174,""manifold_mass_q10"":2.0423621649367583,""manifold_mass_median"":5.863692938102602,""manifold_mass_q90"":9.612680259865932,""projector_change_median"":0.30213729241768467,""projector_change_max"":0.6445324195440107,""objective"":154.85431868824585,""manifold_penalty"":2.9236896628104567,""cg_iterations"":96,""cg_relative_residual_max"":4.024230409358081e-16,""linear_iterations"":96,""linear_relative_residual_max"":4.024230409358081e-16,""dense_solves"":0,""pcg_solves"":0,""fallback_solves"":0},{""phase"":""scale"",""iteration"":1,""h"":1.1926563686527822,""h_manifold"":2.297981403041594,""alpha"":0.6169296503067017,""alpha_manifold"":1.0,""function_edges"":860,""manifold_edges"":222,""function_mass_q10"":3.8226737727315543,""function_mass_min"":1.8355190655202698,""function_mass_mean"":20.000000059213782,""function_mass_median"":14.903990573965029,""function_mass_q90"":37.54921789661666,""n_eff_q10"":5.451094183940195,""n_eff_min"":2.5104695488244655,""n_eff_median"":21.59447234775049,""n_eff_q90"":51.22334941277831,""manifold_mass_q10"":2.0423621649367583,""manifold_mass_median"":5.863692938102602,""manifold_mass_q90"":9.612680259865932,""projector_change_median"":0.15670624160990543,""projector_change_max"":0.6214120606935626,""objective"":109.41617740262308,""manifold_penalty"":2.973636957935966,""cg_iterations"":96,""cg_relative_residual_max"":1.4150898542846072e-15,""linear_iterations"":96,""linear_relative_residual_max"":1.4150898542846072e-15,""dense_solves"":0,""pcg_solves"":0,""fallback_solves"":0},{""phase"":""scale"",""iteration"":2,""h"":0.8433354058997052,""h_manifold"":2.297981403041594,""alpha"":0.37623390555381775,""alpha_manifold"":1.0,""function_edges"":845,""manifold_edges"":222,""function_mass_q10"":4.792584377486766,""function_mass_min"":1.5687873683479159,""function_mass_mean"":20.000000091883976,""function_mass_median"":17.36701787253721,""function_mass_q90"":38.081959918203225,""n_eff_q10"":6.90687355512395,""n_eff_min"":1.859507627917124,""n_eff_median"":25.791353417673463,""n_eff_q90"":52.524261888488034,""manifold_mass_q10"":2.0423621649367583,""manifold_mass_median"":5.863692938102602,""manifold_mass_q90"":9.612680259865932,""projector_change_median"":0.12375711870043363,""projector_change_max"":0.36229717924514104,""objective"":84.7230424811898,""manifold_penalty"":2.5195119175730394,""cg_iterations"":96,""cg_relative_residual_max"":1.8359028749722362e-14,""linear_iterations"":96,""linear_relative_residual_max"":1.8359028749722362e-14,""dense_solves"":0,""pcg_solves"":0,""fallback_solves"":0,""stop_reason"":""h_min""}]","{""converged"":true,""cg_iterations"":288,""cg_relative_residual_max"":1.8359028749722362e-14,""linear_iterations"":288,""linear_relative_residual_max"":1.8359028749722362e-14,""dense_solves"":0,""pcg_solves"":0,""fallback_solves"":0}"
diagnostic-manifold-base,"manifold: base, local parameter variants",4,"N_loc=20, N_phi=16, N_J=24, N_manifold=6, lambda_manifold=0.5, sync_steps=1",11,11,"{""beta"":1169213037,""features"":1095957835,""noise"":3841810831,""centers"":1031671468,""directions"":3208422369,""init"":3202220039,""outliers"":3254441912,""outlier_noise"":462153641,""gamma"":938740265,""misspecification"":1943647296}",3202220039,ADP,0,240,True,4,60,1.0,0.0,0.05,manifold_radial,gaussian,gaussian,False,0.0,1.0,0.0,manifold,1,240,,1.0,False,,20,60,24,16,6,1,0.5,,,,10,,,,,,,,,"{""config"":{""seed"":42,""N_loc"":20,""N_lin"":60,""N_J"":24,""N_phi"":16,""lambda_penalty"":0.05,""local_ridge"":1e-08,""kernel"":""ADP.core.ADP_Config:epanechnikov"",""a"":1.4142135623730951,""h_min"":0.6454972243679028,""batch_size"":32,""index_init"":""local"",""estimator"":""new"",""direction_mode"":""auto"",""multi_tensor"":""orthogonal"",""select_step"":""best"",""center_displacement"":0.0,""training_set"":""all"",""redraw_directions"":true,""smart_weights"":false,""gpu"":false,""gpu_solver"":false},""solver_tol"":1e-06,""solver_max_steps"":3,""solver"":""cg"",""theta"":0.1,""trust_radius"":null,""lsmr_maxiter"":null,""cg_maxiter"":null,""manifold"":{""N_manifold"":6,""sync_steps"":1,""lambda_manifold"":0.5}}","{""seed"":3202220039,""N_loc"":20,""N_lin"":60,""N_J"":24,""N_phi"":16,""lambda_penalty"":0.05,""local_ridge"":1e-08,""kernel"":""ADP.core.ADP_Config:epanechnikov"",""a"":1.4142135623730951,""h_min"":0.6454972243679028,""batch_size"":32,""index_init"":""local"",""estimator"":""new"",""direction_mode"":""auto"",""multi_tensor"":""orthogonal"",""select_step"":""best"",""center_displacement"":0.0,""training_set"":""all"",""redraw_directions"":true,""smart_weights"":false,""gpu"":false,""gpu_solver"":false,""solver"":""cg"",""solver_tol"":1e-06,""solver_max_steps"":1,""theta"":null,""trust_radius"":null,""lsmr_maxiter"":null,""cg_maxiter"":null,""training_size"":240,""center_displacement_scale"":0.0,""N_manifold"":6,""sync_steps"":1,""lambda_manifold"":0.5}",success,,local_projector_distance,lower,True,False,False,converged_bad_quality,0.481179006920467,,,0.481179006920467,0.999997605129753,89.8746054355855,,0.481179006920467,[],0.2415433269998175,0.9250392913818359,3,h_min,2,103.06483811032813,0.655314295174232,"[{""phase"":""sync"",""iteration"":0,""h"":1.5204013226950852,""h_manifold"":2.122917706841165,""alpha"":1.0,""alpha_manifold"":1.0,""function_edges"":875,""manifold_edges"":236,""function_mass_q10"":5.234231782333284,""function_mass_min"":2.477639733794975,""function_mass_mean"":20.000000000000014,""function_mass_median"":15.868326181299363,""function_mass_q90"":36.693453277372136,""n_eff_q10"":7.536996574725949,""n_eff_min"":3.0872737184018852,""n_eff_median"":23.72759629738974,""n_eff_q90"":50.46040786535443,""manifold_mass_q10"":2.5807857931611795,""manifold_mass_median"":5.98472883588148,""manifold_mass_q90"":9.609776177171382,""projector_change_median"":0.20042509446518314,""projector_change_max"":0.4425131267288238,""objective"":91.61784677074635,""manifold_penalty"":1.322418611930351,""cg_iterations"":95,""cg_relative_residual_max"":1.9859493232109872e-08,""linear_iterations"":95,""linear_relative_residual_max"":1.9859493232109872e-08,""dense_solves"":0,""pcg_solves"":0,""fallback_solves"":0},{""phase"":""scale"",""iteration"":1,""h"":1.075086085402691,""h_manifold"":2.122917706841165,""alpha"":0.6060339063405991,""alpha_manifold"":1.0,""function_edges"":860,""manifold_edges"":236,""function_mass_q10"":5.375394870115429,""function_mass_min"":2.1682619945973083,""function_mass_mean"":20.0000004847858,""function_mass_median"":15.506773572498389,""function_mass_q90"":36.56480734083917,""n_eff_q10"":8.115334234772977,""n_eff_min"":2.6180019688664293,""n_eff_median"":23.238876925130363,""n_eff_q90"":51.626982076929465,""manifold_mass_q10"":2.5807857931611795,""manifold_mass_median"":5.98472883588148,""manifold_mass_q90"":9.609776177171382,""projector_change_median"":0.09450282886657298,""projector_change_max"":0.38550231797430706,""objective"":100.87123927452895,""manifold_penalty"":1.2276038085598948,""cg_iterations"":96,""cg_relative_residual_max"":5.032959507059352e-16,""linear_iterations"":96,""linear_relative_residual_max"":5.032959507059352e-16,""dense_solves"":0,""pcg_solves"":0,""fallback_solves"":0},{""phase"":""scale"",""iteration"":2,""h"":0.7602006613475425,""h_manifold"":2.122917706841165,""alpha"":0.3603559136390686,""alpha_manifold"":1.0,""function_edges"":823,""manifold_edges"":236,""function_mass_q10"":6.019094788931451,""function_mass_min"":1.966299141215542,""function_mass_mean"":20.000001360554688,""function_mass_median"":16.26480462287867,""function_mass_q90"":36.03435576397647,""n_eff_q10"":8.72293585214294,""n_eff_min"":2.2510323023612853,""n_eff_median"":22.807450518214246,""n_eff_q90"":49.02837313103626,""manifold_mass_q10"":2.5807857931611795,""manifold_mass_median"":5.98472883588148,""manifold_mass_q90"":9.609776177171382,""projector_change_median"":0.11589202321054937,""projector_change_max"":0.6326367314849841,""objective"":96.11105093910209,""manifold_penalty"":1.1378476786256928,""cg_iterations"":96,""cg_relative_residual_max"":1.883004366195105e-12,""linear_iterations"":96,""linear_relative_residual_max"":1.883004366195105e-12,""dense_solves"":0,""pcg_solves"":0,""fallback_solves"":0,""stop_reason"":""h_min""}]","{""converged"":true,""cg_iterations"":287,""cg_relative_residual_max"":1.9859493232109872e-08,""linear_iterations"":287,""linear_relative_residual_max"":1.9859493232109872e-08,""dense_solves"":0,""pcg_solves"":0,""fallback_solves"":0}"
diagnostic-manifold-base,"manifold: base, local parameter variants",5,"N_loc=20, N_phi=10, N_J=24, N_manifold=3, lambda_manifold=0.5, sync_steps=1",0,0,"{""beta"":160747260,""features"":2186772633,""noise"":475316650,""centers"":2297579960,""directions"":834610471,""init"":3414180542,""outliers"":2022353668,""outlier_noise"":1111215905,""gamma"":2591228347,""misspecification"":1802179717}",3414180542,ADP,0,240,True,4,60,1.0,0.0,0.05,manifold_radial,gaussian,gaussian,False,0.0,1.0,0.0,manifold,1,240,,1.0,False,,20,60,24,10,3,1,0.5,,,,10,,,,,,,,,"{""config"":{""seed"":42,""N_loc"":20,""N_lin"":60,""N_J"":24,""N_phi"":10,""lambda_penalty"":0.05,""local_ridge"":1e-08,""kernel"":""ADP.core.ADP_Config:epanechnikov"",""a"":1.4142135623730951,""h_min"":0.6454972243679028,""batch_size"":32,""index_init"":""local"",""estimator"":""new"",""direction_mode"":""auto"",""multi_tensor"":""orthogonal"",""select_step"":""best"",""center_displacement"":0.0,""training_set"":""all"",""redraw_directions"":true,""smart_weights"":false,""gpu"":false,""gpu_solver"":false},""solver_tol"":1e-06,""solver_max_steps"":3,""solver"":""cg"",""theta"":0.1,""trust_radius"":null,""lsmr_maxiter"":null,""cg_maxiter"":null,""manifold"":{""N_manifold"":3,""sync_steps"":1,""lambda_manifold"":0.5}}","{""seed"":3414180542,""N_loc"":20,""N_lin"":60,""N_J"":24,""N_phi"":10,""lambda_penalty"":0.05,""local_ridge"":1e-08,""kernel"":""ADP.core.ADP_Config:epanechnikov"",""a"":1.4142135623730951,""h_min"":0.6454972243679028,""batch_size"":32,""index_init"":""local"",""estimator"":""new"",""direction_mode"":""auto"",""multi_tensor"":""orthogonal"",""select_step"":""best"",""center_displacement"":0.0,""training_set"":""all"",""redraw_directions"":true,""smart_weights"":false,""gpu"":false,""gpu_solver"":false,""solver"":""cg"",""solver_tol"":1e-06,""solver_max_steps"":1,""theta"":null,""trust_radius"":null,""lsmr_maxiter"":null,""cg_maxiter"":null,""training_size"":240,""center_displacement_scale"":0.0,""N_manifold"":3,""sync_steps"":1,""lambda_manifold"":0.5}",success,,local_projector_distance,lower,True,False,False,converged_bad_quality,0.41452415285624356,,,0.41452415285624356,0.98511924925561,80.10330744381189,,0.41452415285624356,[],0.22697035199962556,0.6441612243652344,3,h_min,2,93.93864937103173,0.6256285152116754,"[{""phase"":""sync"",""iteration"":0,""h"":1.6633575396573566,""h_manifold"":1.6167915129564931,""alpha"":1.0,""alpha_manifold"":1.0,""function_edges"":851,""manifold_edges"":108,""function_mass_q10"":4.142971690230403,""function_mass_min"":2.4337449486986866,""function_mass_mean"":20.000000000000004,""function_mass_median"":18.07643994820915,""function_mass_q90"":37.056444288326794,""n_eff_q10"":6.336492672760581,""n_eff_min"":3.3874532556079515,""n_eff_median"":24.917576549473505,""n_eff_q90"":52.0676568628778,""manifold_mass_q10"":1.0,""manifold_mass_median"":2.598778329195283,""manifold_mass_q90"":5.604102298419728,""projector_change_median"":0.20479277088198844,""projector_change_max"":0.5115699738312003,""objective"":27.26138526010724,""manifold_penalty"":0.8423330986476462,""cg_iterations"":96,""cg_relative_residual_max"":1.8693613911727413e-15,""linear_iterations"":96,""linear_relative_residual_max"":1.8693613911727413e-15,""dense_solves"":0,""pcg_solves"":0,""fallback_solves"":0},{""phase"":""scale"",""iteration"":1,""h"":1.1761713958294884,""h_manifold"":1.6167915129564931,""alpha"":0.6038089841604233,""alpha_manifold"":1.0,""function_edges"":831,""manifold_edges"":108,""function_mass_q10"":4.2982543846645545,""function_mass_min"":1.69043515996344,""function_mass_mean"":20.000000212362057,""function_mass_median"":18.37627442680354,""function_mass_q90"":38.626192015515294,""n_eff_q10"":6.035259595093731,""n_eff_min"":2.0144526597221355,""n_eff_median"":25.59997907715211,""n_eff_q90"":52.80815496592937,""manifold_mass_q10"":1.0,""manifold_mass_median"":2.598778329195283,""manifold_mass_q90"":5.604102298419728,""projector_change_median"":0.10277439603342692,""projector_change_max"":0.4749011932688606,""objective"":32.50711900664298,""manifold_penalty"":0.6959272782376571,""cg_iterations"":96,""cg_relative_residual_max"":6.181890260363165e-14,""linear_iterations"":96,""linear_relative_residual_max"":6.181890260363165e-14,""dense_solves"":0,""pcg_solves"":0,""fallback_solves"":0},{""phase"":""scale"",""iteration"":2,""h"":0.8316787698286782,""h_manifold"":1.6167915129564931,""alpha"":0.35911130905151367,""alpha_manifold"":1.0,""function_edges"":813,""manifold_edges"":108,""function_mass_q10"":5.221913515906353,""function_mass_min"":1.5035057264262592,""function_mass_mean"":20.000000261913062,""function_mass_median"":17.875270585439473,""function_mass_q90"":37.51976470467055,""n_eff_q10"":7.43937379392309,""n_eff_min"":1.803348208451652,""n_eff_median"":22.378748716536805,""n_eff_q90"":52.496160812215514,""manifold_mass_q10"":1.0,""manifold_mass_median"":2.598778329195283,""manifold_mass_q90"":5.604102298419728,""projector_change_median"":0.11990837244299765,""projector_change_max"":1.3766569239989903,""objective"":43.69251879799238,""manifold_penalty"":0.7335957427261056,""cg_iterations"":92,""cg_relative_residual_max"":2.5342146078083114e-13,""linear_iterations"":92,""linear_relative_residual_max"":2.5342146078083114e-13,""dense_solves"":0,""pcg_solves"":0,""fallback_solves"":0,""stop_reason"":""h_min""}]","{""converged"":true,""cg_iterations"":284,""cg_relative_residual_max"":2.5342146078083114e-13,""linear_iterations"":284,""linear_relative_residual_max"":2.5342146078083114e-13,""dense_solves"":0,""pcg_solves"":0,""fallback_solves"":0}"
diagnostic-manifold-base,"manifold: base, local parameter variants",5,"N_loc=20, N_phi=10, N_J=24, N_manifold=3, lambda_manifold=0.5, sync_steps=1",1,1,"{""beta"":1931894582,""features"":728973687,""noise"":453924638,""centers"":2145764529,""directions"":1084146302,""init"":1568069026,""outliers"":2674833454,""outlier_noise"":1988346855,""gamma"":3811432093,""misspecification"":345464691}",1568069026,ADP,0,240,True,4,60,1.0,0.0,0.05,manifold_radial,gaussian,gaussian,False,0.0,1.0,0.0,manifold,1,240,,1.0,False,,20,60,24,10,3,1,0.5,,,,10,,,,,,,,,"{""config"":{""seed"":42,""N_loc"":20,""N_lin"":60,""N_J"":24,""N_phi"":10,""lambda_penalty"":0.05,""local_ridge"":1e-08,""kernel"":""ADP.core.ADP_Config:epanechnikov"",""a"":1.4142135623730951,""h_min"":0.6454972243679028,""batch_size"":32,""index_init"":""local"",""estimator"":""new"",""direction_mode"":""auto"",""multi_tensor"":""orthogonal"",""select_step"":""best"",""center_displacement"":0.0,""training_set"":""all"",""redraw_directions"":true,""smart_weights"":false,""gpu"":false,""gpu_solver"":false},""solver_tol"":1e-06,""solver_max_steps"":3,""solver"":""cg"",""theta"":0.1,""trust_radius"":null,""lsmr_maxiter"":null,""cg_maxiter"":null,""manifold"":{""N_manifold"":3,""sync_steps"":1,""lambda_manifold"":0.5}}","{""seed"":1568069026,""N_loc"":20,""N_lin"":60,""N_J"":24,""N_phi"":10,""lambda_penalty"":0.05,""local_ridge"":1e-08,""kernel"":""ADP.core.ADP_Config:epanechnikov"",""a"":1.4142135623730951,""h_min"":0.6454972243679028,""batch_size"":32,""index_init"":""local"",""estimator"":""new"",""direction_mode"":""auto"",""multi_tensor"":""orthogonal"",""select_step"":""best"",""center_displacement"":0.0,""training_set"":""all"",""redraw_directions"":true,""smart_weights"":false,""gpu"":false,""gpu_solver"":false,""solver"":""cg"",""solver_tol"":1e-06,""solver_max_steps"":1,""theta"":null,""trust_radius"":null,""lsmr_maxiter"":null,""cg_maxiter"":null,""training_size"":240,""center_displacement_scale"":0.0,""N_manifold"":3,""sync_steps"":1,""lambda_manifold"":0.5}",success,,local_projector_distance,lower,True,False,False,converged_bad_quality,0.40268440686784934,,,0.40268440686784934,0.9927312251646228,83.08755553447567,,0.40268440686784934,[],0.22243892500046059,0.6442623138427734,3,h_min,2,68.72945381098674,0.5351380422026122,"[{""phase"":""sync"",""iteration"":0,""h"":1.655828701493783,""h_manifold"":1.6799663436006265,""alpha"":1.0,""alpha_manifold"":1.0,""function_edges"":876,""manifold_edges"":114,""function_mass_q10"":6.2626455605731195,""function_mass_min"":4.398587113857294,""function_mass_mean"":19.999999999999996,""function_mass_median"":20.317212386344664,""function_mass_q90"":32.171074455832944,""n_eff_q10"":9.115186139787221,""n_eff_min"":5.644182069735399,""n_eff_median"":28.835288321549683,""n_eff_q90"":44.34415078417799,""manifold_mass_q10"":1.1699562872427902,""manifold_mass_median"":2.8210961630493054,""manifold_mass_q90"":4.7437852510927865,""projector_change_median"":0.16504702477820116,""projector_change_max"":0.4700010504924986,""objective"":26.54841311306486,""manifold_penalty"":0.7734400951775017,""cg_iterations"":96,""cg_relative_residual_max"":3.276636246418641e-16,""linear_iterations"":96,""linear_relative_residual_max"":3.276636246418641e-16,""dense_solves"":0,""pcg_solves"":0,""fallback_solves"":0},{""phase"":""scale"",""iteration"":1,""h"":1.1708477033095694,""h_manifold"":1.6799663436006265,""alpha"":0.605959951877594,""alpha_manifold"":1.0,""function_edges"":872,""manifold_edges"":114,""function_mass_q10"":4.672014679634681,""function_mass_min"":3.7553411382823736,""function_mass_mean"":20.000001048767718,""function_mass_median"":21.167196752003814,""function_mass_q90"":31.370265530762826,""n_eff_q10"":6.621843707186123,""n_eff_min"":4.857224374779481,""n_eff_median"":28.633622897784484,""n_eff_q90"":41.638282223371114,""manifold_mass_q10"":1.1699562872427902,""manifold_mass_median"":2.8210961630493054,""manifold_mass_q90"":4.7437852510927865,""projector_change_median"":0.16142864557181708,""projector_change_max"":0.39208213142523735,""objective"":32.18416645699682,""manifold_penalty"":0.8779959547682515,""cg_iterations"":96,""cg_relative_residual_max"":1.1914311796281927e-13,""linear_iterations"":96,""linear_relative_residual_max"":1.1914311796281927e-13,""dense_solves"":0,""pcg_solves"":0,""fallback_solves"":0},{""phase"":""scale"",""iteration"":2,""h"":0.8279143507468913,""h_manifold"":1.6799663436006265,""alpha"":0.3657831996679306,""alpha_manifold"":1.0,""function_edges"":830,""manifold_edges"":114,""function_mass_q10"":4.606877835997483,""function_mass_min"":3.094253190611239,""function_mass_mean"":20.000001533778438,""function_mass_median"":20.354362897959525,""function_mass_q90"":30.37161318619953,""n_eff_q10"":6.299712411044396,""n_eff_min"":3.821764037195241,""n_eff_median"":27.198532682150653,""n_eff_q90"":39.88110771480308,""manifold_mass_q10"":1.1699562872427902,""manifold_mass_median"":2.8210961630493054,""manifold_mass_q90"":4.7437852510927865,""projector_change_median"":0.16077333231437643,""projector_change_max"":0.48648644584868617,""objective"":23.89416564626765,""manifold_penalty"":0.9136750832182627,""cg_iterations"":96,""cg_relative_residual_max"":1.3126177672066443e-14,""linear_iterations"":96,""linear_relative_residual_max"":1.3126177672066443e-14,""dense_solves"":0,""pcg_solves"":0,""fallback_solves"":0,""stop_reason"":""h_min""}]","{""converged"":true,""cg_iterations"":288,""cg_relative_residual_max"":1.1914311796281927e-13,""linear_iterations"":288,""linear_relative_residual_max"":1.1914311796281927e-13,""dense_solves"":0,""pcg_solves"":0,""fallback_solves"":0}"
diagnostic-manifold-base,"manifold: base, local parameter variants",5,"N_loc=20, N_phi=10, N_J=24, N_manifold=3, lambda_manifold=0.5, sync_steps=1",2,2,"{""beta"":3049918365,""features"":1057112449,""noise"":2816531493,""centers"":3529945714,""directions"":2935922697,""init"":4167035260,""outliers"":1654234620,""outlier_noise"":2849204727,""gamma"":605489280,""misspecification"":212052512}",4167035260,ADP,0,240,True,4,60,1.0,0.0,0.05,manifold_radial,gaussian,gaussian,False,0.0,1.0,0.0,manifold,1,240,,1.0,False,,20,60,24,10,3,1,0.5,,,,10,,,,,,,,,"{""config"":{""seed"":42,""N_loc"":20,""N_lin"":60,""N_J"":24,""N_phi"":10,""lambda_penalty"":0.05,""local_ridge"":1e-08,""kernel"":""ADP.core.ADP_Config:epanechnikov"",""a"":1.4142135623730951,""h_min"":0.6454972243679028,""batch_size"":32,""index_init"":""local"",""estimator"":""new"",""direction_mode"":""auto"",""multi_tensor"":""orthogonal"",""select_step"":""best"",""center_displacement"":0.0,""training_set"":""all"",""redraw_directions"":true,""smart_weights"":false,""gpu"":false,""gpu_solver"":false},""solver_tol"":1e-06,""solver_max_steps"":3,""solver"":""cg"",""theta"":0.1,""trust_radius"":null,""lsmr_maxiter"":null,""cg_maxiter"":null,""manifold"":{""N_manifold"":3,""sync_steps"":1,""lambda_manifold"":0.5}}","{""seed"":4167035260,""N_loc"":20,""N_lin"":60,""N_J"":24,""N_phi"":10,""lambda_penalty"":0.05,""local_ridge"":1e-08,""kernel"":""ADP.core.ADP_Config:epanechnikov"",""a"":1.4142135623730951,""h_min"":0.6454972243679028,""batch_size"":32,""index_init"":""local"",""estimator"":""new"",""direction_mode"":""auto"",""multi_tensor"":""orthogonal"",""select_step"":""best"",""center_displacement"":0.0,""training_set"":""all"",""redraw_directions"":true,""smart_weights"":false,""gpu"":false,""gpu_solver"":false,""solver"":""cg"",""solver_tol"":1e-06,""solver_max_steps"":1,""theta"":null,""trust_radius"":null,""lsmr_maxiter"":null,""cg_maxiter"":null,""training_size"":240,""center_displacement_scale"":0.0,""N_manifold"":3,""sync_steps"":1,""lambda_manifold"":0.5}",success,,local_projector_distance,lower,True,False,False,converged_bad_quality,0.5029200923552706,,,0.5029200923552706,0.9987821033966603,87.17195102023625,,0.5029200923552706,[],0.22804190500028199,0.6440334320068359,3,h_min,2,127.3219324215249,0.7283598367265687,"[{""phase"":""sync"",""iteration"":0,""h"":1.6949287368540935,""h_manifold"":1.7030757779020862,""alpha"":1.0,""alpha_manifold"":1.0,""function_edges"":865,""manifold_edges"":118,""function_mass_q10"":7.891682163545296,""function_mass_min"":2.6677890471491295,""function_mass_mean"":20.000000000000004,""function_mass_median"":17.933978592667746,""function_mass_q90"":32.55763612370227,""n_eff_q10"":11.263391536939,""n_eff_min"":3.957090577021544,""n_eff_median"":27.063203551782323,""n_eff_q90"":45.58724546953231,""manifold_mass_q10"":1.0438138508039732,""manifold_mass_median"":2.6788885523917054,""manifold_mass_q90"":5.129736623653772,""projector_change_median"":0.17475740022469388,""projector_change_max"":0.5964195903765827,""objective"":37.73201388381008,""manifold_penalty"":1.8615615197831543,""cg_iterations"":96,""cg_relative_residual_max"":5.169179018215564e-16,""linear_iterations"":96,""linear_relative_residual_max"":5.169179018215564e-16,""dense_solves"":0,""pcg_solves"":0,""fallback_solves"":0},{""phase"":""scale"",""iteration"":1,""h"":1.1984956034574787,""h_manifold"":1.7030757779020862,""alpha"":0.6109634339809418,""alpha_manifold"":1.0,""function_edges"":840,""manifold_edges"":118,""function_mass_q10"":8.070723046993152,""function_mass_min"":2.909180665878687,""function_mass_mean"":20.000000293289997,""function_mass_median"":18.309696564573102,""function_mass_q90"":33.22589168437253,""n_eff_q10"":11.617091640703824,""n_eff_min"":4.357127923549135,""n_eff_median"":25.249414424149013,""n_eff_q90"":46.68413671593437,""manifold_mass_q10"":1.0438138508039732,""manifold_mass_median"":2.6788885523917054,""manifold_mass_q90"":5.129736623653772,""projector_change_median"":0.1697741468268923,""projector_change_max"":0.7632848360172259,""objective"":32.905346570624296,""manifold_penalty"":1.9997760432555713,""cg_iterations"":96,""cg_relative_residual_max"":1.1204364752634474e-14,""linear_iterations"":96,""linear_relative_residual_max"":1.1204364752634474e-14,""dense_solves"":0,""pcg_solves"":0,""fallback_solves"":0},{""phase"":""scale"",""iteration"":2,""h"":0.8474643684270466,""h_manifold"":1.7030757779020862,""alpha"":0.37049874663352966,""alpha_manifold"":1.0,""function_edges"":802,""manifold_edges"":118,""function_mass_q10"":8.424541622289043,""function_mass_min"":2.691618634439526,""function_mass_mean"":20.000000192369047,""function_mass_median"":16.287266857496196,""function_mass_q90"":33.633034884302724,""n_eff_q10"":10.67749415146743,""n_eff_min"":3.561303660505096,""n_eff_median"":21.946290325239605,""n_eff_q90"":45.387331767495866,""manifold_mass_q10"":1.0438138508039732,""manifold_mass_median"":2.6788885523917054,""manifold_mass_q90"":5.129736623653772,""projector_change_median"":0.11599517211712895,""projector_change_max"":1.4136746921721024,""objective"":18.766717375285914,""manifold_penalty"":1.9293943685154247,""cg_iterations"":96,""cg_relative_residual_max"":2.4580041455207667e-15,""linear_iterations"":96,""linear_relative_residual_max"":2.4580041455207667e-15,""dense_solves"":0,""pcg_solves"":0,""fallback_solves"":0,""stop_reason"":""h_min""}]","{""converged"":true,""cg_iterations"":288,""cg_relative_residual_max"":1.1204364752634474e-14,""linear_iterations"":288,""linear_relative_residual_max"":1.1204364752634474e-14,""dense_solves"":0,""pcg_solves"":0,""fallback_solves"":0}"
diagnostic-manifold-base,"manifold: base, local parameter variants",5,"N_loc=20, N_phi=10, N_J=24, N_manifold=3, lambda_manifold=0.5, sync_steps=1",3,3,"{""beta"":4255376772,""features"":1229764143,""noise"":813326700,""centers"":2701065647,""directions"":3025337717,""init"":2424736837,""outliers"":408440574,""outlier_noise"":739910795,""gamma"":1682775850,""misspecification"":3107270422}",2424736837,ADP,0,240,True,4,60,1.0,0.0,0.05,manifold_radial,gaussian,gaussian,False,0.0,1.0,0.0,manifold,1,240,,1.0,False,,20,60,24,10,3,1,0.5,,,,10,,,,,,,,,"{""config"":{""seed"":42,""N_loc"":20,""N_lin"":60,""N_J"":24,""N_phi"":10,""lambda_penalty"":0.05,""local_ridge"":1e-08,""kernel"":""ADP.core.ADP_Config:epanechnikov"",""a"":1.4142135623730951,""h_min"":0.6454972243679028,""batch_size"":32,""index_init"":""local"",""estimator"":""new"",""direction_mode"":""auto"",""multi_tensor"":""orthogonal"",""select_step"":""best"",""center_displacement"":0.0,""training_set"":""all"",""redraw_directions"":true,""smart_weights"":false,""gpu"":false,""gpu_solver"":false},""solver_tol"":1e-06,""solver_max_steps"":3,""solver"":""cg"",""theta"":0.1,""trust_radius"":null,""lsmr_maxiter"":null,""cg_maxiter"":null,""manifold"":{""N_manifold"":3,""sync_steps"":1,""lambda_manifold"":0.5}}","{""seed"":2424736837,""N_loc"":20,""N_lin"":60,""N_J"":24,""N_phi"":10,""lambda_penalty"":0.05,""local_ridge"":1e-08,""kernel"":""ADP.core.ADP_Config:epanechnikov"",""a"":1.4142135623730951,""h_min"":0.6454972243679028,""batch_size"":32,""index_init"":""local"",""estimator"":""new"",""direction_mode"":""auto"",""multi_tensor"":""orthogonal"",""select_step"":""best"",""center_displacement"":0.0,""training_set"":""all"",""redraw_directions"":true,""smart_weights"":false,""gpu"":false,""gpu_solver"":false,""solver"":""cg"",""solver_tol"":1e-06,""solver_max_steps"":1,""theta"":null,""trust_radius"":null,""lsmr_maxiter"":null,""cg_maxiter"":null,""training_size"":240,""center_displacement_scale"":0.0,""N_manifold"":3,""sync_steps"":1,""lambda_manifold"":0.5}",success,,local_projector_distance,lower,True,False,False,converged_bad_quality,0.4973235537634147,,,0.4973235537634147,0.978890974488663,78.20661008288774,,0.4973235537634147,[],0.22349312100050156,0.6437950134277344,3,h_min,2,84.64878516600291,0.5938882651854742,"[{""phase"":""sync"",""iteration"":0,""h"":1.5615755036669832,""h_manifold"":1.502792394908327,""alpha"":1.0,""alpha_manifold"":1.0,""function_edges"":855,""manifold_edges"":112,""function_mass_q10"":6.473282369427427,""function_mass_min"":4.6225759309657,""function_mass_mean"":19.999999999999996,""function_mass_median"":16.8802795091385,""function_mass_q90"":31.955726319463693,""n_eff_q10"":9.761322241876911,""n_eff_min"":5.500069281013567,""n_eff_median"":24.449232429814806,""n_eff_q90"":44.77381867298445,""manifold_mass_q10"":1.125283752769005,""manifold_mass_median"":2.830622536651358,""manifold_mass_q90"":5.243544606346789,""projector_change_median"":0.24546217045612106,""projector_change_max"":0.4731067051680198,""objective"":63.370215377583115,""manifold_penalty"":2.1512598128862255,""cg_iterations"":96,""cg_relative_residual_max"":1.762755718035704e-14,""linear_iterations"":96,""linear_relative_residual_max"":1.762755718035704e-14,""dense_solves"":0,""pcg_solves"":0,""fallback_solves"":0},{""phase"":""scale"",""iteration"":1,""h"":1.1042006279777221,""h_manifold"":1.502792394908327,""alpha"":0.6111446619033813,""alpha_manifold"":1.0,""function_edges"":840,""manifold_edges"":112,""function_mass_q10"":7.010396209819804,""function_mass_min"":5.023547207393326,""function_mass_mean"":20.00000035102875,""function_mass_median"":16.223355450361826,""function_mass_q90"":32.40274771032908,""n_eff_q10"":10.013162307425317,""n_eff_min"":7.239459888330619,""n_eff_median"":23.17359854048132,""n_eff_q90"":46.656310569637625,""manifold_mass_q10"":1.125283752769005,""manifold_mass_median"":2.830622536651358,""manifold_mass_q90"":5.243544606346789,""projector_change_median"":0.21767651817137806,""projector_change_max"":0.8028258187726297,""objective"":51.47058104469704,""manifold_penalty"":1.9730384373902206,""cg_iterations"":96,""cg_relative_residual_max"":1.931578523289864e-15,""linear_iterations"":96,""linear_relative_residual_max"":1.931578523289864e-15,""dense_solves"":0,""pcg_solves"":0,""fallback_solves"":0},{""phase"":""scale"",""iteration"":2,""h"":0.7807877518334915,""h_manifold"":1.502792394908327,""alpha"":0.3712059259414673,""alpha_manifold"":1.0,""function_edges"":826,""manifold_edges"":112,""function_mass_q10"":7.756379292863852,""function_mass_min"":4.83140091328955,""function_mass_mean"":20.00000126646593,""function_mass_median"":17.904707560421535,""function_mass_q90"":31.299607148857724,""n_eff_q10"":10.731621264549181,""n_eff_min"":6.363128678422619,""n_eff_median"":25.691838516307918,""n_eff_q90"":44.31266400603864,""manifold_mass_q10"":1.125283752769005,""manifold_mass_median"":2.830622536651358,""manifold_mass_q90"":5.243544606346789,""projector_change_median"":0.2087152574620006,""projector_change_max"":0.7646992215997797,""objective"":38.24552198665806,""manifold_penalty"":1.9689468528795144,""cg_iterations"":96,""cg_relative_residual_max"":1.782934692335258e-13,""linear_iterations"":96,""linear_relative_residual_max"":1.782934692335258e-13,""dense_solves"":0,""pcg_solves"":0,""fallback_solves"":0,""stop_reason"":""h_min""}]","{""converged"":true,""cg_iterations"":288,""cg_relative_residual_max"":1.782934692335258e-13,""linear_iterations"":288,""linear_relative_residual_max"":1.782934692335258e-13,""dense_solves"":0,""pcg_solves"":0,""fallback_solves"":0}"
diagnostic-manifold-base,"manifold: base, local parameter variants",5,"N_loc=20, N_phi=10, N_J=24, N_manifold=3, lambda_manifold=0.5, sync_steps=1",4,4,"{""beta"":2626536110,""features"":227981437,""noise"":1989028013,""centers"":4205761707,""directions"":1746734398,""init"":3699691919,""outliers"":1937795235,""outlier_noise"":1205558110,""gamma"":3432378550,""misspecification"":592425380}",3699691919,ADP,0,240,True,4,60,1.0,0.0,0.05,manifold_radial,gaussian,gaussian,False,0.0,1.0,0.0,manifold,1,240,,1.0,False,,20,60,24,10,3,1,0.5,,,,10,,,,,,,,,"{""config"":{""seed"":42,""N_loc"":20,""N_lin"":60,""N_J"":24,""N_phi"":10,""lambda_penalty"":0.05,""local_ridge"":1e-08,""kernel"":""ADP.core.ADP_Config:epanechnikov"",""a"":1.4142135623730951,""h_min"":0.6454972243679028,""batch_size"":32,""index_init"":""local"",""estimator"":""new"",""direction_mode"":""auto"",""multi_tensor"":""orthogonal"",""select_step"":""best"",""center_displacement"":0.0,""training_set"":""all"",""redraw_directions"":true,""smart_weights"":false,""gpu"":false,""gpu_solver"":false},""solver_tol"":1e-06,""solver_max_steps"":3,""solver"":""cg"",""theta"":0.1,""trust_radius"":null,""lsmr_maxiter"":null,""cg_maxiter"":null,""manifold"":{""N_manifold"":3,""sync_steps"":1,""lambda_manifold"":0.5}}",,numerical_failure,"RuntimeError: rank-deficient local slope for target 7: rank=0, required=1; increase N_phi or N_loc",local_projector_distance,lower,False,,False,numerical_failure,,,,,,,,,,,,,,,,,,
diagnostic-manifold-base,"manifold: base, local parameter variants",5,"N_loc=20, N_phi=10, N_J=24, N_manifold=3, lambda_manifold=0.5, sync_steps=1",5,5,"{""beta"":2591981369,""features"":3757986669,""noise"":654094259,""centers"":1360362612,""directions"":622664474,""init"":3202134607,""outliers"":2238804734,""outlier_noise"":1028591118,""gamma"":691848187,""misspecification"":854566012}",3202134607,ADP,0,240,True,4,60,1.0,0.0,0.05,manifold_radial,gaussian,gaussian,False,0.0,1.0,0.0,manifold,1,240,,1.0,False,,20,60,24,10,3,1,0.5,,,,10,,,,,,,,,"{""config"":{""seed"":42,""N_loc"":20,""N_lin"":60,""N_J"":24,""N_phi"":10,""lambda_penalty"":0.05,""local_ridge"":1e-08,""kernel"":""ADP.core.ADP_Config:epanechnikov"",""a"":1.4142135623730951,""h_min"":0.6454972243679028,""batch_size"":32,""index_init"":""local"",""estimator"":""new"",""direction_mode"":""auto"",""multi_tensor"":""orthogonal"",""select_step"":""best"",""center_displacement"":0.0,""training_set"":""all"",""redraw_directions"":true,""smart_weights"":false,""gpu"":false,""gpu_solver"":false},""solver_tol"":1e-06,""solver_max_steps"":3,""solver"":""cg"",""theta"":0.1,""trust_radius"":null,""lsmr_maxiter"":null,""cg_maxiter"":null,""manifold"":{""N_manifold"":3,""sync_steps"":1,""lambda_manifold"":0.5}}",,numerical_failure,"RuntimeError: rank-deficient local slope for target 3: rank=0, required=1; increase N_phi or N_loc",local_projector_distance,lower,False,,False,numerical_failure,,,,,,,,,,,,,,,,,,
diagnostic-manifold-base,"manifold: base, local parameter variants",5,"N_loc=20, N_phi=10, N_J=24, N_manifold=3, lambda_manifold=0.5, sync_steps=1",6,6,"{""beta"":2649590584,""features"":3993099560,""noise"":1760850090,""centers"":1235842596,""directions"":516648510,""init"":1329562486,""outliers"":4220703868,""outlier_noise"":3112353199,""gamma"":697337733,""misspecification"":2423010501}",1329562486,ADP,0,240,True,4,60,1.0,0.0,0.05,manifold_radial,gaussian,gaussian,False,0.0,1.0,0.0,manifold,1,240,,1.0,False,,20,60,24,10,3,1,0.5,,,,10,,,,,,,,,"{""config"":{""seed"":42,""N_loc"":20,""N_lin"":60,""N_J"":24,""N_phi"":10,""lambda_penalty"":0.05,""local_ridge"":1e-08,""kernel"":""ADP.core.ADP_Config:epanechnikov"",""a"":1.4142135623730951,""h_min"":0.6454972243679028,""batch_size"":32,""index_init"":""local"",""estimator"":""new"",""direction_mode"":""auto"",""multi_tensor"":""orthogonal"",""select_step"":""best"",""center_displacement"":0.0,""training_set"":""all"",""redraw_directions"":true,""smart_weights"":false,""gpu"":false,""gpu_solver"":false},""solver_tol"":1e-06,""solver_max_steps"":3,""solver"":""cg"",""theta"":0.1,""trust_radius"":null,""lsmr_maxiter"":null,""cg_maxiter"":null,""manifold"":{""N_manifold"":3,""sync_steps"":1,""lambda_manifold"":0.5}}",,numerical_failure,"RuntimeError: rank-deficient local slope for target 14: rank=0, required=1; increase N_phi or N_loc",local_projector_distance,lower,False,,False,numerical_failure,,,,,,,,,,,,,,,,,,
diagnostic-manifold-base,"manifold: base, local parameter variants",5,"N_loc=20, N_phi=10, N_J=24, N_manifold=3, lambda_manifold=0.5, sync_steps=1",7,7,"{""beta"":1192128109,""features"":4203467630,""noise"":955820423,""centers"":264639041,""directions"":1237972010,""init"":2645466379,""outliers"":2165193105,""outlier_noise"":627906730,""gamma"":548357580,""misspecification"":1960086769}",2645466379,ADP,0,240,True,4,60,1.0,0.0,0.05,manifold_radial,gaussian,gaussian,False,0.0,1.0,0.0,manifold,1,240,,1.0,False,,20,60,24,10,3,1,0.5,,,,10,,,,,,,,,"{""config"":{""seed"":42,""N_loc"":20,""N_lin"":60,""N_J"":24,""N_phi"":10,""lambda_penalty"":0.05,""local_ridge"":1e-08,""kernel"":""ADP.core.ADP_Config:epanechnikov"",""a"":1.4142135623730951,""h_min"":0.6454972243679028,""batch_size"":32,""index_init"":""local"",""estimator"":""new"",""direction_mode"":""auto"",""multi_tensor"":""orthogonal"",""select_step"":""best"",""center_displacement"":0.0,""training_set"":""all"",""redraw_directions"":true,""smart_weights"":false,""gpu"":false,""gpu_solver"":false},""solver_tol"":1e-06,""solver_max_steps"":3,""solver"":""cg"",""theta"":0.1,""trust_radius"":null,""lsmr_maxiter"":null,""cg_maxiter"":null,""manifold"":{""N_manifold"":3,""sync_steps"":1,""lambda_manifold"":0.5}}",,numerical_failure,"RuntimeError: rank-deficient local slope for target 21: rank=0, required=1; increase N_phi or N_loc",local_projector_distance,lower,False,,False,numerical_failure,,,,,,,,,,,,,,,,,,
diagnostic-manifold-base,"manifold: base, local parameter variants",5,"N_loc=20, N_phi=10, N_J=24, N_manifold=3, lambda_manifold=0.5, sync_steps=1",8,8,"{""beta"":1609080203,""features"":2594376887,""noise"":1918940653,""centers"":2936154285,""directions"":3848134078,""init"":3430508477,""outliers"":639789839,""outlier_noise"":2784368537,""gamma"":1561447794,""misspecification"":244015551}",3430508477,ADP,0,240,True,4,60,1.0,0.0,0.05,manifold_radial,gaussian,gaussian,False,0.0,1.0,0.0,manifold,1,240,,1.0,False,,20,60,24,10,3,1,0.5,,,,10,,,,,,,,,"{""config"":{""seed"":42,""N_loc"":20,""N_lin"":60,""N_J"":24,""N_phi"":10,""lambda_penalty"":0.05,""local_ridge"":1e-08,""kernel"":""ADP.core.ADP_Config:epanechnikov"",""a"":1.4142135623730951,""h_min"":0.6454972243679028,""batch_size"":32,""index_init"":""local"",""estimator"":""new"",""direction_mode"":""auto"",""multi_tensor"":""orthogonal"",""select_step"":""best"",""center_displacement"":0.0,""training_set"":""all"",""redraw_directions"":true,""smart_weights"":false,""gpu"":false,""gpu_solver"":false},""solver_tol"":1e-06,""solver_max_steps"":3,""solver"":""cg"",""theta"":0.1,""trust_radius"":null,""lsmr_maxiter"":null,""cg_maxiter"":null,""manifold"":{""N_manifold"":3,""sync_steps"":1,""lambda_manifold"":0.5}}",,numerical_failure,"RuntimeError: rank-deficient local slope for target 9: rank=0, required=1; increase N_phi or N_loc",local_projector_distance,lower,False,,False,numerical_failure,,,,,,,,,,,,,,,,,,
diagnostic-manifold-base,"manifold: base, local parameter variants",5,"N_loc=20, N_phi=10, N_J=24, N_manifold=3, lambda_manifold=0.5, sync_steps=1",9,9,"{""beta"":2952143991,""features"":2627908462,""noise"":3029906209,""centers"":3185039825,""directions"":4246493789,""init"":3554362247,""outliers"":280476494,""outlier_noise"":3164107022,""gamma"":1298903658,""misspecification"":3020752865}",3554362247,ADP,0,240,True,4,60,1.0,0.0,0.05,manifold_radial,gaussian,gaussian,False,0.0,1.0,0.0,manifold,1,240,,1.0,False,,20,60,24,10,3,1,0.5,,,,10,,,,,,,,,"{""config"":{""seed"":42,""N_loc"":20,""N_lin"":60,""N_J"":24,""N_phi"":10,""lambda_penalty"":0.05,""local_ridge"":1e-08,""kernel"":""ADP.core.ADP_Config:epanechnikov"",""a"":1.4142135623730951,""h_min"":0.6454972243679028,""batch_size"":32,""index_init"":""local"",""estimator"":""new"",""direction_mode"":""auto"",""multi_tensor"":""orthogonal"",""select_step"":""best"",""center_displacement"":0.0,""training_set"":""all"",""redraw_directions"":true,""smart_weights"":false,""gpu"":false,""gpu_solver"":false},""solver_tol"":1e-06,""solver_max_steps"":3,""solver"":""cg"",""theta"":0.1,""trust_radius"":null,""lsmr_maxiter"":null,""cg_maxiter"":null,""manifold"":{""N_manifold"":3,""sync_steps"":1,""lambda_manifold"":0.5}}",,numerical_failure,"RuntimeError: rank-deficient local slope for target 1: rank=0, required=1; increase N_phi or N_loc",local_projector_distance,lower,False,,False,numerical_failure,,,,,,,,,,,,,,,,,,
diagnostic-manifold-base,"manifold: base, local parameter variants",5,"N_loc=20, N_phi=10, N_J=24, N_manifold=3, lambda_manifold=0.5, sync_steps=1",10,10,"{""beta"":2986142371,""features"":946643688,""noise"":1178448990,""centers"":4266290743,""directions"":2060725515,""init"":2568546636,""outliers"":892251341,""outlier_noise"":2365362817,""gamma"":3229695262,""misspecification"":1326227304}",2568546636,ADP,0,240,True,4,60,1.0,0.0,0.05,manifold_radial,gaussian,gaussian,False,0.0,1.0,0.0,manifold,1,240,,1.0,False,,20,60,24,10,3,1,0.5,,,,10,,,,,,,,,"{""config"":{""seed"":42,""N_loc"":20,""N_lin"":60,""N_J"":24,""N_phi"":10,""lambda_penalty"":0.05,""local_ridge"":1e-08,""kernel"":""ADP.core.ADP_Config:epanechnikov"",""a"":1.4142135623730951,""h_min"":0.6454972243679028,""batch_size"":32,""index_init"":""local"",""estimator"":""new"",""direction_mode"":""auto"",""multi_tensor"":""orthogonal"",""select_step"":""best"",""center_displacement"":0.0,""training_set"":""all"",""redraw_directions"":true,""smart_weights"":false,""gpu"":false,""gpu_solver"":false},""solver_tol"":1e-06,""solver_max_steps"":3,""solver"":""cg"",""theta"":0.1,""trust_radius"":null,""lsmr_maxiter"":null,""cg_maxiter"":null,""manifold"":{""N_manifold"":3,""sync_steps"":1,""lambda_manifold"":0.5}}","{""seed"":2568546636,""N_loc"":20,""N_lin"":60,""N_J"":24,""N_phi"":10,""lambda_penalty"":0.05,""local_ridge"":1e-08,""kernel"":""ADP.core.ADP_Config:epanechnikov"",""a"":1.4142135623730951,""h_min"":0.6454972243679028,""batch_size"":32,""index_init"":""local"",""estimator"":""new"",""direction_mode"":""auto"",""multi_tensor"":""orthogonal"",""select_step"":""best"",""center_displacement"":0.0,""training_set"":""all"",""redraw_directions"":true,""smart_weights"":false,""gpu"":false,""gpu_solver"":false,""solver"":""cg"",""solver_tol"":1e-06,""solver_max_steps"":1,""theta"":null,""trust_radius"":null,""lsmr_maxiter"":null,""cg_maxiter"":null,""training_size"":240,""center_displacement_scale"":0.0,""N_manifold"":3,""sync_steps"":1,""lambda_manifold"":0.5}",success,,local_projector_distance,lower,True,False,False,converged_bad_quality,0.4068799636812722,,,0.4068799636812722,0.8815624387312146,61.83141765106341,,0.4068799636812722,[],0.22884683099982794,0.6438579559326172,3,h_min,2,99.81378561842489,0.6448959399857497,"[{""phase"":""sync"",""iteration"":0,""h"":1.6866708117994105,""h_manifold"":1.6765648513725577,""alpha"":1.0,""alpha_manifold"":1.0,""function_edges"":871,""manifold_edges"":114,""function_mass_q10"":4.355265438201597,""function_mass_min"":2.3899055485943954,""function_mass_mean"":20.0,""function_mass_median"":14.969596917254021,""function_mass_q90"":37.64094350675557,""n_eff_q10"":6.239732807518214,""n_eff_min"":3.5281007135554763,""n_eff_median"":21.439885448502068,""n_eff_q90"":52.610222834959174,""manifold_mass_q10"":1.0257238370265478,""manifold_mass_median"":2.4268985234692737,""manifold_mass_q90"":5.713745902128376,""projector_change_median"":0.2340298574561776,""projector_change_max"":0.7260352109193431,""objective"":31.75538993966253,""manifold_penalty"":2.0086959354384817,""cg_iterations"":96,""cg_relative_residual_max"":3.616018842113431e-16,""linear_iterations"":96,""linear_relative_residual_max"":3.616018842113431e-16,""dense_solves"":0,""pcg_solves"":0,""fallback_solves"":0},{""phase"":""scale"",""iteration"":1,""h"":1.1926563686527822,""h_manifold"":1.6765648513725577,""alpha"":0.6153869330883026,""alpha_manifold"":1.0,""function_edges"":845,""manifold_edges"":114,""function_mass_q10"":3.1238382124689226,""function_mass_min"":1.938812883212171,""function_mass_mean"":20.000000368586957,""function_mass_median"":14.754564505295857,""function_mass_q90"":38.039587755085954,""n_eff_q10"":4.184277192970377,""n_eff_min"":2.601433871227036,""n_eff_median"":21.08006181825274,""n_eff_q90"":51.658484919188936,""manifold_mass_q10"":1.0257238370265478,""manifold_mass_median"":2.4268985234692737,""manifold_mass_q90"":5.713745902128376,""projector_change_median"":0.12666114101308096,""projector_change_max"":1.2098361812593945,""objective"":22.631224664600406,""manifold_penalty"":1.8867121401546563,""cg_iterations"":96,""cg_relative_residual_max"":1.6645043848931423e-14,""linear_iterations"":96,""linear_relative_residual_max"":1.6645043848931423e-14,""dense_solves"":0,""pcg_solves"":0,""fallback_solves"":0},{""phase"":""scale"",""iteration"":2,""h"":0.8433354058997052,""h_manifold"":1.6765648513725577,""alpha"":0.37081415951251984,""alpha_manifold"":1.0,""function_edges"":841,""manifold_edges"":114,""function_mass_q10"":4.521353883561882,""function_mass_min"":1.380449373073128,""function_mass_mean"":20.000000788152672,""function_mass_median"":16.60509985895856,""function_mass_q90"":38.957201899507275,""n_eff_q10"":6.757150615320691,""n_eff_min"":1.6646903220311091,""n_eff_median"":24.52387864304019,""n_eff_q90"":53.34566732646401,""manifold_mass_q10"":1.0257238370265478,""manifold_mass_median"":2.4268985234692737,""manifold_mass_q90"":5.713745902128376,""projector_change_median"":0.08946873216943912,""projector_change_max"":0.8449371412948747,""objective"":16.609941292418934,""manifold_penalty"":1.7145255902036851,""cg_iterations"":92,""cg_relative_residual_max"":4.113558178374179e-14,""linear_iterations"":92,""linear_relative_residual_max"":4.113558178374179e-14,""dense_solves"":0,""pcg_solves"":0,""fallback_solves"":0,""stop_reason"":""h_min""}]","{""converged"":true,""cg_iterations"":284,""cg_relative_residual_max"":4.113558178374179e-14,""linear_iterations"":284,""linear_relative_residual_max"":4.113558178374179e-14,""dense_solves"":0,""pcg_solves"":0,""fallback_solves"":0}"
diagnostic-manifold-base,"manifold: base, local parameter variants",5,"N_loc=20, N_phi=10, N_J=24, N_manifold=3, lambda_manifold=0.5, sync_steps=1",11,11,"{""beta"":1169213037,""features"":1095957835,""noise"":3841810831,""centers"":1031671468,""directions"":3208422369,""init"":3202220039,""outliers"":3254441912,""outlier_noise"":462153641,""gamma"":938740265,""misspecification"":1943647296}",3202220039,ADP,0,240,True,4,60,1.0,0.0,0.05,manifold_radial,gaussian,gaussian,False,0.0,1.0,0.0,manifold,1,240,,1.0,False,,20,60,24,10,3,1,0.5,,,,10,,,,,,,,,"{""config"":{""seed"":42,""N_loc"":20,""N_lin"":60,""N_J"":24,""N_phi"":10,""lambda_penalty"":0.05,""local_ridge"":1e-08,""kernel"":""ADP.core.ADP_Config:epanechnikov"",""a"":1.4142135623730951,""h_min"":0.6454972243679028,""batch_size"":32,""index_init"":""local"",""estimator"":""new"",""direction_mode"":""auto"",""multi_tensor"":""orthogonal"",""select_step"":""best"",""center_displacement"":0.0,""training_set"":""all"",""redraw_directions"":true,""smart_weights"":false,""gpu"":false,""gpu_solver"":false},""solver_tol"":1e-06,""solver_max_steps"":3,""solver"":""cg"",""theta"":0.1,""trust_radius"":null,""lsmr_maxiter"":null,""cg_maxiter"":null,""manifold"":{""N_manifold"":3,""sync_steps"":1,""lambda_manifold"":0.5}}","{""seed"":3202220039,""N_loc"":20,""N_lin"":60,""N_J"":24,""N_phi"":10,""lambda_penalty"":0.05,""local_ridge"":1e-08,""kernel"":""ADP.core.ADP_Config:epanechnikov"",""a"":1.4142135623730951,""h_min"":0.6454972243679028,""batch_size"":32,""index_init"":""local"",""estimator"":""new"",""direction_mode"":""auto"",""multi_tensor"":""orthogonal"",""select_step"":""best"",""center_displacement"":0.0,""training_set"":""all"",""redraw_directions"":true,""smart_weights"":false,""gpu"":false,""gpu_solver"":false,""solver"":""cg"",""solver_tol"":1e-06,""solver_max_steps"":1,""theta"":null,""trust_radius"":null,""lsmr_maxiter"":null,""cg_maxiter"":null,""training_size"":240,""center_displacement_scale"":0.0,""N_manifold"":3,""sync_steps"":1,""lambda_manifold"":0.5}",success,,local_projector_distance,lower,True,False,False,converged_bad_quality,0.4433866436912362,,,0.4433866436912362,0.9983116806038993,86.6701393719827,,0.4433866436912362,[],0.22611159299776773,0.6438503265380859,3,h_min,2,82.75354706095972,0.5872022190756198,"[{""phase"":""sync"",""iteration"":0,""h"":1.5204013226950852,""h_manifold"":1.5401598229411189,""alpha"":1.0,""alpha_manifold"":1.0,""function_edges"":875,""manifold_edges"":114,""function_mass_q10"":5.234231782333284,""function_mass_min"":2.477639733794975,""function_mass_mean"":20.000000000000014,""function_mass_median"":15.868326181299363,""function_mass_q90"":36.693453277372136,""n_eff_q10"":7.536996574725949,""n_eff_min"":3.0872737184018852,""n_eff_median"":23.72759629738974,""n_eff_q90"":50.46040786535443,""manifold_mass_q10"":1.1692671885025168,""manifold_mass_median"":2.60542648012197,""manifold_mass_q90"":4.71452930039263,""projector_change_median"":0.1427936815650128,""projector_change_max"":0.5322544487161113,""objective"":20.257659694568332,""manifold_penalty"":0.8856166470350796,""cg_iterations"":96,""cg_relative_residual_max"":1.1005933432137578e-15,""linear_iterations"":96,""linear_relative_residual_max"":1.1005933432137578e-15,""dense_solves"":0,""pcg_solves"":0,""fallback_solves"":0},{""phase"":""scale"",""iteration"":1,""h"":1.075086085402691,""h_manifold"":1.5401598229411189,""alpha"":0.6042484194040298,""alpha_manifold"":1.0,""function_edges"":866,""manifold_edges"":114,""function_mass_q10"":5.1450162499052725,""function_mass_min"":2.0701002817429925,""function_mass_mean"":20.000000579878375,""function_mass_median"":15.28389991135532,""function_mass_q90"":37.34235259009862,""n_eff_q10"":7.8112851152189675,""n_eff_min"":2.432465442945616,""n_eff_median"":22.706699193783557,""n_eff_q90"":51.930097725150034,""manifold_mass_q10"":1.1692671885025168,""manifold_mass_median"":2.60542648012197,""manifold_mass_q90"":4.71452930039263,""projector_change_median"":0.162170862517313,""projector_change_max"":0.5468241864570094,""objective"":23.14829065237859,""manifold_penalty"":0.9291584594993342,""cg_iterations"":96,""cg_relative_residual_max"":3.976438736594772e-15,""linear_iterations"":96,""linear_relative_residual_max"":3.976438736594772e-15,""dense_solves"":0,""pcg_solves"":0,""fallback_solves"":0},{""phase"":""scale"",""iteration"":2,""h"":0.7602006613475425,""h_manifold"":1.5401598229411189,""alpha"":0.35887089371681213,""alpha_manifold"":1.0,""function_edges"":807,""manifold_edges"":114,""function_mass_q10"":5.053542236898096,""function_mass_min"":2.1987130301465827,""function_mass_mean"":20.000001034739032,""function_mass_median"":16.187915166171383,""function_mass_q90"":37.83634949616068,""n_eff_q10"":6.508498041991382,""n_eff_min"":2.498547814364872,""n_eff_median"":22.835729197494025,""n_eff_q90"":50.75107185831087,""manifold_mass_q10"":1.1692671885025168,""manifold_mass_median"":2.60542648012197,""manifold_mass_q90"":4.71452930039263,""projector_change_median"":0.15267265794818022,""projector_change_max"":1.3894113518456908,""objective"":16.910673107809476,""manifold_penalty"":0.7760068710054362,""cg_iterations"":96,""cg_relative_residual_max"":3.0870563896083126e-13,""linear_iterations"":96,""linear_relative_residual_max"":3.0870563896083126e-13,""dense_solves"":0,""pcg_solves"":0,""fallback_solves"":0,""stop_reason"":""h_min""}]","{""converged"":true,""cg_iterations"":288,""cg_relative_residual_max"":3.0870563896083126e-13,""linear_iterations"":288,""linear_relative_residual_max"":3.0870563896083126e-13,""dense_solves"":0,""pcg_solves"":0,""fallback_solves"":0}"
diagnostic-manifold-base,"manifold: base, local parameter variants",6,"N_loc=20, N_phi=10, N_J=24, N_manifold=10, lambda_manifold=0.5, sync_steps=1",0,0,"{""beta"":160747260,""features"":2186772633,""noise"":475316650,""centers"":2297579960,""directions"":834610471,""init"":3414180542,""outliers"":2022353668,""outlier_noise"":1111215905,""gamma"":2591228347,""misspecification"":1802179717}",3414180542,ADP,0,240,True,4,60,1.0,0.0,0.05,manifold_radial,gaussian,gaussian,False,0.0,1.0,0.0,manifold,1,240,,1.0,False,,20,60,24,10,10,1,0.5,,,,10,,,,,,,,,"{""config"":{""seed"":42,""N_loc"":20,""N_lin"":60,""N_J"":24,""N_phi"":10,""lambda_penalty"":0.05,""local_ridge"":1e-08,""kernel"":""ADP.core.ADP_Config:epanechnikov"",""a"":1.4142135623730951,""h_min"":0.6454972243679028,""batch_size"":32,""index_init"":""local"",""estimator"":""new"",""direction_mode"":""auto"",""multi_tensor"":""orthogonal"",""select_step"":""best"",""center_displacement"":0.0,""training_set"":""all"",""redraw_directions"":true,""smart_weights"":false,""gpu"":false,""gpu_solver"":false},""solver_tol"":1e-06,""solver_max_steps"":3,""solver"":""cg"",""theta"":0.1,""trust_radius"":null,""lsmr_maxiter"":null,""cg_maxiter"":null,""manifold"":{""N_manifold"":10,""sync_steps"":1,""lambda_manifold"":0.5}}","{""seed"":3414180542,""N_loc"":20,""N_lin"":60,""N_J"":24,""N_phi"":10,""lambda_penalty"":0.05,""local_ridge"":1e-08,""kernel"":""ADP.core.ADP_Config:epanechnikov"",""a"":1.4142135623730951,""h_min"":0.6454972243679028,""batch_size"":32,""index_init"":""local"",""estimator"":""new"",""direction_mode"":""auto"",""multi_tensor"":""orthogonal"",""select_step"":""best"",""center_displacement"":0.0,""training_set"":""all"",""redraw_directions"":true,""smart_weights"":false,""gpu"":false,""gpu_solver"":false,""solver"":""cg"",""solver_tol"":1e-06,""solver_max_steps"":1,""theta"":null,""trust_radius"":null,""lsmr_maxiter"":null,""cg_maxiter"":null,""training_size"":240,""center_displacement_scale"":0.0,""N_manifold"":10,""sync_steps"":1,""lambda_manifold"":0.5}",success,,local_projector_distance,lower,True,False,False,converged_bad_quality,0.5936674892184384,,,0.5936674892184384,0.9999937626086846,89.79763315931618,,0.5936674892184384,[],0.27449371599868755,0.6620712280273438,3,h_min,2,108.65345680184731,0.6728467408514095,"[{""phase"":""sync"",""iteration"":0,""h"":1.6633575396573566,""h_manifold"":2.8821644662685992,""alpha"":1.0,""alpha_manifold"":1.0,""function_edges"":851,""manifold_edges"":352,""function_mass_q10"":4.142971690230403,""function_mass_min"":2.4337449486986866,""function_mass_mean"":20.000000000000004,""function_mass_median"":18.07643994820915,""function_mass_q90"":37.056444288326794,""n_eff_q10"":6.336492672760581,""n_eff_min"":3.3874532556079515,""n_eff_median"":24.917576549473505,""n_eff_q90"":52.0676568628778,""manifold_mass_q10"":3.206340614267135,""manifold_mass_median"":10.831448124296394,""manifold_mass_q90"":15.203037732615849,""projector_change_median"":0.20626221052243957,""projector_change_max"":0.42705577430457725,""objective"":229.56931574536063,""manifold_penalty"":2.5683676531865256,""cg_iterations"":96,""cg_relative_residual_max"":4.171160114941978e-16,""linear_iterations"":96,""linear_relative_residual_max"":4.171160114941978e-16,""dense_solves"":0,""pcg_solves"":0,""fallback_solves"":0},{""phase"":""scale"",""iteration"":1,""h"":1.1761713958294884,""h_manifold"":2.8821644662685992,""alpha"":0.6144964545965195,""alpha_manifold"":1.0,""function_edges"":827,""manifold_edges"":352,""function_mass_q10"":4.117159562473212,""function_mass_min"":2.3044727762315023,""function_mass_mean"":20.000000958655352,""function_mass_median"":17.68312354399051,""function_mass_q90"":38.76819018740523,""n_eff_q10"":5.656237395111441,""n_eff_min"":3.136628369415032,""n_eff_median"":24.983773422500136,""n_eff_q90"":53.001665969369206,""manifold_mass_q10"":3.206340614267135,""manifold_mass_median"":10.831448124296394,""manifold_mass_q90"":15.203037732615849,""projector_change_median"":0.22894626202831345,""projector_change_max"":0.4194466120276498,""objective"":196.87793573869956,""manifold_penalty"":2.774653184939292,""cg_iterations"":96,""cg_relative_residual_max"":4.1927130782237355e-16,""linear_iterations"":96,""linear_relative_residual_max"":4.1927130782237355e-16,""dense_solves"":0,""pcg_solves"":0,""fallback_solves"":0},{""phase"":""scale"",""iteration"":2,""h"":0.8316787698286782,""h_manifold"":2.8821644662685992,""alpha"":0.3691987246274948,""alpha_manifold"":1.0,""function_edges"":833,""manifold_edges"":352,""function_mass_q10"":5.302464295783908,""function_mass_min"":1.615506342330181,""function_mass_mean"":20.000001159441734,""function_mass_median"":16.493676643614428,""function_mass_q90"":36.61819155883639,""n_eff_q10"":7.53249204670824,""n_eff_min"":1.8927834201965221,""n_eff_median"":21.259399614830404,""n_eff_q90"":51.67156132812268,""manifold_mass_q10"":3.206340614267135,""manifold_mass_median"":10.831448124296394,""manifold_mass_q90"":15.203037732615849,""projector_change_median"":0.05924916578654418,""projector_change_max"":0.40181750839432245,""objective"":199.2067519518313,""manifold_penalty"":2.391202863510834,""cg_iterations"":96,""cg_relative_residual_max"":3.5178297263264825e-15,""linear_iterations"":96,""linear_relative_residual_max"":3.5178297263264825e-15,""dense_solves"":0,""pcg_solves"":0,""fallback_solves"":0,""stop_reason"":""h_min""}]","{""converged"":true,""cg_iterations"":288,""cg_relative_residual_max"":3.5178297263264825e-15,""linear_iterations"":288,""linear_relative_residual_max"":3.5178297263264825e-15,""dense_solves"":0,""pcg_solves"":0,""fallback_solves"":0}"
diagnostic-manifold-base,"manifold: base, local parameter variants",6,"N_loc=20, N_phi=10, N_J=24, N_manifold=10, lambda_manifold=0.5, sync_steps=1",1,1,"{""beta"":1931894582,""features"":728973687,""noise"":453924638,""centers"":2145764529,""directions"":1084146302,""init"":1568069026,""outliers"":2674833454,""outlier_noise"":1988346855,""gamma"":3811432093,""misspecification"":345464691}",1568069026,ADP,0,240,True,4,60,1.0,0.0,0.05,manifold_radial,gaussian,gaussian,False,0.0,1.0,0.0,manifold,1,240,,1.0,False,,20,60,24,10,10,1,0.5,,,,10,,,,,,,,,"{""config"":{""seed"":42,""N_loc"":20,""N_lin"":60,""N_J"":24,""N_phi"":10,""lambda_penalty"":0.05,""local_ridge"":1e-08,""kernel"":""ADP.core.ADP_Config:epanechnikov"",""a"":1.4142135623730951,""h_min"":0.6454972243679028,""batch_size"":32,""index_init"":""local"",""estimator"":""new"",""direction_mode"":""auto"",""multi_tensor"":""orthogonal"",""select_step"":""best"",""center_displacement"":0.0,""training_set"":""all"",""redraw_directions"":true,""smart_weights"":false,""gpu"":false,""gpu_solver"":false},""solver_tol"":1e-06,""solver_max_steps"":3,""solver"":""cg"",""theta"":0.1,""trust_radius"":null,""lsmr_maxiter"":null,""cg_maxiter"":null,""manifold"":{""N_manifold"":10,""sync_steps"":1,""lambda_manifold"":0.5}}","{""seed"":1568069026,""N_loc"":20,""N_lin"":60,""N_J"":24,""N_phi"":10,""lambda_penalty"":0.05,""local_ridge"":1e-08,""kernel"":""ADP.core.ADP_Config:epanechnikov"",""a"":1.4142135623730951,""h_min"":0.6454972243679028,""batch_size"":32,""index_init"":""local"",""estimator"":""new"",""direction_mode"":""auto"",""multi_tensor"":""orthogonal"",""select_step"":""best"",""center_displacement"":0.0,""training_set"":""all"",""redraw_directions"":true,""smart_weights"":false,""gpu"":false,""gpu_solver"":false,""solver"":""cg"",""solver_tol"":1e-06,""solver_max_steps"":1,""theta"":null,""trust_radius"":null,""lsmr_maxiter"":null,""cg_maxiter"":null,""training_size"":240,""center_displacement_scale"":0.0,""N_manifold"":10,""sync_steps"":1,""lambda_manifold"":0.5}",success,,local_projector_distance,lower,True,False,False,converged_bad_quality,0.5436746946408255,,,0.5436746946408255,0.9980959832687225,86.46375828345992,,0.5436746946408255,[],0.2571655030005786,0.6520748138427734,3,h_min,2,91.40372221960293,0.6171295184818815,"[{""phase"":""sync"",""iteration"":0,""h"":1.655828701493783,""h_manifold"":2.913464156012538,""alpha"":1.0,""alpha_manifold"":1.0,""function_edges"":876,""manifold_edges"":370,""function_mass_q10"":6.2626455605731195,""function_mass_min"":4.398587113857294,""function_mass_mean"":19.999999999999996,""function_mass_median"":20.317212386344664,""function_mass_q90"":32.171074455832944,""n_eff_q10"":9.115186139787221,""n_eff_min"":5.644182069735399,""n_eff_median"":28.835288321549683,""n_eff_q90"":44.34415078417799,""manifold_mass_q10"":4.891480042125199,""manifold_mass_median"":10.751591701239924,""manifold_mass_q90"":14.094368563229345,""projector_change_median"":0.09936115657074833,""projector_change_max"":0.32576549313538833,""objective"":167.73383437800504,""manifold_penalty"":1.1700402870609987,""cg_iterations"":96,""cg_relative_residual_max"":4.278531103162287e-16,""linear_iterations"":96,""linear_relative_residual_max"":4.278531103162287e-16,""dense_solves"":0,""pcg_solves"":0,""fallback_solves"":0},{""phase"":""scale"",""iteration"":1,""h"":1.1708477033095694,""h_manifold"":2.913464156012538,""alpha"":0.6157253533601761,""alpha_manifold"":1.0,""function_edges"":862,""manifold_edges"":370,""function_mass_q10"":5.702128609110913,""function_mass_min"":4.0628109215230195,""function_mass_mean"":20.000000220580063,""function_mass_median"":20.7399206650649,""function_mass_q90"":31.110728436242656,""n_eff_q10"":8.491964629520506,""n_eff_min"":5.495386177289073,""n_eff_median"":28.145002840732776,""n_eff_q90"":41.37442963168716,""manifold_mass_q10"":4.891480042125199,""manifold_mass_median"":10.751591701239924,""manifold_mass_q90"":14.094368563229345,""projector_change_median"":0.10404662815164206,""projector_change_max"":0.29041960164204933,""objective"":191.9983650411074,""manifold_penalty"":1.2578103824548545,""cg_iterations"":96,""cg_relative_residual_max"":6.44547726930475e-16,""linear_iterations"":96,""linear_relative_residual_max"":6.44547726930475e-16,""dense_solves"":0,""pcg_solves"":0,""fallback_solves"":0},{""phase"":""scale"",""iteration"":2,""h"":0.8279143507468913,""h_manifold"":2.913464156012538,""alpha"":0.37437230348587036,""alpha_manifold"":1.0,""function_edges"":805,""manifold_edges"":370,""function_mass_q10"":4.9661023150216215,""function_mass_min"":2.9406942621790737,""function_mass_mean"":20.000000103017666,""function_mass_median"":19.9325105446912,""function_mass_q90"":32.2660732490646,""n_eff_q10"":6.58407582218967,""n_eff_min"":3.6509916417715127,""n_eff_median"":26.813132978361047,""n_eff_q90"":43.03727631171875,""manifold_mass_q10"":4.891480042125199,""manifold_mass_median"":10.751591701239924,""manifold_mass_q90"":14.094368563229345,""projector_change_median"":0.09243085942232629,""projector_change_max"":0.4128823012953027,""objective"":166.13996453971413,""manifold_penalty"":1.4562582571863008,""cg_iterations"":96,""cg_relative_residual_max"":4.214755235766842e-15,""linear_iterations"":96,""linear_relative_residual_max"":4.214755235766842e-15,""dense_solves"":0,""pcg_solves"":0,""fallback_solves"":0,""stop_reason"":""h_min""}]","{""converged"":true,""cg_iterations"":288,""cg_relative_residual_max"":4.214755235766842e-15,""linear_iterations"":288,""linear_relative_residual_max"":4.214755235766842e-15,""dense_solves"":0,""pcg_solves"":0,""fallback_solves"":0}"
diagnostic-manifold-base,"manifold: base, local parameter variants",6,"N_loc=20, N_phi=10, N_J=24, N_manifold=10, lambda_manifold=0.5, sync_steps=1",2,2,"{""beta"":3049918365,""features"":1057112449,""noise"":2816531493,""centers"":3529945714,""directions"":2935922697,""init"":4167035260,""outliers"":1654234620,""outlier_noise"":2849204727,""gamma"":605489280,""misspecification"":212052512}",4167035260,ADP,0,240,True,4,60,1.0,0.0,0.05,manifold_radial,gaussian,gaussian,False,0.0,1.0,0.0,manifold,1,240,,1.0,False,,20,60,24,10,10,1,0.5,,,,10,,,,,,,,,"{""config"":{""seed"":42,""N_loc"":20,""N_lin"":60,""N_J"":24,""N_phi"":10,""lambda_penalty"":0.05,""local_ridge"":1e-08,""kernel"":""ADP.core.ADP_Config:epanechnikov"",""a"":1.4142135623730951,""h_min"":0.6454972243679028,""batch_size"":32,""index_init"":""local"",""estimator"":""new"",""direction_mode"":""auto"",""multi_tensor"":""orthogonal"",""select_step"":""best"",""center_displacement"":0.0,""training_set"":""all"",""redraw_directions"":true,""smart_weights"":false,""gpu"":false,""gpu_solver"":false},""solver_tol"":1e-06,""solver_max_steps"":3,""solver"":""cg"",""theta"":0.1,""trust_radius"":null,""lsmr_maxiter"":null,""cg_maxiter"":null,""manifold"":{""N_manifold"":10,""sync_steps"":1,""lambda_manifold"":0.5}}","{""seed"":4167035260,""N_loc"":20,""N_lin"":60,""N_J"":24,""N_phi"":10,""lambda_penalty"":0.05,""local_ridge"":1e-08,""kernel"":""ADP.core.ADP_Config:epanechnikov"",""a"":1.4142135623730951,""h_min"":0.6454972243679028,""batch_size"":32,""index_init"":""local"",""estimator"":""new"",""direction_mode"":""auto"",""multi_tensor"":""orthogonal"",""select_step"":""best"",""center_displacement"":0.0,""training_set"":""all"",""redraw_directions"":true,""smart_weights"":false,""gpu"":false,""gpu_solver"":false,""solver"":""cg"",""solver_tol"":1e-06,""solver_max_steps"":1,""theta"":null,""trust_radius"":null,""lsmr_maxiter"":null,""cg_maxiter"":null,""training_size"":240,""center_displacement_scale"":0.0,""N_manifold"":10,""sync_steps"":1,""lambda_manifold"":0.5}",success,,local_projector_distance,lower,True,False,False,converged_bad_quality,0.6085687590541003,,,0.6085687590541003,0.9999937498763455,89.79742671945824,,0.6085687590541002,[],0.24871233600060805,0.6461696624755859,3,h_min,2,153.97691363776147,0.8009809445240709,"[{""phase"":""sync"",""iteration"":0,""h"":1.6949287368540935,""h_manifold"":2.9007689094765396,""alpha"":1.0,""alpha_manifold"":1.0,""function_edges"":865,""manifold_edges"":366,""function_mass_q10"":7.891682163545296,""function_mass_min"":2.6677890471491295,""function_mass_mean"":20.000000000000004,""function_mass_median"":17.933978592667746,""function_mass_q90"":32.55763612370227,""n_eff_q10"":11.263391536939,""n_eff_min"":3.957090577021544,""n_eff_median"":27.063203551782323,""n_eff_q90"":45.58724546953231,""manifold_mass_q10"":5.960852702057045,""manifold_mass_median"":9.895703548675407,""manifold_mass_q90"":14.346984018728222,""projector_change_median"":0.1250916181037594,""projector_change_max"":0.5238636356211428,""objective"":209.0729143820596,""manifold_penalty"":0.7504754880829205,""cg_iterations"":96,""cg_relative_residual_max"":4.3757403992848206e-16,""linear_iterations"":96,""linear_relative_residual_max"":4.3757403992848206e-16,""dense_solves"":0,""pcg_solves"":0,""fallback_solves"":0},{""phase"":""scale"",""iteration"":1,""h"":1.1984956034574787,""h_manifold"":2.9007689094765396,""alpha"":0.6153741627931595,""alpha_manifold"":1.0,""function_edges"":853,""manifold_edges"":366,""function_mass_q10"":7.62347481064746,""function_mass_min"":2.960178147214829,""function_mass_mean"":20.00000081802418,""function_mass_median"":18.10534074297744,""function_mass_q90"":34.30556766301273,""n_eff_q10"":11.475222197212858,""n_eff_min"":4.3461856449468055,""n_eff_median"":24.860265442264556,""n_eff_q90"":47.947762593389136,""manifold_mass_q10"":5.960852702057045,""manifold_mass_median"":9.895703548675407,""manifold_mass_q90"":14.346984018728222,""projector_change_median"":0.11473447191705517,""projector_change_max"":0.3691700430904127,""objective"":238.1303520434708,""manifold_penalty"":0.8620786842095571,""cg_iterations"":96,""cg_relative_residual_max"":6.564633261179072e-16,""linear_iterations"":96,""linear_relative_residual_max"":6.564633261179072e-16,""dense_solves"":0,""pcg_solves"":0,""fallback_solves"":0},{""phase"":""scale"",""iteration"":2,""h"":0.8474643684270466,""h_manifold"":2.9007689094765396,""alpha"":0.37466299533843994,""alpha_manifold"":1.0,""function_edges"":837,""manifold_edges"":366,""function_mass_q10"":8.026326788250453,""function_mass_min"":2.426560122343965,""function_mass_mean"":20.00000151100153,""function_mass_median"":17.491738433676403,""function_mass_q90"":33.56281825077382,""n_eff_q10"":11.62420959942257,""n_eff_min"":3.3965677151858658,""n_eff_median"":23.870238770656194,""n_eff_q90"":46.83797806367619,""manifold_mass_q10"":5.960852702057045,""manifold_mass_median"":9.895703548675407,""manifold_mass_q90"":14.346984018728222,""projector_change_median"":0.1392122733058057,""projector_change_max"":0.8322255739325805,""objective"":190.4853603174533,""manifold_penalty"":1.0342365404578038,""cg_iterations"":96,""cg_relative_residual_max"":1.6656300931030824e-15,""linear_iterations"":96,""linear_relative_residual_max"":1.6656300931030824e-15,""dense_solves"":0,""pcg_solves"":0,""fallback_solves"":0,""stop_reason"":""h_min""}]","{""converged"":true,""cg_iterations"":288,""cg_relative_residual_max"":1.6656300931030824e-15,""linear_iterations"":288,""linear_relative_residual_max"":1.6656300931030824e-15,""dense_solves"":0,""pcg_solves"":0,""fallback_solves"":0}"
diagnostic-manifold-base,"manifold: base, local parameter variants",6,"N_loc=20, N_phi=10, N_J=24, N_manifold=10, lambda_manifold=0.5, sync_steps=1",3,3,"{""beta"":4255376772,""features"":1229764143,""noise"":813326700,""centers"":2701065647,""directions"":3025337717,""init"":2424736837,""outliers"":408440574,""outlier_noise"":739910795,""gamma"":1682775850,""misspecification"":3107270422}",2424736837,ADP,0,240,True,4,60,1.0,0.0,0.05,manifold_radial,gaussian,gaussian,False,0.0,1.0,0.0,manifold,1,240,,1.0,False,,20,60,24,10,10,1,0.5,,,,10,,,,,,,,,"{""config"":{""seed"":42,""N_loc"":20,""N_lin"":60,""N_J"":24,""N_phi"":10,""lambda_penalty"":0.05,""local_ridge"":1e-08,""kernel"":""ADP.core.ADP_Config:epanechnikov"",""a"":1.4142135623730951,""h_min"":0.6454972243679028,""batch_size"":32,""index_init"":""local"",""estimator"":""new"",""direction_mode"":""auto"",""multi_tensor"":""orthogonal"",""select_step"":""best"",""center_displacement"":0.0,""training_set"":""all"",""redraw_directions"":true,""smart_weights"":false,""gpu"":false,""gpu_solver"":false},""solver_tol"":1e-06,""solver_max_steps"":3,""solver"":""cg"",""theta"":0.1,""trust_radius"":null,""lsmr_maxiter"":null,""cg_maxiter"":null,""manifold"":{""N_manifold"":10,""sync_steps"":1,""lambda_manifold"":0.5}}","{""seed"":2424736837,""N_loc"":20,""N_lin"":60,""N_J"":24,""N_phi"":10,""lambda_penalty"":0.05,""local_ridge"":1e-08,""kernel"":""ADP.core.ADP_Config:epanechnikov"",""a"":1.4142135623730951,""h_min"":0.6454972243679028,""batch_size"":32,""index_init"":""local"",""estimator"":""new"",""direction_mode"":""auto"",""multi_tensor"":""orthogonal"",""select_step"":""best"",""center_displacement"":0.0,""training_set"":""all"",""redraw_directions"":true,""smart_weights"":false,""gpu"":false,""gpu_solver"":false,""solver"":""cg"",""solver_tol"":1e-06,""solver_max_steps"":1,""theta"":null,""trust_radius"":null,""lsmr_maxiter"":null,""cg_maxiter"":null,""training_size"":240,""center_displacement_scale"":0.0,""N_manifold"":10,""sync_steps"":1,""lambda_manifold"":0.5}",success,,local_projector_distance,lower,True,False,False,converged_bad_quality,0.6345513657724354,,,0.6345513657724354,0.9995121667826,88.2102557677177,,0.6345513657724353,[],0.26059096599783516,0.6506996154785156,3,h_min,2,100.32802414224501,0.6465550509631959,"[{""phase"":""sync"",""iteration"":0,""h"":1.5615755036669832,""h_manifold"":2.545084646367288,""alpha"":1.0,""alpha_manifold"":1.0,""function_edges"":855,""manifold_edges"":366,""function_mass_q10"":6.473282369427427,""function_mass_min"":4.6225759309657,""function_mass_mean"":19.999999999999996,""function_mass_median"":16.8802795091385,""function_mass_q90"":31.955726319463693,""n_eff_q10"":9.761322241876911,""n_eff_min"":5.500069281013567,""n_eff_median"":24.449232429814806,""n_eff_q90"":44.77381867298445,""manifold_mass_q10"":4.790886836840321,""manifold_mass_median"":10.925227010735341,""manifold_mass_q90"":14.705401386600808,""projector_change_median"":0.18716010187686413,""projector_change_max"":0.47596397866656404,""objective"":335.2898975527239,""manifold_penalty"":3.0552544470127136,""cg_iterations"":96,""cg_relative_residual_max"":7.124848117768025e-16,""linear_iterations"":96,""linear_relative_residual_max"":7.124848117768025e-16,""dense_solves"":0,""pcg_solves"":0,""fallback_solves"":0},{""phase"":""scale"",""iteration"":1,""h"":1.1042006279777221,""h_manifold"":2.545084646367288,""alpha"":0.6184004694223404,""alpha_manifold"":1.0,""function_edges"":859,""manifold_edges"":366,""function_mass_q10"":6.541098964024546,""function_mass_min"":4.83962921981749,""function_mass_mean"":20.000000228856607,""function_mass_median"":16.886355781426104,""function_mass_q90"":31.590401702405742,""n_eff_q10"":9.192042344488017,""n_eff_min"":6.997749348393384,""n_eff_median"":24.44156181031166,""n_eff_q90"":44.1498659610641,""manifold_mass_q10"":4.790886836840321,""manifold_mass_median"":10.925227010735341,""manifold_mass_q90"":14.705401386600808,""projector_change_median"":0.2217197277016209,""projector_change_max"":0.5988190515219356,""objective"":257.6350214862488,""manifold_penalty"":2.8753074416759645,""cg_iterations"":96,""cg_relative_residual_max"":4.369877215905482e-16,""linear_iterations"":96,""linear_relative_residual_max"":4.369877215905482e-16,""dense_solves"":0,""pcg_solves"":0,""fallback_solves"":0},{""phase"":""scale"",""iteration"":2,""h"":0.7807877518334915,""h_manifold"":2.545084646367288,""alpha"":0.37968380749225616,""alpha_manifold"":1.0,""function_edges"":833,""manifold_edges"":366,""function_mass_q10"":6.591204652129763,""function_mass_min"":4.596146210530069,""function_mass_mean"":20.000001389549208,""function_mass_median"":17.459518138652243,""function_mass_q90"":32.049359622920285,""n_eff_q10"":8.602378720394816,""n_eff_min"":5.837530327485762,""n_eff_median"":25.887478601711855,""n_eff_q90"":45.464126165746684,""manifold_mass_q10"":4.790886836840321,""manifold_mass_median"":10.925227010735341,""manifold_mass_q90"":14.705401386600808,""projector_change_median"":0.15952397390742046,""projector_change_max"":0.4050068704882774,""objective"":214.85365783487018,""manifold_penalty"":3.3230813206183436,""cg_iterations"":96,""cg_relative_residual_max"":2.453706078469325e-15,""linear_iterations"":96,""linear_relative_residual_max"":2.453706078469325e-15,""dense_solves"":0,""pcg_solves"":0,""fallback_solves"":0,""stop_reason"":""h_min""}]","{""converged"":true,""cg_iterations"":288,""cg_relative_residual_max"":2.453706078469325e-15,""linear_iterations"":288,""linear_relative_residual_max"":2.453706078469325e-15,""dense_solves"":0,""pcg_solves"":0,""fallback_solves"":0}"
diagnostic-manifold-base,"manifold: base, local parameter variants",6,"N_loc=20, N_phi=10, N_J=24, N_manifold=10, lambda_manifold=0.5, sync_steps=1",4,4,"{""beta"":2626536110,""features"":227981437,""noise"":1989028013,""centers"":4205761707,""directions"":1746734398,""init"":3699691919,""outliers"":1937795235,""outlier_noise"":1205558110,""gamma"":3432378550,""misspecification"":592425380}",3699691919,ADP,0,240,True,4,60,1.0,0.0,0.05,manifold_radial,gaussian,gaussian,False,0.0,1.0,0.0,manifold,1,240,,1.0,False,,20,60,24,10,10,1,0.5,,,,10,,,,,,,,,"{""config"":{""seed"":42,""N_loc"":20,""N_lin"":60,""N_J"":24,""N_phi"":10,""lambda_penalty"":0.05,""local_ridge"":1e-08,""kernel"":""ADP.core.ADP_Config:epanechnikov"",""a"":1.4142135623730951,""h_min"":0.6454972243679028,""batch_size"":32,""index_init"":""local"",""estimator"":""new"",""direction_mode"":""auto"",""multi_tensor"":""orthogonal"",""select_step"":""best"",""center_displacement"":0.0,""training_set"":""all"",""redraw_directions"":true,""smart_weights"":false,""gpu"":false,""gpu_solver"":false},""solver_tol"":1e-06,""solver_max_steps"":3,""solver"":""cg"",""theta"":0.1,""trust_radius"":null,""lsmr_maxiter"":null,""cg_maxiter"":null,""manifold"":{""N_manifold"":10,""sync_steps"":1,""lambda_manifold"":0.5}}","{""seed"":3699691919,""N_loc"":20,""N_lin"":60,""N_J"":24,""N_phi"":10,""lambda_penalty"":0.05,""local_ridge"":1e-08,""kernel"":""ADP.core.ADP_Config:epanechnikov"",""a"":1.4142135623730951,""h_min"":0.6454972243679028,""batch_size"":32,""index_init"":""local"",""estimator"":""new"",""direction_mode"":""auto"",""multi_tensor"":""orthogonal"",""select_step"":""best"",""center_displacement"":0.0,""training_set"":""all"",""redraw_directions"":true,""smart_weights"":false,""gpu"":false,""gpu_solver"":false,""solver"":""cg"",""solver_tol"":1e-06,""solver_max_steps"":1,""theta"":null,""trust_radius"":null,""lsmr_maxiter"":null,""cg_maxiter"":null,""training_size"":240,""center_displacement_scale"":0.0,""N_manifold"":10,""sync_steps"":1,""lambda_manifold"":0.5}",success,,local_projector_distance,lower,True,False,False,converged_bad_quality,0.5755372431584863,,,0.5755372431584863,0.9898266520085132,81.82027967628221,,0.5755372431584863,[],0.25130182200155105,0.6467170715332031,3,h_min,2,137.29524847890116,0.7563488185544781,"[{""phase"":""sync"",""iteration"":0,""h"":1.5893452000177961,""h_manifold"":2.7488798555450087,""alpha"":1.0,""alpha_manifold"":1.0,""function_edges"":861,""manifold_edges"":362,""function_mass_q10"":5.7651702018076225,""function_mass_min"":1.323810857228164,""function_mass_mean"":20.0,""function_mass_median"":18.26092352146746,""function_mass_q90"":36.32178308588761,""n_eff_q10"":7.9388309091708,""n_eff_min"":1.5861607274659202,""n_eff_median"":25.573869859410713,""n_eff_q90"":50.14017889177374,""manifold_mass_q10"":4.512025401942922,""manifold_mass_median"":10.454666365770587,""manifold_mass_q90"":14.513126113434446,""projector_change_median"":0.23980976868480997,""projector_change_max"":0.46569498258215436,""objective"":169.55136846429278,""manifold_penalty"":2.8532737959876364,""cg_iterations"":96,""cg_relative_residual_max"":3.927550396696374e-16,""linear_iterations"":96,""linear_relative_residual_max"":3.927550396696374e-16,""dense_solves"":0,""pcg_solves"":0,""fallback_solves"":0},{""phase"":""scale"",""iteration"":1,""h"":1.1238367685788733,""h_manifold"":2.7488798555450087,""alpha"":0.6302644163370132,""alpha_manifold"":1.0,""function_edges"":850,""manifold_edges"":362,""function_mass_q10"":5.980040384419848,""function_mass_min"":1.237763327320657,""function_mass_mean"":20.00000021002857,""function_mass_median"":18.097582259625533,""function_mass_q90"":34.95600262027188,""n_eff_q10"":7.915603749145761,""n_eff_min"":1.450082841572871,""n_eff_median"":25.931407190613996,""n_eff_q90"":50.13425723971424,""manifold_mass_q10"":4.512025401942922,""manifold_mass_median"":10.454666365770587,""manifold_mass_q90"":14.513126113434446,""projector_change_median"":0.16683922461152884,""projector_change_max"":0.5050176208701418,""objective"":105.75851284634882,""manifold_penalty"":2.869850450169229,""cg_iterations"":96,""cg_relative_residual_max"":8.308769691724917e-16,""linear_iterations"":96,""linear_relative_residual_max"":8.308769691724917e-16,""dense_solves"":0,""pcg_solves"":0,""fallback_solves"":0},{""phase"":""scale"",""iteration"":2,""h"":0.794672600008898,""h_manifold"":2.7488798555450087,""alpha"":0.3869626224040985,""alpha_manifold"":1.0,""function_edges"":827,""manifold_edges"":362,""function_mass_q10"":5.741118026089101,""function_mass_min"":1.083715814703,""function_mass_mean"":20.000001429415438,""function_mass_median"":19.680941052454948,""function_mass_q90"":34.05947793604769,""n_eff_q10"":7.953973291703603,""n_eff_min"":1.1662663784888025,""n_eff_median"":27.61923952253681,""n_eff_q90"":48.47657943287531,""manifold_mass_q10"":4.512025401942922,""manifold_mass_median"":10.454666365770587,""manifold_mass_q90"":14.513126113434446,""projector_change_median"":0.1252203680831541,""projector_change_max"":0.5794089401988927,""objective"":74.2725246305233,""manifold_penalty"":2.8620947166716864,""cg_iterations"":96,""cg_relative_residual_max"":2.5482232374956802e-15,""linear_iterations"":96,""linear_relative_residual_max"":2.5482232374956802e-15,""dense_solves"":0,""pcg_solves"":0,""fallback_solves"":0,""stop_reason"":""h_min""}]","{""converged"":true,""cg_iterations"":288,""cg_relative_residual_max"":2.5482232374956802e-15,""linear_iterations"":288,""linear_relative_residual_max"":2.5482232374956802e-15,""dense_solves"":0,""pcg_solves"":0,""fallback_solves"":0}"
diagnostic-manifold-base,"manifold: base, local parameter variants",6,"N_loc=20, N_phi=10, N_J=24, N_manifold=10, lambda_manifold=0.5, sync_steps=1",5,5,"{""beta"":2591981369,""features"":3757986669,""noise"":654094259,""centers"":1360362612,""directions"":622664474,""init"":3202134607,""outliers"":2238804734,""outlier_noise"":1028591118,""gamma"":691848187,""misspecification"":854566012}",3202134607,ADP,0,240,True,4,60,1.0,0.0,0.05,manifold_radial,gaussian,gaussian,False,0.0,1.0,0.0,manifold,1,240,,1.0,False,,20,60,24,10,10,1,0.5,,,,10,,,,,,,,,"{""config"":{""seed"":42,""N_loc"":20,""N_lin"":60,""N_J"":24,""N_phi"":10,""lambda_penalty"":0.05,""local_ridge"":1e-08,""kernel"":""ADP.core.ADP_Config:epanechnikov"",""a"":1.4142135623730951,""h_min"":0.6454972243679028,""batch_size"":32,""index_init"":""local"",""estimator"":""new"",""direction_mode"":""auto"",""multi_tensor"":""orthogonal"",""select_step"":""best"",""center_displacement"":0.0,""training_set"":""all"",""redraw_directions"":true,""smart_weights"":false,""gpu"":false,""gpu_solver"":false},""solver_tol"":1e-06,""solver_max_steps"":3,""solver"":""cg"",""theta"":0.1,""trust_radius"":null,""lsmr_maxiter"":null,""cg_maxiter"":null,""manifold"":{""N_manifold"":10,""sync_steps"":1,""lambda_manifold"":0.5}}","{""seed"":3202134607,""N_loc"":20,""N_lin"":60,""N_J"":24,""N_phi"":10,""lambda_penalty"":0.05,""local_ridge"":1e-08,""kernel"":""ADP.core.ADP_Config:epanechnikov"",""a"":1.4142135623730951,""h_min"":0.6454972243679028,""batch_size"":32,""index_init"":""local"",""estimator"":""new"",""direction_mode"":""auto"",""multi_tensor"":""orthogonal"",""select_step"":""best"",""center_displacement"":0.0,""training_set"":""all"",""redraw_directions"":true,""smart_weights"":false,""gpu"":false,""gpu_solver"":false,""solver"":""cg"",""solver_tol"":1e-06,""solver_max_steps"":1,""theta"":null,""trust_radius"":null,""lsmr_maxiter"":null,""cg_maxiter"":null,""training_size"":240,""center_displacement_scale"":0.0,""N_manifold"":10,""sync_steps"":1,""lambda_manifold"":0.5}",success,,local_projector_distance,lower,True,False,False,converged_bad_quality,0.5257125646948319,,,0.5257125646948319,0.9999571600711021,89.46964880547881,,0.5257125646948319,[],0.2459709520007891,0.6468429565429688,3,h_min,2,86.51913812165266,0.60041353152658,"[{""phase"":""sync"",""iteration"":0,""h"":1.5361907633867116,""h_manifold"":2.5810060996208786,""alpha"":1.0,""alpha_manifold"":1.0,""function_edges"":895,""manifold_edges"":358,""function_mass_q10"":4.408460989334644,""function_mass_min"":2.351478924808989,""function_mass_mean"":20.0,""function_mass_median"":20.300252612199756,""function_mass_q90"":36.86629849191362,""n_eff_q10"":5.851516064605676,""n_eff_min"":3.1391379762235863,""n_eff_median"":29.448426968190965,""n_eff_q90"":52.07374185276162,""manifold_mass_q10"":4.530011387698486,""manifold_mass_median"":10.503798511117996,""manifold_mass_q90"":14.55474091126306,""projector_change_median"":0.20807925207094236,""projector_change_max"":0.34500654844029505,""objective"":241.02062276097098,""manifold_penalty"":2.821037410666322,""cg_iterations"":96,""cg_relative_residual_max"":3.7230871187967885e-16,""linear_iterations"":96,""linear_relative_residual_max"":3.7230871187967885e-16,""dense_solves"":0,""pcg_solves"":0,""fallback_solves"":0},{""phase"":""scale"",""iteration"":1,""h"":1.0862509059868828,""h_manifold"":2.5810060996208786,""alpha"":0.622285783290863,""alpha_manifold"":1.0,""function_edges"":861,""manifold_edges"":358,""function_mass_q10"":3.3777958530673096,""function_mass_min"":1.825788715054058,""function_mass_mean"":20.000000895739692,""function_mass_median"":19.670617336983483,""function_mass_q90"":39.00696650804467,""n_eff_q10"":4.388160750343523,""n_eff_min"":2.4617962819930788,""n_eff_median"":28.372178194290775,""n_eff_q90"":55.34775176727986,""manifold_mass_q10"":4.530011387698486,""manifold_mass_median"":10.503798511117996,""manifold_mass_q90"":14.55474091126306,""projector_change_median"":0.19166962384782876,""projector_change_max"":0.4717243073181531,""objective"":212.08911725404846,""manifold_penalty"":3.0713901567001427,""cg_iterations"":96,""cg_relative_residual_max"":6.071394552139575e-16,""linear_iterations"":96,""linear_relative_residual_max"":6.071394552139575e-16,""dense_solves"":0,""pcg_solves"":0,""fallback_solves"":0},{""phase"":""scale"",""iteration"":2,""h"":0.7680953816933557,""h_manifold"":2.5810060996208786,""alpha"":0.3767174929380417,""alpha_manifold"":1.0,""function_edges"":819,""manifold_edges"":358,""function_mass_q10"":2.66869057422716,""function_mass_min"":1.377045018809857,""function_mass_mean"":20.00000010998728,""function_mass_median"":18.817351905145294,""function_mass_q90"":37.999519422578096,""n_eff_q10"":3.305803744785989,""n_eff_min"":1.6602298210797595,""n_eff_median"":26.398955178703282,""n_eff_q90"":50.82571183061704,""manifold_mass_q10"":4.530011387698486,""manifold_mass_median"":10.503798511117996,""manifold_mass_q90"":14.55474091126306,""projector_change_median"":0.15670734967140504,""projector_change_max"":0.3878954781545564,""objective"":122.31552869024415,""manifold_penalty"":3.131428120932966,""cg_iterations"":96,""cg_relative_residual_max"":1.7032916014681936e-15,""linear_iterations"":96,""linear_relative_residual_max"":1.7032916014681936e-15,""dense_solves"":0,""pcg_solves"":0,""fallback_solves"":0,""stop_reason"":""h_min""}]","{""converged"":true,""cg_iterations"":288,""cg_relative_residual_max"":1.7032916014681936e-15,""linear_iterations"":288,""linear_relative_residual_max"":1.7032916014681936e-15,""dense_solves"":0,""pcg_solves"":0,""fallback_solves"":0}"
diagnostic-manifold-base,"manifold: base, local parameter variants",6,"N_loc=20, N_phi=10, N_J=24, N_manifold=10, lambda_manifold=0.5, sync_steps=1",6,6,"{""beta"":2649590584,""features"":3993099560,""noise"":1760850090,""centers"":1235842596,""directions"":516648510,""init"":1329562486,""outliers"":4220703868,""outlier_noise"":3112353199,""gamma"":697337733,""misspecification"":2423010501}",1329562486,ADP,0,240,True,4,60,1.0,0.0,0.05,manifold_radial,gaussian,gaussian,False,0.0,1.0,0.0,manifold,1,240,,1.0,False,,20,60,24,10,10,1,0.5,,,,10,,,,,,,,,"{""config"":{""seed"":42,""N_loc"":20,""N_lin"":60,""N_J"":24,""N_phi"":10,""lambda_penalty"":0.05,""local_ridge"":1e-08,""kernel"":""ADP.core.ADP_Config:epanechnikov"",""a"":1.4142135623730951,""h_min"":0.6454972243679028,""batch_size"":32,""index_init"":""local"",""estimator"":""new"",""direction_mode"":""auto"",""multi_tensor"":""orthogonal"",""select_step"":""best"",""center_displacement"":0.0,""training_set"":""all"",""redraw_directions"":true,""smart_weights"":false,""gpu"":false,""gpu_solver"":false},""solver_tol"":1e-06,""solver_max_steps"":3,""solver"":""cg"",""theta"":0.1,""trust_radius"":null,""lsmr_maxiter"":null,""cg_maxiter"":null,""manifold"":{""N_manifold"":10,""sync_steps"":1,""lambda_manifold"":0.5}}",,numerical_failure,"RuntimeError: rank-deficient local slope for target 8: rank=0, required=1; increase N_phi or N_loc",local_projector_distance,lower,False,,False,numerical_failure,,,,,,,,,,,,,,,,,,
diagnostic-manifold-base,"manifold: base, local parameter variants",6,"N_loc=20, N_phi=10, N_J=24, N_manifold=10, lambda_manifold=0.5, sync_steps=1",7,7,"{""beta"":1192128109,""features"":4203467630,""noise"":955820423,""centers"":264639041,""directions"":1237972010,""init"":2645466379,""outliers"":2165193105,""outlier_noise"":627906730,""gamma"":548357580,""misspecification"":1960086769}",2645466379,ADP,0,240,True,4,60,1.0,0.0,0.05,manifold_radial,gaussian,gaussian,False,0.0,1.0,0.0,manifold,1,240,,1.0,False,,20,60,24,10,10,1,0.5,,,,10,,,,,,,,,"{""config"":{""seed"":42,""N_loc"":20,""N_lin"":60,""N_J"":24,""N_phi"":10,""lambda_penalty"":0.05,""local_ridge"":1e-08,""kernel"":""ADP.core.ADP_Config:epanechnikov"",""a"":1.4142135623730951,""h_min"":0.6454972243679028,""batch_size"":32,""index_init"":""local"",""estimator"":""new"",""direction_mode"":""auto"",""multi_tensor"":""orthogonal"",""select_step"":""best"",""center_displacement"":0.0,""training_set"":""all"",""redraw_directions"":true,""smart_weights"":false,""gpu"":false,""gpu_solver"":false},""solver_tol"":1e-06,""solver_max_steps"":3,""solver"":""cg"",""theta"":0.1,""trust_radius"":null,""lsmr_maxiter"":null,""cg_maxiter"":null,""manifold"":{""N_manifold"":10,""sync_steps"":1,""lambda_manifold"":0.5}}","{""seed"":2645466379,""N_loc"":20,""N_lin"":60,""N_J"":24,""N_phi"":10,""lambda_penalty"":0.05,""local_ridge"":1e-08,""kernel"":""ADP.core.ADP_Config:epanechnikov"",""a"":1.4142135623730951,""h_min"":0.6454972243679028,""batch_size"":32,""index_init"":""local"",""estimator"":""new"",""direction_mode"":""auto"",""multi_tensor"":""orthogonal"",""select_step"":""best"",""center_displacement"":0.0,""training_set"":""all"",""redraw_directions"":true,""smart_weights"":false,""gpu"":false,""gpu_solver"":false,""solver"":""cg"",""solver_tol"":1e-06,""solver_max_steps"":1,""theta"":null,""trust_radius"":null,""lsmr_maxiter"":null,""cg_maxiter"":null,""training_size"":240,""center_displacement_scale"":0.0,""N_manifold"":10,""sync_steps"":1,""lambda_manifold"":0.5}",success,,local_projector_distance,lower,True,False,False,converged_bad_quality,0.5764922433648191,,,0.5764922433648191,0.9972747317597248,85.76902033681284,,0.5764922433648191,[],0.25214294499892276,0.6464004516601562,3,h_min,2,82.67298075340925,0.5869163084624631,"[{""phase"":""sync"",""iteration"":0,""h"":1.6605951643384131,""h_manifold"":2.9569249376138136,""alpha"":1.0,""alpha_manifold"":1.0,""function_edges"":871,""manifold_edges"":364,""function_mass_q10"":5.4842875683172645,""function_mass_min"":2.87726657357594,""function_mass_mean"":20.000000000000007,""function_mass_median"":16.908491909636595,""function_mass_q90"":40.547583270218524,""n_eff_q10"":7.790441833253612,""n_eff_min"":3.8037747892889238,""n_eff_median"":24.313168967284398,""n_eff_q90"":55.55540976725702,""manifold_mass_q10"":4.274248095231829,""manifold_mass_median"":10.39835320824401,""manifold_mass_q90"":14.15936892715457,""projector_change_median"":0.11922017164098234,""projector_change_max"":0.36268278075550725,""objective"":169.3358193554144,""manifold_penalty"":1.0945911264636097,""cg_iterations"":95,""cg_relative_residual_max"":5.60765057259817e-07,""linear_iterations"":95,""linear_relative_residual_max"":5.60765057259817e-07,""dense_solves"":0,""pcg_solves"":0,""fallback_solves"":0},{""phase"":""scale"",""iteration"":1,""h"":1.1742181015092812,""h_manifold"":2.9569249376138136,""alpha"":0.6113480776548386,""alpha_manifold"":1.0,""function_edges"":853,""manifold_edges"":364,""function_mass_q10"":4.810545419200803,""function_mass_min"":1.751656467215315,""function_mass_mean"":20.00000034471979,""function_mass_median"":16.595368390542813,""function_mass_q90"":40.49103237374475,""n_eff_q10"":7.236191027214776,""n_eff_min"":2.270203299909435,""n_eff_median"":23.64581802580127,""n_eff_q90"":55.5881945825461,""manifold_mass_q10"":4.274248095231829,""manifold_mass_median"":10.39835320824401,""manifold_mass_q90"":14.15936892715457,""projector_change_median"":0.26424178843731183,""projector_change_max"":0.4925183362545404,""objective"":191.6560352068579,""manifold_penalty"":1.449319674181171,""cg_iterations"":96,""cg_relative_residual_max"":3.4249643310479904e-16,""linear_iterations"":96,""linear_relative_residual_max"":3.4249643310479904e-16,""dense_solves"":0,""pcg_solves"":0,""fallback_solves"":0},{""phase"":""scale"",""iteration"":2,""h"":0.8302975821692065,""h_manifold"":2.9569249376138136,""alpha"":0.3738243579864502,""alpha_manifold"":1.0,""function_edges"":825,""manifold_edges"":364,""function_mass_q10"":5.15350656576963,""function_mass_min"":1.0259214378303403,""function_mass_mean"":20.000000051039805,""function_mass_median"":16.803214947451842,""function_mass_q90"":39.28467771104631,""n_eff_q10"":7.315672739002085,""n_eff_min"":1.0518080647371646,""n_eff_median"":23.88625610656465,""n_eff_q90"":53.33530079404871,""manifold_mass_q10"":4.274248095231829,""manifold_mass_median"":10.39835320824401,""manifold_mass_q90"":14.15936892715457,""projector_change_median"":0.07831243045910927,""projector_change_max"":0.34719804437673013,""objective"":240.59024571957204,""manifold_penalty"":1.4196493411822115,""cg_iterations"":96,""cg_relative_residual_max"":1.4849602631771944e-15,""linear_iterations"":96,""linear_relative_residual_max"":1.4849602631771944e-15,""dense_solves"":0,""pcg_solves"":0,""fallback_solves"":0,""stop_reason"":""h_min""}]","{""converged"":true,""cg_iterations"":287,""cg_relative_residual_max"":5.60765057259817e-07,""linear_iterations"":287,""linear_relative_residual_max"":5.60765057259817e-07,""dense_solves"":0,""pcg_solves"":0,""fallback_solves"":0}"
diagnostic-manifold-base,"manifold: base, local parameter variants",6,"N_loc=20, N_phi=10, N_J=24, N_manifold=10, lambda_manifold=0.5, sync_steps=1",8,8,"{""beta"":1609080203,""features"":2594376887,""noise"":1918940653,""centers"":2936154285,""directions"":3848134078,""init"":3430508477,""outliers"":639789839,""outlier_noise"":2784368537,""gamma"":1561447794,""misspecification"":244015551}",3430508477,ADP,0,240,True,4,60,1.0,0.0,0.05,manifold_radial,gaussian,gaussian,False,0.0,1.0,0.0,manifold,1,240,,1.0,False,,20,60,24,10,10,1,0.5,,,,10,,,,,,,,,"{""config"":{""seed"":42,""N_loc"":20,""N_lin"":60,""N_J"":24,""N_phi"":10,""lambda_penalty"":0.05,""local_ridge"":1e-08,""kernel"":""ADP.core.ADP_Config:epanechnikov"",""a"":1.4142135623730951,""h_min"":0.6454972243679028,""batch_size"":32,""index_init"":""local"",""estimator"":""new"",""direction_mode"":""auto"",""multi_tensor"":""orthogonal"",""select_step"":""best"",""center_displacement"":0.0,""training_set"":""all"",""redraw_directions"":true,""smart_weights"":false,""gpu"":false,""gpu_solver"":false},""solver_tol"":1e-06,""solver_max_steps"":3,""solver"":""cg"",""theta"":0.1,""trust_radius"":null,""lsmr_maxiter"":null,""cg_maxiter"":null,""manifold"":{""N_manifold"":10,""sync_steps"":1,""lambda_manifold"":0.5}}",,numerical_failure,"RuntimeError: rank-deficient local slope for target 5: rank=0, required=1; increase N_phi or N_loc",local_projector_distance,lower,False,,False,numerical_failure,,,,,,,,,,,,,,,,,,
diagnostic-manifold-base,"manifold: base, local parameter variants",6,"N_loc=20, N_phi=10, N_J=24, N_manifold=10, lambda_manifold=0.5, sync_steps=1",9,9,"{""beta"":2952143991,""features"":2627908462,""noise"":3029906209,""centers"":3185039825,""directions"":4246493789,""init"":3554362247,""outliers"":280476494,""outlier_noise"":3164107022,""gamma"":1298903658,""misspecification"":3020752865}",3554362247,ADP,0,240,True,4,60,1.0,0.0,0.05,manifold_radial,gaussian,gaussian,False,0.0,1.0,0.0,manifold,1,240,,1.0,False,,20,60,24,10,10,1,0.5,,,,10,,,,,,,,,"{""config"":{""seed"":42,""N_loc"":20,""N_lin"":60,""N_J"":24,""N_phi"":10,""lambda_penalty"":0.05,""local_ridge"":1e-08,""kernel"":""ADP.core.ADP_Config:epanechnikov"",""a"":1.4142135623730951,""h_min"":0.6454972243679028,""batch_size"":32,""index_init"":""local"",""estimator"":""new"",""direction_mode"":""auto"",""multi_tensor"":""orthogonal"",""select_step"":""best"",""center_displacement"":0.0,""training_set"":""all"",""redraw_directions"":true,""smart_weights"":false,""gpu"":false,""gpu_solver"":false},""solver_tol"":1e-06,""solver_max_steps"":3,""solver"":""cg"",""theta"":0.1,""trust_radius"":null,""lsmr_maxiter"":null,""cg_maxiter"":null,""manifold"":{""N_manifold"":10,""sync_steps"":1,""lambda_manifold"":0.5}}",,numerical_failure,"RuntimeError: rank-deficient local slope for target 1: rank=0, required=1; increase N_phi or N_loc",local_projector_distance,lower,False,,False,numerical_failure,,,,,,,,,,,,,,,,,,
diagnostic-manifold-base,"manifold: base, local parameter variants",6,"N_loc=20, N_phi=10, N_J=24, N_manifold=10, lambda_manifold=0.5, sync_steps=1",10,10,"{""beta"":2986142371,""features"":946643688,""noise"":1178448990,""centers"":4266290743,""directions"":2060725515,""init"":2568546636,""outliers"":892251341,""outlier_noise"":2365362817,""gamma"":3229695262,""misspecification"":1326227304}",2568546636,ADP,0,240,True,4,60,1.0,0.0,0.05,manifold_radial,gaussian,gaussian,False,0.0,1.0,0.0,manifold,1,240,,1.0,False,,20,60,24,10,10,1,0.5,,,,10,,,,,,,,,"{""config"":{""seed"":42,""N_loc"":20,""N_lin"":60,""N_J"":24,""N_phi"":10,""lambda_penalty"":0.05,""local_ridge"":1e-08,""kernel"":""ADP.core.ADP_Config:epanechnikov"",""a"":1.4142135623730951,""h_min"":0.6454972243679028,""batch_size"":32,""index_init"":""local"",""estimator"":""new"",""direction_mode"":""auto"",""multi_tensor"":""orthogonal"",""select_step"":""best"",""center_displacement"":0.0,""training_set"":""all"",""redraw_directions"":true,""smart_weights"":false,""gpu"":false,""gpu_solver"":false},""solver_tol"":1e-06,""solver_max_steps"":3,""solver"":""cg"",""theta"":0.1,""trust_radius"":null,""lsmr_maxiter"":null,""cg_maxiter"":null,""manifold"":{""N_manifold"":10,""sync_steps"":1,""lambda_manifold"":0.5}}","{""seed"":2568546636,""N_loc"":20,""N_lin"":60,""N_J"":24,""N_phi"":10,""lambda_penalty"":0.05,""local_ridge"":1e-08,""kernel"":""ADP.core.ADP_Config:epanechnikov"",""a"":1.4142135623730951,""h_min"":0.6454972243679028,""batch_size"":32,""index_init"":""local"",""estimator"":""new"",""direction_mode"":""auto"",""multi_tensor"":""orthogonal"",""select_step"":""best"",""center_displacement"":0.0,""training_set"":""all"",""redraw_directions"":true,""smart_weights"":false,""gpu"":false,""gpu_solver"":false,""solver"":""cg"",""solver_tol"":1e-06,""solver_max_steps"":1,""theta"":null,""trust_radius"":null,""lsmr_maxiter"":null,""cg_maxiter"":null,""training_size"":240,""center_displacement_scale"":0.0,""N_manifold"":10,""sync_steps"":1,""lambda_manifold"":0.5}",success,,local_projector_distance,lower,True,False,False,converged_bad_quality,0.5511580354221627,,,0.5511580354221627,0.9995928743797935,88.36500442243165,,0.5511580354221627,[],0.2520288200030336,0.6465950012207031,3,h_min,2,113.17830120270327,0.6867140999071328,"[{""phase"":""sync"",""iteration"":0,""h"":1.6866708117994105,""h_manifold"":2.9270593447322573,""alpha"":1.0,""alpha_manifold"":1.0,""function_edges"":871,""manifold_edges"":366,""function_mass_q10"":4.355265438201597,""function_mass_min"":2.3899055485943954,""function_mass_mean"":20.0,""function_mass_median"":14.969596917254021,""function_mass_q90"":37.64094350675557,""n_eff_q10"":6.239732807518214,""n_eff_min"":3.5281007135554763,""n_eff_median"":21.439885448502068,""n_eff_q90"":52.610222834959174,""manifold_mass_q10"":5.796935908635783,""manifold_mass_median"":10.194175125387272,""manifold_mass_q90"":14.32807200756092,""projector_change_median"":0.2209168745599657,""projector_change_max"":0.45149451679654107,""objective"":184.6609220779107,""manifold_penalty"":2.7406753870155516,""cg_iterations"":96,""cg_relative_residual_max"":3.900010897707379e-16,""linear_iterations"":96,""linear_relative_residual_max"":3.900010897707379e-16,""dense_solves"":0,""pcg_solves"":0,""fallback_solves"":0},{""phase"":""scale"",""iteration"":1,""h"":1.1926563686527822,""h_manifold"":2.9270593447322573,""alpha"":0.6208498775959015,""alpha_manifold"":1.0,""function_edges"":865,""manifold_edges"":366,""function_mass_q10"":4.0822854092285406,""function_mass_min"":1.8253587146384778,""function_mass_mean"":20.000000461944907,""function_mass_median"":14.829352625877945,""function_mass_q90"":37.64572448628299,""n_eff_q10"":5.438971856598944,""n_eff_min"":2.5325454383975647,""n_eff_median"":21.15591083148334,""n_eff_q90"":51.0529160534347,""manifold_mass_q10"":5.796935908635783,""manifold_mass_median"":10.194175125387272,""manifold_mass_q90"":14.32807200756092,""projector_change_median"":0.20957921636970045,""projector_change_max"":0.46751980967247386,""objective"":130.35783377097061,""manifold_penalty"":2.955571491894776,""cg_iterations"":96,""cg_relative_residual_max"":5.683540874505668e-16,""linear_iterations"":96,""linear_relative_residual_max"":5.683540874505668e-16,""dense_solves"":0,""pcg_solves"":0,""fallback_solves"":0},{""phase"":""scale"",""iteration"":2,""h"":0.8433354058997052,""h_manifold"":2.9270593447322573,""alpha"":0.3800911009311676,""alpha_manifold"":1.0,""function_edges"":867,""manifold_edges"":366,""function_mass_q10"":4.037491865511245,""function_mass_min"":1.8197567307999325,""function_mass_mean"":20.00000000254308,""function_mass_median"":16.459279336684137,""function_mass_q90"":37.115732993939666,""n_eff_q10"":5.5644809739012695,""n_eff_min"":2.1712323302752488,""n_eff_median"":24.557311720215488,""n_eff_q90"":50.71848882375427,""manifold_mass_q10"":5.796935908635783,""manifold_mass_median"":10.194175125387272,""manifold_mass_q90"":14.32807200756092,""projector_change_median"":0.09599396853599196,""projector_change_max"":0.3267720719014798,""objective"":77.83205851163268,""manifold_penalty"":3.5810305342391127,""cg_iterations"":96,""cg_relative_residual_max"":1.0569909869827524e-15,""linear_iterations"":96,""linear_relative_residual_max"":1.0569909869827524e-15,""dense_solves"":0,""pcg_solves"":0,""fallback_solves"":0,""stop_reason"":""h_min""}]","{""converged"":true,""cg_iterations"":288,""cg_relative_residual_max"":1.0569909869827524e-15,""linear_iterations"":288,""linear_relative_residual_max"":1.0569909869827524e-15,""dense_solves"":0,""pcg_solves"":0,""fallback_solves"":0}"
diagnostic-manifold-base,"manifold: base, local parameter variants",6,"N_loc=20, N_phi=10, N_J=24, N_manifold=10, lambda_manifold=0.5, sync_steps=1",11,11,"{""beta"":1169213037,""features"":1095957835,""noise"":3841810831,""centers"":1031671468,""directions"":3208422369,""init"":3202220039,""outliers"":3254441912,""outlier_noise"":462153641,""gamma"":938740265,""misspecification"":1943647296}",3202220039,ADP,0,240,True,4,60,1.0,0.0,0.05,manifold_radial,gaussian,gaussian,False,0.0,1.0,0.0,manifold,1,240,,1.0,False,,20,60,24,10,10,1,0.5,,,,10,,,,,,,,,"{""config"":{""seed"":42,""N_loc"":20,""N_lin"":60,""N_J"":24,""N_phi"":10,""lambda_penalty"":0.05,""local_ridge"":1e-08,""kernel"":""ADP.core.ADP_Config:epanechnikov"",""a"":1.4142135623730951,""h_min"":0.6454972243679028,""batch_size"":32,""index_init"":""local"",""estimator"":""new"",""direction_mode"":""auto"",""multi_tensor"":""orthogonal"",""select_step"":""best"",""center_displacement"":0.0,""training_set"":""all"",""redraw_directions"":true,""smart_weights"":false,""gpu"":false,""gpu_solver"":false},""solver_tol"":1e-06,""solver_max_steps"":3,""solver"":""cg"",""theta"":0.1,""trust_radius"":null,""lsmr_maxiter"":null,""cg_maxiter"":null,""manifold"":{""N_manifold"":10,""sync_steps"":1,""lambda_manifold"":0.5}}","{""seed"":3202220039,""N_loc"":20,""N_lin"":60,""N_J"":24,""N_phi"":10,""lambda_penalty"":0.05,""local_ridge"":1e-08,""kernel"":""ADP.core.ADP_Config:epanechnikov"",""a"":1.4142135623730951,""h_min"":0.6454972243679028,""batch_size"":32,""index_init"":""local"",""estimator"":""new"",""direction_mode"":""auto"",""multi_tensor"":""orthogonal"",""select_step"":""best"",""center_displacement"":0.0,""training_set"":""all"",""redraw_directions"":true,""smart_weights"":false,""gpu"":false,""gpu_solver"":false,""solver"":""cg"",""solver_tol"":1e-06,""solver_max_steps"":1,""theta"":null,""trust_radius"":null,""lsmr_maxiter"":null,""cg_maxiter"":null,""training_size"":240,""center_displacement_scale"":0.0,""N_manifold"":10,""sync_steps"":1,""lambda_manifold"":0.5}",success,,local_projector_distance,lower,True,False,False,converged_bad_quality,0.5356929298241473,,,0.5356929298241473,0.9969297176550772,85.50905260759635,,0.5356929298241473,[],0.252555813996878,0.6464824676513672,3,h_min,2,110.09440935188087,0.6772936627732736,"[{""phase"":""sync"",""iteration"":0,""h"":1.5204013226950852,""h_manifold"":2.655492286788014,""alpha"":1.0,""alpha_manifold"":1.0,""function_edges"":875,""manifold_edges"":360,""function_mass_q10"":5.234231782333284,""function_mass_min"":2.477639733794975,""function_mass_mean"":20.000000000000014,""function_mass_median"":15.868326181299363,""function_mass_q90"":36.693453277372136,""n_eff_q10"":7.536996574725949,""n_eff_min"":3.0872737184018852,""n_eff_median"":23.72759629738974,""n_eff_q90"":50.46040786535443,""manifold_mass_q10"":5.524944782907503,""manifold_mass_median"":10.324521354854404,""manifold_mass_q90"":15.036407547222899,""projector_change_median"":0.18221136832139556,""projector_change_max"":0.576209780022477,""objective"":98.50639729131555,""manifold_penalty"":1.5467953333025979,""cg_iterations"":96,""cg_relative_residual_max"":4.358961866371871e-16,""linear_iterations"":96,""linear_relative_residual_max"":4.358961866371871e-16,""dense_solves"":0,""pcg_solves"":0,""fallback_solves"":0},{""phase"":""scale"",""iteration"":1,""h"":1.075086085402691,""h_manifold"":2.655492286788014,""alpha"":0.6081579625606537,""alpha_manifold"":1.0,""function_edges"":862,""manifold_edges"":360,""function_mass_q10"":6.240055657945973,""function_mass_min"":2.249240071245142,""function_mass_mean"":20.000000823007465,""function_mass_median"":16.128775716022222,""function_mass_q90"":36.56636880008679,""n_eff_q10"":9.378763441609609,""n_eff_min"":2.8005330310605223,""n_eff_median"":23.6916687715471,""n_eff_q90"":51.52468178439523,""manifold_mass_q10"":5.524944782907503,""manifold_mass_median"":10.324521354854404,""manifold_mass_q90"":15.036407547222899,""projector_change_median"":0.12424538822355702,""projector_change_max"":0.3643697588221939,""objective"":119.73487656390148,""manifold_penalty"":1.450672921771889,""cg_iterations"":96,""cg_relative_residual_max"":5.861537141315675e-16,""linear_iterations"":96,""linear_relative_residual_max"":5.861537141315675e-16,""dense_solves"":0,""pcg_solves"":0,""fallback_solves"":0},{""phase"":""scale"",""iteration"":2,""h"":0.7602006613475425,""h_manifold"":2.655492286788014,""alpha"":0.3635346442461014,""alpha_manifold"":1.0,""function_edges"":834,""manifold_edges"":360,""function_mass_q10"":6.935483000786678,""function_mass_min"":1.6726959139447908,""function_mass_mean"":20.000000704299158,""function_mass_median"":17.394873889328565,""function_mass_q90"":35.33007625766044,""n_eff_q10"":9.931893456880061,""n_eff_min"":1.926246812407373,""n_eff_median"":24.351954541688208,""n_eff_q90"":48.36276326991476,""manifold_mass_q10"":5.524944782907503,""manifold_mass_median"":10.324521354854404,""manifold_mass_q90"":15.036407547222899,""projector_change_median"":0.21391673284673451,""projector_change_max"":0.3533621788488166,""objective"":117.71839253237121,""manifold_penalty"":1.620762203103006,""cg_iterations"":96,""cg_relative_residual_max"":9.550954885566536e-15,""linear_iterations"":96,""linear_relative_residual_max"":9.550954885566536e-15,""dense_solves"":0,""pcg_solves"":0,""fallback_solves"":0,""stop_reason"":""h_min""}]","{""converged"":true,""cg_iterations"":288,""cg_relative_residual_max"":9.550954885566536e-15,""linear_iterations"":288,""linear_relative_residual_max"":9.550954885566536e-15,""dense_solves"":0,""pcg_solves"":0,""fallback_solves"":0}"
diagnostic-manifold-base,"manifold: base, local parameter variants",7,"N_loc=20, N_phi=10, N_J=24, N_manifold=6, lambda_manifold=0.0, sync_steps=1",0,0,"{""beta"":160747260,""features"":2186772633,""noise"":475316650,""centers"":2297579960,""directions"":834610471,""init"":3414180542,""outliers"":2022353668,""outlier_noise"":1111215905,""gamma"":2591228347,""misspecification"":1802179717}",3414180542,ADP,0,240,True,4,60,1.0,0.0,0.05,manifold_radial,gaussian,gaussian,False,0.0,1.0,0.0,manifold,1,240,,1.0,False,,20,60,24,10,6,1,0.0,,,,10,,,,,,,,,"{""config"":{""seed"":42,""N_loc"":20,""N_lin"":60,""N_J"":24,""N_phi"":10,""lambda_penalty"":0.05,""local_ridge"":1e-08,""kernel"":""ADP.core.ADP_Config:epanechnikov"",""a"":1.4142135623730951,""h_min"":0.6454972243679028,""batch_size"":32,""index_init"":""local"",""estimator"":""new"",""direction_mode"":""auto"",""multi_tensor"":""orthogonal"",""select_step"":""best"",""center_displacement"":0.0,""training_set"":""all"",""redraw_directions"":true,""smart_weights"":false,""gpu"":false,""gpu_solver"":false},""solver_tol"":1e-06,""solver_max_steps"":3,""solver"":""cg"",""theta"":0.1,""trust_radius"":null,""lsmr_maxiter"":null,""cg_maxiter"":null,""manifold"":{""N_manifold"":6,""sync_steps"":1,""lambda_manifold"":0.0}}","{""seed"":3414180542,""N_loc"":20,""N_lin"":60,""N_J"":24,""N_phi"":10,""lambda_penalty"":0.05,""local_ridge"":1e-08,""kernel"":""ADP.core.ADP_Config:epanechnikov"",""a"":1.4142135623730951,""h_min"":0.6454972243679028,""batch_size"":32,""index_init"":""local"",""estimator"":""new"",""direction_mode"":""auto"",""multi_tensor"":""orthogonal"",""select_step"":""best"",""center_displacement"":0.0,""training_set"":""all"",""redraw_directions"":true,""smart_weights"":false,""gpu"":false,""gpu_solver"":false,""solver"":""cg"",""solver_tol"":1e-06,""solver_max_steps"":1,""theta"":null,""trust_radius"":null,""lsmr_maxiter"":null,""cg_maxiter"":null,""training_size"":240,""center_displacement_scale"":0.0,""N_manifold"":6,""sync_steps"":1,""lambda_manifold"":0.0}",success,,local_projector_distance,lower,True,False,False,converged_bad_quality,0.47802841118028283,,,0.47802841118028283,0.9814537524754702,78.94804364625799,,0.47802841118028283,[],0.23494867999761482,0.6450347900390625,3,h_min,2,90.51165462544405,0.6141106531177289,"[{""phase"":""sync"",""iteration"":0,""h"":1.6633575396573566,""h_manifold"":2.250489893576492,""alpha"":1.0,""alpha_manifold"":1.0,""function_edges"":851,""manifold_edges"":228,""function_mass_q10"":4.142971690230403,""function_mass_min"":2.4337449486986866,""function_mass_mean"":20.000000000000004,""function_mass_median"":18.07643994820915,""function_mass_q90"":37.056444288326794,""n_eff_q10"":6.336492672760581,""n_eff_min"":3.3874532556079515,""n_eff_median"":24.917576549473505,""n_eff_q90"":52.0676568628778,""manifold_mass_q10"":1.3171777284793307,""manifold_mass_median"":5.905797282851303,""manifold_mass_q90"":9.487421311276238,""projector_change_median"":0.2043725642181109,""projector_change_max"":1.1845099568191344,""objective"":103.0966987911853,""manifold_penalty"":0.0,""cg_iterations"":95,""cg_relative_residual_max"":6.785016060727465e-11,""linear_iterations"":95,""linear_relative_residual_max"":6.785016060727465e-11,""dense_solves"":0,""pcg_solves"":0,""fallback_solves"":0},{""phase"":""scale"",""iteration"":1,""h"":1.1761713958294884,""h_manifold"":2.250489893576492,""alpha"":0.6084855645895004,""alpha_manifold"":1.0,""function_edges"":832,""manifold_edges"":228,""function_mass_q10"":4.789590153614451,""function_mass_min"":1.6173456502810517,""function_mass_mean"":20.00000014429517,""function_mass_median"":18.127904798297216,""function_mass_q90"":37.56927421055963,""n_eff_q10"":6.970855500730169,""n_eff_min"":1.893981107841928,""n_eff_median"":25.37001168050214,""n_eff_q90"":51.0622387957698,""manifold_mass_q10"":1.3171777284793307,""manifold_mass_median"":5.905797282851303,""manifold_mass_q90"":9.487421311276238,""projector_change_median"":0.138706854392999,""projector_change_max"":1.2761540520774626,""objective"":86.29860628478494,""manifold_penalty"":0.0,""cg_iterations"":91,""cg_relative_residual_max"":3.207442987178642e-14,""linear_iterations"":91,""linear_relative_residual_max"":3.207442987178642e-14,""dense_solves"":0,""pcg_solves"":0,""fallback_solves"":0},{""phase"":""scale"",""iteration"":2,""h"":0.8316787698286782,""h_manifold"":2.250489893576492,""alpha"":0.36638131737709045,""alpha_manifold"":1.0,""function_edges"":826,""manifold_edges"":228,""function_mass_q10"":5.59218098102802,""function_mass_min"":1.4221226194517929,""function_mass_mean"":20.000000207298786,""function_mass_median"":17.39509129011823,""function_mass_q90"":37.302321407990334,""n_eff_q10"":7.960543498441041,""n_eff_min"":1.7165627157898522,""n_eff_median"":21.95658203855522,""n_eff_q90"":50.82840690980753,""manifold_mass_q10"":1.3171777284793307,""manifold_mass_median"":5.905797282851303,""manifold_mass_q90"":9.487421311276238,""projector_change_median"":0.10063008284433414,""projector_change_max"":1.2511504750829514,""objective"":92.04185086269767,""manifold_penalty"":0.0,""cg_iterations"":88,""cg_relative_residual_max"":8.958536811844198e-14,""linear_iterations"":88,""linear_relative_residual_max"":8.958536811844198e-14,""dense_solves"":0,""pcg_solves"":0,""fallback_solves"":0,""stop_reason"":""h_min""}]","{""converged"":true,""cg_iterations"":274,""cg_relative_residual_max"":6.785016060727465e-11,""linear_iterations"":274,""linear_relative_residual_max"":6.785016060727465e-11,""dense_solves"":0,""pcg_solves"":0,""fallback_solves"":0}"
diagnostic-manifold-base,"manifold: base, local parameter variants",7,"N_loc=20, N_phi=10, N_J=24, N_manifold=6, lambda_manifold=0.0, sync_steps=1",1,1,"{""beta"":1931894582,""features"":728973687,""noise"":453924638,""centers"":2145764529,""directions"":1084146302,""init"":1568069026,""outliers"":2674833454,""outlier_noise"":1988346855,""gamma"":3811432093,""misspecification"":345464691}",1568069026,ADP,0,240,True,4,60,1.0,0.0,0.05,manifold_radial,gaussian,gaussian,False,0.0,1.0,0.0,manifold,1,240,,1.0,False,,20,60,24,10,6,1,0.0,,,,10,,,,,,,,,"{""config"":{""seed"":42,""N_loc"":20,""N_lin"":60,""N_J"":24,""N_phi"":10,""lambda_penalty"":0.05,""local_ridge"":1e-08,""kernel"":""ADP.core.ADP_Config:epanechnikov"",""a"":1.4142135623730951,""h_min"":0.6454972243679028,""batch_size"":32,""index_init"":""local"",""estimator"":""new"",""direction_mode"":""auto"",""multi_tensor"":""orthogonal"",""select_step"":""best"",""center_displacement"":0.0,""training_set"":""all"",""redraw_directions"":true,""smart_weights"":false,""gpu"":false,""gpu_solver"":false},""solver_tol"":1e-06,""solver_max_steps"":3,""solver"":""cg"",""theta"":0.1,""trust_radius"":null,""lsmr_maxiter"":null,""cg_maxiter"":null,""manifold"":{""N_manifold"":6,""sync_steps"":1,""lambda_manifold"":0.0}}","{""seed"":1568069026,""N_loc"":20,""N_lin"":60,""N_J"":24,""N_phi"":10,""lambda_penalty"":0.05,""local_ridge"":1e-08,""kernel"":""ADP.core.ADP_Config:epanechnikov"",""a"":1.4142135623730951,""h_min"":0.6454972243679028,""batch_size"":32,""index_init"":""local"",""estimator"":""new"",""direction_mode"":""auto"",""multi_tensor"":""orthogonal"",""select_step"":""best"",""center_displacement"":0.0,""training_set"":""all"",""redraw_directions"":true,""smart_weights"":false,""gpu"":false,""gpu_solver"":false,""solver"":""cg"",""solver_tol"":1e-06,""solver_max_steps"":1,""theta"":null,""trust_radius"":null,""lsmr_maxiter"":null,""cg_maxiter"":null,""training_size"":240,""center_displacement_scale"":0.0,""N_manifold"":6,""sync_steps"":1,""lambda_manifold"":0.0}",success,,local_projector_distance,lower,True,False,False,converged_bad_quality,0.452112887161344,,,0.452112887161344,0.9997777786863744,88.79207900933827,,0.452112887161344,[],0.235712916997727,0.6448688507080078,3,h_min,2,74.60600297470717,0.5575467206682742,"[{""phase"":""sync"",""iteration"":0,""h"":1.655828701493783,""h_manifold"":2.319866362038382,""alpha"":1.0,""alpha_manifold"":1.0,""function_edges"":876,""manifold_edges"":224,""function_mass_q10"":6.2626455605731195,""function_mass_min"":4.398587113857294,""function_mass_mean"":19.999999999999996,""function_mass_median"":20.317212386344664,""function_mass_q90"":32.171074455832944,""n_eff_q10"":9.115186139787221,""n_eff_min"":5.644182069735399,""n_eff_median"":28.835288321549683,""n_eff_q90"":44.34415078417799,""manifold_mass_q10"":2.290557434291452,""manifold_mass_median"":6.120236735010389,""manifold_mass_q90"":10.074979297813792,""projector_change_median"":0.14973234838207813,""projector_change_max"":0.6665081225704961,""objective"":79.9693965487194,""manifold_penalty"":0.0,""cg_iterations"":96,""cg_relative_residual_max"":4.937223354981021e-16,""linear_iterations"":96,""linear_relative_residual_max"":4.937223354981021e-16,""dense_solves"":0,""pcg_solves"":0,""fallback_solves"":0},{""phase"":""scale"",""iteration"":1,""h"":1.1708477033095694,""h_manifold"":2.319866362038382,""alpha"":0.6098051369190216,""alpha_manifold"":1.0,""function_edges"":872,""manifold_edges"":224,""function_mass_q10"":4.752853781584426,""function_mass_min"":2.978736243291606,""function_mass_mean"":20.000000439059658,""function_mass_median"":20.97001282048315,""function_mass_q90"":31.618964076101005,""n_eff_q10"":6.703968890633274,""n_eff_min"":3.892722989372472,""n_eff_median"":28.312385279252325,""n_eff_q90"":42.22540572102014,""manifold_mass_q10"":2.290557434291452,""manifold_mass_median"":6.120236735010389,""manifold_mass_q90"":10.074979297813792,""projector_change_median"":0.2232177076891776,""projector_change_max"":0.4329422686552912,""objective"":93.24645866818875,""manifold_penalty"":0.0,""cg_iterations"":96,""cg_relative_residual_max"":1.9361341823612162e-11,""linear_iterations"":96,""linear_relative_residual_max"":1.9361341823612162e-11,""dense_solves"":0,""pcg_solves"":0,""fallback_solves"":0},{""phase"":""scale"",""iteration"":2,""h"":0.8279143507468913,""h_manifold"":2.319866362038382,""alpha"":0.3672404885292053,""alpha_manifold"":1.0,""function_edges"":840,""manifold_edges"":224,""function_mass_q10"":3.9867065915252335,""function_mass_min"":2.645593985403944,""function_mass_mean"":20.000001368918678,""function_mass_median"":20.442860202247836,""function_mass_q90"":31.374152934838186,""n_eff_q10"":5.048344546259514,""n_eff_min"":3.2738006491938045,""n_eff_median"":27.592720143421154,""n_eff_q90"":42.48297233640441,""manifold_mass_q10"":2.290557434291452,""manifold_mass_median"":6.120236735010389,""manifold_mass_q90"":10.074979297813792,""projector_change_median"":0.16720406886082848,""projector_change_max"":0.9261487905336712,""objective"":60.940833137768614,""manifold_penalty"":0.0,""cg_iterations"":96,""cg_relative_residual_max"":1.6650330488700117e-09,""linear_iterations"":96,""linear_relative_residual_max"":1.6650330488700117e-09,""dense_solves"":0,""pcg_solves"":0,""fallback_solves"":0,""stop_reason"":""h_min""}]","{""converged"":true,""cg_iterations"":288,""cg_relative_residual_max"":1.6650330488700117e-09,""linear_iterations"":288,""linear_relative_residual_max"":1.6650330488700117e-09,""dense_solves"":0,""pcg_solves"":0,""fallback_solves"":0}"
diagnostic-manifold-base,"manifold: base, local parameter variants",7,"N_loc=20, N_phi=10, N_J=24, N_manifold=6, lambda_manifold=0.0, sync_steps=1",2,2,"{""beta"":3049918365,""features"":1057112449,""noise"":2816531493,""centers"":3529945714,""directions"":2935922697,""init"":4167035260,""outliers"":1654234620,""outlier_noise"":2849204727,""gamma"":605489280,""misspecification"":212052512}",4167035260,ADP,0,240,True,4,60,1.0,0.0,0.05,manifold_radial,gaussian,gaussian,False,0.0,1.0,0.0,manifold,1,240,,1.0,False,,20,60,24,10,6,1,0.0,,,,10,,,,,,,,,"{""config"":{""seed"":42,""N_loc"":20,""N_lin"":60,""N_J"":24,""N_phi"":10,""lambda_penalty"":0.05,""local_ridge"":1e-08,""kernel"":""ADP.core.ADP_Config:epanechnikov"",""a"":1.4142135623730951,""h_min"":0.6454972243679028,""batch_size"":32,""index_init"":""local"",""estimator"":""new"",""direction_mode"":""auto"",""multi_tensor"":""orthogonal"",""select_step"":""best"",""center_displacement"":0.0,""training_set"":""all"",""redraw_directions"":true,""smart_weights"":false,""gpu"":false,""gpu_solver"":false},""solver_tol"":1e-06,""solver_max_steps"":3,""solver"":""cg"",""theta"":0.1,""trust_radius"":null,""lsmr_maxiter"":null,""cg_maxiter"":null,""manifold"":{""N_manifold"":6,""sync_steps"":1,""lambda_manifold"":0.0}}","{""seed"":4167035260,""N_loc"":20,""N_lin"":60,""N_J"":24,""N_phi"":10,""lambda_penalty"":0.05,""local_ridge"":1e-08,""kernel"":""ADP.core.ADP_Config:epanechnikov"",""a"":1.4142135623730951,""h_min"":0.6454972243679028,""batch_size"":32,""index_init"":""local"",""estimator"":""new"",""direction_mode"":""auto"",""multi_tensor"":""orthogonal"",""select_step"":""best"",""center_displacement"":0.0,""training_set"":""all"",""redraw_directions"":true,""smart_weights"":false,""gpu"":false,""gpu_solver"":false,""solver"":""cg"",""solver_tol"":1e-06,""solver_max_steps"":1,""theta"":null,""trust_radius"":null,""lsmr_maxiter"":null,""cg_maxiter"":null,""training_size"":240,""center_displacement_scale"":0.0,""N_manifold"":6,""sync_steps"":1,""lambda_manifold"":0.0}",success,,local_projector_distance,lower,True,False,False,converged_bad_quality,0.568475055858686,,,0.568475055858686,0.9998823626661959,89.12115057240673,,0.568475055858686,[],0.23154336200241232,0.6447849273681641,3,h_min,2,135.5041722697867,0.7513991734030441,"[{""phase"":""sync"",""iteration"":0,""h"":1.6949287368540935,""h_manifold"":2.2964829637292796,""alpha"":1.0,""alpha_manifold"":1.0,""function_edges"":865,""manifold_edges"":230,""function_mass_q10"":7.891682163545296,""function_mass_min"":2.6677890471491295,""function_mass_mean"":20.000000000000004,""function_mass_median"":17.933978592667746,""function_mass_q90"":32.55763612370227,""n_eff_q10"":11.263391536939,""n_eff_min"":3.957090577021544,""n_eff_median"":27.063203551782323,""n_eff_q90"":45.58724546953231,""manifold_mass_q10"":2.726294132473343,""manifold_mass_median"":5.699909910362927,""manifold_mass_q90"":10.017294286875105,""projector_change_median"":0.16640950554534187,""projector_change_max"":0.6488615246021463,""objective"":109.76475526633513,""manifold_penalty"":0.0,""cg_iterations"":96,""cg_relative_residual_max"":4.495682279941824e-16,""linear_iterations"":96,""linear_relative_residual_max"":4.495682279941824e-16,""dense_solves"":0,""pcg_solves"":0,""fallback_solves"":0},{""phase"":""scale"",""iteration"":1,""h"":1.1984956034574787,""h_manifold"":2.2964829637292796,""alpha"":0.611713171005249,""alpha_manifold"":1.0,""function_edges"":846,""manifold_edges"":230,""function_mass_q10"":7.76125327101418,""function_mass_min"":2.977993263618594,""function_mass_mean"":20.000000204187604,""function_mass_median"":18.315226717244187,""function_mass_q90"":34.738736273871154,""n_eff_q10"":11.219592770212332,""n_eff_min"":4.354196858023913,""n_eff_median"":25.092969777521876,""n_eff_q90"":49.99743989575476,""manifold_mass_q10"":2.726294132473343,""manifold_mass_median"":5.699909910362927,""manifold_mass_q90"":10.017294286875103,""projector_change_median"":0.21290358285999328,""projector_change_max"":0.8736575412840205,""objective"":115.82510048623243,""manifold_penalty"":0.0,""cg_iterations"":96,""cg_relative_residual_max"":4.278204861916136e-16,""linear_iterations"":96,""linear_relative_residual_max"":4.278204861916136e-16,""dense_solves"":0,""pcg_solves"":0,""fallback_solves"":0},{""phase"":""scale"",""iteration"":2,""h"":0.8474643684270466,""h_manifold"":2.2964829637292796,""alpha"":0.36830461025238037,""alpha_manifold"":1.0,""function_edges"":837,""manifold_edges"":230,""function_mass_q10"":7.638517172327754,""function_mass_min"":2.657223007671854,""function_mass_mean"":20.000000281918926,""function_mass_median"":18.72210102400036,""function_mass_q90"":34.462902222202274,""n_eff_q10"":11.03805600661411,""n_eff_min"":3.970257745988076,""n_eff_median"":26.10597678969132,""n_eff_q90"":47.721059930125385,""manifold_mass_q10"":2.726294132473343,""manifold_mass_median"":5.699909910362928,""manifold_mass_q90"":10.017294286875105,""projector_change_median"":0.16745317603136306,""projector_change_max"":1.4078379645199526,""objective"":75.55483526658514,""manifold_penalty"":0.0,""cg_iterations"":96,""cg_relative_residual_max"":1.2921709133181569e-14,""linear_iterations"":96,""linear_relative_residual_max"":1.2921709133181569e-14,""dense_solves"":0,""pcg_solves"":0,""fallback_solves"":0,""stop_reason"":""h_min""}]","{""converged"":true,""cg_iterations"":288,""cg_relative_residual_max"":1.2921709133181569e-14,""linear_iterations"":288,""linear_relative_residual_max"":1.2921709133181569e-14,""dense_solves"":0,""pcg_solves"":0,""fallback_solves"":0}"
diagnostic-manifold-base,"manifold: base, local parameter variants",7,"N_loc=20, N_phi=10, N_J=24, N_manifold=6, lambda_manifold=0.0, sync_steps=1",3,3,"{""beta"":4255376772,""features"":1229764143,""noise"":813326700,""centers"":2701065647,""directions"":3025337717,""init"":2424736837,""outliers"":408440574,""outlier_noise"":739910795,""gamma"":1682775850,""misspecification"":3107270422}",2424736837,ADP,0,240,True,4,60,1.0,0.0,0.05,manifold_radial,gaussian,gaussian,False,0.0,1.0,0.0,manifold,1,240,,1.0,False,,20,60,24,10,6,1,0.0,,,,10,,,,,,,,,"{""config"":{""seed"":42,""N_loc"":20,""N_lin"":60,""N_J"":24,""N_phi"":10,""lambda_penalty"":0.05,""local_ridge"":1e-08,""kernel"":""ADP.core.ADP_Config:epanechnikov"",""a"":1.4142135623730951,""h_min"":0.6454972243679028,""batch_size"":32,""index_init"":""local"",""estimator"":""new"",""direction_mode"":""auto"",""multi_tensor"":""orthogonal"",""select_step"":""best"",""center_displacement"":0.0,""training_set"":""all"",""redraw_directions"":true,""smart_weights"":false,""gpu"":false,""gpu_solver"":false},""solver_tol"":1e-06,""solver_max_steps"":3,""solver"":""cg"",""theta"":0.1,""trust_radius"":null,""lsmr_maxiter"":null,""cg_maxiter"":null,""manifold"":{""N_manifold"":6,""sync_steps"":1,""lambda_manifold"":0.0}}","{""seed"":2424736837,""N_loc"":20,""N_lin"":60,""N_J"":24,""N_phi"":10,""lambda_penalty"":0.05,""local_ridge"":1e-08,""kernel"":""ADP.core.ADP_Config:epanechnikov"",""a"":1.4142135623730951,""h_min"":0.6454972243679028,""batch_size"":32,""index_init"":""local"",""estimator"":""new"",""direction_mode"":""auto"",""multi_tensor"":""orthogonal"",""select_step"":""best"",""center_displacement"":0.0,""training_set"":""all"",""redraw_directions"":true,""smart_weights"":false,""gpu"":false,""gpu_solver"":false,""solver"":""cg"",""solver_tol"":1e-06,""solver_max_steps"":1,""theta"":null,""trust_radius"":null,""lsmr_maxiter"":null,""cg_maxiter"":null,""training_size"":240,""center_displacement_scale"":0.0,""N_manifold"":6,""sync_steps"":1,""lambda_manifold"":0.0}",success,,local_projector_distance,lower,True,False,False,converged_bad_quality,0.5247514327658235,,,0.5247514327658235,0.98669083055142,80.64172157687572,,0.5247514327658236,[],0.23430961600024602,0.6446399688720703,3,h_min,2,86.94100329089511,0.6018755522354514,"[{""phase"":""sync"",""iteration"":0,""h"":1.5615755036669832,""h_manifold"":1.9944635143778515,""alpha"":1.0,""alpha_manifold"":1.0,""function_edges"":855,""manifold_edges"":218,""function_mass_q10"":6.473282369427427,""function_mass_min"":4.6225759309657,""function_mass_mean"":19.999999999999996,""function_mass_median"":16.8802795091385,""function_mass_q90"":31.955726319463693,""n_eff_q10"":9.761322241876911,""n_eff_min"":5.500069281013567,""n_eff_median"":24.449232429814806,""n_eff_q90"":44.77381867298445,""manifold_mass_q10"":2.4636965800324506,""manifold_mass_median"":6.3404674752220505,""manifold_mass_q90"":9.608100287713269,""projector_change_median"":0.24396194389483952,""projector_change_max"":0.8244780880802549,""objective"":171.82631496797933,""manifold_penalty"":0.0,""cg_iterations"":96,""cg_relative_residual_max"":5.764778058337091e-16,""linear_iterations"":96,""linear_relative_residual_max"":5.764778058337091e-16,""dense_solves"":0,""pcg_solves"":0,""fallback_solves"":0},{""phase"":""scale"",""iteration"":1,""h"":1.1042006279777221,""h_manifold"":1.9944635143778515,""alpha"":0.6152164191007614,""alpha_manifold"":1.0,""function_edges"":843,""manifold_edges"":218,""function_mass_q10"":6.912005251533622,""function_mass_min"":5.031355789379613,""function_mass_mean"":20.000000075275512,""function_mass_median"":17.626180994925953,""function_mass_q90"":31.71832903109822,""n_eff_q10"":9.729287718859352,""n_eff_min"":7.3654098681655,""n_eff_median"":25.731928142437944,""n_eff_q90"":44.92092137340258,""manifold_mass_q10"":2.4636965800324506,""manifold_mass_median"":6.3404674752220505,""manifold_mass_q90"":9.608100287713269,""projector_change_median"":0.2756655396074093,""projector_change_max"":1.023961334390594,""objective"":109.15693678277248,""manifold_penalty"":0.0,""cg_iterations"":96,""cg_relative_residual_max"":4.837776181637038e-15,""linear_iterations"":96,""linear_relative_residual_max"":4.837776181637038e-15,""dense_solves"":0,""pcg_solves"":0,""fallback_solves"":0},{""phase"":""scale"",""iteration"":2,""h"":0.7807877518334915,""h_manifold"":1.9944635143778515,""alpha"":0.3725721538066864,""alpha_manifold"":1.0,""function_edges"":821,""manifold_edges"":218,""function_mass_q10"":6.9864859381886975,""function_mass_min"":4.789862207244114,""function_mass_mean"":20.00000008317321,""function_mass_median"":18.505872462900342,""function_mass_q90"":32.46731737149684,""n_eff_q10"":9.48852583933737,""n_eff_min"":6.259003545974077,""n_eff_median"":25.343469609962618,""n_eff_q90"":45.969064322090986,""manifold_mass_q10"":2.4636965800324506,""manifold_mass_median"":6.3404674752220505,""manifold_mass_q90"":9.608100287713269,""projector_change_median"":0.1609100634176065,""projector_change_max"":1.1028219300931366,""objective"":96.6044752236742,""manifold_penalty"":0.0,""cg_iterations"":96,""cg_relative_residual_max"":1.910856489060901e-14,""linear_iterations"":96,""linear_relative_residual_max"":1.910856489060901e-14,""dense_solves"":0,""pcg_solves"":0,""fallback_solves"":0,""stop_reason"":""h_min""}]","{""converged"":true,""cg_iterations"":288,""cg_relative_residual_max"":1.910856489060901e-14,""linear_iterations"":288,""linear_relative_residual_max"":1.910856489060901e-14,""dense_solves"":0,""pcg_solves"":0,""fallback_solves"":0}"
diagnostic-manifold-base,"manifold: base, local parameter variants",7,"N_loc=20, N_phi=10, N_J=24, N_manifold=6, lambda_manifold=0.0, sync_steps=1",4,4,"{""beta"":2626536110,""features"":227981437,""noise"":1989028013,""centers"":4205761707,""directions"":1746734398,""init"":3699691919,""outliers"":1937795235,""outlier_noise"":1205558110,""gamma"":3432378550,""misspecification"":592425380}",3699691919,ADP,0,240,True,4,60,1.0,0.0,0.05,manifold_radial,gaussian,gaussian,False,0.0,1.0,0.0,manifold,1,240,,1.0,False,,20,60,24,10,6,1,0.0,,,,10,,,,,,,,,"{""config"":{""seed"":42,""N_loc"":20,""N_lin"":60,""N_J"":24,""N_phi"":10,""lambda_penalty"":0.05,""local_ridge"":1e-08,""kernel"":""ADP.core.ADP_Config:epanechnikov"",""a"":1.4142135623730951,""h_min"":0.6454972243679028,""batch_size"":32,""index_init"":""local"",""estimator"":""new"",""direction_mode"":""auto"",""multi_tensor"":""orthogonal"",""select_step"":""best"",""center_displacement"":0.0,""training_set"":""all"",""redraw_directions"":true,""smart_weights"":false,""gpu"":false,""gpu_solver"":false},""solver_tol"":1e-06,""solver_max_steps"":3,""solver"":""cg"",""theta"":0.1,""trust_radius"":null,""lsmr_maxiter"":null,""cg_maxiter"":null,""manifold"":{""N_manifold"":6,""sync_steps"":1,""lambda_manifold"":0.0}}","{""seed"":3699691919,""N_loc"":20,""N_lin"":60,""N_J"":24,""N_phi"":10,""lambda_penalty"":0.05,""local_ridge"":1e-08,""kernel"":""ADP.core.ADP_Config:epanechnikov"",""a"":1.4142135623730951,""h_min"":0.6454972243679028,""batch_size"":32,""index_init"":""local"",""estimator"":""new"",""direction_mode"":""auto"",""multi_tensor"":""orthogonal"",""select_step"":""best"",""center_displacement"":0.0,""training_set"":""all"",""redraw_directions"":true,""smart_weights"":false,""gpu"":false,""gpu_solver"":false,""solver"":""cg"",""solver_tol"":1e-06,""solver_max_steps"":1,""theta"":null,""trust_radius"":null,""lsmr_maxiter"":null,""cg_maxiter"":null,""training_size"":240,""center_displacement_scale"":0.0,""N_manifold"":6,""sync_steps"":1,""lambda_manifold"":0.0}",success,,local_projector_distance,lower,True,False,False,converged_bad_quality,0.49841429416158656,,,0.49841429416158656,0.96475817393934,74.74365160394039,,0.49841429416158656,[],0.23890972600202076,0.6448574066162109,3,h_min,2,131.73630212665492,0.7408787072531253,"[{""phase"":""sync"",""iteration"":0,""h"":1.5893452000177961,""h_manifold"":2.1604969536640666,""alpha"":1.0,""alpha_manifold"":1.0,""function_edges"":861,""manifold_edges"":228,""function_mass_q10"":5.7651702018076225,""function_mass_min"":1.323810857228164,""function_mass_mean"":20.0,""function_mass_median"":18.26092352146746,""function_mass_q90"":36.32178308588761,""n_eff_q10"":7.9388309091708,""n_eff_min"":1.5861607274659202,""n_eff_median"":25.573869859410713,""n_eff_q90"":50.14017889177374,""manifold_mass_q10"":2.5099531718011123,""manifold_mass_median"":6.252258040882965,""manifold_mass_q90"":9.291508735236668,""projector_change_median"":0.27041109639891636,""projector_change_max"":0.6533451744497797,""objective"":73.5721457099794,""manifold_penalty"":0.0,""cg_iterations"":92,""cg_relative_residual_max"":3.864484884963646e-16,""linear_iterations"":92,""linear_relative_residual_max"":3.864484884963646e-16,""dense_solves"":0,""pcg_solves"":0,""fallback_solves"":0},{""phase"":""scale"",""iteration"":1,""h"":1.1238367685788733,""h_manifold"":2.1604969536640666,""alpha"":0.6277539879083633,""alpha_manifold"":1.0,""function_edges"":839,""manifold_edges"":228,""function_mass_q10"":5.947074597220793,""function_mass_min"":1.2721110701351959,""function_mass_mean"":20.00000073791682,""function_mass_median"":18.114358378086898,""function_mass_q90"":35.98138918940946,""n_eff_q10"":7.791001103058482,""n_eff_min"":1.5067035615977555,""n_eff_median"":25.13714728294015,""n_eff_q90"":50.358754839663256,""manifold_mass_q10"":2.5099531718011123,""manifold_mass_median"":6.252258040882965,""manifold_mass_q90"":9.291508735236668,""projector_change_median"":0.17521912613957566,""projector_change_max"":0.4531975137256362,""objective"":44.96628958192849,""manifold_penalty"":0.0,""cg_iterations"":92,""cg_relative_residual_max"":5.067006652147549e-16,""linear_iterations"":92,""linear_relative_residual_max"":5.067006652147549e-16,""dense_solves"":0,""pcg_solves"":0,""fallback_solves"":0},{""phase"":""scale"",""iteration"":2,""h"":0.794672600008898,""h_manifold"":2.1604969536640666,""alpha"":0.38335081934928894,""alpha_manifold"":1.0,""function_edges"":826,""manifold_edges"":228,""function_mass_q10"":5.501948713511016,""function_mass_min"":1.1041587894356146,""function_mass_mean"":20.000001063264424,""function_mass_median"":19.82514068202088,""function_mass_q90"":35.23498405648612,""n_eff_q10"":7.2092121785253065,""n_eff_min"":1.2060817865606255,""n_eff_median"":27.175617760976735,""n_eff_q90"":47.699918669327765,""manifold_mass_q10"":2.5099531718011123,""manifold_mass_median"":6.252258040882965,""manifold_mass_q90"":9.291508735236668,""projector_change_median"":0.15808165825031506,""projector_change_max"":0.29528745060608735,""objective"":33.330312625978536,""manifold_penalty"":0.0,""cg_iterations"":92,""cg_relative_residual_max"":9.662923031066074e-16,""linear_iterations"":92,""linear_relative_residual_max"":9.662923031066074e-16,""dense_solves"":0,""pcg_solves"":0,""fallback_solves"":0,""stop_reason"":""h_min""}]","{""converged"":true,""cg_iterations"":276,""cg_relative_residual_max"":9.662923031066074e-16,""linear_iterations"":276,""linear_relative_residual_max"":9.662923031066074e-16,""dense_solves"":0,""pcg_solves"":0,""fallback_solves"":0}"
diagnostic-manifold-base,"manifold: base, local parameter variants",7,"N_loc=20, N_phi=10, N_J=24, N_manifold=6, lambda_manifold=0.0, sync_steps=1",5,5,"{""beta"":2591981369,""features"":3757986669,""noise"":654094259,""centers"":1360362612,""directions"":622664474,""init"":3202134607,""outliers"":2238804734,""outlier_noise"":1028591118,""gamma"":691848187,""misspecification"":854566012}",3202134607,ADP,0,240,True,4,60,1.0,0.0,0.05,manifold_radial,gaussian,gaussian,False,0.0,1.0,0.0,manifold,1,240,,1.0,False,,20,60,24,10,6,1,0.0,,,,10,,,,,,,,,"{""config"":{""seed"":42,""N_loc"":20,""N_lin"":60,""N_J"":24,""N_phi"":10,""lambda_penalty"":0.05,""local_ridge"":1e-08,""kernel"":""ADP.core.ADP_Config:epanechnikov"",""a"":1.4142135623730951,""h_min"":0.6454972243679028,""batch_size"":32,""index_init"":""local"",""estimator"":""new"",""direction_mode"":""auto"",""multi_tensor"":""orthogonal"",""select_step"":""best"",""center_displacement"":0.0,""training_set"":""all"",""redraw_directions"":true,""smart_weights"":false,""gpu"":false,""gpu_solver"":false},""solver_tol"":1e-06,""solver_max_steps"":3,""solver"":""cg"",""theta"":0.1,""trust_radius"":null,""lsmr_maxiter"":null,""cg_maxiter"":null,""manifold"":{""N_manifold"":6,""sync_steps"":1,""lambda_manifold"":0.0}}",,numerical_failure,"RuntimeError: rank-deficient local slope for target 3: rank=0, required=1; increase N_phi or N_loc",local_projector_distance,lower,False,,False,numerical_failure,,,,,,,,,,,,,,,,,,
diagnostic-manifold-base,"manifold: base, local parameter variants",7,"N_loc=20, N_phi=10, N_J=24, N_manifold=6, lambda_manifold=0.0, sync_steps=1",6,6,"{""beta"":2649590584,""features"":3993099560,""noise"":1760850090,""centers"":1235842596,""directions"":516648510,""init"":1329562486,""outliers"":4220703868,""outlier_noise"":3112353199,""gamma"":697337733,""misspecification"":2423010501}",1329562486,ADP,0,240,True,4,60,1.0,0.0,0.05,manifold_radial,gaussian,gaussian,False,0.0,1.0,0.0,manifold,1,240,,1.0,False,,20,60,24,10,6,1,0.0,,,,10,,,,,,,,,"{""config"":{""seed"":42,""N_loc"":20,""N_lin"":60,""N_J"":24,""N_phi"":10,""lambda_penalty"":0.05,""local_ridge"":1e-08,""kernel"":""ADP.core.ADP_Config:epanechnikov"",""a"":1.4142135623730951,""h_min"":0.6454972243679028,""batch_size"":32,""index_init"":""local"",""estimator"":""new"",""direction_mode"":""auto"",""multi_tensor"":""orthogonal"",""select_step"":""best"",""center_displacement"":0.0,""training_set"":""all"",""redraw_directions"":true,""smart_weights"":false,""gpu"":false,""gpu_solver"":false},""solver_tol"":1e-06,""solver_max_steps"":3,""solver"":""cg"",""theta"":0.1,""trust_radius"":null,""lsmr_maxiter"":null,""cg_maxiter"":null,""manifold"":{""N_manifold"":6,""sync_steps"":1,""lambda_manifold"":0.0}}",,numerical_failure,"RuntimeError: rank-deficient local slope for target 14: rank=0, required=1; increase N_phi or N_loc",local_projector_distance,lower,False,,False,numerical_failure,,,,,,,,,,,,,,,,,,
diagnostic-manifold-base,"manifold: base, local parameter variants",7,"N_loc=20, N_phi=10, N_J=24, N_manifold=6, lambda_manifold=0.0, sync_steps=1",7,7,"{""beta"":1192128109,""features"":4203467630,""noise"":955820423,""centers"":264639041,""directions"":1237972010,""init"":2645466379,""outliers"":2165193105,""outlier_noise"":627906730,""gamma"":548357580,""misspecification"":1960086769}",2645466379,ADP,0,240,True,4,60,1.0,0.0,0.05,manifold_radial,gaussian,gaussian,False,0.0,1.0,0.0,manifold,1,240,,1.0,False,,20,60,24,10,6,1,0.0,,,,10,,,,,,,,,"{""config"":{""seed"":42,""N_loc"":20,""N_lin"":60,""N_J"":24,""N_phi"":10,""lambda_penalty"":0.05,""local_ridge"":1e-08,""kernel"":""ADP.core.ADP_Config:epanechnikov"",""a"":1.4142135623730951,""h_min"":0.6454972243679028,""batch_size"":32,""index_init"":""local"",""estimator"":""new"",""direction_mode"":""auto"",""multi_tensor"":""orthogonal"",""select_step"":""best"",""center_displacement"":0.0,""training_set"":""all"",""redraw_directions"":true,""smart_weights"":false,""gpu"":false,""gpu_solver"":false},""solver_tol"":1e-06,""solver_max_steps"":3,""solver"":""cg"",""theta"":0.1,""trust_radius"":null,""lsmr_maxiter"":null,""cg_maxiter"":null,""manifold"":{""N_manifold"":6,""sync_steps"":1,""lambda_manifold"":0.0}}","{""seed"":2645466379,""N_loc"":20,""N_lin"":60,""N_J"":24,""N_phi"":10,""lambda_penalty"":0.05,""local_ridge"":1e-08,""kernel"":""ADP.core.ADP_Config:epanechnikov"",""a"":1.4142135623730951,""h_min"":0.6454972243679028,""batch_size"":32,""index_init"":""local"",""estimator"":""new"",""direction_mode"":""auto"",""multi_tensor"":""orthogonal"",""select_step"":""best"",""center_displacement"":0.0,""training_set"":""all"",""redraw_directions"":true,""smart_weights"":false,""gpu"":false,""gpu_solver"":false,""solver"":""cg"",""solver_tol"":1e-06,""solver_max_steps"":1,""theta"":null,""trust_radius"":null,""lsmr_maxiter"":null,""cg_maxiter"":null,""training_size"":240,""center_displacement_scale"":0.0,""N_manifold"":6,""sync_steps"":1,""lambda_manifold"":0.0}",success,,local_projector_distance,lower,True,False,False,converged_bad_quality,0.48062553044818157,,,0.48062553044818157,0.9727110145371369,76.58397295465723,,0.4806255304481816,[],0.23149457600084133,0.6446933746337891,3,h_min,2,63.201104428066024,0.5131646276946042,"[{""phase"":""sync"",""iteration"":0,""h"":1.6605951643384131,""h_manifold"":2.318630167001127,""alpha"":1.0,""alpha_manifold"":1.0,""function_edges"":871,""manifold_edges"":222,""function_mass_q10"":5.4842875683172645,""function_mass_min"":2.87726657357594,""function_mass_mean"":20.000000000000007,""function_mass_median"":16.908491909636595,""function_mass_q90"":40.547583270218524,""n_eff_q10"":7.790441833253612,""n_eff_min"":3.8037747892889238,""n_eff_median"":24.313168967284398,""n_eff_q90"":55.55540976725702,""manifold_mass_q10"":1.830223105002875,""manifold_mass_median"":4.7967295617560115,""manifold_mass_q90"":9.882372587920091,""projector_change_median"":0.1642089462613021,""projector_change_max"":0.5822798545338501,""objective"":89.90972418003541,""manifold_penalty"":0.0,""cg_iterations"":96,""cg_relative_residual_max"":3.9503407769311057e-16,""linear_iterations"":96,""linear_relative_residual_max"":3.9503407769311057e-16,""dense_solves"":0,""pcg_solves"":0,""fallback_solves"":0},{""phase"":""scale"",""iteration"":1,""h"":1.1742181015092812,""h_manifold"":2.318630167001127,""alpha"":0.6085849851369858,""alpha_manifold"":1.0,""function_edges"":838,""manifold_edges"":222,""function_mass_q10"":4.886021640593619,""function_mass_min"":1.5260918524307887,""function_mass_mean"":20.00000067897005,""function_mass_median"":15.074437811694718,""function_mass_q90"":41.03151977958332,""n_eff_q10"":7.296945039529168,""n_eff_min"":1.8981165419399861,""n_eff_median"":21.572767219898203,""n_eff_q90"":56.25587823234416,""manifold_mass_q10"":1.830223105002875,""manifold_mass_median"":4.7967295617560115,""manifold_mass_q90"":9.882372587920091,""projector_change_median"":0.170776078027003,""projector_change_max"":0.5804797558921266,""objective"":79.10974687612307,""manifold_penalty"":0.0,""cg_iterations"":96,""cg_relative_residual_max"":3.446832411479656e-15,""linear_iterations"":96,""linear_relative_residual_max"":3.446832411479656e-15,""dense_solves"":0,""pcg_solves"":0,""fallback_solves"":0},{""phase"":""scale"",""iteration"":2,""h"":0.8302975821692065,""h_manifold"":2.318630167001127,""alpha"":0.36941303312778473,""alpha_manifold"":1.0,""function_edges"":813,""manifold_edges"":222,""function_mass_q10"":5.17545235764152,""function_mass_min"":1.4927105661200932,""function_mass_mean"":20.00000066680848,""function_mass_median"":14.592983625332941,""function_mass_q90"":40.209086610865235,""n_eff_q10"":7.227772619006396,""n_eff_min"":2.006146853150095,""n_eff_median"":20.34225789358856,""n_eff_q90"":53.6853932858423,""manifold_mass_q10"":1.830223105002875,""manifold_mass_median"":4.7967295617560115,""manifold_mass_q90"":9.882372587920091,""projector_change_median"":0.08582030823386055,""projector_change_max"":0.976880198305924,""objective"":87.55586646806299,""manifold_penalty"":0.0,""cg_iterations"":96,""cg_relative_residual_max"":1.3136626147729123e-13,""linear_iterations"":96,""linear_relative_residual_max"":1.3136626147729123e-13,""dense_solves"":0,""pcg_solves"":0,""fallback_solves"":0,""stop_reason"":""h_min""}]","{""converged"":true,""cg_iterations"":288,""cg_relative_residual_max"":1.3136626147729123e-13,""linear_iterations"":288,""linear_relative_residual_max"":1.3136626147729123e-13,""dense_solves"":0,""pcg_solves"":0,""fallback_solves"":0}"
diagnostic-manifold-base,"manifold: base, local parameter variants",7,"N_loc=20, N_phi=10, N_J=24, N_manifold=6, lambda_manifold=0.0, sync_steps=1",8,8,"{""beta"":1609080203,""features"":2594376887,""noise"":1918940653,""centers"":2936154285,""directions"":3848134078,""init"":3430508477,""outliers"":639789839,""outlier_noise"":2784368537,""gamma"":1561447794,""misspecification"":244015551}",3430508477,ADP,0,240,True,4,60,1.0,0.0,0.05,manifold_radial,gaussian,gaussian,False,0.0,1.0,0.0,manifold,1,240,,1.0,False,,20,60,24,10,6,1,0.0,,,,10,,,,,,,,,"{""config"":{""seed"":42,""N_loc"":20,""N_lin"":60,""N_J"":24,""N_phi"":10,""lambda_penalty"":0.05,""local_ridge"":1e-08,""kernel"":""ADP.core.ADP_Config:epanechnikov"",""a"":1.4142135623730951,""h_min"":0.6454972243679028,""batch_size"":32,""index_init"":""local"",""estimator"":""new"",""direction_mode"":""auto"",""multi_tensor"":""orthogonal"",""select_step"":""best"",""center_displacement"":0.0,""training_set"":""all"",""redraw_directions"":true,""smart_weights"":false,""gpu"":false,""gpu_solver"":false},""solver_tol"":1e-06,""solver_max_steps"":3,""solver"":""cg"",""theta"":0.1,""trust_radius"":null,""lsmr_maxiter"":null,""cg_maxiter"":null,""manifold"":{""N_manifold"":6,""sync_steps"":1,""lambda_manifold"":0.0}}",,numerical_failure,"RuntimeError: rank-deficient local slope for target 9: rank=0, required=1; increase N_phi or N_loc",local_projector_distance,lower,False,,False,numerical_failure,,,,,,,,,,,,,,,,,,
diagnostic-manifold-base,"manifold: base, local parameter variants",7,"N_loc=20, N_phi=10, N_J=24, N_manifold=6, lambda_manifold=0.0, sync_steps=1",9,9,"{""beta"":2952143991,""features"":2627908462,""noise"":3029906209,""centers"":3185039825,""directions"":4246493789,""init"":3554362247,""outliers"":280476494,""outlier_noise"":3164107022,""gamma"":1298903658,""misspecification"":3020752865}",3554362247,ADP,0,240,True,4,60,1.0,0.0,0.05,manifold_radial,gaussian,gaussian,False,0.0,1.0,0.0,manifold,1,240,,1.0,False,,20,60,24,10,6,1,0.0,,,,10,,,,,,,,,"{""config"":{""seed"":42,""N_loc"":20,""N_lin"":60,""N_J"":24,""N_phi"":10,""lambda_penalty"":0.05,""local_ridge"":1e-08,""kernel"":""ADP.core.ADP_Config:epanechnikov"",""a"":1.4142135623730951,""h_min"":0.6454972243679028,""batch_size"":32,""index_init"":""local"",""estimator"":""new"",""direction_mode"":""auto"",""multi_tensor"":""orthogonal"",""select_step"":""best"",""center_displacement"":0.0,""training_set"":""all"",""redraw_directions"":true,""smart_weights"":false,""gpu"":false,""gpu_solver"":false},""solver_tol"":1e-06,""solver_max_steps"":3,""solver"":""cg"",""theta"":0.1,""trust_radius"":null,""lsmr_maxiter"":null,""cg_maxiter"":null,""manifold"":{""N_manifold"":6,""sync_steps"":1,""lambda_manifold"":0.0}}",,numerical_failure,"RuntimeError: rank-deficient local slope for target 1: rank=0, required=1; increase N_phi or N_loc",local_projector_distance,lower,False,,False,numerical_failure,,,,,,,,,,,,,,,,,,
diagnostic-manifold-base,"manifold: base, local parameter variants",7,"N_loc=20, N_phi=10, N_J=24, N_manifold=6, lambda_manifold=0.0, sync_steps=1",10,10,"{""beta"":2986142371,""features"":946643688,""noise"":1178448990,""centers"":4266290743,""directions"":2060725515,""init"":2568546636,""outliers"":892251341,""outlier_noise"":2365362817,""gamma"":3229695262,""misspecification"":1326227304}",2568546636,ADP,0,240,True,4,60,1.0,0.0,0.05,manifold_radial,gaussian,gaussian,False,0.0,1.0,0.0,manifold,1,240,,1.0,False,,20,60,24,10,6,1,0.0,,,,10,,,,,,,,,"{""config"":{""seed"":42,""N_loc"":20,""N_lin"":60,""N_J"":24,""N_phi"":10,""lambda_penalty"":0.05,""local_ridge"":1e-08,""kernel"":""ADP.core.ADP_Config:epanechnikov"",""a"":1.4142135623730951,""h_min"":0.6454972243679028,""batch_size"":32,""index_init"":""local"",""estimator"":""new"",""direction_mode"":""auto"",""multi_tensor"":""orthogonal"",""select_step"":""best"",""center_displacement"":0.0,""training_set"":""all"",""redraw_directions"":true,""smart_weights"":false,""gpu"":false,""gpu_solver"":false},""solver_tol"":1e-06,""solver_max_steps"":3,""solver"":""cg"",""theta"":0.1,""trust_radius"":null,""lsmr_maxiter"":null,""cg_maxiter"":null,""manifold"":{""N_manifold"":6,""sync_steps"":1,""lambda_manifold"":0.0}}","{""seed"":2568546636,""N_loc"":20,""N_lin"":60,""N_J"":24,""N_phi"":10,""lambda_penalty"":0.05,""local_ridge"":1e-08,""kernel"":""ADP.core.ADP_Config:epanechnikov"",""a"":1.4142135623730951,""h_min"":0.6454972243679028,""batch_size"":32,""index_init"":""local"",""estimator"":""new"",""direction_mode"":""auto"",""multi_tensor"":""orthogonal"",""select_step"":""best"",""center_displacement"":0.0,""training_set"":""all"",""redraw_directions"":true,""smart_weights"":false,""gpu"":false,""gpu_solver"":false,""solver"":""cg"",""solver_tol"":1e-06,""solver_max_steps"":1,""theta"":null,""trust_radius"":null,""lsmr_maxiter"":null,""cg_maxiter"":null,""training_size"":240,""center_displacement_scale"":0.0,""N_manifold"":6,""sync_steps"":1,""lambda_manifold"":0.0}",success,,local_projector_distance,lower,True,False,False,converged_bad_quality,0.49648333172057674,,,0.49648333172057674,0.9929529777843676,83.19393925482328,,0.49648333172057674,[],0.23851525999998557,0.6451969146728516,3,h_min,2,111.04592549520613,0.68021419878596,"[{""phase"":""sync"",""iteration"":0,""h"":1.6866708117994105,""h_manifold"":2.297981403041594,""alpha"":1.0,""alpha_manifold"":1.0,""function_edges"":871,""manifold_edges"":222,""function_mass_q10"":4.355265438201597,""function_mass_min"":2.3899055485943954,""function_mass_mean"":20.0,""function_mass_median"":14.969596917254021,""function_mass_q90"":37.64094350675557,""n_eff_q10"":6.239732807518214,""n_eff_min"":3.5281007135554763,""n_eff_median"":21.439885448502068,""n_eff_q90"":52.610222834959174,""manifold_mass_q10"":2.0423621649367583,""manifold_mass_median"":5.863692938102602,""manifold_mass_q90"":9.612680259865932,""projector_change_median"":0.25470656071793185,""projector_change_max"":0.5275296802434662,""objective"":91.71023303536083,""manifold_penalty"":0.0,""cg_iterations"":96,""cg_relative_residual_max"":2.9528143723271137e-16,""linear_iterations"":96,""linear_relative_residual_max"":2.9528143723271137e-16,""dense_solves"":0,""pcg_solves"":0,""fallback_solves"":0},{""phase"":""scale"",""iteration"":1,""h"":1.1926563686527822,""h_manifold"":2.297981403041594,""alpha"":0.6180367916822433,""alpha_manifold"":1.0,""function_edges"":855,""manifold_edges"":222,""function_mass_q10"":3.8289520960297123,""function_mass_min"":1.838399689660674,""function_mass_mean"":20.000000733425356,""function_mass_median"":14.924427037894922,""function_mass_q90"":37.204099277959095,""n_eff_q10"":5.29449870580782,""n_eff_min"":2.467879545744206,""n_eff_median"":21.602103480587324,""n_eff_q90"":50.596694504353756,""manifold_mass_q10"":2.0423621649367583,""manifold_mass_median"":5.863692938102602,""manifold_mass_q90"":9.612680259865932,""projector_change_median"":0.1463185054490927,""projector_change_max"":0.3749586265268408,""objective"":63.84608999477224,""manifold_penalty"":0.0,""cg_iterations"":96,""cg_relative_residual_max"":4.2851685231752665e-16,""linear_iterations"":96,""linear_relative_residual_max"":4.2851685231752665e-16,""dense_solves"":0,""pcg_solves"":0,""fallback_solves"":0},{""phase"":""scale"",""iteration"":2,""h"":0.8433354058997052,""h_manifold"":2.297981403041594,""alpha"":0.3776581287384033,""alpha_manifold"":1.0,""function_edges"":848,""manifold_edges"":222,""function_mass_q10"":4.840478914828842,""function_mass_min"":1.601931045199318,""function_mass_mean"":20.00000037535749,""function_mass_median"":17.144913727560855,""function_mass_q90"":37.667497470076356,""n_eff_q10"":7.097234342045994,""n_eff_min"":1.8836846127064444,""n_eff_median"":25.556250247411185,""n_eff_q90"":51.38605579926513,""manifold_mass_q10"":2.0423621649367583,""manifold_mass_median"":5.863692938102602,""manifold_mass_q90"":9.612680259865932,""projector_change_median"":0.08283433622732563,""projector_change_max"":0.32347456952246056,""objective"":47.23545862665436,""manifold_penalty"":0.0,""cg_iterations"":96,""cg_relative_residual_max"":3.67165366897412e-15,""linear_iterations"":96,""linear_relative_residual_max"":3.67165366897412e-15,""dense_solves"":0,""pcg_solves"":0,""fallback_solves"":0,""stop_reason"":""h_min""}]","{""converged"":true,""cg_iterations"":288,""cg_relative_residual_max"":3.67165366897412e-15,""linear_iterations"":288,""linear_relative_residual_max"":3.67165366897412e-15,""dense_solves"":0,""pcg_solves"":0,""fallback_solves"":0}"
diagnostic-manifold-base,"manifold: base, local parameter variants",7,"N_loc=20, N_phi=10, N_J=24, N_manifold=6, lambda_manifold=0.0, sync_steps=1",11,11,"{""beta"":1169213037,""features"":1095957835,""noise"":3841810831,""centers"":1031671468,""directions"":3208422369,""init"":3202220039,""outliers"":3254441912,""outlier_noise"":462153641,""gamma"":938740265,""misspecification"":1943647296}",3202220039,ADP,0,240,True,4,60,1.0,0.0,0.05,manifold_radial,gaussian,gaussian,False,0.0,1.0,0.0,manifold,1,240,,1.0,False,,20,60,24,10,6,1,0.0,,,,10,,,,,,,,,"{""config"":{""seed"":42,""N_loc"":20,""N_lin"":60,""N_J"":24,""N_phi"":10,""lambda_penalty"":0.05,""local_ridge"":1e-08,""kernel"":""ADP.core.ADP_Config:epanechnikov"",""a"":1.4142135623730951,""h_min"":0.6454972243679028,""batch_size"":32,""index_init"":""local"",""estimator"":""new"",""direction_mode"":""auto"",""multi_tensor"":""orthogonal"",""select_step"":""best"",""center_displacement"":0.0,""training_set"":""all"",""redraw_directions"":true,""smart_weights"":false,""gpu"":false,""gpu_solver"":false},""solver_tol"":1e-06,""solver_max_steps"":3,""solver"":""cg"",""theta"":0.1,""trust_radius"":null,""lsmr_maxiter"":null,""cg_maxiter"":null,""manifold"":{""N_manifold"":6,""sync_steps"":1,""lambda_manifold"":0.0}}","{""seed"":3202220039,""N_loc"":20,""N_lin"":60,""N_J"":24,""N_phi"":10,""lambda_penalty"":0.05,""local_ridge"":1e-08,""kernel"":""ADP.core.ADP_Config:epanechnikov"",""a"":1.4142135623730951,""h_min"":0.6454972243679028,""batch_size"":32,""index_init"":""local"",""estimator"":""new"",""direction_mode"":""auto"",""multi_tensor"":""orthogonal"",""select_step"":""best"",""center_displacement"":0.0,""training_set"":""all"",""redraw_directions"":true,""smart_weights"":false,""gpu"":false,""gpu_solver"":false,""solver"":""cg"",""solver_tol"":1e-06,""solver_max_steps"":1,""theta"":null,""trust_radius"":null,""lsmr_maxiter"":null,""cg_maxiter"":null,""training_size"":240,""center_displacement_scale"":0.0,""N_manifold"":6,""sync_steps"":1,""lambda_manifold"":0.0}",success,,local_projector_distance,lower,True,False,False,converged_bad_quality,0.5277132152560965,,,0.5277132152560965,0.9994038969225129,88.02157364702725,,0.5277132152560964,[],0.23975561200131779,0.6446762084960938,3,h_min,2,105.60248464376909,0.6633327616531323,"[{""phase"":""sync"",""iteration"":0,""h"":1.5204013226950852,""h_manifold"":2.122917706841165,""alpha"":1.0,""alpha_manifold"":1.0,""function_edges"":875,""manifold_edges"":236,""function_mass_q10"":5.234231782333284,""function_mass_min"":2.477639733794975,""function_mass_mean"":20.000000000000014,""function_mass_median"":15.868326181299363,""function_mass_q90"":36.693453277372136,""n_eff_q10"":7.536996574725949,""n_eff_min"":3.0872737184018852,""n_eff_median"":23.72759629738974,""n_eff_q90"":50.46040786535443,""manifold_mass_q10"":2.5807857931611795,""manifold_mass_median"":5.98472883588148,""manifold_mass_q90"":9.609776177171382,""projector_change_median"":0.15495739225180327,""projector_change_max"":1.0777011905750076,""objective"":50.28128463320391,""manifold_penalty"":0.0,""cg_iterations"":96,""cg_relative_residual_max"":1.1537045282995105e-15,""linear_iterations"":96,""linear_relative_residual_max"":1.1537045282995105e-15,""dense_solves"":0,""pcg_solves"":0,""fallback_solves"":0},{""phase"":""scale"",""iteration"":1,""h"":1.075086085402691,""h_manifold"":2.122917706841165,""alpha"":0.6051499545574188,""alpha_manifold"":1.0,""function_edges"":849,""manifold_edges"":236,""function_mass_q10"":5.398261894345871,""function_mass_min"":2.0870856842471417,""function_mass_mean"":20.00000050265191,""function_mass_median"":15.476305240444828,""function_mass_q90"":36.88660200032362,""n_eff_q10"":8.098045460152624,""n_eff_min"":2.5080256762573563,""n_eff_median"":23.112205956675368,""n_eff_q90"":51.96213647811768,""manifold_mass_q10"":2.5807857931611795,""manifold_mass_median"":5.98472883588148,""manifold_mass_q90"":9.609776177171382,""projector_change_median"":0.18454556505911635,""projector_change_max"":0.5743577471769652,""objective"":62.54018005630347,""manifold_penalty"":0.0,""cg_iterations"":96,""cg_relative_residual_max"":7.499636383449852e-15,""linear_iterations"":96,""linear_relative_residual_max"":7.499636383449852e-15,""dense_solves"":0,""pcg_solves"":0,""fallback_solves"":0},{""phase"":""scale"",""iteration"":2,""h"":0.7602006613475425,""h_manifold"":2.122917706841165,""alpha"":0.36059337854385376,""alpha_manifold"":1.0,""function_edges"":827,""manifold_edges"":236,""function_mass_q10"":6.328084920893961,""function_mass_min"":2.116190413232198,""function_mass_mean"":20.000000570460752,""function_mass_median"":16.643964497344417,""function_mass_q90"":35.502096215523146,""n_eff_q10"":9.17667726402854,""n_eff_min"":2.4423280261518494,""n_eff_median"":23.06154210468665,""n_eff_q90"":48.414487731473244,""manifold_mass_q10"":2.5807857931611795,""manifold_mass_median"":5.98472883588148,""manifold_mass_q90"":9.609776177171382,""projector_change_median"":0.1794011466687228,""projector_change_max"":1.087474636542086,""objective"":49.75284250202175,""manifold_penalty"":0.0,""cg_iterations"":96,""cg_relative_residual_max"":4.595743375085025e-14,""linear_iterations"":96,""linear_relative_residual_max"":4.595743375085025e-14,""dense_solves"":0,""pcg_solves"":0,""fallback_solves"":0,""stop_reason"":""h_min""}]","{""converged"":true,""cg_iterations"":288,""cg_relative_residual_max"":4.595743375085025e-14,""linear_iterations"":288,""linear_relative_residual_max"":4.595743375085025e-14,""dense_solves"":0,""pcg_solves"":0,""fallback_solves"":0}"
diagnostic-manifold-base,"manifold: base, local parameter variants",8,"N_loc=20, N_phi=10, N_J=24, N_manifold=6, lambda_manifold=2.0, sync_steps=1",0,0,"{""beta"":160747260,""features"":2186772633,""noise"":475316650,""centers"":2297579960,""directions"":834610471,""init"":3414180542,""outliers"":2022353668,""outlier_noise"":1111215905,""gamma"":2591228347,""misspecification"":1802179717}",3414180542,ADP,0,240,True,4,60,1.0,0.0,0.05,manifold_radial,gaussian,gaussian,False,0.0,1.0,0.0,manifold,1,240,,1.0,False,,20,60,24,10,6,1,2.0,,,,10,,,,,,,,,"{""config"":{""seed"":42,""N_loc"":20,""N_lin"":60,""N_J"":24,""N_phi"":10,""lambda_penalty"":0.05,""local_ridge"":1e-08,""kernel"":""ADP.core.ADP_Config:epanechnikov"",""a"":1.4142135623730951,""h_min"":0.6454972243679028,""batch_size"":32,""index_init"":""local"",""estimator"":""new"",""direction_mode"":""auto"",""multi_tensor"":""orthogonal"",""select_step"":""best"",""center_displacement"":0.0,""training_set"":""all"",""redraw_directions"":true,""smart_weights"":false,""gpu"":false,""gpu_solver"":false},""solver_tol"":1e-06,""solver_max_steps"":3,""solver"":""cg"",""theta"":0.1,""trust_radius"":null,""lsmr_maxiter"":null,""cg_maxiter"":null,""manifold"":{""N_manifold"":6,""sync_steps"":1,""lambda_manifold"":2.0}}","{""seed"":3414180542,""N_loc"":20,""N_lin"":60,""N_J"":24,""N_phi"":10,""lambda_penalty"":0.05,""local_ridge"":1e-08,""kernel"":""ADP.core.ADP_Config:epanechnikov"",""a"":1.4142135623730951,""h_min"":0.6454972243679028,""batch_size"":32,""index_init"":""local"",""estimator"":""new"",""direction_mode"":""auto"",""multi_tensor"":""orthogonal"",""select_step"":""best"",""center_displacement"":0.0,""training_set"":""all"",""redraw_directions"":true,""smart_weights"":false,""gpu"":false,""gpu_solver"":false,""solver"":""cg"",""solver_tol"":1e-06,""solver_max_steps"":1,""theta"":null,""trust_radius"":null,""lsmr_maxiter"":null,""cg_maxiter"":null,""training_size"":240,""center_displacement_scale"":0.0,""N_manifold"":6,""sync_steps"":1,""lambda_manifold"":2.0}",success,,local_projector_distance,lower,True,False,False,converged_bad_quality,0.4773354497422169,,,0.4773354497422169,0.9950699033998877,84.30827468967186,,0.4773354497422169,[],0.23228458099765703,0.645477294921875,3,h_min,2,89.6045621103318,0.6110256476829614,"[{""phase"":""sync"",""iteration"":0,""h"":1.6633575396573566,""h_manifold"":2.250489893576492,""alpha"":1.0,""alpha_manifold"":1.0,""function_edges"":851,""manifold_edges"":228,""function_mass_q10"":4.142971690230403,""function_mass_min"":2.4337449486986866,""function_mass_mean"":20.000000000000004,""function_mass_median"":18.07643994820915,""function_mass_q90"":37.056444288326794,""n_eff_q10"":6.336492672760581,""n_eff_min"":3.3874532556079515,""n_eff_median"":24.917576549473505,""n_eff_q90"":52.0676568628778,""manifold_mass_q10"":1.3171777284793307,""manifold_mass_median"":5.905797282851303,""manifold_mass_q90"":9.487421311276238,""projector_change_median"":0.16070880103984994,""projector_change_max"":0.31805688748472055,""objective"":110.97055143332642,""manifold_penalty"":7.401853966118724,""cg_iterations"":96,""cg_relative_residual_max"":6.285550734127821e-16,""linear_iterations"":96,""linear_relative_residual_max"":6.285550734127821e-16,""dense_solves"":0,""pcg_solves"":0,""fallback_solves"":0},{""phase"":""scale"",""iteration"":1,""h"":1.1761713958294884,""h_manifold"":2.250489893576492,""alpha"":0.6080190092325211,""alpha_manifold"":1.0,""function_edges"":831,""manifold_edges"":228,""function_mass_q10"":4.216523232477544,""function_mass_min"":1.6696635473850656,""function_mass_mean"":20.000000448799863,""function_mass_median"":18.13362151130374,""function_mass_q90"":37.62456288333417,""n_eff_q10"":5.882641136274818,""n_eff_min"":1.970037119074159,""n_eff_median"":25.403399382078412,""n_eff_q90"":51.03416792460431,""manifold_mass_q10"":1.3171777284793307,""manifold_mass_median"":5.905797282851303,""manifold_mass_q90"":9.487421311276238,""projector_change_median"":0.1316870469262336,""projector_change_max"":0.3055028759605302,""objective"":94.53550068340532,""manifold_penalty"":7.25118167081074,""cg_iterations"":96,""cg_relative_residual_max"":1.1929307898289196e-15,""linear_iterations"":96,""linear_relative_residual_max"":1.1929307898289196e-15,""dense_solves"":0,""pcg_solves"":0,""fallback_solves"":0},{""phase"":""scale"",""iteration"":2,""h"":0.8316787698286782,""h_manifold"":2.250489893576492,""alpha"":0.36667145788669586,""alpha_manifold"":1.0,""function_edges"":827,""manifold_edges"":228,""function_mass_q10"":6.016087947835298,""function_mass_min"":1.5056238902855341,""function_mass_mean"":20.000001520219822,""function_mass_median"":17.312119415892557,""function_mass_q90"":37.25815609575693,""n_eff_q10"":9.118317400099462,""n_eff_min"":1.805354466834587,""n_eff_median"":21.932295620367057,""n_eff_q90"":50.964148755360334,""manifold_mass_q10"":1.3171777284793307,""manifold_mass_median"":5.905797282851303,""manifold_mass_q90"":9.487421311276238,""projector_change_median"":0.09915401217228881,""projector_change_max"":0.23794136020536746,""objective"":99.57868134122772,""manifold_penalty"":6.2525777085234635,""cg_iterations"":92,""cg_relative_residual_max"":2.6063355992758265e-15,""linear_iterations"":92,""linear_relative_residual_max"":2.6063355992758265e-15,""dense_solves"":0,""pcg_solves"":0,""fallback_solves"":0,""stop_reason"":""h_min""}]","{""converged"":true,""cg_iterations"":284,""cg_relative_residual_max"":2.6063355992758265e-15,""linear_iterations"":284,""linear_relative_residual_max"":2.6063355992758265e-15,""dense_solves"":0,""pcg_solves"":0,""fallback_solves"":0}"
diagnostic-manifold-base,"manifold: base, local parameter variants",8,"N_loc=20, N_phi=10, N_J=24, N_manifold=6, lambda_manifold=2.0, sync_steps=1",1,1,"{""beta"":1931894582,""features"":728973687,""noise"":453924638,""centers"":2145764529,""directions"":1084146302,""init"":1568069026,""outliers"":2674833454,""outlier_noise"":1988346855,""gamma"":3811432093,""misspecification"":345464691}",1568069026,ADP,0,240,True,4,60,1.0,0.0,0.05,manifold_radial,gaussian,gaussian,False,0.0,1.0,0.0,manifold,1,240,,1.0,False,,20,60,24,10,6,1,2.0,,,,10,,,,,,,,,"{""config"":{""seed"":42,""N_loc"":20,""N_lin"":60,""N_J"":24,""N_phi"":10,""lambda_penalty"":0.05,""local_ridge"":1e-08,""kernel"":""ADP.core.ADP_Config:epanechnikov"",""a"":1.4142135623730951,""h_min"":0.6454972243679028,""batch_size"":32,""index_init"":""local"",""estimator"":""new"",""direction_mode"":""auto"",""multi_tensor"":""orthogonal"",""select_step"":""best"",""center_displacement"":0.0,""training_set"":""all"",""redraw_directions"":true,""smart_weights"":false,""gpu"":false,""gpu_solver"":false},""solver_tol"":1e-06,""solver_max_steps"":3,""solver"":""cg"",""theta"":0.1,""trust_radius"":null,""lsmr_maxiter"":null,""cg_maxiter"":null,""manifold"":{""N_manifold"":6,""sync_steps"":1,""lambda_manifold"":2.0}}","{""seed"":1568069026,""N_loc"":20,""N_lin"":60,""N_J"":24,""N_phi"":10,""lambda_penalty"":0.05,""local_ridge"":1e-08,""kernel"":""ADP.core.ADP_Config:epanechnikov"",""a"":1.4142135623730951,""h_min"":0.6454972243679028,""batch_size"":32,""index_init"":""local"",""estimator"":""new"",""direction_mode"":""auto"",""multi_tensor"":""orthogonal"",""select_step"":""best"",""center_displacement"":0.0,""training_set"":""all"",""redraw_directions"":true,""smart_weights"":false,""gpu"":false,""gpu_solver"":false,""solver"":""cg"",""solver_tol"":1e-06,""solver_max_steps"":1,""theta"":null,""trust_radius"":null,""lsmr_maxiter"":null,""cg_maxiter"":null,""training_size"":240,""center_displacement_scale"":0.0,""N_manifold"":6,""sync_steps"":1,""lambda_manifold"":2.0}",success,,local_projector_distance,lower,True,False,False,converged_bad_quality,0.4231733661082639,,,0.4231733661082639,0.999756518968222,88.7356159482899,,0.4231733661082639,[],0.23540426199906506,0.6445579528808594,3,h_min,2,74.07393489658011,0.555555033639708,"[{""phase"":""sync"",""iteration"":0,""h"":1.655828701493783,""h_manifold"":2.319866362038382,""alpha"":1.0,""alpha_manifold"":1.0,""function_edges"":876,""manifold_edges"":224,""function_mass_q10"":6.2626455605731195,""function_mass_min"":4.398587113857294,""function_mass_mean"":19.999999999999996,""function_mass_median"":20.317212386344664,""function_mass_q90"":32.171074455832944,""n_eff_q10"":9.115186139787221,""n_eff_min"":5.644182069735399,""n_eff_median"":28.835288321549683,""n_eff_q90"":44.34415078417799,""manifold_mass_q10"":2.290557434291452,""manifold_mass_median"":6.120236735010389,""manifold_mass_q90"":10.074979297813792,""projector_change_median"":0.13320123726589017,""projector_change_max"":0.3449254832086095,""objective"":84.8168636020369,""manifold_penalty"":4.189807889330272,""cg_iterations"":96,""cg_relative_residual_max"":4.4156778115575296e-16,""linear_iterations"":96,""linear_relative_residual_max"":4.4156778115575296e-16,""dense_solves"":0,""pcg_solves"":0,""fallback_solves"":0},{""phase"":""scale"",""iteration"":1,""h"":1.1708477033095694,""h_manifold"":2.319866362038382,""alpha"":0.6101188808679581,""alpha_manifold"":1.0,""function_edges"":877,""manifold_edges"":224,""function_mass_q10"":4.770040402579051,""function_mass_min"":3.56552320249547,""function_mass_mean"":20.000000503678333,""function_mass_median"":20.951023798445526,""function_mass_q90"":31.573349120978104,""n_eff_q10"":6.875168115637309,""n_eff_min"":4.801133433284883,""n_eff_median"":28.289253298134888,""n_eff_q90"":42.14471577686605,""manifold_mass_q10"":2.290557434291452,""manifold_mass_median"":6.120236735010389,""manifold_mass_q90"":10.074979297813792,""projector_change_median"":0.19796173683814355,""projector_change_max"":0.375869675470696,""objective"":101.14252950700148,""manifold_penalty"":5.015952016952722,""cg_iterations"":96,""cg_relative_residual_max"":9.766643290935184e-15,""linear_iterations"":96,""linear_relative_residual_max"":9.766643290935184e-15,""dense_solves"":0,""pcg_solves"":0,""fallback_solves"":0},{""phase"":""scale"",""iteration"":2,""h"":0.8279143507468913,""h_manifold"":2.319866362038382,""alpha"":0.367339164018631,""alpha_manifold"":1.0,""function_edges"":837,""manifold_edges"":224,""function_mass_q10"":4.231916477217003,""function_mass_min"":3.229712327887556,""function_mass_mean"":20.000001377044274,""function_mass_median"":20.455010821611467,""function_mass_q90"":31.512079720591547,""n_eff_q10"":5.710137906985706,""n_eff_min"":4.2629659008451375,""n_eff_median"":27.6119874325661,""n_eff_q90"":42.65137468217592,""manifold_mass_q10"":2.290557434291452,""manifold_mass_median"":6.120236735010389,""manifold_mass_q90"":10.074979297813792,""projector_change_median"":0.2006953669108391,""projector_change_max"":0.34281466806472394,""objective"":68.50653758685459,""manifold_penalty"":5.1581525462775915,""cg_iterations"":96,""cg_relative_residual_max"":5.65516238429437e-15,""linear_iterations"":96,""linear_relative_residual_max"":5.65516238429437e-15,""dense_solves"":0,""pcg_solves"":0,""fallback_solves"":0,""stop_reason"":""h_min""}]","{""converged"":true,""cg_iterations"":288,""cg_relative_residual_max"":9.766643290935184e-15,""linear_iterations"":288,""linear_relative_residual_max"":9.766643290935184e-15,""dense_solves"":0,""pcg_solves"":0,""fallback_solves"":0}"
diagnostic-manifold-base,"manifold: base, local parameter variants",8,"N_loc=20, N_phi=10, N_J=24, N_manifold=6, lambda_manifold=2.0, sync_steps=1",2,2,"{""beta"":3049918365,""features"":1057112449,""noise"":2816531493,""centers"":3529945714,""directions"":2935922697,""init"":4167035260,""outliers"":1654234620,""outlier_noise"":2849204727,""gamma"":605489280,""misspecification"":212052512}",4167035260,ADP,0,240,True,4,60,1.0,0.0,0.05,manifold_radial,gaussian,gaussian,False,0.0,1.0,0.0,manifold,1,240,,1.0,False,,20,60,24,10,6,1,2.0,,,,10,,,,,,,,,"{""config"":{""seed"":42,""N_loc"":20,""N_lin"":60,""N_J"":24,""N_phi"":10,""lambda_penalty"":0.05,""local_ridge"":1e-08,""kernel"":""ADP.core.ADP_Config:epanechnikov"",""a"":1.4142135623730951,""h_min"":0.6454972243679028,""batch_size"":32,""index_init"":""local"",""estimator"":""new"",""direction_mode"":""auto"",""multi_tensor"":""orthogonal"",""select_step"":""best"",""center_displacement"":0.0,""training_set"":""all"",""redraw_directions"":true,""smart_weights"":false,""gpu"":false,""gpu_solver"":false},""solver_tol"":1e-06,""solver_max_steps"":3,""solver"":""cg"",""theta"":0.1,""trust_radius"":null,""lsmr_maxiter"":null,""cg_maxiter"":null,""manifold"":{""N_manifold"":6,""sync_steps"":1,""lambda_manifold"":2.0}}","{""seed"":4167035260,""N_loc"":20,""N_lin"":60,""N_J"":24,""N_phi"":10,""lambda_penalty"":0.05,""local_ridge"":1e-08,""kernel"":""ADP.core.ADP_Config:epanechnikov"",""a"":1.4142135623730951,""h_min"":0.6454972243679028,""batch_size"":32,""index_init"":""local"",""estimator"":""new"",""direction_mode"":""auto"",""multi_tensor"":""orthogonal"",""select_step"":""best"",""center_displacement"":0.0,""training_set"":""all"",""redraw_directions"":true,""smart_weights"":false,""gpu"":false,""gpu_solver"":false,""solver"":""cg"",""solver_tol"":1e-06,""solver_max_steps"":1,""theta"":null,""trust_radius"":null,""lsmr_maxiter"":null,""cg_maxiter"":null,""training_size"":240,""center_displacement_scale"":0.0,""N_manifold"":6,""sync_steps"":1,""lambda_manifold"":2.0}",success,,local_projector_distance,lower,True,False,False,converged_bad_quality,0.5004857178262478,,,0.5004857178262478,0.9999257960438765,89.30200253429702,,0.5004857178262478,[],0.23692860099981772,0.6446895599365234,3,h_min,2,122.84667368382172,0.7154447150893332,"[{""phase"":""sync"",""iteration"":0,""h"":1.6949287368540935,""h_manifold"":2.2964829637292796,""alpha"":1.0,""alpha_manifold"":1.0,""function_edges"":865,""manifold_edges"":230,""function_mass_q10"":7.891682163545296,""function_mass_min"":2.6677890471491295,""function_mass_mean"":20.000000000000004,""function_mass_median"":17.933978592667746,""function_mass_q90"":32.55763612370227,""n_eff_q10"":11.263391536939,""n_eff_min"":3.957090577021544,""n_eff_median"":27.063203551782323,""n_eff_q90"":45.58724546953231,""manifold_mass_q10"":2.726294132473343,""manifold_mass_median"":5.699909910362927,""manifold_mass_q90"":10.017294286875105,""projector_change_median"":0.13299330062929818,""projector_change_max"":0.6564706959066676,""objective"":115.22414869603494,""manifold_penalty"":4.843713220493909,""cg_iterations"":96,""cg_relative_residual_max"":4.3421198729114163e-16,""linear_iterations"":96,""linear_relative_residual_max"":4.3421198729114163e-16,""dense_solves"":0,""pcg_solves"":0,""fallback_solves"":0},{""phase"":""scale"",""iteration"":1,""h"":1.1984956034574787,""h_manifold"":2.2964829637292796,""alpha"":0.6119956076145172,""alpha_manifold"":1.0,""function_edges"":849,""manifold_edges"":230,""function_mass_q10"":7.828009134062733,""function_mass_min"":2.9852168535378896,""function_mass_mean"":20.0000001372345,""function_mass_median"":18.19231786359297,""function_mass_q90"":34.7174709095064,""n_eff_q10"":11.383021138229909,""n_eff_min"":4.667786610401785,""n_eff_median"":25.06001983345582,""n_eff_q90"":49.94485660332784,""manifold_mass_q10"":2.726294132473343,""manifold_mass_median"":5.699909910362927,""manifold_mass_q90"":10.017294286875105,""projector_change_median"":0.16716021611683324,""projector_change_max"":0.4816628515654774,""objective"":123.76046516875606,""manifold_penalty"":5.143514989795188,""cg_iterations"":96,""cg_relative_residual_max"":8.47512565632815e-16,""linear_iterations"":96,""linear_relative_residual_max"":8.47512565632815e-16,""dense_solves"":0,""pcg_solves"":0,""fallback_solves"":0},{""phase"":""scale"",""iteration"":2,""h"":0.8474643684270466,""h_manifold"":2.2964829637292796,""alpha"":0.36958830058574677,""alpha_manifold"":1.0,""function_edges"":837,""manifold_edges"":230,""function_mass_q10"":7.50144844061314,""function_mass_min"":2.7356177348243795,""function_mass_mean"":20.0000003656089,""function_mass_median"":18.451835206818302,""function_mass_q90"":34.26391113955938,""n_eff_q10"":10.678309901288777,""n_eff_min"":4.307952941665938,""n_eff_median"":25.872275079501968,""n_eff_q90"":47.52195573008063,""manifold_mass_q10"":2.726294132473343,""manifold_mass_median"":5.699909910362927,""manifold_mass_q90"":10.017294286875105,""projector_change_median"":0.14479341750170988,""projector_change_max"":1.3642476642260537,""objective"":89.9289236709308,""manifold_penalty"":5.16909272144415,""cg_iterations"":96,""cg_relative_residual_max"":8.333608571502423e-15,""linear_iterations"":96,""linear_relative_residual_max"":8.333608571502423e-15,""dense_solves"":0,""pcg_solves"":0,""fallback_solves"":0,""stop_reason"":""h_min""}]","{""converged"":true,""cg_iterations"":288,""cg_relative_residual_max"":8.333608571502423e-15,""linear_iterations"":288,""linear_relative_residual_max"":8.333608571502423e-15,""dense_solves"":0,""pcg_solves"":0,""fallback_solves"":0}"
diagnostic-manifold-base,"manifold: base, local parameter variants",8,"N_loc=20, N_phi=10, N_J=24, N_manifold=6, lambda_manifold=2.0, sync_steps=1",3,3,"{""beta"":4255376772,""features"":1229764143,""noise"":813326700,""centers"":2701065647,""directions"":3025337717,""init"":2424736837,""outliers"":408440574,""outlier_noise"":739910795,""gamma"":1682775850,""misspecification"":3107270422}",2424736837,ADP,0,240,True,4,60,1.0,0.0,0.05,manifold_radial,gaussian,gaussian,False,0.0,1.0,0.0,manifold,1,240,,1.0,False,,20,60,24,10,6,1,2.0,,,,10,,,,,,,,,"{""config"":{""seed"":42,""N_loc"":20,""N_lin"":60,""N_J"":24,""N_phi"":10,""lambda_penalty"":0.05,""local_ridge"":1e-08,""kernel"":""ADP.core.ADP_Config:epanechnikov"",""a"":1.4142135623730951,""h_min"":0.6454972243679028,""batch_size"":32,""index_init"":""local"",""estimator"":""new"",""direction_mode"":""auto"",""multi_tensor"":""orthogonal"",""select_step"":""best"",""center_displacement"":0.0,""training_set"":""all"",""redraw_directions"":true,""smart_weights"":false,""gpu"":false,""gpu_solver"":false},""solver_tol"":1e-06,""solver_max_steps"":3,""solver"":""cg"",""theta"":0.1,""trust_radius"":null,""lsmr_maxiter"":null,""cg_maxiter"":null,""manifold"":{""N_manifold"":6,""sync_steps"":1,""lambda_manifold"":2.0}}","{""seed"":2424736837,""N_loc"":20,""N_lin"":60,""N_J"":24,""N_phi"":10,""lambda_penalty"":0.05,""local_ridge"":1e-08,""kernel"":""ADP.core.ADP_Config:epanechnikov"",""a"":1.4142135623730951,""h_min"":0.6454972243679028,""batch_size"":32,""index_init"":""local"",""estimator"":""new"",""direction_mode"":""auto"",""multi_tensor"":""orthogonal"",""select_step"":""best"",""center_displacement"":0.0,""training_set"":""all"",""redraw_directions"":true,""smart_weights"":false,""gpu"":false,""gpu_solver"":false,""solver"":""cg"",""solver_tol"":1e-06,""solver_max_steps"":1,""theta"":null,""trust_radius"":null,""lsmr_maxiter"":null,""cg_maxiter"":null,""training_size"":240,""center_displacement_scale"":0.0,""N_manifold"":6,""sync_steps"":1,""lambda_manifold"":2.0}",success,,local_projector_distance,lower,True,False,False,converged_bad_quality,0.5738075739847551,,,0.5738075739847551,0.999790466490078,88.82707036886045,,0.5738075739847551,[],0.2332855889981147,0.6447601318359375,3,h_min,2,94.30804440657295,0.6268573881094386,"[{""phase"":""sync"",""iteration"":0,""h"":1.5615755036669832,""h_manifold"":1.9944635143778515,""alpha"":1.0,""alpha_manifold"":1.0,""function_edges"":855,""manifold_edges"":218,""function_mass_q10"":6.473282369427427,""function_mass_min"":4.6225759309657,""function_mass_mean"":19.999999999999996,""function_mass_median"":16.8802795091385,""function_mass_q90"":31.955726319463693,""n_eff_q10"":9.761322241876911,""n_eff_min"":5.500069281013567,""n_eff_median"":24.449232429814806,""n_eff_q90"":44.77381867298445,""manifold_mass_q10"":2.4636965800324506,""manifold_mass_median"":6.3404674752220505,""manifold_mass_q90"":9.608100287713269,""projector_change_median"":0.23756026293185328,""projector_change_max"":0.663718229275106,""objective"":183.4693166750533,""manifold_penalty"":10.64933080198481,""cg_iterations"":96,""cg_relative_residual_max"":4.365073743384025e-16,""linear_iterations"":96,""linear_relative_residual_max"":4.365073743384025e-16,""dense_solves"":0,""pcg_solves"":0,""fallback_solves"":0},{""phase"":""scale"",""iteration"":1,""h"":1.1042006279777221,""h_manifold"":1.9944635143778515,""alpha"":0.6147620975971222,""alpha_manifold"":1.0,""function_edges"":856,""manifold_edges"":218,""function_mass_q10"":6.887916156542099,""function_mass_min"":5.013687160516456,""function_mass_mean"":20.000000995436768,""function_mass_median"":17.640002586108523,""function_mass_q90"":31.75191743885319,""n_eff_q10"":9.74745358127504,""n_eff_min"":6.471445194869712,""n_eff_median"":25.71828632847893,""n_eff_q90"":45.08440181660101,""manifold_mass_q10"":2.4636965800324506,""manifold_mass_median"":6.3404674752220505,""manifold_mass_q90"":9.608100287713269,""projector_change_median"":0.2646193481948438,""projector_change_max"":0.5459906636078623,""objective"":119.89664249920885,""manifold_penalty"":8.958606125003532,""cg_iterations"":96,""cg_relative_residual_max"":1.0928353504834265e-15,""linear_iterations"":96,""linear_relative_residual_max"":1.0928353504834265e-15,""dense_solves"":0,""pcg_solves"":0,""fallback_solves"":0},{""phase"":""scale"",""iteration"":2,""h"":0.7807877518334915,""h_manifold"":1.9944635143778515,""alpha"":0.3759928196668625,""alpha_manifold"":1.0,""function_edges"":830,""manifold_edges"":218,""function_mass_q10"":6.819842908605463,""function_mass_min"":4.641817648545732,""function_mass_mean"":20.00000122100775,""function_mass_median"":18.032085653288963,""function_mass_q90"":31.266156870604398,""n_eff_q10"":8.876232519107411,""n_eff_min"":5.999883105175937,""n_eff_median"":25.345846540311296,""n_eff_q90"":44.74687394201156,""manifold_mass_q10"":2.4636965800324506,""manifold_mass_median"":6.3404674752220505,""manifold_mass_q90"":9.608100287713269,""projector_change_median"":0.18962735799631783,""projector_change_max"":0.8262867394365053,""objective"":106.9341447974219,""manifold_penalty"":8.927598478029628,""cg_iterations"":96,""cg_relative_residual_max"":1.947063311891439e-14,""linear_iterations"":96,""linear_relative_residual_max"":1.947063311891439e-14,""dense_solves"":0,""pcg_solves"":0,""fallback_solves"":0,""stop_reason"":""h_min""}]","{""converged"":true,""cg_iterations"":288,""cg_relative_residual_max"":1.947063311891439e-14,""linear_iterations"":288,""linear_relative_residual_max"":1.947063311891439e-14,""dense_solves"":0,""pcg_solves"":0,""fallback_solves"":0}"
diagnostic-manifold-base,"manifold: base, local parameter variants",8,"N_loc=20, N_phi=10, N_J=24, N_manifold=6, lambda_manifold=2.0, sync_steps=1",4,4,"{""beta"":2626536110,""features"":227981437,""noise"":1989028013,""centers"":4205761707,""directions"":1746734398,""init"":3699691919,""outliers"":1937795235,""outlier_noise"":1205558110,""gamma"":3432378550,""misspecification"":592425380}",3699691919,ADP,0,240,True,4,60,1.0,0.0,0.05,manifold_radial,gaussian,gaussian,False,0.0,1.0,0.0,manifold,1,240,,1.0,False,,20,60,24,10,6,1,2.0,,,,10,,,,,,,,,"{""config"":{""seed"":42,""N_loc"":20,""N_lin"":60,""N_J"":24,""N_phi"":10,""lambda_penalty"":0.05,""local_ridge"":1e-08,""kernel"":""ADP.core.ADP_Config:epanechnikov"",""a"":1.4142135623730951,""h_min"":0.6454972243679028,""batch_size"":32,""index_init"":""local"",""estimator"":""new"",""direction_mode"":""auto"",""multi_tensor"":""orthogonal"",""select_step"":""best"",""center_displacement"":0.0,""training_set"":""all"",""redraw_directions"":true,""smart_weights"":false,""gpu"":false,""gpu_solver"":false},""solver_tol"":1e-06,""solver_max_steps"":3,""solver"":""cg"",""theta"":0.1,""trust_radius"":null,""lsmr_maxiter"":null,""cg_maxiter"":null,""manifold"":{""N_manifold"":6,""sync_steps"":1,""lambda_manifold"":2.0}}",,numerical_failure,"RuntimeError: rank-deficient local slope for target 7: rank=0, required=1; increase N_phi or N_loc",local_projector_distance,lower,False,,False,numerical_failure,,,,,,,,,,,,,,,,,,
diagnostic-manifold-base,"manifold: base, local parameter variants",8,"N_loc=20, N_phi=10, N_J=24, N_manifold=6, lambda_manifold=2.0, sync_steps=1",5,5,"{""beta"":2591981369,""features"":3757986669,""noise"":654094259,""centers"":1360362612,""directions"":622664474,""init"":3202134607,""outliers"":2238804734,""outlier_noise"":1028591118,""gamma"":691848187,""misspecification"":854566012}",3202134607,ADP,0,240,True,4,60,1.0,0.0,0.05,manifold_radial,gaussian,gaussian,False,0.0,1.0,0.0,manifold,1,240,,1.0,False,,20,60,24,10,6,1,2.0,,,,10,,,,,,,,,"{""config"":{""seed"":42,""N_loc"":20,""N_lin"":60,""N_J"":24,""N_phi"":10,""lambda_penalty"":0.05,""local_ridge"":1e-08,""kernel"":""ADP.core.ADP_Config:epanechnikov"",""a"":1.4142135623730951,""h_min"":0.6454972243679028,""batch_size"":32,""index_init"":""local"",""estimator"":""new"",""direction_mode"":""auto"",""multi_tensor"":""orthogonal"",""select_step"":""best"",""center_displacement"":0.0,""training_set"":""all"",""redraw_directions"":true,""smart_weights"":false,""gpu"":false,""gpu_solver"":false},""solver_tol"":1e-06,""solver_max_steps"":3,""solver"":""cg"",""theta"":0.1,""trust_radius"":null,""lsmr_maxiter"":null,""cg_maxiter"":null,""manifold"":{""N_manifold"":6,""sync_steps"":1,""lambda_manifold"":2.0}}",,numerical_failure,"RuntimeError: rank-deficient local slope for target 3: rank=0, required=1; increase N_phi or N_loc",local_projector_distance,lower,False,,False,numerical_failure,,,,,,,,,,,,,,,,,,
diagnostic-manifold-base,"manifold: base, local parameter variants",8,"N_loc=20, N_phi=10, N_J=24, N_manifold=6, lambda_manifold=2.0, sync_steps=1",6,6,"{""beta"":2649590584,""features"":3993099560,""noise"":1760850090,""centers"":1235842596,""directions"":516648510,""init"":1329562486,""outliers"":4220703868,""outlier_noise"":3112353199,""gamma"":697337733,""misspecification"":2423010501}",1329562486,ADP,0,240,True,4,60,1.0,0.0,0.05,manifold_radial,gaussian,gaussian,False,0.0,1.0,0.0,manifold,1,240,,1.0,False,,20,60,24,10,6,1,2.0,,,,10,,,,,,,,,"{""config"":{""seed"":42,""N_loc"":20,""N_lin"":60,""N_J"":24,""N_phi"":10,""lambda_penalty"":0.05,""local_ridge"":1e-08,""kernel"":""ADP.core.ADP_Config:epanechnikov"",""a"":1.4142135623730951,""h_min"":0.6454972243679028,""batch_size"":32,""index_init"":""local"",""estimator"":""new"",""direction_mode"":""auto"",""multi_tensor"":""orthogonal"",""select_step"":""best"",""center_displacement"":0.0,""training_set"":""all"",""redraw_directions"":true,""smart_weights"":false,""gpu"":false,""gpu_solver"":false},""solver_tol"":1e-06,""solver_max_steps"":3,""solver"":""cg"",""theta"":0.1,""trust_radius"":null,""lsmr_maxiter"":null,""cg_maxiter"":null,""manifold"":{""N_manifold"":6,""sync_steps"":1,""lambda_manifold"":2.0}}",,numerical_failure,"RuntimeError: rank-deficient local slope for target 14: rank=0, required=1; increase N_phi or N_loc",local_projector_distance,lower,False,,False,numerical_failure,,,,,,,,,,,,,,,,,,
diagnostic-manifold-base,"manifold: base, local parameter variants",8,"N_loc=20, N_phi=10, N_J=24, N_manifold=6, lambda_manifold=2.0, sync_steps=1",7,7,"{""beta"":1192128109,""features"":4203467630,""noise"":955820423,""centers"":264639041,""directions"":1237972010,""init"":2645466379,""outliers"":2165193105,""outlier_noise"":627906730,""gamma"":548357580,""misspecification"":1960086769}",2645466379,ADP,0,240,True,4,60,1.0,0.0,0.05,manifold_radial,gaussian,gaussian,False,0.0,1.0,0.0,manifold,1,240,,1.0,False,,20,60,24,10,6,1,2.0,,,,10,,,,,,,,,"{""config"":{""seed"":42,""N_loc"":20,""N_lin"":60,""N_J"":24,""N_phi"":10,""lambda_penalty"":0.05,""local_ridge"":1e-08,""kernel"":""ADP.core.ADP_Config:epanechnikov"",""a"":1.4142135623730951,""h_min"":0.6454972243679028,""batch_size"":32,""index_init"":""local"",""estimator"":""new"",""direction_mode"":""auto"",""multi_tensor"":""orthogonal"",""select_step"":""best"",""center_displacement"":0.0,""training_set"":""all"",""redraw_directions"":true,""smart_weights"":false,""gpu"":false,""gpu_solver"":false},""solver_tol"":1e-06,""solver_max_steps"":3,""solver"":""cg"",""theta"":0.1,""trust_radius"":null,""lsmr_maxiter"":null,""cg_maxiter"":null,""manifold"":{""N_manifold"":6,""sync_steps"":1,""lambda_manifold"":2.0}}",,numerical_failure,"RuntimeError: rank-deficient local slope for target 17: rank=0, required=1; increase N_phi or N_loc",local_projector_distance,lower,False,,False,numerical_failure,,,,,,,,,,,,,,,,,,
diagnostic-manifold-base,"manifold: base, local parameter variants",8,"N_loc=20, N_phi=10, N_J=24, N_manifold=6, lambda_manifold=2.0, sync_steps=1",8,8,"{""beta"":1609080203,""features"":2594376887,""noise"":1918940653,""centers"":2936154285,""directions"":3848134078,""init"":3430508477,""outliers"":639789839,""outlier_noise"":2784368537,""gamma"":1561447794,""misspecification"":244015551}",3430508477,ADP,0,240,True,4,60,1.0,0.0,0.05,manifold_radial,gaussian,gaussian,False,0.0,1.0,0.0,manifold,1,240,,1.0,False,,20,60,24,10,6,1,2.0,,,,10,,,,,,,,,"{""config"":{""seed"":42,""N_loc"":20,""N_lin"":60,""N_J"":24,""N_phi"":10,""lambda_penalty"":0.05,""local_ridge"":1e-08,""kernel"":""ADP.core.ADP_Config:epanechnikov"",""a"":1.4142135623730951,""h_min"":0.6454972243679028,""batch_size"":32,""index_init"":""local"",""estimator"":""new"",""direction_mode"":""auto"",""multi_tensor"":""orthogonal"",""select_step"":""best"",""center_displacement"":0.0,""training_set"":""all"",""redraw_directions"":true,""smart_weights"":false,""gpu"":false,""gpu_solver"":false},""solver_tol"":1e-06,""solver_max_steps"":3,""solver"":""cg"",""theta"":0.1,""trust_radius"":null,""lsmr_maxiter"":null,""cg_maxiter"":null,""manifold"":{""N_manifold"":6,""sync_steps"":1,""lambda_manifold"":2.0}}",,numerical_failure,"RuntimeError: rank-deficient local slope for target 9: rank=0, required=1; increase N_phi or N_loc",local_projector_distance,lower,False,,False,numerical_failure,,,,,,,,,,,,,,,,,,
diagnostic-manifold-base,"manifold: base, local parameter variants",8,"N_loc=20, N_phi=10, N_J=24, N_manifold=6, lambda_manifold=2.0, sync_steps=1",9,9,"{""beta"":2952143991,""features"":2627908462,""noise"":3029906209,""centers"":3185039825,""directions"":4246493789,""init"":3554362247,""outliers"":280476494,""outlier_noise"":3164107022,""gamma"":1298903658,""misspecification"":3020752865}",3554362247,ADP,0,240,True,4,60,1.0,0.0,0.05,manifold_radial,gaussian,gaussian,False,0.0,1.0,0.0,manifold,1,240,,1.0,False,,20,60,24,10,6,1,2.0,,,,10,,,,,,,,,"{""config"":{""seed"":42,""N_loc"":20,""N_lin"":60,""N_J"":24,""N_phi"":10,""lambda_penalty"":0.05,""local_ridge"":1e-08,""kernel"":""ADP.core.ADP_Config:epanechnikov"",""a"":1.4142135623730951,""h_min"":0.6454972243679028,""batch_size"":32,""index_init"":""local"",""estimator"":""new"",""direction_mode"":""auto"",""multi_tensor"":""orthogonal"",""select_step"":""best"",""center_displacement"":0.0,""training_set"":""all"",""redraw_directions"":true,""smart_weights"":false,""gpu"":false,""gpu_solver"":false},""solver_tol"":1e-06,""solver_max_steps"":3,""solver"":""cg"",""theta"":0.1,""trust_radius"":null,""lsmr_maxiter"":null,""cg_maxiter"":null,""manifold"":{""N_manifold"":6,""sync_steps"":1,""lambda_manifold"":2.0}}",,numerical_failure,"RuntimeError: rank-deficient local slope for target 1: rank=0, required=1; increase N_phi or N_loc",local_projector_distance,lower,False,,False,numerical_failure,,,,,,,,,,,,,,,,,,
diagnostic-manifold-base,"manifold: base, local parameter variants",8,"N_loc=20, N_phi=10, N_J=24, N_manifold=6, lambda_manifold=2.0, sync_steps=1",10,10,"{""beta"":2986142371,""features"":946643688,""noise"":1178448990,""centers"":4266290743,""directions"":2060725515,""init"":2568546636,""outliers"":892251341,""outlier_noise"":2365362817,""gamma"":3229695262,""misspecification"":1326227304}",2568546636,ADP,0,240,True,4,60,1.0,0.0,0.05,manifold_radial,gaussian,gaussian,False,0.0,1.0,0.0,manifold,1,240,,1.0,False,,20,60,24,10,6,1,2.0,,,,10,,,,,,,,,"{""config"":{""seed"":42,""N_loc"":20,""N_lin"":60,""N_J"":24,""N_phi"":10,""lambda_penalty"":0.05,""local_ridge"":1e-08,""kernel"":""ADP.core.ADP_Config:epanechnikov"",""a"":1.4142135623730951,""h_min"":0.6454972243679028,""batch_size"":32,""index_init"":""local"",""estimator"":""new"",""direction_mode"":""auto"",""multi_tensor"":""orthogonal"",""select_step"":""best"",""center_displacement"":0.0,""training_set"":""all"",""redraw_directions"":true,""smart_weights"":false,""gpu"":false,""gpu_solver"":false},""solver_tol"":1e-06,""solver_max_steps"":3,""solver"":""cg"",""theta"":0.1,""trust_radius"":null,""lsmr_maxiter"":null,""cg_maxiter"":null,""manifold"":{""N_manifold"":6,""sync_steps"":1,""lambda_manifold"":2.0}}","{""seed"":2568546636,""N_loc"":20,""N_lin"":60,""N_J"":24,""N_phi"":10,""lambda_penalty"":0.05,""local_ridge"":1e-08,""kernel"":""ADP.core.ADP_Config:epanechnikov"",""a"":1.4142135623730951,""h_min"":0.6454972243679028,""batch_size"":32,""index_init"":""local"",""estimator"":""new"",""direction_mode"":""auto"",""multi_tensor"":""orthogonal"",""select_step"":""best"",""center_displacement"":0.0,""training_set"":""all"",""redraw_directions"":true,""smart_weights"":false,""gpu"":false,""gpu_solver"":false,""solver"":""cg"",""solver_tol"":1e-06,""solver_max_steps"":1,""theta"":null,""trust_radius"":null,""lsmr_maxiter"":null,""cg_maxiter"":null,""training_size"":240,""center_displacement_scale"":0.0,""N_manifold"":6,""sync_steps"":1,""lambda_manifold"":2.0}",success,,local_projector_distance,lower,True,False,False,converged_bad_quality,0.48196300040695056,,,0.48196300040695056,0.9894923813819054,81.68675080367062,,0.48196300040695056,[],0.23385232799773803,0.6447696685791016,3,h_min,2,108.65170842755883,0.6728413273435983,"[{""phase"":""sync"",""iteration"":0,""h"":1.6866708117994105,""h_manifold"":2.297981403041594,""alpha"":1.0,""alpha_manifold"":1.0,""function_edges"":871,""manifold_edges"":222,""function_mass_q10"":4.355265438201597,""function_mass_min"":2.3899055485943954,""function_mass_mean"":20.0,""function_mass_median"":14.969596917254021,""function_mass_q90"":37.64094350675557,""n_eff_q10"":6.239732807518214,""n_eff_min"":3.5281007135554763,""n_eff_median"":21.439885448502068,""n_eff_q90"":52.610222834959174,""manifold_mass_q10"":2.0423621649367583,""manifold_mass_median"":5.863692938102602,""manifold_mass_q90"":9.612680259865932,""projector_change_median"":0.23482400472870002,""projector_change_max"":0.4533898938401511,""objective"":102.31136531977909,""manifold_penalty"":9.739888226289342,""cg_iterations"":96,""cg_relative_residual_max"":3.8914888769051536e-16,""linear_iterations"":96,""linear_relative_residual_max"":3.8914888769051536e-16,""dense_solves"":0,""pcg_solves"":0,""fallback_solves"":0},{""phase"":""scale"",""iteration"":1,""h"":1.1926563686527822,""h_manifold"":2.297981403041594,""alpha"":0.6179309785366058,""alpha_manifold"":1.0,""function_edges"":850,""manifold_edges"":222,""function_mass_q10"":3.6436214656213397,""function_mass_min"":1.776071434768883,""function_mass_mean"":20.000000615979,""function_mass_median"":15.037208089091662,""function_mass_q90"":37.24539558111282,""n_eff_q10"":5.155586720546868,""n_eff_min"":2.3649504056228317,""n_eff_median"":21.6181126790865,""n_eff_q90"":50.62458363173162,""manifold_mass_q10"":2.0423621649367583,""manifold_mass_median"":5.863692938102602,""manifold_mass_q90"":9.612680259865932,""projector_change_median"":0.12694409920905977,""projector_change_max"":0.2996966100424402,""objective"":73.87029760331563,""manifold_penalty"":8.684037694091048,""cg_iterations"":96,""cg_relative_residual_max"":7.729664445785431e-16,""linear_iterations"":96,""linear_relative_residual_max"":7.729664445785431e-16,""dense_solves"":0,""pcg_solves"":0,""fallback_solves"":0},{""phase"":""scale"",""iteration"":2,""h"":0.8433354058997052,""h_manifold"":2.297981403041594,""alpha"":0.37649452686309814,""alpha_manifold"":1.0,""function_edges"":855,""manifold_edges"":222,""function_mass_q10"":4.271519505645582,""function_mass_min"":1.5368393015304829,""function_mass_mean"":20.000000866316366,""function_mass_median"":17.157789236605808,""function_mass_q90"":38.128600185844185,""n_eff_q10"":5.844712548123587,""n_eff_min"":1.8334742849248953,""n_eff_median"":25.667620639657354,""n_eff_q90"":52.07945206284269,""manifold_mass_q10"":2.0423621649367583,""manifold_mass_median"":5.863692938102602,""manifold_mass_q90"":9.612680259865932,""projector_change_median"":0.08804146259481543,""projector_change_max"":0.5987511930923837,""objective"":54.93715031583357,""manifold_penalty"":6.725457390765396,""cg_iterations"":96,""cg_relative_residual_max"":2.6122793729098033e-12,""linear_iterations"":96,""linear_relative_residual_max"":2.6122793729098033e-12,""dense_solves"":0,""pcg_solves"":0,""fallback_solves"":0,""stop_reason"":""h_min""}]","{""converged"":true,""cg_iterations"":288,""cg_relative_residual_max"":2.6122793729098033e-12,""linear_iterations"":288,""linear_relative_residual_max"":2.6122793729098033e-12,""dense_solves"":0,""pcg_solves"":0,""fallback_solves"":0}"
diagnostic-manifold-base,"manifold: base, local parameter variants",8,"N_loc=20, N_phi=10, N_J=24, N_manifold=6, lambda_manifold=2.0, sync_steps=1",11,11,"{""beta"":1169213037,""features"":1095957835,""noise"":3841810831,""centers"":1031671468,""directions"":3208422369,""init"":3202220039,""outliers"":3254441912,""outlier_noise"":462153641,""gamma"":938740265,""misspecification"":1943647296}",3202220039,ADP,0,240,True,4,60,1.0,0.0,0.05,manifold_radial,gaussian,gaussian,False,0.0,1.0,0.0,manifold,1,240,,1.0,False,,20,60,24,10,6,1,2.0,,,,10,,,,,,,,,"{""config"":{""seed"":42,""N_loc"":20,""N_lin"":60,""N_J"":24,""N_phi"":10,""lambda_penalty"":0.05,""local_ridge"":1e-08,""kernel"":""ADP.core.ADP_Config:epanechnikov"",""a"":1.4142135623730951,""h_min"":0.6454972243679028,""batch_size"":32,""index_init"":""local"",""estimator"":""new"",""direction_mode"":""auto"",""multi_tensor"":""orthogonal"",""select_step"":""best"",""center_displacement"":0.0,""training_set"":""all"",""redraw_directions"":true,""smart_weights"":false,""gpu"":false,""gpu_solver"":false},""solver_tol"":1e-06,""solver_max_steps"":3,""solver"":""cg"",""theta"":0.1,""trust_radius"":null,""lsmr_maxiter"":null,""cg_maxiter"":null,""manifold"":{""N_manifold"":6,""sync_steps"":1,""lambda_manifold"":2.0}}","{""seed"":3202220039,""N_loc"":20,""N_lin"":60,""N_J"":24,""N_phi"":10,""lambda_penalty"":0.05,""local_ridge"":1e-08,""kernel"":""ADP.core.ADP_Config:epanechnikov"",""a"":1.4142135623730951,""h_min"":0.6454972243679028,""batch_size"":32,""index_init"":""local"",""estimator"":""new"",""direction_mode"":""auto"",""multi_tensor"":""orthogonal"",""select_step"":""best"",""center_displacement"":0.0,""training_set"":""all"",""redraw_directions"":true,""smart_weights"":false,""gpu"":false,""gpu_solver"":false,""solver"":""cg"",""solver_tol"":1e-06,""solver_max_steps"":1,""theta"":null,""trust_radius"":null,""lsmr_maxiter"":null,""cg_maxiter"":null,""training_size"":240,""center_displacement_scale"":0.0,""N_manifold"":6,""sync_steps"":1,""lambda_manifold"":2.0}",success,,local_projector_distance,lower,True,False,False,converged_bad_quality,0.483624071895054,,,0.483624071895054,0.9993612005409808,87.9519383677482,,0.483624071895054,[],0.2339985250000609,0.6450557708740234,3,h_min,2,99.40508914381934,0.6435742936387224,"[{""phase"":""sync"",""iteration"":0,""h"":1.5204013226950852,""h_manifold"":2.122917706841165,""alpha"":1.0,""alpha_manifold"":1.0,""function_edges"":875,""manifold_edges"":236,""function_mass_q10"":5.234231782333284,""function_mass_min"":2.477639733794975,""function_mass_mean"":20.000000000000014,""function_mass_median"":15.868326181299363,""function_mass_q90"":36.693453277372136,""n_eff_q10"":7.536996574725949,""n_eff_min"":3.0872737184018852,""n_eff_median"":23.72759629738974,""n_eff_q90"":50.46040786535443,""manifold_mass_q10"":2.5807857931611795,""manifold_mass_median"":5.98472883588148,""manifold_mass_q90"":9.609776177171382,""projector_change_median"":0.13669291809705558,""projector_change_max"":0.40671980934512614,""objective"":54.90665495683237,""manifold_penalty"":3.830432013318348,""cg_iterations"":95,""cg_relative_residual_max"":2.306775328361705e-07,""linear_iterations"":95,""linear_relative_residual_max"":2.306775328361705e-07,""dense_solves"":0,""pcg_solves"":0,""fallback_solves"":0},{""phase"":""scale"",""iteration"":1,""h"":1.075086085402691,""h_manifold"":2.122917706841165,""alpha"":0.6060409992933273,""alpha_manifold"":1.0,""function_edges"":852,""manifold_edges"":236,""function_mass_q10"":5.419639864614205,""function_mass_min"":2.1356603775139007,""function_mass_mean"":20.00000073795567,""function_mass_median"":15.505378352809082,""function_mass_q90"":36.817185056110176,""n_eff_q10"":8.555944834408153,""n_eff_min"":2.610908774933358,""n_eff_median"":23.07793108163293,""n_eff_q90"":51.87456488793368,""manifold_mass_q10"":2.5807857931611795,""manifold_mass_median"":5.98472883588148,""manifold_mass_q90"":9.609776177171382,""projector_change_median"":0.15565118528000094,""projector_change_max"":0.38368984700772174,""objective"":67.51638153825158,""manifold_penalty"":3.418972931223357,""cg_iterations"":96,""cg_relative_residual_max"":1.8203304557778567e-15,""linear_iterations"":96,""linear_relative_residual_max"":1.8203304557778567e-15,""dense_solves"":0,""pcg_solves"":0,""fallback_solves"":0},{""phase"":""scale"",""iteration"":2,""h"":0.7602006613475425,""h_manifold"":2.122917706841165,""alpha"":0.3600584715604782,""alpha_manifold"":1.0,""function_edges"":825,""manifold_edges"":236,""function_mass_q10"":6.400340101200488,""function_mass_min"":1.9807610394765618,""function_mass_mean"":20.00000147616811,""function_mass_median"":16.891672329086557,""function_mass_q90"":35.568994311583495,""n_eff_q10"":9.519379920005264,""n_eff_min"":2.307376838539835,""n_eff_median"":23.48526204385135,""n_eff_q90"":48.542071406941766,""manifold_mass_q10"":2.5807857931611795,""manifold_mass_median"":5.98472883588148,""manifold_mass_q90"":9.609776177171382,""projector_change_median"":0.188807957095186,""projector_change_max"":0.7713141370503791,""objective"":55.06908777881403,""manifold_penalty"":3.8410406876820176,""cg_iterations"":96,""cg_relative_residual_max"":9.297280049926225e-15,""linear_iterations"":96,""linear_relative_residual_max"":9.297280049926225e-15,""dense_solves"":0,""pcg_solves"":0,""fallback_solves"":0,""stop_reason"":""h_min""}]","{""converged"":true,""cg_iterations"":287,""cg_relative_residual_max"":2.306775328361705e-07,""linear_iterations"":287,""linear_relative_residual_max"":2.306775328361705e-07,""dense_solves"":0,""pcg_solves"":0,""fallback_solves"":0}"
diagnostic-manifold-base,"manifold: base, local parameter variants",9,"N_loc=20, N_phi=10, N_J=24, N_manifold=6, lambda_manifold=0.5, sync_steps=3",0,0,"{""beta"":160747260,""features"":2186772633,""noise"":475316650,""centers"":2297579960,""directions"":834610471,""init"":3414180542,""outliers"":2022353668,""outlier_noise"":1111215905,""gamma"":2591228347,""misspecification"":1802179717}",3414180542,ADP,0,240,True,4,60,1.0,0.0,0.05,manifold_radial,gaussian,gaussian,False,0.0,1.0,0.0,manifold,1,240,,1.0,False,,20,60,24,10,6,3,0.5,,,,10,,,,,,,,,"{""config"":{""seed"":42,""N_loc"":20,""N_lin"":60,""N_J"":24,""N_phi"":10,""lambda_penalty"":0.05,""local_ridge"":1e-08,""kernel"":""ADP.core.ADP_Config:epanechnikov"",""a"":1.4142135623730951,""h_min"":0.6454972243679028,""batch_size"":32,""index_init"":""local"",""estimator"":""new"",""direction_mode"":""auto"",""multi_tensor"":""orthogonal"",""select_step"":""best"",""center_displacement"":0.0,""training_set"":""all"",""redraw_directions"":true,""smart_weights"":false,""gpu"":false,""gpu_solver"":false},""solver_tol"":1e-06,""solver_max_steps"":3,""solver"":""cg"",""theta"":0.1,""trust_radius"":null,""lsmr_maxiter"":null,""cg_maxiter"":null,""manifold"":{""N_manifold"":6,""sync_steps"":3,""lambda_manifold"":0.5}}","{""seed"":3414180542,""N_loc"":20,""N_lin"":60,""N_J"":24,""N_phi"":10,""lambda_penalty"":0.05,""local_ridge"":1e-08,""kernel"":""ADP.core.ADP_Config:epanechnikov"",""a"":1.4142135623730951,""h_min"":0.6454972243679028,""batch_size"":32,""index_init"":""local"",""estimator"":""new"",""direction_mode"":""auto"",""multi_tensor"":""orthogonal"",""select_step"":""best"",""center_displacement"":0.0,""training_set"":""all"",""redraw_directions"":true,""smart_weights"":false,""gpu"":false,""gpu_solver"":false,""solver"":""cg"",""solver_tol"":1e-06,""solver_max_steps"":3,""theta"":null,""trust_radius"":null,""lsmr_maxiter"":null,""cg_maxiter"":null,""training_size"":240,""center_displacement_scale"":0.0,""N_manifold"":6,""sync_steps"":3,""lambda_manifold"":0.5}",success,,local_projector_distance,lower,True,False,False,converged_bad_quality,0.48365601259012553,,,0.48365601259012553,0.9834549300385104,79.56307542702478,,0.48365601259012553,[],0.3373725989986269,0.6474475860595703,5,h_min,4,90.03341492914626,0.6124861050435697,"[{""phase"":""sync"",""iteration"":0,""h"":1.6633575396573566,""h_manifold"":2.250489893576492,""alpha"":1.0,""alpha_manifold"":1.0,""function_edges"":851,""manifold_edges"":228,""function_mass_q10"":4.142971690230403,""function_mass_min"":2.4337449486986866,""function_mass_mean"":20.000000000000004,""function_mass_median"":18.07643994820915,""function_mass_q90"":37.056444288326794,""n_eff_q10"":6.336492672760581,""n_eff_min"":3.3874532556079515,""n_eff_median"":24.917576549473505,""n_eff_q90"":52.0676568628778,""manifold_mass_q10"":1.3171777284793307,""manifold_mass_median"":5.905797282851303,""manifold_mass_q90"":9.487421311276238,""projector_change_median"":0.16781336701510152,""projector_change_max"":0.40088590986208605,""objective"":105.18850595663369,""manifold_penalty"":2.0191108798649706,""cg_iterations"":96,""cg_relative_residual_max"":1.8693613911727413e-15,""linear_iterations"":96,""linear_relative_residual_max"":1.8693613911727413e-15,""dense_solves"":0,""pcg_solves"":0,""fallback_solves"":0},{""phase"":""sync"",""iteration"":1,""h"":1.6633575396573566,""h_manifold"":2.250489893576492,""alpha"":1.0,""alpha_manifold"":1.0,""function_edges"":851,""manifold_edges"":228,""function_mass_q10"":4.142971690230403,""function_mass_min"":2.4337449486986866,""function_mass_mean"":20.000000000000004,""function_mass_median"":18.07643994820915,""function_mass_q90"":37.056444288326794,""n_eff_q10"":6.336492672760581,""n_eff_min"":3.3874532556079515,""n_eff_median"":24.917576549473505,""n_eff_q90"":52.0676568628778,""manifold_mass_q10"":1.3171777284793307,""manifold_mass_median"":5.905797282851303,""manifold_mass_q90"":9.487421311276238,""projector_change_median"":0.04042219112444073,""projector_change_max"":0.2927088058322894,""objective"":101.70396735289842,""manifold_penalty"":2.054443661533509,""cg_iterations"":96,""cg_relative_residual_max"":3.6933516001531695e-16,""linear_iterations"":96,""linear_relative_residual_max"":3.6933516001531695e-16,""dense_solves"":0,""pcg_solves"":0,""fallback_solves"":0},{""phase"":""sync"",""iteration"":2,""h"":1.6633575396573566,""h_manifold"":2.250489893576492,""alpha"":1.0,""alpha_manifold"":1.0,""function_edges"":851,""manifold_edges"":228,""function_mass_q10"":4.142971690230403,""function_mass_min"":2.4337449486986866,""function_mass_mean"":20.000000000000004,""function_mass_median"":18.07643994820915,""function_mass_q90"":37.056444288326794,""n_eff_q10"":6.336492672760581,""n_eff_min"":3.3874532556079515,""n_eff_median"":24.917576549473505,""n_eff_q90"":52.0676568628778,""manifold_mass_q10"":1.3171777284793307,""manifold_mass_median"":5.905797282851303,""manifold_mass_q90"":9.487421311276238,""projector_change_median"":0.010443361687269372,""projector_change_max"":0.1406172951876628,""objective"":101.25277463083702,""manifold_penalty"":2.119629899722888,""cg_iterations"":96,""cg_relative_residual_max"":3.686278514898374e-16,""linear_iterations"":96,""linear_relative_residual_max"":3.686278514898374e-16,""dense_solves"":0,""pcg_solves"":0,""fallback_solves"":0},{""phase"":""scale"",""iteration"":1,""h"":1.1761713958294884,""h_manifold"":2.250489893576492,""alpha"":0.6079228818416595,""alpha_manifold"":1.0,""function_edges"":829,""manifold_edges"":228,""function_mass_q10"":4.348794320210098,""function_mass_min"":1.6757648352225298,""function_mass_mean"":20.000000917962495,""function_mass_median"":18.174387364971928,""function_mass_q90"":37.5910995286005,""n_eff_q10"":6.385562475621207,""n_eff_min"":1.9964457090650842,""n_eff_median"":25.433610484980075,""n_eff_q90"":51.06916101636728,""manifold_mass_q10"":1.3171777284793307,""manifold_mass_median"":5.905797282851303,""manifold_mass_q90"":9.487421311276238,""projector_change_median"":0.14672574803894423,""projector_change_max"":0.4163085734279601,""objective"":89.69317481165703,""manifold_penalty"":2.1937497680404405,""cg_iterations"":96,""cg_relative_residual_max"":7.586542589030009e-15,""linear_iterations"":96,""linear_relative_residual_max"":7.586542589030009e-15,""dense_solves"":0,""pcg_solves"":0,""fallback_solves"":0},{""phase"":""scale"",""iteration"":2,""h"":0.8316787698286782,""h_manifold"":2.250489893576492,""alpha"":0.36708322167396545,""alpha_manifold"":1.0,""function_edges"":823,""manifold_edges"":228,""function_mass_q10"":6.5467936681676715,""function_mass_min"":1.479933272465561,""function_mass_mean"":20.000001098397572,""function_mass_median"":17.457520979250987,""function_mass_q90"":37.25676724978234,""n_eff_q10"":10.241537918457759,""n_eff_min"":1.7801662204835773,""n_eff_median"":22.007013584228,""n_eff_q90"":50.787714300680335,""manifold_mass_q10"":1.3171777284793307,""manifold_mass_median"":5.905797282851303,""manifold_mass_q90"":9.487421311276238,""projector_change_median"":0.12101617559433034,""projector_change_max"":0.3784211449530013,""objective"":84.62660569414274,""manifold_penalty"":1.9565052418484723,""cg_iterations"":92,""cg_relative_residual_max"":6.965906526416768e-15,""linear_iterations"":92,""linear_relative_residual_max"":6.965906526416768e-15,""dense_solves"":0,""pcg_solves"":0,""fallback_solves"":0,""stop_reason"":""h_min""}]","{""converged"":true,""cg_iterations"":476,""cg_relative_residual_max"":7.586542589030009e-15,""linear_iterations"":476,""linear_relative_residual_max"":7.586542589030009e-15,""dense_solves"":0,""pcg_solves"":0,""fallback_solves"":0}"
diagnostic-manifold-base,"manifold: base, local parameter variants",9,"N_loc=20, N_phi=10, N_J=24, N_manifold=6, lambda_manifold=0.5, sync_steps=3",1,1,"{""beta"":1931894582,""features"":728973687,""noise"":453924638,""centers"":2145764529,""directions"":1084146302,""init"":1568069026,""outliers"":2674833454,""outlier_noise"":1988346855,""gamma"":3811432093,""misspecification"":345464691}",1568069026,ADP,0,240,True,4,60,1.0,0.0,0.05,manifold_radial,gaussian,gaussian,False,0.0,1.0,0.0,manifold,1,240,,1.0,False,,20,60,24,10,6,3,0.5,,,,10,,,,,,,,,"{""config"":{""seed"":42,""N_loc"":20,""N_lin"":60,""N_J"":24,""N_phi"":10,""lambda_penalty"":0.05,""local_ridge"":1e-08,""kernel"":""ADP.core.ADP_Config:epanechnikov"",""a"":1.4142135623730951,""h_min"":0.6454972243679028,""batch_size"":32,""index_init"":""local"",""estimator"":""new"",""direction_mode"":""auto"",""multi_tensor"":""orthogonal"",""select_step"":""best"",""center_displacement"":0.0,""training_set"":""all"",""redraw_directions"":true,""smart_weights"":false,""gpu"":false,""gpu_solver"":false},""solver_tol"":1e-06,""solver_max_steps"":3,""solver"":""cg"",""theta"":0.1,""trust_radius"":null,""lsmr_maxiter"":null,""cg_maxiter"":null,""manifold"":{""N_manifold"":6,""sync_steps"":3,""lambda_manifold"":0.5}}","{""seed"":1568069026,""N_loc"":20,""N_lin"":60,""N_J"":24,""N_phi"":10,""lambda_penalty"":0.05,""local_ridge"":1e-08,""kernel"":""ADP.core.ADP_Config:epanechnikov"",""a"":1.4142135623730951,""h_min"":0.6454972243679028,""batch_size"":32,""index_init"":""local"",""estimator"":""new"",""direction_mode"":""auto"",""multi_tensor"":""orthogonal"",""select_step"":""best"",""center_displacement"":0.0,""training_set"":""all"",""redraw_directions"":true,""smart_weights"":false,""gpu"":false,""gpu_solver"":false,""solver"":""cg"",""solver_tol"":1e-06,""solver_max_steps"":3,""theta"":null,""trust_radius"":null,""lsmr_maxiter"":null,""cg_maxiter"":null,""training_size"":240,""center_displacement_scale"":0.0,""N_manifold"":6,""sync_steps"":3,""lambda_manifold"":0.5}",success,,local_projector_distance,lower,True,False,False,converged_bad_quality,0.4294309902079787,,,0.4294309902079787,0.9997028930113268,88.60329458379287,,0.4294309902079787,[],0.33141336599874194,0.6470813751220703,5,h_min,4,71.05757488765889,0.5441261147000562,"[{""phase"":""sync"",""iteration"":0,""h"":1.655828701493783,""h_manifold"":2.319866362038382,""alpha"":1.0,""alpha_manifold"":1.0,""function_edges"":876,""manifold_edges"":224,""function_mass_q10"":6.2626455605731195,""function_mass_min"":4.398587113857294,""function_mass_mean"":19.999999999999996,""function_mass_median"":20.317212386344664,""function_mass_q90"":32.171074455832944,""n_eff_q10"":9.115186139787221,""n_eff_min"":5.644182069735399,""n_eff_median"":28.835288321549683,""n_eff_q90"":44.34415078417799,""manifold_mass_q10"":2.290557434291452,""manifold_mass_median"":6.120236735010389,""manifold_mass_q90"":10.074979297813792,""projector_change_median"":0.14285347747611188,""projector_change_max"":0.47061782063522006,""objective"":81.3659421969034,""manifold_penalty"":1.2968568315098157,""cg_iterations"":96,""cg_relative_residual_max"":3.106764882692313e-16,""linear_iterations"":96,""linear_relative_residual_max"":3.106764882692313e-16,""dense_solves"":0,""pcg_solves"":0,""fallback_solves"":0},{""phase"":""sync"",""iteration"":1,""h"":1.655828701493783,""h_manifold"":2.319866362038382,""alpha"":1.0,""alpha_manifold"":1.0,""function_edges"":876,""manifold_edges"":224,""function_mass_q10"":6.2626455605731195,""function_mass_min"":4.398587113857294,""function_mass_mean"":19.999999999999996,""function_mass_median"":20.317212386344664,""function_mass_q90"":32.171074455832944,""n_eff_q10"":9.115186139787221,""n_eff_min"":5.644182069735399,""n_eff_median"":28.835288321549683,""n_eff_q90"":44.34415078417799,""manifold_mass_q10"":2.290557434291452,""manifold_mass_median"":6.120236735010389,""manifold_mass_q90"":10.074979297813792,""projector_change_median"":0.025614963209523757,""projector_change_max"":0.2768422597986372,""objective"":79.72435335977207,""manifold_penalty"":1.2825943022559496,""cg_iterations"":96,""cg_relative_residual_max"":3.8706555537944343e-16,""linear_iterations"":96,""linear_relative_residual_max"":3.8706555537944343e-16,""dense_solves"":0,""pcg_solves"":0,""fallback_solves"":0},{""phase"":""sync"",""iteration"":2,""h"":1.655828701493783,""h_manifold"":2.319866362038382,""alpha"":1.0,""alpha_manifold"":1.0,""function_edges"":876,""manifold_edges"":224,""function_mass_q10"":6.2626455605731195,""function_mass_min"":4.398587113857294,""function_mass_mean"":19.999999999999996,""function_mass_median"":20.317212386344664,""function_mass_q90"":32.171074455832944,""n_eff_q10"":9.115186139787221,""n_eff_min"":5.644182069735399,""n_eff_median"":28.835288321549683,""n_eff_q90"":44.34415078417799,""manifold_mass_q10"":2.290557434291452,""manifold_mass_median"":6.120236735010389,""manifold_mass_q90"":10.074979297813792,""projector_change_median"":0.008099916417305614,""projector_change_max"":0.06608259266633358,""objective"":79.55141397835892,""manifold_penalty"":1.2955085107898805,""cg_iterations"":95,""cg_relative_residual_max"":3.5852256897529725e-07,""linear_iterations"":95,""linear_relative_residual_max"":3.5852256897529725e-07,""dense_solves"":0,""pcg_solves"":0,""fallback_solves"":0},{""phase"":""scale"",""iteration"":1,""h"":1.1708477033095694,""h_manifold"":2.319866362038382,""alpha"":0.6097029000520706,""alpha_manifold"":1.0,""function_edges"":870,""manifold_edges"":224,""function_mass_q10"":4.757181196791788,""function_mass_min"":3.2441232855021234,""function_mass_mean"":20.000000967462565,""function_mass_median"":21.011512324360282,""function_mass_q90"":31.553160484748542,""n_eff_q10"":6.724039098456989,""n_eff_min"":4.39314655049214,""n_eff_median"":28.367211331920686,""n_eff_q90"":42.078975181994714,""manifold_mass_q10"":2.290557434291452,""manifold_mass_median"":6.120236735010389,""manifold_mass_q90"":10.074979297813792,""projector_change_median"":0.2002799576563587,""projector_change_max"":0.41549219662579934,""objective"":93.22767124010554,""manifold_penalty"":1.8010091510245032,""cg_iterations"":96,""cg_relative_residual_max"":3.0474092964569426e-14,""linear_iterations"":96,""linear_relative_residual_max"":3.0474092964569426e-14,""dense_solves"":0,""pcg_solves"":0,""fallback_solves"":0},{""phase"":""scale"",""iteration"":2,""h"":0.8279143507468913,""h_manifold"":2.319866362038382,""alpha"":0.36665835976600647,""alpha_manifold"":1.0,""function_edges"":838,""manifold_edges"":224,""function_mass_q10"":3.9613040203582455,""function_mass_min"":3.0716791849660448,""function_mass_mean"":20.000000192710406,""function_mass_median"":20.51522333735466,""function_mass_q90"":31.04936113337566,""n_eff_q10"":5.096328850068097,""n_eff_min"":3.9646822728504647,""n_eff_median"":27.72570178318214,""n_eff_q90"":42.02156884777713,""manifold_mass_q10"":2.2905574342914523,""manifold_mass_median"":6.120236735010389,""manifold_mass_q90"":10.074979297813792,""projector_change_median"":0.1629800164348696,""projector_change_max"":0.43919256126825035,""objective"":63.3049971352334,""manifold_penalty"":1.8297184976013392,""cg_iterations"":96,""cg_relative_residual_max"":7.884910105128244e-15,""linear_iterations"":96,""linear_relative_residual_max"":7.884910105128244e-15,""dense_solves"":0,""pcg_solves"":0,""fallback_solves"":0,""stop_reason"":""h_min""}]","{""converged"":true,""cg_iterations"":479,""cg_relative_residual_max"":3.5852256897529725e-07,""linear_iterations"":479,""linear_relative_residual_max"":3.5852256897529725e-07,""dense_solves"":0,""pcg_solves"":0,""fallback_solves"":0}"
diagnostic-manifold-base,"manifold: base, local parameter variants",9,"N_loc=20, N_phi=10, N_J=24, N_manifold=6, lambda_manifold=0.5, sync_steps=3",2,2,"{""beta"":3049918365,""features"":1057112449,""noise"":2816531493,""centers"":3529945714,""directions"":2935922697,""init"":4167035260,""outliers"":1654234620,""outlier_noise"":2849204727,""gamma"":605489280,""misspecification"":212052512}",4167035260,ADP,0,240,True,4,60,1.0,0.0,0.05,manifold_radial,gaussian,gaussian,False,0.0,1.0,0.0,manifold,1,240,,1.0,False,,20,60,24,10,6,3,0.5,,,,10,,,,,,,,,"{""config"":{""seed"":42,""N_loc"":20,""N_lin"":60,""N_J"":24,""N_phi"":10,""lambda_penalty"":0.05,""local_ridge"":1e-08,""kernel"":""ADP.core.ADP_Config:epanechnikov"",""a"":1.4142135623730951,""h_min"":0.6454972243679028,""batch_size"":32,""index_init"":""local"",""estimator"":""new"",""direction_mode"":""auto"",""multi_tensor"":""orthogonal"",""select_step"":""best"",""center_displacement"":0.0,""training_set"":""all"",""redraw_directions"":true,""smart_weights"":false,""gpu"":false,""gpu_solver"":false},""solver_tol"":1e-06,""solver_max_steps"":3,""solver"":""cg"",""theta"":0.1,""trust_radius"":null,""lsmr_maxiter"":null,""cg_maxiter"":null,""manifold"":{""N_manifold"":6,""sync_steps"":3,""lambda_manifold"":0.5}}","{""seed"":4167035260,""N_loc"":20,""N_lin"":60,""N_J"":24,""N_phi"":10,""lambda_penalty"":0.05,""local_ridge"":1e-08,""kernel"":""ADP.core.ADP_Config:epanechnikov"",""a"":1.4142135623730951,""h_min"":0.6454972243679028,""batch_size"":32,""index_init"":""local"",""estimator"":""new"",""direction_mode"":""auto"",""multi_tensor"":""orthogonal"",""select_step"":""best"",""center_displacement"":0.0,""training_set"":""all"",""redraw_directions"":true,""smart_weights"":false,""gpu"":false,""gpu_solver"":false,""solver"":""cg"",""solver_tol"":1e-06,""solver_max_steps"":3,""theta"":null,""trust_radius"":null,""lsmr_maxiter"":null,""cg_maxiter"":null,""training_size"":240,""center_displacement_scale"":0.0,""N_manifold"":6,""sync_steps"":3,""lambda_manifold"":0.5}",success,,local_projector_distance,lower,True,False,False,converged_bad_quality,0.5134336479340212,,,0.5134336479340212,0.9979087217705733,86.29388191000153,,0.5134336479340212,[],0.32515021300059743,0.6468105316162109,5,h_min,4,122.27780500038658,0.7137862804567466,"[{""phase"":""sync"",""iteration"":0,""h"":1.6949287368540935,""h_manifold"":2.2964829637292796,""alpha"":1.0,""alpha_manifold"":1.0,""function_edges"":865,""manifold_edges"":230,""function_mass_q10"":7.891682163545296,""function_mass_min"":2.6677890471491295,""function_mass_mean"":20.000000000000004,""function_mass_median"":17.933978592667746,""function_mass_q90"":32.55763612370227,""n_eff_q10"":11.263391536939,""n_eff_min"":3.957090577021544,""n_eff_median"":27.063203551782323,""n_eff_q90"":45.58724546953231,""manifold_mass_q10"":2.726294132473343,""manifold_mass_median"":5.699909910362927,""manifold_mass_q90"":10.017294286875105,""projector_change_median"":0.15221087967029756,""projector_change_max"":0.6509438733405327,""objective"":111.2974556985817,""manifold_penalty"":1.443733065349829,""cg_iterations"":95,""cg_relative_residual_max"":9.214039639631709e-07,""linear_iterations"":95,""linear_relative_residual_max"":9.214039639631709e-07,""dense_solves"":0,""pcg_solves"":0,""fallback_solves"":0},{""phase"":""sync"",""iteration"":1,""h"":1.6949287368540935,""h_manifold"":2.2964829637292796,""alpha"":1.0,""alpha_manifold"":1.0,""function_edges"":865,""manifold_edges"":230,""function_mass_q10"":7.891682163545296,""function_mass_min"":2.6677890471491295,""function_mass_mean"":20.000000000000004,""function_mass_median"":17.933978592667746,""function_mass_q90"":32.55763612370227,""n_eff_q10"":11.263391536939,""n_eff_min"":3.957090577021544,""n_eff_median"":27.063203551782323,""n_eff_q90"":45.58724546953231,""manifold_mass_q10"":2.726294132473343,""manifold_mass_median"":5.699909910362927,""manifold_mass_q90"":10.017294286875105,""projector_change_median"":0.05423406503327796,""projector_change_max"":0.24456205305239262,""objective"":109.20033658254283,""manifold_penalty"":1.4300877536117902,""cg_iterations"":96,""cg_relative_residual_max"":4.832001297340533e-16,""linear_iterations"":96,""linear_relative_residual_max"":4.832001297340533e-16,""dense_solves"":0,""pcg_solves"":0,""fallback_solves"":0},{""phase"":""sync"",""iteration"":2,""h"":1.6949287368540935,""h_manifold"":2.2964829637292796,""alpha"":1.0,""alpha_manifold"":1.0,""function_edges"":865,""manifold_edges"":230,""function_mass_q10"":7.891682163545296,""function_mass_min"":2.6677890471491295,""function_mass_mean"":20.000000000000004,""function_mass_median"":17.933978592667746,""function_mass_q90"":32.55763612370227,""n_eff_q10"":11.263391536939,""n_eff_min"":3.957090577021544,""n_eff_median"":27.063203551782323,""n_eff_q90"":45.58724546953231,""manifold_mass_q10"":2.726294132473343,""manifold_mass_median"":5.699909910362927,""manifold_mass_q90"":10.017294286875105,""projector_change_median"":0.024233756050024088,""projector_change_max"":0.3029919041866335,""objective"":108.42696189636149,""manifold_penalty"":1.5449666412352339,""cg_iterations"":96,""cg_relative_residual_max"":5.522024274557032e-16,""linear_iterations"":96,""linear_relative_residual_max"":5.522024274557032e-16,""dense_solves"":0,""pcg_solves"":0,""fallback_solves"":0},{""phase"":""scale"",""iteration"":1,""h"":1.1984956034574787,""h_manifold"":2.2964829637292796,""alpha"":0.6115561425685883,""alpha_manifold"":1.0,""function_edges"":839,""manifold_edges"":230,""function_mass_q10"":7.779758094917497,""function_mass_min"":2.947035025511603,""function_mass_mean"":20.00000046676315,""function_mass_median"":17.79536032632174,""function_mass_q90"":34.58433458745243,""n_eff_q10"":11.301284072719357,""n_eff_min"":4.301587632797461,""n_eff_median"":25.031984782896195,""n_eff_q90"":49.89633907638079,""manifold_mass_q10"":2.726294132473343,""manifold_mass_median"":5.699909910362927,""manifold_mass_q90"":10.017294286875105,""projector_change_median"":0.25319999140582206,""projector_change_max"":0.8670217132499362,""objective"":110.9586069874039,""manifold_penalty"":1.8195353411054613,""cg_iterations"":96,""cg_relative_residual_max"":4.0798232828283825e-16,""linear_iterations"":96,""linear_relative_residual_max"":4.0798232828283825e-16,""dense_solves"":0,""pcg_solves"":0,""fallback_solves"":0},{""phase"":""scale"",""iteration"":2,""h"":0.8474643684270466,""h_manifold"":2.2964829637292796,""alpha"":0.3690084218978882,""alpha_manifold"":1.0,""function_edges"":835,""manifold_edges"":230,""function_mass_q10"":7.52995789378615,""function_mass_min"":2.7524793229175852,""function_mass_mean"":20.00000041299397,""function_mass_median"":18.91928687420677,""function_mass_q90"":34.24510938644773,""n_eff_q10"":10.775734723548307,""n_eff_min"":4.099321632433604,""n_eff_median"":26.474789135725302,""n_eff_q90"":48.009676958639105,""manifold_mass_q10"":2.726294132473343,""manifold_mass_median"":5.699909910362927,""manifold_mass_q90"":10.017294286875105,""projector_change_median"":0.1391429264360738,""projector_change_max"":0.6764126563422108,""objective"":86.7044096844426,""manifold_penalty"":1.8993166242307624,""cg_iterations"":96,""cg_relative_residual_max"":2.215921184110027e-15,""linear_iterations"":96,""linear_relative_residual_max"":2.215921184110027e-15,""dense_solves"":0,""pcg_solves"":0,""fallback_solves"":0,""stop_reason"":""h_min""}]","{""converged"":true,""cg_iterations"":479,""cg_relative_residual_max"":9.214039639631709e-07,""linear_iterations"":479,""linear_relative_residual_max"":9.214039639631709e-07,""dense_solves"":0,""pcg_solves"":0,""fallback_solves"":0}"
diagnostic-manifold-base,"manifold: base, local parameter variants",9,"N_loc=20, N_phi=10, N_J=24, N_manifold=6, lambda_manifold=0.5, sync_steps=3",3,3,"{""beta"":4255376772,""features"":1229764143,""noise"":813326700,""centers"":2701065647,""directions"":3025337717,""init"":2424736837,""outliers"":408440574,""outlier_noise"":739910795,""gamma"":1682775850,""misspecification"":3107270422}",2424736837,ADP,0,240,True,4,60,1.0,0.0,0.05,manifold_radial,gaussian,gaussian,False,0.0,1.0,0.0,manifold,1,240,,1.0,False,,20,60,24,10,6,3,0.5,,,,10,,,,,,,,,"{""config"":{""seed"":42,""N_loc"":20,""N_lin"":60,""N_J"":24,""N_phi"":10,""lambda_penalty"":0.05,""local_ridge"":1e-08,""kernel"":""ADP.core.ADP_Config:epanechnikov"",""a"":1.4142135623730951,""h_min"":0.6454972243679028,""batch_size"":32,""index_init"":""local"",""estimator"":""new"",""direction_mode"":""auto"",""multi_tensor"":""orthogonal"",""select_step"":""best"",""center_displacement"":0.0,""training_set"":""all"",""redraw_directions"":true,""smart_weights"":false,""gpu"":false,""gpu_solver"":false},""solver_tol"":1e-06,""solver_max_steps"":3,""solver"":""cg"",""theta"":0.1,""trust_radius"":null,""lsmr_maxiter"":null,""cg_maxiter"":null,""manifold"":{""N_manifold"":6,""sync_steps"":3,""lambda_manifold"":0.5}}","{""seed"":2424736837,""N_loc"":20,""N_lin"":60,""N_J"":24,""N_phi"":10,""lambda_penalty"":0.05,""local_ridge"":1e-08,""kernel"":""ADP.core.ADP_Config:epanechnikov"",""a"":1.4142135623730951,""h_min"":0.6454972243679028,""batch_size"":32,""index_init"":""local"",""estimator"":""new"",""direction_mode"":""auto"",""multi_tensor"":""orthogonal"",""select_step"":""best"",""center_displacement"":0.0,""training_set"":""all"",""redraw_directions"":true,""smart_weights"":false,""gpu"":false,""gpu_solver"":false,""solver"":""cg"",""solver_tol"":1e-06,""solver_max_steps"":3,""theta"":null,""trust_radius"":null,""lsmr_maxiter"":null,""cg_maxiter"":null,""training_size"":240,""center_displacement_scale"":0.0,""N_manifold"":6,""sync_steps"":3,""lambda_manifold"":0.5}",success,,local_projector_distance,lower,True,False,False,converged_bad_quality,0.5635537764158178,,,0.5635537764158178,0.9988799612071076,87.28796864340778,,0.5635537764158178,[],0.3302909580015694,0.6463680267333984,5,h_min,4,93.27719544341758,0.6234219927258261,"[{""phase"":""sync"",""iteration"":0,""h"":1.5615755036669832,""h_manifold"":1.9944635143778515,""alpha"":1.0,""alpha_manifold"":1.0,""function_edges"":855,""manifold_edges"":218,""function_mass_q10"":6.473282369427427,""function_mass_min"":4.6225759309657,""function_mass_mean"":19.999999999999996,""function_mass_median"":16.8802795091385,""function_mass_q90"":31.955726319463693,""n_eff_q10"":9.761322241876911,""n_eff_min"":5.500069281013567,""n_eff_median"":24.449232429814806,""n_eff_q90"":44.77381867298445,""manifold_mass_q10"":2.4636965800324506,""manifold_mass_median"":6.3404674752220505,""manifold_mass_q90"":9.608100287713269,""projector_change_median"":0.2387540425616963,""projector_change_max"":0.7514385197764548,""objective"":174.98704185046296,""manifold_penalty"":3.037555211898767,""cg_iterations"":96,""cg_relative_residual_max"":1.4353276592735615e-15,""linear_iterations"":96,""linear_relative_residual_max"":1.4353276592735615e-15,""dense_solves"":0,""pcg_solves"":0,""fallback_solves"":0},{""phase"":""sync"",""iteration"":1,""h"":1.5615755036669832,""h_manifold"":1.9944635143778515,""alpha"":1.0,""alpha_manifold"":1.0,""function_edges"":855,""manifold_edges"":218,""function_mass_q10"":6.473282369427427,""function_mass_min"":4.6225759309657,""function_mass_mean"":19.999999999999996,""function_mass_median"":16.8802795091385,""function_mass_q90"":31.955726319463693,""n_eff_q10"":9.761322241876911,""n_eff_min"":5.500069281013567,""n_eff_median"":24.449232429814806,""n_eff_q90"":44.77381867298445,""manifold_mass_q10"":2.4636965800324506,""manifold_mass_median"":6.3404674752220505,""manifold_mass_q90"":9.608100287713269,""projector_change_median"":0.10456907054475345,""projector_change_max"":0.47186622121899546,""objective"":167.32845793771202,""manifold_penalty"":2.81852415563187,""cg_iterations"":96,""cg_relative_residual_max"":4.628302815178276e-16,""linear_iterations"":96,""linear_relative_residual_max"":4.628302815178276e-16,""dense_solves"":0,""pcg_solves"":0,""fallback_solves"":0},{""phase"":""sync"",""iteration"":2,""h"":1.5615755036669832,""h_manifold"":1.9944635143778515,""alpha"":1.0,""alpha_manifold"":1.0,""function_edges"":855,""manifold_edges"":218,""function_mass_q10"":6.473282369427427,""function_mass_min"":4.6225759309657,""function_mass_mean"":19.999999999999996,""function_mass_median"":16.8802795091385,""function_mass_q90"":31.955726319463693,""n_eff_q10"":9.761322241876911,""n_eff_min"":5.500069281013567,""n_eff_median"":24.449232429814806,""n_eff_q90"":44.77381867298445,""manifold_mass_q10"":2.4636965800324506,""manifold_mass_median"":6.3404674752220505,""manifold_mass_q90"":9.608100287713269,""projector_change_median"":0.04582730182139517,""projector_change_max"":0.32793031062738304,""objective"":165.2435016340462,""manifold_penalty"":2.7482178096151726,""cg_iterations"":96,""cg_relative_residual_max"":3.894684876235787e-16,""linear_iterations"":96,""linear_relative_residual_max"":3.894684876235787e-16,""dense_solves"":0,""pcg_solves"":0,""fallback_solves"":0},{""phase"":""scale"",""iteration"":1,""h"":1.1042006279777221,""h_manifold"":1.9944635143778515,""alpha"":0.6144790798425674,""alpha_manifold"":1.0,""function_edges"":845,""manifold_edges"":218,""function_mass_q10"":6.604052615520143,""function_mass_min"":5.065685849984683,""function_mass_mean"":20.000000157535347,""function_mass_median"":17.582407696342695,""function_mass_q90"":31.651218227583676,""n_eff_q10"":9.444844708632035,""n_eff_min"":6.715912316943914,""n_eff_median"":25.924904782224083,""n_eff_q90"":44.55614540947229,""manifold_mass_q10"":2.4636965800324506,""manifold_mass_median"":6.3404674752220505,""manifold_mass_q90"":9.608100287713269,""projector_change_median"":0.30039745301499116,""projector_change_max"":0.5670147077893781,""objective"":127.83276217606816,""manifold_penalty"":2.889164997908437,""cg_iterations"":96,""cg_relative_residual_max"":5.961130272312156e-16,""linear_iterations"":96,""linear_relative_residual_max"":5.961130272312156e-16,""dense_solves"":0,""pcg_solves"":0,""fallback_solves"":0},{""phase"":""scale"",""iteration"":2,""h"":0.7807877518334915,""h_manifold"":1.9944635143778515,""alpha"":0.3718279302120209,""alpha_manifold"":1.0,""function_edges"":829,""manifold_edges"":218,""function_mass_q10"":6.978347896929055,""function_mass_min"":4.729045810716716,""function_mass_mean"":20.000001239864023,""function_mass_median"":17.69665535214902,""function_mass_q90"":32.9560809750725,""n_eff_q10"":9.27570889250775,""n_eff_min"":6.0684161097156935,""n_eff_median"":24.78547717907263,""n_eff_q90"":46.62535773654423,""manifold_mass_q10"":2.4636965800324506,""manifold_mass_median"":6.3404674752220505,""manifold_mass_q90"":9.608100287713269,""projector_change_median"":0.16030770041857398,""projector_change_max"":1.1727087573305992,""objective"":106.45071131546547,""manifold_penalty"":2.8364451893022045,""cg_iterations"":96,""cg_relative_residual_max"":3.204030990053813e-14,""linear_iterations"":96,""linear_relative_residual_max"":3.204030990053813e-14,""dense_solves"":0,""pcg_solves"":0,""fallback_solves"":0,""stop_reason"":""h_min""}]","{""converged"":true,""cg_iterations"":480,""cg_relative_residual_max"":3.204030990053813e-14,""linear_iterations"":480,""linear_relative_residual_max"":3.204030990053813e-14,""dense_solves"":0,""pcg_solves"":0,""fallback_solves"":0}"
diagnostic-manifold-base,"manifold: base, local parameter variants",9,"N_loc=20, N_phi=10, N_J=24, N_manifold=6, lambda_manifold=0.5, sync_steps=3",4,4,"{""beta"":2626536110,""features"":227981437,""noise"":1989028013,""centers"":4205761707,""directions"":1746734398,""init"":3699691919,""outliers"":1937795235,""outlier_noise"":1205558110,""gamma"":3432378550,""misspecification"":592425380}",3699691919,ADP,0,240,True,4,60,1.0,0.0,0.05,manifold_radial,gaussian,gaussian,False,0.0,1.0,0.0,manifold,1,240,,1.0,False,,20,60,24,10,6,3,0.5,,,,10,,,,,,,,,"{""config"":{""seed"":42,""N_loc"":20,""N_lin"":60,""N_J"":24,""N_phi"":10,""lambda_penalty"":0.05,""local_ridge"":1e-08,""kernel"":""ADP.core.ADP_Config:epanechnikov"",""a"":1.4142135623730951,""h_min"":0.6454972243679028,""batch_size"":32,""index_init"":""local"",""estimator"":""new"",""direction_mode"":""auto"",""multi_tensor"":""orthogonal"",""select_step"":""best"",""center_displacement"":0.0,""training_set"":""all"",""redraw_directions"":true,""smart_weights"":false,""gpu"":false,""gpu_solver"":false},""solver_tol"":1e-06,""solver_max_steps"":3,""solver"":""cg"",""theta"":0.1,""trust_radius"":null,""lsmr_maxiter"":null,""cg_maxiter"":null,""manifold"":{""N_manifold"":6,""sync_steps"":3,""lambda_manifold"":0.5}}",,numerical_failure,"RuntimeError: rank-deficient local slope for target 7: rank=0, required=1; increase N_phi or N_loc",local_projector_distance,lower,False,,False,numerical_failure,,,,,,,,,,,,,,,,,,
diagnostic-manifold-base,"manifold: base, local parameter variants",9,"N_loc=20, N_phi=10, N_J=24, N_manifold=6, lambda_manifold=0.5, sync_steps=3",5,5,"{""beta"":2591981369,""features"":3757986669,""noise"":654094259,""centers"":1360362612,""directions"":622664474,""init"":3202134607,""outliers"":2238804734,""outlier_noise"":1028591118,""gamma"":691848187,""misspecification"":854566012}",3202134607,ADP,0,240,True,4,60,1.0,0.0,0.05,manifold_radial,gaussian,gaussian,False,0.0,1.0,0.0,manifold,1,240,,1.0,False,,20,60,24,10,6,3,0.5,,,,10,,,,,,,,,"{""config"":{""seed"":42,""N_loc"":20,""N_lin"":60,""N_J"":24,""N_phi"":10,""lambda_penalty"":0.05,""local_ridge"":1e-08,""kernel"":""ADP.core.ADP_Config:epanechnikov"",""a"":1.4142135623730951,""h_min"":0.6454972243679028,""batch_size"":32,""index_init"":""local"",""estimator"":""new"",""direction_mode"":""auto"",""multi_tensor"":""orthogonal"",""select_step"":""best"",""center_displacement"":0.0,""training_set"":""all"",""redraw_directions"":true,""smart_weights"":false,""gpu"":false,""gpu_solver"":false},""solver_tol"":1e-06,""solver_max_steps"":3,""solver"":""cg"",""theta"":0.1,""trust_radius"":null,""lsmr_maxiter"":null,""cg_maxiter"":null,""manifold"":{""N_manifold"":6,""sync_steps"":3,""lambda_manifold"":0.5}}",,numerical_failure,"RuntimeError: rank-deficient local slope for target 3: rank=0, required=1; increase N_phi or N_loc",local_projector_distance,lower,False,,False,numerical_failure,,,,,,,,,,,,,,,,,,
diagnostic-manifold-base,"manifold: base, local parameter variants",9,"N_loc=20, N_phi=10, N_J=24, N_manifold=6, lambda_manifold=0.5, sync_steps=3",6,6,"{""beta"":2649590584,""features"":3993099560,""noise"":1760850090,""centers"":1235842596,""directions"":516648510,""init"":1329562486,""outliers"":4220703868,""outlier_noise"":3112353199,""gamma"":697337733,""misspecification"":2423010501}",1329562486,ADP,0,240,True,4,60,1.0,0.0,0.05,manifold_radial,gaussian,gaussian,False,0.0,1.0,0.0,manifold,1,240,,1.0,False,,20,60,24,10,6,3,0.5,,,,10,,,,,,,,,"{""config"":{""seed"":42,""N_loc"":20,""N_lin"":60,""N_J"":24,""N_phi"":10,""lambda_penalty"":0.05,""local_ridge"":1e-08,""kernel"":""ADP.core.ADP_Config:epanechnikov"",""a"":1.4142135623730951,""h_min"":0.6454972243679028,""batch_size"":32,""index_init"":""local"",""estimator"":""new"",""direction_mode"":""auto"",""multi_tensor"":""orthogonal"",""select_step"":""best"",""center_displacement"":0.0,""training_set"":""all"",""redraw_directions"":true,""smart_weights"":false,""gpu"":false,""gpu_solver"":false},""solver_tol"":1e-06,""solver_max_steps"":3,""solver"":""cg"",""theta"":0.1,""trust_radius"":null,""lsmr_maxiter"":null,""cg_maxiter"":null,""manifold"":{""N_manifold"":6,""sync_steps"":3,""lambda_manifold"":0.5}}",,numerical_failure,"RuntimeError: rank-deficient local slope for target 14: rank=0, required=1; increase N_phi or N_loc",local_projector_distance,lower,False,,False,numerical_failure,,,,,,,,,,,,,,,,,,
diagnostic-manifold-base,"manifold: base, local parameter variants",9,"N_loc=20, N_phi=10, N_J=24, N_manifold=6, lambda_manifold=0.5, sync_steps=3",7,7,"{""beta"":1192128109,""features"":4203467630,""noise"":955820423,""centers"":264639041,""directions"":1237972010,""init"":2645466379,""outliers"":2165193105,""outlier_noise"":627906730,""gamma"":548357580,""misspecification"":1960086769}",2645466379,ADP,0,240,True,4,60,1.0,0.0,0.05,manifold_radial,gaussian,gaussian,False,0.0,1.0,0.0,manifold,1,240,,1.0,False,,20,60,24,10,6,3,0.5,,,,10,,,,,,,,,"{""config"":{""seed"":42,""N_loc"":20,""N_lin"":60,""N_J"":24,""N_phi"":10,""lambda_penalty"":0.05,""local_ridge"":1e-08,""kernel"":""ADP.core.ADP_Config:epanechnikov"",""a"":1.4142135623730951,""h_min"":0.6454972243679028,""batch_size"":32,""index_init"":""local"",""estimator"":""new"",""direction_mode"":""auto"",""multi_tensor"":""orthogonal"",""select_step"":""best"",""center_displacement"":0.0,""training_set"":""all"",""redraw_directions"":true,""smart_weights"":false,""gpu"":false,""gpu_solver"":false},""solver_tol"":1e-06,""solver_max_steps"":3,""solver"":""cg"",""theta"":0.1,""trust_radius"":null,""lsmr_maxiter"":null,""cg_maxiter"":null,""manifold"":{""N_manifold"":6,""sync_steps"":3,""lambda_manifold"":0.5}}","{""seed"":2645466379,""N_loc"":20,""N_lin"":60,""N_J"":24,""N_phi"":10,""lambda_penalty"":0.05,""local_ridge"":1e-08,""kernel"":""ADP.core.ADP_Config:epanechnikov"",""a"":1.4142135623730951,""h_min"":0.6454972243679028,""batch_size"":32,""index_init"":""local"",""estimator"":""new"",""direction_mode"":""auto"",""multi_tensor"":""orthogonal"",""select_step"":""best"",""center_displacement"":0.0,""training_set"":""all"",""redraw_directions"":true,""smart_weights"":false,""gpu"":false,""gpu_solver"":false,""solver"":""cg"",""solver_tol"":1e-06,""solver_max_steps"":3,""theta"":null,""trust_radius"":null,""lsmr_maxiter"":null,""cg_maxiter"":null,""training_size"":240,""center_displacement_scale"":0.0,""N_manifold"":6,""sync_steps"":3,""lambda_manifold"":0.5}",success,,local_projector_distance,lower,True,False,False,converged_bad_quality,0.5058820033489851,,,0.5058820033489851,0.975354804787063,77.25324147810343,,0.5058820033489851,[],0.33236992599995574,0.6468048095703125,5,h_min,4,68.66217713171919,0.5348760648182872,"[{""phase"":""sync"",""iteration"":0,""h"":1.6605951643384131,""h_manifold"":2.318630167001127,""alpha"":1.0,""alpha_manifold"":1.0,""function_edges"":871,""manifold_edges"":222,""function_mass_q10"":5.4842875683172645,""function_mass_min"":2.87726657357594,""function_mass_mean"":20.000000000000007,""function_mass_median"":16.908491909636595,""function_mass_q90"":40.547583270218524,""n_eff_q10"":7.790441833253612,""n_eff_min"":3.8037747892889238,""n_eff_median"":24.313168967284398,""n_eff_q90"":55.55540976725702,""manifold_mass_q10"":1.830223105002875,""manifold_mass_median"":4.7967295617560115,""manifold_mass_q90"":9.882372587920091,""projector_change_median"":0.17123417911436412,""projector_change_max"":0.36849450563941766,""objective"":91.09178946537142,""manifold_penalty"":1.0856698455128448,""cg_iterations"":96,""cg_relative_residual_max"":3.9226187447631695e-16,""linear_iterations"":96,""linear_relative_residual_max"":3.9226187447631695e-16,""dense_solves"":0,""pcg_solves"":0,""fallback_solves"":0},{""phase"":""sync"",""iteration"":1,""h"":1.6605951643384131,""h_manifold"":2.318630167001127,""alpha"":1.0,""alpha_manifold"":1.0,""function_edges"":871,""manifold_edges"":222,""function_mass_q10"":5.4842875683172645,""function_mass_min"":2.87726657357594,""function_mass_mean"":20.000000000000007,""function_mass_median"":16.908491909636595,""function_mass_q90"":40.547583270218524,""n_eff_q10"":7.790441833253612,""n_eff_min"":3.8037747892889238,""n_eff_median"":24.313168967284398,""n_eff_q90"":55.55540976725702,""manifold_mass_q10"":1.830223105002875,""manifold_mass_median"":4.7967295617560115,""manifold_mass_q90"":9.882372587920091,""projector_change_median"":0.042858521360623375,""projector_change_max"":0.2073681621165283,""objective"":89.57780585545669,""manifold_penalty"":0.9039285607010512,""cg_iterations"":96,""cg_relative_residual_max"":4.865450464227181e-16,""linear_iterations"":96,""linear_relative_residual_max"":4.865450464227181e-16,""dense_solves"":0,""pcg_solves"":0,""fallback_solves"":0},{""phase"":""sync"",""iteration"":2,""h"":1.6605951643384131,""h_manifold"":2.318630167001127,""alpha"":1.0,""alpha_manifold"":1.0,""function_edges"":871,""manifold_edges"":222,""function_mass_q10"":5.4842875683172645,""function_mass_min"":2.87726657357594,""function_mass_mean"":20.000000000000007,""function_mass_median"":16.908491909636595,""function_mass_q90"":40.547583270218524,""n_eff_q10"":7.790441833253612,""n_eff_min"":3.8037747892889238,""n_eff_median"":24.313168967284398,""n_eff_q90"":55.55540976725702,""manifold_mass_q10"":1.830223105002875,""manifold_mass_median"":4.7967295617560115,""manifold_mass_q90"":9.882372587920091,""projector_change_median"":0.012480910031524023,""projector_change_max"":0.15576500732878468,""objective"":89.3874366742225,""manifold_penalty"":0.8604870143996288,""cg_iterations"":96,""cg_relative_residual_max"":4.95202234192278e-16,""linear_iterations"":96,""linear_relative_residual_max"":4.95202234192278e-16,""dense_solves"":0,""pcg_solves"":0,""fallback_solves"":0},{""phase"":""scale"",""iteration"":1,""h"":1.1742181015092812,""h_manifold"":2.318630167001127,""alpha"":0.6086168885231018,""alpha_manifold"":1.0,""function_edges"":850,""manifold_edges"":222,""function_mass_q10"":4.877277573982056,""function_mass_min"":1.445494493638889,""function_mass_mean"":20.00000053651854,""function_mass_median"":15.187932281857417,""function_mass_q90"":40.90240493036642,""n_eff_q10"":7.26314038514932,""n_eff_min"":1.7434415954041547,""n_eff_median"":21.752159164958524,""n_eff_q90"":55.82628167421049,""manifold_mass_q10"":1.830223105002875,""manifold_mass_median"":4.7967295617560115,""manifold_mass_q90"":9.882372587920091,""projector_change_median"":0.1713891313657393,""projector_change_max"":0.5564493854224837,""objective"":81.35801741191756,""manifold_penalty"":1.0707104370807867,""cg_iterations"":96,""cg_relative_residual_max"":9.049236192616793e-16,""linear_iterations"":96,""linear_relative_residual_max"":9.049236192616793e-16,""dense_solves"":0,""pcg_solves"":0,""fallback_solves"":0},{""phase"":""scale"",""iteration"":2,""h"":0.8302975821692065,""h_manifold"":2.318630167001127,""alpha"":0.3693028837442398,""alpha_manifold"":1.0,""function_edges"":814,""manifold_edges"":222,""function_mass_q10"":5.114511508498146,""function_mass_min"":1.0325953698992218,""function_mass_mean"":20.000001471202236,""function_mass_median"":14.567191062321555,""function_mass_q90"":40.6364972668432,""n_eff_q10"":7.118166783461473,""n_eff_min"":1.0651215508766991,""n_eff_median"":20.750747582370508,""n_eff_q90"":53.66757687788219,""manifold_mass_q10"":1.830223105002875,""manifold_mass_median"":4.7967295617560115,""manifold_mass_q90"":9.882372587920091,""projector_change_median"":0.11157772792931064,""projector_change_max"":1.343886628710133,""objective"":93.9657991962591,""manifold_penalty"":1.2114396703650694,""cg_iterations"":96,""cg_relative_residual_max"":2.970543617545167e-14,""linear_iterations"":96,""linear_relative_residual_max"":2.970543617545167e-14,""dense_solves"":0,""pcg_solves"":0,""fallback_solves"":0,""stop_reason"":""h_min""}]","{""converged"":true,""cg_iterations"":480,""cg_relative_residual_max"":2.970543617545167e-14,""linear_iterations"":480,""linear_relative_residual_max"":2.970543617545167e-14,""dense_solves"":0,""pcg_solves"":0,""fallback_solves"":0}"
diagnostic-manifold-base,"manifold: base, local parameter variants",9,"N_loc=20, N_phi=10, N_J=24, N_manifold=6, lambda_manifold=0.5, sync_steps=3",8,8,"{""beta"":1609080203,""features"":2594376887,""noise"":1918940653,""centers"":2936154285,""directions"":3848134078,""init"":3430508477,""outliers"":639789839,""outlier_noise"":2784368537,""gamma"":1561447794,""misspecification"":244015551}",3430508477,ADP,0,240,True,4,60,1.0,0.0,0.05,manifold_radial,gaussian,gaussian,False,0.0,1.0,0.0,manifold,1,240,,1.0,False,,20,60,24,10,6,3,0.5,,,,10,,,,,,,,,"{""config"":{""seed"":42,""N_loc"":20,""N_lin"":60,""N_J"":24,""N_phi"":10,""lambda_penalty"":0.05,""local_ridge"":1e-08,""kernel"":""ADP.core.ADP_Config:epanechnikov"",""a"":1.4142135623730951,""h_min"":0.6454972243679028,""batch_size"":32,""index_init"":""local"",""estimator"":""new"",""direction_mode"":""auto"",""multi_tensor"":""orthogonal"",""select_step"":""best"",""center_displacement"":0.0,""training_set"":""all"",""redraw_directions"":true,""smart_weights"":false,""gpu"":false,""gpu_solver"":false},""solver_tol"":1e-06,""solver_max_steps"":3,""solver"":""cg"",""theta"":0.1,""trust_radius"":null,""lsmr_maxiter"":null,""cg_maxiter"":null,""manifold"":{""N_manifold"":6,""sync_steps"":3,""lambda_manifold"":0.5}}",,numerical_failure,"RuntimeError: rank-deficient local slope for target 9: rank=0, required=1; increase N_phi or N_loc",local_projector_distance,lower,False,,False,numerical_failure,,,,,,,,,,,,,,,,,,
diagnostic-manifold-base,"manifold: base, local parameter variants",9,"N_loc=20, N_phi=10, N_J=24, N_manifold=6, lambda_manifold=0.5, sync_steps=3",9,9,"{""beta"":2952143991,""features"":2627908462,""noise"":3029906209,""centers"":3185039825,""directions"":4246493789,""init"":3554362247,""outliers"":280476494,""outlier_noise"":3164107022,""gamma"":1298903658,""misspecification"":3020752865}",3554362247,ADP,0,240,True,4,60,1.0,0.0,0.05,manifold_radial,gaussian,gaussian,False,0.0,1.0,0.0,manifold,1,240,,1.0,False,,20,60,24,10,6,3,0.5,,,,10,,,,,,,,,"{""config"":{""seed"":42,""N_loc"":20,""N_lin"":60,""N_J"":24,""N_phi"":10,""lambda_penalty"":0.05,""local_ridge"":1e-08,""kernel"":""ADP.core.ADP_Config:epanechnikov"",""a"":1.4142135623730951,""h_min"":0.6454972243679028,""batch_size"":32,""index_init"":""local"",""estimator"":""new"",""direction_mode"":""auto"",""multi_tensor"":""orthogonal"",""select_step"":""best"",""center_displacement"":0.0,""training_set"":""all"",""redraw_directions"":true,""smart_weights"":false,""gpu"":false,""gpu_solver"":false},""solver_tol"":1e-06,""solver_max_steps"":3,""solver"":""cg"",""theta"":0.1,""trust_radius"":null,""lsmr_maxiter"":null,""cg_maxiter"":null,""manifold"":{""N_manifold"":6,""sync_steps"":3,""lambda_manifold"":0.5}}",,numerical_failure,"RuntimeError: rank-deficient local slope for target 1: rank=0, required=1; increase N_phi or N_loc",local_projector_distance,lower,False,,False,numerical_failure,,,,,,,,,,,,,,,,,,
diagnostic-manifold-base,"manifold: base, local parameter variants",9,"N_loc=20, N_phi=10, N_J=24, N_manifold=6, lambda_manifold=0.5, sync_steps=3",10,10,"{""beta"":2986142371,""features"":946643688,""noise"":1178448990,""centers"":4266290743,""directions"":2060725515,""init"":2568546636,""outliers"":892251341,""outlier_noise"":2365362817,""gamma"":3229695262,""misspecification"":1326227304}",2568546636,ADP,0,240,True,4,60,1.0,0.0,0.05,manifold_radial,gaussian,gaussian,False,0.0,1.0,0.0,manifold,1,240,,1.0,False,,20,60,24,10,6,3,0.5,,,,10,,,,,,,,,"{""config"":{""seed"":42,""N_loc"":20,""N_lin"":60,""N_J"":24,""N_phi"":10,""lambda_penalty"":0.05,""local_ridge"":1e-08,""kernel"":""ADP.core.ADP_Config:epanechnikov"",""a"":1.4142135623730951,""h_min"":0.6454972243679028,""batch_size"":32,""index_init"":""local"",""estimator"":""new"",""direction_mode"":""auto"",""multi_tensor"":""orthogonal"",""select_step"":""best"",""center_displacement"":0.0,""training_set"":""all"",""redraw_directions"":true,""smart_weights"":false,""gpu"":false,""gpu_solver"":false},""solver_tol"":1e-06,""solver_max_steps"":3,""solver"":""cg"",""theta"":0.1,""trust_radius"":null,""lsmr_maxiter"":null,""cg_maxiter"":null,""manifold"":{""N_manifold"":6,""sync_steps"":3,""lambda_manifold"":0.5}}","{""seed"":2568546636,""N_loc"":20,""N_lin"":60,""N_J"":24,""N_phi"":10,""lambda_penalty"":0.05,""local_ridge"":1e-08,""kernel"":""ADP.core.ADP_Config:epanechnikov"",""a"":1.4142135623730951,""h_min"":0.6454972243679028,""batch_size"":32,""index_init"":""local"",""estimator"":""new"",""direction_mode"":""auto"",""multi_tensor"":""orthogonal"",""select_step"":""best"",""center_displacement"":0.0,""training_set"":""all"",""redraw_directions"":true,""smart_weights"":false,""gpu"":false,""gpu_solver"":false,""solver"":""cg"",""solver_tol"":1e-06,""solver_max_steps"":3,""theta"":null,""trust_radius"":null,""lsmr_maxiter"":null,""cg_maxiter"":null,""training_size"":240,""center_displacement_scale"":0.0,""N_manifold"":6,""sync_steps"":3,""lambda_manifold"":0.5}",success,,local_projector_distance,lower,True,False,False,converged_bad_quality,0.4914270305387797,,,0.4914270305387797,0.9924868701958769,82.97218434845018,,0.4914270305387797,[],0.32709663600326166,0.6472263336181641,5,h_min,4,111.01465931002375,0.6801184312003552,"[{""phase"":""sync"",""iteration"":0,""h"":1.6866708117994105,""h_manifold"":2.297981403041594,""alpha"":1.0,""alpha_manifold"":1.0,""function_edges"":871,""manifold_edges"":222,""function_mass_q10"":4.355265438201597,""function_mass_min"":2.3899055485943954,""function_mass_mean"":20.0,""function_mass_median"":14.969596917254021,""function_mass_q90"":37.64094350675557,""n_eff_q10"":6.239732807518214,""n_eff_min"":3.5281007135554763,""n_eff_median"":21.439885448502068,""n_eff_q90"":52.610222834959174,""manifold_mass_q10"":2.0423621649367583,""manifold_mass_median"":5.863692938102602,""manifold_mass_q90"":9.612680259865932,""projector_change_median"":0.252672524048109,""projector_change_max"":0.4890838270735262,""objective"":94.54738406135465,""manifold_penalty"":2.7628315095105638,""cg_iterations"":96,""cg_relative_residual_max"":4.0682903242117556e-16,""linear_iterations"":96,""linear_relative_residual_max"":4.0682903242117556e-16,""dense_solves"":0,""pcg_solves"":0,""fallback_solves"":0},{""phase"":""sync"",""iteration"":1,""h"":1.6866708117994105,""h_manifold"":2.297981403041594,""alpha"":1.0,""alpha_manifold"":1.0,""function_edges"":871,""manifold_edges"":222,""function_mass_q10"":4.355265438201597,""function_mass_min"":2.3899055485943954,""function_mass_mean"":20.0,""function_mass_median"":14.969596917254021,""function_mass_q90"":37.64094350675557,""n_eff_q10"":6.239732807518214,""n_eff_min"":3.5281007135554763,""n_eff_median"":21.439885448502068,""n_eff_q90"":52.610222834959174,""manifold_mass_q10"":2.0423621649367583,""manifold_mass_median"":5.863692938102602,""manifold_mass_q90"":9.612680259865932,""projector_change_median"":0.07863623569620713,""projector_change_max"":0.36366381272280895,""objective"":89.47447951505472,""manifold_penalty"":2.715419398007763,""cg_iterations"":96,""cg_relative_residual_max"":3.7924453970769385e-16,""linear_iterations"":96,""linear_relative_residual_max"":3.7924453970769385e-16,""dense_solves"":0,""pcg_solves"":0,""fallback_solves"":0},{""phase"":""sync"",""iteration"":2,""h"":1.6866708117994105,""h_manifold"":2.297981403041594,""alpha"":1.0,""alpha_manifold"":1.0,""function_edges"":871,""manifold_edges"":222,""function_mass_q10"":4.355265438201597,""function_mass_min"":2.3899055485943954,""function_mass_mean"":20.0,""function_mass_median"":14.969596917254021,""function_mass_q90"":37.64094350675557,""n_eff_q10"":6.239732807518214,""n_eff_min"":3.5281007135554763,""n_eff_median"":21.439885448502068,""n_eff_q90"":52.610222834959174,""manifold_mass_q10"":2.0423621649367583,""manifold_mass_median"":5.863692938102602,""manifold_mass_q90"":9.612680259865932,""projector_change_median"":0.037635443403286416,""projector_change_max"":0.23539672387977167,""objective"":87.472167809809,""manifold_penalty"":2.767195065112112,""cg_iterations"":96,""cg_relative_residual_max"":5.078449942028317e-16,""linear_iterations"":96,""linear_relative_residual_max"":5.078449942028317e-16,""dense_solves"":0,""pcg_solves"":0,""fallback_solves"":0},{""phase"":""scale"",""iteration"":1,""h"":1.1926563686527822,""h_manifold"":2.297981403041594,""alpha"":0.6188684105873108,""alpha_manifold"":1.0,""function_edges"":857,""manifold_edges"":222,""function_mass_q10"":4.122162312425289,""function_mass_min"":1.8207052608313732,""function_mass_mean"":20.00000101714564,""function_mass_median"":15.076903046897732,""function_mass_q90"":37.23576017343387,""n_eff_q10"":5.592355747604156,""n_eff_min"":2.4424188432338236,""n_eff_median"":21.669025791638994,""n_eff_q90"":50.403499159728696,""manifold_mass_q10"":2.0423621649367583,""manifold_mass_median"":5.863692938102602,""manifold_mass_q90"":9.612680259865932,""projector_change_median"":0.15049352910445485,""projector_change_max"":0.3021109418025415,""objective"":66.50988063724743,""manifold_penalty"":2.9339537863553655,""cg_iterations"":96,""cg_relative_residual_max"":4.2082829313932694e-16,""linear_iterations"":96,""linear_relative_residual_max"":4.2082829313932694e-16,""dense_solves"":0,""pcg_solves"":0,""fallback_solves"":0},{""phase"":""scale"",""iteration"":2,""h"":0.8433354058997052,""h_manifold"":2.297981403041594,""alpha"":0.3764612525701523,""alpha_manifold"":1.0,""function_edges"":861,""manifold_edges"":222,""function_mass_q10"":4.73588462972018,""function_mass_min"":1.6237372950748594,""function_mass_mean"":20.000000430332893,""function_mass_median"":17.15417854069688,""function_mass_q90"":37.97160228892713,""n_eff_q10"":6.852171987207922,""n_eff_min"":1.899038342107324,""n_eff_median"":25.650106602356786,""n_eff_q90"":51.74256338196886,""manifold_mass_q10"":2.0423621649367583,""manifold_mass_median"":5.863692938102602,""manifold_mass_q90"":9.612680259865932,""projector_change_median"":0.11943929548389981,""projector_change_max"":0.35822909425847016,""objective"":48.01400588873321,""manifold_penalty"":2.6124352029812226,""cg_iterations"":96,""cg_relative_residual_max"":2.072727225697915e-14,""linear_iterations"":96,""linear_relative_residual_max"":2.072727225697915e-14,""dense_solves"":0,""pcg_solves"":0,""fallback_solves"":0,""stop_reason"":""h_min""}]","{""converged"":true,""cg_iterations"":480,""cg_relative_residual_max"":2.072727225697915e-14,""linear_iterations"":480,""linear_relative_residual_max"":2.072727225697915e-14,""dense_solves"":0,""pcg_solves"":0,""fallback_solves"":0}"
diagnostic-manifold-base,"manifold: base, local parameter variants",9,"N_loc=20, N_phi=10, N_J=24, N_manifold=6, lambda_manifold=0.5, sync_steps=3",11,11,"{""beta"":1169213037,""features"":1095957835,""noise"":3841810831,""centers"":1031671468,""directions"":3208422369,""init"":3202220039,""outliers"":3254441912,""outlier_noise"":462153641,""gamma"":938740265,""misspecification"":1943647296}",3202220039,ADP,0,240,True,4,60,1.0,0.0,0.05,manifold_radial,gaussian,gaussian,False,0.0,1.0,0.0,manifold,1,240,,1.0,False,,20,60,24,10,6,3,0.5,,,,10,,,,,,,,,"{""config"":{""seed"":42,""N_loc"":20,""N_lin"":60,""N_J"":24,""N_phi"":10,""lambda_penalty"":0.05,""local_ridge"":1e-08,""kernel"":""ADP.core.ADP_Config:epanechnikov"",""a"":1.4142135623730951,""h_min"":0.6454972243679028,""batch_size"":32,""index_init"":""local"",""estimator"":""new"",""direction_mode"":""auto"",""multi_tensor"":""orthogonal"",""select_step"":""best"",""center_displacement"":0.0,""training_set"":""all"",""redraw_directions"":true,""smart_weights"":false,""gpu"":false,""gpu_solver"":false},""solver_tol"":1e-06,""solver_max_steps"":3,""solver"":""cg"",""theta"":0.1,""trust_radius"":null,""lsmr_maxiter"":null,""cg_maxiter"":null,""manifold"":{""N_manifold"":6,""sync_steps"":3,""lambda_manifold"":0.5}}","{""seed"":3202220039,""N_loc"":20,""N_lin"":60,""N_J"":24,""N_phi"":10,""lambda_penalty"":0.05,""local_ridge"":1e-08,""kernel"":""ADP.core.ADP_Config:epanechnikov"",""a"":1.4142135623730951,""h_min"":0.6454972243679028,""batch_size"":32,""index_init"":""local"",""estimator"":""new"",""direction_mode"":""auto"",""multi_tensor"":""orthogonal"",""select_step"":""best"",""center_displacement"":0.0,""training_set"":""all"",""redraw_directions"":true,""smart_weights"":false,""gpu"":false,""gpu_solver"":false,""solver"":""cg"",""solver_tol"":1e-06,""solver_max_steps"":3,""theta"":null,""trust_radius"":null,""lsmr_maxiter"":null,""cg_maxiter"":null,""training_size"":240,""center_displacement_scale"":0.0,""N_manifold"":6,""sync_steps"":3,""lambda_manifold"":0.5}",success,,local_projector_distance,lower,True,False,False,converged_bad_quality,0.5140370942767446,,,0.5140370942767446,0.9984101964926152,86.76877716507232,,0.5140370942767446,[],0.3344913450018794,0.6471366882324219,5,h_min,4,103.71358409435618,0.6573735115795921,"[{""phase"":""sync"",""iteration"":0,""h"":1.5204013226950852,""h_manifold"":2.122917706841165,""alpha"":1.0,""alpha_manifold"":1.0,""function_edges"":875,""manifold_edges"":236,""function_mass_q10"":5.234231782333284,""function_mass_min"":2.477639733794975,""function_mass_mean"":20.000000000000014,""function_mass_median"":15.868326181299363,""function_mass_q90"":36.693453277372136,""n_eff_q10"":7.536996574725949,""n_eff_min"":3.0872737184018852,""n_eff_median"":23.72759629738974,""n_eff_q90"":50.46040786535443,""manifold_mass_q10"":2.5807857931611795,""manifold_mass_median"":5.98472883588148,""manifold_mass_q90"":9.609776177171382,""projector_change_median"":0.151867703344017,""projector_change_max"":0.6020258966271055,""objective"":51.689853393724235,""manifold_penalty"":1.241878109124615,""cg_iterations"":95,""cg_relative_residual_max"":2.0525743576174384e-07,""linear_iterations"":95,""linear_relative_residual_max"":2.0525743576174384e-07,""dense_solves"":0,""pcg_solves"":0,""fallback_solves"":0},{""phase"":""sync"",""iteration"":1,""h"":1.5204013226950852,""h_manifold"":2.122917706841165,""alpha"":1.0,""alpha_manifold"":1.0,""function_edges"":875,""manifold_edges"":236,""function_mass_q10"":5.234231782333284,""function_mass_min"":2.477639733794975,""function_mass_mean"":20.000000000000014,""function_mass_median"":15.868326181299363,""function_mass_q90"":36.693453277372136,""n_eff_q10"":7.536996574725949,""n_eff_min"":3.0872737184018852,""n_eff_median"":23.72759629738974,""n_eff_q90"":50.46040786535443,""manifold_mass_q10"":2.5807857931611795,""manifold_mass_median"":5.98472883588148,""manifold_mass_q90"":9.609776177171382,""projector_change_median"":0.05588658380511098,""projector_change_max"":0.29528733212713554,""objective"":50.069130180055055,""manifold_penalty"":0.9965600754537554,""cg_iterations"":96,""cg_relative_residual_max"":5.280276589808429e-16,""linear_iterations"":96,""linear_relative_residual_max"":5.280276589808429e-16,""dense_solves"":0,""pcg_solves"":0,""fallback_solves"":0},{""phase"":""sync"",""iteration"":2,""h"":1.5204013226950852,""h_manifold"":2.122917706841165,""alpha"":1.0,""alpha_manifold"":1.0,""function_edges"":875,""manifold_edges"":236,""function_mass_q10"":5.234231782333284,""function_mass_min"":2.477639733794975,""function_mass_mean"":20.000000000000014,""function_mass_median"":15.868326181299363,""function_mass_q90"":36.693453277372136,""n_eff_q10"":7.536996574725949,""n_eff_min"":3.0872737184018852,""n_eff_median"":23.72759629738974,""n_eff_q90"":50.46040786535443,""manifold_mass_q10"":2.5807857931611795,""manifold_mass_median"":5.98472883588148,""manifold_mass_q90"":9.609776177171382,""projector_change_median"":0.029099183633256667,""projector_change_max"":0.11674854190094984,""objective"":49.76581520446841,""manifold_penalty"":0.9405784159973808,""cg_iterations"":93,""cg_relative_residual_max"":9.413303528680334e-07,""linear_iterations"":93,""linear_relative_residual_max"":9.413303528680334e-07,""dense_solves"":0,""pcg_solves"":0,""fallback_solves"":0},{""phase"":""scale"",""iteration"":1,""h"":1.075086085402691,""h_manifold"":2.122917706841165,""alpha"":0.6059404760599136,""alpha_manifold"":1.0,""function_edges"":852,""manifold_edges"":236,""function_mass_q10"":5.437822937245746,""function_mass_min"":2.1349651601653887,""function_mass_mean"":20.00000050026443,""function_mass_median"":15.448947932316393,""function_mass_q90"":36.9967075106193,""n_eff_q10"":8.092432899660187,""n_eff_min"":2.576011970370677,""n_eff_median"":23.082103064049242,""n_eff_q90"":51.988417405664066,""manifold_mass_q10"":2.5807857931611795,""manifold_mass_median"":5.98472883588148,""manifold_mass_q90"":9.609776177171382,""projector_change_median"":0.17220518619974579,""projector_change_max"":0.38490361667185824,""objective"":65.30557680755695,""manifold_penalty"":1.132897554277693,""cg_iterations"":96,""cg_relative_residual_max"":7.217651043891371e-16,""linear_iterations"":96,""linear_relative_residual_max"":7.217651043891371e-16,""dense_solves"":0,""pcg_solves"":0,""fallback_solves"":0},{""phase"":""scale"",""iteration"":2,""h"":0.7602006613475425,""h_manifold"":2.122917706841165,""alpha"":0.3613200932741165,""alpha_manifold"":1.0,""function_edges"":830,""manifold_edges"":236,""function_mass_q10"":6.452314255832344,""function_mass_min"":2.0934011051879318,""function_mass_mean"":20.000000876812297,""function_mass_median"":16.597966916147666,""function_mass_q90"":36.40533902188461,""n_eff_q10"":9.880738949094285,""n_eff_min"":2.418763910909503,""n_eff_median"":23.05026386921479,""n_eff_q90"":49.114419815882805,""manifold_mass_q10"":2.5807857931611795,""manifold_mass_median"":5.98472883588148,""manifold_mass_q90"":9.609776177171382,""projector_change_median"":0.1841377143074048,""projector_change_max"":1.3975446514457073,""objective"":49.630961185621686,""manifold_penalty"":1.2955614624499838,""cg_iterations"":96,""cg_relative_residual_max"":1.279789345703816e-14,""linear_iterations"":96,""linear_relative_residual_max"":1.279789345703816e-14,""dense_solves"":0,""pcg_solves"":0,""fallback_solves"":0,""stop_reason"":""h_min""}]","{""converged"":true,""cg_iterations"":476,""cg_relative_residual_max"":9.413303528680334e-07,""linear_iterations"":476,""linear_relative_residual_max"":9.413303528680334e-07,""dense_solves"":0,""pcg_solves"":0,""fallback_solves"":0}"
