seed,phase_index,phase,failed,center,radius,sine,pilot_sine,gradient_norm,linear_mass,linear_rank,linear_condition,linear_support,function_mass,n_eff,manifold_mass,manifold_neighbors,slope_min_singular,slope_rank_zero,h,alpha,linear_relative_residual_max
0,0,init,False,0,2.013105417584776,2.1073424255447017e-08,0.10690290741397018,1.2082318982774403,45.25131891809136,4,1.1798474781985144,79,nan,nan,5.199216509276192,7,nan,0,nan,nan,nan
0,0,init,False,1,1.8393261347459855,0.0,0.24144588765146913,1.02054557365162,31.940513081492973,4,1.3217857462609153,65,nan,nan,1.7467855830685557,3,nan,0,nan,nan,nan
0,0,init,False,2,0.8324216477026292,0.0,0.08631309360335346,0.42633961418034694,95.70652241506949,4,1.2926125639595911,144,nan,nan,7.455274159783111,15,nan,0,nan,nan,nan
0,0,init,False,3,1.7671365625020585,0.0,0.05278562666083619,0.9275987289059564,57.55429743684587,4,1.4961967445043285,104,nan,nan,2.4831334089574484,6,nan,0,nan,nan,nan
0,0,init,False,4,0.189190438782976,1.4901161193847656e-08,0.4148584432933423,0.28438677205814034,86.61455688672773,4,1.2253467761845325,137,nan,nan,5.648672757964955,8,nan,0,nan,nan,nan
0,0,init,False,5,0.9624957231516963,1.4901161193847656e-08,0.19381408199477074,0.6436556018911967,100.66230206714853,4,1.401847941884606,152,nan,nan,10.822387356278512,16,nan,0,nan,nan,nan
0,0,init,False,6,1.878120422772648,2.1073424255447017e-08,0.10841157534649223,1.170076458679142,56.30447193552446,4,1.227336443590866,96,nan,nan,8.234775900026559,11,nan,0,nan,nan,nan
0,0,init,False,7,1.1659714895589495,0.0,0.10507697372295698,0.7127793246699999,51.99423262134718,4,1.5285894745866542,87,nan,nan,5.164622843548024,8,nan,0,nan,nan,nan
0,0,init,False,8,1.66032737134484,0.0,0.0894926862598072,0.9389377553989154,11.819416878870557,4,2.026586931196822,26,nan,nan,1.1330600765125198,2,nan,0,nan,nan,nan
0,0,init,False,9,1.6461682316146562,0.0,0.2545545490373319,0.9738572244989234,37.543552928539356,4,1.4412322784247225,65,nan,nan,3.917699326606125,7,nan,0,nan,nan,nan
0,0,init,False,10,2.4714404049555068,2.1073424255447017e-08,0.16768494336027534,1.7253275857301344,10.15448500645655,4,2.4079244265377597,20,nan,nan,1.0,1,nan,0,nan,nan,nan
0,0,init,False,11,0.8931465161478112,0.0,0.307911046750844,0.5910489049098231,43.392081459615156,4,1.5331905489234308,83,nan,nan,2.5402436398302823,5,nan,0,nan,nan,nan
0,0,init,False,12,0.8277010638072685,1.4901161193847656e-08,0.167711763160992,0.49240734645412415,99.60092708268655,4,1.1788566064618986,158,nan,nan,6.503056898058879,13,nan,0,nan,nan,nan
0,0,init,False,13,1.6770024361296911,0.0,0.06651795239039174,1.1040497441218842,47.8807759883679,4,1.3488019381897085,87,nan,nan,5.796094929690578,8,nan,0,nan,nan,nan
0,0,init,False,14,2.1318195481244704,2.9802322387695312e-08,0.055964765880067734,1.2278878951404717,43.409210194733,4,1.4174425444032683,70,nan,nan,7.812080934878535,12,nan,0,nan,nan,nan
0,0,init,False,15,0.8702271550814301,1.4901161193847656e-08,0.13161740889607412,0.5504888608426778,96.04184728257837,4,1.263563869945345,147,nan,nan,11.412974957699697,15,nan,0,nan,nan,nan
0,0,init,False,16,0.7714455089923629,0.0,0.39883476748606717,0.5196999475222689,72.69219066972167,4,1.3384043689817446,117,nan,nan,6.015499636012028,9,nan,0,nan,nan,nan
0,0,init,False,17,0.2875326920240055,0.0,0.2423152776556495,0.2732558112361853,76.68372379940722,4,1.2368547980033078,133,nan,nan,5.400190936511108,11,nan,0,nan,nan,nan
0,0,init,False,18,1.2405084321280169,1.4901161193847656e-08,0.37494740365869283,0.743132142336476,6.5091475001375025,4,2.7889278686408487,15,nan,nan,1.0,1,nan,0,nan,nan,nan
0,0,init,False,19,1.7323699323297677,2.5809568279517847e-08,0.12211184342088977,1.043615193750532,68.81193320483357,4,1.28081094247929,111,nan,nan,9.183849822990116,13,nan,0,nan,nan,nan
0,0,init,False,20,1.2578374095484226,0.0,0.1772736606774362,0.833311457521915,76.88178852690064,4,1.4994073035874473,123,nan,nan,8.209530915034605,14,nan,0,nan,nan,nan
0,0,init,False,21,1.1944097178215622,1.4901161193847656e-08,0.08456492099423943,0.6624887745711098,97.01859239689279,4,1.3516191907056236,147,nan,nan,9.395631410131399,16,nan,0,nan,nan,nan
0,0,init,False,22,1.2865519208297453,2.5809568279517847e-08,0.13373718552482963,0.8923724374919266,57.60596565566867,4,1.1434171490671163,94,nan,nan,8.398458156802493,12,nan,0,nan,nan,nan
0,0,init,False,23,1.5882846153801122,0.0,0.1373802910210718,0.973890297775329,67.926146062343,4,1.1695569105909993,108,nan,nan,9.526759840338313,15,nan,0,nan,nan,nan
0,1,step,False,0,2.013105417584776,0.07323845953779379,0.10690290741397018,1.2082318982774403,45.25131891809136,4,1.1798474781985144,79,17.4546104486637,23.961986672685068,5.199216509276192,7,0.22686649480797236,0,1.6633575396573566,1.0,5.554402304450145e-16
0,1,step,False,1,1.8393261347459855,0.1314563875842209,0.24144588765146913,1.02054557365162,31.940513081492973,4,1.3217857462609153,65,7.579997456447989,11.752720477847017,1.7467855830685557,3,0.4063604012324272,0,1.6633575396573566,1.0,5.554402304450145e-16
0,1,step,False,2,0.8324216477026292,0.48092849056632336,0.08631309360335346,0.42633961418034694,95.70652241506949,4,1.2926125639595911,144,39.04149238121993,53.52184722682377,7.455274159783111,15,0.23099483503813126,0,1.6633575396573566,1.0,5.554402304450145e-16
0,1,step,False,3,1.7671365625020585,0.09522130917442903,0.05278562666083619,0.9275987289059564,57.55429743684587,4,1.4961967445043285,104,15.163882051344746,22.044532642816744,2.4831334089574484,6,0.4011736736282518,0,1.6633575396573566,1.0,5.554402304450145e-16
0,1,step,False,4,0.189190438782976,0.5248353089542646,0.4148584432933423,0.28438677205814034,86.61455688672773,4,1.2253467761845325,137,25.554443758003906,36.20749948444799,5.648672757964955,8,0.379145173841772,0,1.6633575396573566,1.0,5.554402304450145e-16
0,1,step,False,5,0.9624957231516963,0.12065501948586047,0.19381408199477074,0.6436556018911967,100.66230206714853,4,1.401847941884606,152,36.74984926202968,53.28940696474683,10.822387356278512,16,0.25926877265679404,0,1.6633575396573566,1.0,5.554402304450145e-16
0,1,step,False,6,1.878120422772648,0.27809553302304435,0.10841157534649223,1.170076458679142,56.30447193552446,4,1.227336443590866,96,16.30466619306752,24.419020375902583,8.234775900026559,11,0.28941852370849735,0,1.6633575396573566,1.0,5.554402304450145e-16
0,1,step,False,7,1.1659714895589495,0.2615320048605155,0.10507697372295698,0.7127793246699999,51.99423262134718,4,1.5285894745866542,87,16.326597374167847,24.162443271568044,5.164622843548024,8,0.2548646182696128,0,1.6633575396573566,1.0,5.554402304450145e-16
0,1,step,False,8,1.66032737134484,0.16664141014542425,0.0894926862598072,0.9389377553989154,11.819416878870557,4,2.026586931196822,26,2.6138256365694463,3.5187503479523827,1.1330600765125198,2,0.4402675031658116,0,1.6633575396573566,1.0,5.554402304450145e-16
0,1,step,False,9,1.6461682316146562,0.3717077296442927,0.2545545490373319,0.9738572244989234,37.543552928539356,4,1.4412322784247225,65,8.956131186618911,14.270276243278207,3.917699326606125,7,0.2830917271673094,0,1.6633575396573566,1.0,5.554402304450145e-16
0,1,step,False,10,2.4714404049555068,0.13127711073861623,0.16768494336027534,1.7253275857301344,10.15448500645655,4,2.4079244265377597,20,2.669960647565716,4.015252184866382,1.0,1,0.5305821118570987,0,1.6633575396573566,1.0,5.554402304450145e-16
0,1,step,False,11,0.8931465161478112,0.7487435546391947,0.307911046750844,0.5910489049098231,43.392081459615156,4,1.5331905489234308,83,9.28373646072881,14.054071923001677,2.5402436398302823,5,0.2812925342397408,0,1.6633575396573566,1.0,5.554402304450145e-16
0,1,step,False,12,0.8277010638072685,0.3543090401216668,0.167711763160992,0.49240734645412415,99.60092708268655,4,1.1788566064618986,158,32.30047513535959,45.83697318429608,6.503056898058879,13,0.280966320512979,0,1.6633575396573566,1.0,5.554402304450145e-16
0,1,step,False,13,1.6770024361296911,0.48625957652664076,0.06651795239039174,1.1040497441218842,47.8807759883679,4,1.3488019381897085,87,11.445401823981266,18.815252933834888,5.796094929690578,8,0.29352095692226443,0,1.6633575396573566,1.0,5.554402304450145e-16
0,1,step,False,14,2.1318195481244704,0.15824564396357668,0.055964765880067734,1.2278878951404717,43.409210194733,4,1.4174425444032683,70,15.236600952775309,20.434156746746734,7.812080934878535,12,0.25771046976139184,0,1.6633575396573566,1.0,5.554402304450145e-16
0,1,step,False,15,0.8702271550814301,0.1319430003736824,0.13161740889607412,0.5504888608426778,96.04184728257837,4,1.263563869945345,147,43.99338190045703,58.48920776596773,11.412974957699697,15,0.2677659004218986,0,1.6633575396573566,1.0,5.554402304450145e-16
0,1,step,False,16,0.7714455089923629,0.1267395978639955,0.39883476748606717,0.5196999475222689,72.69219066972167,4,1.3384043689817446,117,23.329803068498148,35.481925059749955,6.015499636012028,9,0.2271588540121927,0,1.6633575396573566,1.0,5.554402304450145e-16
0,1,step,False,17,0.2875326920240055,0.49707512290938743,0.2423152776556495,0.2732558112361853,76.68372379940722,4,1.2368547980033078,133,26.466136655396323,37.70596262011128,5.400190936511108,11,0.27453212270423355,0,1.6633575396573566,1.0,5.554402304450145e-16
0,1,step,False,18,1.2405084321280169,0.11003176271233445,0.37494740365869283,0.743132142336476,6.5091475001375025,4,2.7889278686408487,15,2.433744948698688,3.3874532556079515,1.0,1,0.3637941197587049,0,1.6633575396573566,1.0,5.554402304450145e-16
0,1,step,False,19,1.7323699323297677,0.1286759239996393,0.12211184342088977,1.043615193750532,68.81193320483357,4,1.28081094247929,111,24.393795253637936,32.912126769974215,9.183849822990116,13,0.280542644893268,0,1.6633575396573566,1.0,5.554402304450145e-16
0,1,step,False,20,1.2578374095484226,0.17530845483927024,0.1772736606774362,0.833311457521915,76.88178852690064,4,1.4994073035874473,123,23.194459139978036,34.79255635761158,8.209530915034605,14,0.19396125020103105,0,1.6633575396573566,1.0,5.554402304450145e-16
0,1,step,False,21,1.1944097178215622,0.27136379394683263,0.08456492099423943,0.6624887745711098,97.01859239689279,4,1.3516191907056236,147,37.18784215673985,49.2169066251834,9.395631410131399,16,0.23556882987880637,0,1.6633575396573566,1.0,5.554402304450145e-16
0,1,step,False,22,1.2865519208297453,0.1258742005342199,0.13373718552482963,0.8923724374919266,57.60596565566867,4,1.1434171490671163,94,18.698269447754594,25.416132723044406,8.398458156802493,12,0.2723074308260177,0,1.6633575396573566,1.0,5.554402304450145e-16
0,1,step,False,23,1.5882846153801122,0.05823054534967326,0.1373802910210718,0.973890297775329,67.926146062343,4,1.1695569105909993,108,23.620896660295074,30.167718623983,9.526759840338313,15,0.27386583592416414,0,1.6633575396573566,1.0,5.554402304450145e-16
0,2,step,False,0,2.013105417584776,0.11639829904848813,0.10690290741397018,1.2082318982774403,45.25131891809136,4,1.1798474781985144,79,14.160605929026687,18.96511797670181,5.199216509276192,7,0.16141346449238864,0,1.1761713958294884,0.6053525507450104,2.4545379988818916e-15
0,2,step,False,1,1.8393261347459855,0.1663527831713908,0.24144588765146913,1.02054557365162,31.940513081492973,4,1.3217857462609153,65,8.023037107936505,11.837052731818394,1.7467855830685557,3,0.12067405593673204,0,1.1761713958294884,0.6053525507450104,2.4545379988818916e-15
0,2,step,False,2,0.8324216477026292,0.43464236672569034,0.08631309360335346,0.42633961418034694,95.70652241506949,4,1.2926125639595911,144,40.02829353488656,53.74497317869971,7.455274159783111,15,0.2047991622800694,0,1.1761713958294884,0.6053525507450104,2.4545379988818916e-15
0,2,step,False,3,1.7671365625020585,0.06293879246350338,0.05278562666083619,0.9275987289059564,57.55429743684587,4,1.4961967445043285,104,13.568688609670854,17.944157152754816,2.4831334089574484,6,0.12526547068547644,0,1.1761713958294884,0.6053525507450104,2.4545379988818916e-15
0,2,step,False,4,0.189190438782976,0.8987431098092006,0.4148584432933423,0.28438677205814034,86.61455688672773,4,1.2253467761845325,137,28.620263187618527,41.12878425833691,5.648672757964955,8,0.22039839649934848,0,1.1761713958294884,0.6053525507450104,2.4545379988818916e-15
0,2,step,False,5,0.9624957231516963,0.29866568478425864,0.19381408199477074,0.6436556018911967,100.66230206714853,4,1.401847941884606,152,37.659299496300086,52.591441178048974,10.822387356278512,16,0.24863595201883434,0,1.1761713958294884,0.6053525507450104,2.4545379988818916e-15
0,2,step,False,6,1.878120422772648,0.24143779774954166,0.10841157534649223,1.170076458679142,56.30447193552446,4,1.227336443590866,96,15.22515915781971,21.14804255869759,8.234775900026559,11,0.24489484611376514,0,1.1761713958294884,0.6053525507450104,2.4545379988818916e-15
0,2,step,False,7,1.1659714895589495,0.3187717408048057,0.10507697372295698,0.7127793246699999,51.99423262134718,4,1.5285894745866542,87,17.085384910141943,24.667541324045974,5.164622843548024,8,0.1602603465171814,0,1.1761713958294884,0.6053525507450104,2.4545379988818916e-15
0,2,step,False,8,1.66032737134484,0.268951372639561,0.0894926862598072,0.9389377553989154,11.819416878870557,4,2.026586931196822,26,2.64819430966965,3.6329710057933875,1.1330600765125198,2,0.17487598031220372,0,1.1761713958294884,0.6053525507450104,2.4545379988818916e-15
0,2,step,False,9,1.6461682316146562,0.41999834689327514,0.2545545490373319,0.9738572244989234,37.543552928539356,4,1.4412322784247225,65,10.85282668184238,17.362427199604276,3.917699326606125,7,0.15368449355465197,0,1.1761713958294884,0.6053525507450104,2.4545379988818916e-15
0,2,step,False,10,2.4714404049555068,0.13127711073861453,0.16768494336027534,1.7253275857301344,10.15448500645655,4,2.4079244265377597,20,1.650862536203188,1.9143754696730928,1.0,1,0.3359849663810505,0,1.1761713958294884,0.6053525507450104,2.4545379988818916e-15
0,2,step,False,11,0.8931465161478112,0.865327192655777,0.307911046750844,0.5910489049098231,43.392081459615156,4,1.5331905489234308,83,10.887625640470317,15.203629816477507,2.5402436398302823,5,0.1409915118875936,0,1.1761713958294884,0.6053525507450104,2.4545379988818916e-15
0,2,step,False,12,0.8277010638072685,0.4521211591797183,0.167711763160992,0.49240734645412415,99.60092708268655,4,1.1788566064618986,158,34.90254580867202,49.324995029456595,6.503056898058879,13,0.20695792014757386,0,1.1761713958294884,0.6053525507450104,2.4545379988818916e-15
0,2,step,False,13,1.6770024361296911,0.5383026300931131,0.06651795239039174,1.1040497441218842,47.8807759883679,4,1.3488019381897085,87,11.202456366226967,17.240046861536634,5.796094929690578,8,0.22372156080681702,0,1.1761713958294884,0.6053525507450104,2.4545379988818916e-15
0,2,step,False,14,2.1318195481244704,0.31030273602841574,0.055964765880067734,1.2278878951404717,43.409210194733,4,1.4174425444032683,70,11.78227886028313,14.952438573496162,7.812080934878535,12,0.23145597364339768,0,1.1761713958294884,0.6053525507450104,2.4545379988818916e-15
0,2,step,False,15,0.8702271550814301,0.18693578173831435,0.13161740889607412,0.5504888608426778,96.04184728257837,4,1.263563869945345,147,41.17821963017208,54.975257397913715,11.412974957699697,15,0.21974676898579645,0,1.1761713958294884,0.6053525507450104,2.4545379988818916e-15
0,2,step,False,16,0.7714455089923629,0.22539906201252108,0.39883476748606717,0.5196999475222689,72.69219066972167,4,1.3384043689817446,117,25.081578972013617,37.29563028941144,6.015499636012028,9,0.16991043976706965,0,1.1761713958294884,0.6053525507450104,2.4545379988818916e-15
0,2,step,False,17,0.2875326920240055,0.6636941926851498,0.2423152776556495,0.2732558112361853,76.68372379940722,4,1.2368547980033078,133,30.315442596088186,41.34415287269967,5.400190936511108,11,0.2722299805476341,0,1.1761713958294884,0.6053525507450104,2.4545379988818916e-15
0,2,step,False,18,1.2405084321280169,0.19020158445168342,0.37494740365869283,0.743132142336476,6.5091475001375025,4,2.7889278686408487,15,2.72367349705835,3.884138968283841,1.0,1,0.22015903918208835,0,1.1761713958294884,0.6053525507450104,2.4545379988818916e-15
0,2,step,False,19,1.7323699323297677,0.12306819389715275,0.12211184342088977,1.043615193750532,68.81193320483357,4,1.28081094247929,111,20.614971735718033,27.546572449534,9.183849822990116,13,0.23164055405037584,0,1.1761713958294884,0.6053525507450104,2.4545379988818916e-15
0,2,step,False,20,1.2578374095484226,0.13459478090485386,0.1772736606774362,0.833311457521915,76.88178852690064,4,1.4994073035874473,123,23.2304361165373,34.53348964251897,8.209530915034605,14,0.1518026629017662,0,1.1761713958294884,0.6053525507450104,2.4545379988818916e-15
0,2,step,False,21,1.1944097178215622,0.26491092100321384,0.08456492099423943,0.6624887745711098,97.01859239689279,4,1.3516191907056236,147,37.34039653104448,49.074920352828954,9.395631410131399,16,0.16044144290046966,0,1.1761713958294884,0.6053525507450104,2.4545379988818916e-15
0,2,step,False,22,1.2865519208297453,0.10786498859507443,0.13373718552482963,0.8923724374919266,57.60596565566867,4,1.1434171490671163,94,19.528798988085214,26.552691350053085,8.398458156802493,12,0.24813137863757798,0,1.1761713958294884,0.6053525507450104,2.4545379988818916e-15
0,2,step,False,23,1.5882846153801122,0.09833735434178925,0.1373802910210718,0.973890297775329,67.926146062343,4,1.1695569105909993,108,21.68897770674692,28.501207226040584,9.526759840338313,15,0.23295883205666998,0,1.1761713958294884,0.6053525507450104,2.4545379988818916e-15
0,3,step,False,0,2.013105417584776,0.10771001805192787,0.10690290741397018,1.2082318982774403,45.25131891809136,4,1.1798474781985144,79,11.567147130205218,14.578972914040218,5.199216509276192,7,0.10822143445269497,0,0.8316787698286782,0.3622588962316513,4.898328593623461e-15
0,3,step,False,1,1.8393261347459855,0.28848634492657993,0.24144588765146913,1.02054557365162,31.940513081492973,4,1.3217857462609153,65,9.531135732156912,13.003849871456248,1.7467855830685557,3,0.11182389873334096,0,0.8316787698286782,0.3622588962316513,4.898328593623461e-15
0,3,step,False,2,0.8324216477026292,0.41880160466363986,0.08631309360335346,0.42633961418034694,95.70652241506949,4,1.2926125639595911,144,41.79737673908896,55.54070287458256,7.455274159783111,15,0.08113744120618777,0,0.8316787698286782,0.3622588962316513,4.898328593623461e-15
0,3,step,False,3,1.7671365625020585,0.11487103533736902,0.05278562666083619,0.9275987289059564,57.55429743684587,4,1.4961967445043285,104,13.192705276028068,16.457634751595574,2.4831334089574484,6,0.09778935891646881,0,0.8316787698286782,0.3622588962316513,4.898328593623461e-15
0,3,step,False,4,0.189190438782976,0.8749837959257328,0.4148584432933423,0.28438677205814034,86.61455688672773,4,1.2253467761845325,137,34.81871171689938,49.10845517788325,5.648672757964955,8,0.12342375699357236,0,0.8316787698286782,0.3622588962316513,4.898328593623461e-15
0,3,step,False,5,0.9624957231516963,0.32442014224906257,0.19381408199477074,0.6436556018911967,100.66230206714853,4,1.401847941884606,152,34.454023512418054,48.02989178419549,10.822387356278512,16,0.11829719328120356,0,0.8316787698286782,0.3622588962316513,4.898328593623461e-15
0,3,step,False,6,1.878120422772648,0.10322098448346946,0.10841157534649223,1.170076458679142,56.30447193552446,4,1.227336443590866,96,14.418677981453198,19.181720886565394,8.234775900026559,11,0.13251528046854166,0,0.8316787698286782,0.3622588962316513,4.898328593623461e-15
0,3,step,False,7,1.1659714895589495,0.3163054613930795,0.10507697372295698,0.7127793246699999,51.99423262134718,4,1.5285894745866542,87,17.80956835144211,25.784666374748735,5.164622843548024,8,0.10850938205358787,0,0.8316787698286782,0.3622588962316513,4.898328593623461e-15
0,3,step,False,8,1.66032737134484,0.22302007940173182,0.0894926862598072,0.9389377553989154,11.819416878870557,4,2.026586931196822,26,4.252228206577764,6.824697190617019,1.1330600765125198,2,0.13311510040124958,0,0.8316787698286782,0.3622588962316513,4.898328593623461e-15
0,3,step,False,9,1.6461682316146562,0.49552602149355235,0.2545545490373319,0.9738572244989234,37.543552928539356,4,1.4412322784247225,65,11.976057161616712,19.191415371837614,3.917699326606125,7,0.13802871346200793,0,0.8316787698286782,0.3622588962316513,4.898328593623461e-15
0,3,step,False,10,2.4714404049555068,0.13127711073861453,0.16768494336027534,1.7253275857301344,10.15448500645655,4,2.4079244265377597,20,1.5257617790779057,1.8238033482676277,1.0,1,0.24973592521201673,0,0.8316787698286782,0.3622588962316513,4.898328593623461e-15
0,3,step,False,11,0.8931465161478112,0.9585850734910001,0.307911046750844,0.5910489049098231,43.392081459615156,4,1.5331905489234308,83,14.14031185556239,20.82916897853376,2.5402436398302823,5,0.0760814814023203,0,0.8316787698286782,0.3622588962316513,4.898328593623461e-15
0,3,step,False,12,0.8277010638072685,0.2758022170628271,0.167711763160992,0.49240734645412415,99.60092708268655,4,1.1788566064618986,158,36.09389773968523,50.0427515581372,6.503056898058879,13,0.13488652151664074,0,0.8316787698286782,0.3622588962316513,4.898328593623461e-15
0,3,step,False,13,1.6770024361296911,0.4655888089725338,0.06651795239039174,1.1040497441218842,47.8807759883679,4,1.3488019381897085,87,12.846034403161568,18.54861932599382,5.796094929690578,8,0.15690085892138927,0,0.8316787698286782,0.3622588962316513,4.898328593623461e-15
0,3,step,False,14,2.1318195481244704,0.25099595086633164,0.055964765880067734,1.2278878951404717,43.409210194733,4,1.4174425444032683,70,10.680030087544123,13.661839313882796,7.812080934878535,12,0.13053173279596278,0,0.8316787698286782,0.3622588962316513,4.898328593623461e-15
0,3,step,False,15,0.8702271550814301,0.281142333140502,0.13161740889607412,0.5504888608426778,96.04184728257837,4,1.263563869945345,147,35.079586362801855,46.86700882144901,11.412974957699697,15,0.13268029323949113,0,0.8316787698286782,0.3622588962316513,4.898328593623461e-15
0,3,step,False,16,0.7714455089923629,0.1658231334932307,0.39883476748606717,0.5196999475222689,72.69219066972167,4,1.3384043689817446,117,25.030824195107265,35.29376829229195,6.015499636012028,9,0.10203346386329779,0,0.8316787698286782,0.3622588962316513,4.898328593623461e-15
0,3,step,False,17,0.2875326920240055,0.6970527257010634,0.2423152776556495,0.2732558112361853,76.68372379940722,4,1.2368547980033078,133,33.97534236353482,47.46554543474658,5.400190936511108,11,0.12079394278934634,0,0.8316787698286782,0.3622588962316513,4.898328593623461e-15
0,3,step,False,18,1.2405084321280169,0.15775180452495374,0.37494740365869283,0.743132142336476,6.5091475001375025,4,2.7889278686408487,15,3.133238390301277,4.326764421354336,1.0,1,0.08141311043033533,0,0.8316787698286782,0.3622588962316513,4.898328593623461e-15
0,3,step,False,19,1.7323699323297677,0.09715654956272783,0.12211184342088977,1.043615193750532,68.81193320483357,4,1.28081094247929,111,17.547430264872418,21.875698123636077,9.183849822990116,13,0.12838617381050865,0,0.8316787698286782,0.3622588962316513,4.898328593623461e-15
0,3,step,False,20,1.2578374095484226,0.12136632086305917,0.1772736606774362,0.833311457521915,76.88178852690064,4,1.4994073035874473,123,23.023947832695995,32.944590252615875,8.209530915034605,14,0.10930638601069699,0,0.8316787698286782,0.3622588962316513,4.898328593623461e-15
0,3,step,False,21,1.1944097178215622,0.2761230749767187,0.08456492099423943,0.6624887745711098,97.01859239689279,4,1.3516191907056236,147,36.92035681848792,49.27202824993685,9.395631410131399,16,0.0906766855664049,0,0.8316787698286782,0.3622588962316513,4.898328593623461e-15
0,3,step,False,22,1.2865519208297453,0.16743891055429583,0.13373718552482963,0.8923724374919266,57.60596565566867,4,1.1434171490671163,94,17.759645986942534,24.325757346177447,8.398458156802493,12,0.12387613263539435,0,0.8316787698286782,0.3622588962316513,4.898328593623461e-15
0,3,step,False,23,1.5882846153801122,0.17011200873102011,0.1373802910210718,0.973890297775329,67.926146062343,4,1.1695569105909993,108,18.425981708941016,22.299586733268757,9.526759840338313,15,0.12751194827698697,0,0.8316787698286782,0.3622588962316513,4.898328593623461e-15
1,0,init,False,0,1.5749285892107503,1.4901161193847656e-08,0.05266626956231886,1.0456497293241727,58.1255192699806,4,1.3359299744479276,100,nan,nan,5.238240656996116,9,nan,0,nan,nan,nan
1,0,init,False,1,1.2597795664531544,0.0,0.006743372039069341,0.8630006868235384,73.4203802244768,4,1.3014780187753279,119,nan,nan,6.831369053373025,10,nan,0,nan,nan,nan
1,0,init,False,2,1.321130606706036,0.0,0.11543906753709644,0.8806445562429156,64.21333978017283,4,1.3680608408512542,109,nan,nan,5.298630926627023,9,nan,0,nan,nan,nan
1,0,init,False,3,0.7822524636658202,0.0,0.44164496573085077,0.5516281588328207,31.65460114810914,4,1.5401210518536577,63,nan,nan,2.788851149996098,5,nan,0,nan,nan,nan
1,0,init,False,4,0.34434947603663596,1.4901161193847656e-08,0.2629529020266202,0.26148535687877,110.76965662245044,4,1.2506721675324675,171,nan,nan,11.20504061218888,21,nan,0,nan,nan,nan
1,0,init,False,5,1.4417495312968414,1.4901161193847656e-08,0.11580421223612355,0.8189884660021316,58.85843969092172,4,1.443776098345645,109,nan,nan,4.311402072768068,9,nan,0,nan,nan,nan
1,0,init,False,6,1.00972397712654,0.0,0.17363996065201645,0.5395588078365875,53.26794803322947,4,1.4548996150584552,93,nan,nan,7.568142618123886,10,nan,0,nan,nan,nan
1,0,init,False,7,1.2185947329704703,2.1073424255447017e-08,0.24195347621371185,0.8414793850028799,59.776321990038106,4,1.5824914426247365,102,nan,nan,6.188270995063459,12,nan,0,nan,nan,nan
1,0,init,False,8,1.0529759994370083,2.1073424255447017e-08,0.22055200303460834,0.6576183775429378,90.63043919268989,4,1.2089503562504371,135,nan,nan,10.243738806134445,13,nan,0,nan,nan,nan
1,0,init,False,9,0.29021406196150945,0.0,0.9670807746197337,0.1982428341906109,86.10041172850613,4,1.3027633038404485,140,nan,nan,10.398365330138075,14,nan,0,nan,nan,nan
1,0,init,False,10,1.385073693952201,0.0,0.13215962103503467,0.789350777110115,71.91980943756451,4,1.3079830281169158,120,nan,nan,7.313370634066769,11,nan,0,nan,nan,nan
1,0,init,False,11,1.039287979344075,2.1073424255447017e-08,0.23118558247061435,0.5870922888283767,44.593612143074274,4,1.4179461310870287,80,nan,nan,3.392272490495242,6,nan,0,nan,nan,nan
1,0,init,False,12,1.093621695593289,0.0,0.13041988552657197,0.7660395917318017,83.87676452846466,4,1.2362845540544831,127,nan,nan,9.68120711173227,11,nan,0,nan,nan,nan
1,0,init,False,13,0.9736580260817508,0.0,0.3084883333299315,0.5869158572797941,60.767410951634155,4,1.3012547771511178,99,nan,nan,6.9109678929701035,12,nan,0,nan,nan,nan
1,0,init,False,14,1.313802687997899,1.4901161193847656e-08,0.1646470576684292,0.8547961781115798,76.4711253420775,4,1.2740067003456363,123,nan,nan,7.941751947079538,10,nan,0,nan,nan,nan
1,0,init,False,15,2.345362840709062,0.0,0.18844460267552837,1.3936670035970806,15.315387151269974,4,1.6743011216639352,34,nan,nan,1.3334986384996432,3,nan,0,nan,nan,nan
1,0,init,False,16,0.720181991764751,0.0,0.0724206453001821,0.48166211738700226,73.38432044625401,4,1.3478844172948343,114,nan,nan,6.052202474957328,10,nan,0,nan,nan,nan
1,0,init,False,17,1.2805013366604237,0.0,0.24353558287222207,0.7707768203473779,39.55629964356406,4,1.4893567238615686,75,nan,nan,3.047920137916333,4,nan,0,nan,nan,nan
1,0,init,False,18,0.8160002170453344,0.0,0.1885685474603186,0.5495810023567146,80.73122378063826,4,1.2727468403386215,129,nan,nan,8.40331275726238,14,nan,0,nan,nan,nan
1,0,init,False,19,1.3316689125660606,0.0,0.12630496662992002,0.9147970231724395,15.966969068378386,4,1.6890374174626903,37,nan,nan,2.077002984703749,4,nan,0,nan,nan,nan
1,0,init,False,20,1.542113069582152,0.0,0.08537846206211981,0.9928620230514716,50.35094875946201,4,1.2156112198778257,85,nan,nan,4.816744564870445,7,nan,0,nan,nan,nan
1,0,init,False,21,2.0051335288065353,0.0,0.0741215130623265,1.330418673404337,35.97508400818381,4,1.362173227191439,63,nan,nan,3.877426918209244,7,nan,0,nan,nan,nan
1,0,init,False,22,2.5644615416402696,0.0,0.1497711299760425,1.5824513265501605,17.124575495420004,4,1.6590726355233671,30,nan,nan,1.0,1,nan,0,nan,nan,nan
1,0,init,False,23,1.107052378092518,0.0,0.19492534343252502,0.6743392677323732,87.14941156343991,4,1.3010299865835984,137,nan,nan,8.080269225827912,12,nan,0,nan,nan,nan
1,1,step,False,0,1.5749285892107503,0.19992199904008096,0.05266626956231886,1.0456497293241727,58.1255192699806,4,1.3359299744479276,100,20.59852130321884,28.479483566494398,5.238240656996116,9,0.27499651543934683,0,1.6558287014937831,1.0,6.522491894784353e-16
1,1,step,False,1,1.2597795664531544,0.11036804092353722,0.006743372039069341,0.8630006868235384,73.4203802244768,4,1.3014780187753279,119,28.40386179477597,38.63465136606058,6.831369053373025,10,0.3393391864242644,0,1.6558287014937831,1.0,6.522491894784353e-16
1,1,step,False,2,1.321130606706036,0.40119822612904527,0.11543906753709644,0.8806445562429156,64.21333978017283,4,1.3680608408512542,109,17.855639041357886,25.868303825078737,5.298630926627023,9,0.2989423733488545,0,1.6558287014937831,1.0,6.522491894784353e-16
1,1,step,False,3,0.7822524636658202,0.07962898927662534,0.44164496573085077,0.5516281588328207,31.65460114810914,4,1.5401210518536577,63,8.489344067855889,12.618002529473353,2.788851149996098,5,0.3833871026751434,0,1.6558287014937831,1.0,6.522491894784353e-16
1,1,step,False,4,0.34434947603663596,0.09990359262858013,0.2629529020266202,0.26148535687877,110.76965662245044,4,1.2506721675324675,171,43.47201625408509,59.248157521185114,11.20504061218888,21,0.2921191378290835,0,1.6558287014937831,1.0,6.522491894784353e-16
1,1,step,False,5,1.4417495312968414,0.5935497639550764,0.11580421223612355,0.8189884660021316,58.85843969092172,4,1.443776098345645,109,19.740985148939526,26.420632451306382,4.311402072768068,9,0.3542904010348904,0,1.6558287014937831,1.0,6.522491894784353e-16
1,1,step,False,6,1.00972397712654,0.2026333472854241,0.17363996065201645,0.5395588078365875,53.26794803322947,4,1.4548996150584552,93,13.887473030153876,19.684940243892243,7.568142618123886,10,0.32556259183843983,0,1.6558287014937831,1.0,6.522491894784353e-16
1,1,step,False,7,1.2185947329704703,0.07843513029081804,0.24195347621371185,0.8414793850028799,59.776321990038106,4,1.5824914426247365,102,18.89287660936788,29.191093076605014,6.188270995063459,12,0.22398617259934664,0,1.6558287014937831,1.0,6.522491894784353e-16
1,1,step,False,8,1.0529759994370083,0.11872023320596882,0.22055200303460834,0.6576183775429378,90.63043919268989,4,1.2089503562504371,135,32.77956836697321,48.72410113322512,10.243738806134445,13,0.23713615474412858,0,1.6558287014937831,1.0,6.522491894784353e-16
1,1,step,False,9,0.29021406196150945,0.26679711247489246,0.9670807746197337,0.1982428341906109,86.10041172850613,4,1.3027633038404485,140,27.769282057771342,40.20620643288194,10.398365330138075,14,0.3335939227124594,0,1.6558287014937831,1.0,6.522491894784353e-16
1,1,step,False,10,1.385073693952201,0.3915626135534176,0.13215962103503467,0.789350777110115,71.91980943756451,4,1.3079830281169158,120,20.951430197476885,31.43172029939866,7.313370634066769,11,0.24128613292811177,0,1.6558287014937831,1.0,6.522491894784353e-16
1,1,step,False,11,1.039287979344075,0.3638823439700105,0.23118558247061435,0.5870922888283767,44.593612143074274,4,1.4179461310870287,80,13.294875268863809,18.783504810958583,3.392272490495242,6,0.31417400189713834,0,1.6558287014937831,1.0,6.522491894784353e-16
1,1,step,False,12,1.093621695593289,0.1417314994121748,0.13041988552657197,0.7660395917318017,83.87676452846466,4,1.2362845540544831,127,27.190900311888967,38.4470171310464,9.68120711173227,11,0.3162094429731734,0,1.6558287014937831,1.0,6.522491894784353e-16
1,1,step,False,13,0.9736580260817508,0.34106225386948325,0.3084883333299315,0.5869158572797941,60.767410951634155,4,1.3012547771511178,99,21.54043517163722,30.648319502897117,6.9109678929701035,12,0.24448571692703835,0,1.6558287014937831,1.0,6.522491894784353e-16
1,1,step,False,14,1.313802687997899,0.22104415145007075,0.1646470576684292,0.8547961781115798,76.4711253420775,4,1.2740067003456363,123,23.89193754753978,34.23326527540986,7.941751947079538,10,0.26894578568736566,0,1.6558287014937831,1.0,6.522491894784353e-16
1,1,step,False,15,2.345362840709062,0.3174900812761794,0.18844460267552837,1.3936670035970806,15.315387151269974,4,1.6743011216639352,34,4.427949622695897,5.644182069735404,1.3334986384996432,3,0.28432142097907376,0,1.6558287014937831,1.0,6.522491894784353e-16
1,1,step,False,16,0.720181991764751,0.0759971220039828,0.0724206453001821,0.48166211738700226,73.38432044625401,4,1.3478844172948343,114,23.475585983024153,33.17452902246887,6.052202474957328,10,0.35683039426494917,0,1.6558287014937831,1.0,6.522491894784353e-16
1,1,step,False,17,1.2805013366604237,0.7060706691456616,0.24353558287222207,0.7707768203473779,39.55629964356406,4,1.4893567238615686,75,10.523665166772878,14.662491689527567,3.047920137916333,4,0.28279884158144203,0,1.6558287014937831,1.0,6.522491894784353e-16
1,1,step,False,18,0.8160002170453344,0.23665261367747997,0.1885685474603186,0.5495810023567146,80.73122378063826,4,1.2727468403386215,129,32.66170119490752,44.752394551646056,8.40331275726238,14,0.23067065935141007,0,1.6558287014937831,1.0,6.522491894784353e-16
1,1,step,False,19,1.3316689125660606,0.3565905554164063,0.12630496662992002,0.9147970231724395,15.966969068378386,4,1.6890374174626903,37,4.3985871138572925,6.061376886082964,2.077002984703749,4,0.2978369953300853,0,1.6558287014937831,1.0,6.522491894784353e-16
1,1,step,False,20,1.542113069582152,0.3061337618226785,0.08537846206211981,0.9928620230514716,50.35094875946201,4,1.2156112198778257,85,20.03590346947051,26.433112217440037,4.816744564870445,7,0.4094040881277481,0,1.6558287014937831,1.0,6.522491894784353e-16
1,1,step,False,21,2.0051335288065353,0.17109883533515585,0.0741215130623265,1.330418673404337,35.97508400818381,4,1.362173227191439,63,9.382836345731043,13.858680499475671,3.877426918209244,7,0.373322431419722,0,1.6558287014937831,1.0,6.522491894784353e-16
1,1,step,False,22,2.5644615416402696,0.06021812128705486,0.1497711299760425,1.5824513265501605,17.124575495420004,4,1.6590726355233671,30,5.308346200309086,7.6139791156360435,1.0,1,0.3649419049186017,0,1.6558287014937831,1.0,6.522491894784353e-16
1,1,step,False,23,1.107052378092518,0.2810790422034224,0.19492534343252502,0.6743392677323732,87.14941156343991,4,1.3010299865835984,137,31.026278731325654,43.39158199341926,8.080269225827912,12,0.25802910572082055,0,1.6558287014937831,1.0,6.522491894784353e-16
1,2,step,False,0,1.5749285892107503,0.25139312239436334,0.05266626956231886,1.0456497293241727,58.1255192699806,4,1.3359299744479276,100,20.328524930818975,27.697450216278078,5.238240656996116,9,0.2294693514978793,0,1.1708477033095694,0.6120893657207489,2.51031738400698e-13
1,2,step,False,1,1.2597795664531544,0.1182927010991933,0.006743372039069341,0.8630006868235384,73.4203802244768,4,1.3014780187753279,119,28.554002767943775,38.123503248772764,6.831369053373025,10,0.22721708893290674,0,1.1708477033095694,0.6120893657207489,2.51031738400698e-13
1,2,step,False,2,1.321130606706036,0.4868260499140602,0.11543906753709644,0.8806445562429156,64.21333978017283,4,1.3680608408512542,109,17.62871177040232,26.006341440742823,5.298630926627023,9,0.23830118188864632,0,1.1708477033095694,0.6120893657207489,2.51031738400698e-13
1,2,step,False,3,0.7822524636658202,0.1882420031574801,0.44164496573085077,0.5516281588328207,31.65460114810914,4,1.5401210518536577,63,9.544877816857806,14.364500705747188,2.788851149996098,5,0.2958220158471416,0,1.1708477033095694,0.6120893657207489,2.51031738400698e-13
1,2,step,False,4,0.34434947603663596,0.027996199763297102,0.2629529020266202,0.26148535687877,110.76965662245044,4,1.2506721675324675,171,43.58398225738153,58.69553795091785,11.20504061218888,21,0.14635917761113817,0,1.1708477033095694,0.6120893657207489,2.51031738400698e-13
1,2,step,False,5,1.4417495312968414,0.6189061400625785,0.11580421223612355,0.8189884660021316,58.85843969092172,4,1.443776098345645,109,19.737574039363054,26.327748769569638,4.311402072768068,9,0.2146293262892415,0,1.1708477033095694,0.6120893657207489,2.51031738400698e-13
1,2,step,False,6,1.00972397712654,0.23936036707872493,0.17363996065201645,0.5395588078365875,53.26794803322947,4,1.4548996150584552,93,15.097117443281741,19.955836181899404,7.568142618123886,10,0.13333619460315735,0,1.1708477033095694,0.6120893657207489,2.51031738400698e-13
1,2,step,False,7,1.2185947329704703,0.1255350834449971,0.24195347621371185,0.8414793850028799,59.776321990038106,4,1.5824914426247365,102,17.25240205775805,25.74054406639368,6.188270995063459,12,0.22567501186653544,0,1.1708477033095694,0.6120893657207489,2.51031738400698e-13
1,2,step,False,8,1.0529759994370083,0.04727964040095443,0.22055200303460834,0.6576183775429378,90.63043919268989,4,1.2089503562504371,135,32.5274870827964,46.599633552982745,10.243738806134445,13,0.21541461970296438,0,1.1708477033095694,0.6120893657207489,2.51031738400698e-13
1,2,step,False,9,0.29021406196150945,0.5165514524727417,0.9670807746197337,0.1982428341906109,86.10041172850613,4,1.3027633038404485,140,32.96913994303882,48.54022400634941,10.398365330138075,14,0.2919094482541209,0,1.1708477033095694,0.6120893657207489,2.51031738400698e-13
1,2,step,False,10,1.385073693952201,0.4059871248616058,0.13215962103503467,0.789350777110115,71.91980943756451,4,1.3079830281169158,120,21.513057611511453,31.192435737046225,7.313370634066769,11,0.2066621286310387,0,1.1708477033095694,0.6120893657207489,2.51031738400698e-13
1,2,step,False,11,1.039287979344075,0.5006697350272594,0.23118558247061435,0.5870922888283767,44.593612143074274,4,1.4179461310870287,80,13.258435027311325,18.60018722314614,3.392272490495242,6,0.12940367790315796,0,1.1708477033095694,0.6120893657207489,2.51031738400698e-13
1,2,step,False,12,1.093621695593289,0.19443516041382458,0.13041988552657197,0.7660395917318017,83.87676452846466,4,1.2362845540544831,127,28.20331834934411,38.44536233158457,9.68120711173227,11,0.14858917043163306,0,1.1708477033095694,0.6120893657207489,2.51031738400698e-13
1,2,step,False,13,0.9736580260817508,0.38550867478237005,0.3084883333299315,0.5869158572797941,60.767410951634155,4,1.3012547771511178,99,20.5766117964349,29.901314555204713,6.9109678929701035,12,0.25782124644196636,0,1.1708477033095694,0.6120893657207489,2.51031738400698e-13
1,2,step,False,14,1.313802687997899,0.16782848536739378,0.1646470576684292,0.8547961781115798,76.4711253420775,4,1.2740067003456363,123,24.220975312536094,34.886004191898635,7.941751947079538,10,0.17799118845199832,0,1.1708477033095694,0.6120893657207489,2.51031738400698e-13
1,2,step,False,15,2.345362840709062,0.5910496589176869,0.18844460267552837,1.3936670035970806,15.315387151269974,4,1.6743011216639352,34,3.8281416040470626,5.050685878274384,1.3334986384996432,3,0.24191676310364027,0,1.1708477033095694,0.6120893657207489,2.51031738400698e-13
1,2,step,False,16,0.720181991764751,0.04836482093898748,0.0724206453001821,0.48166211738700226,73.38432044625401,4,1.3478844172948343,114,25.35456305286257,36.24953430725144,6.052202474957328,10,0.23053145104556608,0,1.1708477033095694,0.6120893657207489,2.51031738400698e-13
1,2,step,False,17,1.2805013366604237,0.8187258445801957,0.24353558287222207,0.7707768203473779,39.55629964356406,4,1.4893567238615686,75,10.238008794012007,14.812885146962024,3.047920137916333,4,0.3155617905894027,0,1.1708477033095694,0.6120893657207489,2.51031738400698e-13
1,2,step,False,18,0.8160002170453344,0.21595639618024617,0.1885685474603186,0.5495810023567146,80.73122378063826,4,1.2727468403386215,129,31.269504111452115,40.05684189429593,8.40331275726238,14,0.20600869919956938,0,1.1708477033095694,0.6120893657207489,2.51031738400698e-13
1,2,step,False,19,1.3316689125660606,0.4680532969800474,0.12630496662992002,0.9147970231724395,15.966969068378386,4,1.6890374174626903,37,3.2732803511822177,4.39465532260876,2.077002984703749,4,0.1966619646315897,0,1.1708477033095694,0.6120893657207489,2.51031738400698e-13
1,2,step,False,20,1.542113069582152,0.2323592869237496,0.08537846206211981,0.9928620230514716,50.35094875946201,4,1.2156112198778257,85,21.25037889812517,28.533019810334043,4.816744564870445,7,0.22725582228130994,0,1.1708477033095694,0.6120893657207489,2.51031738400698e-13
1,2,step,False,21,2.0051335288065353,0.1647002181126926,0.0741215130623265,1.330418673404337,35.97508400818381,4,1.362173227191439,63,6.0148133986896894,8.98182673793513,3.877426918209244,7,0.16240052315363618,0,1.1708477033095694,0.6120893657207489,2.51031738400698e-13
1,2,step,False,22,2.5644615416402696,0.06787517261017868,0.1497711299760425,1.5824513265501605,17.124575495420004,4,1.6590726355233671,30,4.149133179529529,5.661548137150228,1.0,1,0.147561911207232,0,1.1708477033095694,0.6120893657207489,2.51031738400698e-13
1,2,step,False,23,1.107052378092518,0.24405631299858255,0.19492534343252502,0.6743392677323732,87.14941156343991,4,1.3010299865835984,137,29.625964609480565,41.307349420610805,8.080269225827912,12,0.1834133615743636,0,1.1708477033095694,0.6120893657207489,2.51031738400698e-13
1,3,step,False,0,1.5749285892107503,0.3185768738531649,0.05266626956231886,1.0456497293241727,58.1255192699806,4,1.3359299744479276,100,19.79511531760403,26.264833184676327,5.238240656996116,9,0.11560018156281071,0,0.8279143507468913,0.3689814805984497,1.3754118834374156e-14
1,3,step,False,1,1.2597795664531544,0.20707226076614277,0.006743372039069341,0.8630006868235384,73.4203802244768,4,1.3014780187753279,119,28.604870289723806,37.74538998014541,6.831369053373025,10,0.10950090878309242,0,0.8279143507468913,0.3689814805984497,1.3754118834374156e-14
1,3,step,False,2,1.321130606706036,0.6326312898506258,0.11543906753709644,0.8806445562429156,64.21333978017283,4,1.3680608408512542,109,17.752106554704955,25.480634385617588,5.298630926627023,9,0.09074919888544497,0,0.8279143507468913,0.3689814805984497,1.3754118834374156e-14
1,3,step,False,3,0.7822524636658202,0.30052364494060463,0.44164496573085077,0.5516281588328207,31.65460114810914,4,1.5401210518536577,63,9.570944191041354,14.312463720827868,2.788851149996098,5,0.12071346074347743,0,0.8279143507468913,0.3689814805984497,1.3754118834374156e-14
1,3,step,False,4,0.34434947603663596,0.033937972400176535,0.2629529020266202,0.26148535687877,110.76965662245044,4,1.2506721675324675,171,41.54362359369088,55.746348180818046,11.20504061218888,21,0.1093276192888568,0,0.8279143507468913,0.3689814805984497,1.3754118834374156e-14
1,3,step,False,5,1.4417495312968414,0.5209294384957177,0.11580421223612355,0.8189884660021316,58.85843969092172,4,1.443776098345645,109,20.109424843473505,28.310294191923074,4.311402072768067,9,0.09704400737604385,0,0.8279143507468913,0.3689814805984497,1.3754118834374156e-14
1,3,step,False,6,1.00972397712654,0.2155376658651117,0.17363996065201645,0.5395588078365875,53.26794803322947,4,1.4548996150584552,93,18.96148970948615,25.511933520477907,7.568142618123886,10,0.09141967012826513,0,0.8279143507468913,0.3689814805984497,1.3754118834374156e-14
1,3,step,False,7,1.2185947329704703,0.18715499507127908,0.24195347621371185,0.8414793850028799,59.776321990038106,4,1.5824914426247365,102,17.740608584645383,25.549799906717585,6.188270995063459,12,0.12036622399205969,0,0.8279143507468913,0.3689814805984497,1.3754118834374156e-14
1,3,step,False,8,1.0529759994370083,0.06853849468172507,0.22055200303460834,0.6576183775429378,90.63043919268989,4,1.2089503562504371,135,31.293382056548605,41.94974860228052,10.243738806134445,13,0.13122785836368414,0,0.8279143507468913,0.3689814805984497,1.3754118834374156e-14
1,3,step,False,9,0.29021406196150945,0.48690593489267026,0.9670807746197337,0.1982428341906109,86.10041172850613,4,1.3027633038404485,140,37.1383377367389,53.56886500782778,10.398365330138075,14,0.17326628629349997,0,0.8279143507468913,0.3689814805984497,1.3754118834374156e-14
1,3,step,False,10,1.385073693952201,0.3609540245951444,0.13215962103503467,0.789350777110115,71.91980943756451,4,1.3079830281169158,120,21.479576521277664,29.181200298815302,7.313370634066769,11,0.08481502983019049,0,0.8279143507468913,0.3689814805984497,1.3754118834374156e-14
1,3,step,False,11,1.039287979344075,0.24427132757502815,0.23118558247061435,0.5870922888283767,44.593612143074274,4,1.4179461310870287,80,13.69741823574278,18.463174975057697,3.392272490495242,6,0.05554947611820595,0,0.8279143507468913,0.3689814805984497,1.3754118834374156e-14
1,3,step,False,12,1.093621695593289,0.12039644708189443,0.13041988552657197,0.7660395917318017,83.87676452846466,4,1.2362845540544831,127,28.69976669299006,36.59498598682289,9.68120711173227,11,0.09408528611118638,0,0.8279143507468913,0.3689814805984497,1.3754118834374156e-14
1,3,step,False,13,0.9736580260817508,0.4018323629226603,0.3084883333299315,0.5869158572797941,60.767410951634155,4,1.3012547771511178,99,19.5764555365408,26.580116239745827,6.9109678929701035,12,0.09832818105259966,0,0.8279143507468913,0.3689814805984497,1.3754118834374156e-14
1,3,step,False,14,1.313802687997899,0.1115465342390108,0.1646470576684292,0.8547961781115798,76.4711253420775,4,1.2740067003456363,123,22.86311316942653,30.459604392057834,7.941751947079538,10,0.07960176309366852,0,0.8279143507468913,0.3689814805984497,1.3754118834374156e-14
1,3,step,False,15,2.345362840709062,0.3962424898167506,0.18844460267552837,1.3936670035970806,15.315387151269974,4,1.6743011216639352,34,3.7443202206362933,4.947389950870078,1.3334986384996432,3,0.19322448562197558,0,0.8279143507468913,0.3689814805984497,1.3754118834374156e-14
1,3,step,False,16,0.720181991764751,0.11053082854515955,0.0724206453001821,0.48166211738700226,73.38432044625401,4,1.3478844172948343,114,24.478348624099187,33.14960984422491,6.052202474957328,10,0.10600598780174601,0,0.8279143507468913,0.3689814805984497,1.3754118834374156e-14
1,3,step,False,17,1.2805013366604237,0.827855953056293,0.24353558287222207,0.7707768203473779,39.55629964356406,4,1.4893567238615686,75,11.186546372073504,17.321113192286344,3.047920137916333,4,0.16868343882926815,0,0.8279143507468913,0.3689814805984497,1.3754118834374156e-14
1,3,step,False,18,0.8160002170453344,0.18701414199146293,0.1885685474603186,0.5495810023567146,80.73122378063826,4,1.2727468403386215,129,31.521508279276503,40.245918402912444,8.40331275726238,14,0.14191625615628503,0,0.8279143507468913,0.3689814805984497,1.3754118834374156e-14
1,3,step,False,19,1.3316689125660606,0.5345094223371409,0.12630496662992002,0.9147970231724395,15.966969068378386,4,1.6890374174626903,37,3.1854513492227445,4.160473585507029,2.077002984703749,4,0.12057766574109158,0,0.8279143507468913,0.3689814805984497,1.3754118834374156e-14
1,3,step,False,20,1.542113069582152,0.15151801437585394,0.08537846206211981,0.9928620230514716,50.35094875946201,4,1.2156112198778257,85,20.434940874676574,26.411355694175292,4.816744564870445,7,0.11208170352472054,0,0.8279143507468913,0.3689814805984497,1.3754118834374156e-14
1,3,step,False,21,2.0051335288065353,0.16376669564888396,0.0741215130623265,1.330418673404337,35.97508400818381,4,1.362173227191439,63,4.757436094576266,6.043364876314166,3.877426918209244,7,0.10859486460508927,0,0.8279143507468913,0.3689814805984497,1.3754118834374156e-14
1,3,step,False,22,2.5644615416402696,0.10867329360681331,0.1497711299760425,1.5824513265501605,17.124575495420004,4,1.6590726355233671,30,3.480957832759075,4.691350405383515,1.0,1,0.10738506470404814,0,0.8279143507468913,0.3689814805984497,1.3754118834374156e-14
1,3,step,False,23,1.107052378092518,0.18670608115638304,0.19492534343252502,0.6743392677323732,87.14941156343991,4,1.3010299865835984,137,28.384258154395077,39.232129874244016,8.080269225827912,12,0.07810660939314676,0,0.8279143507468913,0.3689814805984497,1.3754118834374156e-14
2,0,init,False,0,1.0467706587360495,2.1073424255447017e-08,0.22851500244119818,0.6810330044325779,59.04569452859888,4,1.389966061080823,96,nan,nan,5.862727771146699,9,nan,0,nan,nan,nan
2,0,init,False,1,1.0701418227387929,1.4901161193847656e-08,0.12425900274583421,0.7956896675689481,51.64105542247972,4,1.2390161483685567,93,nan,nan,3.834714955441396,10,nan,0,nan,nan,nan
2,0,init,False,2,0.7932685761589658,1.4901161193847656e-08,0.21356622863592536,0.5212532946898482,42.34374708505638,4,1.3021521159175078,77,nan,nan,4.499004865583055,6,nan,0,nan,nan,nan
2,0,init,False,3,0.3205409858769687,2.1073424255447017e-08,0.4651924320744398,0.2196051088941605,84.00726786199591,4,1.300901783066737,130,nan,nan,9.395125217389836,12,nan,0,nan,nan,nan
2,0,init,False,4,1.2844467353127504,0.0,0.3230750650443471,1.0882036414207648,7.469383352135623,4,1.6761644872707415,14,nan,nan,1.2331901625011739,2,nan,0,nan,nan,nan
2,0,init,False,5,2.0802561912918844,0.0,0.10292378375607898,1.2605784874453647,39.51145944543005,4,1.5192913821130405,72,nan,nan,3.8389316012159815,6,nan,0,nan,nan,nan
2,0,init,False,6,1.2190457946602995,0.0,0.15879930250394814,0.8107072579918712,72.9073654873682,4,1.2255340651471252,122,nan,nan,7.368267676148906,10,nan,0,nan,nan,nan
2,0,init,False,7,1.5215077396539407,0.0,0.13509832988052758,1.0433858820927175,65.90824151687282,4,1.2594893218466454,114,nan,nan,8.378534792757735,14,nan,0,nan,nan,nan
2,0,init,False,8,1.0115079638172977,0.0,0.1936284024818393,0.5657300662748956,75.22126136979051,4,1.3281580911852546,123,nan,nan,6.412912375126976,9,nan,0,nan,nan,nan
2,0,init,False,9,0.3423530440072947,1.4901161193847656e-08,0.6418871329045058,0.28585976233832544,35.18788834101062,4,1.3549033565079938,63,nan,nan,3.1712875960203144,7,nan,0,nan,nan,nan
2,0,init,False,10,0.3204744605844023,1.4901161193847656e-08,0.481111961024221,0.23494589287688908,87.16048825978412,4,1.2738906059503479,139,nan,nan,8.537188308423566,12,nan,0,nan,nan,nan
2,0,init,False,11,1.348557138294263,1.4901161193847656e-08,0.1931593016470286,0.9865866211262098,54.85926235489409,4,1.2922969011704626,92,nan,nan,5.991204343832476,9,nan,0,nan,nan,nan
2,0,init,False,12,1.95878432879614,2.1073424255447017e-08,0.09208050280730327,1.1303472927735145,40.08902068095337,4,1.384946821223811,76,nan,nan,3.378532456734667,6,nan,0,nan,nan,nan
2,0,init,False,13,2.3633895001822,1.4901161193847656e-08,0.09091541469964279,1.4744123258001987,26.59264496145776,4,1.352033392404459,52,nan,nan,2.5679215179102286,6,nan,0,nan,nan,nan
2,0,init,False,14,1.7825206800460858,0.0,0.052496250411876645,1.0193644068760228,46.172091068059316,4,1.3466985252160468,82,nan,nan,4.6502265177787,7,nan,0,nan,nan,nan
2,0,init,False,15,1.1478094221068595,2.1073424255447017e-08,0.21946160362443318,0.877361554877913,28.877027391427546,4,1.59673346097239,55,nan,nan,4.574281728374072,8,nan,0,nan,nan,nan
2,0,init,False,16,0.7518156372889109,1.4901161193847656e-08,0.3842280276294127,0.420181870454791,106.71190044916905,4,1.1266294635540246,165,nan,nan,10.530579947121234,17,nan,0,nan,nan,nan
2,0,init,False,17,1.4618158494836173,0.0,0.03011138329827395,1.0922074339596302,35.0073398635863,4,1.3254211573746157,63,nan,nan,2.6312212146443357,5,nan,0,nan,nan,nan
2,0,init,False,18,1.7987267463663223,0.0,0.13713806758589497,0.980701922242823,44.12035323503808,4,1.4784202331339371,84,nan,nan,2.9481309407410263,5,nan,0,nan,nan,nan
2,0,init,False,19,1.6219259550985072,0.0,0.2256926250044474,0.8805342626268562,74.42484287557377,4,1.3377405722563598,113,nan,nan,5.537092049579155,10,nan,0,nan,nan,nan
2,0,init,False,20,0.4967517232200428,1.4901161193847656e-08,0.37977740378019104,0.42772438218880854,75.84888072224115,4,1.410734447486806,127,nan,nan,9.303967278611493,14,nan,0,nan,nan,nan
2,0,init,False,21,0.2801579968649878,0.0,0.52077374176404,0.13843247089108443,106.18932736682225,4,1.31924396631905,161,nan,nan,10.604728075576892,16,nan,0,nan,nan,nan
2,0,init,False,22,0.4284902509478303,0.0,0.22716786155304758,0.31533300723622376,88.86975276936352,4,1.2797301308079836,138,nan,nan,8.46629043354273,13,nan,0,nan,nan,nan
2,0,init,False,23,0.8766018881723402,0.0,0.13409260778038312,0.44367666827444185,91.8337035908913,4,1.2317549105593442,153,nan,nan,10.283938173797363,17,nan,0,nan,nan,nan
2,1,step,False,0,1.0467706587360495,0.18347879820286966,0.22851500244119818,0.6810330044325779,59.04569452859888,4,1.389966061080823,96,19.776593842374545,29.496742830431185,5.862727771146699,9,0.3537377043933769,0,1.6949287368540935,1.0,3.410617678397782e-16
2,1,step,False,1,1.0701418227387929,0.3453228427820509,0.12425900274583421,0.7956896675689481,51.64105542247972,4,1.2390161483685567,93,16.77943175354453,22.524447990007843,3.834714955441396,10,0.3416092884086142,0,1.6949287368540935,1.0,3.410617678397782e-16
2,1,step,False,2,0.7932685761589658,0.10031007527923427,0.21356622863592536,0.5212532946898482,42.34374708505638,4,1.3021521159175078,77,16.354900382347658,22.399713348815585,4.499004865583055,6,0.1829002054306469,0,1.6949287368540935,1.0,3.410617678397782e-16
2,1,step,False,3,0.3205409858769687,0.23691910035699212,0.4651924320744398,0.2196051088941605,84.00726786199591,4,1.300901783066737,130,29.176252212002822,42.60630639616182,9.395125217389836,12,0.19374401908840413,0,1.6949287368540935,1.0,3.410617678397782e-16
2,1,step,False,4,1.2844467353127504,0.4022538723334117,0.3230750650443471,1.0882036414207648,7.469383352135623,4,1.6761644872707415,14,2.6677890471491295,3.957090577021544,1.2331901625011739,2,0.45819407846815036,0,1.6949287368540935,1.0,3.410617678397782e-16
2,1,step,False,5,2.0802561912918844,0.08198218619807875,0.10292378375607898,1.2605784874453647,39.51145944543005,4,1.5192913821130405,72,11.240977815410172,14.022946368431896,3.8389316012159815,6,0.30583648846623146,0,1.6949287368540935,1.0,3.410617678397782e-16
2,1,step,False,6,1.2190457946602995,0.10213344747028152,0.15879930250394814,0.8107072579918712,72.9073654873682,4,1.2255340651471252,122,22.65144161303686,30.46859474134583,7.368267676148906,10,0.1474851301937908,0,1.6949287368540935,1.0,3.410617678397782e-16
2,1,step,False,7,1.5215077396539407,0.07957681958477246,0.13509832988052758,1.0433858820927175,65.90824151687282,4,1.2594893218466454,114,22.219354176951285,32.446071434006505,8.378534792757735,14,0.16310653769498898,0,1.6949287368540935,1.0,3.410617678397782e-16
2,1,step,False,8,1.0115079638172977,0.24309709952248487,0.1936284024818393,0.5657300662748956,75.22126136979051,4,1.3281580911852546,123,27.91704293999407,36.44179125757889,6.412912375126976,9,0.235833341457829,0,1.6949287368540935,1.0,3.410617678397782e-16
2,1,step,False,9,0.3423530440072947,0.5251276243112488,0.6418871329045058,0.28585976233832544,35.18788834101062,4,1.3549033565079938,63,8.86183472093312,12.404979820776017,3.1712875960203144,7,0.284699067969477,0,1.6949287368540935,1.0,3.410617678397782e-16
2,1,step,False,10,0.3204744605844023,0.11761300109935152,0.481111961024221,0.23494589287688908,87.16048825978412,4,1.2738906059503479,139,30.738004960022103,42.2178425158871,8.537188308423566,12,0.25384823303213927,0,1.6949287368540935,1.0,3.410617678397782e-16
2,1,step,False,11,1.348557138294263,0.16212794413612008,0.1931593016470286,0.9865866211262098,54.85926235489409,4,1.2922969011704626,92,17.05164612994586,24.629664273133443,5.991204343832476,9,0.20264520255563934,0,1.6949287368540935,1.0,3.410617678397782e-16
2,1,step,False,12,1.95878432879614,0.10759311722222355,0.09208050280730327,1.1303472927735145,40.08902068095337,4,1.384946821223811,76,13.735461525275536,18.818722520805604,3.378532456734667,6,0.19284112697661743,0,1.6949287368540935,1.0,3.410617678397782e-16
2,1,step,False,13,2.3633895001822,0.24154014542098845,0.09091541469964279,1.4744123258001987,26.59264496145776,4,1.352033392404459,52,7.475902496093372,10.466105937265866,2.5679215179102286,6,0.23795721551130855,0,1.6949287368540935,1.0,3.410617678397782e-16
2,1,step,False,14,1.7825206800460858,0.4104644818495471,0.052496250411876645,1.0193644068760228,46.172091068059316,4,1.3466985252160468,82,16.11904513790899,21.546685416902598,4.6502265177787,7,0.28027442049350204,0,1.6949287368540935,1.0,3.410617678397782e-16
2,1,step,False,15,1.1478094221068595,0.3626423562906819,0.21946160362443318,0.877361554877913,28.877027391427546,4,1.59673346097239,55,7.160966979626291,10.77413941529456,4.574281728374072,8,0.22271065716213756,0,1.6949287368540935,1.0,3.410617678397782e-16
2,1,step,False,16,0.7518156372889109,0.13703353828333562,0.3842280276294127,0.420181870454791,106.71190044916905,4,1.1266294635540246,165,36.22535879486841,49.556704841941325,10.530579947121234,17,0.21131139397555734,0,1.6949287368540935,1.0,3.410617678397782e-16
2,1,step,False,17,1.4618158494836173,0.17416834996196845,0.03011138329827395,1.0922074339596302,35.0073398635863,4,1.3254211573746157,63,9.853171079702859,13.593338418183833,2.6312212146443357,5,0.3019679124022288,0,1.6949287368540935,1.0,3.410617678397782e-16
2,1,step,False,18,1.7987267463663223,0.23617483948073756,0.13713806758589497,0.980701922242823,44.12035323503808,4,1.4784202331339371,84,12.690661207299115,17.41004192114241,2.9481309407410263,5,0.23922825205703926,0,1.6949287368540935,1.0,3.410617678397782e-16
2,1,step,False,19,1.6219259550985072,0.16319524618183112,0.2256926250044474,0.8805342626268562,74.42484287557377,4,1.3377405722563598,113,30.601027591767718,41.380871693530764,5.537092049579155,10,0.24142985013227403,0,1.6949287368540935,1.0,3.410617678397782e-16
2,1,step,False,20,0.4967517232200428,0.2909311402367263,0.37977740378019104,0.42772438218880854,75.84888072224115,4,1.410734447486806,127,18.816311055389633,29.60165141043377,9.303967278611493,14,0.2375338297707401,0,1.6949287368540935,1.0,3.410617678397782e-16
2,1,step,False,21,0.2801579968649878,0.12462676074775816,0.52077374176404,0.13843247089108443,106.18932736682225,4,1.31924396631905,161,37.635997295129684,52.91425200546409,10.604728075576892,16,0.17992945858761278,0,1.6949287368540935,1.0,3.410617678397782e-16
2,1,step,False,22,0.4284902509478303,0.13028819913914277,0.22716786155304758,0.31533300723622376,88.86975276936352,4,1.2797301308079836,138,33.205969876835965,46.86479078669111,8.46629043354273,13,0.19089584568987344,0,1.6949287368540935,1.0,3.410617678397782e-16
2,1,step,False,23,0.8766018881723402,0.08751133696295915,0.13409260778038312,0.44367666827444185,91.8337035908913,4,1.2317549105593442,153,31.044857366390332,42.51745364896881,10.283938173797363,17,0.2064856420517691,0,1.6949287368540935,1.0,3.410617678397782e-16
2,2,step,False,0,1.0467706587360495,0.2090239500299446,0.22851500244119818,0.6810330044325779,59.04569452859888,4,1.389966061080823,96,19.541570550309075,29.936536276156485,5.862727771146699,9,0.21523673651546568,0,1.1984956034574787,0.6104238629341125,5.067927552375615e-16
2,2,step,False,1,1.0701418227387929,0.41769056707062435,0.12425900274583421,0.7956896675689481,51.64105542247972,4,1.2390161483685567,93,15.760174249505955,20.406065153146645,3.834714955441396,10,0.1251253843512719,0,1.1984956034574787,0.6104238629341125,5.067927552375615e-16
2,2,step,False,2,0.7932685761589658,0.05773377887593821,0.21356622863592536,0.5212532946898482,42.34374708505638,4,1.3021521159175078,77,17.50640752570639,23.65604578142829,4.499004865583055,6,0.16125017881398618,0,1.1984956034574787,0.6104238629341125,5.067927552375615e-16
2,2,step,False,3,0.3205409858769687,0.2747542741758987,0.4651924320744398,0.2196051088941605,84.00726786199591,4,1.300901783066737,130,30.63936983497057,42.76216317104137,9.395125217389836,12,0.18943313467446612,0,1.1984956034574787,0.6104238629341125,5.067927552375615e-16
2,2,step,False,4,1.2844467353127504,0.37476675376347335,0.3230750650443471,1.0882036414207648,7.469383352135623,4,1.6761644872707415,14,2.8902044581930535,4.074295728937122,1.2331901625011739,2,0.1336720290427661,0,1.1984956034574787,0.6104238629341125,5.067927552375615e-16
2,2,step,False,5,2.0802561912918844,0.249784843772322,0.10292378375607898,1.2605784874453647,39.51145944543005,4,1.5192913821130405,72,9.783285266973987,11.651957551012252,3.8389316012159815,6,0.1330578926588674,0,1.1984956034574787,0.6104238629341125,5.067927552375615e-16
2,2,step,False,6,1.2190457946602995,0.2155370538949969,0.15879930250394814,0.8107072579918712,72.9073654873682,4,1.2255340651471252,122,22.82499934024078,32.127566591291696,7.368267676148906,10,0.20641041584859118,0,1.1984956034574787,0.6104238629341125,5.067927552375615e-16
2,2,step,False,7,1.5215077396539407,0.04985832994288539,0.13509832988052758,1.0433858820927175,65.90824151687282,4,1.2594893218466454,114,19.078931031042472,25.915524958830808,8.378534792757735,14,0.18265168344373978,0,1.1984956034574787,0.6104238629341125,5.067927552375615e-16
2,2,step,False,8,1.0115079638172977,0.4380018618581046,0.1936284024818393,0.5657300662748956,75.22126136979051,4,1.3281580911852546,123,29.798338449706897,38.471518039224726,6.412912375126976,9,0.25676251809858447,0,1.1984956034574787,0.6104238629341125,5.067927552375615e-16
2,2,step,False,9,0.3423530440072947,0.5294155986496482,0.6418871329045058,0.28585976233832544,35.18788834101062,4,1.3549033565079938,63,9.419482934467796,13.102937193592316,3.1712875960203144,7,0.17016104000893637,0,1.1984956034574787,0.6104238629341125,5.067927552375615e-16
2,2,step,False,10,0.3204744605844023,0.349477349499801,0.481111961024221,0.23494589287688908,87.16048825978412,4,1.2738906059503479,139,30.647904330406188,44.87985133311942,8.537188308423566,12,0.2545985402155798,0,1.1984956034574787,0.6104238629341125,5.067927552375615e-16
2,2,step,False,11,1.348557138294263,0.26805517569085807,0.1931593016470286,0.9865866211262098,54.85926235489409,4,1.2922969011704626,92,16.05696363425041,24.284584651613784,5.991204343832476,9,0.1847436631712945,0,1.1984956034574787,0.6104238629341125,5.067927552375615e-16
2,2,step,False,12,1.95878432879614,0.15414432158280503,0.09208050280730327,1.1303472927735145,40.08902068095337,4,1.384946821223811,76,10.367448719063379,13.366126114588232,3.378532456734667,6,0.17377832809222754,0,1.1984956034574787,0.6104238629341125,5.067927552375615e-16
2,2,step,False,13,2.3633895001822,0.14675234233061674,0.09091541469964279,1.4744123258001987,26.59264496145776,4,1.352033392404459,52,6.265707156575883,7.70437658313165,2.5679215179102286,6,0.1866016716106904,0,1.1984956034574787,0.6104238629341125,5.067927552375615e-16
2,2,step,False,14,1.7825206800460858,0.4025760438244371,0.052496250411876645,1.0193644068760228,46.172091068059316,4,1.3466985252160468,82,15.306075998809124,20.327828952482303,4.6502265177787,7,0.16478891883966362,0,1.1984956034574787,0.6104238629341125,5.067927552375615e-16
2,2,step,False,15,1.1478094221068595,0.4980707757995162,0.21946160362443318,0.877361554877913,28.877027391427546,4,1.59673346097239,55,7.754196768076481,12.419153262254975,4.574281728374072,8,0.15942402168995026,0,1.1984956034574787,0.6104238629341125,5.067927552375615e-16
2,2,step,False,16,0.7518156372889109,0.1591977450305231,0.3842280276294127,0.420181870454791,106.71190044916905,4,1.1266294635540246,165,38.54752535127673,51.310700066198294,10.530579947121234,17,0.17076607074043473,0,1.1984956034574787,0.6104238629341125,5.067927552375615e-16
2,2,step,False,17,1.4618158494836173,0.14435073649385227,0.03011138329827395,1.0922074339596302,35.0073398635863,4,1.3254211573746157,63,10.399620539719798,13.871737302385414,2.6312212146443357,5,0.21934074004713508,0,1.1984956034574787,0.6104238629341125,5.067927552375615e-16
2,2,step,False,18,1.7987267463663223,0.26871241245415717,0.13713806758589497,0.980701922242823,44.12035323503808,4,1.4784202331339371,84,12.900869080900042,17.01097127193587,2.9481309407410263,5,0.14944612477953956,0,1.1984956034574787,0.6104238629341125,5.067927552375615e-16
2,2,step,False,19,1.6219259550985072,0.17688638850415853,0.2256926250044474,0.8805342626268562,74.42484287557377,4,1.3377405722563598,113,28.62197925804147,37.57346016175585,5.537092049579155,10,0.11521150832938999,0,1.1984956034574787,0.6104238629341125,5.067927552375615e-16
2,2,step,False,20,0.4967517232200428,0.24057783787421932,0.37977740378019104,0.42772438218880854,75.84888072224115,4,1.410734447486806,127,22.71468213286372,36.133363309945906,9.303967278611493,14,0.18890915348038068,0,1.1984956034574787,0.6104238629341125,5.067927552375615e-16
2,2,step,False,21,0.2801579968649878,0.1080601208503693,0.52077374176404,0.13843247089108443,106.18932736682225,4,1.31924396631905,161,36.18355772252054,49.85028491111613,10.604728075576892,16,0.19502032574802614,0,1.1984956034574787,0.6104238629341125,5.067927552375615e-16
2,2,step,False,22,0.4284902509478303,0.1975648376406287,0.22716786155304758,0.31533300723622376,88.86975276936352,4,1.2797301308079836,138,35.38140407429007,51.183349127356216,8.46629043354273,13,0.17968354281898344,0,1.1984956034574787,0.6104238629341125,5.067927552375615e-16
2,2,step,False,23,0.8766018881723402,0.10409799061434476,0.13409260778038312,0.44367666827444185,91.8337035908913,4,1.2317549105593442,153,31.609312186807866,42.29113332943266,10.283938173797363,17,0.16377059352473908,0,1.1984956034574787,0.6104238629341125,5.067927552375615e-16
2,3,step,False,0,1.0467706587360495,0.25309413836921274,0.22851500244119818,0.6810330044325779,59.04569452859888,4,1.389966061080823,96,17.38738793689169,24.312967929199,5.862727771146699,9,0.24194918359440473,0,0.8474643684270466,0.36998386681079865,3.718796633554715e-15
2,3,step,False,1,1.0701418227387929,0.5315024121440086,0.12425900274583421,0.7956896675689481,51.64105542247972,4,1.2390161483685567,93,18.235704015245503,25.356214142295418,3.834714955441396,10,0.1763925481900664,0,0.8474643684270466,0.36998386681079865,3.718796633554715e-15
2,3,step,False,2,0.7932685761589658,0.21287451828134715,0.21356622863592536,0.5212532946898482,42.34374708505638,4,1.3021521159175078,77,18.143290779308437,23.737836976847543,4.499004865583055,6,0.1312422487487626,0,0.8474643684270466,0.36998386681079865,3.718796633554715e-15
2,3,step,False,3,0.3205409858769687,0.31311811260285627,0.4651924320744398,0.2196051088941605,84.00726786199591,4,1.300901783066737,130,32.91822305802559,44.82052728112982,9.395125217389836,12,0.13087632511174874,0,0.8474643684270466,0.36998386681079865,3.718796633554715e-15
2,3,step,False,4,1.2844467353127504,0.3270724661220597,0.3230750650443471,1.0882036414207648,7.469383352135623,4,1.6761644872707415,14,2.8723609112987782,4.037720893576657,1.2331901625011739,2,0.15812872188652372,0,0.8474643684270466,0.36998386681079865,3.718796633554715e-15
2,3,step,False,5,2.0802561912918844,0.3323099709478046,0.10292378375607898,1.2605784874453647,39.51145944543005,4,1.5192913821130405,72,9.388164730649034,11.876325301527503,3.8389316012159815,6,0.14927649533736234,0,0.8474643684270466,0.36998386681079865,3.718796633554715e-15
2,3,step,False,6,1.2190457946602995,0.25224120792081833,0.15879930250394814,0.8107072579918712,72.9073654873682,4,1.2255340651471252,122,21.97061409755263,30.786280418247202,7.368267676148906,10,0.12424076406204118,0,0.8474643684270466,0.36998386681079865,3.718796633554715e-15
2,3,step,False,7,1.5215077396539407,0.14495013218204494,0.13509832988052758,1.0433858820927175,65.90824151687282,4,1.2594893218466454,114,16.75986429156417,21.58935727800258,8.378534792757735,14,0.12477588607175942,0,0.8474643684270466,0.36998386681079865,3.718796633554715e-15
2,3,step,False,8,1.0115079638172977,0.4719726380311402,0.1936284024818393,0.5657300662748956,75.22126136979051,4,1.3281580911852546,123,31.42288547463985,40.685601148997954,6.412912375126976,9,0.12101328280641364,0,0.8474643684270466,0.36998386681079865,3.718796633554715e-15
2,3,step,False,9,0.3423530440072947,0.26215050310756444,0.6418871329045058,0.28585976233832544,35.18788834101062,4,1.3549033565079938,63,12.246723173371421,17.936730030451244,3.1712875960203144,7,0.1415269830381382,0,0.8474643684270466,0.36998386681079865,3.718796633554715e-15
2,3,step,False,10,0.3204744605844023,0.364892412729371,0.481111961024221,0.23494589287688908,87.16048825978412,4,1.2738906059503479,139,30.924417973217857,44.93174551943877,8.537188308423566,12,0.10538944218710833,0,0.8474643684270466,0.36998386681079865,3.718796633554715e-15
2,3,step,False,11,1.348557138294263,0.29505851739847627,0.1931593016470286,0.9865866211262098,54.85926235489409,4,1.2922969011704626,92,15.077647497406918,20.97922672266049,5.991204343832476,9,0.12953018869405972,0,0.8474643684270466,0.36998386681079865,3.718796633554715e-15
2,3,step,False,12,1.95878432879614,0.22248390371134746,0.09208050280730327,1.1303472927735145,40.08902068095337,4,1.384946821223811,76,9.410503414574762,11.269208125803912,3.378532456734667,6,0.12471363219672299,0,0.8474643684270466,0.36998386681079865,3.718796633554715e-15
2,3,step,False,13,2.3633895001822,0.28544273296466455,0.09091541469964279,1.4744123258001987,26.59264496145776,4,1.352033392404459,52,5.608451953097976,6.885854751267274,2.5679215179102286,6,0.19441816747105714,0,0.8474643684270466,0.36998386681079865,3.718796633554715e-15
2,3,step,False,14,1.7825206800460858,0.380226609055022,0.052496250411876645,1.0193644068760228,46.172091068059316,4,1.3466985252160468,82,12.863162524513333,15.593635327049752,4.6502265177787,7,0.10901778569916906,0,0.8474643684270466,0.36998386681079865,3.718796633554715e-15
2,3,step,False,15,1.1478094221068595,0.560188293705023,0.21946160362443318,0.877361554877913,28.877027391427546,4,1.59673346097239,55,6.638805993953621,10.187094576008702,4.574281728374072,8,0.11405569447624858,0,0.8474643684270466,0.36998386681079865,3.718796633554715e-15
2,3,step,False,16,0.7518156372889109,0.08982339326003397,0.3842280276294127,0.420181870454791,106.71190044916905,4,1.1266294635540246,165,38.453452866431576,50.825941896482135,10.530579947121234,17,0.1352376731930877,0,0.8474643684270466,0.36998386681079865,3.718796633554715e-15
2,3,step,False,17,1.4618158494836173,0.11042692507539073,0.03011138329827395,1.0922074339596302,35.0073398635863,4,1.3254211573746157,63,11.066928121117213,15.307841325319988,2.6312212146443357,5,0.19392126747760954,0,0.8474643684270466,0.36998386681079865,3.718796633554715e-15
2,3,step,False,18,1.7987267463663223,0.23983807134340393,0.13713806758589497,0.980701922242823,44.12035323503808,4,1.4784202331339371,84,14.778498274525012,19.55712613621729,2.9481309407410263,5,0.10193919102441161,0,0.8474643684270466,0.36998386681079865,3.718796633554715e-15
2,3,step,False,19,1.6219259550985072,0.2500947429328426,0.2256926250044474,0.8805342626268562,74.42484287557377,4,1.3377405722563598,113,26.074984139858255,32.77299903704801,5.537092049579155,10,0.11031252993704567,0,0.8474643684270466,0.36998386681079865,3.718796633554715e-15
2,3,step,False,20,0.4967517232200428,0.2729386090646143,0.37977740378019104,0.42772438218880854,75.84888072224115,4,1.410734447486806,127,26.65222621074481,40.96368014302545,9.303967278611493,14,0.1840878047291765,0,0.8474643684270466,0.36998386681079865,3.718796633554715e-15
2,3,step,False,21,0.2801579968649878,0.0770898658385304,0.52077374176404,0.13843247089108443,106.18932736682225,4,1.31924396631905,161,35.41789927702977,49.63945549756445,10.604728075576892,16,0.13524972271476654,0,0.8474643684270466,0.36998386681079865,3.718796633554715e-15
2,3,step,False,22,0.4284902509478303,0.29089406639621984,0.22716786155304758,0.31533300723622376,88.86975276936352,4,1.2797301308079836,138,33.716570440670885,48.61773403745569,8.46629043354273,13,0.1296120872253048,0,0.8474643684270466,0.36998386681079865,3.718796633554715e-15
2,3,step,False,23,0.8766018881723402,0.09642921122027907,0.13409260778038312,0.44367666827444185,91.8337035908913,4,1.2317549105593442,153,31.97124687940304,41.40855824543275,10.283938173797363,17,0.11429645863268635,0,0.8474643684270466,0.36998386681079865,3.718796633554715e-15
3,0,init,False,0,2.012293809437055,0.0,0.08380084713341804,1.5402516091339595,37.93057280478205,4,1.3455784074471395,70,nan,nan,2.3987478743099753,5,nan,0,nan,nan,nan
3,0,init,False,1,0.7367854000076806,1.4901161193847656e-08,0.3033297504573349,0.6440423118210855,57.99527211735812,4,1.3382596057270464,106,nan,nan,4.319028570941812,7,nan,0,nan,nan,nan
3,0,init,False,2,0.6609735095724033,2.5809568279517847e-08,0.38623699695226416,0.7646360036319266,63.15955652333682,4,1.3465946908914779,109,nan,nan,6.59799573995392,10,nan,0,nan,nan,nan
3,0,init,False,3,1.5791575861932878,2.1073424255447017e-08,0.24354967217360451,1.115232313634725,50.09814652505192,4,1.4943202051199926,94,nan,nan,5.7789260660438275,8,nan,0,nan,nan,nan
3,0,init,False,4,1.2628620126326964,0.0,0.16950896581629626,0.9902355710827684,82.79149624132033,4,1.204873137523886,136,nan,nan,7.437269315357204,10,nan,0,nan,nan,nan
3,0,init,False,5,2.203884775882906,0.0,0.10451028839151918,1.6749614487151394,26.607861162891997,4,1.6151408514682852,50,nan,nan,2.8267201846873764,5,nan,0,nan,nan,nan
3,0,init,False,6,1.3474154075443938,0.0,0.21320513794625756,0.9864678493589868,22.494725083016796,4,1.6539183287774182,46,nan,nan,2.615243560051563,4,nan,0,nan,nan,nan
3,0,init,False,7,0.637017188984615,0.0,0.3707487381791445,0.6031598226075812,88.99898775563832,4,1.2111449125455207,139,nan,nan,9.682665901664583,13,nan,0,nan,nan,nan
3,0,init,False,8,1.1241654617540675,0.0,0.17177864712806812,0.9203420329676484,88.03765048272967,4,1.257016970154669,145,nan,nan,8.152211720119793,13,nan,0,nan,nan,nan
3,0,init,False,9,0.3160041946949852,0.0,0.4686036486010847,0.23123521902121053,108.0706132519012,4,1.2117144547233307,161,nan,nan,12.079669779619502,18,nan,0,nan,nan,nan
3,0,init,False,10,0.5495978082565923,1.4901161193847656e-08,0.42324479036028734,0.5960798006648088,39.635768704361176,4,1.524224254169316,70,nan,nan,3.537934644185022,6,nan,0,nan,nan,nan
3,0,init,False,11,1.145507073081825,0.0,0.33149742431484497,0.8515123938283693,53.50595265384432,4,1.3543931342986377,91,nan,nan,7.38593777801114,11,nan,0,nan,nan,nan
3,0,init,False,12,1.6167986815583852,2.1073424255447017e-08,0.1241686154860682,1.1627560541958475,35.30335441281399,4,1.470880390822856,74,nan,nan,2.9313321915881727,7,nan,0,nan,nan,nan
3,0,init,False,13,1.4957891254472597,2.1073424255447017e-08,0.23475545137318865,1.2212379390800372,37.83702709614994,4,1.514555800642806,63,nan,nan,2.803091225960861,3,nan,0,nan,nan,nan
3,0,init,False,14,1.2928729106443955,2.1073424255447017e-08,0.11101843678701802,1.025695678413242,59.557835607351116,4,1.3574636402010074,100,nan,nan,6.206718192376204,9,nan,0,nan,nan,nan
3,0,init,False,15,1.0821811863143032,2.1073424255447017e-08,0.077442052285507,0.9211732005257176,80.57983105058655,4,1.2621418675497373,123,nan,nan,7.850604467949541,13,nan,0,nan,nan,nan
3,0,init,False,16,2.2308898068401075,1.4901161193847656e-08,0.1483887015502241,1.6678017973001766,29.913116794190373,4,1.419443889218377,53,nan,nan,2.7772449603376677,3,nan,0,nan,nan,nan
3,0,init,False,17,0.9897997487825622,0.0,0.23025120718122502,0.7823522654289061,81.85760306373517,4,1.2668221508812167,130,nan,nan,8.856224368899573,12,nan,0,nan,nan,nan
3,0,init,False,18,0.5590769175905304,0.0,0.17919368873205777,0.5057778254642993,92.05003247630124,4,1.1697464886624773,143,nan,nan,9.3643968727245,15,nan,0,nan,nan,nan
3,0,init,False,19,0.3614042791791365,0.0,0.5443529209573507,0.4283663315382897,94.70932325003324,4,1.2914698356524905,147,nan,nan,10.537613697884298,15,nan,0,nan,nan,nan
3,0,init,False,20,1.1237436745120502,0.0,0.1506943399034853,0.8784531211345564,74.65822521997791,4,1.2522667698187906,126,nan,nan,6.4742167580679,10,nan,0,nan,nan,nan
3,0,init,False,21,0.48646786313588014,0.0,0.8470192076832614,0.3288886919527557,78.49371927859829,4,1.2956308258276654,125,nan,nan,9.434113855160204,15,nan,0,nan,nan,nan
3,0,init,False,22,1.1811721758476943,0.0,0.13474149447518272,0.7396946074727961,35.3537841656409,4,1.6002462899003156,65,nan,nan,2.340317431032207,3,nan,0,nan,nan,nan
3,0,init,False,23,0.5342055744252718,0.0,0.15393891255971237,0.5884220754114263,20.35954427838876,4,1.4853578680848185,45,nan,nan,1.6117748430731833,3,nan,0,nan,nan,nan
3,1,step,False,0,2.012293809437055,0.084337166537328,0.08380084713341804,1.5402516091339595,37.93057280478205,4,1.3455784074471395,70,10.922416364615072,14.482454994206554,2.3987478743099753,5,0.3531354825853536,0,1.5615755036669832,1.0,3.0150599448134843e-16
3,1,step,False,1,0.7367854000076806,0.6421808275675979,0.3033297504573349,0.6440423118210855,57.99527211735812,4,1.3382596057270464,106,15.010092051920687,22.83846301223448,4.319028570941812,7,0.262418702150939,0,1.5615755036669832,1.0,3.0150599448134843e-16
3,1,step,False,2,0.6609735095724033,0.1785527431679681,0.38623699695226416,0.7646360036319266,63.15955652333682,4,1.3465946908914779,109,16.773240001704252,26.060001847395142,6.59799573995392,10,0.31487303854852927,0,1.5615755036669832,1.0,3.0150599448134843e-16
3,1,step,False,3,1.5791575861932878,0.3699848851788951,0.24354967217360451,1.115232313634725,50.09814652505192,4,1.4943202051199926,94,14.899836431441516,19.76585011294503,5.7789260660438275,8,0.18259245601222918,0,1.5615755036669832,1.0,3.0150599448134843e-16
3,1,step,False,4,1.2628620126326964,0.20995412848930037,0.16950896581629626,0.9902355710827684,82.79149624132033,4,1.204873137523886,136,30.000734778869607,41.36548508494214,7.437269315357204,10,0.22296999271925258,0,1.5615755036669832,1.0,3.0150599448134843e-16
3,1,step,False,5,2.203884775882906,0.03407567155503512,0.10451028839151918,1.6749614487151394,26.607861162891997,4,1.6151408514682852,50,5.701010206032429,9.540497063668147,2.8267201846873764,5,0.17511897103862706,0,1.5615755036669832,1.0,3.0150599448134843e-16
3,1,step,False,6,1.3474154075443938,0.1254646522168827,0.21320513794625756,0.9864678493589868,22.494725083016796,4,1.6539183287774182,46,5.15968537689842,8.178615756529265,2.615243560051563,4,0.1462247915100673,0,1.5615755036669832,1.0,3.0150599448134843e-16
3,1,step,False,7,0.637017188984615,0.1729124512205909,0.3707487381791445,0.6031598226075812,88.99898775563832,4,1.2111449125455207,139,30.448542280750008,41.1574719300779,9.682665901664583,13,0.14454354375828346,0,1.5615755036669832,1.0,3.0150599448134843e-16
3,1,step,False,8,1.1241654617540675,0.15133430672621906,0.17177864712806812,0.9203420329676484,88.03765048272967,4,1.257016970154669,145,29.053652846562443,41.683052171770576,8.152211720119793,13,0.2455470499619275,0,1.5615755036669832,1.0,3.0150599448134843e-16
3,1,step,False,9,0.3160041946949852,0.240074323669051,0.4686036486010847,0.23123521902121053,108.0706132519012,4,1.2117144547233307,161,42.8935622231798,58.530855301915764,12.079669779619502,18,0.21192436912623924,0,1.5615755036669832,1.0,3.0150599448134843e-16
3,1,step,False,10,0.5495978082565923,0.33874743138213675,0.42324479036028734,0.5960798006648088,39.635768704361176,4,1.524224254169316,70,10.636952920369222,14.250463305950456,3.537934644185022,6,0.3010859148217711,0,1.5615755036669832,1.0,3.0150599448134843e-16
3,1,step,False,11,1.145507073081825,0.2100329640281637,0.33149742431484497,0.8515123938283693,53.50595265384432,4,1.3543931342986377,91,16.987319016572748,22.422380618220046,7.38593777801114,11,0.1569115508078622,0,1.5615755036669832,1.0,3.0150599448134843e-16
3,1,step,False,12,1.6167986815583852,0.2881620670694979,0.1241686154860682,1.1627560541958475,35.30335441281399,4,1.470880390822856,74,8.27525075068241,10.276580991030693,2.9313321915881727,7,0.23561973210040404,0,1.5615755036669832,1.0,3.0150599448134843e-16
3,1,step,False,13,1.4957891254472597,0.06294002971311063,0.23475545137318865,1.2212379390800372,37.83702709614994,4,1.514555800642806,63,14.486518135238502,20.3996384800186,2.803091225960861,3,0.26053899336491176,0,1.5615755036669832,1.0,3.0150599448134843e-16
3,1,step,False,14,1.2928729106443955,0.42470536191375413,0.11101843678701802,1.025695678413242,59.557835607351116,4,1.3574636402010074,100,21.64276409526105,30.36216966529646,6.206718192376204,9,0.24772337981592338,0,1.5615755036669832,1.0,3.0150599448134843e-16
3,1,step,False,15,1.0821811863143032,0.11966737886638791,0.077442052285507,0.9211732005257176,80.57983105058655,4,1.2621418675497373,123,30.556319088868502,43.483785732213775,7.850604467949541,13,0.10641300960692426,0,1.5615755036669832,1.0,3.0150599448134843e-16
3,1,step,False,16,2.2308898068401075,0.06336986813535507,0.1483887015502241,1.6678017973001766,29.913116794190373,4,1.419443889218377,53,9.17412241406408,12.544210845162215,2.7772449603376677,3,0.25034429645649514,0,1.5615755036669832,1.0,3.0150599448134843e-16
3,1,step,False,17,0.9897997487825622,0.12515275758875696,0.23025120718122502,0.7823522654289061,81.85760306373517,4,1.2668221508812167,130,29.688235730993995,42.488633301819924,8.856224368899573,12,0.15352534297303103,0,1.5615755036669832,1.0,3.0150599448134843e-16
3,1,step,False,18,0.5590769175905304,0.09407934998014328,0.17919368873205777,0.5057778254642993,92.05003247630124,4,1.1697464886624773,143,34.46379207333563,47.075097607185626,9.3643968727245,15,0.27125616615298226,0,1.5615755036669832,1.0,3.0150599448134843e-16
3,1,step,False,19,0.3614042791791365,0.3210709805793633,0.5443529209573507,0.4283663315382897,94.70932325003324,4,1.2914698356524905,147,32.555472275433054,45.326689933314725,10.537613697884298,15,0.2893873185885152,0,1.5615755036669832,1.0,3.0150599448134843e-16
3,1,step,False,20,1.1237436745120502,0.07864010979381834,0.1506943399034853,0.8784531211345564,74.65822521997791,4,1.2522667698187906,126,29.580320927251453,39.15800024600011,6.4742167580679,10,0.2575675298095879,0,1.5615755036669832,1.0,3.0150599448134843e-16
3,1,step,False,21,0.48646786313588014,0.08504153436420428,0.8470192076832614,0.3288886919527557,78.49371927859829,4,1.2956308258276654,125,26.417901366606994,36.81208911139034,9.434113855160204,15,0.029490600289560607,0,1.5615755036669832,1.0,3.0150599448134843e-16
3,1,step,False,22,1.1811721758476943,0.25799546326426714,0.13474149447518272,0.7396946074727961,35.3537841656409,4,1.6002462899003156,65,10.049682712382431,14.14525421403489,2.340317431032207,3,0.3382323099467393,0,1.5615755036669832,1.0,3.0150599448134843e-16
3,1,step,False,23,0.5342055744252718,0.11708576298410475,0.15393891255971237,0.5884220754114263,20.35954427838876,4,1.4853578680848185,45,4.6225759309657,5.500069281013567,1.6117748430731833,3,0.03537029167869883,0,1.5615755036669832,1.0,3.0150599448134843e-16
3,2,step,False,0,2.012293809437055,0.10621710904500353,0.08380084713341804,1.5402516091339595,37.93057280478205,4,1.3455784074471395,70,10.243728258243197,13.741355192493229,2.3987478743099753,5,0.22609420728544946,0,1.1042006279777221,0.6163718402385712,1.069570141664444e-15
3,2,step,False,1,0.7367854000076806,0.4451556670191428,0.3033297504573349,0.6440423118210855,57.99527211735812,4,1.3382596057270464,106,15.567476056174657,23.880165468043177,4.319028570941812,7,0.18600968884760505,0,1.1042006279777221,0.6163718402385712,1.069570141664444e-15
3,2,step,False,2,0.6609735095724033,0.23366473445605637,0.38623699695226416,0.7646360036319266,63.15955652333682,4,1.3465946908914779,109,14.023372858193012,20.70808201590603,6.59799573995392,10,0.1654477275451426,0,1.1042006279777221,0.6163718402385712,1.069570141664444e-15
3,2,step,False,3,1.5791575861932878,0.504795715879976,0.24354967217360451,1.115232313634725,50.09814652505192,4,1.4943202051199926,94,14.589449070399251,19.283662447353453,5.7789260660438275,8,0.16824946212409156,0,1.1042006279777221,0.6163718402385712,1.069570141664444e-15
3,2,step,False,4,1.2628620126326964,0.16822641052454076,0.16950896581629626,0.9902355710827684,82.79149624132033,4,1.204873137523886,136,28.18959175647442,36.43346929588866,7.437269315357204,10,0.21448688264212837,0,1.1042006279777221,0.6163718402385712,1.069570141664444e-15
3,2,step,False,5,2.203884775882906,0.18179394495784676,0.10451028839151918,1.6749614487151394,26.607861162891997,4,1.6151408514682852,50,5.053112773527811,7.415826782714469,2.8267201846873764,5,0.16286945228098115,0,1.1042006279777221,0.6163718402385712,1.069570141664444e-15
3,2,step,False,6,1.3474154075443938,0.10253890661157687,0.21320513794625756,0.9864678493589868,22.494725083016796,4,1.6539183287774182,46,6.838118741955834,10.162193556539208,2.615243560051563,4,0.16976245907513668,0,1.1042006279777221,0.6163718402385712,1.069570141664444e-15
3,2,step,False,7,0.637017188984615,0.24370696258409844,0.3707487381791445,0.6031598226075812,88.99898775563832,4,1.2111449125455207,139,31.20272132799134,43.57594160767991,9.682665901664583,13,0.14114329340136317,0,1.1042006279777221,0.6163718402385712,1.069570141664444e-15
3,2,step,False,8,1.1241654617540675,0.17014592481529325,0.17177864712806812,0.9203420329676484,88.03765048272967,4,1.257016970154669,145,29.141376071040966,39.46818367793732,8.152211720119793,13,0.22355177882415841,0,1.1042006279777221,0.6163718402385712,1.069570141664444e-15
3,2,step,False,9,0.3160041946949852,0.4354349384776185,0.4686036486010847,0.23123521902121053,108.0706132519012,4,1.2117144547233307,161,45.232317497495934,59.925551920208804,12.079669779619502,18,0.1284258979338729,0,1.1042006279777221,0.6163718402385712,1.069570141664444e-15
3,2,step,False,10,0.5495978082565923,0.30526935263237387,0.42324479036028734,0.5960798006648088,39.635768704361176,4,1.524224254169316,70,13.553398037997752,19.018114988068618,3.537934644185022,6,0.18895696773542925,0,1.1042006279777221,0.6163718402385712,1.069570141664444e-15
3,2,step,False,11,1.145507073081825,0.23977763367995453,0.33149742431484497,0.8515123938283693,53.50595265384432,4,1.3543931342986377,91,17.808071293075443,24.14215757324284,7.38593777801114,11,0.16588557108557828,0,1.1042006279777221,0.6163718402385712,1.069570141664444e-15
3,2,step,False,12,1.6167986815583852,0.5492382002410816,0.1241686154860682,1.1627560541958475,35.30335441281399,4,1.470880390822856,74,7.738929674868454,10.453576180357265,2.9313321915881727,7,0.20849536505151717,0,1.1042006279777221,0.6163718402385712,1.069570141664444e-15
3,2,step,False,13,1.4957891254472597,0.05945798999116523,0.23475545137318865,1.2212379390800372,37.83702709614994,4,1.514555800642806,63,12.460188643120938,17.441804399303596,2.803091225960861,3,0.22728567524620752,0,1.1042006279777221,0.6163718402385712,1.069570141664444e-15
3,2,step,False,14,1.2928729106443955,0.43737968904132274,0.11101843678701802,1.025695678413242,59.557835607351116,4,1.3574636402010074,100,20.500561575885257,26.85130456585734,6.206718192376204,9,0.20984120445236915,0,1.1042006279777221,0.6163718402385712,1.069570141664444e-15
3,2,step,False,15,1.0821811863143032,0.1320712745481584,0.077442052285507,0.9211732005257176,80.57983105058655,4,1.2621418675497373,123,30.94466263525608,41.75892241290976,7.850604467949541,13,0.25327298346448124,0,1.1042006279777221,0.6163718402385712,1.069570141664444e-15
3,2,step,False,16,2.2308898068401075,0.12532197855890428,0.1483887015502241,1.6678017973001766,29.913116794190373,4,1.419443889218377,53,7.118993555312828,9.701808949112586,2.7772449603376677,3,0.21156011729905178,0,1.1042006279777221,0.6163718402385712,1.069570141664444e-15
3,2,step,False,17,0.9897997487825622,0.2772840946406118,0.23025120718122502,0.7823522654289061,81.85760306373517,4,1.2668221508812167,130,27.418108892189355,37.97597597991578,8.856224368899573,12,0.13525222579324592,0,1.1042006279777221,0.6163718402385712,1.069570141664444e-15
3,2,step,False,18,0.5590769175905304,0.13871487344449676,0.17919368873205777,0.5057778254642993,92.05003247630124,4,1.1697464886624773,143,34.5003578898138,48.66331363392881,9.3643968727245,15,0.2101653358000429,0,1.1042006279777221,0.6163718402385712,1.069570141664444e-15
3,2,step,False,19,0.3614042791791365,0.4379808280356545,0.5443529209573507,0.4283663315382897,94.70932325003324,4,1.2914698356524905,147,31.666594789047842,44.24266775270959,10.537613697884298,15,0.21835458982893108,0,1.1042006279777221,0.6163718402385712,1.069570141664444e-15
3,2,step,False,20,1.1237436745120502,0.08823439474482105,0.1506943399034853,0.8784531211345564,74.65822521997791,4,1.2522667698187906,126,29.96510326556117,41.42076266293369,6.4742167580679,10,0.1843703907495001,0,1.1042006279777221,0.6163718402385712,1.069570141664444e-15
3,2,step,False,21,0.48646786313588014,0.21366613981743304,0.8470192076832614,0.3288886919527557,78.49371927859829,4,1.2956308258276654,125,29.478369205855163,41.45750313793567,9.434113855160204,15,0.042426854349084116,0,1.1042006279777221,0.6163718402385712,1.069570141664444e-15
3,2,step,False,22,1.1811721758476943,0.207515137868129,0.13474149447518272,0.7396946074727961,35.3537841656409,4,1.6002462899003156,65,10.093165789830433,14.766305165004656,2.340317431032207,3,0.1539854201582457,0,1.1042006279777221,0.6163718402385712,1.069570141664444e-15
3,2,step,False,23,0.5342055744252718,0.11526752855805467,0.15393891255971237,0.5884220754114263,20.35954427838876,4,1.4853578680848185,45,6.672240637020543,9.06015636232297,1.6117748430731833,3,0.11383770270313512,0,1.1042006279777221,0.6163718402385712,1.069570141664444e-15
3,3,step,False,0,2.012293809437055,0.08464994718374866,0.08380084713341804,1.5402516091339595,37.93057280478205,4,1.3455784074471395,70,8.66259461983002,11.439350614257894,2.3987478743099753,5,0.15271298696193206,0,0.7807877518334915,0.3722415715456009,5.489750886129736e-15
3,3,step,False,1,0.7367854000076806,0.40552808696497183,0.3033297504573349,0.6440423118210855,57.99527211735812,4,1.3382596057270464,106,16.07633952946413,25.227840868875727,4.319028570941812,7,0.13994107769244135,0,0.7807877518334915,0.3722415715456009,5.489750886129736e-15
3,3,step,False,2,0.6609735095724033,0.20837690910329887,0.38623699695226416,0.7646360036319266,63.15955652333682,4,1.3465946908914779,109,17.423941488564235,26.134523950178515,6.59799573995392,10,0.04377582713875443,0,0.7807877518334915,0.3722415715456009,5.489750886129736e-15
3,3,step,False,3,1.5791575861932878,0.6302259468061334,0.24354967217360451,1.115232313634725,50.09814652505192,4,1.4943202051199926,94,15.519719457096299,20.606324470142837,5.7789260660438275,8,0.07272399247804553,0,0.7807877518334915,0.3722415715456009,5.489750886129736e-15
3,3,step,False,4,1.2628620126326964,0.13665436730550481,0.16950896581629626,0.9902355710827684,82.79149624132033,4,1.204873137523886,136,28.806371194683088,35.87437855282495,7.437269315357204,10,0.10745601904729059,0,0.7807877518334915,0.3722415715456009,5.489750886129736e-15
3,3,step,False,5,2.203884775882906,0.24972769802320746,0.10451028839151918,1.6749614487151394,26.607861162891997,4,1.6151408514682852,50,4.795874648712965,6.312481880235796,2.8267201846873764,5,0.10357205175391095,0,0.7807877518334915,0.3722415715456009,5.489750886129736e-15
3,3,step,False,6,1.3474154075443938,0.09735556863528971,0.21320513794625756,0.9864678493589868,22.494725083016796,4,1.6539183287774182,46,8.148156385492735,10.961836862789342,2.615243560051563,4,0.10738305713615702,0,0.7807877518334915,0.3722415715456009,5.489750886129736e-15
3,3,step,False,7,0.637017188984615,0.29497819700724404,0.3707487381791445,0.6031598226075812,88.99898775563832,4,1.2111449125455207,139,30.32618925994669,41.655999833469295,9.682665901664583,13,0.12568644020847447,0,0.7807877518334915,0.3722415715456009,5.489750886129736e-15
3,3,step,False,8,1.1241654617540675,0.20304514569563448,0.17177864712806812,0.9203420329676484,88.03765048272967,4,1.257016970154669,145,30.529737637587292,41.54862419652947,8.152211720119793,13,0.14744132893193262,0,0.7807877518334915,0.3722415715456009,5.489750886129736e-15
3,3,step,False,9,0.3160041946949852,0.4041380790732763,0.4686036486010847,0.23123521902121053,108.0706132519012,4,1.2117144547233307,161,47.444374461559114,60.66444350285433,12.079669779619502,18,0.11641787812889012,0,0.7807877518334915,0.3722415715456009,5.489750886129736e-15
3,3,step,False,10,0.5495978082565923,0.45144434502409525,0.42324479036028734,0.5960798006648088,39.635768704361176,4,1.524224254169316,70,15.404811098277069,21.329492825716045,3.537934644185022,6,0.170483715414858,0,0.7807877518334915,0.3722415715456009,5.489750886129736e-15
3,3,step,False,11,1.145507073081825,0.15518105027472973,0.33149742431484497,0.8515123938283693,53.50595265384432,4,1.3543931342986377,91,16.02794642821652,21.596162707249285,7.38593777801114,11,0.13707284101296727,0,0.7807877518334915,0.3722415715456009,5.489750886129736e-15
3,3,step,False,12,1.6167986815583852,0.37750663798008544,0.1241686154860682,1.1627560541958475,35.30335441281399,4,1.470880390822856,74,8.7319299370399,13.544892585142978,2.9313321915881727,7,0.09877079656728528,0,0.7807877518334915,0.3722415715456009,5.489750886129736e-15
3,3,step,False,13,1.4957891254472597,0.04308686945152836,0.23475545137318865,1.2212379390800372,37.83702709614994,4,1.514555800642806,63,10.105466898283613,13.453761935871988,2.803091225960861,3,0.14770009923270408,0,0.7807877518334915,0.3722415715456009,5.489750886129736e-15
3,3,step,False,14,1.2928729106443955,0.4501901809042358,0.11101843678701802,1.025695678413242,59.557835607351116,4,1.3574636402010074,100,18.870988352420834,25.52970988589244,6.206718192376204,9,0.08995463910461435,0,0.7807877518334915,0.3722415715456009,5.489750886129736e-15
3,3,step,False,15,1.0821811863143032,0.0960329815306631,0.077442052285507,0.9211732005257176,80.57983105058655,4,1.2621418675497373,123,29.800168047393893,38.33829577842145,7.850604467949541,13,0.14455126583009373,0,0.7807877518334915,0.3722415715456009,5.489750886129736e-15
3,3,step,False,16,2.2308898068401075,0.10301411535060051,0.1483887015502241,1.6678017973001766,29.913116794190373,4,1.419443889218377,53,5.681205885355178,7.894570786628931,2.7772449603376677,3,0.14479797970860067,0,0.7807877518334915,0.3722415715456009,5.489750886129736e-15
3,3,step,False,17,0.9897997487825622,0.327081162380984,0.23025120718122502,0.7823522654289061,81.85760306373517,4,1.2668221508812167,130,25.57636080556158,33.83516818123548,8.856224368899573,12,0.12702652579697601,0,0.7807877518334915,0.3722415715456009,5.489750886129736e-15
3,3,step,False,18,0.5590769175905304,0.20858624823914895,0.17919368873205777,0.5057778254642993,92.05003247630124,4,1.1697464886624773,143,35.050273955369946,48.0324384478517,9.3643968727245,15,0.12411654522132054,0,0.7807877518334915,0.3722415715456009,5.489750886129736e-15
3,3,step,False,19,0.3614042791791365,0.49995996870716214,0.5443529209573507,0.4283663315382897,94.70932325003324,4,1.2914698356524905,147,31.678069680458325,45.71761023428393,10.537613697884298,15,0.130368334734467,0,0.7807877518334915,0.3722415715456009,5.489750886129736e-15
3,3,step,False,20,1.1237436745120502,0.1371436122654545,0.1506943399034853,0.8784531211345564,74.65822521997791,4,1.2522667698187906,126,27.42846891697752,38.08448882164384,6.4742167580679,10,0.16590473883954746,0,0.7807877518334915,0.3722415715456009,5.489750886129736e-15
3,3,step,False,21,0.48646786313588014,0.5034082683041796,0.8470192076832614,0.3288886919527557,78.49371927859829,4,1.2956308258276654,125,31.08876564787286,42.457708004585136,9.434113855160204,15,0.13203573774458735,0,0.7807877518334915,0.3722415715456009,5.489750886129736e-15
3,3,step,False,22,1.1811721758476943,0.3475897648950105,0.13474149447518272,0.7396946074727961,35.3537841656409,4,1.6002462899003156,65,8.227265583410603,12.66432096669169,2.340317431032207,3,0.1166340902867335,0,0.7807877518334915,0.3722415715456009,5.489750886129736e-15
3,3,step,False,23,0.5342055744252718,0.23534837727954946,0.15393891255971237,0.5884220754114263,20.35954427838876,4,1.4853578680848185,45,8.594983716251226,11.848060551844576,1.6117748430731833,3,0.14736502983073446,0,0.7807877518334915,0.3722415715456009,5.489750886129736e-15
4,0,init,False,0,0.7314387939142174,0.0,0.5073575779719194,0.3488720987583121,44.639233131341264,4,1.4717034210320197,80,nan,nan,6.743486723225711,11,nan,0,nan,nan,nan
4,0,init,False,1,0.1901008407877457,2.1073424255447017e-08,0.8060556090402555,0.1562697109825038,95.16254019214296,4,1.1874728407876145,152,nan,nan,5.922904203663682,8,nan,0,nan,nan,nan
4,0,init,False,2,1.441147482065505,2.1073424255447017e-08,0.09893059557084266,0.875115265500899,70.04878199399387,4,1.2364578866533147,111,nan,nan,6.939691096062599,11,nan,0,nan,nan,nan
4,0,init,False,3,0.767155368090763,1.4901161193847656e-08,0.39211122835536594,0.3000681300408479,100.75550557741175,4,1.2565369514170905,162,nan,nan,9.798507407639029,16,nan,0,nan,nan,nan
4,0,init,False,4,0.5621501343069247,0.0,0.10521224533694302,0.31103520024761433,89.49245843116506,4,1.1743079759427548,143,nan,nan,4.9363596942161205,7,nan,0,nan,nan,nan
4,0,init,False,5,1.741348863480143,2.5809568279517847e-08,0.13551876239308314,1.0518740386369914,46.93688532852703,4,1.300178936994807,78,nan,nan,4.330237583719368,7,nan,0,nan,nan,nan
4,0,init,False,6,1.1638828463724025,1.4901161193847656e-08,0.06289977297936399,0.622028426472157,73.73652846831166,4,1.3447438919268,122,nan,nan,5.2558948172297475,8,nan,0,nan,nan,nan
4,0,init,False,7,2.6451436560886648,0.0,0.07602073873092775,1.546293103374471,13.3769927683865,4,1.5612099688142451,29,nan,nan,1.8547885538293745,3,nan,0,nan,nan,nan
4,0,init,False,8,1.1773111634983904,0.0,0.23291791713110763,0.7933264009229355,64.15268601527599,4,1.229517982047906,102,nan,nan,9.35280183875865,14,nan,0,nan,nan,nan
4,0,init,False,9,2.021911938662873,0.0,0.03730169591404009,1.2721400504958391,18.556817078819357,4,1.3693512604865345,39,nan,nan,2.126737249611038,3,nan,0,nan,nan,nan
4,0,init,False,10,1.5164206506624354,0.0,0.13808931204054878,0.8302204335831187,46.70874174669558,4,1.527742603416708,79,nan,nan,4.745877672200862,8,nan,0,nan,nan,nan
4,0,init,False,11,1.7873261353014271,2.1073424255447017e-08,0.26528785634809443,1.126051849928676,57.084695115331876,4,1.5808953940501442,96,nan,nan,4.722580352927004,10,nan,0,nan,nan,nan
4,0,init,False,12,0.4960937291639991,0.0,0.4108634612164743,0.3111488363554541,63.6783197134603,4,1.3589012809914252,108,nan,nan,6.920889897012751,12,nan,0,nan,nan,nan
4,0,init,False,13,0.7733730741862967,0.0,0.25563087505352156,0.451534386767639,66.83403132970636,4,1.329152171362885,115,nan,nan,7.397742050815116,12,nan,0,nan,nan,nan
4,0,init,False,14,1.2441028283176079,0.0,0.08698193174574825,0.7674945914542526,58.061725957454186,4,1.2633188937440742,98,nan,nan,6.996872352729445,11,nan,0,nan,nan,nan
4,0,init,False,15,1.020636180189332,1.4901161193847656e-08,0.06380384431239458,0.6787413011425951,58.51959310555104,4,1.2981172287303016,108,nan,nan,6.89146983461789,10,nan,0,nan,nan,nan
4,0,init,False,16,0.6465795769665226,0.0,0.44473672083792226,0.3681701844501494,97.89745695364742,4,1.2003166810382462,147,nan,nan,8.645421951049213,14,nan,0,nan,nan,nan
4,0,init,False,17,1.3800791253006297,0.0,0.3454219447144979,0.7570265018045935,48.80763556737149,4,1.4697516896109295,86,nan,nan,6.581611878102242,13,nan,0,nan,nan,nan
4,0,init,False,18,1.9545733255213382,0.0,0.17340324924760217,1.3881731250162486,7.853191170770043,4,1.7569804946433485,22,nan,nan,1.0,1,nan,0,nan,nan,nan
4,0,init,False,19,0.8642655972196809,0.0,0.03665801877604915,0.45671670486002897,61.87620529710102,4,1.340721252836389,104,nan,nan,5.866067768560746,8,nan,0,nan,nan,nan
4,0,init,False,20,0.4015157065634968,1.4901161193847656e-08,0.735242077860848,0.23255373067413956,32.3597539167309,4,1.4465041377328534,59,nan,nan,3.404123656911282,4,nan,0,nan,nan,nan
4,0,init,False,21,1.0339699688965198,1.4901161193847656e-08,0.12056576519138043,0.6144482949458159,110.95355214142103,4,1.16420689553413,158,nan,nan,9.592316020442885,14,nan,0,nan,nan,nan
4,0,init,False,22,0.8323167227644012,1.4901161193847656e-08,0.13164829101919223,0.5634638051950027,28.29923000992318,4,1.2823286814629669,48,nan,nan,4.825125902989847,7,nan,0,nan,nan,nan
4,0,init,False,23,0.6269417020834565,0.0,0.38204053994893644,0.33682594423068674,84.20743898946,4,1.3641352759470966,132,nan,nan,9.148491493685366,16,nan,0,nan,nan,nan
4,1,step,False,0,0.7314387939142174,0.38674401871045205,0.5073575779719194,0.3488720987583121,44.639233131341264,4,1.4717034210320197,80,10.867840800094928,16.34553838528442,6.743486723225711,11,0.33176131014042887,0,1.5893452000177961,1.0,2.650142900376273e-16
4,1,step,False,1,0.1901008407877457,0.24228709326625292,0.8060556090402555,0.1562697109825038,95.16254019214296,4,1.1874728407876145,152,30.42662057704763,44.156256981023,5.922904203663682,8,0.22820756935862685,0,1.5893452000177961,1.0,2.650142900376273e-16
4,1,step,False,2,1.441147482065505,0.2931771542040245,0.09893059557084266,0.875115265500899,70.04878199399387,4,1.2364578866533147,111,21.88223548020074,29.81173253236193,6.939691096062599,11,0.2317340243264056,0,1.5893452000177961,1.0,2.650142900376273e-16
4,1,step,False,3,0.767155368090763,0.1327487194727635,0.39211122835536594,0.3000681300408479,100.75550557741175,4,1.2565369514170905,162,36.94905793727604,50.487823389069,9.798507407639029,16,0.25983707349892254,0,1.5893452000177961,1.0,2.650142900376273e-16
4,1,step,False,4,0.5621501343069247,0.4805789983120324,0.10521224533694302,0.31103520024761433,89.49245843116506,4,1.1743079759427548,143,35.40288280778162,49.32900839808475,4.9363596942161205,7,0.2244715102345703,0,1.5893452000177961,1.0,2.650142900376273e-16
4,1,step,False,5,1.741348863480143,0.18549728054602194,0.13551876239308314,1.0518740386369914,46.93688532852703,4,1.300178936994807,78,14.18712793226074,20.63637407450372,4.330237583719368,7,0.3261581805293454,0,1.5893452000177961,1.0,2.650142900376273e-16
4,1,step,False,6,1.1638828463724025,0.17461116765034607,0.06289977297936399,0.622028426472157,73.73652846831166,4,1.3447438919268,122,27.282808259752084,37.815597881797714,5.2558948172297475,8,0.23482026584266905,0,1.5893452000177961,1.0,2.650142900376273e-16
4,1,step,False,7,2.6451436560886648,0.07662333455006454,0.07602073873092775,1.546293103374471,13.3769927683865,4,1.5612099688142451,29,2.6389656743092327,3.812855159915729,1.8547885538293745,3,0.35620343482932204,0,1.5893452000177961,1.0,2.650142900376273e-16
4,1,step,False,8,1.1773111634983904,0.14961783131232742,0.23291791713110763,0.7933264009229355,64.15268601527599,4,1.229517982047906,102,22.14512891317337,30.00529150549333,9.35280183875865,14,0.14416369134696017,0,1.5893452000177961,1.0,2.650142900376273e-16
4,1,step,False,9,2.021911938662873,0.18740654799528822,0.03730169591404009,1.2721400504958391,18.556817078819357,4,1.3693512604865345,39,4.501621848275079,5.600855680845511,2.126737249611038,3,0.15342948807754075,0,1.5893452000177961,1.0,2.650142900376273e-16
4,1,step,False,10,1.5164206506624354,0.05097150759703574,0.13808931204054878,0.8302204335831187,46.70874174669558,4,1.527742603416708,79,15.88586239200536,23.671434326590305,4.745877672200862,8,0.23803232517874817,0,1.5893452000177961,1.0,2.650142900376273e-16
4,1,step,False,11,1.7873261353014271,0.3811887903970269,0.26528785634809443,1.126051849928676,57.084695115331876,4,1.5808953940501442,96,16.934463209239592,24.277678458123926,4.722580352927004,10,0.2201551945791138,0,1.5893452000177961,1.0,2.650142900376273e-16
4,1,step,False,12,0.4960937291639991,0.17299377033817387,0.4108634612164743,0.3111488363554541,63.6783197134603,4,1.3589012809914252,108,18.425165416187124,25.54088599863783,6.920889897012751,12,0.24340610257081585,0,1.5893452000177961,1.0,2.650142900376273e-16
4,1,step,False,13,0.7733730741862967,0.24514804153012318,0.25563087505352156,0.451534386767639,66.83403132970636,4,1.329152171362885,115,18.09668162674781,27.251058628448416,7.397742050815116,12,0.21965775044101268,0,1.5893452000177961,1.0,2.650142900376273e-16
4,1,step,False,14,1.2441028283176079,0.5378017842389295,0.08698193174574825,0.7674945914542526,58.061725957454186,4,1.2633188937440742,98,18.681311522456305,25.606853720183594,6.996872352729445,11,0.27930297798086984,0,1.5893452000177961,1.0,2.650142900376273e-16
4,1,step,False,15,1.020636180189332,0.24257610918435613,0.06380384431239458,0.6787413011425951,58.51959310555104,4,1.2981172287303016,108,16.919473306581814,25.11235260271079,6.89146983461789,10,0.25330658080620727,0,1.5893452000177961,1.0,2.650142900376273e-16
4,1,step,False,16,0.6465795769665226,0.203695266494402,0.44473672083792226,0.3681701844501494,97.89745695364742,4,1.2003166810382462,147,36.715597490790174,52.64884482421617,8.645421951049213,14,0.22898485487993567,0,1.5893452000177961,1.0,2.650142900376273e-16
4,1,step,False,17,1.3800791253006297,0.1302079678264401,0.3454219447144979,0.7570265018045935,48.80763556737149,4,1.4697516896109295,86,13.735150674123815,18.06236898152559,6.581611878102242,13,0.1284518631316737,0,1.5893452000177961,1.0,2.650142900376273e-16
4,1,step,False,18,1.9545733255213382,0.0,0.17340324924760217,1.3881731250162486,7.853191170770043,4,1.7569804946433485,22,1.323810857228164,1.5861607274659202,1.0,1,0.4575839505619306,0,1.5893452000177961,1.0,2.650142900376273e-16
4,1,step,False,19,0.8642655972196809,0.5199393564953578,0.03665801877604915,0.45671670486002897,61.87620529710102,4,1.340721252836389,104,21.447002476224277,28.496418702030272,5.866067768560746,8,0.24589153297050728,0,1.5893452000177961,1.0,2.650142900376273e-16
4,1,step,False,20,0.4015157065634968,0.19872353112788083,0.735242077860848,0.23255373067413956,32.3597539167309,4,1.4465041377328534,59,8.713449693383566,13.394106441929836,3.404123656911282,4,0.23458398733011945,0,1.5893452000177961,1.0,2.650142900376273e-16
4,1,step,False,21,1.0339699688965198,0.16492600617865905,0.12056576519138043,0.6144482949458159,110.95355214142103,4,1.16420689553413,158,47.440106444905595,65.38818605400166,9.592316020442885,14,0.25285204619252305,0,1.5893452000177961,1.0,2.650142900376273e-16
4,1,step,False,22,0.8323167227644012,0.21136476843600802,0.13164829101919223,0.5634638051950027,28.29923000992318,4,1.2823286814629669,48,9.93844657111371,14.007689025494434,4.825125902989847,7,0.3381286539579527,0,1.5893452000177961,1.0,2.650142900376273e-16
4,1,step,False,23,0.6269417020834565,0.17308271870482145,0.38204053994893644,0.33682594423068674,84.20743898946,4,1.3641352759470966,132,29.45918808884126,41.345521551778255,9.148491493685366,16,0.26598356701145387,0,1.5893452000177961,1.0,2.650142900376273e-16
4,2,step,False,0,0.7314387939142174,0.41519208300338456,0.5073575779719194,0.3488720987583121,44.639233131341264,4,1.4717034210320197,80,12.456261522761887,18.57593099366902,6.743486723225711,11,0.24250392362293424,0,1.1238367685788733,0.6256556212902069,3.5196314653076953e-16
4,2,step,False,1,0.1901008407877457,0.151258154184699,0.8060556090402555,0.1562697109825038,95.16254019214296,4,1.1874728407876145,152,30.485146514954415,42.02123353831196,5.922904203663682,8,0.14453076643524715,0,1.1238367685788733,0.6256556212902069,3.5196314653076953e-16
4,2,step,False,2,1.441147482065505,0.2162472107677181,0.09893059557084266,0.875115265500899,70.04878199399387,4,1.2364578866533147,111,23.711413235721853,32.31730360089359,6.939691096062599,11,0.14842345292992007,0,1.1238367685788733,0.6256556212902069,3.5196314653076953e-16
4,2,step,False,3,0.767155368090763,0.15634823390783023,0.39211122835536594,0.3000681300408479,100.75550557741175,4,1.2565369514170905,162,36.37854361807431,49.85449655025107,9.798507407639029,16,0.15120996638259818,0,1.1238367685788733,0.6256556212902069,3.5196314653076953e-16
4,2,step,False,4,0.5621501343069247,0.6157101895722391,0.10521224533694302,0.31103520024761433,89.49245843116506,4,1.1743079759427548,143,34.71435173769408,49.33969421012521,4.9363596942161205,7,0.14448958730700395,0,1.1238367685788733,0.6256556212902069,3.5196314653076953e-16
4,2,step,False,5,1.741348863480143,0.17687340315829375,0.13551876239308314,1.0518740386369914,46.93688532852703,4,1.300178936994807,78,11.105408761881245,15.379961247970412,4.330237583719368,7,0.21608063042394593,0,1.1238367685788733,0.6256556212902069,3.5196314653076953e-16
4,2,step,False,6,1.1638828463724025,0.2285400963858444,0.06289977297936399,0.622028426472157,73.73652846831166,4,1.3447438919268,122,28.81580017108331,39.04576973060165,5.2558948172297475,8,0.13674640335911756,0,1.1238367685788733,0.6256556212902069,3.5196314653076953e-16
4,2,step,False,7,2.6451436560886648,0.1711121696860143,0.07602073873092775,1.546293103374471,13.3769927683865,4,1.5612099688142451,29,1.5870464025094844,1.8731758917036647,1.8547885538293745,3,0.29099177193078635,0,1.1238367685788733,0.6256556212902069,3.5196314653076953e-16
4,2,step,False,8,1.1773111634983904,0.2540339833428781,0.23291791713110763,0.7933264009229355,64.15268601527599,4,1.229517982047906,102,22.44801472264589,29.819881096713342,9.35280183875865,14,0.17577061515325793,0,1.1238367685788733,0.6256556212902069,3.5196314653076953e-16
4,2,step,False,9,2.021911938662873,0.1455670813152547,0.03730169591404009,1.2721400504958391,18.556817078819357,4,1.3693512604865345,39,4.1780354631604615,4.964663477831597,2.126737249611038,3,0.19061560344191827,0,1.1238367685788733,0.6256556212902069,3.5196314653076953e-16
4,2,step,False,10,1.5164206506624354,0.08641942592984117,0.13808931204054878,0.8302204335831187,46.70874174669558,4,1.527742603416708,79,14.147723097730099,21.080286099720496,4.745877672200862,8,0.1497100527342863,0,1.1238367685788733,0.6256556212902069,3.5196314653076953e-16
4,2,step,False,11,1.7873261353014271,0.5075718108812971,0.26528785634809443,1.126051849928676,57.084695115331876,4,1.5808953940501442,96,15.013059606501455,22.172192032715984,4.722580352927004,10,0.1432413318101421,0,1.1238367685788733,0.6256556212902069,3.5196314653076953e-16
4,2,step,False,12,0.4960937291639991,0.19830351914247885,0.4108634612164743,0.3111488363554541,63.6783197134603,4,1.3589012809914252,108,18.918183241348615,25.68104079440602,6.920889897012751,12,0.1598983521841406,0,1.1238367685788733,0.6256556212902069,3.5196314653076953e-16
4,2,step,False,13,0.7733730741862967,0.31126303806310096,0.25563087505352156,0.451534386767639,66.83403132970636,4,1.329152171362885,115,21.360074318418903,34.18317124454858,7.397742050815116,12,0.18258625799407127,0,1.1238367685788733,0.6256556212902069,3.5196314653076953e-16
4,2,step,False,14,1.2441028283176079,0.609398526564476,0.08698193174574825,0.7674945914542526,58.061725957454186,4,1.2633188937440742,98,17.585886843595418,25.147762721737134,6.996872352729445,11,0.16310923809360733,0,1.1238367685788733,0.6256556212902069,3.5196314653076953e-16
4,2,step,False,15,1.020636180189332,0.10285622700504438,0.06380384431239458,0.6787413011425951,58.51959310555104,4,1.2981172287303016,108,17.618165453265313,24.62141928823063,6.89146983461789,10,0.14763862048122028,0,1.1238367685788733,0.6256556212902069,3.5196314653076953e-16
4,2,step,False,16,0.6465795769665226,0.26530812556868355,0.44473672083792226,0.3681701844501494,97.89745695364742,4,1.2003166810382462,147,37.0623791583758,52.149481693344626,8.645421951049213,14,0.22869241616386343,0,1.1238367685788733,0.6256556212902069,3.5196314653076953e-16
4,2,step,False,17,1.3800791253006297,0.17121501571790224,0.3454219447144979,0.7570265018045935,48.80763556737149,4,1.4697516896109295,86,12.547980906546552,16.858879956772878,6.581611878102242,13,0.1498345667118236,0,1.1238367685788733,0.6256556212902069,3.5196314653076953e-16
4,2,step,False,18,1.9545733255213382,0.0,0.17340324924760217,1.3881731250162486,7.853191170770043,4,1.7569804946433485,22,1.1940921041825139,1.3740915277597676,1.0,1,0.11900788227446997,0,1.1238367685788733,0.6256556212902069,3.5196314653076953e-16
4,2,step,False,19,0.8642655972196809,0.7193015923373819,0.03665801877604915,0.45671670486002897,61.87620529710102,4,1.340721252836389,104,22.507803419255538,29.036867435904924,5.866067768560746,8,0.16482684665902578,0,1.1238367685788733,0.6256556212902069,3.5196314653076953e-16
4,2,step,False,20,0.4015157065634968,0.10735003300263275,0.735242077860848,0.23255373067413956,32.3597539167309,4,1.4465041377328534,59,10.074242435085377,14.266522291822374,3.404123656911282,4,0.14337706751106702,0,1.1238367685788733,0.6256556212902069,3.5196314653076953e-16
4,2,step,False,21,1.0339699688965198,0.100256833058434,0.12056576519138043,0.6144482949458159,110.95355214142103,4,1.16420689553413,158,46.16199805203571,62.327335598842005,9.592316020442885,14,0.1628884483053777,0,1.1238367685788733,0.6256556212902069,3.5196314653076953e-16
4,2,step,False,22,0.8323167227644012,0.22667936525222845,0.13164829101919223,0.5634638051950027,28.29923000992318,4,1.2823286814629669,48,10.02161560734561,14.146526695560663,4.825125902989847,7,0.3059375360982734,0,1.1238367685788733,0.6256556212902069,3.5196314653076953e-16
4,2,step,False,23,0.6269417020834565,0.13088950768429378,0.38204053994893644,0.33682594423068674,84.20743898946,4,1.3641352759470966,132,29.90678186475758,43.14773473092324,9.148491493685366,16,0.1565567708061436,0,1.1238367685788733,0.6256556212902069,3.5196314653076953e-16
4,3,step,True,0,0.7314387939142174,0.41519208300338456,0.5073575779719194,0.3488720987583121,44.639233131341264,4,1.4717034210320197,80,14.73769424662968,21.834462885703754,6.743486723225711,11,0.09337245812950003,0,0.794672600008898,0.38218724727630615,nan
4,3,step,True,1,0.1901008407877457,0.151258154184699,0.8060556090402555,0.1562697109825038,95.16254019214296,4,1.1874728407876145,152,31.95230245633305,44.029382285678835,5.922904203663682,8,0.12549178584291515,0,0.794672600008898,0.38218724727630615,nan
4,3,step,True,2,1.441147482065505,0.2162472107677181,0.09893059557084266,0.875115265500899,70.04878199399387,4,1.2364578866533147,111,23.412272242146727,32.00000939148879,6.939691096062599,11,0.13135069028929158,0,0.794672600008898,0.38218724727630615,nan
4,3,step,True,3,0.767155368090763,0.15634823390783023,0.39211122835536594,0.3000681300408479,100.75550557741175,4,1.2565369514170905,162,34.91604706600451,45.922909953167284,9.798507407639029,16,0.10059178219031499,0,0.794672600008898,0.38218724727630615,nan
4,3,step,True,4,0.5621501343069247,0.6157101895722391,0.10521224533694302,0.31103520024761433,89.49245843116506,4,1.1743079759427548,143,31.492766990272216,42.65285169051311,4.9363596942161205,7,0.08589077136006659,0,0.794672600008898,0.38218724727630615,nan
4,3,step,True,5,1.741348863480143,0.17687340315829375,0.13551876239308314,1.0518740386369914,46.93688532852703,4,1.300178936994807,78,8.699092627020528,11.467580966433633,4.330237583719368,7,0.13885501880118536,0,0.794672600008898,0.38218724727630615,nan
4,3,step,True,6,1.1638828463724025,0.2285400963858444,0.06289977297936399,0.622028426472157,73.73652846831166,4,1.3447438919268,122,29.636493528286792,39.260485007220126,5.2558948172297475,8,0.10146763048691729,0,0.794672600008898,0.38218724727630615,nan
4,3,step,True,7,2.6451436560886648,0.1711121696860143,0.07602073873092775,1.546293103374471,13.3769927683865,4,1.5612099688142451,29,1.0,1.0,1.8547885538293745,3,0.0,1,0.794672600008898,0.38218724727630615,nan
4,3,step,True,8,1.1773111634983904,0.2540339833428781,0.23291791713110763,0.7933264009229355,64.15268601527599,4,1.229517982047906,102,22.05526159398915,29.230518469998252,9.35280183875865,14,0.1344377166839725,0,0.794672600008898,0.38218724727630615,nan
4,3,step,True,9,2.021911938662873,0.1455670813152547,0.03730169591404009,1.2721400504958391,18.556817078819357,4,1.3693512604865345,39,4.142655881416298,5.37754852567397,2.126737249611038,3,0.15531726401872706,0,0.794672600008898,0.38218724727630615,nan
4,3,step,True,10,1.5164206506624354,0.08641942592984117,0.13808931204054878,0.8302204335831187,46.70874174669558,4,1.527742603416708,79,12.196111703660586,15.765654974093852,4.745877672200862,8,0.09739420125256447,0,0.794672600008898,0.38218724727630615,nan
4,3,step,True,11,1.7873261353014271,0.5075718108812971,0.26528785634809443,1.126051849928676,57.084695115331876,4,1.5808953940501442,96,15.839416111315657,25.004039248723753,4.722580352927004,10,0.09363565245357852,0,0.794672600008898,0.38218724727630615,nan
4,3,step,True,12,0.4960937291639991,0.19830351914247885,0.4108634612164743,0.3111488363554541,63.6783197134603,4,1.3589012809914252,108,20.21208032802749,26.920599735418158,6.920889897012751,12,0.11074570827803515,0,0.794672600008898,0.38218724727630615,nan
4,3,step,True,13,0.7733730741862967,0.31126303806310096,0.25563087505352156,0.451534386767639,66.83403132970636,4,1.329152171362885,115,22.878212436535854,33.82307982983441,7.397742050815116,12,0.13637862258743355,0,0.794672600008898,0.38218724727630615,nan
4,3,step,True,14,1.2441028283176079,0.609398526564476,0.08698193174574825,0.7674945914542526,58.061725957454186,4,1.2633188937440742,98,18.357511345846707,24.963118556826466,6.996872352729445,11,0.0,1,0.794672600008898,0.38218724727630615,nan
4,3,step,True,15,1.020636180189332,0.10285622700504438,0.06380384431239458,0.6787413011425951,58.51959310555104,4,1.2981172287303016,108,19.842164290404952,27.493319670769182,6.89146983461789,10,0.1133294259513757,0,0.794672600008898,0.38218724727630615,nan
4,3,step,True,16,0.6465795769665226,0.26530812556868355,0.44473672083792226,0.3681701844501494,97.89745695364742,4,1.2003166810382462,147,37.853154240991884,52.88485734435881,8.645421951049213,14,0.13855885598127066,0,0.794672600008898,0.38218724727630615,nan
4,3,step,True,17,1.3800791253006297,0.17121501571790224,0.3454219447144979,0.7570265018045935,48.80763556737149,4,1.4697516896109295,86,9.978755055260143,14.027919169420288,6.581611878102242,13,0.0,1,0.794672600008898,0.38218724727630615,nan
4,3,step,True,18,1.9545733255213382,0.0,0.17340324924760217,1.3881731250162486,7.853191170770043,4,1.7569804946433485,22,1.3086957700179314,1.5636770214256692,1.0,1,0.21808373994120095,0,0.794672600008898,0.38218724727630615,nan
4,3,step,True,19,0.8642655972196809,0.7193015923373819,0.03665801877604915,0.45671670486002897,61.87620529710102,4,1.340721252836389,104,23.935017578405386,31.211591655225753,5.866067768560746,8,0.07677418212241961,0,0.794672600008898,0.38218724727630615,nan
4,3,step,True,20,0.4015157065634968,0.10735003300263275,0.735242077860848,0.23255373067413956,32.3597539167309,4,1.4465041377328534,59,11.725235138402223,17.19289737596493,3.404123656911282,4,0.153431403817955,0,0.794672600008898,0.38218724727630615,nan
4,3,step,True,21,1.0339699688965198,0.100256833058434,0.12056576519138043,0.6144482949458159,110.95355214142103,4,1.16420689553413,158,44.54243189079457,55.659776036985306,9.592316020442885,14,0.08818520886298213,0,0.794672600008898,0.38218724727630615,nan
4,3,step,True,22,0.8323167227644012,0.22667936525222845,0.13164829101919223,0.5634638051950027,28.29923000992318,4,1.2823286814629669,48,11.78982728516841,16.2749746127627,4.825125902989847,7,0.11851501378062913,0,0.794672600008898,0.38218724727630615,nan
4,3,step,True,23,0.6269417020834565,0.13088950768429378,0.38204053994893644,0.33682594423068674,84.20743898946,4,1.3641352759470966,132,27.496821467085365,37.84774263200508,9.148491493685366,16,0.08691323435399517,0,0.794672600008898,0.38218724727630615,nan
5,0,init,False,0,1.1820895330230798,0.0,0.32411163960540756,0.857374985614215,38.90297561919407,4,1.5071678897923484,67,nan,nan,1.7944674370949696,3,nan,0,nan,nan,nan
5,0,init,False,1,0.26367240428572386,0.0,0.16539621168576113,0.22185542112478318,95.84519872031498,4,1.287746448166381,155,nan,nan,7.937427473803956,13,nan,0,nan,nan,nan
5,0,init,False,2,1.4340599023864413,1.4901161193847656e-08,0.174592190100755,1.158405486237627,55.98291989849718,4,1.3553777963333264,95,nan,nan,5.721854466610058,9,nan,0,nan,nan,nan
5,0,init,False,3,2.0354935116480677,1.4901161193847656e-08,0.05406743463390932,1.7285146722177454,33.44533630616429,4,1.4575318171354017,57,nan,nan,4.256156361404454,6,nan,0,nan,nan,nan
5,0,init,False,4,1.71708545598336,1.4901161193847656e-08,0.10099193842856587,1.3571937829292102,60.11580097272275,4,1.2389011314110931,99,nan,nan,8.084689505960414,15,nan,0,nan,nan,nan
5,0,init,False,5,1.1181558309160755,0.0,0.08198948536465712,0.7935726957298979,61.19777099850654,4,1.4314713500216605,105,nan,nan,4.965543066863961,10,nan,0,nan,nan,nan
5,0,init,False,6,0.6253378024127711,0.0,0.0994278080918958,0.4892243965605667,110.0586936588459,4,1.2500789463895183,165,nan,nan,11.965773989537007,16,nan,0,nan,nan,nan
5,0,init,False,7,1.2089920649223933,0.0,0.09013254848285365,0.9641824706292976,67.29482899156545,4,1.355290842554952,115,nan,nan,7.467199718937111,15,nan,0,nan,nan,nan
5,0,init,False,8,1.9290127460323419,1.4901161193847656e-08,0.11002760353969786,1.4732891678458182,14.016744934235074,4,1.7009976930557105,28,nan,nan,1.0,1,nan,0,nan,nan,nan
5,0,init,False,9,1.3537456170574012,0.0,0.01697244973965534,1.04435512009004,73.0190906692872,4,1.3651017948003297,121,nan,nan,5.066774719587965,7,nan,0,nan,nan,nan
5,0,init,False,10,1.0134078727473856,0.0,0.1575940360127539,0.7596442934490684,73.13296962220065,4,1.3820441899567106,114,nan,nan,6.622222818662661,12,nan,0,nan,nan,nan
5,0,init,False,11,2.6010207254251076,0.0,0.11251685372823621,1.9476187491606891,17.438172763650442,4,1.8152890169892664,36,nan,nan,3.7911502832457087,6,nan,0,nan,nan,nan
5,0,init,False,12,0.847995390281777,0.0,0.14576423570776728,0.6044797632237658,99.09670441818193,4,1.2786510227569414,158,nan,nan,11.105766533506461,17,nan,0,nan,nan,nan
5,0,init,False,13,1.158477556120006,0.0,0.18855795233335254,0.861497801534667,33.837397863001414,4,1.573040429892719,63,nan,nan,1.6317218464138068,3,nan,0,nan,nan,nan
5,0,init,False,14,1.6911301854914427,0.0,0.13234764475274036,1.3948780066692326,36.99050377418594,4,1.5126754161719986,70,nan,nan,5.896957053487121,11,nan,0,nan,nan,nan
5,0,init,False,15,0.9443564653403165,0.0,0.30536971770350596,0.5686140600774047,68.61454808951223,4,1.2549233403767515,114,nan,nan,5.9329785818427645,9,nan,0,nan,nan,nan
5,0,init,False,16,1.469340822890217,2.1073424255447017e-08,0.059506334722753726,1.0994060958644145,67.84650810599985,4,1.4085137832519536,117,nan,nan,8.163089527135158,12,nan,0,nan,nan,nan
5,0,init,False,17,2.426100916153647,1.4901161193847656e-08,0.13396921756337518,1.8155762674298326,30.159664122786523,4,1.3692893234626067,58,nan,nan,3.3916197808589246,6,nan,0,nan,nan,nan
5,0,init,False,18,1.2113073977099769,1.4901161193847656e-08,0.28248299094411533,0.7543919456706542,34.494677777760245,4,1.4694076471196909,65,nan,nan,2.726178758066487,3,nan,0,nan,nan,nan
5,0,init,False,19,0.6565585810840902,0.0,0.16920178771608774,0.5798657723895476,94.9924857091055,4,1.1841976947545165,144,nan,nan,9.015826275953497,13,nan,0,nan,nan,nan
5,0,init,False,20,0.22818447607247358,0.0,0.24247710600803601,0.22721771292319382,114.43026484318936,4,1.2019047796631555,169,nan,nan,9.143050345920662,15,nan,0,nan,nan,nan
5,0,init,False,21,2.8435732924836863,1.4901161193847656e-08,0.14108848787634234,2.2355014986939183,9.042044717524398,4,1.8542263553963083,21,nan,nan,1.8902502288882013,2,nan,0,nan,nan,nan
5,0,init,False,22,1.170997784687522,0.0,0.11031236597377962,0.8321436965387609,82.5520169378254,4,1.1535871122095316,135,nan,nan,9.423049821765458,14,nan,0,nan,nan,nan
5,0,init,False,23,0.7465120467117895,1.4901161193847656e-08,0.22621884580915622,0.47678905410900263,67.49268048574271,4,1.1477873774205645,107,nan,nan,7.006251404453174,10,nan,0,nan,nan,nan
5,1,step,False,0,1.1820895330230798,0.08913133774152895,0.32411163960540756,0.857374985614215,38.90297561919407,4,1.5071678897923484,67,11.17293158946632,16.456088780701318,1.7944674370949696,3,0.27917591440861717,0,1.5361907633867116,1.0,4.1198308144134904e-16
5,1,step,False,1,0.26367240428572386,0.027839630271234,0.16539621168576113,0.22185542112478318,95.84519872031498,4,1.287746448166381,155,33.67709180614857,47.36336676718726,7.937427473803956,13,0.22895896425534712,0,1.5361907633867116,1.0,4.1198308144134904e-16
5,1,step,False,2,1.4340599023864413,0.1784547763475607,0.174592190100755,1.158405486237627,55.98291989849718,4,1.3553777963333264,95,16.2232282358807,24.655222482180157,5.721854466610058,9,0.21446394683651657,0,1.5361907633867116,1.0,4.1198308144134904e-16
5,1,step,False,3,2.0354935116480677,0.051086135800518906,0.05406743463390932,1.7285146722177454,33.44533630616429,4,1.4575318171354017,57,11.778477256056245,16.32116319251349,4.256156361404454,6,0.19131105119652228,0,1.5361907633867116,1.0,4.1198308144134904e-16
5,1,step,False,4,1.71708545598336,0.1294084430236789,0.10099193842856587,1.3571937829292102,60.11580097272275,4,1.2389011314110931,99,21.634179176079904,29.941043516514128,8.084689505960414,15,0.1453561929807439,0,1.5361907633867116,1.0,4.1198308144134904e-16
5,1,step,False,5,1.1181558309160755,0.2305474709627621,0.08198948536465712,0.7935726957298979,61.19777099850654,4,1.4314713500216605,105,20.09338342682252,27.79327243098916,4.965543066863961,10,0.250033650281796,0,1.5361907633867116,1.0,4.1198308144134904e-16
5,1,step,False,6,0.6253378024127711,0.12040072649660183,0.0994278080918958,0.4892243965605667,110.0586936588459,4,1.2500789463895183,165,39.19008595268184,52.14454097154675,11.965773989537007,16,0.17772649530921578,0,1.5361907633867116,1.0,4.1198308144134904e-16
5,1,step,False,7,1.2089920649223933,0.2842128309113678,0.09013254848285365,0.9641824706292976,67.29482899156545,4,1.355290842554952,115,22.818660679297867,31.59651724682935,7.467199718937111,15,0.21907944087647752,0,1.5361907633867116,1.0,4.1198308144134904e-16
5,1,step,False,8,1.9290127460323419,0.012462034792151225,0.11002760353969786,1.4732891678458182,14.016744934235074,4,1.7009976930557105,28,3.703209838202023,4.76234028235751,1.0,1,0.36754670618049806,0,1.5361907633867116,1.0,4.1198308144134904e-16
5,1,step,False,9,1.3537456170574012,0.2430798314979831,0.01697244973965534,1.04435512009004,73.0190906692872,4,1.3651017948003297,121,20.507121797576986,32.0715818384732,5.066774719587965,7,0.21264660372853375,0,1.5361907633867116,1.0,4.1198308144134904e-16
5,1,step,False,10,1.0134078727473856,0.10288346619860884,0.1575940360127539,0.7596442934490684,73.13296962220065,4,1.3820441899567106,114,25.0304841296724,34.772517725431705,6.622222818662661,12,0.21549333709885965,0,1.5361907633867116,1.0,4.1198308144134904e-16
5,1,step,False,11,2.6010207254251076,0.05450993349259088,0.11251685372823621,1.9476187491606891,17.438172763650442,4,1.8152890169892664,36,2.3514789248089945,3.1391379762235903,3.7911502832457087,6,0.24622006155819945,0,1.5361907633867116,1.0,4.1198308144134904e-16
5,1,step,False,12,0.847995390281777,0.16595057664422222,0.14576423570776728,0.6044797632237658,99.09670441818193,4,1.2786510227569414,158,36.62482742136224,51.908543908929694,11.105766533506461,17,0.21279905102134836,0,1.5361907633867116,1.0,4.1198308144134904e-16
5,1,step,False,13,1.158477556120006,0.15980252014217763,0.18855795233335254,0.861497801534667,33.837397863001414,4,1.573040429892719,63,10.120835993986212,13.94226606814005,1.6317218464138068,3,0.41879519172512164,0,1.5361907633867116,1.0,4.1198308144134904e-16
5,1,step,False,14,1.6911301854914427,0.05747504806085802,0.13234764475274036,1.3948780066692326,36.99050377418594,4,1.5126754161719986,70,7.82599694807122,12.830351168609024,5.896957053487121,11,0.20800243559488238,0,1.5361907633867116,1.0,4.1198308144134904e-16
5,1,step,False,15,0.9443564653403165,0.2805273096178119,0.30536971770350596,0.5686140600774047,68.61454808951223,4,1.2549233403767515,114,24.546968000354262,33.24617060392652,5.9329785818427645,9,0.22013749027203497,0,1.5361907633867116,1.0,4.1198308144134904e-16
5,1,step,False,16,1.469340822890217,0.12806666183408638,0.059506334722753726,1.0994060958644145,67.84650810599985,4,1.4085137832519536,117,18.534764586363135,28.955810419867785,8.163089527135158,12,0.24680478278099838,0,1.5361907633867116,1.0,4.1198308144134904e-16
5,1,step,False,17,2.426100916153647,0.15961765699250302,0.13396921756337518,1.8155762674298326,30.159664122786523,4,1.3692893234626067,58,6.054047008644099,8.392926223184741,3.3916197808589246,6,0.2153276303692981,0,1.5361907633867116,1.0,4.1198308144134904e-16
5,1,step,False,18,1.2113073977099769,0.4704859095853046,0.28248299094411533,0.7543919456706542,34.494677777760245,4,1.4694076471196909,65,10.82602053150082,16.56309678049839,2.726178758066487,3,0.3403474676074622,0,1.5361907633867116,1.0,4.1198308144134904e-16
5,1,step,False,19,0.6565585810840902,0.18731447928593556,0.16920178771608774,0.5798657723895476,94.9924857091055,4,1.1841976947545165,144,36.96978609357848,53.55873231954947,9.015826275953497,13,0.2167147545268257,0,1.5361907633867116,1.0,4.1198308144134904e-16
5,1,step,False,20,0.22818447607247358,0.14517521804985734,0.24247710600803601,0.22721771292319382,114.43026484318936,4,1.2019047796631555,169,43.83236656690404,62.06222334747862,9.143050345920662,15,0.21630154170381627,0,1.5361907633867116,1.0,4.1198308144134904e-16
5,1,step,False,21,2.8435732924836863,0.064462443736249,0.14108848787634234,2.2355014986939183,9.042044717524398,4,1.8542263553963083,21,2.9464704608905175,4.263150799757599,1.8902502288882013,2,0.2104706507557122,0,1.5361907633867116,1.0,4.1198308144134904e-16
5,1,step,False,22,1.170997784687522,0.1192337260580091,0.11031236597377962,0.8321436965387609,82.5520169378254,4,1.1535871122095316,135,29.83058501371553,41.32661134980959,9.423049821765458,14,0.22873037563963408,0,1.5361907633867116,1.0,4.1198308144134904e-16
5,1,step,False,23,0.7465120467117895,0.3992170328549498,0.22621884580915622,0.47678905410900263,67.49268048574271,4,1.1477873774205645,107,23.706998561935052,32.99485764915649,7.006251404453174,10,0.3131850805628715,0,1.5361907633867116,1.0,4.1198308144134904e-16
5,2,step,False,0,1.1820895330230798,0.15565149278885732,0.32411163960540756,0.857374985614215,38.90297561919407,4,1.5071678897923484,67,10.087019688044093,16.356499440945075,1.7944674370949696,3,0.17974962879180753,0,1.0862509059868828,0.6131701171398163,2.2574430580082088e-14
5,2,step,False,1,0.26367240428572386,0.16649999110668876,0.16539621168576113,0.22185542112478318,95.84519872031498,4,1.287746448166381,155,33.76020225050345,45.838132067093724,7.937427473803956,13,0.23805579534489815,0,1.0862509059868828,0.6131701171398163,2.2574430580082088e-14
5,2,step,False,2,1.4340599023864413,0.21371866448248367,0.174592190100755,1.158405486237627,55.98291989849718,4,1.3553777963333264,95,15.983920806019011,23.437463810169735,5.721854466610058,9,0.13100810650264175,0,1.0862509059868828,0.6131701171398163,2.2574430580082088e-14
5,2,step,False,3,2.0354935116480677,0.15503174973540787,0.05406743463390932,1.7285146722177454,33.44533630616429,4,1.4575318171354017,57,9.553908868193082,12.792627469303842,4.256156361404454,6,0.2085349112104255,0,1.0862509059868828,0.6131701171398163,2.2574430580082088e-14
5,2,step,False,4,1.71708545598336,0.07038032612486608,0.10099193842856587,1.3571937829292102,60.11580097272275,4,1.2389011314110931,99,17.033882136091112,21.92020629438488,8.084689505960414,15,0.1641743201193382,0,1.0862509059868828,0.6131701171398163,2.2574430580082088e-14
5,2,step,False,5,1.1181558309160755,0.0975193284647102,0.08198948536465712,0.7935726957298979,61.19777099850654,4,1.4314713500216605,105,21.604257190299332,28.163684087543196,4.965543066863961,10,0.1276595719184676,0,1.0862509059868828,0.6131701171398163,2.2574430580082088e-14
5,2,step,False,6,0.6253378024127711,0.21869054335501564,0.0994278080918958,0.4892243965605667,110.0586936588459,4,1.2500789463895183,165,43.46951942794648,59.7607618595199,11.965773989537007,16,0.12053783474020849,0,1.0862509059868828,0.6131701171398163,2.2574430580082088e-14
5,2,step,False,7,1.2089920649223933,0.30791346004152514,0.09013254848285365,0.9641824706292976,67.29482899156545,4,1.355290842554952,115,23.6673314119894,33.10007092673707,7.467199718937111,15,0.19121875704298413,0,1.0862509059868828,0.6131701171398163,2.2574430580082088e-14
5,2,step,False,8,1.9290127460323419,0.05414094649572325,0.11002760353969786,1.4732891678458182,14.016744934235074,4,1.7009976930557105,28,3.6088810982916364,4.84485010283633,1.0,1,0.350062410247139,0,1.0862509059868828,0.6131701171398163,2.2574430580082088e-14
5,2,step,False,9,1.3537456170574012,0.1315879726224909,0.01697244973965534,1.04435512009004,73.0190906692872,4,1.3651017948003297,121,17.942239631205105,25.936481354111077,5.066774719587965,7,0.1721112825618047,0,1.0862509059868828,0.6131701171398163,2.2574430580082088e-14
5,2,step,False,10,1.0134078727473856,0.19567295333319906,0.1575940360127539,0.7596442934490684,73.13296962220065,4,1.3820441899567106,114,27.567505642173366,37.7373885972685,6.622222818662661,12,0.14209660303162933,0,1.0862509059868828,0.6131701171398163,2.2574430580082088e-14
5,2,step,False,11,2.6010207254251076,0.05686326883187586,0.11251685372823621,1.9476187491606891,17.438172763650442,4,1.8152890169892664,36,1.9490742967669186,2.40995645488196,3.7911502832457087,6,0.19017685639753443,0,1.0862509059868828,0.6131701171398163,2.2574430580082088e-14
5,2,step,False,12,0.847995390281777,0.08451081521096575,0.14576423570776728,0.6044797632237658,99.09670441818193,4,1.2786510227569414,158,38.11404479540189,51.7514860919382,11.105766533506461,17,0.12945455298783248,0,1.0862509059868828,0.6131701171398163,2.2574430580082088e-14
5,2,step,False,13,1.158477556120006,0.2681823272382816,0.18855795233335254,0.861497801534667,33.837397863001414,4,1.573040429892719,63,11.700825036635234,16.991502600218794,1.6317218464138068,3,0.26209194538733377,0,1.0862509059868828,0.6131701171398163,2.2574430580082088e-14
5,2,step,False,14,1.6911301854914427,0.0937538994114455,0.13234764475274036,1.3948780066692326,36.99050377418594,4,1.5126754161719986,70,5.9737197837779075,8.967012436027492,5.896957053487121,11,0.17157608341333874,0,1.0862509059868828,0.6131701171398163,2.2574430580082088e-14
5,2,step,False,15,0.9443564653403165,0.1628676438461563,0.30536971770350596,0.5686140600774047,68.61454808951223,4,1.2549233403767515,114,25.717919108939917,34.20140888408592,5.9329785818427645,9,0.18517368708689497,0,1.0862509059868828,0.6131701171398163,2.2574430580082088e-14
5,2,step,False,16,1.469340822890217,0.18507674392254891,0.059506334722753726,1.0994060958644145,67.84650810599985,4,1.4085137832519536,117,17.43090624649314,26.979526266413956,8.163089527135158,12,0.19349795801027356,0,1.0862509059868828,0.6131701171398163,2.2574430580082088e-14
5,2,step,False,17,2.426100916153647,0.21480534710784166,0.13396921756337518,1.8155762674298326,30.159664122786523,4,1.3692893234626067,58,3.984758946972611,5.43265732007662,3.3916197808589246,6,0.140321238961926,0,1.0862509059868828,0.6131701171398163,2.2574430580082088e-14
5,2,step,False,18,1.2113073977099769,0.42850969968236374,0.28248299094411533,0.7543919456706542,34.494677777760245,4,1.4694076471196909,65,11.640724555322418,17.035952408399243,2.726178758066487,3,0.26972324843251594,0,1.0862509059868828,0.6131701171398163,2.2574430580082088e-14
5,2,step,False,19,0.6565585810840902,0.1734519786441071,0.16920178771608774,0.5798657723895476,94.9924857091055,4,1.1841976947545165,144,40.493576765692325,57.94787557940804,9.015826275953497,13,0.131286812115011,0,1.0862509059868828,0.6131701171398163,2.2574430580082088e-14
5,2,step,False,20,0.22818447607247358,0.1577774477009755,0.24247710600803601,0.22721771292319382,114.43026484318936,4,1.2019047796631555,169,45.45247986521464,64.09519201886364,9.143050345920662,15,0.206583279871909,0,1.0862509059868828,0.6131701171398163,2.2574430580082088e-14
5,2,step,False,21,2.8435732924836863,0.07412751169894188,0.14108848787634234,2.2355014986939183,9.042044717524398,4,1.8542263553963083,21,1.7410535469597768,2.3683776667979726,1.8902502288882013,2,0.2707351429426965,0,1.0862509059868828,0.6131701171398163,2.2574430580082088e-14
5,2,step,False,22,1.170997784687522,0.011717814122841237,0.11031236597377962,0.8321436965387609,82.5520169378254,4,1.1535871122095316,135,27.843893808209998,38.19544741037116,9.423049821765458,14,0.18489358763271274,0,1.0862509059868828,0.6131701171398163,2.2574430580082088e-14
5,2,step,False,23,0.7465120467117895,0.47747348121012645,0.22621884580915622,0.47678905410900263,67.49268048574271,4,1.1477873774205645,107,23.678359105887168,31.89058180004099,7.006251404453174,10,0.15914279974556908,0,1.0862509059868828,0.6131701171398163,2.2574430580082088e-14
5,3,step,True,0,1.1820895330230798,0.15565149278885732,0.32411163960540756,0.857374985614215,38.90297561919407,4,1.5071678897923484,67,10.415679885994322,16.50932243160165,1.7944674370949696,3,0.09054980161717778,0,0.7680953816933557,0.36517639458179474,nan
5,3,step,True,1,0.26367240428572386,0.16649999110668876,0.16539621168576113,0.22185542112478318,95.84519872031498,4,1.287746448166381,155,32.93942998794889,44.322547767428624,7.937427473803956,13,0.16710942636882709,0,0.7680953816933557,0.36517639458179474,nan
5,3,step,True,2,1.4340599023864413,0.21371866448248367,0.174592190100755,1.158405486237627,55.98291989849718,4,1.3553777963333264,95,14.557957725427553,19.73398689254347,5.721854466610058,9,0.10397349107464521,0,0.7680953816933557,0.36517639458179474,nan
5,3,step,True,3,2.0354935116480677,0.15503174973540787,0.05406743463390932,1.7285146722177454,33.44533630616429,4,1.4575318171354017,57,8.753914861160249,12.703727004759443,4.256156361404454,6,0.0,1,0.7680953816933557,0.36517639458179474,nan
5,3,step,True,4,1.71708545598336,0.07038032612486608,0.10099193842856587,1.3571937829292102,60.11580097272275,4,1.2389011314110931,99,14.174469754661228,17.26404376533837,8.084689505960414,15,0.11266957824188885,0,0.7680953816933557,0.36517639458179474,nan
5,3,step,True,5,1.1181558309160755,0.0975193284647102,0.08198948536465712,0.7935726957298979,61.19777099850654,4,1.4314713500216605,105,23.352294489169232,31.189671439975665,4.965543066863961,10,0.09655612204483958,0,0.7680953816933557,0.36517639458179474,nan
5,3,step,True,6,0.6253378024127711,0.21869054335501564,0.0994278080918958,0.4892243965605667,110.0586936588459,4,1.2500789463895183,165,43.26347541309209,58.10443190177496,11.965773989537007,16,0.0920256488518309,0,0.7680953816933557,0.36517639458179474,nan
5,3,step,True,7,1.2089920649223933,0.30791346004152514,0.09013254848285365,0.9641824706292976,67.29482899156545,4,1.355290842554952,115,22.50117935606325,30.807742074375298,7.467199718937111,15,0.1176999515283659,0,0.7680953816933557,0.36517639458179474,nan
5,3,step,True,8,1.9290127460323419,0.05414094649572325,0.11002760353969786,1.4732891678458182,14.016744934235074,4,1.7009976930557105,28,3.1570543993550664,4.111437282273261,1.0,1,0.27419263318966747,0,0.7680953816933557,0.36517639458179474,nan
5,3,step,True,9,1.3537456170574012,0.1315879726224909,0.01697244973965534,1.04435512009004,73.0190906692872,4,1.3651017948003297,121,18.261707864993365,23.96256192849243,5.066774719587965,7,0.08344158305712811,0,0.7680953816933557,0.36517639458179474,nan
5,3,step,True,10,1.0134078727473856,0.19567295333319906,0.1575940360127539,0.7596442934490684,73.13296962220065,4,1.3820441899567106,114,31.19094314585424,42.08611494480229,6.622222818662661,12,0.085269897534286,0,0.7680953816933557,0.36517639458179474,nan
5,3,step,True,11,2.6010207254251076,0.05686326883187586,0.11251685372823621,1.9476187491606891,17.438172763650442,4,1.8152890169892664,36,1.925626666403099,2.581928557543251,3.7911502832457087,6,0.16047200892692146,0,0.7680953816933557,0.36517639458179474,nan
5,3,step,True,12,0.847995390281777,0.08451081521096575,0.14576423570776728,0.6044797632237658,99.09670441818193,4,1.2786510227569414,158,40.31846422531929,53.09737296404404,11.105766533506461,17,0.06458417813001421,0,0.7680953816933557,0.36517639458179474,nan
5,3,step,True,13,1.158477556120006,0.2681823272382816,0.18855795233335254,0.861497801534667,33.837397863001414,4,1.573040429892719,63,13.449475193050663,18.09141045887898,1.6317218464138068,3,0.10582906507572552,0,0.7680953816933557,0.36517639458179474,nan
5,3,step,True,14,1.6911301854914427,0.0937538994114455,0.13234764475274036,1.3948780066692326,36.99050377418594,4,1.5126754161719986,70,5.877581847172653,8.378124088420245,5.896957053487121,11,0.13362358971282295,0,0.7680953816933557,0.36517639458179474,nan
5,3,step,True,15,0.9443564653403165,0.1628676438461563,0.30536971770350596,0.5686140600774047,68.61454808951223,4,1.2549233403767515,114,27.421245422867067,36.397671737305174,5.9329785818427645,9,0.11948964357943197,0,0.7680953816933557,0.36517639458179474,nan
5,3,step,True,16,1.469340822890217,0.18507674392254891,0.059506334722753726,1.0994060958644145,67.84650810599985,4,1.4085137832519536,117,17.240909733239164,25.36261760789018,8.163089527135158,12,0.14185433696851726,0,0.7680953816933557,0.36517639458179474,nan
5,3,step,True,17,2.426100916153647,0.21480534710784166,0.13396921756337518,1.8155762674298326,30.159664122786523,4,1.3692893234626067,58,2.7389768517380553,3.290264924050504,3.3916197808589246,6,0.12434496302785117,0,0.7680953816933557,0.36517639458179474,nan
5,3,step,True,18,1.2113073977099769,0.42850969968236374,0.28248299094411533,0.7543919456706542,34.494677777760245,4,1.4694076471196909,65,11.20436092672023,16.481921931097123,2.726178758066487,3,0.15919858245898655,0,0.7680953816933557,0.36517639458179474,nan
5,3,step,True,19,0.6565585810840902,0.1734519786441071,0.16920178771608774,0.5798657723895476,94.9924857091055,4,1.1841976947545165,144,40.55239901563981,53.35468874587936,9.015826275953497,13,0.1036173324376818,0,0.7680953816933557,0.36517639458179474,nan
5,3,step,True,20,0.22818447607247358,0.1577774477009755,0.24247710600803601,0.22721771292319382,114.43026484318936,4,1.2019047796631555,169,44.55481117346516,60.76429376595766,9.143050345920662,15,0.08785877309138512,0,0.7680953816933557,0.36517639458179474,nan
5,3,step,True,21,2.8435732924836863,0.07412751169894188,0.14108848787634234,2.2355014986939183,9.042044717524398,4,1.8542263553963083,21,1.0,1.0,1.8902502288882013,2,0.0,1,0.7680953816933557,0.36517639458179474,nan
5,3,step,True,22,1.170997784687522,0.011717814122841237,0.11031236597377962,0.8321436965387609,82.5520169378254,4,1.1535871122095316,135,25.778436690019213,35.11256411005783,9.423049821765458,14,0.1499993156980714,0,0.7680953816933557,0.36517639458179474,nan
5,3,step,True,23,0.7465120467117895,0.47747348121012645,0.22621884580915622,0.47678905410900263,67.49268048574271,4,1.1477873774205645,107,25.369616067223465,34.12931973015935,7.006251404453174,10,0.13522206272332432,0,0.7680953816933557,0.36517639458179474,nan
6,0,init,False,0,2.54098135741418,0.0,0.10533064186017933,1.6683342527849552,17.46057952630617,4,1.27484943904016,33,nan,nan,1.5707688609171744,3,nan,0,nan,nan,nan
6,0,init,False,1,0.7412300966119058,0.0,0.183944991524154,0.4523221269466964,58.75002316755938,4,1.3885988138108036,102,nan,nan,5.285404019393518,9,nan,0,nan,nan,nan
6,0,init,False,2,0.2768699161868602,0.0,0.45106349745289104,0.341659833482148,59.861531152866775,4,1.334131016019222,107,nan,nan,3.6135148768569545,7,nan,0,nan,nan,nan
6,0,init,False,3,0.49089716394589106,0.0,0.3314081102594584,0.25780268821821556,84.03306920488411,4,1.2510632781073787,137,nan,nan,7.5079317861965365,12,nan,0,nan,nan,nan
6,0,init,False,4,0.9705931967434145,1.4901161193847656e-08,0.3649086750788676,0.4583565544637617,19.762615612563682,4,1.2898079726077678,47,nan,nan,1.7722303826509713,3,nan,0,nan,nan,nan
6,0,init,False,5,1.595701416217555,0.0,0.053804243093254184,0.811757240337845,75.81195041346109,4,1.48316733780218,126,nan,nan,8.683883983667194,13,nan,0,nan,nan,nan
6,0,init,False,6,1.5853100652539636,0.0,0.14833105598803048,0.7215622322955737,53.4790893985892,4,1.3239819964929083,95,nan,nan,6.824192415075044,10,nan,0,nan,nan,nan
6,0,init,False,7,0.4018957436714012,0.0,0.5315990105554131,0.2722467318637011,96.64326979807032,4,1.184094946286352,153,nan,nan,7.785684768423504,14,nan,0,nan,nan,nan
6,0,init,False,8,1.2700049529393447,1.4901161193847656e-08,0.12967084321444497,0.6850481526632658,42.525822798838774,4,1.3911741521780545,73,nan,nan,6.152960032333694,10,nan,0,nan,nan,nan
6,0,init,False,9,1.396706319763929,0.0,0.08502041075510425,0.773700771507764,71.97134862060662,4,1.170680791268743,118,nan,nan,6.3560974621213,10,nan,0,nan,nan,nan
6,0,init,False,10,0.7169159324718162,0.0,0.1751292513448041,0.39889246314504756,115.49336898557972,4,1.2014671291458443,171,nan,nan,12.014032437350073,18,nan,0,nan,nan,nan
6,0,init,False,11,2.103429569382233,2.1073424255447017e-08,0.14969814237956675,1.1211936545110492,48.80161383275155,4,1.3789303085189457,88,nan,nan,3.652919025358841,7,nan,0,nan,nan,nan
6,0,init,False,12,1.470954417908997,0.0,0.04885071827081233,0.8343803663590249,75.62404581090895,4,1.283627964475052,117,nan,nan,9.674800531408897,13,nan,0,nan,nan,nan
6,0,init,False,13,1.388642514644572,0.0,0.11153576650856575,0.7809233377273139,40.89857424422631,4,1.2771140316097331,72,nan,nan,4.969304980772916,9,nan,0,nan,nan,nan
6,0,init,False,14,3.7373453800473535,1.4901161193847656e-08,0.10974758732324526,2.460869903507289,2.7073364238549575,4,4.564046198290462,8,nan,nan,1.0780156009349202,2,nan,0,nan,nan,nan
6,0,init,False,15,0.40616906286920945,0.0,0.43286249733228066,0.4135643299208524,50.47056557527236,4,1.434244672769924,91,nan,nan,4.772681843895281,8,nan,0,nan,nan,nan
6,0,init,False,16,0.3890029855377656,2.1073424255447017e-08,0.1816422785489786,0.3081396337178968,122.0736781920817,4,1.2172174899420798,178,nan,nan,10.005544733140766,17,nan,0,nan,nan,nan
6,0,init,False,17,2.1699025667912704,2.1073424255447017e-08,0.18857348268746224,1.2575505083726142,36.98537468571456,4,1.4482690910673952,70,nan,nan,4.6394777238490486,7,nan,0,nan,nan,nan
6,0,init,False,18,2.1977118582756474,2.1073424255447017e-08,0.263495552965022,1.1995074475134946,16.87004217402684,4,1.443738741870929,33,nan,nan,1.5765211707915592,2,nan,0,nan,nan,nan
6,0,init,False,19,0.8905675226758757,0.0,0.07690053708953833,0.5973469299301543,79.6001769273492,4,1.2791646380629778,128,nan,nan,8.9860086112394,12,nan,0,nan,nan,nan
6,0,init,False,20,1.1310230282852698,0.0,0.13668771394466506,0.6302446691925783,74.3621311687393,4,1.4697135649056174,122,nan,nan,8.971365031985105,14,nan,0,nan,nan,nan
6,0,init,False,21,2.0401207972277002,0.0,0.10018629607509964,1.1638306853755096,56.20392719180741,4,1.334272943232875,93,nan,nan,6.606932107516386,11,nan,0,nan,nan,nan
6,0,init,False,22,0.9210253947734512,0.0,0.12253753551768862,0.5248899521282914,64.23113255828872,4,1.2918368917104768,104,nan,nan,6.627964564082944,9,nan,0,nan,nan,nan
6,0,init,False,23,1.5776915231880368,0.0,0.06722009441184132,0.9423351722465786,75.37873253565283,4,1.217459543327222,119,nan,nan,4.871763050037941,8,nan,0,nan,nan,nan
6,1,step,False,0,2.54098135741418,0.3711400551118465,0.10533064186017933,1.6683342527849552,17.46057952630617,4,1.27484943904016,33,4.56212628291968,5.674297662226074,1.5707688609171744,3,0.1596907704645364,0,1.6273409581129943,1.0,3.465574387601339e-16
6,1,step,False,1,0.7412300966119058,0.23488900331402357,0.183944991524154,0.4523221269466964,58.75002316755938,4,1.3885988138108036,102,15.36275977580894,21.212459869668514,5.285404019393518,9,0.21199877696570257,0,1.6273409581129943,1.0,3.465574387601339e-16
6,1,step,False,2,0.2768699161868602,0.17575841533499412,0.45106349745289104,0.341659833482148,59.861531152866775,4,1.334131016019222,107,16.83259370480924,24.677812307732694,3.6135148768569545,7,0.25494603028594714,0,1.6273409581129943,1.0,3.465574387601339e-16
6,1,step,False,3,0.49089716394589106,0.2311907297650694,0.3314081102594584,0.25780268821821556,84.03306920488411,4,1.2510632781073787,137,26.58959450332477,36.08096288938939,7.5079317861965365,12,0.3022917467264583,0,1.6273409581129943,1.0,3.465574387601339e-16
6,1,step,False,4,0.9705931967434145,0.3290303814184585,0.3649086750788676,0.4583565544637617,19.762615612563682,4,1.2898079726077678,47,4.038392606080533,5.0076918234151195,1.7722303826509713,3,0.2624709148506349,0,1.6273409581129943,1.0,3.465574387601339e-16
6,1,step,False,5,1.595701416217555,0.28831965459835135,0.053804243093254184,0.811757240337845,75.81195041346109,4,1.48316733780218,126,23.96852315630904,33.80458412771796,8.683883983667194,13,0.2223408183640033,0,1.6273409581129943,1.0,3.465574387601339e-16
6,1,step,False,6,1.5853100652539636,0.27046076773431127,0.14833105598803048,0.7215622322955737,53.4790893985892,4,1.3239819964929083,95,13.618710527794772,19.98800139924261,6.824192415075044,10,0.23061433393619463,0,1.6273409581129943,1.0,3.465574387601339e-16
6,1,step,False,7,0.4018957436714012,0.6115239904032945,0.5315990105554131,0.2722467318637011,96.64326979807032,4,1.184094946286352,153,35.1861851967134,46.97883811133255,7.785684768423504,14,0.15279052737229723,0,1.6273409581129943,1.0,3.465574387601339e-16
6,1,step,False,8,1.2700049529393447,0.11921147975673314,0.12967084321444497,0.6850481526632658,42.525822798838774,4,1.3911741521780545,73,12.732039682213614,20.480168688471355,6.152960032333694,10,0.2757237338598141,0,1.6273409581129943,1.0,3.465574387601339e-16
6,1,step,False,9,1.396706319763929,0.3078643572016664,0.08502041075510425,0.773700771507764,71.97134862060662,4,1.170680791268743,118,25.155465580470995,33.63605214959357,6.3560974621213,10,0.23682495160925693,0,1.6273409581129943,1.0,3.465574387601339e-16
6,1,step,False,10,0.7169159324718162,0.166738704318693,0.1751292513448041,0.39889246314504756,115.49336898557972,4,1.2014671291458443,171,49.35571960074817,67.07116552927494,12.014032437350073,18,0.26494510959918766,0,1.6273409581129943,1.0,3.465574387601339e-16
6,1,step,False,11,2.103429569382233,0.42680819162660405,0.14969814237956675,1.1211936545110492,48.80161383275155,4,1.3789303085189457,88,14.519322894768052,19.3033197375298,3.652919025358841,7,0.27095741585968164,0,1.6273409581129943,1.0,3.465574387601339e-16
6,1,step,False,12,1.470954417908997,0.07344431571809054,0.04885071827081233,0.8343803663590249,75.62404581090895,4,1.283627964475052,117,25.79336491686083,38.79039582110543,9.674800531408897,13,0.27130898027669104,0,1.6273409581129943,1.0,3.465574387601339e-16
6,1,step,False,13,1.388642514644572,0.17105521507494587,0.11153576650856575,0.7809233377273139,40.89857424422631,4,1.2771140316097331,72,10.016672991582903,13.1215986348465,4.969304980772916,9,0.2761559962659771,0,1.6273409581129943,1.0,3.465574387601339e-16
6,1,step,False,14,3.7373453800473535,0.09187362945902705,0.10974758732324526,2.460869903507289,2.7073364238549575,4,4.564046198290462,8,1.029148248488495,1.0582470091303795,1.0780156009349202,2,0.06741337011418169,0,1.6273409581129943,1.0,3.465574387601339e-16
6,1,step,False,15,0.40616906286920945,0.4244487927616486,0.43286249733228066,0.4135643299208524,50.47056557527236,4,1.434244672769924,91,12.403690647773246,18.229232119301496,4.772681843895281,8,0.24702544171427804,0,1.6273409581129943,1.0,3.465574387601339e-16
6,1,step,False,16,0.3890029855377656,0.26871650925401325,0.1816422785489786,0.3081396337178968,122.0736781920817,4,1.2172174899420798,178,48.173609060085724,69.33492169693001,10.005544733140766,17,0.26083450570215655,0,1.6273409581129943,1.0,3.465574387601339e-16
6,1,step,False,17,2.1699025667912704,0.36894350864983744,0.18857348268746224,1.2575505083726142,36.98537468571456,4,1.4482690910673952,70,8.755496127665829,12.896568378973392,4.6394777238490486,7,0.23816707418997793,0,1.6273409581129943,1.0,3.465574387601339e-16
6,1,step,False,18,2.1977118582756474,0.050281153125413314,0.263495552965022,1.1995074475134946,16.87004217402684,4,1.443738741870929,33,5.036642953042845,6.2376054455124255,1.5765211707915592,2,0.26905150127788624,0,1.6273409581129943,1.0,3.465574387601339e-16
6,1,step,False,19,0.8905675226758757,0.2970097197063102,0.07690053708953833,0.5973469299301543,79.6001769273492,4,1.2791646380629778,128,30.213062681903562,42.1425408445288,8.9860086112394,12,0.2675572292820771,0,1.6273409581129943,1.0,3.465574387601339e-16
6,1,step,False,20,1.1310230282852698,0.22425691968966627,0.13668771394466506,0.6302446691925783,74.3621311687393,4,1.4697135649056174,122,25.350055972965464,34.337063368970774,8.971365031985105,14,0.2234108669443806,0,1.6273409581129943,1.0,3.465574387601339e-16
6,1,step,False,21,2.0401207972277002,0.1099219726137508,0.10018629607509964,1.1638306853755096,56.20392719180741,4,1.334272943232875,93,17.60425583224027,23.710192275256475,6.606932107516386,11,0.05485552172266392,0,1.6273409581129943,1.0,3.465574387601339e-16
6,1,step,False,22,0.9210253947734512,0.3402366197903425,0.12253753551768862,0.5248899521282914,64.23113255828872,4,1.2918368917104768,104,23.935624294868877,31.737084635556386,6.627964564082944,9,0.328566634649648,0,1.6273409581129943,1.0,3.465574387601339e-16
6,1,step,False,23,1.5776915231880368,0.13834614110531648,0.06722009441184132,0.9423351722465786,75.37873253565283,4,1.217459543327222,119,29.76694276056097,41.88065224055272,4.871763050037941,8,0.25795161619480467,0,1.6273409581129943,1.0,3.465574387601339e-16
6,2,step,True,0,2.54098135741418,0.3711400551118465,0.10533064186017933,1.6683342527849552,17.46057952630617,4,1.27484943904016,33,3.6229471018906496,4.083123548666534,1.5707688609171744,3,0.22238281750948308,0,1.1507038267843115,0.6101665794849396,nan
6,2,step,True,1,0.7412300966119058,0.23488900331402357,0.183944991524154,0.4523221269466964,58.75002316755938,4,1.3885988138108036,102,15.753542715483748,21.05983908817008,5.285404019393518,9,0.08290546561143138,0,1.1507038267843115,0.6101665794849396,nan
6,2,step,True,2,0.2768699161868602,0.17575841533499412,0.45106349745289104,0.341659833482148,59.861531152866775,4,1.334131016019222,107,19.832444155937655,28.37550854363677,3.6135148768569545,7,0.16242089405510024,0,1.1507038267843115,0.6101665794849396,nan
6,2,step,True,3,0.49089716394589106,0.2311907297650694,0.3314081102594584,0.25780268821821556,84.03306920488411,4,1.2510632781073787,137,26.69339581444863,37.300856115487115,7.5079317861965365,12,0.20786054358705108,0,1.1507038267843115,0.6101665794849396,nan
6,2,step,True,4,0.9705931967434145,0.3290303814184585,0.3649086750788676,0.4583565544637617,19.762615612563682,4,1.2898079726077678,47,4.0611183399746285,5.5571058124944965,1.7722303826509713,3,0.21497313376995442,0,1.1507038267843115,0.6101665794849396,nan
6,2,step,True,5,1.595701416217555,0.28831965459835135,0.053804243093254184,0.811757240337845,75.81195041346109,4,1.48316733780218,126,22.151974656670983,29.556364100605027,8.683883983667194,13,0.10742727645406114,0,1.1507038267843115,0.6101665794849396,nan
6,2,step,True,6,1.5853100652539636,0.27046076773431127,0.14833105598803048,0.7215622322955737,53.4790893985892,4,1.3239819964929083,95,15.673161393710853,21.773457919457133,6.824192415075044,10,0.13593568983421964,0,1.1507038267843115,0.6101665794849396,nan
6,2,step,True,7,0.4018957436714012,0.6115239904032945,0.5315990105554131,0.2722467318637011,96.64326979807032,4,1.184094946286352,153,38.05703973792752,49.84617188906104,7.785684768423504,14,0.14787113241189326,0,1.1507038267843115,0.6101665794849396,nan
6,2,step,True,8,1.2700049529393447,0.11921147975673314,0.12967084321444497,0.6850481526632658,42.525822798838774,4,1.3911741521780545,73,14.13059548292686,21.771128040989886,6.152960032333694,10,0.19026223702768824,0,1.1507038267843115,0.6101665794849396,nan
6,2,step,True,9,1.396706319763929,0.3078643572016664,0.08502041075510425,0.773700771507764,71.97134862060662,4,1.170680791268743,118,25.791815888866477,34.58119593647305,6.3560974621213,10,0.11700427997703594,0,1.1507038267843115,0.6101665794849396,nan
6,2,step,True,10,0.7169159324718162,0.166738704318693,0.1751292513448041,0.39889246314504756,115.49336898557972,4,1.2014671291458443,171,47.81571871491536,64.02452105841265,12.014032437350073,18,0.17357011656625151,0,1.1507038267843115,0.6101665794849396,nan
6,2,step,True,11,2.103429569382233,0.42680819162660405,0.14969814237956675,1.1211936545110492,48.80161383275155,4,1.3789303085189457,88,13.30800233096495,17.47251636526057,3.652919025358841,7,0.12356077463305587,0,1.1507038267843115,0.6101665794849396,nan
6,2,step,True,12,1.470954417908997,0.07344431571809054,0.04885071827081233,0.8343803663590249,75.62404581090895,4,1.283627964475052,117,25.985224342951792,37.68094215264841,9.674800531408897,13,0.11606648861638234,0,1.1507038267843115,0.6101665794849396,nan
6,2,step,True,13,1.388642514644572,0.17105521507494587,0.11153576650856575,0.7809233377273139,40.89857424422631,4,1.2771140316097331,72,10.557217055272831,13.918732335380271,4.969304980772916,9,0.1168891253477489,0,1.1507038267843115,0.6101665794849396,nan
6,2,step,True,14,3.7373453800473535,0.09187362945902705,0.10974758732324526,2.460869903507289,2.7073364238549575,4,4.564046198290462,8,1.0,1.0,1.0780156009349202,2,0.0,1,1.1507038267843115,0.6101665794849396,nan
6,2,step,True,15,0.40616906286920945,0.4244487927616486,0.43286249733228066,0.4135643299208524,50.47056557527236,4,1.434244672769924,91,13.649003380807024,21.386435134174107,4.772681843895281,8,0.25865059505336213,0,1.1507038267843115,0.6101665794849396,nan
6,2,step,True,16,0.3890029855377656,0.26871650925401325,0.1816422785489786,0.3081396337178968,122.0736781920817,4,1.2172174899420798,178,49.27559849700671,69.63365152926971,10.005544733140766,17,0.18879930859390331,0,1.1507038267843115,0.6101665794849396,nan
6,2,step,True,17,2.1699025667912704,0.36894350864983744,0.18857348268746224,1.2575505083726142,36.98537468571456,4,1.4482690910673952,70,8.407572415742129,11.370655561327412,4.6394777238490486,7,0.10801097733139489,0,1.1507038267843115,0.6101665794849396,nan
6,2,step,True,18,2.1977118582756474,0.050281153125413314,0.263495552965022,1.1995074475134946,16.87004217402684,4,1.443738741870929,33,4.580288439309375,5.020460695036553,1.5765211707915592,2,0.14502374077004676,0,1.1507038267843115,0.6101665794849396,nan
6,2,step,True,19,0.8905675226758757,0.2970097197063102,0.07690053708953833,0.5973469299301543,79.6001769273492,4,1.2791646380629778,128,28.14805601661514,38.72999941017102,8.9860086112394,12,0.13639565177640267,0,1.1507038267843115,0.6101665794849396,nan
6,2,step,True,20,1.1310230282852698,0.22425691968966627,0.13668771394466506,0.6302446691925783,74.3621311687393,4,1.4697135649056174,122,25.636757174712642,34.37222425563961,8.971365031985105,14,0.10887156163587058,0,1.1507038267843115,0.6101665794849396,nan
6,2,step,True,21,2.0401207972277002,0.1099219726137508,0.10018629607509964,1.1638306853755096,56.20392719180741,4,1.334272943232875,93,13.957917246716521,18.6503104075384,6.606932107516386,11,0.0,1,1.1507038267843115,0.6101665794849396,nan
6,2,step,True,22,0.9210253947734512,0.3402366197903425,0.12253753551768862,0.5248899521282914,64.23113255828872,4,1.2918368917104768,104,25.460167641259886,33.85375660086633,6.627964564082944,9,0.25733234803767524,0,1.1507038267843115,0.6101665794849396,nan
6,2,step,True,23,1.5776915231880368,0.13834614110531648,0.06722009441184132,0.9423351722465786,75.37873253565283,4,1.217459543327222,119,26.450460450376116,36.53459936539421,4.871763050037941,8,0.22796312960916307,0,1.1507038267843115,0.6101665794849396,nan
7,0,init,False,0,1.695893548209062,1.4901161193847656e-08,0.19525904343548456,0.9573948863427433,53.465993280249634,4,1.2472880042483732,97,nan,nan,4.120287888145276,8,nan,0,nan,nan,nan
7,0,init,False,1,2.2857085843603824,0.0,0.08816563490338374,1.407207050863268,33.80790741579857,4,1.3955810576463779,68,nan,nan,2.9810949166534595,5,nan,0,nan,nan,nan
7,0,init,False,2,0.7496180157712998,0.0,0.22128192646225855,0.5188666530424966,102.02524851658946,4,1.2462523477289515,158,nan,nan,9.07717937305417,14,nan,0,nan,nan,nan
7,0,init,False,3,0.7321385464267546,0.0,0.43061914756824915,0.4566342126644743,78.43110798093267,4,1.266839737976448,118,nan,nan,8.328805409891904,15,nan,0,nan,nan,nan
7,0,init,False,4,1.3432311769705663,1.4901161193847656e-08,0.022440461770385334,0.9259020799765998,75.99552897688298,4,1.1526094094761743,130,nan,nan,8.62452127794918,14,nan,0,nan,nan,nan
7,0,init,False,5,2.5599472376981836,2.5809568279517847e-08,0.12059792129482677,1.516949512907638,24.62584607685912,4,1.7856351223096008,46,nan,nan,4.010151818914064,6,nan,0,nan,nan,nan
7,0,init,False,6,2.5719546876022785,0.0,0.0803887352418024,1.6257582648923694,25.886473484609475,4,1.3148413721217607,49,nan,nan,3.402165135515465,5,nan,0,nan,nan,nan
7,0,init,False,7,0.5562056173718655,0.0,0.20872328781321825,0.3844420441868076,109.16931197286914,4,1.204066454109447,169,nan,nan,11.45044705075708,14,nan,0,nan,nan,nan
7,0,init,False,8,0.18965584778829725,0.0,0.9143077372142385,0.22116256011098753,78.52859213405438,4,1.3153045139270814,121,nan,nan,9.34625701013372,14,nan,0,nan,nan,nan
7,0,init,False,9,1.7902645027757145,0.0,0.20414307758733768,1.1345627468432873,30.051260915893067,4,1.5234981204062745,62,nan,nan,1.965315136448519,2,nan,0,nan,nan,nan
7,0,init,False,10,1.8688287133032908,0.0,0.10160294257412553,1.164129773233636,13.875457717056847,4,1.5335676978780175,32,nan,nan,1.7723265200975988,4,nan,0,nan,nan,nan
7,0,init,False,11,1.798904448533471,2.1073424255447017e-08,0.06039189156360905,1.01696113752201,22.526533495044212,4,1.4991487356783237,45,nan,nan,2.1093531614939183,3,nan,0,nan,nan,nan
7,0,init,False,12,1.656085565633077,0.0,0.2418351852356281,0.9201230880504457,66.52874753848387,4,1.4668885675408487,111,nan,nan,3.0107832217690316,9,nan,0,nan,nan,nan
7,0,init,False,13,1.4164375940140463,0.0,0.12684618222524793,0.8454071957022431,49.903785347071945,4,1.4397238092834648,87,nan,nan,5.009603394929374,8,nan,0,nan,nan,nan
7,0,init,False,14,0.9095282557893342,0.0,0.5823441853318562,0.5919228099474745,25.982990440588615,4,1.8809392902878954,46,nan,nan,1.7702377377974834,3,nan,0,nan,nan,nan
7,0,init,False,15,0.979959092698329,2.1073424255447017e-08,0.12345671530436549,0.6714650101740443,100.22869046624908,4,1.1588893870320889,154,nan,nan,10.158665906413292,13,nan,0,nan,nan,nan
7,0,init,False,16,0.6074272708457642,2.1073424255447017e-08,0.15945736630496915,0.4085003650284757,114.58790735195603,4,1.2143450195914391,171,nan,nan,9.772091467122381,15,nan,0,nan,nan,nan
7,0,init,False,17,0.7090745349758502,1.4901161193847656e-08,0.28245151927795586,0.5006839274000127,91.91038893568631,4,1.2310369715249714,147,nan,nan,9.667013588058174,16,nan,0,nan,nan,nan
7,0,init,False,18,1.6675110350894953,0.0,0.05872379568227734,1.0925690653641356,63.257256614165854,4,1.2209103837488429,107,nan,nan,7.630103670082665,13,nan,0,nan,nan,nan
7,0,init,False,19,0.9835998101561569,0.0,0.132463352024765,0.6627376854633845,95.24671985369999,4,1.1657662482924642,146,nan,nan,9.929635925404824,12,nan,0,nan,nan,nan
7,0,init,False,20,1.3118515925786611,0.0,0.08429378441610243,0.9235690947304813,32.39522492289318,4,1.297573357104855,59,nan,nan,4.583855728582646,7,nan,0,nan,nan,nan
7,0,init,False,21,2.4897466425669204,0.0,0.1589147823289075,1.7721822389908501,12.877475319551785,4,1.6628685030494748,28,nan,nan,1.213309395418206,2,nan,0,nan,nan,nan
7,0,init,False,22,0.5277176915553676,0.0,0.37647377676361277,0.3747600967617925,109.47356309689263,4,1.2290279960899777,170,nan,nan,9.514466384682287,13,nan,0,nan,nan,nan
7,0,init,False,23,2.43209115517156,0.0,0.08425974037642406,1.4524038013586822,29.217988145921435,4,1.4840626442287876,55,nan,nan,4.552328880685266,7,nan,0,nan,nan,nan
7,1,step,False,0,1.695893548209062,0.21241404120672377,0.19525904343548456,0.9573948863427433,53.465993280249634,4,1.2472880042483732,97,15.507996359957538,23.645960967002807,4.120287888145276,8,0.4167228857758617,0,1.6605951643384131,1.0,4.05774058041177e-16
7,1,step,False,1,2.2857085843603824,0.2408645044659144,0.08816563490338374,1.407207050863268,33.80790741579857,4,1.3955810576463779,68,6.521452823460307,10.042722663536358,2.9810949166534595,5,0.37065101053714977,0,1.6605951643384131,1.0,4.05774058041177e-16
7,1,step,False,2,0.7496180157712998,0.1789666858752202,0.22128192646225855,0.5188666530424966,102.02524851658946,4,1.2462523477289515,158,34.97049595842469,45.117098805605764,9.07717937305417,14,0.27497744303635574,0,1.6605951643384131,1.0,4.05774058041177e-16
7,1,step,False,3,0.7321385464267546,0.5258120419659252,0.43061914756824915,0.4566342126644743,78.43110798093267,4,1.266839737976448,118,26.15095431798394,36.65837000379006,8.328805409891904,15,0.31338158682453904,0,1.6605951643384131,1.0,4.05774058041177e-16
7,1,step,False,4,1.3432311769705663,0.08399028342499998,0.022440461770385334,0.9259020799765998,75.99552897688298,4,1.1526094094761743,130,24.44210631248285,34.81996011635408,8.62452127794918,14,0.2389633776001633,0,1.6605951643384131,1.0,4.05774058041177e-16
7,1,step,False,5,2.5599472376981836,0.2062394150015845,0.12059792129482677,1.516949512907638,24.62584607685912,4,1.7856351223096008,46,5.357523042615443,8.406724959483544,4.010151818914064,6,0.2957764197707269,0,1.6605951643384131,1.0,4.05774058041177e-16
7,1,step,False,6,2.5719546876022785,0.17499683992058832,0.0803887352418024,1.6257582648923694,25.886473484609475,4,1.3148413721217607,49,7.442089797589687,11.60852096269116,3.402165135515465,5,0.25614069363354447,0,1.6605951643384131,1.0,4.05774058041177e-16
7,1,step,False,7,0.5562056173718655,0.08062752099672961,0.20872328781321825,0.3844420441868076,109.16931197286914,4,1.204066454109447,169,44.71463294585974,61.689432715257816,11.45044705075708,14,0.3351655256988714,0,1.6605951643384131,1.0,4.05774058041177e-16
7,1,step,False,8,0.18965584778829725,0.5083872528559689,0.9143077372142385,0.22116256011098753,78.52859213405438,4,1.3153045139270814,121,23.813398992061803,33.90219620912647,9.34625701013372,14,0.3354228945364082,0,1.6605951643384131,1.0,4.05774058041177e-16
7,1,step,False,9,1.7902645027757145,0.0774564354905846,0.20414307758733768,1.1345627468432873,30.051260915893067,4,1.5234981204062745,62,7.457892022467633,11.932053152406091,1.965315136448519,2,0.42491708391130345,0,1.6605951643384131,1.0,4.05774058041177e-16
7,1,step,False,10,1.8688287133032908,0.1282524248311014,0.10160294257412553,1.164129773233636,13.875457717056847,4,1.5335676978780175,32,2.8772665735759375,4.694833760672325,1.7723265200975988,4,0.334968648797959,0,1.6605951643384131,1.0,4.05774058041177e-16
7,1,step,False,11,1.798904448533471,0.16039657547816336,0.06039189156360905,1.01696113752201,22.526533495044212,4,1.4991487356783237,45,5.78007146162151,7.526320493440781,2.1093531614939183,3,0.11059974098351431,0,1.6605951643384131,1.0,4.05774058041177e-16
7,1,step,False,12,1.656085565633077,0.5696914971964219,0.2418351852356281,0.9201230880504457,66.52874753848387,4,1.4668885675408487,111,22.07633146972727,31.83853491192256,3.0107832217690316,9,0.099837224914538,0,1.6605951643384131,1.0,4.05774058041177e-16
7,1,step,False,13,1.4164375940140463,0.36032501887452806,0.12684618222524793,0.8454071957022431,49.903785347071945,4,1.4397238092834648,87,9.722569566055254,14.735965812203196,5.009603394929374,8,0.3413551481138244,0,1.6605951643384131,1.0,4.05774058041177e-16
7,1,step,False,14,0.9095282557893342,0.3569869909771401,0.5823441853318562,0.5919228099474745,25.982990440588615,4,1.8809392902878954,46,7.198143495626002,10.72591774988459,1.7702377377974834,3,0.29856192302625323,0,1.6605951643384131,1.0,4.05774058041177e-16
7,1,step,False,15,0.979959092698329,0.059391435788260796,0.12345671530436549,0.6714650101740443,100.22869046624908,4,1.1588893870320889,154,38.69873344675015,53.853702182277424,10.158665906413292,13,0.3431424216703902,0,1.6605951643384131,1.0,4.05774058041177e-16
7,1,step,False,16,0.6074272708457642,0.07393753708822501,0.15945736630496915,0.4085003650284757,114.58790735195603,4,1.2143450195914391,171,48.0641338327472,67.445561422251,9.772091467122381,15,0.3561042062294,0,1.6605951643384131,1.0,4.05774058041177e-16
7,1,step,False,17,0.7090745349758502,0.1787448645190285,0.28245151927795586,0.5006839274000127,91.91038893568631,4,1.2310369715249714,147,30.956332724561626,42.95449234441716,9.667013588058174,16,0.29292033089026953,0,1.6605951643384131,1.0,4.05774058041177e-16
7,1,step,False,18,1.6675110350894953,0.08925621198847991,0.05872379568227734,1.0925690653641356,63.257256614165854,4,1.2209103837488429,107,18.308987459315652,24.98037696756598,7.630103670082665,13,0.22768442835823777,0,1.6605951643384131,1.0,4.05774058041177e-16
7,1,step,False,19,0.9835998101561569,0.04735374063128569,0.132463352024765,0.6627376854633845,95.24671985369999,4,1.1657662482924642,146,38.0516721386496,53.05114956342134,9.929635925404824,12,0.36335980705289034,0,1.6605951643384131,1.0,4.05774058041177e-16
7,1,step,False,20,1.3118515925786611,0.15380474877703162,0.08429378441610243,0.9235690947304813,32.39522492289318,4,1.297573357104855,59,9.105175267293191,13.6607547925201,4.583855728582646,7,0.22827061236875087,0,1.6605951643384131,1.0,4.05774058041177e-16
7,1,step,False,21,2.4897466425669204,0.19681914151557783,0.1589147823289075,1.7721822389908501,12.877475319551785,4,1.6628685030494748,28,2.8940313917716844,3.8037747892889238,1.213309395418206,2,0.3329323244402608,0,1.6605951643384131,1.0,4.05774058041177e-16
7,1,step,False,22,0.5277176915553676,0.30011609216672075,0.37647377676361277,0.3747600967617925,109.47356309689263,4,1.2290279960899777,170,41.3399474802764,56.28471301796256,9.514466384682287,13,0.33602073835835605,0,1.6605951643384131,1.0,4.05774058041177e-16
7,1,step,False,23,2.43209115517156,0.2563745028589562,0.08425974037642406,1.4524038013586822,29.217988145921435,4,1.4840626442287876,55,8.548061119125059,13.752532896366455,4.552328880685266,7,0.387700377477189,0,1.6605951643384131,1.0,4.05774058041177e-16
7,2,step,False,0,1.695893548209062,0.33717648190385696,0.19525904343548456,0.9573948863427433,53.465993280249634,4,1.2472880042483732,97,12.833980569934738,17.78014491822698,4.120287888145276,8,0.2779325279614034,0,1.1742181015092812,0.6052178591489792,4.896443292053746e-16
7,2,step,False,1,2.2857085843603824,0.17152196452813623,0.08816563490338374,1.407207050863268,33.80790741579857,4,1.3955810576463779,68,6.599842056451253,9.299670136356417,2.9810949166534595,5,0.2086984633554716,0,1.1742181015092812,0.6052178591489792,4.896443292053746e-16
7,2,step,False,2,0.7496180157712998,0.3124686544653277,0.22128192646225855,0.5188666530424966,102.02524851658946,4,1.2462523477289515,158,36.08405101205666,48.445286682997676,9.07717937305417,14,0.1797037020643996,0,1.1742181015092812,0.6052178591489792,4.896443292053746e-16
7,2,step,False,3,0.7321385464267546,0.6538369366489338,0.43061914756824915,0.4566342126644743,78.43110798093267,4,1.266839737976448,118,30.966181545187304,43.029918082103585,8.328805409891904,15,0.29510410382021074,0,1.1742181015092812,0.6052178591489792,4.896443292053746e-16
7,2,step,False,4,1.3432311769705663,0.14324423478639062,0.022440461770385334,0.9259020799765998,75.99552897688298,4,1.1526094094761743,130,19.925102921523735,25.459072624973665,8.62452127794918,14,0.16569711397537917,0,1.1742181015092812,0.6052178591489792,4.896443292053746e-16
7,2,step,False,5,2.5599472376981836,0.2660231120660151,0.12059792129482677,1.516949512907638,24.62584607685912,4,1.7856351223096008,46,4.538189454815231,7.208505772719726,4.010151818914064,6,0.22536146631377554,0,1.1742181015092812,0.6052178591489792,4.896443292053746e-16
7,2,step,False,6,2.5719546876022785,0.2207540321291269,0.0803887352418024,1.6257582648923694,25.886473484609475,4,1.3148413721217607,49,5.7124599514197705,8.027660195270542,3.402165135515465,5,0.16603042489981865,0,1.1742181015092812,0.6052178591489792,4.896443292053746e-16
7,2,step,False,7,0.5562056173718655,0.09855223370681664,0.20872328781321825,0.3844420441868076,109.16931197286914,4,1.204066454109447,169,45.00952802418496,62.920794501945785,11.45044705075708,14,0.3285675740337915,0,1.1742181015092812,0.6052178591489792,4.896443292053746e-16
7,2,step,False,8,0.18965584778829725,0.3321760284175178,0.9143077372142385,0.22116256011098753,78.52859213405438,4,1.3153045139270814,121,28.35626107334005,40.140135691703655,9.34625701013372,14,0.20234322156377874,0,1.1742181015092812,0.6052178591489792,4.896443292053746e-16
7,2,step,False,9,1.7902645027757145,0.06030190063742708,0.20414307758733768,1.1345627468432873,30.051260915893067,4,1.5234981204062745,62,7.722408556836205,11.686640083867232,1.965315136448519,2,0.27195092296049156,0,1.1742181015092812,0.6052178591489792,4.896443292053746e-16
7,2,step,False,10,1.8688287133032908,0.26171471438848337,0.10160294257412553,1.164129773233636,13.875457717056847,4,1.5335676978780175,32,2.4996554522789793,3.482941922495381,1.7723265200975988,4,0.15922890135619944,0,1.1742181015092812,0.6052178591489792,4.896443292053746e-16
7,2,step,False,11,1.798904448533471,0.20450828586722283,0.06039189156360905,1.01696113752201,22.526533495044212,4,1.4991487356783237,45,5.964545761313214,7.825910339148301,2.1093531614939183,3,0.10853283659736832,0,1.1742181015092812,0.6052178591489792,4.896443292053746e-16
7,2,step,False,12,1.656085565633077,0.19368164630652338,0.2418351852356281,0.9201230880504457,66.52874753848387,4,1.4668885675408487,111,22.112741498145613,32.196967319108545,3.0107832217690316,9,0.16512243873151247,0,1.1742181015092812,0.6052178591489792,4.896443292053746e-16
7,2,step,False,13,1.4164375940140463,0.18602104664899075,0.12684618222524793,0.8454071957022431,49.903785347071945,4,1.4397238092834648,87,12.27664747563077,18.732429877733537,5.009603394929374,8,0.23540637443354717,0,1.1742181015092812,0.6052178591489792,4.896443292053746e-16
7,2,step,False,14,0.9095282557893342,0.6282372667219251,0.5823441853318562,0.5919228099474745,25.982990440588615,4,1.8809392902878954,46,9.061484031278464,13.072696269054118,1.7702377377974834,3,0.33902771714443836,0,1.1742181015092812,0.6052178591489792,4.896443292053746e-16
7,2,step,False,15,0.979959092698329,0.12062761027953914,0.12345671530436549,0.6714650101740443,100.22869046624908,4,1.1588893870320889,154,36.593859352710204,50.441456574566104,10.158665906413292,13,0.22350077052752657,0,1.1742181015092812,0.6052178591489792,4.896443292053746e-16
7,2,step,False,16,0.6074272708457642,0.09914941618799723,0.15945736630496915,0.4085003650284757,114.58790735195603,4,1.2143450195914391,171,47.15136039786498,65.23282256271426,9.772091467122381,15,0.19696633598744395,0,1.1742181015092812,0.6052178591489792,4.896443292053746e-16
7,2,step,False,17,0.7090745349758502,0.08820323302444932,0.28245151927795586,0.5006839274000127,91.91038893568631,4,1.2310369715249714,147,31.443534160033234,43.04710457809557,9.667013588058174,16,0.22228567515545147,0,1.1742181015092812,0.6052178591489792,4.896443292053746e-16
7,2,step,False,18,1.6675110350894953,0.05218010607167524,0.05872379568227734,1.0925690653641356,63.257256614165854,4,1.2209103837488429,107,17.775459340886524,24.005989568119546,7.630103670082665,13,0.17197606629852966,0,1.1742181015092812,0.6052178591489792,4.896443292053746e-16
7,2,step,False,19,0.9835998101561569,0.06970806148141795,0.132463352024765,0.6627376854633845,95.24671985369999,4,1.1657662482924642,146,35.06982558097467,47.94594463359101,9.929635925404824,12,0.21950793056776666,0,1.1742181015092812,0.6052178591489792,4.896443292053746e-16
7,2,step,False,20,1.3118515925786611,0.12731681181501617,0.08429378441610243,0.9235690947304813,32.39522492289318,4,1.297573357104855,59,10.45942618001146,14.637219814053202,4.583855728582646,7,0.17061718356556818,0,1.1742181015092812,0.6052178591489792,4.896443292053746e-16
7,2,step,False,21,2.4897466425669204,0.31662081034830436,0.1589147823289075,1.7721822389908501,12.877475319551785,4,1.6628685030494748,28,1.6119063826228426,2.0159734308077084,1.213309395418206,2,0.1853851860816987,0,1.1742181015092812,0.6052178591489792,4.896443292053746e-16
7,2,step,False,22,0.5277176915553676,0.19083502147123693,0.37647377676361277,0.3747600967617925,109.47356309689263,4,1.2290279960899777,170,42.939984293349276,59.80077821639197,9.514466384682287,13,0.21934900105292143,0,1.1742181015092812,0.6052178591489792,4.896443292053746e-16
7,2,step,False,23,2.43209115517156,0.2535823605504182,0.08425974037642406,1.4524038013586822,29.217988145921435,4,1.4840626442287876,55,7.291581953244174,9.788710950207891,4.552328880685266,7,0.22015057271858948,0,1.1742181015092812,0.6052178591489792,4.896443292053746e-16
7,3,step,False,0,1.695893548209062,0.23860843081792318,0.19525904343548456,0.9573948863427433,53.465993280249634,4,1.2472880042483732,97,12.30516830997118,16.63608209054422,4.120287888145276,8,0.19150683473628,0,0.8302975821692065,0.36009642481803894,4.17863558386431e-15
7,3,step,False,1,2.2857085843603824,0.23883066131905864,0.08816563490338374,1.407207050863268,33.80790741579857,4,1.3955810576463779,68,6.779335800103477,8.931395311642042,2.9810949166534595,5,0.260784460014314,0,0.8302975821692065,0.36009642481803894,4.17863558386431e-15
7,3,step,False,2,0.7496180157712998,0.29237927353268905,0.22128192646225855,0.5188666530424966,102.02524851658946,4,1.2462523477289515,158,36.950305785988846,49.081653072040346,9.07717937305417,14,0.13123472139012388,0,0.8302975821692065,0.36009642481803894,4.17863558386431e-15
7,3,step,False,3,0.7321385464267546,0.5759445378337893,0.43061914756824915,0.4566342126644743,78.43110798093267,4,1.266839737976448,118,35.167829338332716,48.68555771110444,8.328805409891904,15,0.16925185705813317,0,0.8302975821692065,0.36009642481803894,4.17863558386431e-15
7,3,step,False,4,1.3432311769705663,0.14439560138536045,0.022440461770385334,0.9259020799765998,75.99552897688298,4,1.1526094094761743,130,20.65419733648731,25.635351987626905,8.62452127794918,14,0.08715600191838344,0,0.8302975821692065,0.36009642481803894,4.17863558386431e-15
7,3,step,False,5,2.5599472376981836,0.26487306510438585,0.12059792129482677,1.516949512907638,24.62584607685912,4,1.7856351223096008,46,5.080022971863308,7.246934940350237,4.010151818914064,6,0.13449125206832518,0,0.8302975821692065,0.36009642481803894,4.17863558386431e-15
7,3,step,False,6,2.5719546876022785,0.23945987253132714,0.0803887352418024,1.6257582648923694,25.886473484609475,4,1.3148413721217607,49,6.043223468266746,7.8496422173690545,3.402165135515465,5,0.08346942442754868,0,0.8302975821692065,0.36009642481803894,4.17863558386431e-15
7,3,step,False,7,0.5562056173718655,0.17956697390299795,0.20872328781321825,0.3844420441868076,109.16931197286914,4,1.204066454109447,169,43.30551649235074,59.230574971070034,11.45044705075708,14,0.16153613865366842,0,0.8302975821692065,0.36009642481803894,4.17863558386431e-15
7,3,step,False,8,0.18965584778829725,0.5898916845754416,0.9143077372142385,0.22116256011098753,78.52859213405438,4,1.3153045139270814,121,31.49393722258435,42.25124823937736,9.34625701013372,14,0.10874731432480819,0,0.8302975821692065,0.36009642481803894,4.17863558386431e-15
7,3,step,False,9,1.7902645027757145,0.08424289324011325,0.20414307758733768,1.1345627468432873,30.051260915893067,4,1.5234981204062745,62,9.335545953067776,14.71033893986989,1.965315136448519,2,0.16400448547173163,0,0.8302975821692065,0.36009642481803894,4.17863558386431e-15
7,3,step,False,10,1.8688287133032908,0.2326075972681839,0.10160294257412553,1.164129773233636,13.875457717056847,4,1.5335676978780175,32,2.0314517134428867,2.53994514202456,1.7723265200975988,4,0.17377343251894836,0,0.8302975821692065,0.36009642481803894,4.17863558386431e-15
7,3,step,False,11,1.798904448533471,0.16864096300082734,0.06039189156360905,1.01696113752201,22.526533495044212,4,1.4991487356783237,45,7.231755176086207,10.77048680595238,2.1093531614939183,3,0.17319257930740145,0,0.8302975821692065,0.36009642481803894,4.17863558386431e-15
7,3,step,False,12,1.656085565633077,0.2142684573627861,0.2418351852356281,0.9201230880504457,66.52874753848387,4,1.4668885675408487,111,18.611922722160536,25.81433442286118,3.0107832217690316,9,0.19877973719392625,0,0.8302975821692065,0.36009642481803894,4.17863558386431e-15
7,3,step,False,13,1.4164375940140463,0.1704489510378453,0.12684618222524793,0.8454071957022431,49.903785347071945,4,1.4397238092834648,87,13.222692536814339,19.7259876470125,5.009603394929374,8,0.15909928582942026,0,0.8302975821692065,0.36009642481803894,4.17863558386431e-15
7,3,step,False,14,0.9095282557893342,0.8513741589100575,0.5823441853318562,0.5919228099474745,25.982990440588615,4,1.8809392902878954,46,8.359427032780001,13.10640725770142,1.7702377377974834,3,0.29262663808789435,0,0.8302975821692065,0.36009642481803894,4.17863558386431e-15
7,3,step,False,15,0.979959092698329,0.10830938234350469,0.12345671530436549,0.6714650101740443,100.22869046624908,4,1.1588893870320889,154,34.17071822257788,45.38723841377551,10.158665906413292,13,0.13446418248138348,0,0.8302975821692065,0.36009642481803894,4.17863558386431e-15
7,3,step,False,16,0.6074272708457642,0.11344924245595049,0.15945736630496915,0.4085003650284757,114.58790735195603,4,1.2143450195914391,171,47.840891756297374,62.90218551145366,9.772091467122381,15,0.11209767777564451,0,0.8302975821692065,0.36009642481803894,4.17863558386431e-15
7,3,step,False,17,0.7090745349758502,0.24197195198199087,0.28245151927795586,0.5006839274000127,91.91038893568631,4,1.2310369715249714,147,31.55722015194737,41.96369314928276,9.667013588058174,16,0.17362776468631824,0,0.8302975821692065,0.36009642481803894,4.17863558386431e-15
7,3,step,False,18,1.6675110350894953,0.06173608069010785,0.05872379568227734,1.0925690653641356,63.257256614165854,4,1.2209103837488429,107,17.130990409446348,23.28540761892375,7.630103670082665,13,0.09286870075423924,0,0.8302975821692065,0.36009642481803894,4.17863558386431e-15
7,3,step,False,19,0.9835998101561569,0.09237152680416007,0.132463352024765,0.6627376854633845,95.24671985369999,4,1.1657662482924642,146,32.62246361709854,43.73537604931338,9.929635925404824,12,0.1343870806665398,0,0.8302975821692065,0.36009642481803894,4.17863558386431e-15
7,3,step,False,20,1.3118515925786611,0.12140049500464656,0.08429378441610243,0.9235690947304813,32.39522492289318,4,1.297573357104855,59,11.095679229494378,14.195072497973861,4.583855728582646,7,0.08872515603908926,0,0.8302975821692065,0.36009642481803894,4.17863558386431e-15
7,3,step,False,21,2.4897466425669204,0.4142918948170828,0.1589147823289075,1.7721822389908501,12.877475319551785,4,1.6628685030494748,28,1.508478900442707,1.9997865558851498,1.213309395418206,2,0.11169356256714336,0,0.8302975821692065,0.36009642481803894,4.17863558386431e-15
7,3,step,False,22,0.5277176915553676,0.19541399730287906,0.37647377676361277,0.3747600967617925,109.47356309689263,4,1.2290279960899777,170,40.348643277802324,53.58330522228575,9.514466384682287,13,0.17734205985949578,0,0.8302975821692065,0.36009642481803894,4.17863558386431e-15
7,3,step,False,23,2.43209115517156,0.26399347988387484,0.08425974037642406,1.4524038013586822,29.217988145921435,4,1.4840626442287876,55,7.152589301667916,8.764660267696005,4.552328880685266,7,0.12112801150207915,0,0.8302975821692065,0.36009642481803894,4.17863558386431e-15
8,0,init,False,0,1.0378506748875693,0.0,0.12303605294879973,0.6012933781725471,80.38713347296193,4,1.2026616870824982,131,nan,nan,6.409736394929717,11,nan,0,nan,nan,nan
8,0,init,False,1,0.6716561569208681,0.0,0.12568697732852122,0.30461582712940066,110.66944159046545,4,1.1833399203270567,160,nan,nan,9.619335184444632,16,nan,0,nan,nan,nan
8,0,init,False,2,2.0226041686187917,2.1073424255447017e-08,0.16904517333489255,1.2580471060144989,27.076090029182133,4,1.4261710912871275,57,nan,nan,2.638891193165522,4,nan,0,nan,nan,nan
8,0,init,False,3,0.7777394701992171,1.4901161193847656e-08,0.24949333439569482,0.3828333536828489,91.31304504135807,4,1.2207595593000429,140,nan,nan,6.101495755763271,9,nan,0,nan,nan,nan
8,0,init,False,4,0.47784343743739227,1.4901161193847656e-08,0.41991478051445036,0.2921728391935947,101.21065763451463,4,1.28146989511169,148,nan,nan,10.324470345173227,15,nan,0,nan,nan,nan
8,0,init,False,5,0.6531959063139913,0.0,0.23445463581716386,0.40453578366524134,42.28914634096264,4,1.2983931169285168,76,nan,nan,2.65364998644303,6,nan,0,nan,nan,nan
8,0,init,False,6,1.1350102603683618,0.0,0.2129847451316913,0.6711400654645836,53.62026537984196,4,1.208308728279306,99,nan,nan,4.369238642451686,11,nan,0,nan,nan,nan
8,0,init,False,7,1.0600535721639959,0.0,0.26565181881205935,0.8035658186694545,55.050758548392636,4,1.3889876218895796,91,nan,nan,6.062794397403266,10,nan,0,nan,nan,nan
8,0,init,False,8,1.8614204865315083,0.0,0.10258853602998527,1.1101139028193139,52.453877476051616,4,1.254462317202486,94,nan,nan,2.807739901970866,5,nan,0,nan,nan,nan
8,0,init,False,9,3.20983498587541,1.4901161193847656e-08,0.1151591637819622,2.190695482201376,3.6738970218116878,4,3.0083351974084533,8,nan,nan,1.0,1,nan,0,nan,nan,nan
8,0,init,False,10,0.8302344040252218,1.4901161193847656e-08,0.3024570668814359,0.4864733974997199,89.28078021085307,4,1.1786060088213433,135,nan,nan,8.645620349730331,12,nan,0,nan,nan,nan
8,0,init,False,11,0.2031161972728973,0.0,0.3539489107395197,0.14607377248674752,120.36043469189067,4,1.169915737059017,171,nan,nan,13.1426093350954,19,nan,0,nan,nan,nan
8,0,init,False,12,0.8087519726279173,0.0,0.11464679184858678,0.46289950586347306,77.21598082614605,4,1.2865793629860431,127,nan,nan,9.634082022018477,17,nan,0,nan,nan,nan
8,0,init,False,13,2.043123899298297,0.0,0.07303363955223752,1.3078200303194811,38.77488469774087,4,1.517674082475266,76,nan,nan,4.266241509095584,9,nan,0,nan,nan,nan
8,0,init,False,14,0.951778082041314,0.0,0.3592729885583885,0.3889981400938256,38.09994319474929,4,1.6056901379588442,71,nan,nan,2.387540199667094,7,nan,0,nan,nan,nan
8,0,init,False,15,0.4172505094214615,0.0,0.40757618048955757,0.26996132229601627,74.19146716210743,4,1.2295859775099058,124,nan,nan,6.029325570241431,12,nan,0,nan,nan,nan
8,0,init,False,16,0.35411392282486276,0.0,0.4457385179352675,0.2478574893369517,96.19237975674679,4,1.3103526701279253,153,nan,nan,10.988107511941076,16,nan,0,nan,nan,nan
8,0,init,False,17,1.5646563512603404,0.0,0.09669025035476168,0.8270807471974078,64.84271274356155,4,1.2130484449046435,119,nan,nan,8.35214717726898,12,nan,0,nan,nan,nan
8,0,init,False,18,1.8032365558301429,1.4901161193847656e-08,0.07677892529708916,1.0547730329039768,41.454124403351656,4,1.4494181781835445,79,nan,nan,5.111442043284658,9,nan,0,nan,nan,nan
8,0,init,False,19,2.8305949396715846,1.4901161193847656e-08,0.06984983268365177,1.7313165651532458,10.812960344088546,4,2.2426472127309065,24,nan,nan,1.938532512655518,2,nan,0,nan,nan,nan
8,0,init,False,20,0.5059941463453863,0.0,0.34014327200290284,0.3536446661180881,51.6561043131468,4,1.437951901754448,90,nan,nan,7.079871112193736,11,nan,0,nan,nan,nan
8,0,init,False,21,1.8806394974673035,0.0,0.16694469810097767,1.3255865032424996,10.13580479948925,4,2.330469541565189,18,nan,nan,1.1764279143543734,2,nan,0,nan,nan,nan
8,0,init,False,22,1.0642945010013232,0.0,0.4400458830570237,0.733282986456121,50.29420951461046,4,1.385653510564346,83,nan,nan,6.580376277905314,10,nan,0,nan,nan,nan
8,0,init,False,23,1.6477180246523284,2.1073424255447017e-08,0.06168240977399816,0.9798373699576436,58.943900805974884,4,1.2586679152456106,98,nan,nan,6.680324662802827,10,nan,0,nan,nan,nan
8,1,step,True,0,1.0378506748875693,0.0,0.12303605294879973,0.6012933781725471,80.38713347296193,4,1.2026616870824982,131,21.895530188516656,31.773846515058782,6.409736394929717,11,0.30992081449915365,0,1.6121988453621614,1.0,nan
8,1,step,True,1,0.6716561569208681,0.0,0.12568697732852122,0.30461582712940066,110.66944159046545,4,1.1833399203270567,160,49.55694500252269,66.71685685704648,9.619335184444632,16,0.2796808284004938,0,1.6121988453621614,1.0,nan
8,1,step,True,2,2.0226041686187917,2.1073424255447017e-08,0.16904517333489255,1.2580471060144989,27.076090029182133,4,1.4261710912871275,57,4.097863626776006,6.605839520596737,2.638891193165522,4,0.2928245221641411,0,1.6121988453621614,1.0,nan
8,1,step,True,3,0.7777394701992171,1.4901161193847656e-08,0.24949333439569482,0.3828333536828489,91.31304504135807,4,1.2207595593000429,140,29.742003550379085,42.17284181741827,6.101495755763271,9,0.31634998674886566,0,1.6121988453621614,1.0,nan
8,1,step,True,4,0.47784343743739227,1.4901161193847656e-08,0.41991478051445036,0.2921728391935947,101.21065763451463,4,1.28146989511169,148,40.94693627248696,53.84363168088366,10.324470345173227,15,0.18962344692683294,0,1.6121988453621614,1.0,nan
8,1,step,True,5,0.6531959063139913,0.0,0.23445463581716386,0.40453578366524134,42.28914634096264,4,1.2983931169285168,76,11.908013492864018,16.06636886178867,2.65364998644303,6,0.2306873263422387,0,1.6121988453621614,1.0,nan
8,1,step,True,6,1.1350102603683618,0.0,0.2129847451316913,0.6711400654645836,53.62026537984196,4,1.208308728279306,99,15.932256040150145,22.7157232365763,4.369238642451686,11,0.14834785692144759,0,1.6121988453621614,1.0,nan
8,1,step,True,7,1.0600535721639959,0.0,0.26565181881205935,0.8035658186694545,55.050758548392636,4,1.3889876218895796,91,15.858418246996337,23.45324563561238,6.062794397403266,10,0.23390466982866628,0,1.6121988453621614,1.0,nan
8,1,step,True,8,1.8614204865315083,0.0,0.10258853602998527,1.1101139028193139,52.453877476051616,4,1.254462317202486,94,13.79309044455039,19.957087272632027,2.807739901970866,5,0.35790032546040557,0,1.6121988453621614,1.0,nan
8,1,step,True,9,3.20983498587541,1.4901161193847656e-08,0.1151591637819622,2.190695482201376,3.6738970218116878,4,3.0083351974084533,8,1.0,1.0,1.0,1,0.0,1,1.6121988453621614,1.0,nan
8,1,step,True,10,0.8302344040252218,1.4901161193847656e-08,0.3024570668814359,0.4864733974997199,89.28078021085307,4,1.1786060088213433,135,38.61697558121317,50.91782272811072,8.645620349730331,12,0.2667948615963423,0,1.6121988453621614,1.0,nan
8,1,step,True,11,0.2031161972728973,0.0,0.3539489107395197,0.14607377248674752,120.36043469189067,4,1.169915737059017,171,50.37931935446912,69.77606203896397,13.1426093350954,19,0.18223309655440553,0,1.6121988453621614,1.0,nan
8,1,step,True,12,0.8087519726279173,0.0,0.11464679184858678,0.46289950586347306,77.21598082614605,4,1.2865793629860431,127,27.021026391348087,36.56102216299682,9.634082022018477,17,0.3145251470978395,0,1.6121988453621614,1.0,nan
8,1,step,True,13,2.043123899298297,0.0,0.07303363955223752,1.3078200303194811,38.77488469774087,4,1.517674082475266,76,10.464119750646459,14.930083598844334,4.266241509095584,9,0.14919783530822991,0,1.6121988453621614,1.0,nan
8,1,step,True,14,0.951778082041314,0.0,0.3592729885583885,0.3889981400938256,38.09994319474929,4,1.6056901379588442,71,8.333591829611837,12.23917254789896,2.387540199667094,7,0.22721227780269307,0,1.6121988453621614,1.0,nan
8,1,step,True,15,0.4172505094214615,0.0,0.40757618048955757,0.26996132229601627,74.19146716210743,4,1.2295859775099058,124,23.317026386953245,32.89669488422646,6.029325570241431,12,0.27879450254649246,0,1.6121988453621614,1.0,nan
8,1,step,True,16,0.35411392282486276,0.0,0.4457385179352675,0.2478574893369517,96.19237975674679,4,1.3103526701279253,153,34.02945447329896,47.093222834729005,10.988107511941076,16,0.2341371928229339,0,1.6121988453621614,1.0,nan
8,1,step,True,17,1.5646563512603404,0.0,0.09669025035476168,0.8270807471974078,64.84271274356155,4,1.2130484449046435,119,19.250993136177776,27.888448601148742,8.35214717726898,12,0.2973885042016167,0,1.6121988453621614,1.0,nan
8,1,step,True,18,1.8032365558301429,1.4901161193847656e-08,0.07677892529708916,1.0547730329039768,41.454124403351656,4,1.4494181781835445,79,10.001866587350095,14.388125540199326,5.111442043284658,9,0.2594203459408399,0,1.6121988453621614,1.0,nan
8,1,step,True,19,2.8305949396715846,1.4901161193847656e-08,0.06984983268365177,1.7313165651532458,10.812960344088546,4,2.2426472127309065,24,2.9557594645908782,4.07059329073223,1.938532512655518,2,0.45551445126347634,0,1.6121988453621614,1.0,nan
8,1,step,True,20,0.5059941463453863,0.0,0.34014327200290284,0.3536446661180881,51.6561043131468,4,1.437951901754448,90,15.275048253119522,20.235477680902225,7.079871112193736,11,0.2997986765172962,0,1.6121988453621614,1.0,nan
8,1,step,True,21,1.8806394974673035,0.0,0.16694469810097767,1.3255865032424996,10.13580479948925,4,2.330469541565189,18,2.627033594868638,4.05498171134333,1.1764279143543734,2,0.3171929157850836,0,1.6121988453621614,1.0,nan
8,1,step,True,22,1.0642945010013232,0.0,0.4400458830570237,0.733282986456121,50.29420951461046,4,1.385653510564346,83,15.498274758050524,22.790112885775397,6.580376277905314,10,0.3154305709924404,0,1.6121988453621614,1.0,nan
8,1,step,True,23,1.6477180246523284,2.1073424255447017e-08,0.06168240977399816,0.9798373699576436,58.943900805974884,4,1.2586679152456106,98,17.498453573059592,24.57219512039844,6.680324662802827,10,0.3037135198753456,0,1.6121988453621614,1.0,nan
9,0,init,False,0,1.9319150175304767,0.0,0.10922289075720497,1.1741594893840335,50.83765592911183,4,1.5080824678619769,94,nan,nan,4.951049427882265,9,nan,0,nan,nan,nan
9,0,init,False,1,2.297613715968394,0.0,0.16228131059326445,1.3195659414977998,9.036244677316205,4,1.4151987580563266,17,nan,nan,2.4066897298444108,3,nan,0,nan,nan,nan
9,0,init,False,2,0.3806438597462406,0.0,0.7688169237098971,0.3724109192463156,45.72076231280717,4,1.6999048964630479,77,nan,nan,4.235501892019893,7,nan,0,nan,nan,nan
9,0,init,False,3,2.589576667811834,0.0,0.1332238939908978,1.4685184233212882,21.878998199936778,4,1.4101589686111116,41,nan,nan,2.800817358207788,5,nan,0,nan,nan,nan
9,0,init,False,4,0.4350174884567207,1.4901161193847656e-08,0.6324199763837439,0.27689877281712677,46.06352586455857,4,1.326473862479658,82,nan,nan,5.325483028926313,12,nan,0,nan,nan,nan
9,0,init,False,5,1.1156952399600832,0.0,0.18023716553541275,0.6884010975879544,43.374717724875914,4,1.3542569949811656,78,nan,nan,6.563383068922615,12,nan,0,nan,nan,nan
9,0,init,False,6,1.3582674648938677,0.0,0.14676985899851125,0.7762411083543527,79.7391800660551,4,1.1534659600038029,129,nan,nan,7.4425737981421225,12,nan,0,nan,nan,nan
9,0,init,False,7,1.0005504679814938,1.4901161193847656e-08,0.1466242093868162,0.5328449404557218,84.84485484469167,4,1.2284512066025288,138,nan,nan,8.023903022809062,13,nan,0,nan,nan,nan
9,0,init,False,8,1.9666485141928456,0.0,0.19737429712429255,1.2234565165012112,21.853085367342054,4,1.6307073254371576,46,nan,nan,2.3143784434093186,5,nan,0,nan,nan,nan
9,0,init,False,9,0.6243284807757906,1.4901161193847656e-08,0.3279161076603897,0.3349818360725658,97.61428840538967,4,1.249645505709279,154,nan,nan,8.617345995483836,15,nan,0,nan,nan,nan
9,0,init,False,10,1.7743448667122528,0.0,0.13898496592129797,1.0406885577753495,40.70322499449219,4,1.4769839727858245,83,nan,nan,4.418969352691991,7,nan,0,nan,nan,nan
9,0,init,False,11,1.0972591878173263,0.0,0.2792895201560445,0.7425227093851822,65.40928099831156,4,1.2263952143406478,108,nan,nan,5.482957950661375,8,nan,0,nan,nan,nan
9,0,init,False,12,2.5440052353798466,0.0,0.2411229841446357,1.6782903052148672,3.7329969318222256,4,8.4013883568947,6,nan,nan,1.1612495848795443,2,nan,0,nan,nan,nan
9,0,init,False,13,1.065335976205895,0.0,0.15988510373123277,0.48074151789870073,99.54309701714674,4,1.2654416926309866,157,nan,nan,9.377984886071925,15,nan,0,nan,nan,nan
9,0,init,False,14,0.6147355922993071,0.0,0.13444728392954045,0.23553545051378413,101.88338781080608,4,1.2131011237126672,155,nan,nan,10.7325429181916,16,nan,0,nan,nan,nan
9,0,init,False,15,1.1390096535776728,2.1073424255447017e-08,0.09802056962033691,0.6436712604281858,103.97304012625618,4,1.084218045433002,155,nan,nan,9.51158874358387,16,nan,0,nan,nan,nan
9,0,init,False,16,1.2557821063963082,0.0,0.11611579825014204,0.6747425535690329,96.59675285176966,4,1.2449504557197069,153,nan,nan,8.782096652840504,14,nan,0,nan,nan,nan
9,0,init,False,17,2.4046687697579534,2.1073424255447017e-08,0.09742479103182744,1.3791854268956292,33.0812012220659,4,1.6683970443998164,66,nan,nan,3.5513756640917347,7,nan,0,nan,nan,nan
9,0,init,False,18,1.5047639121030847,0.0,0.12618457708691785,0.9314880879902975,54.67622169110198,4,1.5949543931485424,93,nan,nan,5.027811250983838,11,nan,0,nan,nan,nan
9,0,init,False,19,1.497484781295103,1.4901161193847656e-08,0.06854794014301595,0.8961007175209915,52.59368491985117,4,1.1888821417890714,97,nan,nan,4.865930677258875,9,nan,0,nan,nan,nan
9,0,init,False,20,0.3913953812157383,0.0,0.45029835540271934,0.360824054902853,90.62980286426586,4,1.2649703156125822,146,nan,nan,9.406098600296723,15,nan,0,nan,nan,nan
9,0,init,False,21,1.664103941613645,1.4901161193847656e-08,0.07277465176761311,1.1391165315662632,12.120125259295206,4,1.3443735004067154,22,nan,nan,1.7213828827791333,3,nan,0,nan,nan,nan
9,0,init,False,22,1.408979648993165,0.0,0.16533938859444647,0.6915377792758998,53.60540342249233,4,1.421516828106679,102,nan,nan,5.533264505131386,10,nan,0,nan,nan,nan
9,0,init,False,23,0.36411673436852154,0.0,0.12471637197965432,0.2217320279639587,130.4884664982385,4,1.154610501318598,187,nan,nan,11.745620564889926,18,nan,0,nan,nan,nan
9,1,step,False,0,1.9319150175304767,0.22428366849094014,0.10922289075720497,1.1741594893840335,50.83765592911183,4,1.5080824678619769,94,11.90028241878269,19.885481576677257,4.951049427882265,9,0.2137658220678191,0,1.7084164625838822,1.0,5.152760707028409e-16
9,1,step,False,1,2.297613715968394,0.11344137923980373,0.16228131059326445,1.3195659414977998,9.036244677316205,4,1.4151987580563266,17,2.900068654688776,3.6404311346157314,2.4066897298444108,3,0.3669897090806626,0,1.7084164625838822,1.0,5.152760707028409e-16
9,1,step,False,2,0.3806438597462406,0.07190448153208613,0.7688169237098971,0.3724109192463156,45.72076231280717,4,1.6999048964630479,77,12.321658107402728,17.692483542791134,4.235501892019893,7,0.3105918443149878,0,1.7084164625838822,1.0,5.152760707028409e-16
9,1,step,False,3,2.589576667811834,0.06926406130736551,0.1332238939908978,1.4685184233212882,21.878998199936778,4,1.4101589686111116,41,4.9456333013376605,6.764442415655159,2.800817358207788,5,0.3356315030783158,0,1.7084164625838822,1.0,5.152760707028409e-16
9,1,step,False,4,0.4350174884567207,0.5629256980015103,0.6324199763837439,0.27689877281712677,46.06352586455857,4,1.326473862479658,82,14.101343720952563,20.404649320083315,5.325483028926313,12,0.18399373533387864,0,1.7084164625838822,1.0,5.152760707028409e-16
9,1,step,False,5,1.1156952399600832,0.35010964422528346,0.18023716553541275,0.6884010975879544,43.374717724875914,4,1.3542569949811656,78,12.966592956796749,18.891762767913193,6.563383068922615,12,0.23714967732299916,0,1.7084164625838822,1.0,5.152760707028409e-16
9,1,step,False,6,1.3582674648938677,0.03140524242455988,0.14676985899851125,0.7762411083543527,79.7391800660551,4,1.1534659600038029,129,28.747105336916775,39.920758057570026,7.4425737981421225,12,0.1774995528542032,0,1.7084164625838822,1.0,5.152760707028409e-16
9,1,step,False,7,1.0005504679814938,0.20140191811826105,0.1466242093868162,0.5328449404557218,84.84485484469167,4,1.2284512066025288,138,27.787493253656557,38.74140640264389,8.023903022809062,13,0.26963503812350864,0,1.7084164625838822,1.0,5.152760707028409e-16
9,1,step,False,8,1.9666485141928456,0.3004468193530196,0.19737429712429255,1.2234565165012112,21.853085367342054,4,1.6307073254371576,46,4.198350257121681,6.34125793511293,2.3143784434093186,5,0.4324906015190386,0,1.7084164625838822,1.0,5.152760707028409e-16
9,1,step,False,9,0.6243284807757906,0.07135917086428527,0.3279161076603897,0.3349818360725658,97.61428840538967,4,1.249645505709279,154,36.471645697460836,54.05235222147349,8.617345995483836,15,0.17888776790258415,0,1.7084164625838822,1.0,5.152760707028409e-16
9,1,step,False,10,1.7743448667122528,0.13025849982682958,0.13898496592129797,1.0406885577753495,40.70322499449219,4,1.4769839727858245,83,7.801507214063661,10.397751771224254,4.418969352691991,7,0.3201505683037246,0,1.7084164625838822,1.0,5.152760707028409e-16
9,1,step,False,11,1.0972591878173263,0.11822935467293216,0.2792895201560445,0.7425227093851822,65.40928099831156,4,1.2263952143406478,108,17.425073309112193,24.404618069607093,5.482957950661375,8,0.29977826125226414,0,1.7084164625838822,1.0,5.152760707028409e-16
9,1,step,False,12,2.5440052353798466,0.1301427475191995,0.2411229841446357,1.6782903052148672,3.7329969318222256,4,8.4013883568947,6,1.397180785073378,1.6861237768691777,1.1612495848795443,2,0.35629194406527004,0,1.7084164625838822,1.0,5.152760707028409e-16
9,1,step,False,13,1.065335976205895,0.23220307203555593,0.15988510373123277,0.48074151789870073,99.54309701714674,4,1.2654416926309866,157,35.8242000193221,51.30125971846591,9.377984886071925,15,0.31672139392342086,0,1.7084164625838822,1.0,5.152760707028409e-16
9,1,step,False,14,0.6147355922993071,0.13017903495629682,0.13444728392954045,0.23553545051378413,101.88338781080608,4,1.2131011237126672,155,42.54616209528608,56.32190117238338,10.7325429181916,16,0.292821046379381,0,1.7084164625838822,1.0,5.152760707028409e-16
9,1,step,False,15,1.1390096535776728,0.05210501085261357,0.09802056962033691,0.6436712604281858,103.97304012625618,4,1.084218045433002,155,43.82642858407712,60.958712330623,9.51158874358387,16,0.18434803105826034,0,1.7084164625838822,1.0,5.152760707028409e-16
9,1,step,False,16,1.2557821063963082,0.36709684232112205,0.11611579825014204,0.6747425535690329,96.59675285176966,4,1.2449504557197069,153,29.19509157337148,41.8359724571946,8.782096652840504,14,0.23488095001936538,0,1.7084164625838822,1.0,5.152760707028409e-16
9,1,step,False,17,2.4046687697579534,0.16673168983757122,0.09742479103182744,1.3791854268956292,33.0812012220659,4,1.6683970443998164,66,6.015185002316217,10.612403607488014,3.5513756640917347,7,0.35904131943150636,0,1.7084164625838822,1.0,5.152760707028409e-16
9,1,step,False,18,1.5047639121030847,0.11274498325049861,0.12618457708691785,0.9314880879902975,54.67622169110198,4,1.5949543931485424,93,17.8559324071023,26.138922190522386,5.027811250983838,11,0.3076152017487432,0,1.7084164625838822,1.0,5.152760707028409e-16
9,1,step,False,19,1.497484781295103,0.12836225026469644,0.06854794014301595,0.8961007175209915,52.59368491985117,4,1.1888821417890714,97,12.798893428967256,19.697874575842242,4.865930677258875,9,0.19492073889078446,0,1.7084164625838822,1.0,5.152760707028409e-16
9,1,step,False,20,0.3913953812157383,0.07485581414574126,0.45029835540271934,0.360824054902853,90.62980286426586,4,1.2649703156125822,146,32.1420444826835,46.74980486743438,9.406098600296723,15,0.17559202399008386,0,1.7084164625838822,1.0,5.152760707028409e-16
9,1,step,False,21,1.664103941613645,0.196482334418219,0.07277465176761311,1.1391165315662632,12.120125259295206,4,1.3443735004067154,22,4.162510646250857,5.824650632433916,1.7213828827791333,3,0.22747990174280774,0,1.7084164625838822,1.0,5.152760707028409e-16
9,1,step,False,22,1.408979648993165,0.3034553359947752,0.16533938859444647,0.6915377792758998,53.60540342249233,4,1.421516828106679,102,11.895609067305841,17.214234912493975,5.533264505131386,10,0.3344991093064228,0,1.7084164625838822,1.0,5.152760707028409e-16
9,1,step,False,23,0.36411673436852154,0.1069267672623408,0.12471637197965432,0.2217320279639587,130.4884664982385,4,1.154610501318598,187,60.77400767995109,82.77528192639559,11.745620564889926,18,0.2589079736384571,0,1.7084164625838822,1.0,5.152760707028409e-16
9,2,step,False,0,1.9319150175304767,0.2168724193742164,0.10922289075720497,1.1741594893840335,50.83765592911183,4,1.5080824678619769,94,7.339749969833392,11.144270944956503,4.951049427882265,9,0.20636848245379547,0,1.2080328657837966,0.6069117486476898,7.046453514045182e-16
9,2,step,False,1,2.297613715968394,0.28311522383560567,0.16228131059326445,1.3195659414977998,9.036244677316205,4,1.4151987580563266,17,1.7422272712228826,2.3405870713686343,2.4066897298444108,3,0.24681501658861643,0,1.2080328657837966,0.6069117486476898,7.046453514045182e-16
9,2,step,False,2,0.3806438597462406,0.13557542204270318,0.7688169237098971,0.3724109192463156,45.72076231280717,4,1.6999048964630479,77,15.409271036591667,23.232095456453226,4.235501892019893,7,0.2675362399325619,0,1.2080328657837966,0.6069117486476898,7.046453514045182e-16
9,2,step,False,3,2.589576667811834,0.11582973169447694,0.1332238939908978,1.4685184233212882,21.878998199936778,4,1.4101589686111116,41,3.531850036647217,4.14559741276895,2.800817358207788,5,0.23651879455954092,0,1.2080328657837966,0.6069117486476898,7.046453514045182e-16
9,2,step,False,4,0.4350174884567207,0.6713515030973866,0.6324199763837439,0.27689877281712677,46.06352586455857,4,1.326473862479658,82,15.76974281307495,22.72604641606112,5.325483028926313,12,0.09160654654624362,0,1.2080328657837966,0.6069117486476898,7.046453514045182e-16
9,2,step,False,5,1.1156952399600832,0.5066347622362853,0.18023716553541275,0.6884010975879544,43.374717724875914,4,1.3542569949811656,78,14.507223178310698,20.199888676938865,6.563383068922615,12,0.16548808412041072,0,1.2080328657837966,0.6069117486476898,7.046453514045182e-16
9,2,step,False,6,1.3582674648938677,0.13902719844463163,0.14676985899851125,0.7762411083543527,79.7391800660551,4,1.1534659600038029,129,27.75030378057451,38.39057561643965,7.4425737981421225,12,0.1419455516277619,0,1.2080328657837966,0.6069117486476898,7.046453514045182e-16
9,2,step,False,7,1.0005504679814938,0.29823962324059067,0.1466242093868162,0.5328449404557218,84.84485484469167,4,1.2284512066025288,138,30.219670350274686,42.77499225709469,8.023903022809062,13,0.2332491211855594,0,1.2080328657837966,0.6069117486476898,7.046453514045182e-16
9,2,step,False,8,1.9666485141928456,0.438764246887037,0.19737429712429255,1.2234565165012112,21.853085367342054,4,1.6307073254371576,46,3.399439343220431,4.788012965545532,2.3143784434093186,5,0.2704883330171021,0,1.2080328657837966,0.6069117486476898,7.046453514045182e-16
9,2,step,False,9,0.6243284807757906,0.162411104626517,0.3279161076603897,0.3349818360725658,97.61428840538967,4,1.249645505709279,154,37.9588282994301,54.72957358174126,8.617345995483836,15,0.27102874451374437,0,1.2080328657837966,0.6069117486476898,7.046453514045182e-16
9,2,step,False,10,1.7743448667122528,0.2575576691276247,0.13898496592129797,1.0406885577753495,40.70322499449219,4,1.4769839727858245,83,6.5021065770420385,9.079105583578986,4.418969352691991,7,0.21414579064834086,0,1.2080328657837966,0.6069117486476898,7.046453514045182e-16
9,2,step,False,11,1.0972591878173263,0.1736816451336948,0.2792895201560445,0.7425227093851822,65.40928099831156,4,1.2263952143406478,108,19.031762034608636,26.803661580545498,5.482957950661375,8,0.17119435519178713,0,1.2080328657837966,0.6069117486476898,7.046453514045182e-16
9,2,step,False,12,2.5440052353798466,0.13718976655042797,0.2411229841446357,1.6782903052148672,3.7329969318222256,4,8.4013883568947,6,1.5085581632270024,1.8903034522403428,1.1612495848795443,2,0.33507138149287446,0,1.2080328657837966,0.6069117486476898,7.046453514045182e-16
9,2,step,False,13,1.065335976205895,0.1505594651199795,0.15988510373123277,0.48074151789870073,99.54309701714674,4,1.2654416926309866,157,33.12756037479371,44.96754408090336,9.377984886071925,15,0.21726851667824792,0,1.2080328657837966,0.6069117486476898,7.046453514045182e-16
9,2,step,False,14,0.6147355922993071,0.1014018286710251,0.13444728392954045,0.23553545051378413,101.88338781080608,4,1.2131011237126672,155,45.06175606696458,58.82711454763501,10.7325429181916,16,0.215151778281906,0,1.2080328657837966,0.6069117486476898,7.046453514045182e-16
9,2,step,False,15,1.1390096535776728,0.18349554662067363,0.09802056962033691,0.6436712604281858,103.97304012625618,4,1.084218045433002,155,40.875010901247336,53.92035691672945,9.51158874358387,16,0.1580266922478863,0,1.2080328657837966,0.6069117486476898,7.046453514045182e-16
9,2,step,False,16,1.2557821063963082,0.3331435677909187,0.11611579825014204,0.6747425535690329,96.59675285176966,4,1.2449504557197069,153,28.655092555433125,40.41734885072112,8.782096652840504,14,0.20240813775617275,0,1.2080328657837966,0.6069117486476898,7.046453514045182e-16
9,2,step,False,17,2.4046687697579534,0.3255102023954238,0.09742479103182744,1.3791854268956292,33.0812012220659,4,1.6683970443998164,66,3.0640653205285884,5.03054755959558,3.5513756640917347,7,0.23364800012337683,0,1.2080328657837966,0.6069117486476898,7.046453514045182e-16
9,2,step,False,18,1.5047639121030847,0.28520623875718465,0.12618457708691785,0.9314880879902975,54.67622169110198,4,1.5949543931485424,93,16.69322083177755,23.89982314674977,5.027811250983838,11,0.25858556656935416,0,1.2080328657837966,0.6069117486476898,7.046453514045182e-16
9,2,step,False,19,1.497484781295103,0.26518696459675367,0.06854794014301595,0.8961007175209915,52.59368491985117,4,1.1888821417890714,97,12.216072683188544,19.465895599060133,4.865930677258875,9,0.2898569073692624,0,1.2080328657837966,0.6069117486476898,7.046453514045182e-16
9,2,step,False,20,0.3913953812157383,0.062263514731898964,0.45029835540271934,0.360824054902853,90.62980286426586,4,1.2649703156125822,146,37.939614703127134,54.1047507206678,9.406098600296723,15,0.11715982497982003,0,1.2080328657837966,0.6069117486476898,7.046453514045182e-16
9,2,step,False,21,1.664103941613645,0.20897862231219577,0.07277465176761311,1.1391165315662632,12.120125259295206,4,1.3443735004067154,22,4.913001574653836,6.6968444952342,1.7213828827791333,3,0.24051267321496556,0,1.2080328657837966,0.6069117486476898,7.046453514045182e-16
9,2,step,False,22,1.408979648993165,0.21810253912506997,0.16533938859444647,0.6915377792758998,53.60540342249233,4,1.421516828106679,102,10.963082602751573,16.448410647313548,5.533264505131386,10,0.21888400550087292,0,1.2080328657837966,0.6069117486476898,7.046453514045182e-16
9,2,step,False,23,0.36411673436852154,0.14513965457435138,0.12471637197965432,0.2217320279639587,130.4884664982385,4,1.154610501318598,187,61.82079543593977,80.67552461325454,11.745620564889926,18,0.2142720212401674,0,1.2080328657837966,0.6069117486476898,7.046453514045182e-16
9,3,step,False,0,1.9319150175304767,0.18176928535105627,0.10922289075720497,1.1741594893840335,50.83765592911183,4,1.5080824678619769,94,7.335311718918925,11.513915164415653,4.951049427882265,9,0.1422808016711628,0,0.854208231291941,0.36512449383735657,1.898785468315607e-14
9,3,step,False,1,2.297613715968394,0.418165280114504,0.16228131059326445,1.3195659414977998,9.036244677316205,4,1.4151987580563266,17,1.1802135539303535,1.3490897463433893,2.4066897298444108,3,0.1235510892096629,0,0.854208231291941,0.36512449383735657,1.898785468315607e-14
9,3,step,False,2,0.3806438597462406,0.09645149447636059,0.7688169237098971,0.3724109192463156,45.72076231280717,4,1.6999048964630479,77,17.70688897680999,25.691371057359838,4.235501892019893,7,0.15042874131850706,0,0.854208231291941,0.36512449383735657,1.898785468315607e-14
9,3,step,False,3,2.589576667811834,0.04870270949623353,0.1332238939908978,1.4685184233212882,21.878998199936778,4,1.4101589686111116,41,3.1159966071522325,3.782856349410717,2.800817358207788,5,0.13027842779926235,0,0.854208231291941,0.36512449383735657,1.898785468315607e-14
9,3,step,False,4,0.4350174884567207,0.5333472318033117,0.6324199763837439,0.27689877281712677,46.06352586455857,4,1.326473862479658,82,19.46791996499219,29.371096133766326,5.325483028926313,12,0.10883853877288378,0,0.854208231291941,0.36512449383735657,1.898785468315607e-14
9,3,step,False,5,1.1156952399600832,0.3842895511803707,0.18023716553541275,0.6884010975879544,43.374717724875914,4,1.3542569949811656,78,16.573401156845563,23.50271296473526,6.563383068922615,12,0.14127610710665994,0,0.854208231291941,0.36512449383735657,1.898785468315607e-14
9,3,step,False,6,1.3582674648938677,0.16122664912866094,0.14676985899851125,0.7762411083543527,79.7391800660551,4,1.1534659600038029,129,24.710365335421663,33.34846616225334,7.4425737981421225,12,0.13241326797274575,0,0.854208231291941,0.36512449383735657,1.898785468315607e-14
9,3,step,False,7,1.0005504679814938,0.26729336624146094,0.1466242093868162,0.5328449404557218,84.84485484469167,4,1.2284512066025288,138,33.08887512063099,45.91192504524016,8.023903022809062,13,0.13179190666850843,0,0.854208231291941,0.36512449383735657,1.898785468315607e-14
9,3,step,False,8,1.9666485141928456,0.7498112067411531,0.19737429712429255,1.2234565165012112,21.853085367342054,4,1.6307073254371576,46,4.010206248935722,5.835019784836235,2.3143784434093186,5,0.16576484204640382,0,0.854208231291941,0.36512449383735657,1.898785468315607e-14
9,3,step,False,9,0.6243284807757906,0.275733095299277,0.3279161076603897,0.3349818360725658,97.61428840538967,4,1.249645505709279,154,39.41377474181986,56.097573003552824,8.617345995483836,15,0.15549805701216676,0,0.854208231291941,0.36512449383735657,1.898785468315607e-14
9,3,step,False,10,1.7743448667122528,0.3207308748586673,0.13898496592129797,1.0406885577753495,40.70322499449219,4,1.4769839727858245,83,7.458811695014354,10.965777864165132,4.418969352691991,7,0.1335988295634759,0,0.854208231291941,0.36512449383735657,1.898785468315607e-14
9,3,step,False,11,1.0972591878173263,0.23851944177831103,0.2792895201560445,0.7425227093851822,65.40928099831156,4,1.2263952143406478,108,20.06280830268788,27.542497621097862,5.482957950661375,8,0.13349596510696815,0,0.854208231291941,0.36512449383735657,1.898785468315607e-14
9,3,step,False,12,2.5440052353798466,0.14266021348584346,0.2411229841446357,1.6782903052148672,3.7329969318222256,4,8.4013883568947,6,1.187179148151174,1.3740757411236384,1.1612495848795443,2,0.22146644952376174,0,0.854208231291941,0.36512449383735657,1.898785468315607e-14
9,3,step,False,13,1.065335976205895,0.12644346760048036,0.15988510373123277,0.48074151789870073,99.54309701714674,4,1.2654416926309866,157,30.371241658280983,39.473241800709104,9.377984886071925,15,0.11226500695372588,0,0.854208231291941,0.36512449383735657,1.898785468315607e-14
9,3,step,False,14,0.6147355922993071,0.10636986803890408,0.13444728392954045,0.23553545051378413,101.88338781080608,4,1.2131011237126672,155,42.67472483265291,54.30449508023119,10.7325429181916,16,0.12282709584718418,0,0.854208231291941,0.36512449383735657,1.898785468315607e-14
9,3,step,False,15,1.1390096535776728,0.21477629990974606,0.09802056962033691,0.6436712604281858,103.97304012625618,4,1.084218045433002,155,37.09910038285727,47.47928511480463,9.51158874358387,16,0.13305824772560018,0,0.854208231291941,0.36512449383735657,1.898785468315607e-14
9,3,step,False,16,1.2557821063963082,0.09605153886571503,0.11611579825014204,0.6747425535690329,96.59675285176966,4,1.2449504557197069,153,28.041361193081553,39.56289160781359,8.782096652840504,14,0.12222756505428337,0,0.854208231291941,0.36512449383735657,1.898785468315607e-14
9,3,step,False,17,2.4046687697579534,0.4047943073524247,0.09742479103182744,1.3791854268956292,33.0812012220659,4,1.6683970443998164,66,1.6788099794636993,2.432327403802177,3.5513756640917347,7,0.1462368136565894,0,0.854208231291941,0.36512449383735657,1.898785468315607e-14
9,3,step,False,18,1.5047639121030847,0.30750252698616237,0.12618457708691785,0.9314880879902975,54.67622169110198,4,1.5949543931485424,93,15.48590535463723,21.484946227843835,5.027811250983838,11,0.14075560214865243,0,0.854208231291941,0.36512449383735657,1.898785468315607e-14
9,3,step,False,19,1.497484781295103,0.37847620024338696,0.06854794014301595,0.8961007175209915,52.59368491985117,4,1.1888821417890714,97,12.295816900068049,18.30394656449866,4.865930677258875,9,0.12963828301225622,0,0.854208231291941,0.36512449383735657,1.898785468315607e-14
9,3,step,False,20,0.3913953812157383,0.05162181169049445,0.45029835540271934,0.360824054902853,90.62980286426586,4,1.2649703156125822,146,39.921025662633724,54.358571479666765,9.406098600296723,15,0.13584862339141568,0,0.854208231291941,0.36512449383735657,1.898785468315607e-14
9,3,step,False,21,1.664103941613645,0.3230148082040605,0.07277465176761311,1.1391165315662632,12.120125259295206,4,1.3443735004067154,22,4.5917146111445595,6.616876809877739,1.7213828827791333,3,0.25080561782361893,0,0.854208231291941,0.36512449383735657,1.898785468315607e-14
9,3,step,False,22,1.408979648993165,0.23454910754533262,0.16533938859444647,0.6915377792758998,53.60540342249233,4,1.421516828106679,102,11.46611059221883,16.967855389802907,5.533264505131386,10,0.11905708374735494,0,0.854208231291941,0.36512449383735657,1.898785468315607e-14
9,3,step,False,23,0.36411673436852154,0.1087520506559032,0.12471637197965432,0.2217320279639587,130.4884664982385,4,1.154610501318598,187,61.062466672914404,79.48863613883866,11.745620564889926,18,0.1326953505682693,0,0.854208231291941,0.36512449383735657,1.898785468315607e-14
