seed,phase_index,phase,failed,center,radius,sine,pilot_sine,gradient_norm,linear_mass,linear_rank,linear_condition,linear_support,function_mass,n_eff,manifold_mass,manifold_neighbors,slope_min_singular,slope_rank_zero,h,alpha,linear_relative_residual_max
0,0,init,False,0,2.013105417584776,0.01744127630135683,0.008784950615525181,1.8505844314827729,45.25131891809136,4,1.1798474781985144,79,nan,nan,2.777991978085399,3,nan,0,nan,nan,nan
0,0,init,False,1,1.8393261347459855,0.05148146107663134,0.02986034948154258,1.7323095965892685,31.940513081492973,4,1.3217857462609153,65,nan,nan,1.7467855830685557,3,nan,0,nan,nan,nan
0,0,init,False,2,0.8324216477026292,0.21136196993098327,0.05828545491603018,0.8138175959905658,95.70652241506949,4,1.2926125639595911,144,nan,nan,2.9122672770913107,3,nan,0,nan,nan,nan
0,0,init,False,3,1.7671365625020585,0.01984771917344198,0.016366884579059347,1.6589393522596327,57.55429743684587,4,1.4961967445043285,104,nan,nan,2.03672907729928,3,nan,0,nan,nan,nan
0,0,init,False,4,0.189190438782976,0.9507196656709994,0.23174780656263855,0.2116009355294656,86.61455688672773,4,1.2253467761845325,137,nan,nan,2.747628899910756,3,nan,0,nan,nan,nan
0,0,init,False,5,0.9624957231516963,0.5255669128668449,0.026095414736561923,0.9130468335775459,100.66230206714853,4,1.401847941884606,152,nan,nan,2.9087281598389616,3,nan,0,nan,nan,nan
0,0,init,False,6,1.878120422772648,0.10492353301731192,0.007307421387373927,1.7770476262235673,56.30447193552446,4,1.227336443590866,96,nan,nan,2.9569600401244847,3,nan,0,nan,nan,nan
0,0,init,False,7,1.1659714895589495,0.3758605066885356,0.06889847409111492,1.0583363434177742,51.99423262134718,4,1.5285894745866542,87,nan,nan,2.7633865927423384,3,nan,0,nan,nan,nan
0,0,init,False,8,1.66032737134484,0.24717455308181346,0.022062438422085887,1.5393644378773437,11.819416878870557,4,2.026586931196822,26,nan,nan,1.1330600765125198,2,nan,0,nan,nan,nan
0,0,init,False,9,1.6461682316146562,0.5609860502412176,0.011012639035819229,1.5399699550737824,37.543552928539356,4,1.4412322784247225,65,nan,nan,2.408481234326115,3,nan,0,nan,nan,nan
0,0,init,False,10,2.4714404049555068,0.012100945697761765,0.012100945697743415,2.291329109434725,10.15448500645655,4,2.4079244265377597,20,nan,nan,1.0,1,nan,0,nan,nan,nan
0,0,init,False,11,0.8931465161478112,0.9874205464681906,0.06975596470743678,0.8428123191856903,43.392081459615156,4,1.5331905489234308,83,nan,nan,2.462634550391558,3,nan,0,nan,nan,nan
0,0,init,False,12,0.8277010638072685,0.98463468970678,0.0361756040120959,0.7556822923881173,99.60092708268655,4,1.1788566064618986,158,nan,nan,2.678181110801557,3,nan,0,nan,nan,nan
0,0,init,False,13,1.6770024361296911,0.3291116625345576,0.017069166835836033,1.5724886134701268,47.8807759883679,4,1.3488019381897085,87,nan,nan,2.8315816027113736,3,nan,0,nan,nan,nan
0,0,init,False,14,2.1318195481244704,0.2938341239015038,0.0360481847677854,1.9377504592421373,43.409210194733,4,1.4174425444032683,70,nan,nan,2.9095333312493166,3,nan,0,nan,nan,nan
0,0,init,False,15,0.8702271550814301,0.17535175124039212,0.01863958534160902,0.818454601411988,96.04184728257837,4,1.263563869945345,147,nan,nan,2.9108021594038442,3,nan,0,nan,nan,nan
0,0,init,False,16,0.7714455089923629,0.36366642901427076,0.05520169065940139,0.7160831071780862,72.69219066972167,4,1.3384043689817446,117,nan,nan,2.9023370079603366,3,nan,0,nan,nan,nan
0,0,init,False,17,0.2875326920240055,0.6918993050210117,0.10856438812377903,0.25829200352698317,76.68372379940722,4,1.2368547980033078,133,nan,nan,2.5270842179194606,3,nan,0,nan,nan,nan
0,0,init,False,18,1.2405084321280169,0.08110608926390667,0.08110608926390393,1.113902618646004,6.5091475001375025,4,2.7889278686408487,15,nan,nan,1.0,1,nan,0,nan,nan,nan
0,0,init,False,19,1.7323699323297677,0.013811623098589654,0.017767400567230345,1.6299869636541013,68.81193320483357,4,1.28081094247929,111,nan,nan,2.9798009556800134,3,nan,0,nan,nan,nan
0,0,init,False,20,1.2578374095484226,0.10990017933953436,0.0184201003715447,1.1714347945585541,76.88178852690064,4,1.4994073035874473,123,nan,nan,2.9254825607351154,3,nan,0,nan,nan,nan
0,0,init,False,21,1.1944097178215622,0.1887062768644668,0.019612318888695437,1.122431969617695,97.01859239689279,4,1.3516191907056236,147,nan,nan,2.92151388751899,3,nan,0,nan,nan,nan
0,0,init,False,22,1.2865519208297453,0.06224734691320354,0.00760299590712186,1.171453706840116,57.60596565566867,4,1.1434171490671163,94,nan,nan,2.922017310930408,3,nan,0,nan,nan,nan
0,0,init,False,23,1.5882846153801122,0.04037553408568205,0.009666271448661298,1.4801728230629443,67.926146062343,4,1.1695569105909993,108,nan,nan,2.986273677575226,3,nan,0,nan,nan,nan
0,1,step,False,0,2.013105417584776,0.11220444866392953,0.008784950615525181,1.8505844314827729,45.25131891809136,4,1.1798474781985144,79,17.4546104486637,23.961986672685068,2.777991978085399,3,0.22757669607307454,0,1.6633575396573566,1.0,6.784801023183046e-15
0,1,step,False,1,1.8393261347459855,0.0778053177865669,0.02986034948154258,1.7323095965892685,31.940513081492973,4,1.3217857462609153,65,7.579997456447989,11.752720477847017,1.7467855830685557,3,0.39884143732851507,0,1.6633575396573566,1.0,6.784801023183046e-15
0,1,step,False,2,0.8324216477026292,0.3470421063440952,0.05828545491603018,0.8138175959905658,95.70652241506949,4,1.2926125639595911,144,39.04149238121993,53.52184722682377,2.9122672770913107,3,0.2794010904853406,0,1.6633575396573566,1.0,6.784801023183046e-15
0,1,step,False,3,1.7671365625020585,0.022024559142852305,0.016366884579059347,1.6589393522596327,57.55429743684587,4,1.4961967445043285,104,15.163882051344746,22.044532642816744,2.03672907729928,3,0.3981792177140603,0,1.6633575396573566,1.0,6.784801023183046e-15
0,1,step,False,4,0.189190438782976,0.9079954733083767,0.23174780656263855,0.2116009355294656,86.61455688672773,4,1.2253467761845325,137,25.554443758003906,36.20749948444799,2.747628899910756,3,0.41817664060676696,0,1.6633575396573566,1.0,6.784801023183046e-15
0,1,step,False,5,0.9624957231516963,0.6135211198684497,0.026095414736561923,0.9130468335775459,100.66230206714853,4,1.401847941884606,152,36.74984926202968,53.28940696474683,2.9087281598389616,3,0.19874474101052783,0,1.6633575396573566,1.0,6.784801023183046e-15
0,1,step,False,6,1.878120422772648,0.10938447661536256,0.007307421387373927,1.7770476262235673,56.30447193552446,4,1.227336443590866,96,16.30466619306752,24.419020375902583,2.9569600401244847,3,0.34601956360928876,0,1.6633575396573566,1.0,6.784801023183046e-15
0,1,step,False,7,1.1659714895589495,0.3320682804710787,0.06889847409111492,1.0583363434177742,51.99423262134718,4,1.5285894745866542,87,16.326597374167847,24.162443271568044,2.7633865927423384,3,0.22851329103525966,0,1.6633575396573566,1.0,6.784801023183046e-15
0,1,step,False,8,1.66032737134484,0.3126482048254275,0.022062438422085887,1.5393644378773437,11.819416878870557,4,2.026586931196822,26,6.000000000489575,8.925584573627361,1.1330600765125198,2,0.36737774535308015,0,1.6633575396573566,1.0,6.784801023183046e-15
0,1,step,False,9,1.6461682316146562,0.6872193448450871,0.011012639035819229,1.5399699550737824,37.543552928539356,4,1.4412322784247225,65,8.956131186618911,14.270276243278207,2.408481234326115,3,0.2572110888915322,0,1.6633575396573566,1.0,6.784801023183046e-15
0,1,step,False,10,2.4714404049555068,0.025630302698588948,0.012100945697743415,2.291329109434725,10.15448500645655,4,2.4079244265377597,20,6.000000000298861,8.05804491552736,1.0,1,0.9316026050732413,0,1.6633575396573566,1.0,6.784801023183046e-15
0,1,step,False,11,0.8931465161478112,0.998329218314055,0.06975596470743678,0.8428123191856903,43.392081459615156,4,1.5331905489234308,83,9.28373646072881,14.054071923001677,2.462634550391558,3,0.3247605488373429,0,1.6633575396573566,1.0,6.784801023183046e-15
0,1,step,False,12,0.8277010638072685,0.9904584610623764,0.0361756040120959,0.7556822923881173,99.60092708268655,4,1.1788566064618986,158,32.30047513535959,45.83697318429608,2.678181110801557,3,0.3945301873209332,0,1.6633575396573566,1.0,6.784801023183046e-15
0,1,step,False,13,1.6770024361296911,0.3413484721594868,0.017069166835836033,1.5724886134701268,47.8807759883679,4,1.3488019381897085,87,11.445401823981266,18.815252933834888,2.8315816027113736,3,0.34623233003467035,0,1.6633575396573566,1.0,6.784801023183046e-15
0,1,step,False,14,2.1318195481244704,0.26037679577756956,0.0360481847677854,1.9377504592421373,43.409210194733,4,1.4174425444032683,70,15.236600952775309,20.434156746746734,2.9095333312493166,3,0.268022664046046,0,1.6633575396573566,1.0,6.784801023183046e-15
0,1,step,False,15,0.8702271550814301,0.1822618769074187,0.01863958534160902,0.818454601411988,96.04184728257837,4,1.263563869945345,147,43.99338190045703,58.48920776596773,2.9108021594038442,3,0.34841747046093485,0,1.6633575396573566,1.0,6.784801023183046e-15
0,1,step,False,16,0.7714455089923629,0.4544207223889985,0.05520169065940139,0.7160831071780862,72.69219066972167,4,1.3384043689817446,117,23.329803068498148,35.481925059749955,2.9023370079603366,3,0.42536590123785234,0,1.6633575396573566,1.0,6.784801023183046e-15
0,1,step,False,17,0.2875326920240055,0.22008171533153797,0.10856438812377903,0.25829200352698317,76.68372379940722,4,1.2368547980033078,133,26.466136655396323,37.70596262011128,2.5270842179194606,3,0.35458122416170224,0,1.6633575396573566,1.0,6.784801023183046e-15
0,1,step,False,18,1.2405084321280169,0.08732600016904343,0.08110608926390393,1.113902618646004,6.5091475001375025,4,2.7889278686408487,15,6.000000000188077,8.234439146988501,1.0,1,0.6328246135901525,0,1.6633575396573566,1.0,6.784801023183046e-15
0,1,step,False,19,1.7323699323297677,0.038853697696444936,0.017767400567230345,1.6299869636541013,68.81193320483357,4,1.28081094247929,111,24.393795253637936,32.912126769974215,2.9798009556800134,3,0.3460529664150909,0,1.6633575396573566,1.0,6.784801023183046e-15
0,1,step,False,20,1.2578374095484226,0.22608337653742552,0.0184201003715447,1.1714347945585541,76.88178852690064,4,1.4994073035874473,123,23.194459139978036,34.79255635761158,2.9254825607351154,3,0.1994816748562954,0,1.6633575396573566,1.0,6.784801023183046e-15
0,1,step,False,21,1.1944097178215622,0.11964064168877225,0.019612318888695437,1.122431969617695,97.01859239689279,4,1.3516191907056236,147,37.18784215673985,49.2169066251834,2.92151388751899,3,0.2648663575222153,0,1.6633575396573566,1.0,6.784801023183046e-15
0,1,step,False,22,1.2865519208297453,0.04626164219881541,0.00760299590712186,1.171453706840116,57.60596565566867,4,1.1434171490671163,94,18.698269447754594,25.416132723044406,2.922017310930408,3,0.4047640886122303,0,1.6633575396573566,1.0,6.784801023183046e-15
0,1,step,False,23,1.5882846153801122,0.030213271648908607,0.009666271448661298,1.4801728230629443,67.926146062343,4,1.1695569105909993,108,23.620896660295074,30.167718623983,2.986273677575226,3,0.4044889007054658,0,1.6633575396573566,1.0,6.784801023183046e-15
0,2,step,False,0,2.013105417584776,0.15663089858307905,0.008784950615525181,1.8505844314827729,45.25131891809136,4,1.1798474781985144,79,14.594378218098242,19.96895864001467,2.777991978085399,3,0.15858628701044325,0,1.1761713958294884,0.6067541241645813,1.8602427952560046e-15
0,2,step,False,1,1.8393261347459855,0.06872818384974813,0.02986034948154258,1.7323095965892685,31.940513081492973,4,1.3217857462609153,65,7.83810973368112,11.428931819389707,1.7467855830685557,3,0.1330561401025884,0,1.1761713958294884,0.6067541241645813,1.8602427952560046e-15
0,2,step,False,2,0.8324216477026292,0.3097331644621176,0.05828545491603018,0.8138175959905658,95.70652241506949,4,1.2926125639595911,144,39.14852404212242,52.32476110255259,2.9122672770913107,3,0.24757594709981648,0,1.1761713958294884,0.6067541241645813,1.8602427952560046e-15
0,2,step,False,3,1.7671365625020585,0.015323024397139834,0.016366884579059347,1.6589393522596327,57.55429743684587,4,1.4961967445043285,104,13.553853340851887,17.777581291968048,2.03672907729928,3,0.13231351080234502,0,1.1761713958294884,0.6067541241645813,1.8602427952560046e-15
0,2,step,False,4,0.189190438782976,0.9766631285714255,0.23174780656263855,0.2116009355294656,86.61455688672773,4,1.2253467761845325,137,29.108300701629588,40.609008934455744,2.747628899910756,3,0.17694532134662508,0,1.1761713958294884,0.6067541241645813,1.8602427952560046e-15
0,2,step,False,5,0.9624957231516963,0.6113969369103452,0.026095414736561923,0.9130468335775459,100.66230206714853,4,1.401847941884606,152,40.12420371403,56.696434111033,2.9087281598389616,3,0.18188300956281528,0,1.1761713958294884,0.6067541241645813,1.8602427952560046e-15
0,2,step,False,6,1.878120422772648,0.12821417765828236,0.007307421387373927,1.7770476262235673,56.30447193552446,4,1.227336443590866,96,14.377257449973323,19.7360463464502,2.9569600401244847,3,0.21925278570290385,0,1.1761713958294884,0.6067541241645813,1.8602427952560046e-15
0,2,step,False,7,1.1659714895589495,0.3458080724809659,0.06889847409111492,1.0583363434177742,51.99423262134718,4,1.5285894745866542,87,17.059226673331832,24.622536179064454,2.7633865927423384,3,0.15625813565642624,0,1.1761713958294884,0.6067541241645813,1.8602427952560046e-15
0,2,step,False,8,1.66032737134484,0.12976324999701705,0.022062438422085887,1.5393644378773437,11.819416878870557,4,2.026586931196822,26,6.0000000003233245,9.515570973567801,1.1330600765125198,2,0.2542492066096438,0,1.1761713958294884,0.6067541241645813,1.8602427952560046e-15
0,2,step,False,9,1.6461682316146562,0.7812521998227893,0.011012639035819229,1.5399699550737824,37.543552928539356,4,1.4412322784247225,65,11.847002185212315,19.176555006765888,2.408481234326115,3,0.22737397988053745,0,1.1761713958294884,0.6067541241645813,1.8602427952560046e-15
0,2,step,False,10,2.4714404049555068,0.02858275282854524,0.012100945697743415,2.291329109434725,10.15448500645655,4,2.4079244265377597,20,6.000000000158087,9.51231666107081,1.0,1,0.748156938376364,0,1.1761713958294884,0.6067541241645813,1.8602427952560046e-15
0,2,step,False,11,0.8931465161478112,0.9940119849928925,0.06975596470743678,0.8428123191856903,43.392081459615156,4,1.5331905489234308,83,10.921775073867346,15.392158697497454,2.462634550391558,3,0.2781056670368448,0,1.1761713958294884,0.6067541241645813,1.8602427952560046e-15
0,2,step,False,12,0.8277010638072685,0.9960965883637888,0.0361756040120959,0.7556822923881173,99.60092708268655,4,1.1788566064618986,158,34.689441471893616,48.92270601365713,2.678181110801557,3,0.2825120488633956,0,1.1761713958294884,0.6067541241645813,1.8602427952560046e-15
0,2,step,False,13,1.6770024361296911,0.3154104136650865,0.017069166835836033,1.5724886134701268,47.8807759883679,4,1.3488019381897085,87,10.179952816050465,15.617121237565488,2.8315816027113736,3,0.1976687446995976,0,1.1761713958294884,0.6067541241645813,1.8602427952560046e-15
0,2,step,False,14,2.1318195481244704,0.376501492248394,0.0360481847677854,1.9377504592421373,43.409210194733,4,1.4174425444032683,70,12.15756751646272,15.377959385690456,2.9095333312493166,3,0.274859430447249,0,1.1761713958294884,0.6067541241645813,1.8602427952560046e-15
0,2,step,False,15,0.8702271550814301,0.15730951878299407,0.01863958534160902,0.818454601411988,96.04184728257837,4,1.263563869945345,147,41.16014576141168,54.846629701681316,2.9108021594038442,3,0.20933753596560087,0,1.1761713958294884,0.6067541241645813,1.8602427952560046e-15
0,2,step,False,16,0.7714455089923629,0.29923440056165673,0.05520169065940139,0.7160831071780862,72.69219066972167,4,1.3384043689817446,117,24.589961223357818,35.93515084893617,2.9023370079603366,3,0.1760356793001924,0,1.1761713958294884,0.6067541241645813,1.8602427952560046e-15
0,2,step,False,17,0.2875326920240055,0.13340073260986193,0.10856438812377903,0.25829200352698317,76.68372379940722,4,1.2368547980033078,133,30.035661632042967,43.08609954218112,2.5270842179194606,3,0.31311204220048344,0,1.1761713958294884,0.6067541241645813,1.8602427952560046e-15
0,2,step,False,18,1.2405084321280169,0.08687831312658932,0.08110608926390393,1.113902618646004,6.5091475001375025,4,2.7889278686408487,15,6.000000000236515,8.324225403216705,1.0,1,0.2949475130637541,0,1.1761713958294884,0.6067541241645813,1.8602427952560046e-15
0,2,step,False,19,1.7323699323297677,0.03976253940221727,0.017767400567230345,1.6299869636541013,68.81193320483357,4,1.28081094247929,111,19.94316756181562,26.55987838801077,2.9798009556800134,3,0.21948066815248746,0,1.1761713958294884,0.6067541241645813,1.8602427952560046e-15
0,2,step,False,20,1.2578374095484226,0.23312643014473894,0.0184201003715447,1.1714347945585541,76.88178852690064,4,1.4994073035874473,123,24.62040077127634,36.34427970116996,2.9254825607351154,3,0.18261634456585324,0,1.1761713958294884,0.6067541241645813,1.8602427952560046e-15
0,2,step,False,21,1.1944097178215622,0.061121108848861454,0.019612318888695437,1.122431969617695,97.01859239689279,4,1.3516191907056236,147,36.34882562643371,47.55177592467914,2.92151388751899,3,0.2624966507901843,0,1.1761713958294884,0.6067541241645813,1.8602427952560046e-15
0,2,step,False,22,1.2865519208297453,0.05583757128197537,0.00760299590712186,1.171453706840116,57.60596565566867,4,1.1434171490671163,94,19.286056617089134,26.34152504181464,2.922017310930408,3,0.27501875479980925,0,1.1761713958294884,0.6067541241645813,1.8602427952560046e-15
0,2,step,False,23,1.5882846153801122,0.03766042842938935,0.009666271448661298,1.4801728230629443,67.926146062343,4,1.1695569105909993,108,21.39525940238959,27.96770360065631,2.986273677575226,3,0.2749574076075139,0,1.1761713958294884,0.6067541241645813,1.8602427952560046e-15
0,3,step,False,0,2.013105417584776,0.10541626811083397,0.008784950615525181,1.8505844314827729,45.25131891809136,4,1.1798474781985144,79,12.106419502817529,15.463641741480016,2.777991978085399,3,0.1143180740853894,0,0.8316787698286782,0.3626272678375244,3.1709878165239937e-13
0,3,step,False,1,1.8393261347459855,0.06752946445829837,0.02986034948154258,1.7323095965892685,31.940513081492973,4,1.3217857462609153,65,9.101634283321072,12.1615485499906,1.7467855830685557,3,0.09583662178684703,0,0.8316787698286782,0.3626272678375244,3.1709878165239937e-13
0,3,step,False,2,0.8324216477026292,0.5952038579024373,0.05828545491603018,0.8138175959905658,95.70652241506949,4,1.2926125639595911,144,39.75740627919905,52.54001632540694,2.9122672770913107,3,0.08173235980623064,0,0.8316787698286782,0.3626272678375244,3.1709878165239937e-13
0,3,step,False,3,1.7671365625020585,0.02625314547721745,0.016366884579059347,1.6589393522596327,57.55429743684587,4,1.4961967445043285,104,13.16342087089108,16.266698913255162,2.03672907729928,3,0.09683809293843504,0,0.8316787698286782,0.3626272678375244,3.1709878165239937e-13
0,3,step,False,4,0.189190438782976,0.9999337625604013,0.23174780656263855,0.2116009355294656,86.61455688672773,4,1.2253467761845325,137,32.646571741707135,45.10760785552909,2.747628899910756,3,0.12064614738194995,0,0.8316787698286782,0.3626272678375244,3.1709878165239937e-13
0,3,step,False,5,0.9624957231516963,0.7307155996214791,0.026095414736561923,0.9130468335775459,100.66230206714853,4,1.401847941884606,152,44.75370938545542,59.85510260942158,2.9087281598389616,3,0.09226395104671686,0,0.8316787698286782,0.3626272678375244,3.1709878165239937e-13
0,3,step,False,6,1.878120422772648,0.11963609033628508,0.007307421387373927,1.7770476262235673,56.30447193552446,4,1.227336443590866,96,13.898630382922425,18.327929643813427,2.9569600401244847,3,0.12346064964395471,0,0.8316787698286782,0.3626272678375244,3.1709878165239937e-13
0,3,step,False,7,1.1659714895589495,0.4128656361280573,0.06889847409111492,1.0583363434177742,51.99423262134718,4,1.5285894745866542,87,18.378255860525943,26.88598738440024,2.7633865927423384,3,0.12497569623978848,0,0.8316787698286782,0.3626272678375244,3.1709878165239937e-13
0,3,step,False,8,1.66032737134484,0.0627162930263024,0.022062438422085887,1.5393644378773437,11.819416878870557,4,2.026586931196822,26,6.000000000321171,8.563938515872113,1.1330600765125198,2,0.10652621654270975,0,0.8316787698286782,0.3626272678375244,3.1709878165239937e-13
0,3,step,False,9,1.6461682316146562,0.7728302815221642,0.011012639035819229,1.5399699550737824,37.543552928539356,4,1.4412322784247225,65,14.165811807512483,22.16132817162159,2.408481234326115,3,0.12109354148525381,0,0.8316787698286782,0.3626272678375244,3.1709878165239937e-13
0,3,step,False,10,2.4714404049555068,0.018136477394965496,0.012100945697743415,2.291329109434725,10.15448500645655,4,2.4079244265377597,20,6.0000000003880825,9.208014007669293,1.0,1,0.4420785147054174,0,0.8316787698286782,0.3626272678375244,3.1709878165239937e-13
0,3,step,False,11,0.8931465161478112,0.971492568385024,0.06975596470743678,0.8428123191856903,43.392081459615156,4,1.5331905489234308,83,13.943276120270916,21.804230144611655,2.462634550391558,3,0.2103695093076577,0,0.8316787698286782,0.3626272678375244,3.1709878165239937e-13
0,3,step,False,12,0.8277010638072685,0.9597845269218815,0.0361756040120959,0.7556822923881173,99.60092708268655,4,1.1788566064618986,158,37.06673423630898,53.063756441466666,2.678181110801557,3,0.1541839580191166,0,0.8316787698286782,0.3626272678375244,3.1709878165239937e-13
0,3,step,False,13,1.6770024361296911,0.28204195697232104,0.017069166835836033,1.5724886134701268,47.8807759883679,4,1.3488019381897085,87,11.46710498673006,16.662656314728782,2.8315816027113736,3,0.17465710669100318,0,0.8316787698286782,0.3626272678375244,3.1709878165239937e-13
0,3,step,False,14,2.1318195481244704,0.4341183677518655,0.0360481847677854,1.9377504592421373,43.409210194733,4,1.4174425444032683,70,10.636195303666272,13.355075450174002,2.9095333312493166,3,0.12471993398767332,0,0.8316787698286782,0.3626272678375244,3.1709878165239937e-13
0,3,step,False,15,0.8702271550814301,0.12943032134605265,0.01863958534160902,0.818454601411988,96.04184728257837,4,1.263563869945345,147,35.166867752859496,46.57443944538569,2.9108021594038442,3,0.12950335931127502,0,0.8316787698286782,0.3626272678375244,3.1709878165239937e-13
0,3,step,False,16,0.7714455089923629,0.19573323042099108,0.05520169065940139,0.7160831071780862,72.69219066972167,4,1.3384043689817446,117,25.386507291471602,35.77682238362871,2.9023370079603366,3,0.11779651183023492,0,0.8316787698286782,0.3626272678375244,3.1709878165239937e-13
0,3,step,False,17,0.2875326920240055,0.1011664811295122,0.10856438812377903,0.25829200352698317,76.68372379940722,4,1.2368547980033078,133,29.41612426847715,41.05303121786417,2.5270842179194606,3,0.13408603219670603,0,0.8316787698286782,0.3626272678375244,3.1709878165239937e-13
0,3,step,False,18,1.2405084321280169,0.08605055692264604,0.08110608926390393,1.113902618646004,6.5091475001375025,4,2.7889278686408487,15,6.000000000428177,8.86446355178755,1.0,1,0.207598227185364,0,0.8316787698286782,0.3626272678375244,3.1709878165239937e-13
0,3,step,False,19,1.7323699323297677,0.037821758145001716,0.017767400567230345,1.6299869636541013,68.81193320483357,4,1.28081094247929,111,17.23761881723083,21.76399988720595,2.9798009556800134,3,0.12345031635460033,0,0.8316787698286782,0.3626272678375244,3.1709878165239937e-13
0,3,step,False,20,1.2578374095484226,0.6126489336975425,0.0184201003715447,1.1714347945585541,76.88178852690064,4,1.4994073035874473,123,25.02875924031953,36.32202401250971,2.9254825607351154,3,0.09503550262914195,0,0.8316787698286782,0.3626272678375244,3.1709878165239937e-13
0,3,step,False,21,1.1944097178215622,0.041105000227910096,0.019612318888695437,1.122431969617695,97.01859239689279,4,1.3516191907056236,147,32.80133628443069,42.784561741276384,2.92151388751899,3,0.09746206960836963,0,0.8316787698286782,0.3626272678375244,3.1709878165239937e-13
0,3,step,False,22,1.2865519208297453,0.08156156385869152,0.00760299590712186,1.171453706840116,57.60596565566867,4,1.1434171490671163,94,17.510573593824994,23.996775447960957,2.922017310930408,3,0.1320760622014097,0,0.8316787698286782,0.3626272678375244,3.1709878165239937e-13
0,3,step,False,23,1.5882846153801122,0.06011215158263557,0.009666271448661298,1.4801728230629443,67.926146062343,4,1.1695569105909993,108,18.125198759285123,21.79590023117637,2.986273677575226,3,0.1320616426695668,0,0.8316787698286782,0.3626272678375244,3.1709878165239937e-13
1,0,init,False,0,1.5749285892107503,0.19710301510796152,0.021897606676460794,1.5352165324677927,58.1255192699806,4,1.3359299744479276,100,nan,nan,2.938089376370531,3,nan,0,nan,nan,nan
1,0,init,False,1,1.2597795664531544,0.07393020488842747,0.012521526603086119,1.2574605609209226,73.4203802244768,4,1.3014780187753279,119,nan,nan,2.974958138645761,3,nan,0,nan,nan,nan
1,0,init,False,2,1.321130606706036,0.0452964892554718,0.0353783853533421,1.2968486310961702,64.21333978017283,4,1.3680608408512542,109,nan,nan,2.732694480494643,3,nan,0,nan,nan,nan
1,0,init,False,3,0.7822524636658202,0.42090328805806315,0.10098316619527041,0.7887976066307316,31.65460114810914,4,1.5401210518536577,63,nan,nan,2.624800292994724,3,nan,0,nan,nan,nan
1,0,init,False,4,0.34434947603663596,0.7784363986847386,0.08760588855588422,0.34933103969013735,110.76965662245044,4,1.2506721675324675,171,nan,nan,2.723125795720472,3,nan,0,nan,nan,nan
1,0,init,False,5,1.4417495312968414,0.38431851888118573,0.02940407296350532,1.4063767490575503,58.85843969092172,4,1.443776098345645,109,nan,nan,2.630192949029967,3,nan,0,nan,nan,nan
1,0,init,False,6,1.00972397712654,0.3041292417360678,0.033650212390920815,1.0274102334164679,53.26794803322947,4,1.4548996150584552,93,nan,nan,2.8982635931994642,3,nan,0,nan,nan,nan
1,0,init,False,7,1.2185947329704703,0.19377969126881786,0.04335301107252063,1.1732784477053118,59.776321990038106,4,1.5824914426247365,102,nan,nan,2.832566426194336,3,nan,0,nan,nan,nan
1,0,init,False,8,1.0529759994370083,0.1344550179595677,0.018025357034565072,1.0304770381052146,90.63043919268989,4,1.2089503562504371,135,nan,nan,2.923419164615308,3,nan,0,nan,nan,nan
1,0,init,False,9,0.29021406196150945,0.9751382303797075,0.037530307063268015,0.30145115198678174,86.10041172850613,4,1.3027633038404485,140,nan,nan,2.799694472443446,3,nan,0,nan,nan,nan
1,0,init,False,10,1.385073693952201,0.18080551358379984,0.01817735746341647,1.3746661218999394,71.91980943756451,4,1.3079830281169158,120,nan,nan,2.990649192924389,3,nan,0,nan,nan,nan
1,0,init,False,11,1.039287979344075,0.05518860335870029,0.06946342990990302,0.9783331104422774,44.593612143074274,4,1.4179461310870287,80,nan,nan,2.6782497318900447,3,nan,0,nan,nan,nan
1,0,init,False,12,1.093621695593289,0.17867888834752735,0.006981175685816066,1.0841202588167642,83.87676452846466,4,1.2362845540544831,127,nan,nan,2.9786389535030398,3,nan,0,nan,nan,nan
1,0,init,False,13,0.9736580260817508,0.4480017841181375,0.006691322794632664,0.9635194857550359,60.767410951634155,4,1.3012547771511178,99,nan,nan,2.8695916778823394,3,nan,0,nan,nan,nan
1,0,init,False,14,1.313802687997899,0.113383982120221,0.019463617530753523,1.3225702913491508,76.4711253420775,4,1.2740067003456363,123,nan,nan,2.995096912085555,3,nan,0,nan,nan,nan
1,0,init,False,15,2.345362840709062,0.02998238554710529,0.02998123573951759,2.3698293887686748,15.315387151269974,4,1.6743011216639352,34,nan,nan,1.3334986384996432,3,nan,0,nan,nan,nan
1,0,init,False,16,0.720181991764751,0.09902057947639735,0.06246822600032174,0.6911975456312982,73.38432044625401,4,1.3478844172948343,114,nan,nan,2.8897680311434524,3,nan,0,nan,nan,nan
1,0,init,False,17,1.2805013366604237,0.1278908860830342,0.04619074404007257,1.286407986198546,39.55629964356406,4,1.4893567238615686,75,nan,nan,2.784429442109528,3,nan,0,nan,nan,nan
1,0,init,False,18,0.8160002170453344,0.7865903578367316,0.07184616227630107,0.7857118010309566,80.73122378063826,4,1.2727468403386215,129,nan,nan,2.7349266508441534,3,nan,0,nan,nan,nan
1,0,init,False,19,1.3316689125660606,0.1532389063058089,0.054424848145914695,1.34276851232327,15.966969068378386,4,1.6890374174626903,37,nan,nan,2.0115552838317177,3,nan,0,nan,nan,nan
1,0,init,False,20,1.542113069582152,0.285925933175587,0.006281818426468708,1.5518054332647644,50.35094875946201,4,1.2156112198778257,85,nan,nan,2.9406393376138333,3,nan,0,nan,nan,nan
1,0,init,False,21,2.0051335288065353,0.05393888927052031,0.021950714185393776,1.9742388230003605,35.97508400818381,4,1.362173227191439,63,nan,nan,2.4994954712342343,3,nan,0,nan,nan,nan
1,0,init,False,22,2.5644615416402696,0.03409734646122244,0.0340973464612257,2.5633631664374383,17.124575495420004,4,1.6590726355233671,30,nan,nan,1.0,1,nan,0,nan,nan,nan
1,0,init,False,23,1.107052378092518,0.027902029043122847,0.030638821262493697,1.098881262669808,87.14941156343991,4,1.3010299865835984,137,nan,nan,2.9878682344914664,3,nan,0,nan,nan,nan
1,1,step,False,0,1.5749285892107503,0.20694321874003738,0.021897606676460794,1.5352165324677927,58.1255192699806,4,1.3359299744479276,100,20.59852130321884,28.479483566494398,2.938089376370531,3,0.34891923435388106,0,1.6558287014937831,1.0,1.0119192540525124e-15
1,1,step,False,1,1.2597795664531544,0.1026262436207835,0.012521526603086119,1.2574605609209226,73.4203802244768,4,1.3014780187753279,119,28.40386179477597,38.63465136606058,2.974958138645761,3,0.3496017139948826,0,1.6558287014937831,1.0,1.0119192540525124e-15
1,1,step,False,2,1.321130606706036,0.24852946230501163,0.0353783853533421,1.2968486310961702,64.21333978017283,4,1.3680608408512542,109,17.855639041357886,25.868303825078737,2.732694480494643,3,0.2970684080330021,0,1.6558287014937831,1.0,1.0119192540525124e-15
1,1,step,False,3,0.7822524636658202,0.2896913491950013,0.10098316619527041,0.7887976066307316,31.65460114810914,4,1.5401210518536577,63,8.489344067855889,12.618002529473353,2.624800292994724,3,0.302105616896485,0,1.6558287014937831,1.0,1.0119192540525124e-15
1,1,step,False,4,0.34434947603663596,0.7164811100493242,0.08760588855588422,0.34933103969013735,110.76965662245044,4,1.2506721675324675,171,43.47201625408509,59.248157521185114,2.723125795720472,3,0.46311113366349826,0,1.6558287014937831,1.0,1.0119192540525124e-15
1,1,step,False,5,1.4417495312968414,0.6430742656820252,0.02940407296350532,1.4063767490575503,58.85843969092172,4,1.443776098345645,109,19.740985148939526,26.420632451306382,2.630192949029967,3,0.44525612559631256,0,1.6558287014937831,1.0,1.0119192540525124e-15
1,1,step,False,6,1.00972397712654,0.31290088021555307,0.033650212390920815,1.0274102334164679,53.26794803322947,4,1.4548996150584552,93,13.887473030153876,19.684940243892243,2.8982635931994642,3,0.26280677166592115,0,1.6558287014937831,1.0,1.0119192540525124e-15
1,1,step,False,7,1.2185947329704703,0.18685615812010073,0.04335301107252063,1.1732784477053118,59.776321990038106,4,1.5824914426247365,102,18.89287660936788,29.191093076605014,2.832566426194336,3,0.4022771420675697,0,1.6558287014937831,1.0,1.0119192540525124e-15
1,1,step,False,8,1.0529759994370083,0.2535808562472995,0.018025357034565072,1.0304770381052146,90.63043919268989,4,1.2089503562504371,135,32.77956836697321,48.72410113322512,2.923419164615308,3,0.2201678887740378,0,1.6558287014937831,1.0,1.0119192540525124e-15
1,1,step,False,9,0.29021406196150945,0.9959364314035127,0.037530307063268015,0.30145115198678174,86.10041172850613,4,1.3027633038404485,140,27.769282057771342,40.20620643288194,2.799694472443446,3,0.4465876165594965,0,1.6558287014937831,1.0,1.0119192540525124e-15
1,1,step,False,10,1.385073693952201,0.21952536788628957,0.01817735746341647,1.3746661218999394,71.91980943756451,4,1.3079830281169158,120,20.951430197476885,31.43172029939866,2.990649192924389,3,0.33925099619130716,0,1.6558287014937831,1.0,1.0119192540525124e-15
1,1,step,False,11,1.039287979344075,0.31469314372087254,0.06946342990990302,0.9783331104422774,44.593612143074274,4,1.4179461310870287,80,13.294875268863809,18.783504810958583,2.6782497318900447,3,0.35943351750687097,0,1.6558287014937831,1.0,1.0119192540525124e-15
1,1,step,False,12,1.093621695593289,0.18181692039410996,0.006981175685816066,1.0841202588167642,83.87676452846466,4,1.2362845540544831,127,27.190900311888967,38.4470171310464,2.9786389535030398,3,0.25852561810164176,0,1.6558287014937831,1.0,1.0119192540525124e-15
1,1,step,False,13,0.9736580260817508,0.4620462226203372,0.006691322794632664,0.9635194857550359,60.767410951634155,4,1.3012547771511178,99,21.54043517163722,30.648319502897117,2.8695916778823394,3,0.4017212268267608,0,1.6558287014937831,1.0,1.0119192540525124e-15
1,1,step,False,14,1.313802687997899,0.0744457748606964,0.019463617530753523,1.3225702913491508,76.4711253420775,4,1.2740067003456363,123,23.89193754753978,34.23326527540986,2.995096912085555,3,0.3392654135049551,0,1.6558287014937831,1.0,1.0119192540525124e-15
1,1,step,False,15,2.345362840709062,0.06288132062389759,0.02998123573951759,2.3698293887686748,15.315387151269974,4,1.6743011216639352,34,6.000000000090481,8.099955904488485,1.3334986384996432,3,0.28414966313541906,0,1.6558287014937831,1.0,1.0119192540525124e-15
1,1,step,False,16,0.720181991764751,0.2557179795132177,0.06246822600032174,0.6911975456312982,73.38432044625401,4,1.3478844172948343,114,23.475585983024153,33.17452902246887,2.8897680311434524,3,0.45760074654011795,0,1.6558287014937831,1.0,1.0119192540525124e-15
1,1,step,False,17,1.2805013366604237,0.2661971401845212,0.04619074404007257,1.286407986198546,39.55629964356406,4,1.4893567238615686,75,10.523665166772878,14.662491689527567,2.784429442109528,3,0.30092562070013257,0,1.6558287014937831,1.0,1.0119192540525124e-15
1,1,step,False,18,0.8160002170453344,0.8725909829287796,0.07184616227630107,0.7857118010309566,80.73122378063826,4,1.2727468403386215,129,32.66170119490752,44.752394551646056,2.7349266508441534,3,0.35827025807934276,0,1.6558287014937831,1.0,1.0119192540525124e-15
1,1,step,False,19,1.3316689125660606,0.25724248960673285,0.054424848145914695,1.34276851232327,15.966969068378386,4,1.6890374174626903,37,6.000000000292305,8.313421079909691,2.0115552838317177,3,0.27770802763804386,0,1.6558287014937831,1.0,1.0119192540525124e-15
1,1,step,False,20,1.542113069582152,0.3004423989739032,0.006281818426468708,1.5518054332647644,50.35094875946201,4,1.2156112198778257,85,20.03590346947051,26.433112217440037,2.9406393376138333,3,0.35023182759980004,0,1.6558287014937831,1.0,1.0119192540525124e-15
1,1,step,False,21,2.0051335288065353,0.03975569909655969,0.021950714185393776,1.9742388230003605,35.97508400818381,4,1.362173227191439,63,9.382836345731043,13.858680499475671,2.4994954712342343,3,0.37979679402055516,0,1.6558287014937831,1.0,1.0119192540525124e-15
1,1,step,False,22,2.5644615416402696,0.029736946323036584,0.0340973464612257,2.5633631664374383,17.124575495420004,4,1.6590726355233671,30,6.000000000420134,8.619297343314832,1.0,1,0.36402087655070614,0,1.6558287014937831,1.0,1.0119192540525124e-15
1,1,step,False,23,1.107052378092518,0.016032610550583474,0.030638821262493697,1.098881262669808,87.14941156343991,4,1.3010299865835984,137,31.026278731325654,43.39158199341926,2.9878682344914664,3,0.3392912700898635,0,1.6558287014937831,1.0,1.0119192540525124e-15
1,2,step,False,0,1.5749285892107503,0.203338014392329,0.021897606676460794,1.5352165324677927,58.1255192699806,4,1.3359299744479276,100,20.71616422840607,28.144641876118182,2.938089376370531,3,0.2293123603463645,0,1.1708477033095694,0.6054600775241852,2.0651471826759548e-15
1,2,step,False,1,1.2597795664531544,0.08832410352989964,0.012521526603086119,1.2574605609209226,73.4203802244768,4,1.3014780187753279,119,29.190613832014197,38.994088988250695,2.974958138645761,3,0.22912908598857246,0,1.1708477033095694,0.6054600775241852,2.0651471826759548e-15
1,2,step,False,2,1.321130606706036,0.22308057584802535,0.0353783853533421,1.2968486310961702,64.21333978017283,4,1.3680608408512542,109,18.75611711893562,29.163950613953567,2.732694480494643,3,0.3827103022267058,0,1.1708477033095694,0.6054600775241852,2.0651471826759548e-15
1,2,step,False,3,0.7822524636658202,0.2056424624327173,0.10098316619527041,0.7887976066307316,31.65460114810914,4,1.5401210518536577,63,9.501799893267634,14.011817043934565,2.624800292994724,3,0.33172224018877494,0,1.1708477033095694,0.6054600775241852,2.0651471826759548e-15
1,2,step,False,4,0.34434947603663596,0.7994637729035186,0.08760588855588422,0.34933103969013735,110.76965662245044,4,1.2506721675324675,171,43.11325216460996,56.448654310856064,2.723125795720472,3,0.2561406044556023,0,1.1708477033095694,0.6054600775241852,2.0651471826759548e-15
1,2,step,False,5,1.4417495312968414,0.632915231453656,0.02940407296350532,1.4063767490575503,58.85843969092172,4,1.443776098345645,109,20.407543362308374,27.70236344535941,2.630192949029967,3,0.2441355147361442,0,1.1708477033095694,0.6054600775241852,2.0651471826759548e-15
1,2,step,False,6,1.00972397712654,0.43605060340076757,0.033650212390920815,1.0274102334164679,53.26794803322947,4,1.4548996150584552,93,16.21211254036873,22.280267569251706,2.8982635931994642,3,0.1209259371448494,0,1.1708477033095694,0.6054600775241852,2.0651471826759548e-15
1,2,step,False,7,1.2185947329704703,0.2268443138969335,0.04335301107252063,1.1732784477053118,59.776321990038106,4,1.5824914426247365,102,17.872147116337374,26.824450444553733,2.832566426194336,3,0.275796343183222,0,1.1708477033095694,0.6054600775241852,2.0651471826759548e-15
1,2,step,False,8,1.0529759994370083,0.08340745159776224,0.018025357034565072,1.0304770381052146,90.63043919268989,4,1.2089503562504371,135,33.54067496700777,48.083475889205495,2.923419164615308,3,0.24150632281299422,0,1.1708477033095694,0.6054600775241852,2.0651471826759548e-15
1,2,step,False,9,0.29021406196150945,0.9824500767184104,0.037530307063268015,0.30145115198678174,86.10041172850613,4,1.3027633038404485,140,24.45269826169516,33.40917467757902,2.799694472443446,3,0.2668584096475861,0,1.1708477033095694,0.6054600775241852,2.0651471826759548e-15
1,2,step,False,10,1.385073693952201,0.24429605323564918,0.01817735746341647,1.3746661218999394,71.91980943756451,4,1.3079830281169158,120,21.464460653521108,30.942675389856404,2.990649192924389,3,0.1982390256691362,0,1.1708477033095694,0.6054600775241852,2.0651471826759548e-15
1,2,step,False,11,1.039287979344075,0.44288587496069637,0.06946342990990302,0.9783331104422774,44.593612143074274,4,1.4179461310870287,80,13.856371416200075,19.427524338712814,2.6782497318900447,3,0.12831652870193816,0,1.1708477033095694,0.6054600775241852,2.0651471826759548e-15
1,2,step,False,12,1.093621695593289,0.37228463484055657,0.006981175685816066,1.0841202588167642,83.87676452846466,4,1.2362845540544831,127,29.52010187358985,40.44436553430437,2.9786389535030398,3,0.12241020785757988,0,1.1708477033095694,0.6054600775241852,2.0651471826759548e-15
1,2,step,False,13,0.9736580260817508,0.4213292878884598,0.006691322794632664,0.9635194857550359,60.767410951634155,4,1.3012547771511178,99,21.48955187553722,31.321597038569443,2.8695916778823394,3,0.276867430507515,0,1.1708477033095694,0.6054600775241852,2.0651471826759548e-15
1,2,step,False,14,1.313802687997899,0.058742192254429504,0.019463617530753523,1.3225702913491508,76.4711253420775,4,1.2740067003456363,123,23.481827453654365,33.31921274412139,2.995096912085555,3,0.19824021151106772,0,1.1708477033095694,0.6054600775241852,2.0651471826759548e-15
1,2,step,False,15,2.345362840709062,0.1525902591488635,0.02998123573951759,2.3698293887686748,15.315387151269974,4,1.6743011216639352,34,6.000000000189198,8.099977474577944,1.3334986384996432,3,0.2592813287460244,0,1.1708477033095694,0.6054600775241852,2.0651471826759548e-15
1,2,step,False,16,0.720181991764751,0.31607480480160116,0.06246822600032174,0.6911975456312982,73.38432044625401,4,1.3478844172948343,114,25.372093913550618,36.03696463532841,2.8897680311434524,3,0.33304820098337856,0,1.1708477033095694,0.6054600775241852,2.0651471826759548e-15
1,2,step,False,17,1.2805013366604237,0.3378562029264853,0.04619074404007257,1.286407986198546,39.55629964356406,4,1.4893567238615686,75,9.48178488752697,13.503942059075518,2.784429442109528,3,0.3283511779123318,0,1.1708477033095694,0.6054600775241852,2.0651471826759548e-15
1,2,step,False,18,0.8160002170453344,0.7562770225356505,0.07184616227630107,0.7857118010309566,80.73122378063826,4,1.2727468403386215,129,33.80003037783941,45.182931355919564,2.7349266508441534,3,0.1946708783649342,0,1.1708477033095694,0.6054600775241852,2.0651471826759548e-15
1,2,step,False,19,1.3316689125660606,0.09722800577615369,0.054424848145914695,1.34276851232327,15.966969068378386,4,1.6890374174626903,37,6.000000000515255,9.051064980913779,2.0115552838317177,3,0.22362537184437,0,1.1708477033095694,0.6054600775241852,2.0651471826759548e-15
1,2,step,False,20,1.542113069582152,0.2896052687409121,0.006281818426468708,1.5518054332647644,50.35094875946201,4,1.2156112198778257,85,21.658683801193362,29.06244862284114,2.9406393376138333,3,0.22899513342374994,0,1.1708477033095694,0.6054600775241852,2.0651471826759548e-15
1,2,step,False,21,2.0051335288065353,0.28543297544488155,0.021950714185393776,1.9742388230003605,35.97508400818381,4,1.362173227191439,63,6.00779546095915,8.56332222165149,2.4994954712342343,3,0.1472442394655602,0,1.1708477033095694,0.6054600775241852,2.0651471826759548e-15
1,2,step,False,22,2.5644615416402696,0.04104157386038071,0.0340973464612257,2.5633631664374383,17.124575495420004,4,1.6590726355233671,30,6.000000000354971,7.983279818180519,1.0,1,0.15536062432179684,0,1.1708477033095694,0.6054600775241852,2.0651471826759548e-15
1,2,step,False,23,1.107052378092518,0.04751000076377631,0.030638821262493697,1.098881262669808,87.14941156343991,4,1.3010299865835984,137,28.859818145116908,40.55923487832377,2.9878682344914664,3,0.19824518384152154,0,1.1708477033095694,0.6054600775241852,2.0651471826759548e-15
1,3,step,False,0,1.5749285892107503,0.17423608794084727,0.021897606676460794,1.5352165324677927,58.1255192699806,4,1.3359299744479276,100,19.278246636346598,25.168430210954188,2.938089376370531,3,0.11425505562345385,0,0.8279143507468913,0.3668432980775833,2.3104805722111706e-13
1,3,step,False,1,1.2597795664531544,0.05410392228159802,0.012521526603086119,1.2574605609209226,73.4203802244768,4,1.3014780187753279,119,28.40854491185416,37.511924125990674,2.974958138645761,3,0.11375326931518168,0,0.8279143507468913,0.3668432980775833,2.3104805722111706e-13
1,3,step,False,2,1.321130606706036,0.2889855840729573,0.0353783853533421,1.2968486310961702,64.21333978017283,4,1.3680608408512542,109,18.55163884342107,28.89526942167949,2.732694480494643,3,0.20361937893840443,0,0.8279143507468913,0.3668432980775833,2.3104805722111706e-13
1,3,step,False,3,0.7822524636658202,0.15195031972859893,0.10098316619527041,0.7887976066307316,31.65460114810914,4,1.5401210518536577,63,9.024968006304222,12.84608157391482,2.624800292994724,3,0.14850091308192975,0,0.8279143507468913,0.3668432980775833,2.3104805722111706e-13
1,3,step,False,4,0.34434947603663596,0.8209499853487007,0.08760588855588422,0.34933103969013735,110.76965662245044,4,1.2506721675324675,171,46.31880898855992,61.987624923178835,2.723125795720472,3,0.1774424285553395,0,0.8279143507468913,0.3668432980775833,2.3104805722111706e-13
1,3,step,False,5,1.4417495312968414,0.46091058311451527,0.02940407296350532,1.4063767490575503,58.85843969092172,4,1.443776098345645,109,20.04837280663127,28.12809994341765,2.630192949029967,3,0.21324594283677814,0,0.8279143507468913,0.3668432980775833,2.3104805722111706e-13
1,3,step,False,6,1.00972397712654,0.41553467007964556,0.033650212390920815,1.0274102334164679,53.26794803322947,4,1.4548996150584552,93,18.362417541737198,24.51469426563708,2.8982635931994642,3,0.10738309598725854,0,0.8279143507468913,0.3668432980775833,2.3104805722111706e-13
1,3,step,False,7,1.2185947329704703,0.2719784892042406,0.04335301107252063,1.1732784477053118,59.776321990038106,4,1.5824914426247365,102,18.459695611883433,26.526958117365652,2.832566426194336,3,0.10990679536078969,0,0.8279143507468913,0.3668432980775833,2.3104805722111706e-13
1,3,step,False,8,1.0529759994370083,0.24826641801512223,0.018025357034565072,1.0304770381052146,90.63043919268989,4,1.2089503562504371,135,32.36146045188524,43.517145355159215,2.923419164615308,3,0.12176048558337202,0,0.8279143507468913,0.3668432980775833,2.3104805722111706e-13
1,3,step,False,9,0.29021406196150945,0.9908444102787051,0.037530307063268015,0.30145115198678174,86.10041172850613,4,1.3027633038404485,140,28.76259585580662,40.58883189674824,2.799694472443446,3,0.10702715916774769,0,0.8279143507468913,0.3668432980775833,2.3104805722111706e-13
1,3,step,False,10,1.385073693952201,0.20357999855516556,0.01817735746341647,1.3746661218999394,71.91980943756451,4,1.3079830281169158,120,20.39614710568406,27.48225418479238,2.990649192924389,3,0.10590298352344936,0,0.8279143507468913,0.3668432980775833,2.3104805722111706e-13
1,3,step,False,11,1.039287979344075,0.2764682085426926,0.06946342990990302,0.9783331104422774,44.593612143074274,4,1.4179461310870287,80,13.285659179703377,17.661625377919176,2.6782497318900447,3,0.05290424368832789,0,0.8279143507468913,0.3668432980775833,2.3104805722111706e-13
1,3,step,False,12,1.093621695593289,0.36821964034345595,0.006981175685816066,1.0841202588167642,83.87676452846466,4,1.2362845540544831,127,29.802026388830726,39.35205427349639,2.9786389535030398,3,0.12418699904993274,0,0.8279143507468913,0.3668432980775833,2.3104805722111706e-13
1,3,step,False,13,0.9736580260817508,0.3947040214579826,0.006691322794632664,0.9635194857550359,60.767410951634155,4,1.3012547771511178,99,20.587789302340727,27.912440335047837,2.8695916778823394,3,0.11231546174260405,0,0.8279143507468913,0.3668432980775833,2.3104805722111706e-13
1,3,step,False,14,1.313802687997899,0.09587520104150267,0.019463617530753523,1.3225702913491508,76.4711253420775,4,1.2740067003456363,123,23.03335454270627,31.185190987875725,2.995096912085555,3,0.10588108837287807,0,0.8279143507468913,0.3668432980775833,2.3104805722111706e-13
1,3,step,False,15,2.345362840709062,0.10707132402698125,0.02998123573951759,2.3698293887686748,15.315387151269974,4,1.6743011216639352,34,6.0000000000671045,8.413963674371647,1.3334986384996432,3,0.31664671647837744,0,0.8279143507468913,0.3668432980775833,2.3104805722111706e-13
1,3,step,False,16,0.720181991764751,0.5270426498326013,0.06246822600032174,0.6911975456312982,73.38432044625401,4,1.3478844172948343,114,26.212952448234887,36.6030653312347,2.8897680311434524,3,0.1647984259000711,0,0.8279143507468913,0.3668432980775833,2.3104805722111706e-13
1,3,step,False,17,1.2805013366604237,0.40089134401663434,0.04619074404007257,1.286407986198546,39.55629964356406,4,1.4893567238615686,75,11.061984319597464,16.576607629241277,2.784429442109528,3,0.1472599145541258,0,0.8279143507468913,0.3668432980775833,2.3104805722111706e-13
1,3,step,False,18,0.8160002170453344,0.9607809311502795,0.07184616227630107,0.7857118010309566,80.73122378063826,4,1.2727468403386215,129,33.160583203817616,43.70271897117915,2.7349266508441534,3,0.12165520252440382,0,0.8279143507468913,0.3668432980775833,2.3104805722111706e-13
1,3,step,False,19,1.3316689125660606,0.062024977226618205,0.054424848145914695,1.34276851232327,15.966969068378386,4,1.6890374174626903,37,6.000000000184907,7.483345769836408,2.0115552838317177,3,0.13325913292091296,0,0.8279143507468913,0.3668432980775833,2.3104805722111706e-13
1,3,step,False,20,1.542113069582152,0.30218016201115355,0.006281818426468708,1.5518054332647644,50.35094875946201,4,1.2156112198778257,85,20.547007966039917,26.486781075115555,2.9406393376138333,3,0.11333111794162405,0,0.8279143507468913,0.3668432980775833,2.3104805722111706e-13
1,3,step,False,21,2.0051335288065353,0.08333516026083446,0.021950714185393776,1.9742388230003605,35.97508400818381,4,1.362173227191439,63,6.000000000175961,8.338292601380408,2.4994954712342343,3,0.17147483096269653,0,0.8279143507468913,0.3668432980775833,2.3104805722111706e-13
1,3,step,False,22,2.5644615416402696,0.0496066388397729,0.0340973464612257,2.5633631664374383,17.124575495420004,4,1.6590726355233671,30,6.000000000027952,7.938788852724406,1.0,1,0.12385979801294694,0,0.8279143507468913,0.3668432980775833,2.3104805722111706e-13
1,3,step,False,23,1.107052378092518,0.02841832819841123,0.030638821262493697,1.098881262669808,87.14941156343991,4,1.3010299865835984,137,26.610527146793462,36.12826566519372,2.9878682344914664,3,0.10584331910559136,0,0.8279143507468913,0.3668432980775833,2.3104805722111706e-13
2,0,init,False,0,1.0467706587360495,0.8913370623768994,0.04818080207143044,1.065614527120084,59.04569452859888,4,1.389966061080823,96,nan,nan,2.761257775140318,3,nan,0,nan,nan,nan
2,0,init,False,1,1.0701418227387929,0.34642544416625404,0.03725360556242452,1.1053002567008543,51.64105542247972,4,1.2390161483685567,93,nan,nan,2.5085434676569545,3,nan,0,nan,nan,nan
2,0,init,False,2,0.7932685761589658,0.5029527723848556,0.04449005377984825,0.8106206378681393,42.34374708505638,4,1.3021521159175078,77,nan,nan,2.8711907380602804,3,nan,0,nan,nan,nan
2,0,init,False,3,0.3205409858769687,0.6394746027343107,0.0889115517279007,0.32860106643734815,84.00726786199591,4,1.300901783066737,130,nan,nan,2.925178848848641,3,nan,0,nan,nan,nan
2,0,init,False,4,1.2844467353127504,0.37781244149686,0.02815908978755307,1.3287762467247326,7.469383352135623,4,1.6761644872707415,14,nan,nan,1.2331901625011739,2,nan,0,nan,nan,nan
2,0,init,False,5,2.0802561912918844,0.09619186372787843,0.009644631408699837,2.1503651142273097,39.51145944543005,4,1.5192913821130405,72,nan,nan,2.790676308915582,3,nan,0,nan,nan,nan
2,0,init,False,6,1.2190457946602995,0.03813635516942039,0.02646498131436223,1.304019699539826,72.9073654873682,4,1.2255340651471252,122,nan,nan,2.8859871131925923,3,nan,0,nan,nan,nan
2,0,init,False,7,1.5215077396539407,0.08959105291386447,0.03249728576018745,1.6118185057858692,65.90824151687282,4,1.2594893218466454,114,nan,nan,2.7849350169784572,3,nan,0,nan,nan,nan
2,0,init,False,8,1.0115079638172977,0.3207263532183242,0.04281285562693443,1.0402539668499504,75.22126136979051,4,1.3281580911852546,123,nan,nan,2.8430834607054676,3,nan,0,nan,nan,nan
2,0,init,False,9,0.3423530440072947,0.8691707891182281,0.1487420438488202,0.39462833349611937,35.18788834101062,4,1.3549033565079938,63,nan,nan,2.148099159849063,3,nan,0,nan,nan,nan
2,0,init,False,10,0.3204744605844023,0.10759865457746962,0.07115304953183708,0.317223365294951,87.16048825978412,4,1.2738906059503479,139,nan,nan,2.954811808348115,3,nan,0,nan,nan,nan
2,0,init,False,11,1.348557138294263,0.11069524858372307,0.016873490355006585,1.4309213818013853,54.85926235489409,4,1.2922969011704626,92,nan,nan,2.6903055414407557,3,nan,0,nan,nan,nan
2,0,init,False,12,1.95878432879614,0.06464233412486285,0.01136017020975995,2.0254609245379407,40.08902068095337,4,1.384946821223811,76,nan,nan,2.4100691051181142,3,nan,0,nan,nan,nan
2,0,init,False,13,2.3633895001822,0.3017169066323196,0.014964964686303628,2.3982427287796764,26.59264496145776,4,1.352033392404459,52,nan,nan,2.069115005870652,3,nan,0,nan,nan,nan
2,0,init,False,14,1.7825206800460858,0.020059796752123465,0.014728728551662055,1.8821161988121373,46.172091068059316,4,1.3466985252160468,82,nan,nan,2.8639474691921696,3,nan,0,nan,nan,nan
2,0,init,False,15,1.1478094221068595,0.036922210129045015,0.05124397325439869,1.178307628048324,28.877027391427546,4,1.59673346097239,55,nan,nan,2.771049908874423,3,nan,0,nan,nan,nan
2,0,init,False,16,0.7518156372889109,0.413074849479262,0.012564134322359182,0.8058500529624382,106.71190044916905,4,1.1266294635540246,165,nan,nan,2.8651751300972714,3,nan,0,nan,nan,nan
2,0,init,False,17,1.4618158494836173,0.42861774451192675,0.017268687561480194,1.4834011543436434,35.0073398635863,4,1.3254211573746157,63,nan,nan,2.0971220775563917,3,nan,0,nan,nan,nan
2,0,init,False,18,1.7987267463663223,0.11005482801677591,0.023551931644880328,1.8668543172144307,44.12035323503808,4,1.4784202331339371,84,nan,nan,2.7825603788304996,3,nan,0,nan,nan,nan
2,0,init,False,19,1.6219259550985072,0.018185122551449856,0.013781814922264409,1.6802534881377214,74.42484287557377,4,1.3377405722563598,113,nan,nan,2.7456575200691744,3,nan,0,nan,nan,nan
2,0,init,False,20,0.4967517232200428,0.06072593499739986,0.03748703549697834,0.5386624092673657,75.84888072224115,4,1.410734447486806,127,nan,nan,2.9188427175763536,3,nan,0,nan,nan,nan
2,0,init,False,21,0.2801579968649878,0.08267289784049303,0.15643783055549101,0.2811764722451304,106.18932736682225,4,1.31924396631905,161,nan,nan,2.978508884193038,3,nan,0,nan,nan,nan
2,0,init,False,22,0.4284902509478303,0.5925927991327382,0.0681996383461825,0.45001950312967354,88.86975276936352,4,1.2797301308079836,138,nan,nan,2.9165329966154756,3,nan,0,nan,nan,nan
2,0,init,False,23,0.8766018881723402,0.021271771533912628,0.028301995934415035,0.9502066118747599,91.8337035908913,4,1.2317549105593442,153,nan,nan,2.9423376787398174,3,nan,0,nan,nan,nan
2,1,step,False,0,1.0467706587360495,0.9870250853099019,0.04818080207143044,1.065614527120084,59.04569452859888,4,1.389966061080823,96,19.776593842374545,29.496742830431185,2.761257775140318,3,0.2342677684136471,0,1.6949287368540935,1.0,3.477862188922896e-16
2,1,step,False,1,1.0701418227387929,0.2977729915949187,0.03725360556242452,1.1053002567008543,51.64105542247972,4,1.2390161483685567,93,16.77943175354453,22.524447990007843,2.5085434676569545,3,0.38976807987367834,0,1.6949287368540935,1.0,3.477862188922896e-16
2,1,step,False,2,0.7932685761589658,0.39216621616249303,0.04449005377984825,0.8106206378681393,42.34374708505638,4,1.3021521159175078,77,16.354900382347658,22.399713348815585,2.8711907380602804,3,0.5255972587200576,0,1.6949287368540935,1.0,3.477862188922896e-16
2,1,step,False,3,0.3205409858769687,0.724246778408168,0.0889115517279007,0.32860106643734815,84.00726786199591,4,1.300901783066737,130,29.176252212002822,42.60630639616182,2.925178848848641,3,0.47770826022058044,0,1.6949287368540935,1.0,3.477862188922896e-16
2,1,step,False,4,1.2844467353127504,0.3690604489079967,0.02815908978755307,1.3287762467247326,7.469383352135623,4,1.6761644872707415,14,6.000000000401242,7.9424714488303465,1.2331901625011739,2,0.3949957739770993,0,1.6949287368540935,1.0,3.477862188922896e-16
2,1,step,False,5,2.0802561912918844,0.21996902024431983,0.009644631408699837,2.1503651142273097,39.51145944543005,4,1.5192913821130405,72,11.240977815410172,14.022946368431896,2.790676308915582,3,0.29648922957977314,0,1.6949287368540935,1.0,3.477862188922896e-16
2,1,step,False,6,1.2190457946602995,0.09564200783251599,0.02646498131436223,1.304019699539826,72.9073654873682,4,1.2255340651471252,122,22.65144161303686,30.46859474134583,2.8859871131925923,3,0.31571052179807063,0,1.6949287368540935,1.0,3.477862188922896e-16
2,1,step,False,7,1.5215077396539407,0.09313331161645699,0.03249728576018745,1.6118185057858692,65.90824151687282,4,1.2594893218466454,114,22.219354176951285,32.446071434006505,2.7849350169784572,3,0.30587068243638016,0,1.6949287368540935,1.0,3.477862188922896e-16
2,1,step,False,8,1.0115079638172977,0.30870016003719974,0.04281285562693443,1.0402539668499504,75.22126136979051,4,1.3281580911852546,123,27.91704293999407,36.44179125757889,2.8430834607054676,3,0.3253377070412836,0,1.6949287368540935,1.0,3.477862188922896e-16
2,1,step,False,9,0.3423530440072947,0.8239622712548136,0.1487420438488202,0.39462833349611937,35.18788834101062,4,1.3549033565079938,63,8.86183472093312,12.404979820776017,2.148099159849063,3,0.43468680103041907,0,1.6949287368540935,1.0,3.477862188922896e-16
2,1,step,False,10,0.3204744605844023,0.17017556311937626,0.07115304953183708,0.317223365294951,87.16048825978412,4,1.2738906059503479,139,30.738004960022103,42.2178425158871,2.954811808348115,3,0.34473967122277616,0,1.6949287368540935,1.0,3.477862188922896e-16
2,1,step,False,11,1.348557138294263,0.06819469970703994,0.016873490355006585,1.4309213818013853,54.85926235489409,4,1.2922969011704626,92,17.05164612994586,24.629664273133443,2.6903055414407557,3,0.37594676563089313,0,1.6949287368540935,1.0,3.477862188922896e-16
2,1,step,False,12,1.95878432879614,0.20875826617777304,0.01136017020975995,2.0254609245379407,40.08902068095337,4,1.384946821223811,76,13.735461525275536,18.818722520805604,2.4100691051181142,3,0.18075093502492956,0,1.6949287368540935,1.0,3.477862188922896e-16
2,1,step,False,13,2.3633895001822,0.28216734561778417,0.014964964686303628,2.3982427287796764,26.59264496145776,4,1.352033392404459,52,7.475902496093372,10.466105937265866,2.069115005870652,3,0.3611457653744037,0,1.6949287368540935,1.0,3.477862188922896e-16
2,1,step,False,14,1.7825206800460858,0.1487826142841915,0.014728728551662055,1.8821161988121373,46.172091068059316,4,1.3466985252160468,82,16.11904513790899,21.546685416902598,2.8639474691921696,3,0.2959977536333871,0,1.6949287368540935,1.0,3.477862188922896e-16
2,1,step,False,15,1.1478094221068595,0.19676943786949846,0.05124397325439869,1.178307628048324,28.877027391427546,4,1.59673346097239,55,7.160966979626291,10.77413941529456,2.771049908874423,3,0.2253234378006437,0,1.6949287368540935,1.0,3.477862188922896e-16
2,1,step,False,16,0.7518156372889109,0.20582450928863627,0.012564134322359182,0.8058500529624382,106.71190044916905,4,1.1266294635540246,165,36.22535879486841,49.556704841941325,2.8651751300972714,3,0.3625477288266915,0,1.6949287368540935,1.0,3.477862188922896e-16
2,1,step,False,17,1.4618158494836173,0.3494782737589575,0.017268687561480194,1.4834011543436434,35.0073398635863,4,1.3254211573746157,63,9.853171079702859,13.593338418183833,2.0971220775563917,3,0.36499181723113144,0,1.6949287368540935,1.0,3.477862188922896e-16
2,1,step,False,18,1.7987267463663223,0.17140750034099858,0.023551931644880328,1.8668543172144307,44.12035323503808,4,1.4784202331339371,84,12.690661207299115,17.41004192114241,2.7825603788304996,3,0.23934287054498288,0,1.6949287368540935,1.0,3.477862188922896e-16
2,1,step,False,19,1.6219259550985072,0.007009047730449879,0.013781814922264409,1.6802534881377214,74.42484287557377,4,1.3377405722563598,113,30.601027591767718,41.380871693530764,2.7456575200691744,3,0.2417476254181165,0,1.6949287368540935,1.0,3.477862188922896e-16
2,1,step,False,20,0.4967517232200428,0.5827631960092609,0.03748703549697834,0.5386624092673657,75.84888072224115,4,1.410734447486806,127,18.816311055389633,29.60165141043377,2.9188427175763536,3,0.24579156921546513,0,1.6949287368540935,1.0,3.477862188922896e-16
2,1,step,False,21,0.2801579968649878,0.08146657982147612,0.15643783055549101,0.2811764722451304,106.18932736682225,4,1.31924396631905,161,37.635997295129684,52.91425200546409,2.978508884193038,3,0.4428533837328885,0,1.6949287368540935,1.0,3.477862188922896e-16
2,1,step,False,22,0.4284902509478303,0.6714557198771282,0.0681996383461825,0.45001950312967354,88.86975276936352,4,1.2797301308079836,138,33.205969876835965,46.86479078669111,2.9165329966154756,3,0.4713455273428203,0,1.6949287368540935,1.0,3.477862188922896e-16
2,1,step,False,23,0.8766018881723402,0.021595022434303012,0.028301995934415035,0.9502066118747599,91.8337035908913,4,1.2317549105593442,153,31.044857366390332,42.51745364896881,2.9423376787398174,3,0.404919304693411,0,1.6949287368540935,1.0,3.477862188922896e-16
2,2,step,False,0,1.0467706587360495,0.7667252001255294,0.04818080207143044,1.065614527120084,59.04569452859888,4,1.389966061080823,96,22.357326907942273,33.76102374402834,2.7612577751403173,3,0.2745573019874577,0,1.1984956034574787,0.6116433590650558,1.643792645572151e-14
2,2,step,False,1,1.0701418227387929,0.3976537441160599,0.03725360556242452,1.1053002567008543,51.64105542247972,4,1.2390161483685567,93,16.04785381837621,20.745644724885796,2.5085434676569545,3,0.1984161274752448,0,1.1984956034574787,0.6116433590650558,1.643792645572151e-14
2,2,step,False,2,0.7932685761589658,0.37567772684214207,0.04449005377984825,0.8106206378681393,42.34374708505638,4,1.3021521159175078,77,17.571003326554163,24.154754599785473,2.8711907380602804,3,0.25504323841234955,0,1.1984956034574787,0.6116433590650558,1.643792645572151e-14
2,2,step,False,3,0.3205409858769687,0.14281212373147467,0.0889115517279007,0.32860106643734815,84.00726786199591,4,1.300901783066737,130,29.15109733899824,41.70720589353026,2.925178848848641,3,0.23021116197483105,0,1.1984956034574787,0.6116433590650558,1.643792645572151e-14
2,2,step,False,4,1.2844467353127504,0.13863273477898458,0.02815908978755307,1.3287762467247326,7.469383352135623,4,1.6761644872707415,14,6.000000000023328,7.943145996442504,1.2331901625011739,2,0.22838251705176255,0,1.1984956034574787,0.6116433590650558,1.643792645572151e-14
2,2,step,False,5,2.0802561912918844,0.1873971031872178,0.009644631408699837,2.1503651142273097,39.51145944543005,4,1.5192913821130405,72,9.64516502791525,11.431751572822044,2.790676308915582,3,0.1471898271544927,0,1.1984956034574787,0.6116433590650558,1.643792645572151e-14
2,2,step,False,6,1.2190457946602995,0.10894110042130688,0.02646498131436223,1.304019699539826,72.9073654873682,4,1.2255340651471252,122,22.500968396471603,31.454137182666603,2.8859871131925923,3,0.18566377656266692,0,1.1984956034574787,0.6116433590650558,1.643792645572151e-14
2,2,step,False,7,1.5215077396539407,0.09103081829059648,0.03249728576018745,1.6118185057858692,65.90824151687282,4,1.2594893218466454,114,19.201321588469188,26.03159877404779,2.7849350169784572,3,0.18056594228138656,0,1.1984956034574787,0.6116433590650558,1.643792645572151e-14
2,2,step,False,8,1.0115079638172977,0.25863865592719,0.04281285562693443,1.0402539668499504,75.22126136979051,4,1.3281580911852546,123,29.368876087561475,37.82788336864971,2.8430834607054676,3,0.25895286690341723,0,1.1984956034574787,0.6116433590650558,1.643792645572151e-14
2,2,step,False,9,0.3423530440072947,0.9155011047688707,0.1487420438488202,0.39462833349611937,35.18788834101062,4,1.3549033565079938,63,10.274557865049148,15.538075744098329,2.148099159849063,3,0.33547545179208127,0,1.1984956034574787,0.6116433590650558,1.643792645572151e-14
2,2,step,False,10,0.3204744605844023,0.12002665612982935,0.07115304953183708,0.317223365294951,87.16048825978412,4,1.2738906059503479,139,30.08994146962028,44.13485664655838,2.954811808348115,3,0.29275096908050274,0,1.1984956034574787,0.6116433590650558,1.643792645572151e-14
2,2,step,False,11,1.348557138294263,0.04993054136118291,0.016873490355006585,1.4309213818013853,54.85926235489409,4,1.2922969011704626,92,16.05093469539969,24.52809263258469,2.6903055414407557,3,0.32829009772722945,0,1.1984956034574787,0.6116433590650558,1.643792645572151e-14
2,2,step,False,12,1.95878432879614,0.1985522401568306,0.01136017020975995,2.0254609245379407,40.08902068095337,4,1.384946821223811,76,11.009705977703883,14.670475611870481,2.4100691051181142,3,0.16166596516370585,0,1.1984956034574787,0.6116433590650558,1.643792645572151e-14
2,2,step,False,13,2.3633895001822,0.03484707391695848,0.014964964686303628,2.3982427287796764,26.59264496145776,4,1.352033392404459,52,6.628598744194806,8.166497129135912,2.069115005870652,3,0.17019234865058938,0,1.1984956034574787,0.6116433590650558,1.643792645572151e-14
2,2,step,False,14,1.7825206800460858,0.11636651419383125,0.014728728551662055,1.8821161988121373,46.172091068059316,4,1.3466985252160468,82,14.36734303866319,18.391522671551105,2.8639474691921696,3,0.14742716945508533,0,1.1984956034574787,0.6116433590650558,1.643792645572151e-14
2,2,step,False,15,1.1478094221068595,0.14171675283032945,0.05124397325439869,1.178307628048324,28.877027391427546,4,1.59673346097239,55,7.700913663662923,12.687638687112099,2.771049908874423,3,0.16601271249537156,0,1.1984956034574787,0.6116433590650558,1.643792645572151e-14
2,2,step,False,16,0.7518156372889109,0.08682522092179287,0.012564134322359182,0.8058500529624382,106.71190044916905,4,1.1266294635540246,165,38.31679597851938,51.2731038720207,2.8651751300972714,3,0.2341632008055087,0,1.1984956034574787,0.6116433590650558,1.643792645572151e-14
2,2,step,False,17,1.4618158494836173,0.1286108788969383,0.017268687561480194,1.4834011543436434,35.0073398635863,4,1.3254211573746157,63,10.349724643966969,13.921520020636157,2.0971220775563917,3,0.2416513441559797,0,1.1984956034574787,0.6116433590650558,1.643792645572151e-14
2,2,step,False,18,1.7987267463663223,0.3650818747587041,0.023551931644880328,1.8668543172144307,44.12035323503808,4,1.4784202331339371,84,12.960409645361446,17.26167498035051,2.7825603788304996,3,0.14780899714152607,0,1.1984956034574787,0.6116433590650558,1.643792645572151e-14
2,2,step,False,19,1.6219259550985072,0.15974222470020827,0.013781814922264409,1.6802534881377214,74.42484287557377,4,1.3377405722563598,113,28.801120713083634,37.60721020446062,2.7456575200691744,3,0.10960701147199498,0,1.1984956034574787,0.6116433590650558,1.643792645572151e-14
2,2,step,False,20,0.4967517232200428,0.11103439925969083,0.03748703549697834,0.5386624092673657,75.84888072224115,4,1.410734447486806,127,23.923689078231586,37.17603155188735,2.9188427175763536,3,0.17925515077125512,0,1.1984956034574787,0.6116433590650558,1.643792645572151e-14
2,2,step,False,21,0.2801579968649878,0.12801165677858403,0.15643783055549101,0.2811764722451304,106.18932736682225,4,1.31924396631905,161,35.48969539260559,48.10560641574213,2.978508884193038,3,0.23553970917642844,0,1.1984956034574787,0.6116433590650558,1.643792645572151e-14
2,2,step,False,22,0.4284902509478303,0.15215286150407561,0.0681996383461825,0.45001950312967354,88.86975276936352,4,1.2797301308079836,138,33.6871189630226,46.45755152713105,2.9165329966154756,3,0.22593742185248678,0,1.1984956034574787,0.6116433590650558,1.643792645572151e-14
2,2,step,False,23,0.8766018881723402,0.024525400197257945,0.028301995934415035,0.9502066118747599,91.8337035908913,4,1.2317549105593442,153,31.50274292116122,42.028990946874266,2.9423376787398174,3,0.2348923437144233,0,1.1984956034574787,0.6116433590650558,1.643792645572151e-14
2,3,step,False,0,1.0467706587360495,0.9521628263456424,0.04818080207143044,1.065614527120084,59.04569452859888,4,1.389966061080823,96,21.383095312256984,29.39081604167169,2.761257775140318,3,0.10013260651557584,0,0.8474643684270466,0.37259773910045624,2.9212524628564605e-14
2,3,step,False,1,1.0701418227387929,0.4647921444282772,0.03725360556242452,1.1053002567008543,51.64105542247972,4,1.2390161483685567,93,18.830007800500884,26.160693155049408,2.5085434676569545,3,0.13700793178605145,0,0.8474643684270466,0.37259773910045624,2.9212524628564605e-14
2,3,step,False,2,0.7932685761589658,0.5785077796865459,0.04449005377984825,0.8106206378681393,42.34374708505638,4,1.3021521159175078,77,19.621939017464555,26.40168462027559,2.8711907380602804,3,0.1311240344029475,0,0.8474643684270466,0.37259773910045624,2.9212524628564605e-14
2,3,step,False,3,0.3205409858769687,0.07862863599794977,0.0889115517279007,0.32860106643734815,84.00726786199591,4,1.300901783066737,130,31.687091922048726,44.23381981376285,2.925178848848641,3,0.12666937377015178,0,0.8474643684270466,0.37259773910045624,2.9212524628564605e-14
2,3,step,False,4,1.2844467353127504,0.03822259599718819,0.02815908978755307,1.3287762467247326,7.469383352135623,4,1.6761644872707415,14,6.000000000042798,8.18585144594147,1.2331901625011739,2,0.19342803429526725,0,0.8474643684270466,0.37259773910045624,2.9212524628564605e-14
2,3,step,False,5,2.0802561912918844,0.15519736531020342,0.009644631408699837,2.1503651142273097,39.51145944543005,4,1.5192913821130405,72,8.849613492948256,10.959538143727785,2.790676308915582,3,0.12275742684354186,0,0.8474643684270466,0.37259773910045624,2.9212524628564605e-14
2,3,step,False,6,1.2190457946602995,0.0979841339482401,0.02646498131436223,1.304019699539826,72.9073654873682,4,1.2255340651471252,122,21.30388574538582,29.715948882448718,2.8859871131925923,3,0.20449913826936875,0,0.8474643684270466,0.37259773910045624,2.9212524628564605e-14
2,3,step,False,7,1.5215077396539407,0.07899093241046558,0.03249728576018745,1.6118185057858692,65.90824151687282,4,1.2594893218466454,114,16.924879262073077,21.14836784312739,2.7849350169784572,3,0.15389279279276477,0,0.8474643684270466,0.37259773910045624,2.9212524628564605e-14
2,3,step,False,8,1.0115079638172977,0.30464626923105476,0.04281285562693443,1.0402539668499504,75.22126136979051,4,1.3281580911852546,123,31.36252978991647,40.29015375417701,2.8430834607054676,3,0.17316131209532712,0,0.8474643684270466,0.37259773910045624,2.9212524628564605e-14
2,3,step,False,9,0.3423530440072947,0.5427786838400529,0.1487420438488202,0.39462833349611937,35.18788834101062,4,1.3549033565079938,63,12.57889908739687,19.456108979617145,2.148099159849063,3,0.15714676546594972,0,0.8474643684270466,0.37259773910045624,2.9212524628564605e-14
2,3,step,False,10,0.3204744605844023,0.09796660755636231,0.07115304953183708,0.317223365294951,87.16048825978412,4,1.2738906059503479,139,29.750674478948984,43.84097941239174,2.954811808348115,3,0.22570563980664035,0,0.8474643684270466,0.37259773910045624,2.9212524628564605e-14
2,3,step,False,11,1.348557138294263,0.019749820006398484,0.016873490355006585,1.4309213818013853,54.85926235489409,4,1.2922969011704626,92,13.59425985259098,18.545576800894356,2.6903055414407557,3,0.11118162092833712,0,0.8474643684270466,0.37259773910045624,2.9212524628564605e-14
2,3,step,False,12,1.95878432879614,0.15089609831001424,0.01136017020975995,2.0254609245379407,40.08902068095337,4,1.384946821223811,76,10.308219248566273,13.77622633156818,2.4100691051181142,3,0.1250462594924427,0,0.8474643684270466,0.37259773910045624,2.9212524628564605e-14
2,3,step,False,13,2.3633895001822,0.03957323706394099,0.014964964686303628,2.3982427287796764,26.59264496145776,4,1.352033392404459,52,6.000000000220501,7.278871666127409,2.069115005870652,3,0.17788654756143527,0,0.8474643684270466,0.37259773910045624,2.9212524628564605e-14
2,3,step,False,14,1.7825206800460858,0.08842096348257816,0.014728728551662055,1.8821161988121373,46.172091068059316,4,1.3466985252160468,82,12.508532304400227,14.939602716998769,2.8639474691921696,3,0.12267771662581986,0,0.8474643684270466,0.37259773910045624,2.9212524628564605e-14
2,3,step,False,15,1.1478094221068595,0.30123265192824145,0.05124397325439869,1.178307628048324,28.877027391427546,4,1.59673346097239,55,7.683686437839523,11.764073301476468,2.771049908874423,3,0.07171803165855335,0,0.8474643684270466,0.37259773910045624,2.9212524628564605e-14
2,3,step,False,16,0.7518156372889109,0.012540739487200265,0.012564134322359182,0.8058500529624382,106.71190044916905,4,1.1266294635540246,165,37.50928687106274,49.034529064180575,2.8651751300972714,3,0.13678400396591675,0,0.8474643684270466,0.37259773910045624,2.9212524628564605e-14
2,3,step,False,17,1.4618158494836173,0.27335995716609335,0.017268687561480194,1.4834011543436434,35.0073398635863,4,1.3254211573746157,63,10.750166601641821,14.632616470128138,2.0971220775563917,3,0.17489848848947825,0,0.8474643684270466,0.37259773910045624,2.9212524628564605e-14
2,3,step,False,18,1.7987267463663223,0.3232944672565971,0.023551931644880328,1.8668543172144307,44.12035323503808,4,1.4784202331339371,84,14.283852241671978,18.37298060975199,2.7825603788304996,3,0.13536677407188522,0,0.8474643684270466,0.37259773910045624,2.9212524628564605e-14
2,3,step,False,19,1.6219259550985072,0.10811558335413608,0.013781814922264409,1.6802534881377214,74.42484287557377,4,1.3377405722563598,113,27.278812659593857,34.6423831522711,2.7456575200691744,3,0.126639811456582,0,0.8474643684270466,0.37259773910045624,2.9212524628564605e-14
2,3,step,False,20,0.4967517232200428,0.0947664985545284,0.03748703549697834,0.5386624092673657,75.84888072224115,4,1.410734447486806,127,24.685820122240383,40.49163925780964,2.9188427175763536,3,0.25438427077173204,0,0.8474643684270466,0.37259773910045624,2.9212524628564605e-14
2,3,step,False,21,0.2801579968649878,0.09315711548374714,0.15643783055549101,0.2811764722451304,106.18932736682225,4,1.31924396631905,161,34.626986141274735,47.74860790529565,2.978508884193038,3,0.1287663737667676,0,0.8474643684270466,0.37259773910045624,2.9212524628564605e-14
2,3,step,False,22,0.4284902509478303,0.07138181328481057,0.0681996383461825,0.45001950312967354,88.86975276936352,4,1.2797301308079836,138,33.73890303498213,46.677877046535876,2.9165329966154756,3,0.12063409753347216,0,0.8474643684270466,0.37259773910045624,2.9212524628564605e-14
2,3,step,False,23,0.8766018881723402,0.030138883405440547,0.028301995934415035,0.9502066118747599,91.8337035908913,4,1.2317549105593442,153,31.77599740444667,41.10148108974663,2.9423376787398174,3,0.10885854084755338,0,0.8474643684270466,0.37259773910045624,2.9212524628564605e-14
3,0,init,False,0,2.012293809437055,0.12895279398991624,0.018756199183210028,2.5173316972519997,37.93057280478205,4,1.3455784074471395,70,nan,nan,2.248086264062102,3,nan,0,nan,nan,nan
3,0,init,False,1,0.7367854000076806,0.9458297128008483,0.04486405630963077,0.9381530112434451,57.99527211735812,4,1.3382596057270464,106,nan,nan,2.5286057564777584,3,nan,0,nan,nan,nan
3,0,init,False,2,0.6609735095724033,0.363814978775087,0.013372701083800996,0.8068749115556259,63.15955652333682,4,1.3465946908914779,109,nan,nan,2.885785342823825,3,nan,0,nan,nan,nan
3,0,init,False,3,1.5791575861932878,0.10108598499709741,0.006385137710751809,1.974818013934592,50.09814652505192,4,1.4943202051199926,94,nan,nan,2.8659011617639156,3,nan,0,nan,nan,nan
3,0,init,False,4,1.2628620126326964,0.1736653469468016,0.008004008129002564,1.573479995383498,82.79149624132033,4,1.204873137523886,136,nan,nan,2.7997148528646014,3,nan,0,nan,nan,nan
3,0,init,False,5,2.203884775882906,0.03674416461934923,0.016379055511242406,2.7074113064142264,26.607861162891997,4,1.6151408514682852,50,nan,nan,2.4154520571426357,3,nan,0,nan,nan,nan
3,0,init,False,6,1.3474154075443938,0.11295178518207245,0.0237557069483054,1.6598355931537507,22.494725083016796,4,1.6539183287774182,46,nan,nan,2.442334307569001,3,nan,0,nan,nan,nan
3,0,init,False,7,0.637017188984615,0.030456346495514843,0.032755258999041366,0.7935181903461473,88.99898775563832,4,1.2111449125455207,139,nan,nan,2.9753661979015353,3,nan,0,nan,nan,nan
3,0,init,False,8,1.1241654617540675,0.10393719951644119,0.01400713589396037,1.3936737482226658,88.03765048272967,4,1.257016970154669,145,nan,nan,2.8645622279123377,3,nan,0,nan,nan,nan
3,0,init,False,9,0.3160041946949852,0.5966124878875955,0.03318564009626742,0.3992098007986559,108.0706132519012,4,1.2117144547233307,161,nan,nan,2.963502108542752,3,nan,0,nan,nan,nan
3,0,init,False,10,0.5495978082565923,0.6301989073685315,0.07030085998138329,0.6408736572093359,39.635768704361176,4,1.524224254169316,70,nan,nan,2.393989414479433,3,nan,0,nan,nan,nan
3,0,init,False,11,1.145507073081825,0.21323103904330662,0.029551458991351878,1.3979261764127833,53.50595265384432,4,1.3543931342986377,91,nan,nan,2.895684702279737,3,nan,0,nan,nan,nan
3,0,init,False,12,1.6167986815583852,0.10885728151130965,0.022000665658904902,1.990655970697378,35.30335441281399,4,1.470880390822856,74,nan,nan,2.1550566831349682,3,nan,0,nan,nan,nan
3,0,init,False,13,1.4957891254472597,0.0185163341588495,0.014288880500076873,1.8323331443511297,37.83702709614994,4,1.514555800642806,63,nan,nan,2.803091225960861,3,nan,0,nan,nan,nan
3,0,init,False,14,1.2928729106443955,0.36142945273101607,0.01600074301288288,1.6073081334941737,59.557835607351116,4,1.3574636402010074,100,nan,nan,2.6616106138136857,3,nan,0,nan,nan,nan
3,0,init,False,15,1.0821811863143032,0.1051131282668055,0.00868335750923116,1.3277461752378807,80.57983105058655,4,1.2621418675497373,123,nan,nan,2.8980703901886113,3,nan,0,nan,nan,nan
3,0,init,False,16,2.2308898068401075,0.08255393559754375,0.01587551009400825,2.6787613247128075,29.913116794190373,4,1.419443889218377,53,nan,nan,2.7772449603376677,3,nan,0,nan,nan,nan
3,0,init,False,17,0.9897997487825622,0.0765142774869703,0.015317781229384363,1.2328630427164144,81.85760306373517,4,1.2668221508812167,130,nan,nan,2.9035966086519727,3,nan,0,nan,nan,nan
3,0,init,False,18,0.5590769175905304,0.7461175295193209,0.06115467045686692,0.6853155502519245,92.05003247630124,4,1.1697464886624773,143,nan,nan,2.938419086019552,3,nan,0,nan,nan,nan
3,0,init,False,19,0.3614042791791365,0.9053004575607518,0.06994133695812473,0.44831401621252115,94.70932325003324,4,1.2914698356524905,147,nan,nan,2.9163313430575655,3,nan,0,nan,nan,nan
3,0,init,False,20,1.1237436745120502,0.15182753182087,0.036502411921650435,1.3767573330804863,74.65822521997791,4,1.2522667698187906,126,nan,nan,2.755154227679342,3,nan,0,nan,nan,nan
3,0,init,False,21,0.48646786313588014,0.5559593144430129,0.08295927172955644,0.6388202974049727,78.49371927859829,4,1.2956308258276654,125,nan,nan,2.693227929376703,3,nan,0,nan,nan,nan
3,0,init,False,22,1.1811721758476943,0.07816944221170775,0.014855723679024244,1.4731863504175895,35.3537841656409,4,1.6002462899003156,65,nan,nan,2.340317431032207,3,nan,0,nan,nan,nan
3,0,init,False,23,0.5342055744252718,0.796547591558217,0.06430906043858739,0.6758729605551194,20.35954427838876,4,1.4853578680848185,45,nan,nan,1.6117748430731833,3,nan,0,nan,nan,nan
3,1,step,False,0,2.012293809437055,0.08607345332615064,0.018756199183210028,2.5173316972519997,37.93057280478205,4,1.3455784074471395,70,10.922416364615072,14.482454994206554,2.248086264062102,3,0.38710879184354685,0,1.5615755036669832,1.0,3.660876952514822e-16
3,1,step,False,1,0.7367854000076806,0.9814344321169473,0.04486405630963077,0.9381530112434451,57.99527211735812,4,1.3382596057270464,106,15.010092051920687,22.83846301223448,2.5286057564777584,3,0.32187475757005063,0,1.5615755036669832,1.0,3.660876952514822e-16
3,1,step,False,2,0.6609735095724033,0.3873928250233083,0.013372701083800996,0.8068749115556259,63.15955652333682,4,1.3465946908914779,109,16.773240001704252,26.060001847395142,2.885785342823825,3,0.40313309543556614,0,1.5615755036669832,1.0,3.660876952514822e-16
3,1,step,False,3,1.5791575861932878,0.4180184122287978,0.006385137710751809,1.974818013934592,50.09814652505192,4,1.4943202051199926,94,14.899836431441516,19.76585011294503,2.8659011617639156,3,0.3483471862083282,0,1.5615755036669832,1.0,3.660876952514822e-16
3,1,step,False,4,1.2628620126326964,0.3107868968349501,0.008004008129002564,1.573479995383498,82.79149624132033,4,1.204873137523886,136,30.000734778869607,41.36548508494214,2.7997148528646014,3,0.4696252009313814,0,1.5615755036669832,1.0,3.660876952514822e-16
3,1,step,False,5,2.203884775882906,0.07149427307888133,0.016379055511242406,2.7074113064142264,26.607861162891997,4,1.6151408514682852,50,6.0000000004595995,9.991526186540185,2.4154520571426357,3,0.3213978817488105,0,1.5615755036669832,1.0,3.660876952514822e-16
3,1,step,False,6,1.3474154075443938,0.14187522415871645,0.0237557069483054,1.6598355931537507,22.494725083016796,4,1.6539183287774182,46,6.000000000553866,9.549807590621803,2.442334307569001,3,0.15049326356188764,0,1.5615755036669832,1.0,3.660876952514822e-16
3,1,step,False,7,0.637017188984615,0.010813421496804754,0.032755258999041366,0.7935181903461473,88.99898775563832,4,1.2111449125455207,139,30.448542280750008,41.1574719300779,2.9753661979015353,3,0.4016784201938981,0,1.5615755036669832,1.0,3.660876952514822e-16
3,1,step,False,8,1.1241654617540675,0.11691486543447115,0.01400713589396037,1.3936737482226658,88.03765048272967,4,1.257016970154669,145,29.053652846562443,41.683052171770576,2.8645622279123377,3,0.42809956351185585,0,1.5615755036669832,1.0,3.660876952514822e-16
3,1,step,False,9,0.3160041946949852,0.7735732716495332,0.03318564009626742,0.3992098007986559,108.0706132519012,4,1.2117144547233307,161,42.8935622231798,58.530855301915764,2.963502108542752,3,0.24603725765327475,0,1.5615755036669832,1.0,3.660876952514822e-16
3,1,step,False,10,0.5495978082565923,0.8516323618195626,0.07030085998138329,0.6408736572093359,39.635768704361176,4,1.524224254169316,70,10.636952920369222,14.250463305950456,2.393989414479433,3,0.31786569642767487,0,1.5615755036669832,1.0,3.660876952514822e-16
3,1,step,False,11,1.145507073081825,0.23939506839653274,0.029551458991351878,1.3979261764127833,53.50595265384432,4,1.3543931342986377,91,16.987319016572748,22.422380618220046,2.895684702279737,3,0.15235385109235397,0,1.5615755036669832,1.0,3.660876952514822e-16
3,1,step,False,12,1.6167986815583852,0.37072452033052694,0.022000665658904902,1.990655970697378,35.30335441281399,4,1.470880390822856,74,8.27525075068241,10.276580991030693,2.1550566831349682,3,0.2643397197842432,0,1.5615755036669832,1.0,3.660876952514822e-16
3,1,step,False,13,1.4957891254472597,0.03224074602669871,0.014288880500076873,1.8323331443511297,37.83702709614994,4,1.514555800642806,63,14.486518135238502,20.3996384800186,2.803091225960861,3,0.26251404873668144,0,1.5615755036669832,1.0,3.660876952514822e-16
3,1,step,False,14,1.2928729106443955,0.4619154059899621,0.01600074301288288,1.6073081334941737,59.557835607351116,4,1.3574636402010074,100,21.64276409526105,30.36216966529646,2.6616106138136857,3,0.32492088888204274,0,1.5615755036669832,1.0,3.660876952514822e-16
3,1,step,False,15,1.0821811863143032,0.06492924965980665,0.00868335750923116,1.3277461752378807,80.57983105058655,4,1.2621418675497373,123,30.556319088868502,43.483785732213775,2.8980703901886113,3,0.4741491089824564,0,1.5615755036669832,1.0,3.660876952514822e-16
3,1,step,False,16,2.2308898068401075,0.08138990517916903,0.01587551009400825,2.6787613247128075,29.913116794190373,4,1.419443889218377,53,9.17412241406408,12.544210845162215,2.7772449603376677,3,0.2619021019768191,0,1.5615755036669832,1.0,3.660876952514822e-16
3,1,step,False,17,0.9897997487825622,0.054770067457626206,0.015317781229384363,1.2328630427164144,81.85760306373517,4,1.2668221508812167,130,29.688235730993995,42.488633301819924,2.9035966086519727,3,0.4006328485045662,0,1.5615755036669832,1.0,3.660876952514822e-16
3,1,step,False,18,0.5590769175905304,0.7096589712739286,0.06115467045686692,0.6853155502519245,92.05003247630124,4,1.1697464886624773,143,34.46379207333563,47.075097607185626,2.938419086019552,3,0.3633484482401908,0,1.5615755036669832,1.0,3.660876952514822e-16
3,1,step,False,19,0.3614042791791365,0.7638703461242694,0.06994133695812473,0.44831401621252115,94.70932325003324,4,1.2914698356524905,147,32.555472275433054,45.326689933314725,2.9163313430575655,3,0.24838890633230215,0,1.5615755036669832,1.0,3.660876952514822e-16
3,1,step,False,20,1.1237436745120502,0.1594187549168969,0.036502411921650435,1.3767573330804863,74.65822521997791,4,1.2522667698187906,126,29.580320927251453,39.15800024600011,2.755154227679342,3,0.26332659034700445,0,1.5615755036669832,1.0,3.660876952514822e-16
3,1,step,False,21,0.48646786313588014,0.46765280942288073,0.08295927172955644,0.6388202974049727,78.49371927859829,4,1.2956308258276654,125,26.417901366606994,36.81208911139034,2.693227929376703,3,0.4031809774439787,0,1.5615755036669832,1.0,3.660876952514822e-16
3,1,step,False,22,1.1811721758476943,0.02939290449814632,0.014855723679024244,1.4731863504175895,35.3537841656409,4,1.6002462899003156,65,10.049682712382431,14.14525421403489,2.340317431032207,3,0.3300369293678233,0,1.5615755036669832,1.0,3.660876952514822e-16
3,1,step,False,23,0.5342055744252718,0.9346972821896878,0.06430906043858739,0.6758729605551194,20.35954427838876,4,1.4853578680848185,45,6.000000000403003,7.9686208448951135,1.6117748430731833,3,0.046556480457416394,0,1.5615755036669832,1.0,3.660876952514822e-16
3,2,step,False,0,2.012293809437055,0.10688260776122666,0.018756199183210028,2.5173316972519997,37.93057280478205,4,1.3455784074471395,70,10.099121208977524,13.465767809957486,2.248086264062102,3,0.2257804136968116,0,1.1042006279777221,0.6173363924026489,1.844324311556694e-15
3,2,step,False,1,0.7367854000076806,0.9887897492993281,0.04486405630963077,0.9381530112434451,57.99527211735812,4,1.3382596057270464,106,15.14368755114194,22.568715990619832,2.5286057564777584,3,0.1666950435352935,0,1.1042006279777221,0.6173363924026489,1.844324311556694e-15
3,2,step,False,2,0.6609735095724033,0.35153564415695526,0.013372701083800996,0.8068749115556259,63.15955652333682,4,1.3465946908914779,109,15.476483201995473,23.008195590140897,2.885785342823825,3,0.23023505910950082,0,1.1042006279777221,0.6173363924026489,1.844324311556694e-15
3,2,step,False,3,1.5791575861932878,0.45001220182642826,0.006385137710751809,1.974818013934592,50.09814652505192,4,1.4943202051199926,94,14.031717000218615,18.20193840714201,2.8659011617639156,3,0.18983130383762511,0,1.1042006279777221,0.6173363924026489,1.844324311556694e-15
3,2,step,False,4,1.2628620126326964,0.4236197204435226,0.008004008129002564,1.573479995383498,82.79149624132033,4,1.204873137523886,136,28.39755752894853,36.83099386927453,2.7997148528646014,3,0.19922977704096181,0,1.1042006279777221,0.6173363924026489,1.844324311556694e-15
3,2,step,False,5,2.203884775882906,0.0706045085714945,0.016379055511242406,2.7074113064142264,26.607861162891997,4,1.6151408514682852,50,6.000000000395435,8.071851466407734,2.4154520571426357,3,0.1873619797068577,0,1.1042006279777221,0.6173363924026489,1.844324311556694e-15
3,2,step,False,6,1.3474154075443938,0.07795481165856033,0.0237557069483054,1.6598355931537507,22.494725083016796,4,1.6539183287774182,46,6.822249525249029,10.141264331714355,2.442334307569001,3,0.1612331932646276,0,1.1042006279777221,0.6173363924026489,1.844324311556694e-15
3,2,step,False,7,0.637017188984615,0.08113033974737333,0.032755258999041366,0.7935181903461473,88.99898775563832,4,1.2111449125455207,139,31.319730976842997,43.763549062121,2.9753661979015353,3,0.22966933295235256,0,1.1042006279777221,0.6173363924026489,1.844324311556694e-15
3,2,step,False,8,1.1241654617540675,0.1243739207607373,0.01400713589396037,1.3936737482226658,88.03765048272967,4,1.257016970154669,145,28.853382337326238,39.207533003729914,2.8645622279123377,3,0.24917012356659549,0,1.1042006279777221,0.6173363924026489,1.844324311556694e-15
3,2,step,False,9,0.3160041946949852,0.9991213687896073,0.03318564009626742,0.3992098007986559,108.0706132519012,4,1.2117144547233307,161,45.94793745230162,59.775159628670686,2.963502108542752,3,0.16869609973346153,0,1.1042006279777221,0.6173363924026489,1.844324311556694e-15
3,2,step,False,10,0.5495978082565923,0.8753842507332447,0.07030085998138329,0.6408736572093359,39.635768704361176,4,1.524224254169316,70,12.497363763426295,18.401576777545873,2.393989414479433,3,0.19160362360354957,0,1.1042006279777221,0.6173363924026489,1.844324311556694e-15
3,2,step,False,11,1.145507073081825,0.18304780285396793,0.029551458991351878,1.3979261764127833,53.50595265384432,4,1.3543931342986377,91,17.701462684321275,24.033781414690836,2.895684702279737,3,0.14510931930047652,0,1.1042006279777221,0.6173363924026489,1.844324311556694e-15
3,2,step,False,12,1.6167986815583852,0.2611349801223298,0.022000665658904902,1.990655970697378,35.30335441281399,4,1.470880390822856,74,7.810519182677187,10.645722166387763,2.1550566831349682,3,0.40408552098333067,0,1.1042006279777221,0.6173363924026489,1.844324311556694e-15
3,2,step,False,13,1.4957891254472597,0.021052031843500303,0.014288880500076873,1.8323331443511297,37.83702709614994,4,1.514555800642806,63,12.420895204146127,17.367406234592245,2.803091225960861,3,0.18154016021496824,0,1.1042006279777221,0.6173363924026489,1.844324311556694e-15
3,2,step,False,14,1.2928729106443955,0.23484949428571877,0.01600074301288288,1.6073081334941737,59.557835607351116,4,1.3574636402010074,100,21.312881582733723,28.910881164769876,2.6616106138136857,3,0.15920631895817206,0,1.1042006279777221,0.6173363924026489,1.844324311556694e-15
3,2,step,False,15,1.0821811863143032,0.17856736270332743,0.00868335750923116,1.3277461752378807,80.57983105058655,4,1.2621418675497373,123,30.306393053708025,40.72515455892997,2.8980703901886113,3,0.24487707647637133,0,1.1042006279777221,0.6173363924026489,1.844324311556694e-15
3,2,step,False,16,2.2308898068401075,0.10395226995434916,0.01587551009400825,2.6787613247128075,29.913116794190373,4,1.419443889218377,53,7.000668279006404,9.513036619303081,2.7772449603376677,3,0.18122718746400981,0,1.1042006279777221,0.6173363924026489,1.844324311556694e-15
3,2,step,False,17,0.9897997487825622,0.11498695307449121,0.015317781229384363,1.2328630427164144,81.85760306373517,4,1.2668221508812167,130,27.99085222413705,38.86858567749353,2.9035966086519727,3,0.2292228556963138,0,1.1042006279777221,0.6173363924026489,1.844324311556694e-15
3,2,step,False,18,0.5590769175905304,0.34813519451531316,0.06115467045686692,0.6853155502519245,92.05003247630124,4,1.1697464886624773,143,34.894463288828234,48.48010522527189,2.938419086019552,3,0.20295649874553964,0,1.1042006279777221,0.6173363924026489,1.844324311556694e-15
3,2,step,False,19,0.3614042791791365,0.2691368184798824,0.06994133695812473,0.44831401621252115,94.70932325003324,4,1.2914698356524905,147,32.36756772343859,46.579920768173956,2.9163313430575655,3,0.18066770278890062,0,1.1042006279777221,0.6173363924026489,1.844324311556694e-15
3,2,step,False,20,1.1237436745120502,0.12978789494113135,0.036502411921650435,1.3767573330804863,74.65822521997791,4,1.2522667698187906,126,28.50896198369781,38.58756550668048,2.755154227679342,3,0.18213942749416237,0,1.1042006279777221,0.6173363924026489,1.844324311556694e-15
3,2,step,False,21,0.48646786313588014,0.6213541603775248,0.08295927172955644,0.6388202974049727,78.49371927859829,4,1.2956308258276654,125,29.17687533326184,41.68778645647543,2.693227929376703,3,0.22386578072573451,0,1.1042006279777221,0.6173363924026489,1.844324311556694e-15
3,2,step,False,22,1.1811721758476943,0.3491264673229013,0.014855723679024244,1.4731863504175895,35.3537841656409,4,1.6002462899003156,65,10.415026660865019,15.258380607029505,2.340317431032207,3,0.16801418391805203,0,1.1042006279777221,0.6173363924026489,1.844324311556694e-15
3,2,step,False,23,0.5342055744252718,0.9989217959274818,0.06430906043858739,0.6758729605551194,20.35954427838876,4,1.4853578680848185,45,6.5115914002392286,8.896239201012643,1.6117748430731833,3,0.15031051999545145,0,1.1042006279777221,0.6173363924026489,1.844324311556694e-15
3,3,step,False,0,2.012293809437055,0.08079119644037355,0.018756199183210028,2.5173316972519997,37.93057280478205,4,1.3455784074471395,70,8.533499312325524,11.00774542181147,2.248086264062102,3,0.27277461365104777,0,0.7807877518334915,0.372964546084404,5.945206732927328e-14
3,3,step,False,1,0.7367854000076806,0.8212172531207189,0.04486405630963077,0.9381530112434451,57.99527211735812,4,1.3382596057270464,106,15.935186895384513,23.635679310447237,2.5286057564777584,3,0.11643988002941442,0,0.7807877518334915,0.372964546084404,5.945206732927328e-14
3,3,step,False,2,0.6609735095724033,0.4346464957140005,0.013372701083800996,0.8068749115556259,63.15955652333682,4,1.3465946908914779,109,17.63475173174676,26.609739424847216,2.885785342823825,3,0.10154196998841258,0,0.7807877518334915,0.372964546084404,5.945206732927328e-14
3,3,step,False,3,1.5791575861932878,0.6168398937515351,0.006385137710751809,1.974818013934592,50.09814652505192,4,1.4943202051199926,94,15.608477857825203,20.608399049175198,2.8659011617639156,3,0.09918297125277548,0,0.7807877518334915,0.372964546084404,5.945206732927328e-14
3,3,step,False,4,1.2628620126326964,0.8349498194771316,0.008004008129002564,1.573479995383498,82.79149624132033,4,1.204873137523886,136,27.468015337214958,35.82789898454904,2.7997148528646014,3,0.15033696171794952,0,0.7807877518334915,0.372964546084404,5.945206732927328e-14
3,3,step,False,5,2.203884775882906,0.07793098424809981,0.016379055511242406,2.7074113064142264,26.607861162891997,4,1.6151408514682852,50,6.0000000001661675,7.85574142934422,2.4154520571426357,3,0.12396438015944497,0,0.7807877518334915,0.372964546084404,5.945206732927328e-14
3,3,step,False,6,1.3474154075443938,0.09158961367677834,0.0237557069483054,1.6598355931537507,22.494725083016796,4,1.6539183287774182,46,8.038934248932803,10.819554927944468,2.442334307569001,3,0.10217587153691526,0,0.7807877518334915,0.372964546084404,5.945206732927328e-14
3,3,step,False,7,0.637017188984615,0.04914596354515262,0.032755258999041366,0.7935181903461473,88.99898775563832,4,1.2111449125455207,139,32.281201874935185,44.489240432521974,2.9753661979015353,3,0.10352834753778441,0,0.7807877518334915,0.372964546084404,5.945206732927328e-14
3,3,step,False,8,1.1241654617540675,0.22234128515026022,0.01400713589396037,1.3936737482226658,88.03765048272967,4,1.257016970154669,145,28.894884050928983,39.15615714180235,2.8645622279123377,3,0.16638069165150998,0,0.7807877518334915,0.372964546084404,5.945206732927328e-14
3,3,step,False,9,0.3160041946949852,0.8559180814118102,0.03318564009626742,0.3992098007986559,108.0706132519012,4,1.2117144547233307,161,42.297630563836954,54.32050038212811,2.963502108542752,3,0.12641041238350254,0,0.7807877518334915,0.372964546084404,5.945206732927328e-14
3,3,step,False,10,0.5495978082565923,0.914275280685201,0.07030085998138329,0.6408736572093359,39.635768704361176,4,1.524224254169316,70,17.447407829040817,25.790907416377316,2.393989414479433,3,0.085464035798945,0,0.7807877518334915,0.372964546084404,5.945206732927328e-14
3,3,step,False,11,1.145507073081825,0.141480213169093,0.029551458991351878,1.3979261764127833,53.50595265384432,4,1.3543931342986377,91,17.006144534934386,22.728397134789258,2.895684702279737,3,0.10196440308864232,0,0.7807877518334915,0.372964546084404,5.945206732927328e-14
3,3,step,False,12,1.6167986815583852,0.008755289686190226,0.022000665658904902,1.990655970697378,35.30335441281399,4,1.470880390822856,74,7.962408593432523,12.511176136075932,2.1550566831349682,3,0.22312611613260172,0,0.7807877518334915,0.372964546084404,5.945206732927328e-14
3,3,step,False,13,1.4957891254472597,0.02889418621530337,0.014288880500076873,1.8323331443511297,37.83702709614994,4,1.514555800642806,63,10.363415429402677,13.73849876613974,2.803091225960861,3,0.1635266731723265,0,0.7807877518334915,0.372964546084404,5.945206732927328e-14
3,3,step,False,14,1.2928729106443955,0.23377171270904104,0.01600074301288288,1.6073081334941737,59.557835607351116,4,1.3574636402010074,100,17.996494221944257,22.924384790867673,2.6616106138136857,3,0.14164087890338933,0,0.7807877518334915,0.372964546084404,5.945206732927328e-14
3,3,step,False,15,1.0821811863143032,0.1270622811704673,0.00868335750923116,1.3277461752378807,80.57983105058655,4,1.2621418675497373,123,30.078025846580847,38.71499352025741,2.8980703901886113,3,0.14331590729311688,0,0.7807877518334915,0.372964546084404,5.945206732927328e-14
3,3,step,False,16,2.2308898068401075,0.11263915901339701,0.01587551009400825,2.6787613247128075,29.913116794190373,4,1.419443889218377,53,6.000000000083423,8.252476248122036,2.7772449603376677,3,0.1614231221486709,0,0.7807877518334915,0.372964546084404,5.945206732927328e-14
3,3,step,False,17,0.9897997487825622,0.027205796111785707,0.015317781229384363,1.2328630427164144,81.85760306373517,4,1.2668221508812167,130,27.19697085083007,36.20042317085668,2.9035966086519727,3,0.10554288514302132,0,0.7807877518334915,0.372964546084404,5.945206732927328e-14
3,3,step,False,18,0.5590769175905304,0.1434264251788305,0.06115467045686692,0.6853155502519245,92.05003247630124,4,1.1697464886624773,143,35.74415680868596,48.4121567195371,2.938419086019552,3,0.09730430261812065,0,0.7807877518334915,0.372964546084404,5.945206732927328e-14
3,3,step,False,19,0.3614042791791365,0.3146644246026366,0.06994133695812473,0.44831401621252115,94.70932325003324,4,1.2914698356524905,147,30.665143750476684,43.452046086720514,2.9163313430575655,3,0.12933650327779445,0,0.7807877518334915,0.372964546084404,5.945206732927328e-14
3,3,step,False,20,1.1237436745120502,0.12537475932424066,0.036502411921650435,1.3767573330804863,74.65822521997791,4,1.2522667698187906,126,27.144149661034067,37.12233544703914,2.755154227679342,3,0.16751890628479008,0,0.7807877518334915,0.372964546084404,5.945206732927328e-14
3,3,step,False,21,0.48646786313588014,0.5103105883148168,0.08295927172955644,0.6388202974049727,78.49371927859829,4,1.2956308258276654,125,31.45570522364317,43.46803331671227,2.693227929376703,3,0.15395090959021748,0,0.7807877518334915,0.372964546084404,5.945206732927328e-14
3,3,step,False,22,1.1811721758476943,0.7752049002898955,0.014855723679024244,1.4731863504175895,35.3537841656409,4,1.6002462899003156,65,12.48001419303868,19.309462903381764,2.340317431032207,3,0.11911414314056609,0,0.7807877518334915,0.372964546084404,5.945206732927328e-14
3,3,step,False,23,0.5342055744252718,0.9116367766667733,0.06430906043858739,0.6758729605551194,20.35954427838876,4,1.4853578680848185,45,7.463180870295872,10.341783294504602,1.6117748430731833,3,0.10204613394730112,0,0.7807877518334915,0.372964546084404,5.945206732927328e-14
4,0,init,False,0,0.7314387939142174,0.5094803555681665,0.12499646943685655,0.8279096553434722,44.639233131341264,4,1.4717034210320197,80,nan,nan,2.70029024724345,3,nan,0,nan,nan,nan
4,0,init,False,1,0.1901008407877457,0.5329079823438053,0.20860986041439555,0.18252300069432062,95.16254019214296,4,1.1874728407876145,152,nan,nan,2.8063796167440547,3,nan,0,nan,nan,nan
4,0,init,False,2,1.441147482065505,0.06196495545928493,0.0651694376597056,1.5348283315344622,70.04878199399387,4,1.2364578866533147,111,nan,nan,2.927552482503763,3,nan,0,nan,nan,nan
4,0,init,False,3,0.767155368090763,0.6332419745336116,0.03389728239649398,0.7684819700135798,100.75550557741175,4,1.2565369514170905,162,nan,nan,2.82633341142597,3,nan,0,nan,nan,nan
4,0,init,False,4,0.5621501343069247,0.39222295310341604,0.05598317285196745,0.523814428274215,89.49245843116506,4,1.1743079759427548,143,nan,nan,2.9082430367581877,3,nan,0,nan,nan,nan
4,0,init,False,5,1.741348863480143,0.12449436761250716,0.022082456135060373,1.818756070110132,46.93688532852703,4,1.300178936994807,78,nan,nan,2.6855431830532597,3,nan,0,nan,nan,nan
4,0,init,False,6,1.1638828463724025,0.10005833595051758,0.03529041754895146,1.1352609875890491,73.73652846831166,4,1.3447438919268,122,nan,nan,2.9009983942777633,3,nan,0,nan,nan,nan
4,0,init,False,7,2.6451436560886648,0.09652675271405227,0.03286526170264207,2.7322601872068626,13.3769927683865,4,1.5612099688142451,29,nan,nan,1.8547885538293745,3,nan,0,nan,nan,nan
4,0,init,False,8,1.1773111634983904,0.38333658293900663,0.05159138515007568,1.2988563221041078,64.15268601527599,4,1.229517982047906,102,nan,nan,2.7779322813977054,3,nan,0,nan,nan,nan
4,0,init,False,9,2.021911938662873,0.2164691870242171,0.028851578740073613,2.0921527839641096,18.556817078819357,4,1.3693512604865345,39,nan,nan,2.126737249611038,3,nan,0,nan,nan,nan
4,0,init,False,10,1.5164206506624354,0.04749696602535579,0.03590580119894987,1.5925831899894682,46.70874174669558,4,1.527742603416708,79,nan,nan,2.894637204094119,3,nan,0,nan,nan,nan
4,0,init,False,11,1.7873261353014271,0.1731762847128144,0.01865532697497849,1.8854470498263307,57.084695115331876,4,1.5808953940501442,96,nan,nan,2.60913255641355,3,nan,0,nan,nan,nan
4,0,init,False,12,0.4960937291639991,0.7195291645019553,0.032645230584237836,0.4955623674779336,63.6783197134603,4,1.3589012809914252,108,nan,nan,2.960605448953177,3,nan,0,nan,nan,nan
4,0,init,False,13,0.7733730741862967,0.764784479490479,0.0542485434492037,0.7738316414543221,66.83403132970636,4,1.329152171362885,115,nan,nan,2.855557723233121,3,nan,0,nan,nan,nan
4,0,init,False,14,1.2441028283176079,0.435518489301117,0.03195551965473089,1.2656304171095443,58.061725957454186,4,1.2633188937440742,98,nan,nan,2.7652050589997046,3,nan,0,nan,nan,nan
4,0,init,False,15,1.020636180189332,0.23288465063127925,0.08292913823048195,1.0547019669393627,58.51959310555104,4,1.2981172287303016,108,nan,nan,2.958994206216348,3,nan,0,nan,nan,nan
4,0,init,False,16,0.6465795769665226,0.38870321948568604,0.04391348300135792,0.6862382298451719,97.89745695364742,4,1.2003166810382462,147,nan,nan,2.923924655455956,3,nan,0,nan,nan,nan
4,0,init,False,17,1.3800791253006297,0.0021417400041081626,0.023548616775155913,1.3978290723967024,48.80763556737149,4,1.4697516896109295,86,nan,nan,2.8458162569145267,3,nan,0,nan,nan,nan
4,0,init,False,18,1.9545733255213382,0.011983485788966285,0.011983485788984815,2.0478008979822624,7.853191170770043,4,1.7569804946433485,22,nan,nan,1.0,1,nan,0,nan,nan,nan
4,0,init,False,19,0.8642655972196809,0.4313999561433166,0.029162994558327746,0.8819971868647536,61.87620529710102,4,1.340721252836389,104,nan,nan,2.9441104665741795,3,nan,0,nan,nan,nan
4,0,init,False,20,0.4015157065634968,0.09485385630962427,0.05108603367902401,0.3735909365772186,32.3597539167309,4,1.4465041377328534,59,nan,nan,2.6799202987995057,3,nan,0,nan,nan,nan
4,0,init,False,21,1.0339699688965198,0.1690939395784553,0.021699757936056194,1.0350423470871113,110.95355214142103,4,1.16420689553413,158,nan,nan,2.8325130346728526,3,nan,0,nan,nan,nan
4,0,init,False,22,0.8323167227644012,0.3819033247063824,0.0426427117205285,0.8262545724324061,28.29923000992318,4,1.2823286814629669,48,nan,nan,2.849794411913929,3,nan,0,nan,nan,nan
4,0,init,False,23,0.6269417020834565,0.3638967584932231,0.04458448817435383,0.6252881810471106,84.20743898946,4,1.3641352759470966,132,nan,nan,2.96277875304588,3,nan,0,nan,nan,nan
4,1,step,False,0,0.7314387939142174,0.5792099953621661,0.12499646943685655,0.8279096553434722,44.639233131341264,4,1.4717034210320197,80,10.867840800094928,16.34553838528442,2.70029024724345,3,0.20456248211958955,0,1.5893452000177961,1.0,3.5492227218084186e-16
4,1,step,False,1,0.1901008407877457,0.5521914897472692,0.20860986041439555,0.18252300069432062,95.16254019214296,4,1.1874728407876145,152,30.42662057704763,44.156256981023,2.8063796167440547,3,0.32057146053144325,0,1.5893452000177961,1.0,3.5492227218084186e-16
4,1,step,False,2,1.441147482065505,0.13286169256624125,0.0651694376597056,1.5348283315344622,70.04878199399387,4,1.2364578866533147,111,21.88223548020074,29.81173253236193,2.927552482503763,3,0.28893677235902543,0,1.5893452000177961,1.0,3.5492227218084186e-16
4,1,step,False,3,0.767155368090763,0.7775228604270351,0.03389728239649398,0.7684819700135798,100.75550557741175,4,1.2565369514170905,162,36.94905793727604,50.487823389069,2.82633341142597,3,0.22526755456536057,0,1.5893452000177961,1.0,3.5492227218084186e-16
4,1,step,False,4,0.5621501343069247,0.4114998105095195,0.05598317285196745,0.523814428274215,89.49245843116506,4,1.1743079759427548,143,35.40288280778162,49.32900839808475,2.9082430367581877,3,0.3196130642774497,0,1.5893452000177961,1.0,3.5492227218084186e-16
4,1,step,False,5,1.741348863480143,0.18568943431989204,0.022082456135060373,1.818756070110132,46.93688532852703,4,1.300178936994807,78,14.18712793226074,20.63637407450372,2.6855431830532597,3,0.29977068914870064,0,1.5893452000177961,1.0,3.5492227218084186e-16
4,1,step,False,6,1.1638828463724025,0.20719258887090797,0.03529041754895146,1.1352609875890491,73.73652846831166,4,1.3447438919268,122,27.282808259752084,37.815597881797714,2.9009983942777633,3,0.29162242766408175,0,1.5893452000177961,1.0,3.5492227218084186e-16
4,1,step,False,7,2.6451436560886648,0.1301868882070966,0.03286526170264207,2.7322601872068626,13.3769927683865,4,1.5612099688142451,29,6.00000000042726,9.157163809743498,1.8547885538293745,3,0.3388359843451488,0,1.5893452000177961,1.0,3.5492227218084186e-16
4,1,step,False,8,1.1773111634983904,0.2962904412062753,0.05159138515007568,1.2988563221041078,64.15268601527599,4,1.229517982047906,102,22.14512891317337,30.00529150549333,2.7779322813977054,3,0.26223056486766905,0,1.5893452000177961,1.0,3.5492227218084186e-16
4,1,step,False,9,2.021911938662873,0.22627353460034016,0.028851578740073613,2.0921527839641096,18.556817078819357,4,1.3693512604865345,39,6.00000000017142,7.867996565455747,2.126737249611038,3,0.21457783430398672,0,1.5893452000177961,1.0,3.5492227218084186e-16
4,1,step,False,10,1.5164206506624354,0.14122311515517771,0.03590580119894987,1.5925831899894682,46.70874174669558,4,1.527742603416708,79,15.88586239200536,23.671434326590305,2.894637204094119,3,0.42813031660794704,0,1.5893452000177961,1.0,3.5492227218084186e-16
4,1,step,False,11,1.7873261353014271,0.3202665965842362,0.01865532697497849,1.8854470498263307,57.084695115331876,4,1.5808953940501442,96,16.934463209239592,24.277678458123926,2.60913255641355,3,0.22050125770873452,0,1.5893452000177961,1.0,3.5492227218084186e-16
4,1,step,False,12,0.4960937291639991,0.6652540962410969,0.032645230584237836,0.4955623674779336,63.6783197134603,4,1.3589012809914252,108,18.425165416187124,25.54088599863783,2.960605448953177,3,0.2468041631394139,0,1.5893452000177961,1.0,3.5492227218084186e-16
4,1,step,False,13,0.7733730741862967,0.7513586553948648,0.0542485434492037,0.7738316414543221,66.83403132970636,4,1.329152171362885,115,18.09668162674781,27.251058628448416,2.855557723233121,3,0.35255067901494147,0,1.5893452000177961,1.0,3.5492227218084186e-16
4,1,step,False,14,1.2441028283176079,0.5058948260442114,0.03195551965473089,1.2656304171095443,58.061725957454186,4,1.2633188937440742,98,18.681311522456305,25.606853720183594,2.7652050589997046,3,0.24134108690002765,0,1.5893452000177961,1.0,3.5492227218084186e-16
4,1,step,False,15,1.020636180189332,0.23186908226023584,0.08292913823048195,1.0547019669393627,58.51959310555104,4,1.2981172287303016,108,16.919473306581814,25.11235260271079,2.958994206216348,3,0.2668037217419482,0,1.5893452000177961,1.0,3.5492227218084186e-16
4,1,step,False,16,0.6465795769665226,0.2609462168103871,0.04391348300135792,0.6862382298451719,97.89745695364742,4,1.2003166810382462,147,36.715597490790174,52.64884482421617,2.923924655455956,3,0.3139066117155461,0,1.5893452000177961,1.0,3.5492227218084186e-16
4,1,step,False,17,1.3800791253006297,0.1011902333119987,0.023548616775155913,1.3978290723967024,48.80763556737149,4,1.4697516896109295,86,13.735150674123815,18.06236898152559,2.8458162569145267,3,0.2568981645367632,0,1.5893452000177961,1.0,3.5492227218084186e-16
4,1,step,False,18,1.9545733255213382,0.023888491541646743,0.011983485788984815,2.0478008979822624,7.853191170770043,4,1.7569804946433485,22,6.000000000348895,9.690096691282585,1.0,1,0.502656634474877,0,1.5893452000177961,1.0,3.5492227218084186e-16
4,1,step,False,19,0.8642655972196809,0.5160456601167076,0.029162994558327746,0.8819971868647536,61.87620529710102,4,1.340721252836389,104,21.447002476224277,28.496418702030272,2.9441104665741795,3,0.24442816352239075,0,1.5893452000177961,1.0,3.5492227218084186e-16
4,1,step,False,20,0.4015157065634968,0.0826255418338774,0.05108603367902401,0.3735909365772186,32.3597539167309,4,1.4465041377328534,59,8.713449693383566,13.394106441929836,2.6799202987995057,3,0.23350265671599746,0,1.5893452000177961,1.0,3.5492227218084186e-16
4,1,step,False,21,1.0339699688965198,0.18270960354509014,0.021699757936056194,1.0350423470871113,110.95355214142103,4,1.16420689553413,158,47.440106444905595,65.38818605400166,2.8325130346728526,3,0.24558775312805733,0,1.5893452000177961,1.0,3.5492227218084186e-16
4,1,step,False,22,0.8323167227644012,0.45655598170235134,0.0426427117205285,0.8262545724324061,28.29923000992318,4,1.2823286814629669,48,9.93844657111371,14.007689025494434,2.849794411913929,3,0.26228262060925667,0,1.5893452000177961,1.0,3.5492227218084186e-16
4,1,step,False,23,0.6269417020834565,0.3132024768941212,0.04458448817435383,0.6252881810471106,84.20743898946,4,1.3641352759470966,132,29.45918808884126,41.345521551778255,2.96277875304588,3,0.24678369578997322,0,1.5893452000177961,1.0,3.5492227218084186e-16
4,2,step,False,0,0.7314387939142174,0.5821855113140857,0.12499646943685655,0.8279096553434722,44.639233131341264,4,1.4717034210320197,80,13.20857949628384,19.416673316295153,2.70029024724345,3,0.21871614756291655,0,1.1238367685788733,0.6257921457290649,9.240766616090668e-16
4,2,step,False,1,0.1901008407877457,0.5602148179705578,0.20860986041439555,0.18252300069432062,95.16254019214296,4,1.1874728407876145,152,30.904357017383465,42.01786108243747,2.8063796167440547,3,0.1524251360898583,0,1.1238367685788733,0.6257921457290649,9.240766616090668e-16
4,2,step,False,2,1.441147482065505,0.061870867471694985,0.0651694376597056,1.5348283315344622,70.04878199399387,4,1.2364578866533147,111,22.531342788087546,30.325961643793395,2.927552482503763,3,0.1638412184513445,0,1.1238367685788733,0.6257921457290649,9.240766616090668e-16
4,2,step,False,3,0.767155368090763,0.7779429219201922,0.03389728239649398,0.7684819700135798,100.75550557741175,4,1.2565369514170905,162,35.318411386700504,46.942492405963925,2.8263334114259706,3,0.26358844154971645,0,1.1238367685788733,0.6257921457290649,9.240766616090668e-16
4,2,step,False,4,0.5621501343069247,0.4187709143154911,0.05598317285196745,0.523814428274215,89.49245843116506,4,1.1743079759427548,143,34.6021858808146,49.351371886283005,2.9082430367581877,3,0.15342696998991678,0,1.1238367685788733,0.6257921457290649,9.240766616090668e-16
4,2,step,False,5,1.741348863480143,0.15160398989526,0.022082456135060373,1.818756070110132,46.93688532852703,4,1.300178936994807,78,11.009341331548415,14.870380026595717,2.6855431830532597,3,0.22307265181010438,0,1.1238367685788733,0.6257921457290649,9.240766616090668e-16
4,2,step,False,6,1.1638828463724025,0.22709857103499223,0.03529041754895146,1.1352609875890491,73.73652846831166,4,1.3447438919268,122,28.767042186979644,39.051152356424915,2.9009983942777633,3,0.1699792105423435,0,1.1238367685788733,0.6257921457290649,9.240766616090668e-16
4,2,step,False,7,2.6451436560886648,0.10231864108150869,0.03286526170264207,2.7322601872068626,13.3769927683865,4,1.5612099688142451,29,6.000000000334789,9.650379604831405,1.8547885538293745,3,0.2931637754970606,0,1.1238367685788733,0.6257921457290649,9.240766616090668e-16
4,2,step,False,8,1.1773111634983904,0.0812120934302468,0.05159138515007568,1.2988563221041078,64.15268601527599,4,1.229517982047906,102,22.723408406772,30.431088897675384,2.7779322813977054,3,0.23333475355507516,0,1.1238367685788733,0.6257921457290649,9.240766616090668e-16
4,2,step,False,9,2.021911938662873,0.20473197961099474,0.028851578740073613,2.0921527839641096,18.556817078819357,4,1.3693512604865345,39,6.000000000192491,7.876989930551606,2.126737249611038,3,0.1752947676424777,0,1.1238367685788733,0.6257921457290649,9.240766616090668e-16
4,2,step,False,10,1.5164206506624354,0.05523937378893311,0.03590580119894987,1.5925831899894682,46.70874174669558,4,1.527742603416708,79,14.663467962898677,21.700300177914528,2.894637204094119,3,0.21348960528523847,0,1.1238367685788733,0.6257921457290649,9.240766616090668e-16
4,2,step,False,11,1.7873261353014271,0.3607318457253872,0.01865532697497849,1.8854470498263307,57.084695115331876,4,1.5808953940501442,96,13.12000418339335,18.921267741058752,2.60913255641355,3,0.15024595585791045,0,1.1238367685788733,0.6257921457290649,9.240766616090668e-16
4,2,step,False,12,0.4960937291639991,0.49636518867140134,0.032645230584237836,0.4955623674779336,63.6783197134603,4,1.3589012809914252,108,19.992374653085342,28.548596687853912,2.960605448953177,3,0.18489737485204888,0,1.1238367685788733,0.6257921457290649,9.240766616090668e-16
4,2,step,False,13,0.7733730741862967,0.7796532264890986,0.0542485434492037,0.7738316414543221,66.83403132970636,4,1.329152171362885,115,20.879924110160818,31.724259077245087,2.855557723233121,3,0.2928879502569125,0,1.1238367685788733,0.6257921457290649,9.240766616090668e-16
4,2,step,False,14,1.2441028283176079,0.5109632218256394,0.03195551965473089,1.2656304171095443,58.061725957454186,4,1.2633188937440742,98,17.545355275733925,25.03859467692273,2.7652050589997046,3,0.18390749223720362,0,1.1238367685788733,0.6257921457290649,9.240766616090668e-16
4,2,step,False,15,1.020636180189332,0.2664747705913649,0.08292913823048195,1.0547019669393627,58.51959310555104,4,1.2981172287303016,108,17.402101675485248,24.74402491474318,2.958994206216348,3,0.1643033693718184,0,1.1238367685788733,0.6257921457290649,9.240766616090668e-16
4,2,step,False,16,0.6465795769665226,0.1897278950337703,0.04391348300135792,0.6862382298451719,97.89745695364742,4,1.2003166810382462,147,36.92705463107244,52.07192381719596,2.923924655455956,3,0.1892156050375372,0,1.1238367685788733,0.6257921457290649,9.240766616090668e-16
4,2,step,False,17,1.3800791253006297,0.09398228755187867,0.023548616775155913,1.3978290723967024,48.80763556737149,4,1.4697516896109295,86,12.247754437232675,16.323346688978166,2.8458162569145267,3,0.18281475854912663,0,1.1238367685788733,0.6257921457290649,9.240766616090668e-16
4,2,step,False,18,1.9545733255213382,0.019425716105061986,0.011983485788984815,2.0478008979822624,7.853191170770043,4,1.7569804946433485,22,6.00000000009962,10.59536119882366,1.0,1,0.32139601503744425,0,1.1238367685788733,0.6257921457290649,9.240766616090668e-16
4,2,step,False,19,0.8642655972196809,0.6560072961971315,0.029162994558327746,0.8819971868647536,61.87620529710102,4,1.340721252836389,104,22.541679254669948,29.334939890125835,2.9441104665741795,3,0.18279903683382298,0,1.1238367685788733,0.6257921457290649,9.240766616090668e-16
4,2,step,False,20,0.4015157065634968,0.06077081259148636,0.05108603367902401,0.3735909365772186,32.3597539167309,4,1.4465041377328534,59,10.200385492816453,14.661655310124132,2.6799202987995057,3,0.15334803057181046,0,1.1238367685788733,0.6257921457290649,9.240766616090668e-16
4,2,step,False,21,1.0339699688965198,0.10150729468026229,0.021699757936056194,1.0350423470871113,110.95355214142103,4,1.16420689553413,158,45.87918418056437,61.737660535222254,2.8325130346728526,3,0.1825017640529316,0,1.1238367685788733,0.6257921457290649,9.240766616090668e-16
4,2,step,False,22,0.8323167227644012,0.2966819062424907,0.0426427117205285,0.8262545724324061,28.29923000992318,4,1.2823286814629669,48,11.40218159002858,16.569708068199066,2.849794411913929,3,0.1976396625346988,0,1.1238367685788733,0.6257921457290649,9.240766616090668e-16
4,2,step,False,23,0.6269417020834565,0.13165773765787153,0.04458448817435383,0.6252881810471106,84.20743898946,4,1.3641352759470966,132,31.137471293693043,44.570599059897475,2.96277875304588,3,0.1848891381885915,0,1.1238367685788733,0.6257921457290649,9.240766616090668e-16
4,3,step,False,0,0.7314387939142174,0.5442188276892879,0.12499646943685655,0.8279096553434722,44.639233131341264,4,1.4717034210320197,80,15.817762045948017,22.4601940444638,2.70029024724345,3,0.11085636596525171,0,0.794672600008898,0.37931501865386963,3.607088508266247e-15
4,3,step,False,1,0.1901008407877457,0.4554066329044092,0.20860986041439555,0.18252300069432062,95.16254019214296,4,1.1874728407876145,152,33.89724427745814,45.885674313033846,2.8063796167440547,3,0.126647799863511,0,0.794672600008898,0.37931501865386963,3.607088508266247e-15
4,3,step,False,2,1.441147482065505,0.04204370156776448,0.0651694376597056,1.5348283315344622,70.04878199399387,4,1.2364578866533147,111,20.587943030427713,26.919350186376196,2.927552482503763,3,0.1193465664777927,0,0.794672600008898,0.37931501865386963,3.607088508266247e-15
4,3,step,False,3,0.767155368090763,0.7628719583279059,0.03389728239649398,0.7684819700135798,100.75550557741175,4,1.2565369514170905,162,36.686994188665764,51.107548392336895,2.82633341142597,3,0.16737293300612233,0,0.794672600008898,0.37931501865386963,3.607088508266247e-15
4,3,step,False,4,0.5621501343069247,0.3133338487189625,0.05598317285196745,0.523814428274215,89.49245843116506,4,1.1743079759427548,143,31.06600722433762,42.67368531857976,2.9082430367581877,3,0.1267606725266579,0,0.794672600008898,0.37931501865386963,3.607088508266247e-15
4,3,step,False,5,1.741348863480143,0.13842214716218704,0.022082456135060373,1.818756070110132,46.93688532852703,4,1.300178936994807,78,8.818374316746107,11.568800274776752,2.6855431830532597,3,0.16686027593421707,0,0.794672600008898,0.37931501865386963,3.607088508266247e-15
4,3,step,False,6,1.1638828463724025,0.15708236590759397,0.03529041754895146,1.1352609875890491,73.73652846831166,4,1.3447438919268,122,29.039462689038942,37.79955601598995,2.9009983942777633,3,0.09344235146769857,0,0.794672600008898,0.37931501865386963,3.607088508266247e-15
4,3,step,False,7,2.6451436560886648,0.02374872584631396,0.03286526170264207,2.7322601872068626,13.3769927683865,4,1.5612099688142451,29,6.000000000185032,8.480298123545902,1.8547885538293745,3,0.3830967868898392,0,0.794672600008898,0.37931501865386963,3.607088508266247e-15
4,3,step,False,8,1.1773111634983904,0.08533714325769713,0.05159138515007568,1.2988563221041078,64.15268601527599,4,1.229517982047906,102,22.33957923623264,29.15361180634845,2.7779322813977054,3,0.13993329118764244,0,0.794672600008898,0.37931501865386963,3.607088508266247e-15
4,3,step,False,9,2.021911938662873,0.19390957977545747,0.028851578740073613,2.0921527839641096,18.556817078819357,4,1.3693512604865345,39,6.0000000004319265,7.838628280579657,2.126737249611038,3,0.15735930124754668,0,0.794672600008898,0.37931501865386963,3.607088508266247e-15
4,3,step,False,10,1.5164206506624354,0.1010639616891883,0.03590580119894987,1.5925831899894682,46.70874174669558,4,1.527742603416708,79,13.527384994751719,17.697742405415333,2.894637204094119,3,0.12166365356884425,0,0.794672600008898,0.37931501865386963,3.607088508266247e-15
4,3,step,False,11,1.7873261353014271,0.036397347538662986,0.01865532697497849,1.8854470498263307,57.084695115331876,4,1.5808953940501442,96,11.754503427719543,17.891724813730118,2.60913255641355,3,0.09958313615624896,0,0.794672600008898,0.37931501865386963,3.607088508266247e-15
4,3,step,False,12,0.4960937291639991,0.39415009211199104,0.032645230584237836,0.4955623674779336,63.6783197134603,4,1.3589012809914252,108,23.93791082750889,32.97733937845472,2.960605448953177,3,0.09991688169961686,0,0.794672600008898,0.37931501865386963,3.607088508266247e-15
4,3,step,False,13,0.7733730741862967,0.9574910696514447,0.0542485434492037,0.7738316414543221,66.83403132970636,4,1.329152171362885,115,22.056665649695205,34.00451098931383,2.855557723233121,3,0.11984351293240252,0,0.794672600008898,0.37931501865386963,3.607088508266247e-15
4,3,step,False,14,1.2441028283176079,0.43957915596302144,0.03195551965473089,1.2656304171095443,58.061725957454186,4,1.2633188937440742,98,17.571176556016376,23.475892989558297,2.7652050589997046,3,0.09309033677866003,0,0.794672600008898,0.37931501865386963,3.607088508266247e-15
4,3,step,False,15,1.020636180189332,0.6672653154955333,0.08292913823048195,1.0547019669393627,58.51959310555104,4,1.2981172287303016,108,18.56715846893611,24.99332638272946,2.958994206216348,3,0.09639807988566185,0,0.794672600008898,0.37931501865386963,3.607088508266247e-15
4,3,step,False,16,0.6465795769665226,0.2845591258256882,0.04391348300135792,0.6862382298451719,97.89745695364742,4,1.2003166810382462,147,36.62812206300728,49.39679985609928,2.923924655455956,3,0.1212959978613611,0,0.794672600008898,0.37931501865386963,3.607088508266247e-15
4,3,step,False,17,1.3800791253006297,0.7962084605390162,0.023548616775155913,1.3978290723967024,48.80763556737149,4,1.4697516896109295,86,9.93687958177517,13.337780777689757,2.8458162569145267,3,0.1166160554562763,0,0.794672600008898,0.37931501865386963,3.607088508266247e-15
4,3,step,False,18,1.9545733255213382,0.0176940787745741,0.011983485788984815,2.0478008979822624,7.853191170770043,4,1.7569804946433485,22,6.000000000381819,9.875594714476762,1.0,1,0.2106665672458173,0,0.794672600008898,0.37931501865386963,3.607088508266247e-15
4,3,step,False,19,0.8642655972196809,0.9997852191357396,0.029162994558327746,0.8819971868647536,61.87620529710102,4,1.340721252836389,104,22.856520360308885,29.26315278313488,2.9441104665741795,3,0.10065630800754181,0,0.794672600008898,0.37931501865386963,3.607088508266247e-15
4,3,step,False,20,0.4015157065634968,0.18674636627653227,0.05108603367902401,0.3735909365772186,32.3597539167309,4,1.4465041377328534,59,11.892808776333249,17.289410282226694,2.6799202987995057,3,0.14377305092499187,0,0.794672600008898,0.37931501865386963,3.607088508266247e-15
4,3,step,False,21,1.0339699688965198,0.049573183799722614,0.021699757936056194,1.0350423470871113,110.95355214142103,4,1.16420689553413,158,44.57349245778727,55.21317880928554,2.8325130346728526,3,0.09054549248270867,0,0.794672600008898,0.37931501865386963,3.607088508266247e-15
4,3,step,False,22,0.8323167227644012,0.030830870971593455,0.0426427117205285,0.8262545724324061,28.29923000992318,4,1.2823286814629669,48,11.538840503656973,16.67076241749948,2.849794411913929,3,0.13639036086328812,0,0.794672600008898,0.37931501865386963,3.607088508266247e-15
4,3,step,False,23,0.6269417020834565,0.712677979551783,0.04458448817435383,0.6252881810471106,84.20743898946,4,1.3641352759470966,132,30.402546348559145,41.720482486602556,2.96277875304588,3,0.09994234489082586,0,0.794672600008898,0.37931501865386963,3.607088508266247e-15
5,0,init,False,0,1.1820895330230798,0.0540039949838348,0.04035869583350375,1.3205308493571988,38.90297561919407,4,1.5071678897923484,67,nan,nan,1.7944674370949696,3,nan,0,nan,nan,nan
5,0,init,False,1,0.26367240428572386,0.8138717717075691,0.07494799512305703,0.3072425566877361,95.84519872031498,4,1.287746448166381,155,nan,nan,2.9661082912800496,3,nan,0,nan,nan,nan
5,0,init,False,2,1.4340599023864413,0.02293702208722811,0.01699153150942312,1.6834093049777352,55.98291989849718,4,1.3553777963333264,95,nan,nan,2.711602444278969,3,nan,0,nan,nan,nan
5,0,init,False,3,2.0354935116480677,0.18760822350664325,0.020314455231232265,2.3184592410321887,33.44533630616429,4,1.4575318171354017,57,nan,nan,2.6335730204745307,3,nan,0,nan,nan,nan
5,0,init,False,4,1.71708545598336,0.06249059134945188,0.019347188955858154,2.0044515479422866,60.11580097272275,4,1.2389011314110931,99,nan,nan,2.7928086788709896,3,nan,0,nan,nan,nan
5,0,init,False,5,1.1181558309160755,0.09222817177883888,0.03906531465243795,1.2819943906319369,61.19777099850654,4,1.4314713500216605,105,nan,nan,2.7462921611834212,3,nan,0,nan,nan,nan
5,0,init,False,6,0.6253378024127711,0.2922221470460573,0.032943841339435856,0.7265596507452452,110.0586936588459,4,1.2500789463895183,165,nan,nan,2.973815696204649,3,nan,0,nan,nan,nan
5,0,init,False,7,1.2089920649223933,0.13257942230561715,0.028153738681211356,1.3945227132042768,67.29482899156545,4,1.355290842554952,115,nan,nan,2.870026565729044,3,nan,0,nan,nan,nan
5,0,init,False,8,1.9290127460323419,0.01321333177975506,0.013213331779771863,2.1158955569566795,14.016744934235074,4,1.7009976930557105,28,nan,nan,1.0,1,nan,0,nan,nan,nan
5,0,init,False,9,1.3537456170574012,0.023122247938674744,0.015432508339430596,1.5346146835748673,73.0190906692872,4,1.3651017948003297,121,nan,nan,2.750285017427781,3,nan,0,nan,nan,nan
5,0,init,False,10,1.0134078727473856,0.21074097355904267,0.028018956511523307,1.1574417233603345,73.13296962220065,4,1.3820441899567106,114,nan,nan,2.890516043662201,3,nan,0,nan,nan,nan
5,0,init,False,11,2.6010207254251076,0.030437969988148263,0.03715831538128594,3.014936898462396,17.438172763650442,4,1.8152890169892664,36,nan,nan,2.496812069815267,3,nan,0,nan,nan,nan
5,0,init,False,12,0.847995390281777,0.13130413724657805,0.01433496036693467,0.9769067086070274,99.09670441818193,4,1.2786510227569414,158,nan,nan,2.9577913647956575,3,nan,0,nan,nan,nan
5,0,init,False,13,1.158477556120006,0.2596947216235106,0.019526607081191263,1.3308456515782385,33.837397863001414,4,1.573040429892719,63,nan,nan,1.6317218464138068,3,nan,0,nan,nan,nan
5,0,init,False,14,1.6911301854914427,0.3556424563421161,0.03508313966492022,1.9751351480992003,36.99050377418594,4,1.5126754161719986,70,nan,nan,2.5095391165817675,3,nan,0,nan,nan,nan
5,0,init,False,15,0.9443564653403165,0.04139703068262622,0.03416559167057861,1.1191635330874687,68.61454808951223,4,1.2549233403767515,114,nan,nan,2.92689581328589,3,nan,0,nan,nan,nan
5,0,init,False,16,1.469340822890217,0.0334741071290355,0.00806312171554514,1.68131783814039,67.84650810599985,4,1.4085137832519536,117,nan,nan,2.8200202692486878,3,nan,0,nan,nan,nan
5,0,init,False,17,2.426100916153647,0.09392550785623689,0.01875100842011363,2.8244603618533426,30.159664122786523,4,1.3692893234626067,58,nan,nan,2.2941665286469495,3,nan,0,nan,nan,nan
5,0,init,False,18,1.2113073977099769,0.48054963577280047,0.017528453368804982,1.3319503778010993,34.494677777760245,4,1.4694076471196909,65,nan,nan,2.726178758066487,3,nan,0,nan,nan,nan
5,0,init,False,19,0.6565585810840902,0.08331691245379785,0.019780697732615458,0.740361755085833,94.9924857091055,4,1.1841976947545165,144,nan,nan,2.8112607849156763,3,nan,0,nan,nan,nan
5,0,init,False,20,0.22818447607247358,0.9488199222100551,0.11815228373614972,0.26155551232281044,114.43026484318936,4,1.2019047796631555,169,nan,nan,2.9713634767986816,3,nan,0,nan,nan,nan
5,0,init,False,21,2.8435732924836863,0.054814348547710924,0.01571460346110452,3.250121738347597,9.042044717524398,4,1.8542263553963083,21,nan,nan,1.8902502288882013,2,nan,0,nan,nan,nan
5,0,init,False,22,1.170997784687522,0.2683567491048022,0.019882166131309054,1.3768428622797704,82.5520169378254,4,1.1535871122095316,135,nan,nan,2.874330430066633,3,nan,0,nan,nan,nan
5,0,init,False,23,0.7465120467117895,0.16213961666173712,0.013972382639547394,0.8452947497740868,67.49268048574271,4,1.1477873774205645,107,nan,nan,2.891183818887826,3,nan,0,nan,nan,nan
5,1,step,False,0,1.1820895330230798,0.025884267996316428,0.04035869583350375,1.3205308493571988,38.90297561919407,4,1.5071678897923484,67,11.17293158946632,16.456088780701318,1.7944674370949696,3,0.2787998897459051,0,1.5361907633867116,1.0,4.896681745276294e-16
5,1,step,False,1,0.26367240428572386,0.8075160749928432,0.07494799512305703,0.3072425566877361,95.84519872031498,4,1.287746448166381,155,33.67709180614857,47.36336676718726,2.9661082912800496,3,0.39170992194266757,0,1.5361907633867116,1.0,4.896681745276294e-16
5,1,step,False,2,1.4340599023864413,0.036280163542424144,0.01699153150942312,1.6834093049777352,55.98291989849718,4,1.3553777963333264,95,16.2232282358807,24.655222482180157,2.711602444278969,3,0.21400575852282636,0,1.5361907633867116,1.0,4.896681745276294e-16
5,1,step,False,3,2.0354935116480677,0.1987067701006711,0.020314455231232265,2.3184592410321887,33.44533630616429,4,1.4575318171354017,57,11.778477256056245,16.32116319251349,2.6335730204745307,3,0.21249669042169678,0,1.5361907633867116,1.0,4.896681745276294e-16
5,1,step,False,4,1.71708545598336,0.06936505894081513,0.019347188955858154,2.0044515479422866,60.11580097272275,4,1.2389011314110931,99,21.634179176079904,29.941043516514128,2.7928086788709896,3,0.25683406565327943,0,1.5361907633867116,1.0,4.896681745276294e-16
5,1,step,False,5,1.1181558309160755,0.0846800609060453,0.03906531465243795,1.2819943906319369,61.19777099850654,4,1.4314713500216605,105,20.09338342682252,27.79327243098916,2.7462921611834212,3,0.2517590631446549,0,1.5361907633867116,1.0,4.896681745276294e-16
5,1,step,False,6,0.6253378024127711,0.4073118949799547,0.032943841339435856,0.7265596507452452,110.0586936588459,4,1.2500789463895183,165,39.19008595268184,52.14454097154675,2.973815696204649,3,0.2499260374137439,0,1.5361907633867116,1.0,4.896681745276294e-16
5,1,step,False,7,1.2089920649223933,0.11831956514682973,0.028153738681211356,1.3945227132042768,67.29482899156545,4,1.355290842554952,115,22.818660679297867,31.59651724682935,2.870026565729044,3,0.2984184467879641,0,1.5361907633867116,1.0,4.896681745276294e-16
5,1,step,False,8,1.9290127460323419,0.021378418938799174,0.013213331779771863,2.1158955569566795,14.016744934235074,4,1.7009976930557105,28,6.000000000142502,8.402144971464958,1.0,1,0.5170332260419096,0,1.5361907633867116,1.0,4.896681745276294e-16
5,1,step,False,9,1.3537456170574012,0.08550459852558273,0.015432508339430596,1.5346146835748673,73.0190906692872,4,1.3651017948003297,121,20.507121797576986,32.0715818384732,2.750285017427781,3,0.2116373050372441,0,1.5361907633867116,1.0,4.896681745276294e-16
5,1,step,False,10,1.0134078727473856,0.2164714507612544,0.028018956511523307,1.1574417233603345,73.13296962220065,4,1.3820441899567106,114,25.0304841296724,34.772517725431705,2.890516043662201,3,0.17039888585257015,0,1.5361907633867116,1.0,4.896681745276294e-16
5,1,step,False,11,2.6010207254251076,0.11110380918088314,0.03715831538128594,3.014936898462396,17.438172763650442,4,1.8152890169892664,36,6.000000000786857,10.061509155140543,2.496812069815267,3,0.3684400595200663,0,1.5361907633867116,1.0,4.896681745276294e-16
5,1,step,False,12,0.847995390281777,0.04926849623312447,0.01433496036693467,0.9769067086070274,99.09670441818193,4,1.2786510227569414,158,36.62482742136224,51.908543908929694,2.9577913647956575,3,0.24949252233848115,0,1.5361907633867116,1.0,4.896681745276294e-16
5,1,step,False,13,1.158477556120006,0.24574722043430594,0.019526607081191263,1.3308456515782385,33.837397863001414,4,1.573040429892719,63,10.120835993986212,13.94226606814005,1.6317218464138068,3,0.37668569442118643,0,1.5361907633867116,1.0,4.896681745276294e-16
5,1,step,False,14,1.6911301854914427,0.4103268212184208,0.03508313966492022,1.9751351480992003,36.99050377418594,4,1.5126754161719986,70,7.82599694807122,12.830351168609024,2.5095391165817675,3,0.3683117513021239,0,1.5361907633867116,1.0,4.896681745276294e-16
5,1,step,False,15,0.9443564653403165,0.19360373843306447,0.03416559167057861,1.1191635330874687,68.61454808951223,4,1.2549233403767515,114,24.546968000354262,33.24617060392652,2.92689581328589,3,0.22777243014101467,0,1.5361907633867116,1.0,4.896681745276294e-16
5,1,step,False,16,1.469340822890217,0.06445045905776173,0.00806312171554514,1.68131783814039,67.84650810599985,4,1.4085137832519536,117,18.534764586363135,28.955810419867785,2.8200202692486878,3,0.26992613861055875,0,1.5361907633867116,1.0,4.896681745276294e-16
5,1,step,False,17,2.426100916153647,0.25293020163625407,0.01875100842011363,2.8244603618533426,30.159664122786523,4,1.3692893234626067,58,6.054047008644099,8.392926223184741,2.2941665286469495,3,0.21573968915940747,0,1.5361907633867116,1.0,4.896681745276294e-16
5,1,step,False,18,1.2113073977099769,0.5284585081877471,0.017528453368804982,1.3319503778010993,34.494677777760245,4,1.4694076471196909,65,10.82602053150082,16.56309678049839,2.726178758066487,3,0.23744351420317425,0,1.5361907633867116,1.0,4.896681745276294e-16
5,1,step,False,19,0.6565585810840902,0.10195524467641037,0.019780697732615458,0.740361755085833,94.9924857091055,4,1.1841976947545165,144,36.96978609357848,53.55873231954947,2.8112607849156763,3,0.3486671471919423,0,1.5361907633867116,1.0,4.896681745276294e-16
5,1,step,False,20,0.22818447607247358,0.9522113053875985,0.11815228373614972,0.26155551232281044,114.43026484318936,4,1.2019047796631555,169,43.83236656690404,62.06222334747862,2.9713634767986816,3,0.391414504626906,0,1.5361907633867116,1.0,4.896681745276294e-16
5,1,step,False,21,2.8435732924836863,0.05281440235963936,0.01571460346110452,3.250121738347597,9.042044717524398,4,1.8542263553963083,21,6.0000000003773195,7.963532480492461,1.8902502288882013,2,0.24169943893710635,0,1.5361907633867116,1.0,4.896681745276294e-16
5,1,step,False,22,1.170997784687522,0.34107726126367705,0.019882166131309054,1.3768428622797704,82.5520169378254,4,1.1535871122095316,135,29.83058501371553,41.32661134980959,2.874330430066633,3,0.2886929050440951,0,1.5361907633867116,1.0,4.896681745276294e-16
5,1,step,False,23,0.7465120467117895,0.23380150143496742,0.013972382639547394,0.8452947497740868,67.49268048574271,4,1.1477873774205645,107,23.706998561935052,32.99485764915649,2.891183818887826,3,0.31830656390690304,0,1.5361907633867116,1.0,4.896681745276294e-16
5,2,step,False,0,1.1820895330230798,0.07425910273861548,0.04035869583350375,1.3205308493571988,38.90297561919407,4,1.5071678897923484,67,10.403678431245435,16.541597211884906,1.7944674370949696,3,0.1645492139842415,0,1.0862509059868828,0.6159498244524002,2.992320827681952e-14
5,2,step,False,1,0.26367240428572386,0.7818884757036506,0.07494799512305703,0.3072425566877361,95.84519872031498,4,1.287746448166381,155,34.76589692104876,51.6653430933239,2.9661082912800496,3,0.3188419909047914,0,1.0862509059868828,0.6159498244524002,2.992320827681952e-14
5,2,step,False,2,1.4340599023864413,0.08592220435912169,0.01699153150942312,1.6834093049777352,55.98291989849718,4,1.3553777963333264,95,16.638982765942657,25.927244606446745,2.711602444278969,3,0.2784929812348222,0,1.0862509059868828,0.6159498244524002,2.992320827681952e-14
5,2,step,False,3,2.0354935116480677,0.09815931044432555,0.020314455231232265,2.3184592410321887,33.44533630616429,4,1.4575318171354017,57,9.511689723010619,13.248943713356931,2.6335730204745307,3,0.24849195453505404,0,1.0862509059868828,0.6159498244524002,2.992320827681952e-14
5,2,step,False,4,1.71708545598336,0.04504416587524915,0.019347188955858154,2.0044515479422866,60.11580097272275,4,1.2389011314110931,99,16.885416923452446,21.742703866948652,2.7928086788709896,3,0.21633180687493933,0,1.0862509059868828,0.6159498244524002,2.992320827681952e-14
5,2,step,False,5,1.1181558309160755,0.030589879654650046,0.03906531465243795,1.2819943906319369,61.19777099850654,4,1.4314713500216605,105,20.88598180912549,27.569927963610933,2.7462921611834212,3,0.16819522260243858,0,1.0862509059868828,0.6159498244524002,2.992320827681952e-14
5,2,step,False,6,0.6253378024127711,0.35760976043739096,0.032943841339435856,0.7265596507452452,110.0586936588459,4,1.2500789463895183,165,42.86109706956175,59.830664193329135,2.973815696204649,3,0.23344158968977652,0,1.0862509059868828,0.6159498244524002,2.992320827681952e-14
5,2,step,False,7,1.2089920649223933,0.07494755086436386,0.028153738681211356,1.3945227132042768,67.29482899156545,4,1.355290842554952,115,23.238285356395128,32.96483817645644,2.870026565729044,3,0.20699880407063473,0,1.0862509059868828,0.6159498244524002,2.992320827681952e-14
5,2,step,False,8,1.9290127460323419,0.020876813311700906,0.013213331779771863,2.1158955569566795,14.016744934235074,4,1.7009976930557105,28,6.0000000001613545,8.364901834431445,1.0,1,0.34852481372236405,0,1.0862509059868828,0.6159498244524002,2.992320827681952e-14
5,2,step,False,9,1.3537456170574012,0.04637929181832852,0.015432508339430596,1.5346146835748673,73.0190906692872,4,1.3651017948003297,121,18.247480403766648,26.477469314130506,2.750285017427781,3,0.16144373741497625,0,1.0862509059868828,0.6159498244524002,2.992320827681952e-14
5,2,step,False,10,1.0134078727473856,0.11703510452171531,0.028018956511523307,1.1574417233603345,73.13296962220065,4,1.3820441899567106,114,27.26596390777338,37.06349132384413,2.890516043662201,3,0.15902128964481416,0,1.0862509059868828,0.6159498244524002,2.992320827681952e-14
5,2,step,False,11,2.6010207254251076,0.05205888000236786,0.03715831538128594,3.014936898462396,17.438172763650442,4,1.8152890169892664,36,6.000000000007757,9.522588121903222,2.496812069815267,3,0.1601778311747717,0,1.0862509059868828,0.6159498244524002,2.992320827681952e-14
5,2,step,False,12,0.847995390281777,0.10772557246995014,0.01433496036693467,0.9769067086070274,99.09670441818193,4,1.2786510227569414,158,38.23690127332599,52.78589456452472,2.9577913647956575,3,0.228672572045903,0,1.0862509059868828,0.6159498244524002,2.992320827681952e-14
5,2,step,False,13,1.158477556120006,0.3097370755284134,0.019526607081191263,1.3308456515782385,33.837397863001414,4,1.573040429892719,63,11.66898105825037,16.735368591904454,1.6317218464138068,3,0.25191772112199134,0,1.0862509059868828,0.6159498244524002,2.992320827681952e-14
5,2,step,False,14,1.6911301854914427,0.36954664414377236,0.03508313966492022,1.9751351480992003,36.99050377418594,4,1.5126754161719986,70,7.185888043327172,10.950699489992902,2.5095391165817675,3,0.15722574798428174,0,1.0862509059868828,0.6159498244524002,2.992320827681952e-14
5,2,step,False,15,0.9443564653403165,0.3022971847334933,0.03416559167057861,1.1191635330874687,68.61454808951223,4,1.2549233403767515,114,25.087401337823902,32.95686715946056,2.92689581328589,3,0.18645863607354757,0,1.0862509059868828,0.6159498244524002,2.992320827681952e-14
5,2,step,False,16,1.469340822890217,0.09091777316724864,0.00806312171554514,1.68131783814039,67.84650810599985,4,1.4085137832519536,117,17.007811879515305,26.419934366806288,2.8200202692486878,3,0.2054162531182572,0,1.0862509059868828,0.6159498244524002,2.992320827681952e-14
5,2,step,False,17,2.426100916153647,0.26849064641258874,0.01875100842011363,2.8244603618533426,30.159664122786523,4,1.3692893234626067,58,6.000000000225116,8.990874341122355,2.2941665286469495,3,0.174080147729778,0,1.0862509059868828,0.6159498244524002,2.992320827681952e-14
5,2,step,False,18,1.2113073977099769,0.3676245604972194,0.017528453368804982,1.3319503778010993,34.494677777760245,4,1.4694076471196909,65,12.219560808791915,17.275062730945567,2.726178758066487,3,0.2058800737990927,0,1.0862509059868828,0.6159498244524002,2.992320827681952e-14
5,2,step,False,19,0.6565585810840902,0.0758176763566612,0.019780697732615458,0.740361755085833,94.9924857091055,4,1.1841976947545165,144,40.01900025766812,57.44206810791294,2.8112607849156763,3,0.27473619346953343,0,1.0862509059868828,0.6159498244524002,2.992320827681952e-14
5,2,step,False,20,0.22818447607247358,0.9646394046487663,0.11815228373614972,0.26155551232281044,114.43026484318936,4,1.2019047796631555,169,42.2668118740301,60.70856369814699,2.9713634767986816,3,0.3187632391756081,0,1.0862509059868828,0.6159498244524002,2.992320827681952e-14
5,2,step,False,21,2.8435732924836863,0.010465550281270292,0.01571460346110452,3.250121738347597,9.042044717524398,4,1.8542263553963083,21,6.000000000188114,8.746296305506059,1.8902502288882013,2,0.2766395985405702,0,1.0862509059868828,0.6159498244524002,2.992320827681952e-14
5,2,step,False,22,1.170997784687522,0.25871566309414695,0.019882166131309054,1.3768428622797704,82.5520169378254,4,1.1535871122095316,135,29.738551571245512,41.889036219286425,2.874330430066633,3,0.21302050177926662,0,1.0862509059868828,0.6159498244524002,2.992320827681952e-14
5,2,step,False,23,0.7465120467117895,0.30507457128787024,0.013972382639547394,0.8452947497740868,67.49268048574271,4,1.1477873774205645,107,24.53770457251319,33.44095205524142,2.891183818887826,3,0.2434756772010884,0,1.0862509059868828,0.6159498244524002,2.992320827681952e-14
5,3,step,False,0,1.1820895330230798,0.12770050577254022,0.04035869583350375,1.3205308493571988,38.90297561919407,4,1.5071678897923484,67,12.1969163569491,19.601539945868566,1.7944674370949696,3,0.08708479756789703,0,0.7680953816933557,0.36398231983184814,2.242131721902293e-14
5,3,step,False,1,0.26367240428572386,0.7065590810890319,0.07494799512305703,0.3072425566877361,95.84519872031498,4,1.287746448166381,155,33.72775303128049,46.69801212819066,2.9661082912800496,3,0.13917925521333196,0,0.7680953816933557,0.36398231983184814,2.242131721902293e-14
5,3,step,False,2,1.4340599023864413,0.054734075297789106,0.01699153150942312,1.6834093049777352,55.98291989849718,4,1.3553777963333264,95,15.373526439264463,20.887972914847527,2.711602444278969,3,0.08597404680368181,0,0.7680953816933557,0.36398231983184814,2.242131721902293e-14
5,3,step,False,3,2.0354935116480677,0.08731303017412166,0.020314455231232265,2.3184592410321887,33.44533630616429,4,1.4575318171354017,57,7.787768966088391,11.215249672520612,2.6335730204745307,3,0.1042366148762637,0,0.7680953816933557,0.36398231983184814,2.242131721902293e-14
5,3,step,False,4,1.71708545598336,0.1528430703436051,0.019347188955858154,2.0044515479422866,60.11580097272275,4,1.2389011314110931,99,14.082957814637473,17.048753636922317,2.7928086788709896,3,0.1219233402001314,0,0.7680953816933557,0.36398231983184814,2.242131721902293e-14
5,3,step,False,5,1.1181558309160755,0.033376887485648356,0.03906531465243795,1.2819943906319369,61.19777099850654,4,1.4314713500216605,105,23.068251698122022,30.994268620127663,2.7462921611834212,3,0.10561719364091557,0,0.7680953816933557,0.36398231983184814,2.242131721902293e-14
5,3,step,False,6,0.6253378024127711,0.35168947540030276,0.032943841339435856,0.7265596507452452,110.0586936588459,4,1.2500789463895183,165,42.76251769646344,57.081346753053914,2.973815696204649,3,0.1244997660938694,0,0.7680953816933557,0.36398231983184814,2.242131721902293e-14
5,3,step,False,7,1.2089920649223933,0.15628172616394959,0.028153738681211356,1.3945227132042768,67.29482899156545,4,1.355290842554952,115,21.29286137706612,28.87330727400841,2.870026565729044,3,0.1455580741168772,0,0.7680953816933557,0.36398231983184814,2.242131721902293e-14
5,3,step,False,8,1.9290127460323419,0.017502099334813868,0.013213331779771863,2.1158955569566795,14.016744934235074,4,1.7009976930557105,28,6.000000000323514,8.361361625186023,1.0,1,0.3521748883973708,0,0.7680953816933557,0.36398231983184814,2.242131721902293e-14
5,3,step,False,9,1.3537456170574012,0.018284776543881918,0.015432508339430596,1.5346146835748673,73.0190906692872,4,1.3651017948003297,121,18.796501989654057,25.49274954779601,2.750285017427781,3,0.09746204339516452,0,0.7680953816933557,0.36398231983184814,2.242131721902293e-14
5,3,step,False,10,1.0134078727473856,0.18036384834334987,0.028018956511523307,1.1574417233603345,73.13296962220065,4,1.3820441899567106,114,30.966171887238744,41.493471476530594,2.890516043662201,3,0.11479322993258963,0,0.7680953816933557,0.36398231983184814,2.242131721902293e-14
5,3,step,False,11,2.6010207254251076,0.03818462241003055,0.03715831538128594,3.014936898462396,17.438172763650442,4,1.8152890169892664,36,6.000000000247467,8.143316158326291,2.496812069815267,3,0.18320405128438594,0,0.7680953816933557,0.36398231983184814,2.242131721902293e-14
5,3,step,False,12,0.847995390281777,0.1449709542855986,0.01433496036693467,0.9769067086070274,99.09670441818193,4,1.2786510227569414,158,40.384936336069494,53.001952579401184,2.9577913647956575,3,0.12030734663382396,0,0.7680953816933557,0.36398231983184814,2.242131721902293e-14
5,3,step,False,13,1.158477556120006,0.28635537403608036,0.019526607081191263,1.3308456515782385,33.837397863001414,4,1.573040429892719,63,13.523925226749528,17.96023440577043,1.6317218464138068,3,0.09980156209875252,0,0.7680953816933557,0.36398231983184814,2.242131721902293e-14
5,3,step,False,14,1.6911301854914427,0.34809261514228035,0.03508313966492022,1.9751351480992003,36.99050377418594,4,1.5126754161719986,70,7.612684342369155,11.111161555623239,2.5095391165817675,3,0.17304142348201954,0,0.7680953816933557,0.36398231983184814,2.242131721902293e-14
5,3,step,False,15,0.9443564653403165,0.45171253868856565,0.03416559167057861,1.1191635330874687,68.61454808951223,4,1.2549233403767515,114,24.76721490556948,32.095712310688654,2.92689581328589,3,0.12099268315680148,0,0.7680953816933557,0.36398231983184814,2.242131721902293e-14
5,3,step,False,16,1.469340822890217,0.07307822097933832,0.00806312171554514,1.68131783814039,67.84650810599985,4,1.4085137832519536,117,17.426852464858257,25.44661824861802,2.8200202692486878,3,0.16721149055357099,0,0.7680953816933557,0.36398231983184814,2.242131721902293e-14
5,3,step,False,17,2.426100916153647,0.07012158799134045,0.01875100842011363,2.8244603618533426,30.159664122786523,4,1.3692893234626067,58,6.000000000127098,8.136086961773062,2.2941665286469495,3,0.15035508220838628,0,0.7680953816933557,0.36398231983184814,2.242131721902293e-14
5,3,step,False,18,1.2113073977099769,0.19037264193775968,0.017528453368804982,1.3319503778010993,34.494677777760245,4,1.4694076471196909,65,11.26368581951973,16.479435025286843,2.726178758066487,3,0.1273108649175486,0,0.7680953816933557,0.36398231983184814,2.242131721902293e-14
5,3,step,False,19,0.6565585810840902,0.06581759857817221,0.019780697732615458,0.740361755085833,94.9924857091055,4,1.1841976947545165,144,40.18534299142047,52.60387673962957,2.8112607849156763,3,0.09267289977031706,0,0.7680953816933557,0.36398231983184814,2.242131721902293e-14
5,3,step,False,20,0.22818447607247358,0.9887112887146738,0.11815228373614972,0.26155551232281044,114.43026484318936,4,1.2019047796631555,169,40.62450954804506,55.27854590075008,2.9713634767986816,3,0.1390613109030125,0,0.7680953816933557,0.36398231983184814,2.242131721902293e-14
5,3,step,False,21,2.8435732924836863,0.09090365404262966,0.01571460346110452,3.250121738347597,9.042044717524398,4,1.8542263553963083,21,6.000000000015059,8.449177817102823,1.8902502288882013,2,0.12504186881416857,0,0.7680953816933557,0.36398231983184814,2.242131721902293e-14
5,3,step,False,22,1.170997784687522,0.11640900690769485,0.019882166131309054,1.3768428622797704,82.5520169378254,4,1.1535871122095316,135,28.370605047564677,38.419447510825215,2.874330430066633,3,0.1226987651521307,0,0.7680953816933557,0.36398231983184814,2.242131721902293e-14
5,3,step,False,23,0.7465120467117895,0.09583353848383186,0.013972382639547394,0.8452947497740868,67.49268048574271,4,1.1477873774205645,107,26.71471440869162,36.755416675223145,2.891183818887826,3,0.1084757436101055,0,0.7680953816933557,0.36398231983184814,2.242131721902293e-14
6,0,init,False,0,2.54098135741418,0.3064759787699837,0.015320729395109341,2.3637741207362293,17.46057952630617,4,1.27484943904016,33,nan,nan,1.5707688609171744,3,nan,0,nan,nan,nan
6,0,init,False,1,0.7412300966119058,0.5766334546071207,0.07058018608844666,0.6843285538499039,58.75002316755938,4,1.3885988138108036,102,nan,nan,2.8528901645728966,3,nan,0,nan,nan,nan
6,0,init,False,2,0.2768699161868602,0.24450954174530098,0.10832935133554265,0.24468676027889116,59.861531152866775,4,1.334131016019222,107,nan,nan,2.6044260793267258,3,nan,0,nan,nan,nan
6,0,init,False,3,0.49089716394589106,0.34921564828044066,0.10349714730472429,0.45871747085832765,84.03306920488411,4,1.2510632781073787,137,nan,nan,2.8591538498433904,3,nan,0,nan,nan,nan
6,0,init,False,4,0.9705931967434145,0.10567839959259141,0.08819105996785742,0.9702866452597904,19.762615612563682,4,1.2898079726077678,47,nan,nan,1.7722303826509713,3,nan,0,nan,nan,nan
6,0,init,False,5,1.595701416217555,0.09203692891442208,0.01065791766452151,1.405786602795302,75.81195041346109,4,1.48316733780218,126,nan,nan,2.9072160198006967,3,nan,0,nan,nan,nan
6,0,init,False,6,1.5853100652539636,0.13767099877651703,0.04436274073633369,1.3937637290187503,53.4790893985892,4,1.3239819964929083,95,nan,nan,2.829226727420198,3,nan,0,nan,nan,nan
6,0,init,False,7,0.4018957436714012,0.9075389326523061,0.1058086142214447,0.35215020274926095,96.64326979807032,4,1.184094946286352,153,nan,nan,2.699463160064144,3,nan,0,nan,nan,nan
6,0,init,False,8,1.2700049529393447,0.041546518476706935,0.044563710685264595,1.1836435805148768,42.525822798838774,4,1.3911741521780545,73,nan,nan,2.7115182103451887,3,nan,0,nan,nan,nan
6,0,init,False,9,1.396706319763929,0.25349949699741364,0.03422635824013829,1.2891901406218151,71.97134862060662,4,1.170680791268743,118,nan,nan,2.7470720283530836,3,nan,0,nan,nan,nan
6,0,init,False,10,0.7169159324718162,0.2779413516393098,0.054103095329956545,0.6367383662227563,115.49336898557972,4,1.2014671291458443,171,nan,nan,2.922415914119179,3,nan,0,nan,nan,nan
6,0,init,False,11,2.103429569382233,0.2499729257207911,0.0192103858889299,1.9404298215078988,48.80161383275155,4,1.3789303085189457,88,nan,nan,2.530896421448176,3,nan,0,nan,nan,nan
6,0,init,False,12,1.470954417908997,0.239612326206653,0.015243876655506354,1.372827832688137,75.62404581090895,4,1.283627964475052,117,nan,nan,2.841447203481652,3,nan,0,nan,nan,nan
6,0,init,False,13,1.388642514644572,0.17387888374690427,0.02267692948376409,1.2478230804163029,40.89857424422631,4,1.2771140316097331,72,nan,nan,2.5704773938298127,3,nan,0,nan,nan,nan
6,0,init,False,14,3.7373453800473535,0.03871209607934399,0.0463937225010641,3.4508984313276803,2.7073364238549575,4,4.564046198290462,8,nan,nan,1.0780156009349202,2,nan,0,nan,nan,nan
6,0,init,False,15,0.40616906286920945,0.6779430900364312,0.06851590767746317,0.3950157774935046,50.47056557527236,4,1.434244672769924,91,nan,nan,2.723038829114603,3,nan,0,nan,nan,nan
6,0,init,False,16,0.3890029855377656,0.9750333333340843,0.07025275725362354,0.36204287663122314,122.0736781920817,4,1.2172174899420798,178,nan,nan,2.87333198910624,3,nan,0,nan,nan,nan
6,0,init,False,17,2.1699025667912704,0.21398487838882785,0.014502617829019116,2.050049184221096,36.98537468571456,4,1.4482690910673952,70,nan,nan,2.5842589120237793,3,nan,0,nan,nan,nan
6,0,init,False,18,2.1977118582756474,0.053075212631414875,0.039128259861931074,2.0274259181858993,16.87004217402684,4,1.443738741870929,33,nan,nan,1.5765211707915592,2,nan,0,nan,nan,nan
6,0,init,False,19,0.8905675226758757,0.5895470294494695,0.02311299486844127,0.821050791540688,79.6001769273492,4,1.2791646380629778,128,nan,nan,2.8438891299032116,3,nan,0,nan,nan,nan
6,0,init,False,20,1.1310230282852698,0.01901128316947402,0.03882455321479261,1.0356074150649899,74.3621311687393,4,1.4697135649056174,122,nan,nan,2.933575942720432,3,nan,0,nan,nan,nan
6,0,init,False,21,2.0401207972277002,0.2061491822754166,0.02168903215514802,1.818174150113528,56.20392719180741,4,1.334272943232875,93,nan,nan,2.7774650025098535,3,nan,0,nan,nan,nan
6,0,init,False,22,0.9210253947734512,0.34902231444682486,0.050093387650265116,0.8228518287175302,64.23113255828872,4,1.2918368917104768,104,nan,nan,2.866914103161619,3,nan,0,nan,nan,nan
6,0,init,False,23,1.5776915231880368,0.3760446431327992,0.024253932312113608,1.4349014453941045,75.37873253565283,4,1.217459543327222,119,nan,nan,2.6824898109979403,3,nan,0,nan,nan,nan
6,1,step,False,0,2.54098135741418,0.5465928665336112,0.015320729395109341,2.3637741207362293,17.46057952630617,4,1.27484943904016,33,6.000000000234156,8.247804774044706,1.5707688609171744,3,0.1576274890558424,0,1.6273409581129943,1.0,5.686852462702052e-16
6,1,step,False,1,0.7412300966119058,0.6128851563178352,0.07058018608844666,0.6843285538499039,58.75002316755938,4,1.3885988138108036,102,15.36275977580894,21.212459869668514,2.8528901645728966,3,0.34711083635537304,0,1.6273409581129943,1.0,5.686852462702052e-16
6,1,step,False,2,0.2768699161868602,0.3076862978647978,0.10832935133554265,0.24468676027889116,59.861531152866775,4,1.334131016019222,107,16.83259370480924,24.677812307732694,2.6044260793267258,3,0.34236051666905926,0,1.6273409581129943,1.0,5.686852462702052e-16
6,1,step,False,3,0.49089716394589106,0.5615174904742152,0.10349714730472429,0.45871747085832765,84.03306920488411,4,1.2510632781073787,137,26.58959450332477,36.08096288938939,2.8591538498433904,3,0.4239214124693053,0,1.6273409581129943,1.0,5.686852462702052e-16
6,1,step,False,4,0.9705931967434145,0.19222102813166758,0.08819105996785742,0.9702866452597904,19.762615612563682,4,1.2898079726077678,47,6.000000000481441,7.999597581940898,1.7722303826509713,3,0.31958864471115433,0,1.6273409581129943,1.0,5.686852462702052e-16
6,1,step,False,5,1.595701416217555,0.16287900838643213,0.01065791766452151,1.405786602795302,75.81195041346109,4,1.48316733780218,126,23.96852315630904,33.80458412771796,2.9072160198006967,3,0.22718487324605205,0,1.6273409581129943,1.0,5.686852462702052e-16
6,1,step,False,6,1.5853100652539636,0.39624692546940854,0.04436274073633369,1.3937637290187503,53.4790893985892,4,1.3239819964929083,95,13.618710527794772,19.98800139924261,2.829226727420198,3,0.24536460510881175,0,1.6273409581129943,1.0,5.686852462702052e-16
6,1,step,False,7,0.4018957436714012,0.7801638617927346,0.1058086142214447,0.35215020274926095,96.64326979807032,4,1.184094946286352,153,35.1861851967134,46.97883811133255,2.699463160064144,3,0.31902876374872474,0,1.6273409581129943,1.0,5.686852462702052e-16
6,1,step,False,8,1.2700049529393447,0.1726711635264348,0.044563710685264595,1.1836435805148768,42.525822798838774,4,1.3911741521780545,73,12.732039682213614,20.480168688471355,2.7115182103451887,3,0.4119695267279435,0,1.6273409581129943,1.0,5.686852462702052e-16
6,1,step,False,9,1.396706319763929,0.3665431036182602,0.03422635824013829,1.2891901406218151,71.97134862060662,4,1.170680791268743,118,25.155465580470995,33.63605214959357,2.7470720283530836,3,0.2748911678804383,0,1.6273409581129943,1.0,5.686852462702052e-16
6,1,step,False,10,0.7169159324718162,0.052188887917550844,0.054103095329956545,0.6367383662227563,115.49336898557972,4,1.2014671291458443,171,49.35571960074817,67.07116552927494,2.922415914119179,3,0.3295438383252037,0,1.6273409581129943,1.0,5.686852462702052e-16
6,1,step,False,11,2.103429569382233,0.4754143702645596,0.0192103858889299,1.9404298215078988,48.80161383275155,4,1.3789303085189457,88,14.519322894768052,19.3033197375298,2.530896421448176,3,0.27204389250502253,0,1.6273409581129943,1.0,5.686852462702052e-16
6,1,step,False,12,1.470954417908997,0.1435251234496506,0.015243876655506354,1.372827832688137,75.62404581090895,4,1.283627964475052,117,25.79336491686083,38.79039582110543,2.841447203481652,3,0.34457536786997056,0,1.6273409581129943,1.0,5.686852462702052e-16
6,1,step,False,13,1.388642514644572,0.13580849567688452,0.02267692948376409,1.2478230804163029,40.89857424422631,4,1.2771140316097331,72,10.016672991582903,13.1215986348465,2.5704773938298127,3,0.2948523219833361,0,1.6273409581129943,1.0,5.686852462702052e-16
6,1,step,False,14,3.7373453800473535,0.03377985936050707,0.0463937225010641,3.4508984313276803,2.7073364238549575,4,4.564046198290462,8,6.000000000282098,10.874938683933525,1.0780156009349202,2,0.280345390732186,0,1.6273409581129943,1.0,5.686852462702052e-16
6,1,step,False,15,0.40616906286920945,0.7258104700781929,0.06851590767746317,0.3950157774935046,50.47056557527236,4,1.434244672769924,91,12.403690647773246,18.229232119301496,2.723038829114603,3,0.33651829215808576,0,1.6273409581129943,1.0,5.686852462702052e-16
6,1,step,False,16,0.3890029855377656,0.8842634462086812,0.07025275725362354,0.36204287663122314,122.0736781920817,4,1.2172174899420798,178,48.173609060085724,69.33492169693001,2.87333198910624,3,0.4309374574869119,0,1.6273409581129943,1.0,5.686852462702052e-16
6,1,step,False,17,2.1699025667912704,0.43889181241002256,0.014502617829019116,2.050049184221096,36.98537468571456,4,1.4482690910673952,70,8.755496127665829,12.896568378973392,2.5842589120237793,3,0.29415823182316514,0,1.6273409581129943,1.0,5.686852462702052e-16
6,1,step,False,18,2.1977118582756474,0.2052394079238265,0.039128259861931074,2.0274259181858993,16.87004217402684,4,1.443738741870929,33,6.000000000251383,7.644120775784168,1.5765211707915592,2,0.3139656669482799,0,1.6273409581129943,1.0,5.686852462702052e-16
6,1,step,False,19,0.8905675226758757,0.5115844441152899,0.02311299486844127,0.821050791540688,79.6001769273492,4,1.2791646380629778,128,30.213062681903562,42.1425408445288,2.8438891299032116,3,0.2125563514703025,0,1.6273409581129943,1.0,5.686852462702052e-16
6,1,step,False,20,1.1310230282852698,0.09039738884024327,0.03882455321479261,1.0356074150649899,74.3621311687393,4,1.4697135649056174,122,25.350055972965464,34.337063368970774,2.933575942720432,3,0.22748204596628407,0,1.6273409581129943,1.0,5.686852462702052e-16
6,1,step,False,21,2.0401207972277002,0.1811421940462244,0.02168903215514802,1.818174150113528,56.20392719180741,4,1.334272943232875,93,17.60425583224027,23.710192275256475,2.7774650025098535,3,0.2765106350271306,0,1.6273409581129943,1.0,5.686852462702052e-16
6,1,step,False,22,0.9210253947734512,0.37649320539873216,0.050093387650265116,0.8228518287175302,64.23113255828872,4,1.2918368917104768,104,23.935624294868877,31.737084635556386,2.866914103161619,3,0.37458163926674043,0,1.6273409581129943,1.0,5.686852462702052e-16
6,1,step,False,23,1.5776915231880368,0.47465298689632096,0.024253932312113608,1.4349014453941045,75.37873253565283,4,1.217459543327222,119,29.76694276056097,41.88065224055272,2.6824898109979403,3,0.29119862385153233,0,1.6273409581129943,1.0,5.686852462702052e-16
6,2,step,False,0,2.54098135741418,0.15167652441913673,0.015320729395109341,2.3637741207362293,17.46057952630617,4,1.27484943904016,33,6.000000000264646,8.470083745723944,1.5707688609171744,3,0.23973611627315447,0,1.1507038267843115,0.6176709681749344,1.4401313993574857e-15
6,2,step,False,1,0.7412300966119058,0.3747290649984516,0.07058018608844666,0.6843285538499039,58.75002316755938,4,1.3885988138108036,102,17.135288243676413,24.262308748144182,2.8528901645728966,3,0.21349574040009886,0,1.1507038267843115,0.6176709681749344,1.4401313993574857e-15
6,2,step,False,2,0.2768699161868602,0.3592531648524315,0.10832935133554265,0.24468676027889116,59.861531152866775,4,1.334131016019222,107,19.388109050914462,27.75853261211788,2.6044260793267258,3,0.18287944923840602,0,1.1507038267843115,0.6176709681749344,1.4401313993574857e-15
6,2,step,False,3,0.49089716394589106,0.566614494906996,0.10349714730472429,0.45871747085832765,84.03306920488411,4,1.2510632781073787,137,27.091701709191117,36.928761163624166,2.8591538498433904,3,0.2799843487129308,0,1.1507038267843115,0.6176709681749344,1.4401313993574857e-15
6,2,step,False,4,0.9705931967434145,0.2313687418349712,0.08819105996785742,0.9702866452597904,19.762615612563682,4,1.2898079726077678,47,6.000000000503802,8.536911964712045,1.7722303826509713,3,0.1846470211402681,0,1.1507038267843115,0.6176709681749344,1.4401313993574857e-15
6,2,step,False,5,1.595701416217555,0.2640044760188701,0.01065791766452151,1.405786602795302,75.81195041346109,4,1.48316733780218,126,21.118068952918286,28.25014937642588,2.9072160198006967,3,0.1816196836096589,0,1.1507038267843115,0.6176709681749344,1.4401313993574857e-15
6,2,step,False,6,1.5853100652539636,0.49599154354266656,0.04436274073633369,1.3937637290187503,53.4790893985892,4,1.3239819964929083,95,15.992370533691894,22.281184944986588,2.829226727420198,3,0.14056253161036675,0,1.1507038267843115,0.6176709681749344,1.4401313993574857e-15
6,2,step,False,7,0.4018957436714012,0.5814358584227242,0.1058086142214447,0.35215020274926095,96.64326979807032,4,1.184094946286352,153,37.44306527050016,49.486248013792256,2.699463160064144,3,0.2771034512171931,0,1.1507038267843115,0.6176709681749344,1.4401313993574857e-15
6,2,step,False,8,1.2700049529393447,0.1663085029298636,0.044563710685264595,1.1836435805148768,42.525822798838774,4,1.3911741521780545,73,13.934200047548694,21.73731272652346,2.7115182103451887,3,0.2135850035393221,0,1.1507038267843115,0.6176709681749344,1.4401313993574857e-15
6,2,step,False,9,1.396706319763929,0.2392417916136138,0.03422635824013829,1.2891901406218151,71.97134862060662,4,1.170680791268743,118,24.94935980363381,33.38642453461511,2.7470720283530836,3,0.23167696976547217,0,1.1507038267843115,0.6176709681749344,1.4401313993574857e-15
6,2,step,False,10,0.7169159324718162,0.08983659086995077,0.054103095329956545,0.6367383662227563,115.49336898557972,4,1.2014671291458443,171,47.48420683493012,63.40831286486085,2.922415914119179,3,0.23565746958394615,0,1.1507038267843115,0.6176709681749344,1.4401313993574857e-15
6,2,step,False,11,2.103429569382233,0.5281970595247352,0.0192103858889299,1.9404298215078988,48.80161383275155,4,1.3789303085189457,88,13.100654411210138,17.059209044271434,2.530896421448176,3,0.13194123625091628,0,1.1507038267843115,0.6176709681749344,1.4401313993574857e-15
6,2,step,False,12,1.470954417908997,0.08536891787482712,0.015243876655506354,1.372827832688137,75.62404581090895,4,1.283627964475052,117,26.25212949511813,38.46043077402349,2.841447203481652,3,0.18188344030139275,0,1.1507038267843115,0.6176709681749344,1.4401313993574857e-15
6,2,step,False,13,1.388642514644572,0.06577917639233297,0.02267692948376409,1.2478230804163029,40.89857424422631,4,1.2771140316097331,72,10.885005958193435,14.560029527374944,2.5704773938298127,3,0.15551868597260995,0,1.1507038267843115,0.6176709681749344,1.4401313993574857e-15
6,2,step,False,14,3.7373453800473535,0.04442618775685427,0.0463937225010641,3.4508984313276803,2.7073364238549575,4,4.564046198290462,8,6.000000001597742,10.460649345876972,1.0780156009349202,2,0.24506636835499407,0,1.1507038267843115,0.6176709681749344,1.4401313993574857e-15
6,2,step,False,15,0.40616906286920945,0.4764578285706349,0.06851590767746317,0.3950157774935046,50.47056557527236,4,1.434244672769924,91,13.609979169864559,22.016605175623365,2.723038829114603,3,0.21900995210258178,0,1.1507038267843115,0.6176709681749344,1.4401313993574857e-15
6,2,step,False,16,0.3890029855377656,0.8317069998920813,0.07025275725362354,0.36204287663122314,122.0736781920817,4,1.2172174899420798,178,48.89396556330342,68.14882300657604,2.87333198910624,3,0.27190615876037916,0,1.1507038267843115,0.6176709681749344,1.4401313993574857e-15
6,2,step,False,17,2.1699025667912704,0.30420238098191726,0.014502617829019116,2.050049184221096,36.98537468571456,4,1.4482690910673952,70,8.70091167173578,11.9184915617035,2.5842589120237793,3,0.1293594290847467,0,1.1507038267843115,0.6176709681749344,1.4401313993574857e-15
6,2,step,False,18,2.1977118582756474,0.102131347918622,0.039128259861931074,2.0274259181858993,16.87004217402684,4,1.443738741870929,33,6.000000000608111,7.547204308163522,1.5765211707915592,2,0.2152622004086503,0,1.1507038267843115,0.6176709681749344,1.4401313993574857e-15
6,2,step,False,19,0.8905675226758757,0.12919892921490062,0.02311299486844127,0.821050791540688,79.6001769273492,4,1.2791646380629778,128,30.143249381186987,42.211167579363114,2.8438891299032116,3,0.2336618721296838,0,1.1507038267843115,0.6176709681749344,1.4401313993574857e-15
6,2,step,False,20,1.1310230282852698,0.18687491044838506,0.03882455321479261,1.0356074150649899,74.3621311687393,4,1.4697135649056174,122,25.238929030100106,33.682792506520464,2.933575942720432,3,0.1819645417842276,0,1.1507038267843115,0.6176709681749344,1.4401313993574857e-15
6,2,step,False,21,2.0401207972277002,0.21971437760142895,0.02168903215514802,1.818174150113528,56.20392719180741,4,1.334272943232875,93,14.070231811870284,18.82371710935848,2.7774650025098535,3,0.23532166493285964,0,1.1507038267843115,0.6176709681749344,1.4401313993574857e-15
6,2,step,False,22,0.9210253947734512,0.4752650266928672,0.050093387650265116,0.8228518287175302,64.23113255828872,4,1.2918368917104768,104,24.24888520062593,31.85616738538912,2.866914103161619,3,0.203746529048244,0,1.1507038267843115,0.6176709681749344,1.4401313993574857e-15
6,2,step,False,23,1.5776915231880368,0.32621685910180326,0.024253932312113608,1.4349014453941045,75.37873253565283,4,1.217459543327222,119,26.98699314039511,36.651906651453345,2.6824898109979403,3,0.16808078629119297,0,1.1507038267843115,0.6176709681749344,1.4401313993574857e-15
6,3,step,False,0,2.54098135741418,0.09433018313476849,0.015320729395109341,2.3637741207362293,17.46057952630617,4,1.27484943904016,33,6.000000000113992,7.371674815322561,1.5707688609171744,3,0.31756605271850646,0,0.8136704790564969,0.3703453242778778,1.0079389048672037e-14
6,3,step,False,1,0.7412300966119058,0.9877073193884154,0.07058018608844666,0.6843285538499039,58.75002316755938,4,1.3885988138108036,102,17.870096803459685,24.313935879364074,2.8528901645728966,3,0.09859947553995464,0,0.8136704790564969,0.3703453242778778,1.0079389048672037e-14
6,3,step,False,2,0.2768699161868602,0.15647677624599363,0.10832935133554265,0.24468676027889116,59.861531152866775,4,1.334131016019222,107,22.245068298376246,30.254050151792743,2.6044260793267258,3,0.13789875882595407,0,0.8136704790564969,0.3703453242778778,1.0079389048672037e-14
6,3,step,False,3,0.49089716394589106,0.865457391693348,0.10349714730472429,0.45871747085832765,84.03306920488411,4,1.2510632781073787,137,27.782122572852398,38.07925068959702,2.8591538498433904,3,0.10994731689090999,0,0.8136704790564969,0.3703453242778778,1.0079389048672037e-14
6,3,step,False,4,0.9705931967434145,0.18515046461314702,0.08819105996785742,0.9702866452597904,19.762615612563682,4,1.2898079726077678,47,6.000000000245036,8.90462637355118,1.7722303826509713,3,0.07200495991549821,0,0.8136704790564969,0.3703453242778778,1.0079389048672037e-14
6,3,step,False,5,1.595701416217555,0.09237959362032813,0.01065791766452151,1.405786602795302,75.81195041346109,4,1.48316733780218,126,21.066555800628784,28.210624325994313,2.9072160198006967,3,0.09525828511694687,0,0.8136704790564969,0.3703453242778778,1.0079389048672037e-14
6,3,step,False,6,1.5853100652539636,0.4866714774419004,0.04436274073633369,1.3937637290187503,53.4790893985892,4,1.3239819964929083,95,17.12499599823208,22.843334660727326,2.829226727420198,3,0.14399854954608513,0,0.8136704790564969,0.3703453242778778,1.0079389048672037e-14
6,3,step,False,7,0.4018957436714012,0.7826876286811512,0.1058086142214447,0.35215020274926095,96.64326979807032,4,1.184094946286352,153,39.14147442092517,50.62285034451563,2.699463160064144,3,0.18878659986270313,0,0.8136704790564969,0.3703453242778778,1.0079389048672037e-14
6,3,step,False,8,1.2700049529393447,0.2020168406491743,0.044563710685264595,1.1836435805148768,42.525822798838774,4,1.3911741521780545,73,13.891395943395056,19.75242474973973,2.7115182103451887,3,0.1450498744003302,0,0.8136704790564969,0.3703453242778778,1.0079389048672037e-14
6,3,step,False,9,1.396706319763929,0.28217931839879956,0.03422635824013829,1.2891901406218151,71.97134862060662,4,1.170680791268743,118,25.104074972832514,34.57039587072167,2.7470720283530836,3,0.11478360725976555,0,0.8136704790564969,0.3703453242778778,1.0079389048672037e-14
6,3,step,False,10,0.7169159324718162,0.31059108300549454,0.054103095329956545,0.6367383662227563,115.49336898557972,4,1.2014671291458443,171,42.659824283512954,54.66950570804067,2.922415914119179,3,0.18392356352505035,0,0.8136704790564969,0.3703453242778778,1.0079389048672037e-14
6,3,step,False,11,2.103429569382233,0.3262564253255924,0.0192103858889299,1.9404298215078988,48.80161383275155,4,1.3789303085189457,88,13.825526842145404,17.764891236878523,2.530896421448176,3,0.11673457870372661,0,0.8136704790564969,0.3703453242778778,1.0079389048672037e-14
6,3,step,False,12,1.470954417908997,0.10339712987514094,0.015243876655506354,1.372827832688137,75.62404581090895,4,1.283627964475052,117,25.91661156619812,34.9107227666471,2.841447203481652,3,0.12644429764334156,0,0.8136704790564969,0.3703453242778778,1.0079389048672037e-14
6,3,step,False,13,1.388642514644572,0.11459868898020595,0.02267692948376409,1.2478230804163029,40.89857424422631,4,1.2771140316097331,72,14.104277728567968,18.730154241774553,2.5704773938298127,3,0.09011996337270389,0,0.8136704790564969,0.3703453242778778,1.0079389048672037e-14
6,3,step,False,14,3.7373453800473535,0.05054872941693949,0.0463937225010641,3.4508984313276803,2.7073364238549575,4,4.564046198290462,8,6.000000000987543,10.10492005197548,1.0780156009349202,2,0.11241027087044086,0,0.8136704790564969,0.3703453242778778,1.0079389048672037e-14
6,3,step,False,15,0.40616906286920945,0.8873454391675343,0.06851590767746317,0.3950157774935046,50.47056557527236,4,1.434244672769924,91,15.745747314217283,23.79212493007047,2.723038829114603,3,0.09084487630457751,0,0.8136704790564969,0.3703453242778778,1.0079389048672037e-14
6,3,step,False,16,0.3890029855377656,0.6901483234182689,0.07025275725362354,0.36204287663122314,122.0736781920817,4,1.2172174899420798,178,47.599534817495254,63.36277002084235,2.87333198910624,3,0.14584986989634244,0,0.8136704790564969,0.3703453242778778,1.0079389048672037e-14
6,3,step,False,17,2.1699025667912704,0.19916402634790484,0.014502617829019116,2.050049184221096,36.98537468571456,4,1.4482690910673952,70,8.490226479606564,10.791618607958267,2.5842589120237793,3,0.11784917651153182,0,0.8136704790564969,0.3703453242778778,1.0079389048672037e-14
6,3,step,False,18,2.1977118582756474,0.2994784205880859,0.039128259861931074,2.0274259181858993,16.87004217402684,4,1.443738741870929,33,6.000000000016689,6.992604857384587,1.5765211707915592,2,0.14023163911240077,0,0.8136704790564969,0.3703453242778778,1.0079389048672037e-14
6,3,step,False,19,0.8905675226758757,0.029262725845041707,0.02311299486844127,0.821050791540688,79.6001769273492,4,1.2791646380629778,128,28.202949777429136,37.564503945950655,2.8438891299032116,3,0.13913725418056255,0,0.8136704790564969,0.3703453242778778,1.0079389048672037e-14
6,3,step,False,20,1.1310230282852698,0.030973494887024892,0.03882455321479261,1.0356074150649899,74.3621311687393,4,1.4697135649056174,122,25.73932670126112,34.756474197609805,2.933575942720432,3,0.0955009537561471,0,0.8136704790564969,0.3703453242778778,1.0079389048672037e-14
6,3,step,False,21,2.0401207972277002,0.17885440607594827,0.02168903215514802,1.818174150113528,56.20392719180741,4,1.334272943232875,93,11.3786013997616,15.506032264198147,2.7774650025098535,3,0.11316476890981023,0,0.8136704790564969,0.3703453242778778,1.0079389048672037e-14
6,3,step,False,22,0.9210253947734512,0.2141849239614078,0.050093387650265116,0.8228518287175302,64.23113255828872,4,1.2918368917104768,104,24.1280720307794,32.14432170993715,2.866914103161619,3,0.15541031294520802,0,0.8136704790564969,0.3703453242778778,1.0079389048672037e-14
6,3,step,False,23,1.5776915231880368,0.021836277769977073,0.024253932312113608,1.4349014453941045,75.37873253565283,4,1.217459543327222,119,23.055404712911653,29.604473482827448,2.6824898109979403,3,0.09663649765639257,0,0.8136704790564969,0.3703453242778778,1.0079389048672037e-14
7,0,init,False,0,1.695893548209062,0.014462905243088122,0.013128328625726373,1.6555952653288502,53.465993280249634,4,1.2472880042483732,97,nan,nan,2.556157788849405,3,nan,0,nan,nan,nan
7,0,init,False,1,2.2857085843603824,0.09671146536244367,0.012027185716751067,2.181452054203725,33.80790741579857,4,1.3955810576463779,68,nan,nan,2.593154622214722,3,nan,0,nan,nan,nan
7,0,init,False,2,0.7496180157712998,0.1575612058029895,0.056073568821139445,0.6868357800926292,102.02524851658946,4,1.2462523477289515,158,nan,nan,2.964268663028953,3,nan,0,nan,nan,nan
7,0,init,False,3,0.7321385464267546,0.6920504239328514,0.031234763745675537,0.7022290120227177,78.43110798093267,4,1.266839737976448,118,nan,nan,2.9377763937735804,3,nan,0,nan,nan,nan
7,0,init,False,4,1.3432311769705663,0.15254363329147402,0.020085912958466134,1.3057810656001516,75.99552897688298,4,1.1526094094761743,130,nan,nan,2.92251128209318,3,nan,0,nan,nan,nan
7,0,init,False,5,2.5599472376981836,0.23156000360457712,0.01761314655891115,2.501915044370246,24.62584607685912,4,1.7856351223096008,46,nan,nan,2.6574692110926144,3,nan,0,nan,nan,nan
7,0,init,False,6,2.5719546876022785,0.17355251517036394,0.02238448248182506,2.418392862856482,25.886473484609475,4,1.3148413721217607,49,nan,nan,2.844568249021738,3,nan,0,nan,nan,nan
7,0,init,False,7,0.5562056173718655,0.057894352755517194,0.020824990095516496,0.5299448386310659,109.16931197286914,4,1.204066454109447,169,nan,nan,2.9419207028833205,3,nan,0,nan,nan,nan
7,0,init,False,8,0.18965584778829725,0.9611506241846575,0.14865668406475172,0.18190543715241161,78.52859213405438,4,1.3153045139270814,121,nan,nan,2.8783232477147616,3,nan,0,nan,nan,nan
7,0,init,False,9,1.7902645027757145,0.06695187942505781,0.014371289497127644,1.7013321405379425,30.051260915893067,4,1.5234981204062745,62,nan,nan,1.965315136448519,2,nan,0,nan,nan,nan
7,0,init,False,10,1.8688287133032908,0.13974932745645616,0.04308378255342768,1.7635689087622057,13.875457717056847,4,1.5335676978780175,32,nan,nan,1.7510751662640738,3,nan,0,nan,nan,nan
7,0,init,False,11,1.798904448533471,0.2433060155519616,0.05941074699289612,1.7967163228032568,22.526533495044212,4,1.4991487356783237,45,nan,nan,2.1093531614939183,3,nan,0,nan,nan,nan
7,0,init,False,12,1.656085565633077,0.2130266790513822,0.0079854355418638,1.6283476729357749,66.52874753848387,4,1.4668885675408487,111,nan,nan,2.0588724176070796,3,nan,0,nan,nan,nan
7,0,init,False,13,1.4164375940140463,0.09185988056540044,0.0368647739196036,1.3610093615055556,49.903785347071945,4,1.4397238092834648,87,nan,nan,2.520374331857813,3,nan,0,nan,nan,nan
7,0,init,False,14,0.9095282557893342,0.859920558370818,0.04620557995066799,0.9037286572935064,25.982990440588615,4,1.8809392902878954,46,nan,nan,1.7702377377974834,3,nan,0,nan,nan,nan
7,0,init,False,15,0.979959092698329,0.04175696863433178,0.024985733823947615,0.9409560781756481,100.22869046624908,4,1.1588893870320889,154,nan,nan,2.9873634029059875,3,nan,0,nan,nan,nan
7,0,init,False,16,0.6074272708457642,0.12532243028416928,0.052839348545790275,0.6078964355417931,114.58790735195603,4,1.2143450195914391,171,nan,nan,2.9642663802763103,3,nan,0,nan,nan,nan
7,0,init,False,17,0.7090745349758502,0.07555662119056702,0.0844153969956395,0.6883008307455208,91.91038893568631,4,1.2310369715249714,147,nan,nan,2.935695991862011,3,nan,0,nan,nan,nan
7,0,init,False,18,1.6675110350894953,0.17477469812943658,0.0039016603149017114,1.6062928130775846,63.257256614165854,4,1.2209103837488429,107,nan,nan,2.926762361600587,3,nan,0,nan,nan,nan
7,0,init,False,19,0.9835998101561569,0.05581473638520293,0.01964132081397458,0.9434298474016647,95.24671985369999,4,1.1657662482924642,146,nan,nan,2.9688975943093814,3,nan,0,nan,nan,nan
7,0,init,False,20,1.3118515925786611,0.10428272137487474,0.02224576496385522,1.3228936886363727,32.39522492289318,4,1.297573357104855,59,nan,nan,2.7619950596382363,3,nan,0,nan,nan,nan
7,0,init,False,21,2.4897466425669204,0.052819122944541136,0.009236325104039217,2.341584978050483,12.877475319551785,4,1.6628685030494748,28,nan,nan,1.213309395418206,2,nan,0,nan,nan,nan
7,0,init,False,22,0.5277176915553676,0.3550637486503125,0.05435448887106634,0.5002924558347583,109.47356309689263,4,1.2290279960899777,170,nan,nan,2.9083143007799226,3,nan,0,nan,nan,nan
7,0,init,False,23,2.43209115517156,0.241205713438006,0.0149549635450817,2.3533518522777417,29.217988145921435,4,1.4840626442287876,55,nan,nan,2.7186142106583873,3,nan,0,nan,nan,nan
7,1,step,False,0,1.695893548209062,0.11755530381874998,0.013128328625726373,1.6555952653288502,53.465993280249634,4,1.2472880042483732,97,15.507996359957538,23.645960967002807,2.556157788849405,3,0.49613066791426386,0,1.6605951643384131,1.0,2.423583600233076e-15
7,1,step,False,1,2.2857085843603824,0.15816548472921502,0.012027185716751067,2.181452054203725,33.80790741579857,4,1.3955810576463779,68,6.521452823460307,10.042722663536358,2.593154622214722,3,0.42047050010202414,0,1.6605951643384131,1.0,2.423583600233076e-15
7,1,step,False,2,0.7496180157712998,0.1861014152541354,0.056073568821139445,0.6868357800926292,102.02524851658946,4,1.2462523477289515,158,34.97049595842469,45.117098805605764,2.964268663028953,3,0.49481675507233586,0,1.6605951643384131,1.0,2.423583600233076e-15
7,1,step,False,3,0.7321385464267546,0.7925535848189842,0.031234763745675537,0.7022290120227177,78.43110798093267,4,1.266839737976448,118,26.15095431798394,36.65837000379006,2.9377763937735804,3,0.3678229663900906,0,1.6605951643384131,1.0,2.423583600233076e-15
7,1,step,False,4,1.3432311769705663,0.1700048662015292,0.020085912958466134,1.3057810656001516,75.99552897688298,4,1.1526094094761743,130,24.44210631248285,34.81996011635408,2.92251128209318,3,0.2287823737946544,0,1.6605951643384131,1.0,2.423583600233076e-15
7,1,step,False,5,2.5599472376981836,0.29938747949466954,0.01761314655891115,2.501915044370246,24.62584607685912,4,1.7856351223096008,46,6.000000000585682,9.516752299777842,2.6574692110926144,3,0.37347752092859615,0,1.6605951643384131,1.0,2.423583600233076e-15
7,1,step,False,6,2.5719546876022785,0.20146941559047515,0.02238448248182506,2.418392862856482,25.886473484609475,4,1.3148413721217607,49,7.442089797589687,11.60852096269116,2.844568249021738,3,0.45548374305580236,0,1.6605951643384131,1.0,2.423583600233076e-15
7,1,step,False,7,0.5562056173718655,0.05768865590055487,0.020824990095516496,0.5299448386310659,109.16931197286914,4,1.204066454109447,169,44.71463294585974,61.689432715257816,2.9419207028833205,3,0.4427866787651253,0,1.6605951643384131,1.0,2.423583600233076e-15
7,1,step,False,8,0.18965584778829725,0.9924987375374318,0.14865668406475172,0.18190543715241161,78.52859213405438,4,1.3153045139270814,121,23.813398992061803,33.90219620912647,2.8783232477147616,3,0.3676274789165675,0,1.6605951643384131,1.0,2.423583600233076e-15
7,1,step,False,9,1.7902645027757145,0.03726276640260589,0.014371289497127644,1.7013321405379425,30.051260915893067,4,1.5234981204062745,62,7.457892022467633,11.932053152406091,1.965315136448519,2,0.42567220376565457,0,1.6605951643384131,1.0,2.423583600233076e-15
7,1,step,False,10,1.8688287133032908,0.052951410550396816,0.04308378255342768,1.7635689087622057,13.875457717056847,4,1.5335676978780175,32,6.000000000447641,8.939572542087346,1.7510751662640738,3,0.4432716968672126,0,1.6605951643384131,1.0,2.423583600233076e-15
7,1,step,False,11,1.798904448533471,0.2614268010576084,0.05941074699289612,1.7967163228032568,22.526533495044212,4,1.4991487356783237,45,6.000000000287427,7.803363812240605,2.1093531614939183,3,0.09409385958674127,0,1.6605951643384131,1.0,2.423583600233076e-15
7,1,step,False,12,1.656085565633077,0.42790515298714876,0.0079854355418638,1.6283476729357749,66.52874753848387,4,1.4668885675408487,111,22.07633146972727,31.83853491192256,2.0588724176070796,3,0.09793611739466629,0,1.6605951643384131,1.0,2.423583600233076e-15
7,1,step,False,13,1.4164375940140463,0.26537114118287847,0.0368647739196036,1.3610093615055556,49.903785347071945,4,1.4397238092834648,87,9.722569566055254,14.735965812203196,2.520374331857813,3,0.35873770364839497,0,1.6605951643384131,1.0,2.423583600233076e-15
7,1,step,False,14,0.9095282557893342,0.9453155229409209,0.04620557995066799,0.9037286572935064,25.982990440588615,4,1.8809392902878954,46,7.198143495626002,10.72591774988459,1.7702377377974834,3,0.09392841126389723,0,1.6605951643384131,1.0,2.423583600233076e-15
7,1,step,False,15,0.979959092698329,0.0449263115583783,0.024985733823947615,0.9409560781756481,100.22869046624908,4,1.1588893870320889,154,38.69873344675015,53.853702182277424,2.9873634029059875,3,0.489465030384458,0,1.6605951643384131,1.0,2.423583600233076e-15
7,1,step,False,16,0.6074272708457642,0.09647122895909836,0.052839348545790275,0.6078964355417931,114.58790735195603,4,1.2143450195914391,171,48.0641338327472,67.445561422251,2.9642663802763103,3,0.4946294125120374,0,1.6605951643384131,1.0,2.423583600233076e-15
7,1,step,False,17,0.7090745349758502,0.2503619099404786,0.0844153969956395,0.6883008307455208,91.91038893568631,4,1.2310369715249714,147,30.956332724561626,42.95449234441716,2.935695991862011,3,0.38147502104486336,0,1.6605951643384131,1.0,2.423583600233076e-15
7,1,step,False,18,1.6675110350894953,0.1741203286117469,0.0039016603149017114,1.6062928130775846,63.257256614165854,4,1.2209103837488429,107,18.308987459315652,24.98037696756598,2.926762361600587,3,0.4550069450228473,0,1.6605951643384131,1.0,2.423583600233076e-15
7,1,step,False,19,0.9835998101561569,0.05412245968980826,0.01964132081397458,0.9434298474016647,95.24671985369999,4,1.1657662482924642,146,38.0516721386496,53.05114956342134,2.9688975943093814,3,0.4822818284348857,0,1.6605951643384131,1.0,2.423583600233076e-15
7,1,step,False,20,1.3118515925786611,0.08979595148695782,0.02224576496385522,1.3228936886363727,32.39522492289318,4,1.297573357104855,59,9.105175267293191,13.6607547925201,2.7619950596382363,3,0.22882617471000052,0,1.6605951643384131,1.0,2.423583600233076e-15
7,1,step,False,21,2.4897466425669204,0.087120605248446,0.009236325104039217,2.341584978050483,12.877475319551785,4,1.6628685030494748,28,6.000000000144624,9.185863555411789,1.213309395418206,2,0.35800036798137,0,1.6605951643384131,1.0,2.423583600233076e-15
7,1,step,False,22,0.5277176915553676,0.4800982620690671,0.05435448887106634,0.5002924558347583,109.47356309689263,4,1.2290279960899777,170,41.3399474802764,56.28471301796256,2.9083143007799226,3,0.47697023121657023,0,1.6605951643384131,1.0,2.423583600233076e-15
7,1,step,False,23,2.43209115517156,0.1885801854704478,0.0149549635450817,2.3533518522777417,29.217988145921435,4,1.4840626442287876,55,8.548061119125059,13.752532896366455,2.7186142106583873,3,0.3837240962439399,0,1.6605951643384131,1.0,2.423583600233076e-15
7,2,step,False,0,1.695893548209062,0.11122479268685756,0.013128328625726373,1.6555952653288502,53.465993280249634,4,1.2472880042483732,97,13.242056011092572,18.314620093678688,2.556157788849405,3,0.34802260436256177,0,1.1742181015092812,0.6041132807731628,2.0455798685735447e-15
7,2,step,False,1,2.2857085843603824,0.03654162728358905,0.012027185716751067,2.181452054203725,33.80790741579857,4,1.3955810576463779,68,6.435202578893397,9.13179941502403,2.593154622214722,3,0.2776992858370648,0,1.1742181015092812,0.6041132807731628,2.0455798685735447e-15
7,2,step,False,2,0.7496180157712998,0.19393869914707917,0.056073568821139445,0.6868357800926292,102.02524851658946,4,1.2462523477289515,158,36.112213152633636,48.38513392279869,2.964268663028953,3,0.2372567088975303,0,1.1742181015092812,0.6041132807731628,2.0455798685735447e-15
7,2,step,False,3,0.7321385464267546,0.7672309974481273,0.031234763745675537,0.7022290120227177,78.43110798093267,4,1.266839737976448,118,30.505219527404453,42.574206367602216,2.9377763937735804,3,0.26287395460517093,0,1.1742181015092812,0.6041132807731628,2.0455798685735447e-15
7,2,step,False,4,1.3432311769705663,0.1396578364479671,0.020085912958466134,1.3057810656001516,75.99552897688298,4,1.1526094094761743,130,20.420520244413293,26.299803730407575,2.92251128209318,3,0.17468418827056398,0,1.1742181015092812,0.6041132807731628,2.0455798685735447e-15
7,2,step,False,5,2.5599472376981836,0.3150943133208623,0.01761314655891115,2.501915044370246,24.62584607685912,4,1.7856351223096008,46,6.000000000103904,9.10820381713994,2.6574692110926144,3,0.26354456052042446,0,1.1742181015092812,0.6041132807731628,2.0455798685735447e-15
7,2,step,False,6,2.5719546876022785,0.16631382735561107,0.02238448248182506,2.418392862856482,25.886473484609475,4,1.3148413721217607,49,6.000000000297517,8.268355615923724,2.844568249021738,3,0.19196163975105432,0,1.1742181015092812,0.6041132807731628,2.0455798685735447e-15
7,2,step,False,7,0.5562056173718655,0.06516746036617697,0.020824990095516496,0.5299448386310659,109.16931197286914,4,1.204066454109447,169,45.3228682357894,63.49754724286042,2.9419207028833205,3,0.339927996602003,0,1.1742181015092812,0.6041132807731628,2.0455798685735447e-15
7,2,step,False,8,0.18965584778829725,0.9858533736495099,0.14865668406475172,0.18190543715241161,78.52859213405438,4,1.3153045139270814,121,28.575930102093547,41.45936747702442,2.8783232477147616,3,0.26313061092492396,0,1.1742181015092812,0.6041132807731628,2.0455798685735447e-15
7,2,step,False,9,1.7902645027757145,0.04324110834721788,0.014371289497127644,1.7013321405379425,30.051260915893067,4,1.5234981204062745,62,7.706510616576164,11.536360485659415,1.965315136448519,2,0.2586088502487766,0,1.1742181015092812,0.6041132807731628,2.0455798685735447e-15
7,2,step,False,10,1.8688287133032908,0.04450157174734633,0.04308378255342768,1.7635689087622057,13.875457717056847,4,1.5335676978780175,32,6.000000000299957,9.42946465540379,1.7510751662640738,3,0.3632756038721952,0,1.1742181015092812,0.6041132807731628,2.0455798685735447e-15
7,2,step,False,11,1.798904448533471,0.20156765707056312,0.05941074699289612,1.7967163228032568,22.526533495044212,4,1.4991487356783237,45,6.000000000113447,7.946243382523599,2.1093531614939183,3,0.09765886311305297,0,1.1742181015092812,0.6041132807731628,2.0455798685735447e-15
7,2,step,False,12,1.656085565633077,0.037868938828202275,0.0079854355418638,1.6283476729357749,66.52874753848387,4,1.4668885675408487,111,21.10227320190503,29.869944628139162,2.0588724176070796,3,0.14304249758708704,0,1.1742181015092812,0.6041132807731628,2.0455798685735447e-15
7,2,step,False,13,1.4164375940140463,0.2007595665959108,0.0368647739196036,1.3610093615055556,49.903785347071945,4,1.4397238092834648,87,13.119354991227985,20.3720146717323,2.520374331857813,3,0.26316292074315073,0,1.1742181015092812,0.6041132807731628,2.0455798685735447e-15
7,2,step,False,14,0.9095282557893342,0.9895914935954432,0.04620557995066799,0.9037286572935064,25.982990440588615,4,1.8809392902878954,46,7.51535554835518,11.136293109146385,1.7702377377974834,3,0.17613643496086726,0,1.1742181015092812,0.6041132807731628,2.0455798685735447e-15
7,2,step,False,15,0.979959092698329,0.014196521175955629,0.024985733823947615,0.9409560781756481,100.22869046624908,4,1.1588893870320889,154,36.205239371967,49.732713436762516,2.9873634029059875,3,0.27977780132418123,0,1.1742181015092812,0.6041132807731628,2.0455798685735447e-15
7,2,step,False,16,0.6074272708457642,0.08758678313316642,0.052839348545790275,0.6078964355417931,114.58790735195603,4,1.2143450195914391,171,47.300294178817005,65.37227346635694,2.9642663802763103,3,0.23688754362629558,0,1.1742181015092812,0.6041132807731628,2.0455798685735447e-15
7,2,step,False,17,0.7090745349758502,0.09003175978992815,0.0844153969956395,0.6883008307455208,91.91038893568631,4,1.2310369715249714,147,32.825779763787935,45.75418658440724,2.935695991862011,3,0.22183496176792145,0,1.1742181015092812,0.6041132807731628,2.0455798685735447e-15
7,2,step,False,18,1.6675110350894953,0.18671216030850518,0.0039016603149017114,1.6062928130775846,63.257256614165854,4,1.2209103837488429,107,17.831161509623488,23.919167529124184,2.926762361600587,3,0.19116821419446756,0,1.1742181015092812,0.6041132807731628,2.0455798685735447e-15
7,2,step,False,19,0.9835998101561569,0.048349012402986294,0.01964132081397458,0.9434298474016647,95.24671985369999,4,1.1657662482924642,146,34.82392135584672,47.43714688486952,2.9688975943093814,3,0.22111912634574213,0,1.1742181015092812,0.6041132807731628,2.0455798685735447e-15
7,2,step,False,20,1.3118515925786611,0.11406494335044606,0.02224576496385522,1.3228936886363727,32.39522492289318,4,1.297573357104855,59,10.530383919478792,14.680168063547677,2.7619950596382363,3,0.17447456075960024,0,1.1742181015092812,0.6041132807731628,2.0455798685735447e-15
7,2,step,False,21,2.4897466425669204,0.03424645380794395,0.009236325104039217,2.341584978050483,12.877475319551785,4,1.6628685030494748,28,6.00000000021633,9.788622588312627,1.213309395418206,2,0.17764222704499666,0,1.1742181015092812,0.6041132807731628,2.0455798685735447e-15
7,2,step,False,22,0.5277176915553676,0.039243852137690285,0.05435448887106634,0.5002924558347583,109.47356309689263,4,1.2290279960899777,170,42.501013188462615,58.72599341676487,2.9083143007799226,3,0.29067014201680796,0,1.1742181015092812,0.6041132807731628,2.0455798685735447e-15
7,2,step,False,23,2.43209115517156,0.19282720481216256,0.0149549635450817,2.3533518522777417,29.217988145921435,4,1.4840626442287876,55,7.1320726415315505,9.454723979622141,2.7186142106583873,3,0.2682705972919757,0,1.1742181015092812,0.6041132807731628,2.0455798685735447e-15
7,3,step,False,0,1.695893548209062,0.12207275731701557,0.013128328625726373,1.6555952653288502,53.465993280249634,4,1.2472880042483732,97,13.493855016088142,17.914001952368647,2.556157788849405,3,0.18895694972902466,0,0.8302975821692065,0.3605816066265106,4.19292996612476e-15
7,3,step,False,1,2.2857085843603824,0.054734172976743434,0.012027185716751067,2.181452054203725,33.80790741579857,4,1.3955810576463779,68,6.00920621442786,8.096981844835746,2.593154622214722,3,0.21021372603727914,0,0.8302975821692065,0.3605816066265106,4.19292996612476e-15
7,3,step,False,2,0.7496180157712998,0.16743150226990317,0.056073568821139445,0.6868357800926292,102.02524851658946,4,1.2462523477289515,158,35.77615892044365,47.7935449578643,2.964268663028953,3,0.17301530062637605,0,0.8302975821692065,0.3605816066265106,4.19292996612476e-15
7,3,step,False,3,0.7321385464267546,0.5355496298775214,0.031234763745675537,0.7022290120227177,78.43110798093267,4,1.266839737976448,118,34.722023273831425,48.37520953715229,2.9377763937735804,3,0.1478673191802227,0,0.8302975821692065,0.3605816066265106,4.19292996612476e-15
7,3,step,False,4,1.3432311769705663,0.15057522902291084,0.020085912958466134,1.3057810656001516,75.99552897688298,4,1.1526094094761743,130,20.789214617601743,25.902632664505248,2.92251128209318,3,0.08823444905221611,0,0.8302975821692065,0.3605816066265106,4.19292996612476e-15
7,3,step,False,5,2.5599472376981836,0.27845817011726304,0.01761314655891115,2.501915044370246,24.62584607685912,4,1.7856351223096008,46,6.000000000420561,8.55946379479996,2.6574692110926144,3,0.11629256387308157,0,0.8302975821692065,0.3605816066265106,4.19292996612476e-15
7,3,step,False,6,2.5719546876022785,0.18063581657504213,0.02238448248182506,2.418392862856482,25.886473484609475,4,1.3148413721217607,49,6.0000000001555405,7.6561968597882375,2.844568249021738,3,0.13585022598174312,0,0.8302975821692065,0.3605816066265106,4.19292996612476e-15
7,3,step,False,7,0.5562056173718655,0.03621883548205165,0.020824990095516496,0.5299448386310659,109.16931197286914,4,1.204066454109447,169,43.2795067541842,58.63904604844584,2.9419207028833205,3,0.14638340235991432,0,0.8302975821692065,0.3605816066265106,4.19292996612476e-15
7,3,step,False,8,0.18965584778829725,0.5153639548334977,0.14865668406475172,0.18190543715241161,78.52859213405438,4,1.3153045139270814,121,33.25255341513661,47.062884763635395,2.8783232477147616,3,0.15169054966583037,0,0.8302975821692065,0.3605816066265106,4.19292996612476e-15
7,3,step,False,9,1.7902645027757145,0.057613349912202,0.014371289497127644,1.7013321405379425,30.051260915893067,4,1.5234981204062745,62,9.110031729049146,14.15237700877347,1.965315136448519,2,0.17297527835157087,0,0.8302975821692065,0.3605816066265106,4.19292996612476e-15
7,3,step,False,10,1.8688287133032908,0.025704274079641435,0.04308378255342768,1.7635689087622057,13.875457717056847,4,1.5335676978780175,32,6.0000000002566445,9.317803383386785,1.7510751662640738,3,0.3163255770081173,0,0.8302975821692065,0.3605816066265106,4.19292996612476e-15
7,3,step,False,11,1.798904448533471,0.2821984907463976,0.05941074699289612,1.7967163228032568,22.526533495044212,4,1.4991487356783237,45,6.000000000189979,8.402582554302725,2.1093531614939183,3,0.1624198902156438,0,0.8302975821692065,0.3605816066265106,4.19292996612476e-15
7,3,step,False,12,1.656085565633077,0.050970565563093276,0.0079854355418638,1.6283476729357749,66.52874753848387,4,1.4668885675408487,111,19.2012598624936,26.099727385491395,2.0588724176070796,3,0.20465393766848863,0,0.8302975821692065,0.3605816066265106,4.19292996612476e-15
7,3,step,False,13,1.4164375940140463,0.02459460252500726,0.0368647739196036,1.3610093615055556,49.903785347071945,4,1.4397238092834648,87,11.913312083369147,16.865372134002747,2.520374331857813,3,0.1945805156581628,0,0.8302975821692065,0.3605816066265106,4.19292996612476e-15
7,3,step,False,14,0.9095282557893342,0.8546548238574666,0.04620557995066799,0.9037286572935064,25.982990440588615,4,1.8809392902878954,46,8.005533386546862,12.396456079109551,1.7702377377974834,3,0.13044025406971224,0,0.8302975821692065,0.3605816066265106,4.19292996612476e-15
7,3,step,False,15,0.979959092698329,0.06291851555465407,0.024985733823947615,0.9409560781756481,100.22869046624908,4,1.1588893870320889,154,34.34445333707786,45.54195498386482,2.9873634029059875,3,0.15316811981600034,0,0.8302975821692065,0.3605816066265106,4.19292996612476e-15
7,3,step,False,16,0.6074272708457642,0.12133071287053815,0.052839348545790275,0.6078964355417931,114.58790735195603,4,1.2143450195914391,171,45.32038714078,60.94891960271327,2.9642663802763103,3,0.17253188374523476,0,0.8302975821692065,0.3605816066265106,4.19292996612476e-15
7,3,step,False,17,0.7090745349758502,0.11450274931234743,0.0844153969956395,0.6883008307455208,91.91038893568631,4,1.2310369715249714,147,33.578544460272525,45.34582837466121,2.935695991862011,3,0.18569234795246364,0,0.8302975821692065,0.3605816066265106,4.19292996612476e-15
7,3,step,False,18,1.6675110350894953,0.1721330590664995,0.0039016603149017114,1.6062928130775846,63.257256614165854,4,1.2209103837488429,107,17.45167147119705,22.850908342362146,2.926762361600587,3,0.13573815111961002,0,0.8302975821692065,0.3605816066265106,4.19292996612476e-15
7,3,step,False,19,0.9835998101561569,0.06787883087839705,0.01964132081397458,0.9434298474016647,95.24671985369999,4,1.1657662482924642,146,33.014052309671136,44.27079473669147,2.9688975943093814,3,0.18501625065832664,0,0.8302975821692065,0.3605816066265106,4.19292996612476e-15
7,3,step,False,20,1.3118515925786611,0.1003856451420702,0.02224576496385522,1.3228936886363727,32.39522492289318,4,1.297573357104855,59,11.317592613973646,14.49064110415135,2.7619950596382363,3,0.08802325856523968,0,0.8302975821692065,0.3605816066265106,4.19292996612476e-15
7,3,step,False,21,2.4897466425669204,0.012346062077987496,0.009236325104039217,2.341584978050483,12.877475319551785,4,1.6628685030494748,28,6.000000000181489,9.681777199791357,1.213309395418206,2,0.24423078380030985,0,0.8302975821692065,0.3605816066265106,4.19292996612476e-15
7,3,step,False,22,0.5277176915553676,0.04329509107930725,0.05435448887106634,0.5002924558347583,109.47356309689263,4,1.2290279960899777,170,41.91942905079437,56.18959381064546,2.9083143007799226,3,0.1578483248263216,0,0.8302975821692065,0.3605816066265106,4.19292996612476e-15
7,3,step,False,23,2.43209115517156,0.1696259189812163,0.0149549635450817,2.3533518522777417,29.217988145921435,4,1.4840626442287876,55,6.830261788595383,8.198253799801119,2.7186142106583873,3,0.12174523809538601,0,0.8302975821692065,0.3605816066265106,4.19292996612476e-15
8,0,init,False,0,1.0378506748875693,0.3758318380313342,0.024448107648888887,0.9721611989393208,80.38713347296193,4,1.2026616870824982,131,nan,nan,2.6322851932720606,3,nan,0,nan,nan,nan
8,0,init,False,1,0.6716561569208681,0.08835419067903404,0.02904855577834807,0.6619618863794174,110.66944159046545,4,1.1833399203270567,160,nan,nan,2.9631403085696917,3,nan,0,nan,nan,nan
8,0,init,False,2,2.0226041686187917,0.16744854953202493,0.019893512575103137,1.8808756034297018,27.076090029182133,4,1.4261710912871275,57,nan,nan,2.3969167911193088,3,nan,0,nan,nan,nan
8,0,init,False,3,0.7777394701992171,0.018273312421121225,0.021949376077373794,0.7691820931964524,91.31304504135807,4,1.2207595593000429,140,nan,nan,2.7291480303494717,3,nan,0,nan,nan,nan
8,0,init,False,4,0.47784343743739227,0.40748511980863206,0.06087721085516319,0.47834832310399245,101.21065763451463,4,1.28146989511169,148,nan,nan,2.968984122768398,3,nan,0,nan,nan,nan
8,0,init,False,5,0.6531959063139913,0.037837633382121545,0.0853653531047773,0.6339376940019136,42.28914634096264,4,1.2983931169285168,76,nan,nan,2.456374044213069,3,nan,0,nan,nan,nan
8,0,init,False,6,1.1350102603683618,0.44902029788538445,0.016100113813006342,1.082658301701166,53.62026537984196,4,1.208308728279306,99,nan,nan,2.6561442606734444,3,nan,0,nan,nan,nan
8,0,init,False,7,1.0600535721639959,0.03193254724615142,0.026222234671470165,1.0094932644424892,55.050758548392636,4,1.3889876218895796,91,nan,nan,2.9090973244417726,3,nan,0,nan,nan,nan
8,0,init,False,8,1.8614204865315083,0.14506023972471074,0.019338479384458866,1.7675768336790703,52.453877476051616,4,1.254462317202486,94,nan,nan,2.140126376058593,3,nan,0,nan,nan,nan
8,0,init,False,9,3.20983498587541,0.030828047273099724,0.030828047273096123,3.1496270917622216,3.6738970218116878,4,3.0083351974084533,8,nan,nan,1.0,1,nan,0,nan,nan,nan
8,0,init,False,10,0.8302344040252218,0.08378327616575763,0.040154671298473166,0.8065812222609943,89.28078021085307,4,1.1786060088213433,135,nan,nan,2.979314665862937,3,nan,0,nan,nan,nan
8,0,init,False,11,0.2031161972728973,0.21395818372923422,0.08565974936738498,0.18520760922467622,120.36043469189067,4,1.169915737059017,171,nan,nan,2.9539597445124923,3,nan,0,nan,nan,nan
8,0,init,False,12,0.8087519726279173,0.022354698827218186,0.021044011699034398,0.7842803396987027,77.21598082614605,4,1.2865793629860431,127,nan,nan,2.979326131532676,3,nan,0,nan,nan,nan
8,0,init,False,13,2.043123899298297,0.23452528353521587,0.02285064870431689,1.918092790215439,38.77488469774087,4,1.517674082475266,76,nan,nan,2.643375406261162,3,nan,0,nan,nan,nan
8,0,init,False,14,0.951778082041314,0.6378303666189782,0.07523932626156962,0.9389928143185184,38.09994319474929,4,1.6056901379588442,71,nan,nan,1.7750842193913179,3,nan,0,nan,nan,nan
8,0,init,False,15,0.4172505094214615,0.34782087859836247,0.09701373189230406,0.4083956472362564,74.19146716210743,4,1.2295859775099058,124,nan,nan,2.5476126814334767,3,nan,0,nan,nan,nan
8,0,init,False,16,0.35411392282486276,0.4964116763649548,0.06582379793901527,0.3510827648390774,96.19237975674679,4,1.3103526701279253,153,nan,nan,2.9690671560054462,3,nan,0,nan,nan,nan
8,0,init,False,17,1.5646563512603404,0.20502616018587094,0.02848805341586147,1.4674485262046588,64.84271274356155,4,1.2130484449046435,119,nan,nan,2.907033457488745,3,nan,0,nan,nan,nan
8,0,init,False,18,1.8032365558301429,0.04881779536732669,0.020820582439888408,1.7004735986353334,41.454124403351656,4,1.4494181781835445,79,nan,nan,2.788535604070082,3,nan,0,nan,nan,nan
8,0,init,False,19,2.8305949396715846,0.018849422168365073,0.02492801062540619,2.6738320010804277,10.812960344088546,4,2.2426472127309065,24,nan,nan,1.938532512655518,2,nan,0,nan,nan,nan
8,0,init,False,20,0.5059941463453863,0.30618589600870466,0.06377785297834854,0.5162577239441529,51.6561043131468,4,1.437951901754448,90,nan,nan,2.9520423110561276,3,nan,0,nan,nan,nan
8,0,init,False,21,1.8806394974673035,0.06819364655367391,0.06404459534238534,1.7363985317221748,10.13580479948925,4,2.330469541565189,18,nan,nan,1.1764279143543734,2,nan,0,nan,nan,nan
8,0,init,False,22,1.0642945010013232,0.14806863915343527,0.03253876041300117,1.0086617401887235,50.29420951461046,4,1.385653510564346,83,nan,nan,2.6894302689190157,3,nan,0,nan,nan,nan
8,0,init,False,23,1.6477180246523284,0.15252339094009856,0.01584083748252867,1.5057098558785458,58.943900805974884,4,1.2586679152456106,98,nan,nan,2.8572340035874513,3,nan,0,nan,nan,nan
8,1,step,False,0,1.0378506748875693,0.28967444341254367,0.024448107648888887,0.9721611989393208,80.38713347296193,4,1.2026616870824982,131,21.895530188516656,31.773846515058782,2.6322851932720606,3,0.29941610939672164,0,1.6121988453621614,1.0,4.198288966154765e-16
8,1,step,False,1,0.6716561569208681,0.07463835907369572,0.02904855577834807,0.6619618863794174,110.66944159046545,4,1.1833399203270567,160,49.55694500252269,66.71685685704648,2.9631403085696917,3,0.33530848747674874,0,1.6121988453621614,1.0,4.198288966154765e-16
8,1,step,False,2,2.0226041686187917,0.2679465605973809,0.019893512575103137,1.8808756034297018,27.076090029182133,4,1.4261710912871275,57,6.000000000348885,9.8368651932781,2.3969167911193088,3,0.31381382371562394,0,1.6121988453621614,1.0,4.198288966154765e-16
8,1,step,False,3,0.7777394701992171,0.013616054783290619,0.021949376077373794,0.7691820931964524,91.31304504135807,4,1.2207595593000429,140,29.742003550379085,42.17284181741827,2.7291480303494717,3,0.3176389295468503,0,1.6121988453621614,1.0,4.198288966154765e-16
8,1,step,False,4,0.47784343743739227,0.34863350321886233,0.06087721085516319,0.47834832310399245,101.21065763451463,4,1.28146989511169,148,40.94693627248696,53.84363168088366,2.968984122768398,3,0.2930878997451381,0,1.6121988453621614,1.0,4.198288966154765e-16
8,1,step,False,5,0.6531959063139913,0.07666685362210839,0.0853653531047773,0.6339376940019136,42.28914634096264,4,1.2983931169285168,76,11.908013492864018,16.06636886178867,2.456374044213069,3,0.3847995471109907,0,1.6121988453621614,1.0,4.198288966154765e-16
8,1,step,False,6,1.1350102603683618,0.31811069535938663,0.016100113813006342,1.082658301701166,53.62026537984196,4,1.208308728279306,99,15.932256040150145,22.7157232365763,2.6561442606734444,3,0.18684076611936562,0,1.6121988453621614,1.0,4.198288966154765e-16
8,1,step,False,7,1.0600535721639959,0.03215359741195698,0.026222234671470165,1.0094932644424892,55.050758548392636,4,1.3889876218895796,91,15.858418246996337,23.45324563561238,2.9090973244417726,3,0.29581409387986685,0,1.6121988453621614,1.0,4.198288966154765e-16
8,1,step,False,8,1.8614204865315083,0.14496717816233037,0.019338479384458866,1.7675768336790703,52.453877476051616,4,1.254462317202486,94,13.79309044455039,19.957087272632027,2.140126376058593,3,0.3291148556894871,0,1.6121988453621614,1.0,4.198288966154765e-16
8,1,step,False,9,3.20983498587541,0.024283428227180017,0.030828047273096123,3.1496270917622216,3.6738970218116878,4,3.0083351974084533,8,6.000000000171458,9.293328704746289,1.0,1,0.6386864179977882,0,1.6121988453621614,1.0,4.198288966154765e-16
8,1,step,False,10,0.8302344040252218,0.03812440482140932,0.040154671298473166,0.8065812222609943,89.28078021085307,4,1.1786060088213433,135,38.61697558121317,50.91782272811072,2.979314665862937,3,0.3200891120637907,0,1.6121988453621614,1.0,4.198288966154765e-16
8,1,step,False,11,0.2031161972728973,0.2553602173272961,0.08565974936738498,0.18520760922467622,120.36043469189067,4,1.169915737059017,171,50.37931935446912,69.77606203896397,2.9539597445124923,3,0.26482702882311354,0,1.6121988453621614,1.0,4.198288966154765e-16
8,1,step,False,12,0.8087519726279173,0.05163946974107503,0.021044011699034398,0.7842803396987027,77.21598082614605,4,1.2865793629860431,127,27.021026391348087,36.56102216299682,2.979326131532676,3,0.4586996004862884,0,1.6121988453621614,1.0,4.198288966154765e-16
8,1,step,False,13,2.043123899298297,0.48671687633369076,0.02285064870431689,1.918092790215439,38.77488469774087,4,1.517674082475266,76,10.464119750646459,14.930083598844334,2.643375406261162,3,0.27515801641905285,0,1.6121988453621614,1.0,4.198288966154765e-16
8,1,step,False,14,0.951778082041314,0.9122593785648386,0.07523932626156962,0.9389928143185184,38.09994319474929,4,1.6056901379588442,71,8.333591829611837,12.23917254789896,1.7750842193913179,3,0.14656623193866472,0,1.6121988453621614,1.0,4.198288966154765e-16
8,1,step,False,15,0.4172505094214615,0.3796204680308723,0.09701373189230406,0.4083956472362564,74.19146716210743,4,1.2295859775099058,124,23.317026386953245,32.89669488422646,2.5476126814334767,3,0.3613787117603248,0,1.6121988453621614,1.0,4.198288966154765e-16
8,1,step,False,16,0.35411392282486276,0.46952158111140485,0.06582379793901527,0.3510827648390774,96.19237975674679,4,1.3103526701279253,153,34.02945447329896,47.093222834729005,2.9690671560054462,3,0.5230306029655312,0,1.6121988453621614,1.0,4.198288966154765e-16
8,1,step,False,17,1.5646563512603404,0.27796396776039584,0.02848805341586147,1.4674485262046588,64.84271274356155,4,1.2130484449046435,119,19.250993136177776,27.888448601148742,2.907033457488745,3,0.30550186005405533,0,1.6121988453621614,1.0,4.198288966154765e-16
8,1,step,False,18,1.8032365558301429,0.16977399032908852,0.020820582439888408,1.7004735986353334,41.454124403351656,4,1.4494181781835445,79,10.001866587350095,14.388125540199326,2.788535604070082,3,0.2429410787115812,0,1.6121988453621614,1.0,4.198288966154765e-16
8,1,step,False,19,2.8305949396715846,0.046852527106564304,0.02492801062540619,2.6738320010804277,10.812960344088546,4,2.2426472127309065,24,6.000000000503581,8.64036739844342,1.938532512655518,2,0.584055789899006,0,1.6121988453621614,1.0,4.198288966154765e-16
8,1,step,False,20,0.5059941463453863,0.3360257502368543,0.06377785297834854,0.5162577239441529,51.6561043131468,4,1.437951901754448,90,15.275048253119522,20.235477680902225,2.9520423110561276,3,0.4592442053391041,0,1.6121988453621614,1.0,4.198288966154765e-16
8,1,step,False,21,1.8806394974673035,0.11537252672232143,0.06404459534238534,1.7363985317221748,10.13580479948925,4,2.330469541565189,18,6.000000000383482,8.970348103672075,1.1764279143543734,2,0.546815528822091,0,1.6121988453621614,1.0,4.198288966154765e-16
8,1,step,False,22,1.0642945010013232,0.411240754250664,0.03253876041300117,1.0086617401887235,50.29420951461046,4,1.385653510564346,83,15.498274758050524,22.790112885775397,2.6894302689190157,3,0.3355242686049681,0,1.6121988453621614,1.0,4.198288966154765e-16
8,1,step,False,23,1.6477180246523284,0.054326211283570396,0.01584083748252867,1.5057098558785458,58.943900805974884,4,1.2586679152456106,98,17.498453573059592,24.57219512039844,2.8572340035874513,3,0.2994231516209071,0,1.6121988453621614,1.0,4.198288966154765e-16
8,2,step,False,0,1.0378506748875693,0.21218615401913402,0.024448107648888887,0.9721611989393208,80.38713347296193,4,1.2026616870824982,131,23.354954718492394,33.46727612307505,2.6322851932720606,3,0.27785154998605344,0,1.1399967361767063,0.6147788017988205,1.4272187730770458e-15
8,2,step,False,1,0.6716561569208681,0.09670920783835829,0.02904855577834807,0.6619618863794174,110.66944159046545,4,1.1833399203270567,160,49.56217766943355,63.85095148602044,2.9631403085696917,3,0.25203660985758264,0,1.1399967361767063,0.6147788017988205,1.4272187730770458e-15
8,2,step,False,2,2.0226041686187917,0.23548810168311463,0.019893512575103137,1.8808756034297018,27.076090029182133,4,1.4261710912871275,57,6.000000000650612,9.537810936774344,2.3969167911193088,3,0.22354965564658427,0,1.1399967361767063,0.6147788017988205,1.4272187730770458e-15
8,2,step,False,3,0.7777394701992171,0.01315030799799383,0.021949376077373794,0.7691820931964524,91.31304504135807,4,1.2207595593000429,140,32.36959686901578,45.134345066018895,2.7291480303494717,3,0.23092994282038012,0,1.1399967361767063,0.6147788017988205,1.4272187730770458e-15
8,2,step,False,4,0.47784343743739227,0.4381120409572317,0.06087721085516319,0.47834832310399245,101.21065763451463,4,1.28146989511169,148,45.24688256718871,61.28996548965647,2.968984122768398,3,0.1926987748869844,0,1.1399967361767063,0.6147788017988205,1.4272187730770458e-15
8,2,step,False,5,0.6531959063139913,0.12100631122122091,0.0853653531047773,0.6339376940019136,42.28914634096264,4,1.2983931169285168,76,13.273021025232413,19.81193841396361,2.456374044213069,3,0.2340697476425934,0,1.1399967361767063,0.6147788017988205,1.4272187730770458e-15
8,2,step,False,6,1.1350102603683618,0.2604865342336779,0.016100113813006342,1.082658301701166,53.62026537984196,4,1.208308728279306,99,15.884013948481245,22.261922761831286,2.6561442606734444,3,0.13093889081468435,0,1.1399967361767063,0.6147788017988205,1.4272187730770458e-15
8,2,step,False,7,1.0600535721639959,0.10413332614990307,0.026222234671470165,1.0094932644424892,55.050758548392636,4,1.3889876218895796,91,17.911098715442115,26.58495916574984,2.9090973244417726,3,0.15984391758111363,0,1.1399967361767063,0.6147788017988205,1.4272187730770458e-15
8,2,step,False,8,1.8614204865315083,0.11718919816567248,0.019338479384458866,1.7675768336790703,52.453877476051616,4,1.254462317202486,94,10.605449951283838,15.113790645673452,2.140126376058593,3,0.211932974897269,0,1.1399967361767063,0.6147788017988205,1.4272187730770458e-15
8,2,step,False,9,3.20983498587541,0.027651020169894045,0.030828047273096123,3.1496270917622216,3.6738970218116878,4,3.0083351974084533,8,6.000000000276614,8.852487679916283,1.0,1,0.5793105705117326,0,1.1399967361767063,0.6147788017988205,1.4272187730770458e-15
8,2,step,False,10,0.8302344040252218,0.03239996508747294,0.040154671298473166,0.8065812222609943,89.28078021085307,4,1.1786060088213433,135,38.644566089818476,50.993023198732764,2.979314665862937,3,0.253342416115406,0,1.1399967361767063,0.6147788017988205,1.4272187730770458e-15
8,2,step,False,11,0.2031161972728973,0.16410831597571604,0.08565974936738498,0.18520760922467622,120.36043469189067,4,1.169915737059017,171,48.26057381253462,66.17093999745347,2.9539597445124923,3,0.19968304788383223,0,1.1399967361767063,0.6147788017988205,1.4272187730770458e-15
8,2,step,False,12,0.8087519726279173,0.04973891004098132,0.021044011699034398,0.7842803396987027,77.21598082614605,4,1.2865793629860431,127,26.674436342015277,36.92742038191726,2.979326131532676,3,0.2714849969802932,0,1.1399967361767063,0.6147788017988205,1.4272187730770458e-15
8,2,step,False,13,2.043123899298297,0.4098128420596738,0.02285064870431689,1.918092790215439,38.77488469774087,4,1.517674082475266,76,8.141612004995194,11.483959576243977,2.643375406261162,3,0.2552805231891976,0,1.1399967361767063,0.6147788017988205,1.4272187730770458e-15
8,2,step,False,14,0.951778082041314,0.8922864028792525,0.07523932626156962,0.9389928143185184,38.09994319474929,4,1.6056901379588442,71,10.881046533236356,15.480205948793667,1.7750842193913179,3,0.14004535743631322,0,1.1399967361767063,0.6147788017988205,1.4272187730770458e-15
8,2,step,False,15,0.4172505094214615,0.35772059268925577,0.09701373189230406,0.4083956472362564,74.19146716210743,4,1.2295859775099058,124,23.662608386214675,32.72841807527734,2.5476126814334767,3,0.22480725079702746,0,1.1399967361767063,0.6147788017988205,1.4272187730770458e-15
8,2,step,False,16,0.35411392282486276,0.5295268239095051,0.06582379793901527,0.3510827648390774,96.19237975674679,4,1.3103526701279253,153,32.18038104782055,45.45456269050265,2.9690671560054462,3,0.31632251644200776,0,1.1399967361767063,0.6147788017988205,1.4272187730770458e-15
8,2,step,False,17,1.5646563512603404,0.2105955518089078,0.02848805341586147,1.4674485262046588,64.84271274356155,4,1.2130484449046435,119,17.217306256171128,25.22650315121088,2.907033457488745,3,0.2548957369127095,0,1.1399967361767063,0.6147788017988205,1.4272187730770458e-15
8,2,step,False,18,1.8032365558301429,0.10501320992958466,0.020820582439888408,1.7004735986353334,41.454124403351656,4,1.4494181781835445,79,8.11041430078135,11.799296831451644,2.788535604070082,3,0.1686043939370087,0,1.1399967361767063,0.6147788017988205,1.4272187730770458e-15
8,2,step,False,19,2.8305949396715846,0.08625922426142348,0.02492801062540619,2.6738320010804277,10.812960344088546,4,2.2426472127309065,24,6.00000000015012,7.963629183150365,1.938532512655518,2,0.558974538497415,0,1.1399967361767063,0.6147788017988205,1.4272187730770458e-15
8,2,step,False,20,0.5059941463453863,0.3264353835299449,0.06377785297834854,0.5162577239441529,51.6561043131468,4,1.437951901754448,90,15.763684966796925,21.378828347645275,2.9520423110561276,3,0.2719650958195399,0,1.1399967361767063,0.6147788017988205,1.4272187730770458e-15
8,2,step,False,21,1.8806394974673035,0.14155419572809302,0.06404459534238534,1.7363985317221748,10.13580479948925,4,2.330469541565189,18,6.000000000364866,7.867451894259815,1.1764279143543734,2,0.41762554838991145,0,1.1399967361767063,0.6147788017988205,1.4272187730770458e-15
8,2,step,False,22,1.0642945010013232,0.4150792833852386,0.03253876041300117,1.0086617401887235,50.29420951461046,4,1.385653510564346,83,16.460615540691816,23.832912514640686,2.6894302689190157,3,0.2879329639737196,0,1.1399967361767063,0.6147788017988205,1.4272187730770458e-15
8,2,step,False,23,1.6477180246523284,0.0866917823512964,0.01584083748252867,1.5057098558785458,58.943900805974884,4,1.2586679152456106,98,15.710200530421275,21.63241899017154,2.8572340035874513,3,0.27472184787629605,0,1.1399967361767063,0.6147788017988205,1.4272187730770458e-15
8,3,step,False,0,1.0378506748875693,0.2215223449476256,0.024448107648888887,0.9721611989393208,80.38713347296193,4,1.2026616870824982,131,24.055151799331867,33.53612934819337,2.6322851932720606,3,0.07808367316187528,0,0.8060994226810805,0.3651532828807831,4.955341433717404e-15
8,3,step,False,1,0.6716561569208681,0.0682691146695487,0.02904855577834807,0.6619618863794174,110.66944159046545,4,1.1833399203270567,160,48.131803935189566,61.66975526609118,2.9631403085696917,3,0.13666638966892683,0,0.8060994226810805,0.3651532828807831,4.955341433717404e-15
8,3,step,False,2,2.0226041686187917,0.02714938270108476,0.019893512575103137,1.8808756034297018,27.076090029182133,4,1.4261710912871275,57,6.00000000055075,8.456441371651673,2.3969167911193088,3,0.09613130603059773,0,0.8060994226810805,0.3651532828807831,4.955341433717404e-15
8,3,step,False,3,0.7777394701992171,0.019724904563835962,0.021949376077373794,0.7691820931964524,91.31304504135807,4,1.2207595593000429,140,34.75067350759554,47.082575938165654,2.7291480303494717,3,0.12180952172364769,0,0.8060994226810805,0.3651532828807831,4.955341433717404e-15
8,3,step,False,4,0.47784343743739227,0.3463209280863661,0.06087721085516319,0.47834832310399245,101.21065763451463,4,1.28146989511169,148,47.091216694699156,65.12099944807225,2.968984122768398,3,0.16560282444045996,0,0.8060994226810805,0.3651532828807831,4.955341433717404e-15
8,3,step,False,5,0.6531959063139913,0.10950881256802261,0.0853653531047773,0.6339376940019136,42.28914634096264,4,1.2983931169285168,76,17.299893424526875,25.420713423124393,2.456374044213069,3,0.1385144017750355,0,0.8060994226810805,0.3651532828807831,4.955341433717404e-15
8,3,step,False,6,1.1350102603683618,0.12496092772287148,0.016100113813006342,1.082658301701166,53.62026537984196,4,1.208308728279306,99,16.430620410695326,22.101378756569808,2.6561442606734444,3,0.12205218874244568,0,0.8060994226810805,0.3651532828807831,4.955341433717404e-15
8,3,step,False,7,1.0600535721639959,0.18915737593421317,0.026222234671470165,1.0094932644424892,55.050758548392636,4,1.3889876218895796,91,18.61680222681842,25.609440016598686,2.9090973244417726,3,0.15706398091103144,0,0.8060994226810805,0.3651532828807831,4.955341433717404e-15
8,3,step,False,8,1.8614204865315083,0.17112323446244102,0.019338479384458866,1.7675768336790703,52.453877476051616,4,1.254462317202486,94,9.054315738955735,12.048386721344501,2.140126376058593,3,0.11767303034147487,0,0.8060994226810805,0.3651532828807831,4.955341433717404e-15
8,3,step,False,9,3.20983498587541,0.04388025708801151,0.030828047273096123,3.1496270917622216,3.6738970218116878,4,3.0083351974084533,8,6.00000000031836,9.121588193523671,1.0,1,0.5023458796870178,0,0.8060994226810805,0.3651532828807831,4.955341433717404e-15
8,3,step,False,10,0.8302344040252218,0.07047255276839609,0.040154671298473166,0.8065812222609943,89.28078021085307,4,1.1786060088213433,135,36.97153782578245,48.44727187546418,2.979314665862937,3,0.13563360251398127,0,0.8060994226810805,0.3651532828807831,4.955341433717404e-15
8,3,step,False,11,0.2031161972728973,0.1323431297204416,0.08565974936738498,0.18520760922467622,120.36043469189067,4,1.169915737059017,171,48.468259665657165,65.17810209238105,2.9539597445124923,3,0.14088115360024495,0,0.8060994226810805,0.3651532828807831,4.955341433717404e-15
8,3,step,False,12,0.8087519726279173,0.1524378910995853,0.021044011699034398,0.7842803396987027,77.21598082614605,4,1.2865793629860431,127,27.512931548256685,35.478424244689855,2.979326131532676,3,0.10641028304669035,0,0.8060994226810805,0.3651532828807831,4.955341433717404e-15
8,3,step,False,13,2.043123899298297,0.10724798493693967,0.02285064870431689,1.918092790215439,38.77488469774087,4,1.517674082475266,76,6.0000000005888605,8.611358620974707,2.643375406261162,3,0.3210220691699267,0,0.8060994226810805,0.3651532828807831,4.955341433717404e-15
8,3,step,False,14,0.951778082041314,0.35063645766817747,0.07523932626156962,0.9389928143185184,38.09994319474929,4,1.6056901379588442,71,13.97089185216228,19.417707261366132,1.7750842193913179,3,0.06976469099403049,0,0.8060994226810805,0.3651532828807831,4.955341433717404e-15
8,3,step,False,15,0.4172505094214615,0.19895641234103656,0.09701373189230406,0.4083956472362564,74.19146716210743,4,1.2295859775099058,124,22.799523683974773,30.63780749850568,2.5476126814334767,3,0.10659196826980404,0,0.8060994226810805,0.3651532828807831,4.955341433717404e-15
8,3,step,False,16,0.35411392282486276,0.17707917050813568,0.06582379793901527,0.3510827648390774,96.19237975674679,4,1.3103526701279253,153,33.83280406175195,49.37894333577138,2.9690671560054462,3,0.14247529232874975,0,0.8060994226810805,0.3651532828807831,4.955341433717404e-15
8,3,step,False,17,1.5646563512603404,0.15065418099646383,0.02848805341586147,1.4674485262046588,64.84271274356155,4,1.2130484449046435,119,13.107280756222172,16.542893676932444,2.907033457488745,3,0.12469444533798447,0,0.8060994226810805,0.3651532828807831,4.955341433717404e-15
8,3,step,False,18,1.8032365558301429,0.04198499782733306,0.020820582439888408,1.7004735986353334,41.454124403351656,4,1.4494181781835445,79,7.129817921703178,10.26508243852557,2.788535604070082,3,0.20492830535851336,0,0.8060994226810805,0.3651532828807831,4.955341433717404e-15
8,3,step,False,19,2.8305949396715846,0.0686783016175559,0.02492801062540619,2.6738320010804277,10.812960344088546,4,2.2426472127309065,24,6.000000000007009,7.871504941973776,1.938532512655518,2,0.41081338044355925,0,0.8060994226810805,0.3651532828807831,4.955341433717404e-15
8,3,step,False,20,0.5059941463453863,0.15985649511705266,0.06377785297834854,0.5162577239441529,51.6561043131468,4,1.437951901754448,90,16.672585677342877,23.743287295277238,2.9520423110561276,3,0.10611515358572211,0,0.8060994226810805,0.3651532828807831,4.955341433717404e-15
8,3,step,False,21,1.8806394974673035,0.2415850269251277,0.06404459534238534,1.7363985317221748,10.13580479948925,4,2.330469541565189,18,6.00000000005522,7.687834120231164,1.1764279143543734,2,0.39637418873100216,0,0.8060994226810805,0.3651532828807831,4.955341433717404e-15
8,3,step,False,22,1.0642945010013232,0.27563224225952154,0.03253876041300117,1.0086617401887235,50.29420951461046,4,1.385653510564346,83,14.510807959246852,20.583206700626086,2.6894302689190157,3,0.16067847321020814,0,0.8060994226810805,0.3651532828807831,4.955341433717404e-15
8,3,step,False,23,1.6477180246523284,0.09589963134949328,0.01584083748252867,1.5057098558785458,58.943900805974884,4,1.2586679152456106,98,14.194738702682905,19.26859411245872,2.8572340035874513,3,0.06486363318512108,0,0.8060994226810805,0.3651532828807831,4.955341433717404e-15
9,0,init,False,0,1.9319150175304767,0.27989053836879785,0.026004264984219042,1.8226334558561954,50.83765592911183,4,1.5080824678619769,94,nan,nan,2.6490034396613886,3,nan,0,nan,nan,nan
9,0,init,False,1,2.297613715968394,0.07593502811707971,0.05434647647835191,2.107996530827345,9.036244677316205,4,1.4151987580563266,17,nan,nan,2.4066897298444108,3,nan,0,nan,nan,nan
9,0,init,False,2,0.3806438597462406,0.01814759492647073,0.058872852916299054,0.36136792458177536,45.72076231280717,4,1.6999048964630479,77,nan,nan,2.4892024929614163,3,nan,0,nan,nan,nan
9,0,init,False,3,2.589576667811834,0.036142045988444366,0.01355487820401633,2.405677798377134,21.878998199936778,4,1.4101589686111116,41,nan,nan,2.327677051661899,3,nan,0,nan,nan,nan
9,0,init,False,4,0.4350174884567207,0.8752366049219746,0.2758507578043854,0.44516283524055694,46.06352586455857,4,1.326473862479658,82,nan,nan,2.6547552227287587,3,nan,0,nan,nan,nan
9,0,init,False,5,1.1156952399600832,0.6185121653013572,0.062470061340291344,1.075700495673267,43.374717724875914,4,1.3542569949811656,78,nan,nan,2.7825452319089425,3,nan,0,nan,nan,nan
9,0,init,False,6,1.3582674648938677,0.015024041931795922,0.0204412408543938,1.2568368325387222,79.7391800660551,4,1.1534659600038029,129,nan,nan,2.92594414499747,3,nan,0,nan,nan,nan
9,0,init,False,7,1.0005504679814938,0.37253600094954303,0.04468075124932747,0.9561346308855808,84.84485484469167,4,1.2284512066025288,138,nan,nan,2.858562400498614,3,nan,0,nan,nan,nan
9,0,init,False,8,1.9666485141928456,0.4079853658283544,0.05018351450208544,1.8983052475273623,21.853085367342054,4,1.6307073254371576,46,nan,nan,1.8765721262367219,3,nan,0,nan,nan,nan
9,0,init,False,9,0.6243284807757906,0.13778819164361839,0.06431373079930382,0.5877839466040395,97.61428840538967,4,1.249645505709279,154,nan,nan,2.9052008314533952,3,nan,0,nan,nan,nan
9,0,init,False,10,1.7743448667122528,0.011238127791539768,0.01564195578046964,1.6937724672608603,40.70322499449219,4,1.4769839727858245,83,nan,nan,2.5123818535860005,3,nan,0,nan,nan,nan
9,0,init,False,11,1.0972591878173263,0.09620339516317669,0.034206819758067254,1.0275349494712642,65.40928099831156,4,1.2263952143406478,108,nan,nan,2.5174381223133757,3,nan,0,nan,nan,nan
9,0,init,False,12,2.5440052353798466,0.14479978538380323,0.02629522833086255,2.3395624304573666,3.7329969318222256,4,8.4013883568947,6,nan,nan,1.1612495848795443,2,nan,0,nan,nan,nan
9,0,init,False,13,1.065335976205895,0.02701361178607165,0.019806198293060694,0.9941769222172744,99.54309701714674,4,1.2654416926309866,157,nan,nan,2.9240829081127204,3,nan,0,nan,nan,nan
9,0,init,False,14,0.6147355922993071,0.15488807760032688,0.024203500987954533,0.5974048871276363,101.88338781080608,4,1.2131011237126672,155,nan,nan,2.8352710668511576,3,nan,0,nan,nan,nan
9,0,init,False,15,1.1390096535776728,0.14466149895552108,0.023628694641231855,1.0529258038623999,103.97304012625618,4,1.084218045433002,155,nan,nan,2.967292460168082,3,nan,0,nan,nan,nan
9,0,init,False,16,1.2557821063963082,0.392006134569212,0.03701195006454619,1.2132876026625516,96.59675285176966,4,1.2449504557197069,153,nan,nan,2.7573708500297034,3,nan,0,nan,nan,nan
9,0,init,False,17,2.4046687697579534,0.2454882115288349,0.017935252194883268,2.285630495434766,33.0812012220659,4,1.6683970443998164,66,nan,nan,2.370460164998173,3,nan,0,nan,nan,nan
9,0,init,False,18,1.5047639121030847,0.054150201429532516,0.009730009199002581,1.4023878342049871,54.67622169110198,4,1.5949543931485424,93,nan,nan,2.5688030065145186,3,nan,0,nan,nan,nan
9,0,init,False,19,1.497484781295103,0.32483269865672665,0.03719405108796715,1.3675018152194993,52.59368491985117,4,1.1888821417890714,97,nan,nan,2.610164278019126,3,nan,0,nan,nan,nan
9,0,init,False,20,0.3913953812157383,0.044594838963371984,0.05634436424635921,0.36466406574564886,90.62980286426586,4,1.2649703156125822,146,nan,nan,2.828760948918589,3,nan,0,nan,nan,nan
9,0,init,False,21,1.664103941613645,0.27549785005198874,0.07947103937640237,1.5659458769546988,12.120125259295206,4,1.3443735004067154,22,nan,nan,1.7213828827791333,3,nan,0,nan,nan,nan
9,0,init,False,22,1.408979648993165,0.0711013862503798,0.050127629498726546,1.3069270522584986,53.60540342249233,4,1.421516828106679,102,nan,nan,2.7825642368043404,3,nan,0,nan,nan,nan
9,0,init,False,23,0.36411673436852154,0.393282232867044,0.05526515598002096,0.3386190163775735,130.4884664982385,4,1.154610501318598,187,nan,nan,2.9242483991305686,3,nan,0,nan,nan,nan
9,1,step,False,0,1.9319150175304767,0.49788990474666267,0.026004264984219042,1.8226334558561954,50.83765592911183,4,1.5080824678619769,94,11.90028241878269,19.885481576677257,2.6490034396613886,3,0.2993200732821047,0,1.7084164625838822,1.0,1.448689366218364e-15
9,1,step,False,1,2.297613715968394,0.08536626300416714,0.05434647647835191,2.107996530827345,9.036244677316205,4,1.4151987580563266,17,6.000000000151591,8.759408166587608,2.4066897298444108,3,0.3522902271773792,0,1.7084164625838822,1.0,1.448689366218364e-15
9,1,step,False,2,0.3806438597462406,0.023132484655125192,0.058872852916299054,0.36136792458177536,45.72076231280717,4,1.6999048964630479,77,12.321658107402728,17.692483542791134,2.4892024929614163,3,0.48625379655701284,0,1.7084164625838822,1.0,1.448689366218364e-15
9,1,step,False,3,2.589576667811834,0.04666534011128695,0.01355487820401633,2.405677798377134,21.878998199936778,4,1.4101589686111116,41,6.000000000566928,8.584310529259763,2.327677051661899,3,0.43106565378391354,0,1.7084164625838822,1.0,1.448689366218364e-15
9,1,step,False,4,0.4350174884567207,0.8848363950585308,0.2758507578043854,0.44516283524055694,46.06352586455857,4,1.326473862479658,82,14.101343720952563,20.404649320083315,2.6547552227287587,3,0.3396507489306038,0,1.7084164625838822,1.0,1.448689366218364e-15
9,1,step,False,5,1.1156952399600832,0.7351292408666221,0.062470061340291344,1.075700495673267,43.374717724875914,4,1.3542569949811656,78,12.966592956796749,18.891762767913193,2.7825452319089425,3,0.3568499359176437,0,1.7084164625838822,1.0,1.448689366218364e-15
9,1,step,False,6,1.3582674648938677,0.014180033294821344,0.0204412408543938,1.2568368325387222,79.7391800660551,4,1.1534659600038029,129,28.747105336916775,39.920758057570026,2.92594414499747,3,0.3638525699674391,0,1.7084164625838822,1.0,1.448689366218364e-15
9,1,step,False,7,1.0005504679814938,0.4293255736736214,0.04468075124932747,0.9561346308855808,84.84485484469167,4,1.2284512066025288,138,27.787493253656557,38.74140640264389,2.858562400498614,3,0.39952900098736527,0,1.7084164625838822,1.0,1.448689366218364e-15
9,1,step,False,8,1.9666485141928456,0.6609366791917778,0.05018351450208544,1.8983052475273623,21.853085367342054,4,1.6307073254371576,46,6.000000000498111,9.104622283626487,1.8765721262367219,3,0.3135590822060934,0,1.7084164625838822,1.0,1.448689366218364e-15
9,1,step,False,9,0.6243284807757906,0.13276552147768028,0.06431373079930382,0.5877839466040395,97.61428840538967,4,1.249645505709279,154,36.471645697460836,54.05235222147349,2.9052008314533952,3,0.38540005219878926,0,1.7084164625838822,1.0,1.448689366218364e-15
9,1,step,False,10,1.7743448667122528,0.07566341114692453,0.01564195578046964,1.6937724672608603,40.70322499449219,4,1.4769839727858245,83,7.801507214063661,10.397751771224254,2.5123818535860005,3,0.38656346285255183,0,1.7084164625838822,1.0,1.448689366218364e-15
9,1,step,False,11,1.0972591878173263,0.08557811457578832,0.034206819758067254,1.0275349494712642,65.40928099831156,4,1.2263952143406478,108,17.425073309112193,24.404618069607093,2.5174381223133757,3,0.4152116637223507,0,1.7084164625838822,1.0,1.448689366218364e-15
9,1,step,False,12,2.5440052353798466,0.1371663366667323,0.02629522833086255,2.3395624304573666,3.7329969318222256,4,8.4013883568947,6,6.0000000003222205,8.534894432161284,1.1612495848795443,2,0.5200585483548692,0,1.7084164625838822,1.0,1.448689366218364e-15
9,1,step,False,13,1.065335976205895,0.06254351429684667,0.019806198293060694,0.9941769222172744,99.54309701714674,4,1.2654416926309866,157,35.8242000193221,51.30125971846591,2.9240829081127204,3,0.3329034134123322,0,1.7084164625838822,1.0,1.448689366218364e-15
9,1,step,False,14,0.6147355922993071,0.13342079819298824,0.024203500987954533,0.5974048871276363,101.88338781080608,4,1.2131011237126672,155,42.54616209528608,56.32190117238338,2.8352710668511576,3,0.439531860352918,0,1.7084164625838822,1.0,1.448689366218364e-15
9,1,step,False,15,1.1390096535776728,0.09690925560694671,0.023628694641231855,1.0529258038623999,103.97304012625618,4,1.084218045433002,155,43.82642858407712,60.958712330623,2.967292460168082,3,0.39665572049987335,0,1.7084164625838822,1.0,1.448689366218364e-15
9,1,step,False,16,1.2557821063963082,0.5963190490115963,0.03701195006454619,1.2132876026625516,96.59675285176966,4,1.2449504557197069,153,29.19509157337148,41.8359724571946,2.7573708500297034,3,0.3524172810434191,0,1.7084164625838822,1.0,1.448689366218364e-15
9,1,step,False,17,2.4046687697579534,0.40607376074255186,0.017935252194883268,2.285630495434766,33.0812012220659,4,1.6683970443998164,66,6.015185002316217,10.612403607488014,2.370460164998173,3,0.3313864735388633,0,1.7084164625838822,1.0,1.448689366218364e-15
9,1,step,False,18,1.5047639121030847,0.1462908690265496,0.009730009199002581,1.4023878342049871,54.67622169110198,4,1.5949543931485424,93,17.8559324071023,26.138922190522386,2.5688030065145186,3,0.3899039038717795,0,1.7084164625838822,1.0,1.448689366218364e-15
9,1,step,False,19,1.497484781295103,0.26420932712375256,0.03719405108796715,1.3675018152194993,52.59368491985117,4,1.1888821417890714,97,12.798893428967256,19.697874575842242,2.610164278019126,3,0.1868945704689762,0,1.7084164625838822,1.0,1.448689366218364e-15
9,1,step,False,20,0.3913953812157383,0.11899099983603068,0.05634436424635921,0.36466406574564886,90.62980286426586,4,1.2649703156125822,146,32.1420444826835,46.74980486743438,2.828760948918589,3,0.37019760503912064,0,1.7084164625838822,1.0,1.448689366218364e-15
9,1,step,False,21,1.664103941613645,0.2507752141979929,0.07947103937640237,1.5659458769546988,12.120125259295206,4,1.3443735004067154,22,6.000000000377103,8.308842931827598,1.7213828827791333,3,0.3002249770340344,0,1.7084164625838822,1.0,1.448689366218364e-15
9,1,step,False,22,1.408979648993165,0.14287173052708832,0.050127629498726546,1.3069270522584986,53.60540342249233,4,1.421516828106679,102,11.895609067305841,17.214234912493975,2.7825642368043404,3,0.333432166186279,0,1.7084164625838822,1.0,1.448689366218364e-15
9,1,step,False,23,0.36411673436852154,0.31930730141781805,0.05526515598002096,0.3386190163775735,130.4884664982385,4,1.154610501318598,187,60.77400767995109,82.77528192639559,2.9242483991305686,3,0.42801626905794704,0,1.7084164625838822,1.0,1.448689366218364e-15
9,2,step,False,0,1.9319150175304767,0.4332582512123036,0.026004264984219042,1.8226334558561954,50.83765592911183,4,1.5080824678619769,94,7.462016299825102,13.388231138055312,2.6490034396613886,3,0.20436945479141036,0,1.2080328657837966,0.6110834032297134,1.906792374366268e-15
9,2,step,False,1,2.297613715968394,0.02214251513992525,0.05434647647835191,2.107996530827345,9.036244677316205,4,1.4151987580563266,17,6.000000000099712,9.468336445949236,2.4066897298444108,3,0.31167835349034045,0,1.2080328657837966,0.6110834032297134,1.906792374366268e-15
9,2,step,False,2,0.3806438597462406,0.030548475300651565,0.058872852916299054,0.36136792458177536,45.72076231280717,4,1.6999048964630479,77,15.081552119899918,22.627130079478693,2.4892024929614163,3,0.26290454588791595,0,1.2080328657837966,0.6110834032297134,1.906792374366268e-15
9,2,step,False,3,2.589576667811834,0.08150177984268651,0.01355487820401633,2.405677798377134,21.878998199936778,4,1.4101589686111116,41,6.000000000257007,7.784649254913091,2.327677051661899,3,0.22673927862091783,0,1.2080328657837966,0.6110834032297134,1.906792374366268e-15
9,2,step,False,4,0.4350174884567207,0.8776904864912035,0.2758507578043854,0.44516283524055694,46.06352586455857,4,1.326473862479658,82,16.619398686937732,24.342885227329425,2.6547552227287587,3,0.259223073082428,0,1.2080328657837966,0.6110834032297134,1.906792374366268e-15
9,2,step,False,5,1.1156952399600832,0.8290697944672552,0.062470061340291344,1.075700495673267,43.374717724875914,4,1.3542569949811656,78,14.632255913402162,20.47360239760574,2.7825452319089425,3,0.25738228563379695,0,1.2080328657837966,0.6110834032297134,1.906792374366268e-15
9,2,step,False,6,1.3582674648938677,0.01175735113015967,0.0204412408543938,1.2568368325387222,79.7391800660551,4,1.1534659600038029,129,27.258519226043713,37.803739206257916,2.92594414499747,3,0.2247206694703887,0,1.2080328657837966,0.6110834032297134,1.906792374366268e-15
9,2,step,False,7,1.0005504679814938,0.3288087388100004,0.04468075124932747,0.9561346308855808,84.84485484469167,4,1.2284512066025288,138,30.009519541901895,42.15381862202707,2.858562400498614,3,0.23875614190121583,0,1.2080328657837966,0.6110834032297134,1.906792374366268e-15
9,2,step,False,8,1.9666485141928456,0.5225763009481547,0.05018351450208544,1.8983052475273623,21.853085367342054,4,1.6307073254371576,46,6.000000000149742,8.794187493094114,1.8765721262367219,3,0.2559919736262966,0,1.2080328657837966,0.6110834032297134,1.906792374366268e-15
9,2,step,False,9,0.6243284807757906,0.10590294736532943,0.06431373079930382,0.5877839466040395,97.61428840538967,4,1.249645505709279,154,38.083543263221245,55.26099818259748,2.9052008314533952,3,0.27494097739524986,0,1.2080328657837966,0.6110834032297134,1.906792374366268e-15
9,2,step,False,10,1.7743448667122528,0.1118650195384864,0.01564195578046964,1.6937724672608603,40.70322499449219,4,1.4769839727858245,83,6.326993513882507,8.796513201484027,2.5123818535860005,3,0.2322515794321127,0,1.2080328657837966,0.6110834032297134,1.906792374366268e-15
9,2,step,False,11,1.0972591878173263,0.11984653666278296,0.034206819758067254,1.0275349494712642,65.40928099831156,4,1.2263952143406478,108,18.705415769225556,26.11961632420148,2.5174381223133757,3,0.24479411253799938,0,1.2080328657837966,0.6110834032297134,1.906792374366268e-15
9,2,step,False,12,2.5440052353798466,0.0796786911531986,0.02629522833086255,2.3395624304573666,3.7329969318222256,4,8.4013883568947,6,6.000000000082613,7.821554119865246,1.1612495848795443,2,0.2760930025116513,0,1.2080328657837966,0.6110834032297134,1.906792374366268e-15
9,2,step,False,13,1.065335976205895,0.06501274740260699,0.019806198293060694,0.9941769222172744,99.54309701714674,4,1.2654416926309866,157,32.73876826385772,44.2967047270718,2.9240829081127204,3,0.21173358754930285,0,1.2080328657837966,0.6110834032297134,1.906792374366268e-15
9,2,step,False,14,0.6147355922993071,0.08142237837800533,0.024203500987954533,0.5974048871276363,101.88338781080608,4,1.2131011237126672,155,44.64891204020656,58.79603178141346,2.8352710668511576,3,0.2816583624972794,0,1.2080328657837966,0.6110834032297134,1.906792374366268e-15
9,2,step,False,15,1.1390096535776728,0.1975346901722591,0.023628694641231855,1.0529258038623999,103.97304012625618,4,1.084218045433002,155,40.1393569776617,53.14160522697057,2.967292460168082,3,0.2368807966048595,0,1.2080328657837966,0.6110834032297134,1.906792374366268e-15
9,2,step,False,16,1.2557821063963082,0.16247517305035222,0.03701195006454619,1.2132876026625516,96.59675285176966,4,1.2449504557197069,153,30.41084106175854,42.953697434426346,2.7573708500297034,3,0.2449870864012735,0,1.2080328657837966,0.6110834032297134,1.906792374366268e-15
9,2,step,False,17,2.4046687697579534,0.27510883081338444,0.017935252194883268,2.285630495434766,33.0812012220659,4,1.6683970443998164,66,6.000000000240101,10.301220145821532,2.370460164998173,3,0.28532767451451807,0,1.2080328657837966,0.6110834032297134,1.906792374366268e-15
9,2,step,False,18,1.5047639121030847,0.15484585514146926,0.009730009199002581,1.4023878342049871,54.67622169110198,4,1.5949543931485424,93,16.200223085552082,23.13166527575633,2.5688030065145186,3,0.27825302898869686,0,1.2080328657837966,0.6110834032297134,1.906792374366268e-15
9,2,step,False,19,1.497484781295103,0.05089410159172983,0.03719405108796715,1.3675018152194993,52.59368491985117,4,1.1888821417890714,97,13.075912293272326,20.830483933428013,2.610164278019126,3,0.2959061039559373,0,1.2080328657837966,0.6110834032297134,1.906792374366268e-15
9,2,step,False,20,0.3913953812157383,0.2325121487592551,0.05634436424635921,0.36466406574564886,90.62980286426586,4,1.2649703156125822,146,37.33635996961941,53.6587667807016,2.828760948918589,3,0.2616740976538387,0,1.2080328657837966,0.6110834032297134,1.906792374366268e-15
9,2,step,False,21,1.664103941613645,0.26328243367364607,0.07947103937640237,1.5659458769546988,12.120125259295206,4,1.3443735004067154,22,6.000000000105576,8.38610719969643,1.7213828827791333,3,0.24349308805442235,0,1.2080328657837966,0.6110834032297134,1.906792374366268e-15
9,2,step,False,22,1.408979648993165,0.14282987981451786,0.050127629498726546,1.3069270522584986,53.60540342249233,4,1.421516828106679,102,12.639261394049853,19.110503100451535,2.7825642368043404,3,0.2117856421341955,0,1.2080328657837966,0.6110834032297134,1.906792374366268e-15
9,2,step,False,23,0.36411673436852154,0.2988562726042484,0.05526515598002096,0.3386190163775735,130.4884664982385,4,1.154610501318598,187,60.00366227102622,78.00057765370173,2.9242483991305686,3,0.1839580650284275,0,1.2080328657837966,0.6110834032297134,1.906792374366268e-15
9,3,step,False,0,1.9319150175304767,0.08476005474701934,0.026004264984219042,1.8226334558561954,50.83765592911183,4,1.5080824678619769,94,6.00000000060126,9.826459279503824,2.6490034396613886,3,0.25108500468244704,0,0.854208231291941,0.3640405386686325,2.657577417206004e-14
9,3,step,False,1,2.297613715968394,0.05121730413931929,0.05434647647835191,2.107996530827345,9.036244677316205,4,1.4151987580563266,17,6.000000000411316,9.550067624683694,2.4066897298444108,3,0.25343561784113683,0,0.854208231291941,0.3640405386686325,2.657577417206004e-14
9,3,step,False,2,0.3806438597462406,0.0398853406402425,0.058872852916299054,0.36136792458177536,45.72076231280717,4,1.6999048964630479,77,18.015493541063037,26.17957707321811,2.4892024929614163,3,0.17526818692031532,0,0.854208231291941,0.3640405386686325,2.657577417206004e-14
9,3,step,False,3,2.589576667811834,0.0542484652747043,0.01355487820401633,2.405677798377134,21.878998199936778,4,1.4101589686111116,41,6.000000000220954,7.972327450472897,2.327677051661899,3,0.11799635287676255,0,0.854208231291941,0.3640405386686325,2.657577417206004e-14
9,3,step,False,4,0.4350174884567207,0.8799712115270425,0.2758507578043854,0.44516283524055694,46.06352586455857,4,1.326473862479658,82,20.253801733579614,30.187653695534127,2.6547552227287587,3,0.1465441341042983,0,0.854208231291941,0.3640405386686325,2.657577417206004e-14
9,3,step,False,5,1.1156952399600832,0.8049963352159236,0.062470061340291344,1.075700495673267,43.374717724875914,4,1.3542569949811656,78,16.55889978163141,23.662303616834965,2.7825452319089425,3,0.1337233679442605,0,0.854208231291941,0.3640405386686325,2.657577417206004e-14
9,3,step,False,6,1.3582674648938677,0.009837913024729231,0.0204412408543938,1.2568368325387222,79.7391800660551,4,1.1534659600038029,129,24.247366728187334,31.863954773764505,2.92594414499747,3,0.13503069675017615,0,0.854208231291941,0.3640405386686325,2.657577417206004e-14
9,3,step,False,7,1.0005504679814938,0.232491029828852,0.04468075124932747,0.9561346308855808,84.84485484469167,4,1.2284512066025288,138,33.15104033187777,45.8710554012363,2.858562400498614,3,0.1657672075034191,0,0.854208231291941,0.3640405386686325,2.657577417206004e-14
9,3,step,False,8,1.9666485141928456,0.1420677455024852,0.05018351450208544,1.8983052475273623,21.853085367342054,4,1.6307073254371576,46,6.49528516366314,9.573610400360131,1.8765721262367219,3,0.1480514511213185,0,0.854208231291941,0.3640405386686325,2.657577417206004e-14
9,3,step,False,9,0.6243284807757906,0.10347184074389913,0.06431373079930382,0.5877839466040395,97.61428840538967,4,1.249645505709279,154,39.26775276916329,54.77239591308913,2.9052008314533952,3,0.13950362986908507,0,0.854208231291941,0.3640405386686325,2.657577417206004e-14
9,3,step,False,10,1.7743448667122528,0.13054612172144253,0.01564195578046964,1.6937724672608603,40.70322499449219,4,1.4769839727858245,83,6.754319430629637,9.833329432827266,2.5123818535860005,3,0.21238557296482727,0,0.854208231291941,0.3640405386686325,2.657577417206004e-14
9,3,step,False,11,1.0972591878173263,0.2224822871242337,0.034206819758067254,1.0275349494712642,65.40928099831156,4,1.2263952143406478,108,20.49629466981582,28.33670427232715,2.5174381223133757,3,0.15543783012199122,0,0.854208231291941,0.3640405386686325,2.657577417206004e-14
9,3,step,False,12,2.5440052353798466,0.07105155586177773,0.02629522833086255,2.3395624304573666,3.7329969318222256,4,8.4013883568947,6,6.000000000163625,8.187545955691519,1.1612495848795443,2,0.18963014675689246,0,0.854208231291941,0.3640405386686325,2.657577417206004e-14
9,3,step,False,13,1.065335976205895,0.0321900628428325,0.019806198293060694,0.9941769222172744,99.54309701714674,4,1.2654416926309866,157,31.74068179550023,41.852148422050234,2.9240829081127204,3,0.13331439091083302,0,0.854208231291941,0.3640405386686325,2.657577417206004e-14
9,3,step,False,14,0.6147355922993071,0.06107295852744806,0.024203500987954533,0.5974048871276363,101.88338781080608,4,1.2131011237126672,155,42.36691486774691,53.58219832380794,2.8352710668511576,3,0.10848537317453665,0,0.854208231291941,0.3640405386686325,2.657577417206004e-14
9,3,step,False,15,1.1390096535776728,0.2932985886226687,0.023628694641231855,1.0529258038623999,103.97304012625618,4,1.084218045433002,155,37.08708583584642,47.670360448658,2.967292460168082,3,0.16302435935447446,0,0.854208231291941,0.3640405386686325,2.657577417206004e-14
9,3,step,False,16,1.2557821063963082,0.10338125099697593,0.03701195006454619,1.2132876026625516,96.59675285176966,4,1.2449504557197069,153,26.60887974523964,37.73359135889802,2.7573708500297034,3,0.12683738492366667,0,0.854208231291941,0.3640405386686325,2.657577417206004e-14
9,3,step,False,17,2.4046687697579534,0.41594705350811967,0.017935252194883268,2.285630495434766,33.0812012220659,4,1.6683970443998164,66,6.000000000228991,9.005609127152395,2.370460164998173,3,0.1976692612807521,0,0.854208231291941,0.3640405386686325,2.657577417206004e-14
9,3,step,False,18,1.5047639121030847,0.1746514204923707,0.009730009199002581,1.4023878342049871,54.67622169110198,4,1.5949543931485424,93,14.903229923753502,20.00372056527511,2.5688030065145186,3,0.1539792241116011,0,0.854208231291941,0.3640405386686325,2.657577417206004e-14
9,3,step,False,19,1.497484781295103,0.09411940796096548,0.03719405108796715,1.3675018152194993,52.59368491985117,4,1.1888821417890714,97,11.030597490827425,15.853256287946156,2.610164278019126,3,0.14695317359808974,0,0.854208231291941,0.3640405386686325,2.657577417206004e-14
9,3,step,False,20,0.3913953812157383,0.16716672916921121,0.05634436424635921,0.36466406574564886,90.62980286426586,4,1.2649703156125822,146,39.88618527539265,55.08418364132793,2.828760948918589,3,0.13006702451967153,0,0.854208231291941,0.3640405386686325,2.657577417206004e-14
9,3,step,False,21,1.664103941613645,0.3217471695617327,0.07947103937640237,1.5659458769546988,12.120125259295206,4,1.3443735004067154,22,6.000000000209272,8.355249391698154,1.7213828827791333,3,0.25609121567685533,0,0.854208231291941,0.3640405386686325,2.657577417206004e-14
9,3,step,False,22,1.408979648993165,0.07854389319734088,0.050127629498726546,1.3069270522584986,53.60540342249233,4,1.421516828106679,102,11.954210585253346,17.444704917027618,2.7825642368043404,3,0.13507082463662043,0,0.854208231291941,0.3640405386686325,2.657577417206004e-14
9,3,step,False,23,0.36411673436852154,0.24231057018288552,0.05526515598002096,0.3386190163775735,130.4884664982385,4,1.154610501318598,187,60.521882536862186,78.13970568828749,2.9242483991305686,3,0.12565401835386908,0,0.854208231291941,0.3640405386686325,2.657577417206004e-14
